1
1 2 3 4 5 6 7 8 9 10 11 12 13 14 15 16 17 18 19 20 21 22 23 24 25 26 27 28 29 30 31 32 33 34 35 36 37 38 39 40 41 42 43 44 45 46 47 48 49 50 51 52 53 54 55 56 57 58 59 60 61 62 63 64 65 66 67 68 69 70 71 72 73 74 75 76 77 78 79 80 81 82 83 84 85 86 87 88 89 91 92 93 94 95 96 97 98 99 100 101 102 103 104 105 106 107 108 109 110 111 112 113 114 115 116 117 118 119 120 121 122 123 124 125 126 127 128 129 130 131 132 133 134 135 136 137 138 139 140 141 142 143 144 145 146 147 148 149 150 151 152 153 154 155 156 157 158 159 160 161 162 163 164 165 166 167 168 169 170 171 172 173 174 175 176 177 178 179 180 181 182 183 184 185 186 187 188 189 190 191 192 193 194 195 196 211 212 216 224 227 230 231 232 233 234 235 236 242 243 244 245 246 247 248 249 250 251 252 256 257 258 259 260 261 262 263 264 267 270 271 272 273 274 275 276 283 284 286 287 288 289 301 302 303 304 315 316 317 318 319 325 326 327 329 330 331 332 333 336 339 341 342 343 344 345 346 347 351 352 353 354 355 356 357 358 359 366 367 368 369 370 371 372 393 394 395 396 397 398 399 400 401 402 403 404 405 406 407 408 409 410 411 412 413 414 415 416 417 418 419 420 421 422 423 424 425 426 427 428 429 430 431 432 433 434 435 436 437 438 439 440 441 442 443 444 445 446 447 448 449 450 451 452 453 454 455 456 457 458 460 461 462 463 464 465 466 467 468 469 470 471 472 473 474 475 476 477 478 479 480 481 483 484 485 486 487 488 489 490 491 492 493 494 495 496 497 498 499 500 501 502 503 504 505 506 507 508 509 510 511 512 513 514 515 516 517 518 519 520 521 522 523 524 525 526 527 528 529 530 531 532 533 534 535 536 537 538 539 540 541 542 543 544 545 546 547 548 549 550 551 552 553 554 555 556 557 558 559 560 561 562 563 564 565 566 568 569 570 571 572 573 574 575 576 577 578 579 580 581 582 583 584 585 586 587 588 589 590 591 592 602 605 606 607 608 609 610 611 612 613 614 616 617 618 619 620 621 623 624 625 626 627 628 630 634 635 636 637 638 639 640 641 642 643 644 645 646 647 648 649 650 651 652 653 654 655 656 657 658 660 661 662 663 664 665 666 667 673 674 675 676 677 678 679 680 681 686 691 692 693 694 695 696 697 700 701 702 703 704 707 708 709 710 711 712 713 715 716 719 721 722 723 724 725 726 727 728 729 730 731 733 734 735 736 737 738 740 741 742 743 745 746 747 748 749 750 757 758 759 760 761 762 771 772 773 774 775 776 777 778 779 780 781 782 783 784 0
1 14 15 16 17 18 19 20 21 22 24 27 28 29 30 31 32 33 36 37 38 40 41 42 43 44 45 47 48 49 50 51 52 53 54 55 57 58 60 61 62 63 64 65 66 67 68 69 71 72 73 75 76 77 78 79 80 82 83 85 86 87 88 89 90 91 92 93 99 100 101 102 103 104 106 107 108 113 114 115 116 117 118 119 120 121 122 123 124 125 127 128 133 134 135 136 137 139 141 142 145 146 147 148 149 150 151 153 154 155 156 158 160 161 162 163 164 166 167 168 169 170 171 173 174 175 176 178 179 180 181 182 183 184 188 191 197 202 210 211 212 213 214 215 216 217 218 225 226 227 228 229 230 233 234 235 236 239 240 242 244 245 246 247 248 249 250 251 253 254 256 257 258 259 260 261 262 263 264 267 268 269 270 272 273 274 275 276 278 281 282 283 284 285 287 288 289 295 296 297 298 299 300 301 302 303 304 305 309 310 313 314 315 317 318 319 320 323 324 325 326 327 328 330 331 332 333 334 335 337 338 339 340 342 343 344 345 346 347 348 349 351 352 354 355 356 357 358 359 360 363 365 367 368 369 370 371 372 379 384 385 386 392 393 394 395 396 397 398 399 400 401 402 403 404 405 407 408 409 410 411 412 413 414 419 420 423 424 425 427 428 429 430 431 432 433 434 437 438 439 440 441 442 443 444 445 446 447 448 449 451 452 453 454 455 456 457 458 459 460 461 462 463 464 465 466 467 468 469 470 471 472 474 475 476 478 479 480 481 482 483 484 485 488 490 495 496 498 499 500 501 504 505 510 511 512 513 514 515 516 518 519 520 521 522 523 524 525 526 527 528 529 531 532 533 536 537 538 539 540 541 542 543 544 546 547 549 550 551 552 553 554 555 556 557 558 559 560 561 562 563 564 565 566 567 568 570 574 575 576 577 578 579 580 582 583 584 585 586 587 588 589 602 603 604 605 606 607 608 609 615 616 618 619 620 621 622 623 624 625 626 627 628 630 632 634 635 636 637 638 639 640 641 642 644 647 648 649 650 651 652 653 654 655 656 658 660 663 664 666 668 672 674 675 677 678 679 681 686 689 690 692 693 694 695 696 700 705 708 709 711 714 716 717 721 722 723 724 725 727 728 733 734 736 737 738 739 741 742 743 744 745 746 747 748 749 750 751 752 753 754 755 756 757 758 759 760 761 762 763 764 765 769 770 771 772 784 0
1 2 3 9 10 11 12 14 16 17 18 19 20 21 24 25 30 31 32 33 34 36 37 38 39 40 41 42 43 45 46 47 48 50 51 52 54 55 56 59 60 61 62 63 66 67 68 72 73 74 75 76 81 82 83 85 86 87 88 89 94 99 100 101 105 106 107 108 109 110 113 114 115 116 119 120 122 123 124 125 127 128 129 130 131 134 135 136 137 139 141 142 144 145 146 149 150 151 154 155 156 157 158 159 160 161 164 165 166 167 168 169 170 171 173 174 175 178 180 181 183 184 185 187 188 190 191 192 193 196 197 200 201 202 203 204 205 206 207 208 209 211 212 213 214 215 216 217 219 220 221 222 223 224 226 227 228 229 230 231 232 233 235 236 237 238 239 240 241 242 243 244 245 246 247 248 249 250 251 252 253 254 255 256 257 258 259 261 262 263 265 267 268 269 270 271 272 275 276 278 279 280 281 282 283 284 285 288 289 290 291 292 293 294 295 296 297 298 299 300 301 302 303 304 305 306 307 308 309 310 311 312 313 315 316 317 318 319 320 321 322 323 324 325 326 327 328 330 331 332 333 334 335 336 338 340 341 342 345 346 347 348 349 350 352 353 354 355 356 357 360 361 362 363 366 368 369 374 375 376 377 379 380 381 382 383 384 385 387 388 389 390 391 0
1 4 5 7 8 9 10 11 13 14 15 16 17 18 19 20 21 22 23 24 25 27 28 31 32 33 35 36 38 39 40 41 42 43 47 48 49 51 56 57 61 62 63 64 66 67 68 69 70 71 72 73 74 75 76 77 78 80 81 83 84 88 89 90 92 93 94 97 98 101 104 105 106 108 109 111 112 113 114 115 116 118 119 123 124 126 129 130 131 132 133 135 136 141 143 144 147 148 149 150 151 153 155 157 158 160 161 162 163 164 165 166 168 169 170 173 174 175 176 177 178 179 180 181 182 184 185 187 188 189 190 191 193 194 196 198 199 200 203 204 205 206 207 210 211 214 215 217 218 220 221 222 223 224 226 228 229 230 231 232 234 236 237 238 239 240 241 242 243 244 245 246 254 255 256 257 258 260 261 262 264 265 267 268 270 271 272 277 279 280 281 282 283 285 287 288 289 291 292 293 294 296 297 298 299 301 302 303 304 305 306 309 310 311 312 313 314 315 317 318 319 320 321 322 323 324 325 326 328 330 332 335 337 338 339 340 341 342 343 344 345 346 347 348 349 351 352 353 354 355 358 359 360 361 362 363 365 366 367 368 369 374 375 377 378 380 381 383 386 387 388 389 392 0
1 3 5 10 11 13 14 15 17 18 19 20 26 27 28 30 31 32 0

2
1 2 3 4 5 6 7 8 9 10 11 12 13 14 15 16 17 18 19 20 21 22 23 24 25 26 27 28 29 30 31 32 33 34 35 36 37 38 39 40 41 42 43 44 45 46 47 48 49 50 51 52 53 54 55 56 57 58 59 60 61 62 63 64 65 66 67 68 69 70 71 72 73 74 75 76 77 78 80 81 82 83 84 85 86 87 89 90 92 93 94 95 96 97 98 99 100 101 102 103 104 105 106 107 108 109 110 111 112 113 114 115 116 117 118 119 120 121 122 123 124 125 126 127 128 129 130 131 132 133 134 135 136 138 139 140 141 142 143 144 145 146 147 148 149 150 151 152 153 154 155 156 157 158 159 160 161 162 163 164 165 166 167 168 169 170 171 172 173 174 175 176 177 178 179 180 181 182 183 184 185 186 187 188 189 190 191 192 193 194 195 196 204 205 206 207 208 209 210 218 219 220 231 232 233 234 235 239 245 246 247 248 249 250 257 258 259 260 261 262 263 270 271 272 273 274 275 276 277 281 282 283 285 286 287 288 290 291 292 296 298 299 300 301 304 305 306 311 312 313 314 316 317 319 320 323 324 325 326 327 328 329 330 331 332 333 334 338 339 340 341 343 344 345 346 353 354 355 356 357 358 359 365 366 368 369 370 371 372 381 393 394 395 396 397 398 399 400 401 402 403 404 405 406 407 408 409 410 411 412 413 414 415 416 417 418 419 420 421 422 423 424 425 426 427 428 429 430 431 432 433 434 435 436 437 438 439 440 441 442 443 444 445 446 447 448 449 450 451 452 453 454 455 456 457 458 459 460 461 462 463 464 465 466 467 468 469 470 471 472 473 474 475 476 477 478 479 480 481 482 483 484 485 486 487 488 489 490 491 492 493 494 495 496 497 498 499 500 501 502 503 504 505 506 507 508 509 510 511 512 513 514 515 516 517 518 519 520 521 522 523 524 525 526 528 529 530 531 532 533 534 535 536 537 540 541 542 543 544 545 546 547 548 549 550 551 552 553 554 556 557 558 559 560 561 562 563 564 565 566 567 568 569 570 571 572 573 574 575 576 577 578 579 580 581 582 583 584 585 586 587 588 595 596 597 598 599 600 601 602 603 604 608 609 611 612 614 615 616 617 624 625 626 627 628 629 630 631 632 636 637 638 639 640 641 642 643 645 646 650 651 652 653 654 655 656 657 659 660 661 662 663 664 666 667 668 669 670 671 672 673 674 675 676 677 678 679 680 681 682 683 684 689 690 691 692 697 698 701 702 703 704 705 706 708 709 710 711 715 716 717 718 719 722 723 724 725 729 730 732 733 734 735 736 737 743 744 745 746 747 748 749 750 751 752 753 754 755 756 757 758 759 760 761 762 763 768 769 770 771 772 773 774 775 776 777 778 779 780 781 782 783 784 0
9 10 14 15 18 20 21 24 25 26 27 29 32 34 35 36 37 38 40 41 43 48 49 50 51 52 53 55 57 58 61 62 63 64 65 66 67 68 69 71 72 73 74 75 76 77 78 79 80 81 82 83 85 86 88 89 90 91 92 93 94 95 96 97 99 100 102 103 104 105 108 109 110 111 113 114 115 116 117 118 121 122 123 124 125 127 128 129 130 131 132 134 135 136 137 138 141 142 143 144 145 146 147 149 150 151 155 156 157 160 161 162 163 164 169 170 171 172 173 174 175 176 179 180 181 183 184 185 186 187 192 193 194 195 197 204 205 206 210 211 212 216 217 218 222 223 225 226 230 231 233 234 235 237 239 240 243 244 246 247 248 249 250 251 253 254 256 257 259 260 261 262 263 264 267 268 269 270 271 272 273 274 275 276 277 278 279 281 282 283 284 285 286 287 288 290 291 292 293 295 296 297 299 300 301 303 304 305 306 307 309 310 311 312 313 314 316 318 319 320 321 323 324 325 326 327 328 330 331 332 333 334 337 338 340 341 342 343 344 345 346 347 351 352 354 355 356 357 358 359 360 365 366 367 368 370 371 372 377 379 381 382 383 384 386 392 393 394 395 396 397 398 399 400 401 402 403 404 405 407 408 409 410 411 412 413 414 416 418 420 421 426 427 428 429 430 431 432 433 434 435 436 439 440 441 442 443 444 445 446 447 448 452 453 454 455 456 457 458 459 460 461 462 463 464 465 466 467 468 470 471 472 473 474 475 476 477 478 479 480 481 482 483 484 485 486 487 488 489 490 493 494 495 496 497 498 499 500 501 502 503 504 506 507 509 513 514 515 517 518 519 521 522 523 524 525 526 527 528 529 530 532 534 535 536 537 538 539 540 541 542 543 546 548 549 550 551 552 553 554 555 556 560 561 562 563 564 565 566 567 568 569 571 572 573 574 575 576 577 581 582 583 584 585 586 587 588 589 596 598 600 602 607 609 611 612 613 616 622 623 624 625 626 627 628 630 635 639 640 641 642 644 651 652 653 654 655 658 665 666 667 668 669 670 672 674 675 676 677 679 680 682 683 684 686 688 690 691 692 693 694 696 697 700 703 704 707 713 714 715 716 717 719 722 724 726 728 731 732 733 734 736 737 742 745 746 747 748 749 750 756 757 758 759 760 762 763 765 770 771 772 773 774 776 784 0
3 6 10 11 12 13 14 16 17 18 20 21 22 23 24 25 26 27 28 29 30 31 32 33 35 36 37 38 39 40 41 42 43 45 46 47 50 54 55 60 61 62 67 68 69 70 74 77 80 81 82 84 86 87 88 89 92 93 94 99 101 102 103 104 105 107 108 109 110 111 113 114 115 116 117 118 119 120 121 122 123 124 125 126 127 128 129 130 131 132 133 134 135 136 137 139 140 141 142 143 144 145 147 149 150 151 152 153 154 157 158 159 160 161 165 166 167 168 171 172 173 174 175 176 177 178 179 180 181 182 183 184 185 186 187 188 189 190 191 192 193 195 196 197 198 200 201 202 203 205 206 207 208 209 210 212 213 214 216 217 218 220 221 222 223 224 225 226 227 228 229 231 232 233 234 235 236 237 239 240 241 242 243 244 245 246 247 249 250 251 254 255 256 257 258 259 262 263 264 265 266 268 269 270 271 272 273 276 277 278 280 282 283 284 286 287 288 289 290 291 292 293 295 296 297 298 299 300 301 302 303 304 305 307 308 309 310 312 313 314 315 316 318 319 320 321 322 323 324 325 326 327 328 329 330 331 332 333 334 335 336 337 338 339 340 341 342 345 346 347 348 349 350 353 354 355 356 357 359 360 361 362 363 364 366 367 369 370 371 372 373 374 375 376 377 378 379 380 381 382 384 385 386 387 388 389 390 0
1 2 3 4 5 6 7 9 11 12 14 16 18 19 20 21 22 25 26 27 28 29 30 31 32 33 35 36 37 38 39 40 41 42 43 44 46 47 48 50 52 55 56 57 58 63 64 67 68 70 71 72 73 74 76 77 78 79 82 84 85 86 88 89 91 93 94 95 97 98 99 102 105 106 107 108 109 110 111 112 113 114 115 116 117 118 119 120 121 122 123 124 125 126 127 128 129 130 131 132 133 134 135 136 141 142 144 145 146 147 148 149 150 151 152 154 155 157 158 159 160 161 162 164 165 167 168 169 170 171 172 173 174 175 176 177 179 181 182 183 184 185 186 187 189 190 191 192 193 194 196 199 200 201 205 206 207 208 209 210 211 212 213 214 215 216 217 220 221 223 224 225 226 227 229 231 232 233 234 235 236 238 239 240 241 243 245 246 248 249 250 252 253 254 255 258 260 261 264 265 266 267 268 269 270 272 273 274 275 276 277 279 280 281 282 283 284 287 288 289 292 293 294 295 296 297 298 299 301 302 305 306 307 312 314 318 319 320 323 324 325 330 331 332 333 335 336 337 338 339 340 341 342 344 345 346 347 348 349 350 351 352 353 354 355 358 360 361 364 365 367 368 369 370 371 373 374 375 376 377 378 379 382 383 384 385 386 387 389 391 392 0
2 3 4 5 6 8 9 11 16 17 20 22 27 28 29 31 0

3
1 2 3 4 5 6 7 8 9 10 11 12 13 14 15 16 17 18 19 20 21 22 23 24 25 26 27 28 29 30 31 32 33 34 35 36 37 38 39 40 41 42 43 44 45 46 47 48 49 50 51 52 53 54 55 56 57 58 59 60 61 62 63 64 65 66 67 68 69 70 71 72 73 74 75 76 77 78 79 80 81 82 83 84 85 86 87 88 89 90 91 92 93 94 95 96 97 98 99 100 101 102 103 104 105 106 107 108 109 110 111 112 113 114 115 116 117 118 119 120 121 122 123 124 125 126 127 128 129 130 131 132 133 134 135 136 137 138 139 140 141 142 143 144 145 146 147 148 149 150 151 152 153 154 155 156 157 158 159 160 161 162 163 164 165 166 167 168 169 170 171 172 173 174 175 176 177 178 180 181 182 183 184 185 186 187 188 189 190 191 192 193 194 195 196 198 199 200 201 202 210 226 227 228 234 236 237 238 239 240 241 248 249 250 253 254 255 256 262 263 264 268 269 270 271 272 273 275 276 277 278 282 283 284 286 287 288 289 290 291 292 296 297 298 299 300 301 302 303 304 305 310 311 312 313 314 315 316 317 318 319 320 321 331 332 333 345 346 347 359 360 361 373 374 375 393 394 395 396 397 398 399 400 401 402 403 404 405 406 407 408 409 410 411 412 413 414 415 416 417 418 419 420 421 422 423 424 425 426 427 428 429 430 431 432 433 434 435 436 437 438 439 440 441 442 443 444 445 446 447 448 449 450 451 452 453 454 455 456 457 458 459 460 461 462 463 464 465 466 467 468 469 470 471 472 473 475 476 477 478 479 480 481 482 483 484 485 486 487 488 489 490 491 492 493 494 495 496 497 498 499 500 501 502 503 504 505 507 508 509 510 511 512 513 514 515 516 517 518 519 520 521 522 523 524 525 526 527 528 529 530 531 532 533 534 535 536 537 538 539 540 541 542 543 544 545 546 547 548 549 550 551 552 553 554 555 556 557 558 559 560 561 562 563 564 565 566 567 568 570 571 572 573 574 575 576 577 578 579 580 581 582 583 584 585 586 587 588 589 590 591 592 593 608 612 613 614 615 616 617 618 619 620 621 622 623 624 627 628 631 632 633 634 639 641 642 643 644 646 647 648 649 650 651 652 653 654 655 656 659 660 661 662 663 664 665 666 667 668 669 671 672 673 674 675 676 677 679 680 681 682 683 684 685 686 689 690 691 692 693 694 695 696 697 698 699 700 701 702 703 704 705 706 707 708 709 710 711 712 714 715 723 724 725 726 728 732 733 734 735 736 737 738 739 740 741 742 743 744 745 751 752 753 754 755 756 757 758 762 763 765 766 768 769 770 771 772 773 774 775 776 777 778 779 780 782 783 784 0
14 15 16 17 18 19 20 21 26 27 29 30 32 33 34 41 43 44 45 46 47 48 49 50 52 53 54 59 60 61 62 63 66 67 68 71 72 73 74 75 76 77 78 79 80 81 82 85 86 87 88 90 92 93 94 95 96 99 100 101 102 103 104 105 107 108 109 110 111 112 113 116 117 118 119 120 121 122 123 125 126 127 128 132 134 135 136 137 138 139 140 141 144 145 149 150 151 152 153 154 155 159 160 164 165 166 167 168 169 173 174 178 179 181 182 188 189 190 192 193 195 196 197 210 211 212 213 214 215 216 217 225 226 227 229 236 239 240 242 244 245 246 247 248 249 250 251 254 255 256 257 258 259 260 261 262 263 264 265 267 268 269 270 271 272 273 274 275 277 278 279 281 283 284 285 286 288 289 290 291 292 295 296 297 298 299 300 301 302 303 304 305 306 307 308 309 311 312 313 314 315 316 317 318 319 320 321 322 323 324 325 326 327 328 329 330 331 332 333 334 335 337 344 346 347 349 350 351 360 361 362 363 364 365 374 375 376 377 378 379 388 389 390 392 393 394 395 396 397 398 399 400 401 402 403 404 405 411 419 420 421 422 423 424 425 426 427 428 429 430 431 432 433 434 435 436 437 438 444 445 446 447 448 450 451 452 454 455 456 457 458 459 460 461 462 466 467 468 469 471 475 476 478 479 480 483 484 485 486 487 491 492 493 494 495 496 497 498 499 500 501 502 504 505 506 507 508 509 510 511 512 513 514 515 516 517 518 519 520 521 522 523 524 526 527 528 529 532 541 543 544 545 546 547 554 555 556 557 560 561 562 563 568 569 570 571 573 574 575 576 577 578 579 580 581 582 583 584 586 587 588 589 590 591 592 593 594 602 616 618 620 628 629 630 631 632 633 640 641 644 645 646 647 652 653 654 655 657 658 659 660 661 663 664 665 667 668 669 671 672 673 674 675 676 677 678 679 680 681 686 687 688 689 690 691 692 693 694 695 696 697 699 700 701 702 703 704 705 706 707 708 709 710 711 712 713 714 715 717 718 719 720 721 723 724 725 726 727 728 736 737 738 739 741 742 750 751 752 755 756 758 764 765 766 767 768 769 770 771 778 782 783 784 0
2 7 8 9 12 13 14 15 16 17 18 19 20 21 22 23 24 25 26 28 29 30 31 32 33 34 35 39 40 41 42 43 44 45 46 47 48 50 56 57 62 63 65 69 70 71 72 73 74 75 76 77 78 79 80 82 83 89 90 97 99 100 101 102 103 105 106 107 108 109 110 113 115 116 117 118 121 122 123 124 125 126 127 129 130 131 132 133 135 136 137 138 139 140 142 143 145 146 147 148 149 150 151 152 154 155 156 157 159 160 161 162 163 165 166 167 168 169 171 172 174 176 177 178 179 180 181 182 187 188 189 194 195 196 197 198 199 200 201 202 203 204 205 206 208 209 210 211 213 214 215 217 218 219 220 221 222 223 225 226 227 228 229 230 231 232 233 235 236 237 238 242 243 244 245 246 247 248 249 251 253 254 255 256 257 258 259 260 261 262 263 264 266 267 269 270 271 272 273 274 275 276 277 278 279 280 281 282 283 285 286 289 290 292 293 294 295 296 297 298 299 300 301 302 303 304 305 306 307 308 309 310 312 313 314 315 316 317 318 319 320 321 322 324 325 326 327 328 329 333 334 335 336 337 338 339 341 342 345 346 347 348 349 350 351 355 357 358 359 360 362 363 364 365 366 367 368 369 370 371 373 374 375 376 377 382 383 384 385 390 391 392 0
1 2 3 5 6 7 8 9 10 11 13 14 16 17 18 19 20 21 22 23 24 25 26 29 31 32 33 34 35 36 41 42 46 47 48 49 50 53 54 55 56 57 58 59 60 63 65 69 70 71 72 73 74 75 76 77 78 79 80 81 83 84 85 86 91 92 94 98 99 103 104 106 107 108 110 111 112 113 114 115 116 117 118 119 120 121 122 123 124 125 126 131 132 133 134 137 138 139 140 141 142 144 145 146 147 148 149 152 153 155 158 159 160 162 163 165 166 167 168 169 170 171 173 174 176 177 178 179 180 181 182 183 184 185 187 188 189 190 193 194 195 196 197 198 202 203 204 205 206 209 210 211 212 213 216 217 218 219 222 223 225 226 227 228 229 230 231 232 233 235 238 240 241 242 243 244 245 246 247 250 251 252 253 254 255 257 258 259 260 261 262 263 264 265 266 267 269 270 271 272 273 274 276 277 278 279 280 281 285 286 287 288 289 290 291 292 293 294 295 296 297 302 303 304 309 310 311 316 317 318 324 325 326 327 328 329 330 331 332 335 336 337 343 344 345 346 347 348 349 351 352 355 356 357 358 359 360 363 364 365 366 367 368 370 371 372 373 375 377 378 379 380 383 384 385 386 387 389 391 392 0
6 7 8 9 10 13 14 15 16 18 19 22 24 27 29 0

4
1 2 3 4 5 6 7 8 9 10 11 12 13 14 15 16 17 18 19 20 21 22 23 24 25 26 27 28 29 30 31 32 33 34 35 36 37 38 39 40 41 42 43 44 45 46 47 48 49 50 51 52 53 54 55 56 57 58 59 60 61 62 63 64 65 66 67 68 69 70 71 72 73 74 75 76 77 78 79 80 81 82 83 84 85 86 87 88 89 90 91 92 93 95 96 97 98 99 100 101 102 103 104 105 106 107 108 109 110 111 112 113 114 115 116 117 118 119 120 121 122 123 124 125 126 127 128 129 130 132 133 134 135 136 137 138 139 140 141 142 143 144 145 146 147 148 149 150 151 152 153 154 155 156 157 158 159 160 161 162 163 164 165 166 167 168 169 170 171 172 173 174 175 176 177 178 179 180 181 182 183 184 185 186 187 188 189 190 191 192 193 194 195 196 204 205 206 207 210 215 216 217 218 219 220 221 223 224 233 234 235 236 246 247 248 249 250 261 262 263 264 267 268 273 274 275 276 277 286 288 289 290 291 292 293 297 301 302 303 304 309 310 311 312 313 314 315 316 317 318 323 324 325 326 327 328 329 330 341 342 343 344 354 355 356 357 358 368 369 370 371 383 393 394 395 396 397 398 399 400 401 402 403 404 405 406 407 408 409 410 411 412 413 414 415 416 417 418 419 420 421 422 423 424 425 426 427 428 429 430 431 432 433 434 435 436 437 438 439 440 441 442 443 444 445 446 447 448 449 450 451 452 453 454 455 456 457 458 459 460 461 462 463 464 465 466 467 468 469 470 471 472 473 474 475 476 477 478 479 480 481 482 483 484 485 486 487 488 489 490 491 492 493 494 495 496 497 498 499 500 501 502 503 504 505 506 507 508 509 510 511 512 513 514 515 516 517 518 519 520 521 522 523 525 526 527 528 529 530 531 532 533 534 535 536 537 538 539 541 542 543 544 545 546 547 548 549 550 551 552 553 554 555 556 557 558 559 560 561 562 563 564 565 566 567 568 569 570 571 572 573 574 575 576 577 578 579 580 581 582 583 584 585 586 587 588 592 593 594 595 596 597 598 599 600 601 602 603 604 605 606 607 608 609 610 611 612 613 614 615 616 617 618 619 625 626 627 629 630 639 640 641 643 644 645 646 651 652 653 654 655 656 657 658 659 660 661 662 663 664 665 666 667 668 673 674 675 676 677 678 679 680 681 682 683 684 685 686 687 688 689 690 691 692 693 694 695 701 702 703 704 705 706 707 708 709 710 712 713 714 715 716 717 718 719 720 721 722 725 728 733 734 735 736 737 738 740 741 743 744 745 746 747 748 749 754 755 756 758 759 760 761 762 763 766 769 770 771 772 773 774 775 776 777 778 779 780 781 782 784 0
9 10 14 15 16 17 18 19 20 21 22 23 24 25 26 27 28 29 30 31 32 33 34 35 36 37 38 39 40 41 42 43 44 45 46 47 49 51 52 53 54 55 56 57 58 59 64 65 66 67 68 69 70 71 72 73 74 75 76 77 78 79 80 81 83 84 85 86 87 88 89 91 92 93 94 95 96 97 99 100 101 102 103 104 105 106 107 108 110 111 113 114 115 116 117 118 119 120 121 123 127 128 129 130 131 132 133 134 135 137 138 139 141 142 143 145 146 147 148 155 156 157 160 161 162 165 169 170 171 174 175 176 179 180 181 183 184 185 186 188 189 195 197 205 206 207 208 209 210 211 212 214 215 216 217 218 219 220 221 222 223 224 225 226 227 228 229 230 231 232 233 234 235 237 238 239 240 245 246 248 249 250 251 252 253 254 259 260 261 262 263 264 265 266 267 268 269 270 271 272 273 275 276 277 278 279 280 281 282 283 284 285 286 287 288 289 290 291 292 293 295 296 297 298 299 300 301 302 303 304 306 307 309 310 311 312 313 315 316 317 318 319 323 324 325 326 327 328 329 330 331 337 338 339 340 341 342 343 344 351 355 356 357 358 365 366 369 370 371 372 379 383 384 385 386 392 393 394 395 396 397 398 399 400 401 402 403 404 405 406 407 409 410 411 412 413 414 415 416 417 418 419 420 421 422 428 429 430 431 432 434 443 444 445 446 448 454 455 456 457 458 459 460 462 463 464 465 470 471 472 473 476 480 481 482 483 484 485 486 487 488 489 491 492 493 494 495 496 497 498 499 500 504 505 506 507 508 509 510 511 512 513 514 515 516 517 518 519 520 522 523 524 525 526 532 536 537 538 539 543 546 549 550 551 553 554 555 556 557 558 560 561 565 566 567 568 574 575 576 577 578 579 580 581 582 583 584 585 586 587 588 589 597 598 599 600 602 606 607 608 609 610 611 612 613 614 615 616 618 621 622 623 624 625 626 627 628 629 630 632 633 639 640 641 642 643 644 651 652 654 655 656 657 658 660 666 667 668 669 671 672 674 675 676 677 679 683 684 685 686 687 688 689 690 691 692 693 694 695 700 701 702 703 704 705 706 708 709 710 711 714 715 716 717 718 719 721 723 728 730 734 737 742 746 747 748 749 750 756 758 760 761 762 763 764 770 771 774 775 776 778 784 0
2 3 4 5 6 7 11 12 13 14 15 16 17 18 19 20 21 22 23 24 25 26 27 29 30 31 32 37 38 40 42 43 45 46 47 50 53 54 55 56 62 63 69 71 72 73 74 75 76 78 79 80 82 87 88 93 94 95 99 100 101 102 103 104 105 107 108 109 110 111 112 113 114 115 116 117 118 119 120 121 122 123 124 125 127 128 129 130 131 134 135 136 137 138 139 143 144 145 147 149 150 151 152 153 154 157 158 159 160 161 165 166 167 168 169 170 171 172 173 174 175 176 178 179 180 181 182 183 184 185 186 189 192 193 194 196 197 198 200 201 202 203 205 206 207 208 209 210 214 215 216 217 218 219 220 221 222 223 224 226 227 228 229 230 231 232 233 234 236 237 238 240 241 242 243 245 246 247 248 250 251 252 253 254 255 257 258 259 260 261 262 264 265 266 267 268 270 272 274 276 278 281 282 283 284 286 287 289 290 291 293 295 296 297 298 299 300 301 302 305 306 307 308 309 311 312 313 314 315 316 318 319 320 321 322 323 324 325 326 327 328 329 330 331 332 333 334 336 337 338 339 340 341 342 345 346 347 348 349 350 354 355 356 357 361 362 363 364 365 367 368 369 372 373 374 376 380 381 382 383 387 388 389 0
1 4 5 7 11 12 13 14 16 20 21 22 25 26 28 30 31 32 33 35 36 38 39 45 46 47 49 50 51 52 53 54 55 56 58 59 60 61 62 63 69 70 71 72 73 74 75 76 77 78 79 80 83 84 86 87 91 92 93 94 97 98 99 102 103 104 105 107 108 109 110 111 112 113 114 115 116 117 118 121 122 123 124 127 128 129 130 131 134 135 136 137 138 140 142 143 145 146 147 148 150 151 152 153 154 155 156 157 159 160 161 162 163 167 168 169 172 173 175 176 177 178 179 180 181 182 183 184 185 186 187 192 194 196 201 202 203 204 205 209 211 212 216 217 218 220 222 224 228 230 232 233 238 240 242 243 244 246 249 250 251 252 253 255 256 257 258 259 260 262 263 264 265 266 267 269 270 271 273 274 275 276 277 278 280 281 283 284 285 287 288 289 290 291 292 293 294 295 296 297 298 299 300 301 302 303 305 306 307 308 309 310 312 313 314 315 316 317 318 319 322 325 328 331 332 335 338 344 345 346 347 348 349 350 351 352 353 354 355 357 358 360 363 364 365 366 368 369 370 371 372 373 374 375 376 377 378 379 380 381 382 383 384 386 387 389 390 0
2 4 6 7 9 13 14 19 20 21 22 24 29 31 32 0

5
1 2 3 4 5 6 7 8 9 10 11 12 13 14 15 16 17 18 19 20 21 22 23 24 25 26 27 28 29 30 31 32 33 34 35 36 37 38 39 40 41 42 43 44 45 46 47 48 49 50 51 52 53 54 55 56 57 58 59 60 61 62 63 64 65 66 67 68 69 70 71 72 73 74 75 76 77 79 80 81 82 83 84 85 86 87 88 89 90 91 92 93 94 95 96 97 98 99 100 101 102 103 104 105 106 107 109 110 111 112 113 114 115 116 117 118 119 120 121 122 123 124 125 126 127 128 129 130 131 132 133 134 135 136 137 138 139 140 141 142 143 144 145 146 147 148 149 150 151 152 153 154 155 156 157 158 159 160 161 162 163 164 165 166 167 168 169 170 171 172 173 174 175 176 177 178 179 180 181 182 183 184 185 186 187 188 189 190 191 192 193 194 195 196 205 206 207 208 209 210 238 245 246 247 248 249 258 259 260 261 262 263 271 272 273 274 275 276 277 284 285 286 287 289 290 291 297 298 299 300 301 302 303 304 311 312 313 314 315 316 317 320 329 330 331 335 336 343 344 345 350 351 352 357 358 362 365 366 371 372 373 374 379 380 381 382 383 386 387 388 393 394 395 396 397 398 399 400 401 402 403 404 405 406 407 408 409 410 411 412 413 414 415 416 417 418 419 420 421 422 423 424 425 426 427 428 429 430 431 432 433 434 435 436 437 438 439 440 441 442 443 444 445 446 447 448 449 450 451 452 453 454 455 456 457 458 459 460 461 462 463 464 465 466 467 468 469 470 471 472 473 474 475 476 477 478 479 480 481 482 483 484 485 486 487 488 489 490 491 492 493 494 495 496 497 498 499 501 502 503 504 505 506 507 508 509 510 511 512 513 514 515 516 517 518 519 520 521 522 523 524 525 526 527 528 529 530 531 532 533 534 535 536 537 538 539 540 541 542 543 544 545 546 547 548 549 550 551 552 553 554 555 556 557 558 559 560 561 562 563 564 565 566 567 568 569 570 571 572 573 574 575 576 577 578 579 580 581 583 584 585 586 587 588 596 597 598 599 600 601 602 603 604 605 607 608 609 610 615 616 617 625 626 627 628 629 630 631 637 638 639 640 641 645 646 647 648 649 650 651 652 653 654 655 656 659 660 661 662 663 664 665 666 667 668 669 671 672 673 676 677 678 679 680 681 687 690 691 692 693 694 695 697 698 699 700 701 702 703 704 705 706 707 708 709 713 714 715 716 717 718 719 720 721 722 723 726 727 728 729 730 731 732 733 734 735 736 737 738 739 740 741 742 743 744 745 746 747 748 749 750 751 752 753 754 755 757 758 759 760 761 762 763 764 765 766 767 768 769 770 771 772 773 774 775 776 777 778 779 780 781 782 783 784 0
14 15 18 19 20 21 22 23 24 25 26 27 28 29 30 31 32 34 35 36 37 38 39 40 41 43 49 50 51 54 55 57 59 61 62 64 65 66 67 71 72 73 74 75 76 77 78 79 80 81 82 85 88 89 90 91 92 93 94 95 99 102 103 104 105 106 107 108 109 111 113 114 118 119 120 121 122 124 125 127 128 129 130 132 133 134 135 136 137 138 139 140 141 142 143 144 145 147 148 149 151 152 153 154 155 156 157 158 159 161 162 163 165 166 167 168 169 170 171 172 173 174 175 176 177 178 179 180 181 182 183 184 185 186 187 188 190 191 192 193 194 195 197 210 211 212 217 218 219 220 221 222 223 225 226 229 230 231 232 237 239 243 244 245 246 247 248 249 251 253 255 256 257 258 259 260 261 262 263 264 267 269 270 271 272 273 274 275 276 277 278 281 283 285 286 287 288 289 290 291 295 298 299 300 301 302 303 304 305 309 310 312 313 314 315 316 317 318 320 321 322 323 324 325 326 327 328 330 331 332 335 336 337 338 339 340 341 342 343 344 345 346 348 349 350 351 352 353 354 355 358 359 360 361 362 363 365 366 367 368 369 370 371 372 373 374 375 376 377 379 380 381 382 383 385 386 387 388 389 392 393 394 395 396 397 398 399 400 401 402 403 404 405 406 407 408 409 410 411 412 413 420 427 431 433 439 440 441 442 443 444 445 448 449 450 452 453 454 455 456 457 458 459 460 462 465 467 468 469 470 472 473 474 476 477 479 480 481 482 483 484 485 486 490 492 493 494 495 496 497 498 500 504 505 506 508 509 510 511 513 514 515 516 517 518 519 520 521 522 523 524 525 532 533 534 535 536 537 538 539 540 541 542 543 546 547 548 551 552 555 556 558 560 561 562 563 564 566 567 568 569 570 571 574 575 576 577 580 581 582 583 584 585 588 589 597 598 599 600 601 602 608 609 610 611 612 613 616 624 629 630 635 637 638 639 640 641 644 651 652 653 654 655 658 660 661 662 663 664 665 666 668 670 672 677 678 679 680 686 689 690 691 692 693 694 695 697 700 703 704 705 706 707 708 712 713 714 716 719 720 721 723 726 727 728 730 731 732 734 735 736 737 742 743 744 745 746 748 749 750 751 753 754 755 756 757 758 759 760 761 762 763 764 765 766 767 768 769 770 771 772 773 774 775 776 777 778 779 780 781 784 0
3 4 6 10 11 12 13 14 16 17 18 19 22 23 24 25 26 27 28 29 30 31 32 34 35 36 37 38 39 40 41 42 43 44 45 46 47 48 49 50 56 60 61 67 68 69 73 74 75 76 78 79 82 85 86 88 89 91 92 93 94 96 98 99 101 102 103 104 105 106 107 108 109 114 116 118 119 120 121 122 123 124 125 126 127 128 129 130 131 132 133 134 135 136 137 138 141 142 143 144 145 149 150 151 154 157 158 159 160 161 165 166 168 169 170 172 173 174 178 179 180 181 182 183 184 185 186 187 189 191 192 193 194 195 196 197 198 201 202 203 206 207 209 210 211 212 214 215 216 217 218 219 220 221 222 223 224 225 226 227 228 229 230 231 232 234 235 236 237 238 239 240 241 242 243 244 245 246 247 248 249 250 251 254 255 256 257 258 260 261 262 263 264 265 267 268 269 270 271 272 273 275 276 277 278 280 281 282 283 284 285 286 288 289 291 292 293 295 296 297 298 299 300 301 302 303 304 305 306 307 309 310 312 313 316 318 319 320 321 322 323 324 325 326 327 329 330 333 334 336 337 338 339 340 341 342 345 346 347 348 349 350 353 354 357 359 360 361 362 363 364 366 367 368 369 370 372 374 375 376 377 379 381 382 383 385 386 387 388 389 390 391 0
1 2 3 4 5 6 7 8 9 10 13 14 15 16 17 18 19 20 21 22 23 24 25 26 27 28 31 32 33 34 35 36 37 39 40 41 43 45 46 47 50 52 53 55 56 57 58 63 65 67 69 70 72 73 74 75 76 77 78 79 80 82 83 84 85 86 87 88 89 90 92 93 94 95 96 97 99 105 106 107 108 109 112 113 114 115 116 117 118 119 120 121 122 123 124 125 126 127 128 129 130 131 132 134 136 137 138 139 141 142 143 144 145 147 148 149 150 151 152 155 158 159 160 161 162 163 164 166 167 170 171 173 174 175 176 177 179 181 183 185 186 187 190 192 193 194 195 196 200 205 206 208 209 211 212 214 215 216 217 218 219 220 221 222 223 224 226 228 229 230 231 232 235 237 239 240 241 242 243 246 248 252 253 254 260 261 265 266 267 268 269 270 272 274 276 277 278 281 283 284 285 287 288 289 290 291 292 293 294 295 296 297 298 300 301 302 303 304 305 310 311 312 313 314 316 317 318 319 323 324 325 326 327 330 331 332 333 334 337 339 340 341 343 344 345 346 347 348 349 350 351 352 353 358 359 360 364 366 369 370 371 372 373 374 375 376 377 378 379 380 381 382 383 384 386 388 389 390 391 0
5 7 8 9 10 11 12 13 15 16 18 22 24 26 28 30 31 0

6
1 2 3 4 5 6 7 8 9 10 11 12 13 14 15 16 17 18 19 20 21 22 23 24 25 26 27 28 29 30 31 32 33 34 35 36 37 38 39 40 41 42 43 44 45 46 47 48 49 50 51 52 53 54 55 56 57 58 59 60 62 63 64 65 66 67 68 69 70 71 72 73 74 75 76 77 78 79 80 81 82 83 84 85 86 87 88 89 90 91 92 93 94 95 96 97 98 99 100 101 102 103 104 105 106 107 108 109 110 111 112 113 114 115 116 117 118 119 120 121 122 123 124 125 126 127 128 129 130 131 132 133 134 135 136 137 138 139 140 141 142 143 144 145 146 147 149 150 151 152 153 154 155 156 157 158 159 160 161 162 163 164 165 166 167 168 169 170 171 172 173 174 175 176 177 178 179 180 181 182 183 184 185 186 187 188 189 190 191 192 193 194 195 196 204 205 206 207 208 209 210 231 232 233 234 243 244 245 246 247 248 249 257 258 259 260 261 262 263 271 272 273 274 275 276 277 281 282 285 286 287 288 289 290 291 295 296 298 299 300 301 302 303 304 305 308 309 311 312 313 314 315 316 317 318 319 320 321 324 325 326 327 329 330 331 332 333 334 335 339 340 341 342 343 344 345 347 348 349 351 352 353 354 355 356 357 358 366 367 368 393 394 395 396 397 398 399 400 401 402 403 404 405 406 407 408 409 410 411 412 413 414 415 416 417 418 419 420 421 422 423 424 425 426 427 428 429 430 432 433 434 435 436 437 438 439 440 441 442 443 444 445 446 447 448 449 450 451 452 453 454 455 456 457 458 459 460 461 462 463 464 465 466 467 468 469 470 471 472 473 474 475 476 477 478 479 480 481 482 483 484 485 486 487 488 489 490 491 492 493 494 495 496 497 498 499 500 501 502 503 504 505 506 507 508 509 510 511 512 513 514 515 516 517 518 519 520 521 522 523 524 525 526 527 528 529 530 531 532 533 534 535 536 537 538 539 540 541 542 543 544 545 546 547 548 549 550 551 552 553 554 555 556 557 558 559 560 561 562 563 564 565 566 567 568 569 570 571 572 573 574 575 576 577 578 579 580 581 582 583 584 585 586 587 588 594 595 596 597 598 599 600 602 603 608 609 610 615 616 617 624 625 626 627 628 629 630 631 635 636 637 638 639 640 641 642 645 646 647 649 650 651 652 653 654 655 658 659 660 661 662 663 664 665 666 667 668 669 670 673 674 675 676 677 678 679 680 681 682 683 686 687 688 689 690 691 692 693 694 695 696 697 698 699 700 701 702 703 704 705 706 707 708 709 710 711 712 713 715 716 717 718 719 720 721 722 723 724 725 726 727 729 730 731 732 733 735 737 739 740 741 742 743 744 745 746 747 748 751 752 753 754 755 757 758 759 760 767 768 769 770 771 772 773 774 775 776 777 778 779 780 782 783 784 0
14 15 18 19 20 21 22 23 24 25 26 27 28 29 34 36 37 39 40 43 48 49 50 51 52 53 54 57 62 63 64 65 66 67 71 72 75 77 78 79 80 81 85 86 87 88 90 91 92 93 94 95 96 97 99 100 101 102 103 104 106 107 108 109 111 113 114 115 116 117 118 119 120 121 122 123 124 126 127 128 129 130 131 132 133 134 135 136 137 138 139 140 141 142 143 144 145 146 147 148 149 150 151 152 153 154 155 156 158 159 160 161 162 164 165 166 167 169 170 171 172 178 179 180 181 183 184 185 186 193 194 195 197 210 211 212 216 217 218 219 220 221 222 225 229 230 231 233 234 239 243 245 246 247 248 249 253 254 258 259 260 261 262 263 264 267 268 269 271 272 273 274 275 276 277 278 281 282 283 284 285 287 288 289 290 291 292 295 296 297 298 299 300 301 302 303 304 305 306 309 310 311 312 313 314 315 316 317 318 319 320 321 323 324 325 326 327 328 329 330 331 332 333 334 335 336 337 338 339 340 341 342 343 344 345 346 347 348 349 350 351 352 353 354 355 356 357 361 362 363 365 366 367 368 369 375 376 377 379 392 393 394 395 396 397 398 399 400 401 402 403 404 405 407 411 412 413 414 417 418 420 426 427 428 429 430 431 433 434 439 440 441 442 443 444 445 448 449 452 453 454 455 456 457 458 459 460 462 463 464 466 467 468 470 471 472 473 476 477 478 479 480 481 482 483 484 485 486 487 488 490 491 492 493 494 496 497 498 499 500 501 502 504 505 506 507 508 509 510 511 512 513 514 515 516 517 519 520 521 522 523 524 525 526 527 528 529 530 531 532 534 535 536 537 538 539 540 541 542 543 544 545 547 548 549 550 551 552 553 554 557 558 560 562 563 564 565 572 573 574 575 576 577 578 579 580 581 582 583 584 585 586 587 588 589 597 598 599 600 601 602 607 608 609 610 611 616 623 624 625 626 630 636 637 639 640 644 649 651 652 653 654 658 662 663 664 665 666 667 669 672 673 674 677 679 680 682 683 686 687 688 689 690 692 693 694 695 696 697 700 701 702 703 704 705 706 707 708 709 710 712 713 714 715 716 718 719 720 721 722 723 724 725 726 728 730 731 732 733 734 735 736 738 739 740 741 742 743 744 745 746 747 748 749 750 754 755 756 757 758 759 760 761 762 767 768 769 770 771 784 0
3 9 10 11 12 13 14 15 16 17 18 22 23 24 25 26 27 28 29 30 31 32 33 34 35 36 37 38 39 40 41 42 45 48 49 50 54 60 61 62 66 67 68 69 71 72 73 74 75 76 79 80 81 82 83 84 85 86 87 88 90 91 92 93 98 99 101 102 103 104 105 106 107 108 109 110 111 114 115 116 120 123 124 125 126 127 128 129 131 132 134 135 137 138 139 141 142 143 144 146 149 150 151 152 153 154 156 157 158 159 160 163 164 165 166 167 168 169 171 172 173 174 175 176 177 178 179 180 181 182 183 184 185 186 187 188 189 190 191 195 196 197 200 201 202 203 205 206 207 208 209 210 212 213 214 215 216 217 219 220 221 223 224 225 226 227 228 229 230 231 232 233 234 235 236 237 239 240 241 243 244 245 246 247 249 250 251 254 255 256 257 258 261 262 263 264 265 267 268 269 271 272 273 275 276 278 279 280 281 282 283 284 285 286 287 288 289 290 292 293 294 295 296 297 298 299 300 301 302 303 304 305 306 307 309 311 312 313 314 317 318 319 320 321 322 323 324 325 326 327 328 329 330 331 332 333 335 336 337 338 339 340 341 345 346 347 348 349 350 353 354 355 356 357 359 360 361 362 363 365 366 367 368 369 370 371 372 373 374 376 377 379 380 381 383 384 385 386 388 389 390 392 0
1 2 3 4 8 11 12 13 14 16 17 18 19 21 26 27 29 30 32 33 34 36 38 39 40 41 42 44 45 46 47 48 50 52 56 62 63 69 70 71 72 73 74 75 76 77 78 79 80 81 82 83 84 85 86 87 88 89 90 91 92 93 94 95 96 97 98 99 109 110 111 114 116 117 118 119 121 122 123 124 125 126 127 128 129 130 131 132 133 134 137 138 140 141 145 146 147 148 149 150 151 152 155 157 158 159 160 161 162 163 164 165 166 168 169 170 171 172 173 174 175 176 177 178 180 181 182 183 184 186 187 188 189 190 191 192 193 194 195 196 199 200 205 206 208 209 210 215 216 217 219 220 221 222 223 224 225 226 227 228 229 230 231 232 236 237 238 239 240 241 242 243 244 245 246 249 252 253 258 263 265 266 268 270 271 272 274 275 276 277 278 279 280 281 282 284 285 286 289 290 292 293 294 295 296 297 298 299 301 304 306 310 311 312 313 314 316 317 318 319 320 321 323 324 325 326 327 328 330 331 332 333 334 335 336 337 338 339 340 341 342 343 344 345 346 347 348 349 351 352 355 358 360 361 364 365 366 367 369 370 371 372 373 374 376 377 378 380 381 382 383 384 385 386 387 390 391 392 0
1 2 5 6 7 9 10 11 12 17 19 21 25 26 27 29 30 31 0

7
1 2 3 4 5 6 7 8 9 10 11 12 13 14 15 16 17 18 19 20 21 22 23 24 25 26 27 28 29 30 31 32 33 34 35 36 37 38 39 40 41 42 43 44 45 46 47 49 50 51 52 53 54 55 56 57 58 59 60 61 62 63 64 65 66 67 68 69 70 71 72 73 74 75 76 77 78 79 80 81 82 83 84 85 86 87 88 89 90 91 92 93 94 95 96 97 98 99 100 101 102 103 104 105 106 107 108 109 110 111 112 113 114 115 116 117 118 119 120 121 122 123 124 125 126 127 128 129 130 131 132 133 134 135 136 137 138 139 140 141 142 143 144 145 146 147 148 149 150 151 152 153 154 155 156 157 158 159 160 161 162 163 164 165 166 167 168 169 170 171 172 173 174 175 176 177 178 179 180 181 182 183 184 185 186 187 188 189 190 191 192 193 194 195 196 204 205 206 207 213 217 218 228 229 230 231 232 236 237 238 244 245 246 247 258 259 260 261 272 273 274 275 287 288 289 301 302 303 315 316 317 318 329 330 331 338 343 344 345 346 351 353 357 358 359 360 371 372 373 374 375 380 381 382 393 394 395 396 397 398 399 400 401 402 403 404 405 406 407 408 409 410 411 412 413 414 415 416 417 418 419 420 421 422 423 424 425 426 427 428 430 431 432 433 434 435 436 437 438 439 440 442 443 444 445 446 447 448 449 450 451 452 453 454 455 456 457 458 459 460 461 462 463 464 465 466 467 469 470 471 472 473 474 475 476 477 478 479 480 481 482 483 484 485 486 487 488 489 490 491 492 493 494 495 496 497 498 499 500 501 502 503 504 505 506 507 508 509 510 511 512 513 514 515 516 517 518 519 520 521 522 523 524 525 526 527 528 529 530 531 532 533 534 535 536 537 538 539 540 541 542 543 544 545 546 547 548 549 550 551 552 553 554 555 556 557 558 559 560 561 562 563 564 565 566 567 568 569 570 571 572 573 574 575 576 577 578 579 580 581 582 583 584 585 586 587 588 591 592 595 596 597 598 599 602 603 606 607 608 609 610 613 614 615 616 617 618 619 620 622 623 624 625 626 628 629 630 631 635 636 637 638 639 644 650 651 652 653 654 655 656 657 658 659 660 661 662 664 665 666 667 673 674 675 676 677 678 679 680 681 682 684 685 686 687 688 689 693 694 695 696 697 701 702 703 704 705 706 707 708 709 710 712 713 714 715 716 717 718 719 721 722 723 724 728 729 730 731 732 735 736 737 738 739 740 741 742 743 744 745 746 747 749 750 751 752 753 757 758 759 760 761 762 763 764 765 771 772 773 774 775 776 781 782 783 784 0
7 8 14 15 16 17 18 19 20 22 23 24 25 26 27 28 29 30 31 32 33 34 35 36 38 39 40 41 42 43 44 46 47 48 49 50 51 53 54 55 56 57 62 63 64 65 66 68 69 71 76 77 78 79 82 83 84 85 86 89 90 91 92 93 94 99 100 101 102 103 105 106 107 111 112 113 114 115 116 117 119 120 121 122 123 125 127 128 129 130 131 133 134 135 136 137 139 141 142 143 144 147 148 149 150 155 156 157 158 159 161 162 163 164 165 166 169 170 171 172 173 176 177 178 179 180 181 183 184 185 186 187 188 189 191 194 197 202 203 204 208 210 211 212 213 214 215 216 217 220 221 222 223 224 225 226 227 228 229 230 232 233 236 237 239 240 245 246 247 250 251 252 253 259 260 261 267 273 274 275 276 279 281 282 286 287 288 289 290 295 296 297 298 300 301 302 303 304 309 310 311 312 316 317 318 323 324 325 326 327 328 330 331 332 337 338 339 340 341 343 344 345 346 347 351 352 353 354 355 358 359 360 361 362 363 365 366 367 368 369 373 374 375 376 379 380 381 382 389 392 393 394 395 396 397 398 399 400 401 402 403 404 405 406 407 408 409 410 411 412 413 416 418 420 425 426 427 428 429 433 434 435 439 440 441 442 443 444 448 453 455 456 457 460 461 462 467 470 471 472 476 477 478 481 482 483 484 485 486 489 490 491 492 493 497 498 499 500 501 504 505 506 507 508 510 511 512 513 514 517 523 524 526 527 528 532 533 534 535 536 538 539 540 541 542 546 547 548 549 554 555 556 558 560 561 562 567 568 569 570 571 574 575 576 577 580 581 582 583 584 585 586 587 588 589 597 598 599 600 602 604 605 606 607 608 609 610 611 612 613 614 615 616 619 620 622 623 624 628 629 630 635 636 637 638 639 644 649 650 651 652 658 663 664 665 672 678 679 686 688 691 692 693 694 700 702 703 706 707 708 709 710 713 714 716 717 718 719 720 721 722 728 729 730 731 733 734 735 736 737 738 742 743 744 745 748 749 750 751 752 755 756 757 758 759 763 765 766 767 768 770 771 772 773 774 777 779 784 0
1 2 3 6 7 9 10 11 17 18 22 23 24 25 27 29 31 32 35 36 38 39 40 41 42 43 44 45 46 47 48 50 53 54 55 56 60 61 67 68 71 72 74 75 78 79 81 82 85 86 88 89 92 93 94 99 100 101 103 104 105 106 107 108 109 110 111 113 114 115 116 117 118 122 123 124 127 128 129 130 131 132 134 135 136 137 138 140 141 142 144 145 146 149 150 151 152 154 156 157 158 159 160 161 164 165 168 171 172 173 176 178 179 180 181 182 183 186 187 191 194 195 196 197 198 199 200 201 203 206 207 208 209 210 212 213 214 215 216 217 220 221 222 223 224 226 227 228 229 230 231 232 234 235 236 237 238 239 241 242 243 244 245 246 247 248 249 250 251 252 253 254 256 257 258 262 263 264 265 269 270 272 274 275 276 277 278 279 281 283 284 285 286 287 288 289 291 292 293 294 295 296 297 298 299 300 301 302 303 304 305 306 309 312 313 315 316 318 319 320 322 323 326 328 329 330 333 334 335 336 337 341 342 345 346 347 349 350 353 354 355 356 360 361 362 364 365 368 369 372 375 376 379 382 383 384 386 387 390 0
1 2 3 4 5 6 7 8 10 11 13 14 15 18 20 25 27 30 32 33 34 35 36 39 40 41 43 44 45 46 49 50 51 52 55 56 57 58 62 63 65 66 69 70 72 73 74 76 77 78 79 81 84 86 90 92 94 95 96 99 101 102 103 104 105 108 109 110 111 112 113 114 115 116 117 118 119 120 121 122 123 124 125 127 128 129 130 131 132 133 134 135 137 138 139 140 141 143 144 145 147 148 149 150 151 153 154 155 157 158 159 160 161 164 165 167 170 171 173 174 176 177 178 179 180 183 184 185 186 187 188 189 190 191 192 194 195 196 200 202 203 207 208 209 211 214 215 217 218 219 220 221 222 225 226 227 228 229 230 232 233 234 236 238 240 241 242 243 245 246 248 249 251 252 253 256 257 258 259 261 263 264 266 268 269 270 271 272 273 275 276 277 278 279 280 281 282 283 284 285 286 287 288 289 290 291 292 293 294 295 299 300 301 308 316 317 318 319 323 324 326 330 331 333 337 342 344 345 346 347 348 349 350 351 353 354 355 356 357 358 359 362 364 365 366 368 369 370 371 372 373 374 375 376 377 378 379 380 382 383 384 385 386 387 388 390 0
1 3 4 5 6 9 13 14 15 19 20 21 22 24 25 26 29 0

8
1 2 3 4 5 6 7 8 9 10 11 12 13 14 15 16 17 18 19 20 21 22 23 24 25 26 27 28 29 30 31 32 33 34 35 36 37 38 39 40 41 42 43 44 45 46 48 49 50 51 52 53 54 55 56 57 58 59 60 61 62 63 64 65 66 67 68 69 70 71 72 73 74 75 76 77 78 79 80 81 83 84 85 86 87 88 89 90 91 92 93 94 95 96 97 98 99 100 101 102 103 104 105 106 107 108 109 110 111 112 113 114 115 116 117 120 121 122 123 124 125 126 127 128 129 130 131 132 133 134 135 136 137 138 139 140 141 142 143 144 145 146 148 149 150 151 152 153 154 155 156 157 158 159 160 161 162 163 164 165 166 167 168 169 170 171 173 174 176 177 178 179 180 181 182 183 184 185 186 187 188 189 190 191 192 193 194 195 196 203 218 219 220 222 228 229 230 231 232 233 234 235 236 242 243 244 245 246 247 248 249 257 258 259 260 261 262 263 264 271 272 273 274 275 276 277 278 280 284 285 286 287 288 289 290 291 292 298 299 300 301 302 303 304 305 312 313 314 315 316 317 318 319 325 326 327 329 330 331 332 333 339 340 342 343 344 345 346 347 353 354 355 356 357 358 359 360 367 368 369 370 371 372 373 374 375 376 377 393 394 395 396 397 398 399 400 401 402 403 404 405 406 407 408 409 410 411 412 413 414 415 416 417 418 419 420 421 422 423 424 425 426 427 428 429 430 431 433 434 435 436 437 438 439 440 441 442 443 444 445 446 447 448 449 450 451 452 454 455 456 457 458 459 460 461 462 463 464 465 466 467 468 469 470 471 472 473 474 475 476 477 478 479 480 481 482 483 484 485 486 487 488 489 490 491 492 493 494 495 496 497 498 499 500 501 502 503 504 505 506 507 508 509 510 511 512 513 514 516 517 518 519 520 521 522 523 524 525 526 528 529 530 531 532 533 534 535 536 537 538 539 540 541 542 544 545 546 547 548 549 550 551 552 553 554 555 557 558 559 560 561 562 563 564 565 566 567 568 569 570 571 572 573 574 575 576 577 578 579 580 581 582 583 584 585 586 587 588 599 602 603 604 605 606 607 608 609 610 611 612 613 614 615 616 617 619 620 621 622 623 624 625 626 627 629 631 632 634 635 636 637 638 639 640 641 642 643 644 649 650 651 652 653 654 655 656 657 658 659 661 662 663 664 665 666 667 668 669 670 671 672 673 675 676 677 678 679 680 681 684 685 686 687 688 689 691 692 693 694 695 696 697 701 702 705 706 707 708 709 710 711 712 717 718 719 720 722 723 724 725 726 727 728 729 730 731 732 733 734 735 736 737 743 745 746 747 748 749 750 751 752 753 754 755 756 757 759 760 761 762 763 767 768 769 770 771 772 773 774 775 776 777 778 779 780 781 782 784 0
14 15 16 17 18 19 20 22 23 24 25 26 27 29 30 31 32 34 35 36 37 38 39 40 41 43 44 45 46 47 48 49 50 51 52 53 54 55 57 58 59 61 62 63 64 65 66 67 68 69 70 71 74 76 77 78 79 80 81 82 84 85 89 90 91 92 93 94 95 96 98 99 103 104 105 106 107 108 109 111 113 118 119 120 121 122 123 125 127 132 133 134 135 136 137 141 143 144 145 146 147 148 149 150 151 153 155 159 160 161 162 163 164 165 167 169 171 172 173 174 175 176 177 179 180 181 184 189 192 193 194 195 196 197 208 210 211 214 215 216 217 218 219 220 221 222 223 225 226 227 228 229 230 232 233 234 235 237 239 240 242 244 245 246 247 248 249 250 253 254 257 258 259 260 261 262 263 264 265 266 267 271 272 273 274 275 276 277 278 279 280 281 284 285 287 288 289 290 291 292 295 296 299 300 301 302 303 304 305 306 307 309 310 313 314 315 316 317 318 319 323 324 325 328 329 330 331 332 333 337 340 341 342 343 344 345 346 347 351 353 354 355 356 357 358 359 360 361 365 368 369 370 371 372 373 376 377 378 379 386 387 392 393 394 395 396 397 398 399 400 401 402 403 404 405 407 408 409 414 415 416 417 420 424 425 426 427 428 429 430 431 434 435 436 438 439 440 441 442 443 444 445 446 447 448 452 453 454 455 456 457 458 459 460 462 466 467 468 469 470 471 475 476 477 479 480 481 482 483 484 485 487 488 490 491 493 494 495 496 497 498 499 500 501 502 504 505 508 509 510 511 512 513 514 515 516 518 521 522 523 524 525 526 527 528 529 530 531 532 533 534 535 536 537 538 539 540 541 542 543 544 546 547 548 549 550 551 552 553 554 555 556 557 560 563 564 567 568 569 570 572 573 575 576 577 578 579 580 581 582 583 584 585 586 587 588 589 602 604 611 612 613 614 616 619 620 621 622 623 624 625 626 627 629 630 635 636 637 638 639 640 641 642 644 648 649 650 651 652 653 654 655 656 657 658 664 665 666 667 668 669 670 671 672 677 678 679 680 681 682 683 686 690 691 692 693 694 696 698 700 704 705 706 707 708 709 710 711 714 716 718 721 722 723 724 725 728 731 732 733 735 737 738 739 742 744 745 746 747 748 749 750 751 752 753 756 758 759 760 761 762 763 764 765 766 767 768 769 770 771 773 775 783 784 0
2 4 5 6 7 9 10 11 12 13 14 16 17 18 19 20 21 23 24 25 26 28 29 30 31 32 33 34 35 36 37 38 39 41 42 43 45 46 47 48 50 53 54 56 59 60 61 62 63 67 68 69 70 73 74 75 76 77 81 82 83 85 86 87 88 89 90 94 99 102 103 104 105 107 108 109 110 111 112 113 114 115 116 117 118 119 121 122 123 124 125 126 128 130 131 132 133 134 135 136 137 138 139 142 143 144 145 146 147 149 150 151 152 154 156 157 158 159 160 161 163 164 165 166 167 170 171 172 173 174 178 179 180 182 184 185 186 187 189 190 191 192 193 194 195 196 197 198 199 200 201 202 203 205 206 207 208 209 210 212 213 214 215 216 217 219 220 221 222 223 225 226 227 228 229 230 231 232 233 234 235 236 237 238 239 240 241 242 243 244 245 246 247 248 249 250 251 252 253 255 256 257 258 259 261 262 263 264 265 266 268 269 270 271 272 275 276 277 278 279 281 282 283 284 286 287 289 290 291 292 293 295 296 297 298 299 300 301 302 303 305 306 307 308 309 311 312 313 314 316 318 319 320 321 322 323 325 326 327 328 331 332 333 334 335 336 338 339 340 341 342 345 346 347 348 349 350 352 353 354 355 356 357 360 361 362 363 364 366 367 368 369 370 371 375 376 377 378 380 381 382 383 384 387 388 389 390 391 0
1 2 3 4 5 6 7 8 9 10 11 12 13 14 15 16 17 18 19 20 21 22 23 24 25 26 27 29 30 31 32 33 35 36 37 38 39 40 41 42 43 44 45 46 47 50 54 55 56 57 58 59 61 63 67 70 73 75 77 80 84 85 86 88 92 95 96 98 102 103 104 105 108 109 111 112 114 115 116 118 119 123 124 125 130 132 133 134 136 137 139 141 142 143 144 145 146 148 149 150 151 152 153 154 155 156 157 159 161 162 163 164 165 166 167 168 169 170 172 173 176 177 178 180 181 182 183 184 186 187 189 190 191 192 193 194 195 196 198 199 200 201 202 203 204 205 206 207 208 209 210 214 215 216 218 219 220 222 223 224 225 228 229 230 231 232 233 234 235 236 237 239 240 241 242 243 245 246 249 250 251 252 253 254 255 256 257 258 259 261 262 263 264 265 266 268 269 270 271 275 276 277 279 282 283 284 285 286 287 288 289 290 292 294 296 297 298 299 301 303 304 305 306 307 308 309 310 311 312 313 314 316 317 318 319 320 321 322 323 324 325 326 327 328 330 331 332 335 337 338 339 340 341 342 344 345 346 347 348 349 351 353 354 355 356 358 360 361 362 363 364 365 367 368 369 370 371 374 375 376 377 378 379 381 382 383 384 385 386 387 388 389 392 0
1 5 8 10 11 13 14 16 17 18 19 20 22 23 24 25 27 28 32 0

9
1 2 3 4 5 6 7 8 9 10 11 12 13 14 15 16 17 18 19 20 21 22 23 24 25 26 27 28 29 30 31 32 33 34 35 36 37 38 39 40 41 42 43 44 45 46 47 48 49 50 51 52 53 54 55 56 57 58 59 60 61 62 63 64 65 66 67 68 69 70 71 72 73 74 75 76 77 78 79 80 81 82 83 84 85 86 87 88 89 90 91 92 93 94 95 96 97 98 99 100 101 102 103 104 105 106 108 109 110 111 112 113 114 115 116 117 118 119 120 121 122 123 124 125 126 127 128 129 130 131 132 133 134 135 136 137 138 139 140 141 142 143 144 145 146 147 148 149 150 151 152 153 154 155 156 157 158 159 160 161 162 163 164 165 166 167 168 169 170 171 172 173 174 175 176 177 178 179 180 181 182 183 184 185 186 187 188 189 190 191 192 193 194 195 196 204 205 206 207 209 215 216 219 220 221 222 223 224 230 231 232 244 245 246 258 259 260 261 267 268 272 273 274 275 286 287 288 289 292 294 301 302 303 315 316 317 329 330 331 343 344 345 350 351 357 358 359 365 366 367 368 369 371 372 373 374 375 376 380 381 382 383 393 394 395 396 397 398 399 400 401 402 403 404 405 406 407 408 409 410 411 412 413 414 415 416 417 418 419 420 421 422 423 424 425 426 427 428 429 430 431 432 433 434 435 436 437 438 439 440 441 442 443 444 445 446 447 448 449 450 451 452 453 454 455 456 457 458 459 460 461 462 463 464 465 466 467 468 469 470 471 472 473 474 475 476 477 478 479 480 481 482 483 484 485 486 487 488 489 490 491 492 493 494 495 496 497 498 499 500 501 502 503 504 505 506 507 508 509 510 511 512 513 514 515 516 517 518 519 520 521 522 523 524 525 526 527 528 529 530 531 532 533 534 535 536 537 538 539 540 541 542 543 544 545 546 547 548 549 550 551 552 553 554 555 556 557 558 559 560 561 562 563 564 565 566 567 568 569 570 571 572 573 574 575 576 577 578 579 580 581 582 583 584 585 586 587 588 594 595 596 597 598 599 600 601 602 603 604 605 606 607 608 609 610 611 612 613 614 615 616 617 622 623 624 625 629 630 634 636 637 638 639 640 643 644 645 646 647 648 649 651 652 653 657 658 659 660 661 665 666 667 669 670 671 672 675 676 677 678 680 681 682 683 684 685 686 687 688 689 693 694 695 703 704 705 708 709 710 711 712 713 714 715 716 717 718 719 720 721 722 723 724 728 729 730 731 732 733 734 735 736 737 738 739 740 741 742 743 744 745 746 747 748 749 750 751 752 753 754 755 757 758 759 760 761 762 763 764 769 770 771 772 773 774 775 776 777 778 779 780 781 782 783 784 0
12 13 14 15 16 17 18 19 20 21 22 23 24 25 26 27 28 29 30 31 32 33 34 35 36 37 38 39 40 41 42 43 44 45 46 47 50 52 54 55 56 57 58 62 63 64 65 66 67 69 70 71 72 74 75 77 78 79 80 81 82 83 85 86 87 88 90 91 92 93 95 96 97 99 101 105 106 107 109 110 111 112 113 114 115 116 119 120 121 123 124 125 127 129 130 133 134 135 137 138 139 141 142 143 144 145 147 148 149 151 152 153 155 156 157 158 159 160 162 163 165 166 167 168 169 170 171 172 173 174 175 176 177 178 179 180 181 182 183 184 185 186 187 188 189 193 194 195 197 204 205 206 207 208 209 210 211 212 216 217 218 219 220 221 222 223 224 225 226 227 228 229 230 231 232 233 234 235 236 237 238 239 240 244 245 246 247 248 253 254 258 260 261 262 267 268 269 274 275 279 281 282 283 286 288 289 290 292 293 295 296 300 301 302 303 304 305 306 307 309 310 316 317 318 323 326 330 331 332 333 334 335 337 338 339 340 341 342 343 344 345 346 349 351 352 353 354 355 356 357 358 359 360 361 362 363 364 365 366 367 368 369 370 371 372 373 374 375 376 377 379 380 381 382 383 385 387 388 392 393 394 395 396 397 398 399 400 401 402 403 404 405 406 407 408 409 410 411 412 413 414 415 417 418 419 420 421 422 426 427 428 434 439 440 441 442 443 447 448 449 452 453 454 455 456 457 462 463 464 465 467 470 471 472 476 481 482 483 484 485 487 488 489 490 491 492 493 499 504 511 512 513 514 515 516 517 519 521 522 524 526 527 528 532 533 537 538 539 540 541 544 545 546 547 548 549 550 551 553 554 555 560 561 562 563 564 565 566 567 568 569 570 571 574 575 576 577 578 579 581 582 584 585 586 587 588 589 596 597 598 599 600 601 602 607 608 609 610 611 612 613 614 615 616 618 621 622 623 624 625 627 628 629 630 636 637 638 639 643 644 650 651 652 653 657 658 660 664 665 666 672 678 679 680 681 683 684 685 686 692 693 694 700 706 707 708 709 712 713 714 720 721 722 728 734 735 740 741 742 743 744 745 746 747 748 749 750 751 755 756 757 758 759 760 761 762 763 764 765 766 767 768 769 770 771 772 773 774 775 776 778 779 780 784 0
2 3 4 5 6 7 10 11 12 15 17 18 20 21 24 25 26 27 28 30 31 32 33 34 35 36 37 38 40 41 42 44 45 46 47 48 50 53 55 56 62 63 67 68 75 82 85 86 87 89 92 93 94 95 96 99 100 101 102 103 104 105 106 107 108 109 110 111 113 114 115 118 120 121 123 124 125 127 128 129 130 131 132 134 135 137 138 139 141 142 143 144 145 146 149 150 151 154 156 157 158 159 160 161 165 166 168 169 170 172 173 174 175 177 179 180 181 182 183 184 185 186 187 189 190 191 192 193 194 197 198 200 201 203 205 206 208 209 210 213 214 215 216 217 220 221 222 223 224 227 228 229 230 231 232 234 235 236 237 238 239 240 241 242 243 244 245 246 247 249 250 251 252 253 254 256 257 258 260 261 263 264 265 266 267 268 270 271 272 275 276 277 278 279 282 283 284 286 288 289 290 291 292 293 294 295 296 297 298 299 300 301 302 304 305 306 309 311 312 313 315 316 318 319 322 323 326 327 329 330 332 333 334 336 337 338 339 340 341 342 345 346 347 348 349 350 353 354 355 357 360 361 362 367 368 369 375 376 379 382 386 387 388 389 390 0
1 3 4 11 12 13 16 18 20 22 23 24 25 26 27 28 29 30 32 33 34 38 39 40 41 43 45 46 47 49 50 51 52 54 55 56 57 58 59 60 61 62 63 69 70 72 76 77 79 82 84 86 87 88 89 92 93 94 97 98 99 104 105 108 109 110 111 112 113 115 116 117 118 119 120 122 123 124 125 126 127 128 129 130 131 132 135 136 137 138 139 140 141 142 143 144 145 146 147 148 150 151 154 155 157 158 160 162 163 164 165 167 169 170 171 174 177 178 179 181 184 186 187 188 189 190 192 193 196 199 200 202 203 204 205 207 208 209 214 215 217 219 220 221 222 225 226 230 232 233 235 236 237 238 239 240 241 242 243 246 248 249 252 253 255 256 257 259 262 263 264 266 268 269 270 271 272 273 274 276 277 278 280 281 283 284 285 286 287 288 289 290 291 292 293 294 295 296 297 298 299 300 301 302 304 306 307 308 309 311 313 315 322 323 324 329 330 331 332 336 337 339 340 341 343 344 345 346 347 348 349 350 351 352 353 354 355 356 357 358 359 360 361 362 364 365 366 367 368 369 370 372 373 374 376 377 379 380 381 383 384 385 386 387 389 390 391 0
2 5 6 7 9 13 14 15 17 18 19 20 21 22 24 28 29 31 32 0

10
1 2 3 4 5 6 7 8 9 10 11 12 13 14 15 16 17 18 19 20 21 22 23 24 25 26 27 28 29 30 31 32 33 34 35 36 37 38 39 40 41 42 43 44 45 46 47 48 49 50 51 52 53 54 56 57 58 59 60 61 62 63 64 65 66 67 68 69 70 71 72 73 74 75 76 77 78 79 80 81 82 83 84 85 86 87 88 89 90 91 92 93 94 95 96 97 98 99 100 101 102 103 104 105 106 107 108 109 110 111 112 113 114 115 116 117 118 119 120 121 122 123 124 125 126 127 128 129 130 131 132 133 134 136 137 138 139 140 141 142 143 144 145 146 147 148 149 150 151 152 153 154 155 156 157 158 160 161 162 163 164 165 166 167 168 169 170 171 172 173 174 175 176 177 178 179 180 181 182 183 184 185 186 187 188 189 190 191 192 193 194 195 196 200 201 202 203 204 205 221 222 223 230 234 235 236 237 238 244 245 246 248 249 250 251 258 259 261 262 263 264 271 272 273 274 276 277 278 284 285 286 287 288 289 290 291 292 293 294 297 298 299 300 301 302 303 304 305 308 311 312 313 314 315 316 317 318 319 320 325 326 327 329 330 331 332 341 343 344 345 350 355 356 357 358 362 363 369 370 371 387 388 393 394 395 396 397 398 399 400 401 402 403 404 405 406 407 408 409 410 411 412 413 414 415 416 417 418 419 420 421 422 423 424 425 426 427 428 429 430 431 432 433 434 435 436 437 438 439 440 441 442 443 444 446 448 449 450 451 452 453 454 455 456 457 458 459 460 461 462 463 464 465 466 467 468 469 470 471 473 474 475 476 477 478 479 480 481 482 483 484 485 486 487 488 489 490 491 492 493 494 495 496 497 498 499 500 501 502 503 504 505 506 507 508 509 510 512 513 514 515 516 517 518 519 520 521 522 523 524 526 527 528 529 530 531 532 533 534 535 536 537 538 539 540 541 542 543 544 545 546 547 548 549 550 551 552 553 554 555 556 557 558 559 560 561 562 563 564 565 566 568 569 570 571 572 573 574 575 576 577 578 579 580 581 582 583 584 585 586 587 588 591 592 593 594 595 602 603 604 613 615 616 617 618 619 620 621 622 623 624 625 626 627 628 629 631 637 638 640 641 642 645 647 648 650 651 652 653 654 655 656 657 658 659 661 662 663 664 665 666 667 668 669 670 671 672 673 676 677 678 681 682 683 684 685 686 687 688 689 690 691 692 693 694 695 696 697 698 699 700 702 703 704 705 706 708 709 710 711 712 713 714 715 716 717 718 720 721 722 723 724 725 726 727 728 729 734 736 737 738 739 740 741 742 743 747 748 749 750 751 752 753 754 757 760 761 762 763 764 765 766 767 768 769 770 771 772 773 774 775 776 777 778 779 780 781 782 784 0
12 13 14 15 16 17 18 19 20 21 22 23 24 27 28 29 30 31 32 33 34 35 36 39 40 42 43 44 45 46 47 48 49 50 51 52 53 54 55 56 57 58 59 60 62 63 64 66 67 68 69 70 71 73 74 76 77 78 79 80 81 82 83 85 87 88 89 90 91 92 93 94 95 96 97 98 99 102 103 104 105 106 107 108 109 111 112 113 116 117 118 119 120 121 122 123 124 125 126 127 129 131 132 133 134 135 136 137 138 139 140 141 142 143 145 146 147 148 149 150 151 152 153 154 155 159 160 161 162 164 165 166 167 168 169 174 175 176 177 178 179 180 181 182 186 187 188 189 190 191 192 193 194 195 197 209 210 211 212 213 214 215 216 217 218 220 221 225 226 227 228 229 230 231 233 234 236 237 238 239 240 241 242 243 244 245 247 248 249 250 251 252 253 254 256 257 258 259 260 263 264 265 267 270 271 272 273 274 275 276 277 278 279 280 281 283 284 285 286 287 288 289 290 291 292 293 294 295 296 297 299 300 301 302 303 304 305 307 308 309 310 312 313 314 315 316 317 318 319 320 321 322 323 324 328 329 330 331 332 333 334 335 336 337 338 340 342 343 344 345 346 347 348 349 350 351 356 357 358 359 360 361 362 363 364 365 371 372 373 374 375 376 377 379 384 385 386 388 389 392 393 394 395 396 397 398 399 400 401 402 403 404 405 407 417 421 422 423 424 425 426 427 428 430 431 432 433 434 442 443 444 445 446 447 448 451 452 453 454 455 456 458 460 461 462 463 466 467 468 469 470 471 472 473 474 475 476 480 482 483 484 485 486 487 489 490 491 494 495 496 497 498 499 500 501 504 505 506 507 508 509 510 511 512 513 514 515 518 519 520 521 522 523 524 525 526 527 528 529 530 531 535 536 537 538 540 541 542 543 544 545 546 550 551 552 557 560 564 565 566 567 568 569 574 575 576 577 578 579 580 581 582 583 584 585 586 587 588 589 592 593 594 595 596 602 614 615 616 618 619 620 621 622 627 628 629 630 632 634 637 638 639 640 641 644 646 650 651 652 653 654 655 657 658 661 662 664 667 669 670 671 672 675 676 677 678 679 680 681 684 685 686 690 691 692 693 694 695 696 697 698 699 700 702 703 704 705 706 707 708 709 710 711 712 713 714 717 718 719 720 721 722 723 724 725 726 727 728 732 734 735 736 737 738 739 740 741 742 747 748 751 752 753 754 755 756 763 764 765 766 767 768 769 770 771 775 777 779 780 784 0
2 3 7 10 11 12 13 14 16 17 18 19 20 21 22 23 24 25 27 28 29 30 31 32 33 34 35 40 41 43 44 45 46 47 48 49 50 55 56 58 59 63 65 66 67 68 69 70 73 74 75 76 81 82 83 84 87 89 90 91 95 96 97 98 99 100 101 102 103 106 107 108 109 110 111 112 113 114 115 116 118 119 121 122 123 124 125 126 127 128 129 130 131 132 133 135 137 138 139 144 145 146 149 151 152 153 156 159 160 161 163 165 166 167 168 170 171 173 174 177 178 179 180 181 184 185 186 188 189 193 194 195 196 197 198 199 200 201 202 203 205 208 209 210 212 213 214 215 216 217 218 219 220 221 222 223 224 225 226 227 228 229 230 231 232 233 234 235 236 237 238 241 242 243 244 245 246 247 248 249 251 252 253 254 255 256 257 258 259 260 261 263 264 265 266 268 269 270 271 272 273 275 276 277 278 279 280 282 283 284 285 290 291 292 293 294 295 296 297 298 299 300 301 302 304 305 306 307 308 309 310 311 312 314 315 316 317 318 319 320 321 322 324 325 326 328 329 330 332 333 334 335 336 337 340 341 342 345 346 347 348 349 350 355 356 357 360 363 364 366 367 368 369 370 371 373 374 375 376 377 381 382 383 384 385 389 390 392 0
1 3 4 5 6 7 10 11 12 13 15 18 19 20 21 22 23 25 26 27 31 32 33 34 35 36 39 41 42 43 44 45 46 50 51 52 53 54 55 56 57 58 62 63 64 67 68 69 70 73 74 75 76 77 78 79 81 82 83 84 85 88 89 90 92 95 96 97 98 99 103 104 105 106 107 108 109 110 111 112 113 114 115 116 117 118 119 123 124 125 130 131 132 133 136 137 138 139 141 142 143 144 146 147 148 150 151 152 153 154 156 157 159 160 161 162 163 164 167 168 172 174 176 177 178 179 180 181 182 184 187 188 192 193 194 195 196 197 198 199 202 203 204 205 206 207 209 210 212 213 214 215 216 218 219 220 221 222 223 224 227 228 229 230 231 233 234 235 236 237 238 240 242 243 244 245 246 248 249 250 251 252 253 255 256 257 258 259 260 261 262 263 264 265 266 269 270 271 277 279 280 284 287 288 289 290 291 292 293 294 295 296 297 298 300 301 302 303 304 311 312 318 319 322 323 324 325 326 327 328 329 331 333 334 335 336 339 341 343 344 345 346 347 348 349 350 351 352 353 354 355 356 357 363 364 366 368 369 370 371 372 374 375 376 377 378 379 380 381 382 383 389 390 391 392 0
6 8 9 10 11 12 13 14 15 16 19 22 24 27 29 30 0

11
1 2 3 4 5 6 7 8 9 10 11 12 13 14 15 16 17 18 19 20 21 22 23 24 25 26 27 28 29 30 31 32 33 34 35 36 38 39 40 41 42 43 44 45 46 47 48 49 50 51 52 53 54 55 56 57 58 59 60 61 63 64 65 66 67 68 69 70 71 72 73 74 75 76 77 78 79 80 81 82 83 84 85 86 87 88 89 90 91 92 93 94 95 96 97 98 99 100 101 102 103 104 105 106 107 108 109 110 111 112 113 114 115 116 117 118 119 120 121 122 123 124 125 126 127 128 129 130 131 132 133 134 135 136 137 138 139 140 141 142 143 144 145 147 148 149 150 151 152 153 154 155 156 157 158 159 160 161 162 163 164 165 166 167 168 169 170 171 172 173 174 175 176 177 178 179 180 181 182 183 184 185 186 187 188 189 190 191 192 193 194 195 196 214 216 217 218 219 230 231 232 233 234 239 243 244 245 246 247 248 258 259 260 261 262 271 273 274 275 276 286 287 288 289 290 299 300 301 302 303 304 314 315 316 317 318 319 325 326 327 330 331 332 333 335 336 337 339 340 341 342 343 344 345 346 352 353 354 355 356 357 358 359 360 368 369 370 371 372 373 393 394 395 396 397 398 399 400 401 402 403 404 405 406 407 408 409 410 411 412 413 416 417 418 419 420 421 422 423 424 425 426 428 429 430 431 432 433 434 435 436 437 438 439 440 441 442 443 444 445 446 447 448 449 450 451 452 453 454 455 456 457 458 459 460 461 462 463 464 465 466 467 468 469 470 471 472 473 474 475 476 477 478 479 480 481 482 483 484 485 486 487 488 489 490 491 492 493 494 495 496 497 498 499 500 501 502 503 504 505 506 507 508 509 510 512 513 514 515 516 517 518 519 520 521 522 523 524 525 526 527 528 529 530 531 532 533 534 535 536 537 538 539 540 541 542 543 544 545 546 547 548 549 550 551 552 553 554 555 556 557 558 559 560 561 562 563 564 565 566 567 568 569 570 571 572 573 574 575 576 577 578 579 580 581 582 583 584 585 586 587 588 593 602 603 604 605 606 607 608 609 610 614 616 617 621 622 623 624 625 626 627 628 629 630 631 635 636 637 638 639 640 644 645 650 652 653 654 657 658 659 665 666 667 668 669 670 671 672 673 674 675 676 678 679 680 681 682 684 685 686 691 692 693 694 695 696 697 701 702 703 706 707 708 709 710 713 714 715 716 718 719 720 721 722 723 724 725 726 727 728 729 730 731 732 733 734 735 736 737 738 741 742 743 744 745 746 747 748 749 750 752 753 754 755 756 757 758 759 761 762 763 764 769 770 771 772 773 774 775 776 777 778 779 780 781 782 783 784 0
7 8 14 15 16 17 18 23 24 25 26 27 29 30 31 32 34 35 36 37 41 43 45 46 49 50 51 52 55 57 62 63 64 65 66 69 71 76 77 78 79 80 81 83 84 85 90 91 92 93 94 98 99 101 102 105 106 107 108 109 110 113 117 119 120 121 122 123 124 125 127 128 130 131 134 135 136 137 139 141 142 143 144 145 146 147 148 149 150 151 152 153 154 155 156 157 159 160 161 162 163 164 167 169 170 171 173 174 175 176 177 179 181 183 184 185 186 187 188 195 197 210 211 214 215 216 225 226 227 228 229 231 232 233 234 239 240 244 245 246 247 248 249 253 259 260 261 262 263 267 272 273 274 275 276 277 281 286 287 288 289 290 291 295 296 298 300 301 302 303 304 305 309 310 311 312 314 315 316 317 318 319 323 324 325 327 331 332 333 337 338 340 341 342 343 344 345 346 347 349 351 352 353 354 355 356 357 358 359 360 363 365 366 367 368 369 370 371 372 373 377 379 387 392 393 394 395 396 397 398 399 400 401 402 403 404 405 409 410 411 412 413 414 415 417 420 421 424 425 426 427 428 429 430 431 432 434 435 436 437 438 439 440 441 442 443 444 445 448 453 454 455 456 457 458 459 461 462 467 468 469 470 471 472 473 476 477 478 479 481 482 483 484 485 486 487 490 494 495 496 498 499 500 501 504 505 509 510 511 512 513 514 515 516 518 519 520 521 522 523 524 526 527 528 529 531 533 534 535 536 537 538 539 540 541 542 543 546 547 548 549 550 551 552 553 554 555 556 557 558 560 563 564 565 566 567 568 569 574 575 580 581 582 583 584 585 586 587 588 589 602 605 606 607 608 609 610 616 623 625 630 632 635 636 637 638 639 644 649 650 651 652 653 654 657 658 665 666 667 672 677 678 681 682 685 686 691 692 693 694 695 696 700 707 708 709 714 718 719 723 727 728 731 732 733 734 735 736 737 739 742 744 745 746 747 748 749 750 751 752 756 758 761 762 763 764 770 771 774 775 784 0
2 4 9 10 11 12 13 14 16 17 19 20 21 23 24 25 26 27 28 29 30 31 32 34 36 37 38 39 41 42 43 44 45 46 47 48 50 52 53 54 56 59 60 61 67 68 69 73 74 75 76 80 82 83 85 86 87 88 89 92 93 94 95 99 100 102 105 107 108 109 112 113 114 116 117 122 123 124 125 127 128 129 130 131 132 134 135 136 138 139 140 141 142 143 144 145 146 147 149 150 153 154 156 157 158 159 160 161 165 166 168 170 171 172 173 175 178 179 180 181 182 183 184 185 186 187 189 191 192 193 194 196 197 198 199 200 201 203 204 205 206 207 208 209 210 212 213 215 216 217 219 220 221 222 223 224 225 226 227 228 229 230 231 232 233 234 235 236 237 238 239 240 242 243 244 245 246 247 248 249 250 251 253 255 256 257 258 259 262 263 265 268 269 270 271 272 275 276 278 279 282 283 284 286 288 289 290 291 292 293 294 295 296 297 298 299 300 301 302 304 305 306 307 308 309 312 314 315 316 317 319 320 321 322 323 324 325 326 327 328 329 332 333 334 335 336 337 338 339 341 342 345 346 347 348 349 350 353 354 355 356 361 362 363 367 368 370 373 374 375 376 377 379 380 381 382 385 386 387 388 389 390 0
1 2 3 4 5 6 8 9 10 11 13 14 15 16 17 18 19 21 24 26 28 29 30 31 32 33 34 36 37 38 39 40 41 42 43 44 45 46 47 49 50 51 55 56 57 59 62 63 64 65 69 70 71 77 80 81 82 84 85 88 89 90 92 93 94 97 98 109 110 111 112 116 117 118 122 123 124 125 128 129 130 131 132 133 134 136 139 140 141 142 143 144 145 146 147 148 149 150 151 153 155 157 158 159 160 161 162 163 164 166 167 168 170 173 174 175 176 178 179 180 181 182 183 184 186 187 188 189 190 191 192 193 194 196 198 199 200 203 205 206 207 208 209 210 214 215 216 219 220 221 222 223 224 225 226 227 228 230 231 233 234 235 236 237 239 240 241 242 244 246 252 253 255 256 257 258 261 262 264 265 266 271 272 273 276 277 279 280 282 283 284 285 286 287 289 291 292 293 294 295 296 297 298 301 303 304 305 306 310 311 312 313 314 316 317 318 321 323 324 325 328 330 331 332 334 337 338 339 340 341 344 345 346 347 348 349 351 354 355 357 358 360 361 363 364 365 366 367 368 369 370 371 374 375 376 377 378 379 381 382 383 384 385 386 387 388 389 391 392 0
2 3 5 7 10 11 14 15 23 26 27 28 31 0

12
1 2 3 4 5 6 7 8 9 10 11 12 13 14 15 16 17 18 19 20 21 22 23 24 25 26 27 28 29 30 31 32 33 34 35 36 37 38 39 40 41 42 43 44 45 46 47 48 49 50 51 52 53 54 55 56 57 58 59 60 61 62 63 64 65 66 67 68 69 70 71 72 73 74 75 76 77 78 79 80 82 83 84 85 86 87 88 89 90 91 92 93 94 95 96 97 98 99 100 101 102 103 104 105 106 107 108 109 110 111 112 113 114 115 116 117 118 119 120 121 122 123 124 125 126 127 128 129 130 131 132 133 134 135 136 137 138 139 140 141 142 143 144 145 146 147 148 149 150 151 152 153 154 155 156 157 158 159 160 161 162 163 164 165 166 167 168 169 170 171 172 173 174 175 176 177 178 179 180 181 182 183 184 185 186 187 188 189 190 191 192 193 194 195 196 201 209 210 216 225 226 227 231 232 248 249 250 251 256 259 260 261 262 263 264 265 266 267 268 271 273 274 275 276 277 278 279 287 288 289 290 298 299 300 301 302 305 311 312 314 315 316 317 325 326 327 328 329 330 331 337 339 340 341 342 343 344 352 393 394 395 396 397 398 399 400 401 402 403 404 405 406 407 408 409 410 411 412 413 414 415 416 417 418 419 420 421 422 423 424 425 426 427 428 429 430 431 432 433 434 435 436 437 438 439 440 441 442 443 444 445 446 447 448 449 450 451 452 453 454 455 456 457 458 459 460 461 462 463 464 465 466 467 468 469 470 471 472 473 474 475 476 477 478 479 480 481 482 483 484 485 486 487 488 489 490 491 492 493 494 495 496 497 498 499 500 501 502 503 504 505 506 507 508 509 511 512 513 514 515 516 517 518 519 520 521 522 523 524 525 526 527 528 529 530 531 532 533 534 535 536 537 538 539 540 541 542 543 544 545 546 547 548 549 550 551 552 553 554 555 556 557 558 559 560 561 562 563 564 565 566 567 568 569 570 571 572 573 574 575 576 577 578 579 580 581 582 583 584 585 586 587 588 595 603 604 605 606 607 608 609 610 611 617 618 622 623 624 625 626 627 633 634 635 636 637 638 639 640 641 642 643 644 645 646 647 649 650 651 652 653 654 655 656 657 658 659 660 661 662 663 664 665 666 667 668 669 670 672 673 675 676 677 678 679 680 681 682 683 684 685 687 692 693 694 697 701 704 705 706 707 708 710 711 712 714 715 716 717 718 719 720 721 722 724 726 727 728 729 730 731 732 733 734 735 738 740 741 742 743 744 745 746 747 748 749 750 751 752 753 758 759 760 761 762 763 764 765 766 768 769 770 771 773 776 777 778 780 781 782 784 0
6 14 15 16 17 18 19 20 21 22 23 24 27 29 30 31 32 33 34 35 36 37 38 43 44 45 46 47 48 49 50 51 53 54 55 56 57 58 59 60 61 62 63 64 65 66 67 68 69 70 71 72 73 74 75 76 77 78 79 80 81 82 83 84 85 86 87 88 90 91 92 93 94 99 101 102 104 105 106 109 113 116 117 118 119 120 121 123 124 127 131 132 133 134 135 138 139 141 142 146 147 148 149 150 152 153 155 156 157 164 167 168 169 170 171 172 174 175 176 177 178 181 183 184 185 186 187 188 189 190 191 192 195 197 202 203 204 210 211 212 213 214 215 216 217 218 219 220 225 226 227 228 229 230 231 232 233 234 235 239 240 241 244 245 246 247 248 250 251 252 253 254 255 256 257 258 259 260 261 262 263 264 265 266 267 268 269 270 271 272 273 274 275 276 277 278 279 280 281 282 283 284 285 286 287 288 289 290 291 295 296 297 298 299 300 301 302 303 305 306 309 310 311 313 314 315 316 317 318 323 324 326 327 328 329 330 331 332 337 338 339 340 341 342 343 344 345 346 349 351 352 353 354 355 356 359 360 365 366 367 368 369 370 371 372 373 374 379 392 393 394 395 396 397 398 399 400 401 402 403 404 405 406 407 408 409 412 413 414 420 421 422 429 430 431 433 434 443 444 445 446 447 448 449 450 451 452 453 454 455 456 457 458 459 460 461 462 463 464 465 467 468 469 470 471 472 473 474 475 476 482 483 484 485 486 487 488 490 494 495 496 497 499 500 501 504 508 509 510 511 512 513 518 519 520 521 522 523 524 525 527 532 533 535 537 538 539 540 544 545 546 547 549 550 551 552 553 560 563 564 565 566 567 568 569 570 574 575 576 582 583 584 585 586 587 588 589 594 595 602 607 608 609 610 616 618 619 620 621 622 623 624 625 630 632 639 640 641 642 643 644 648 649 650 651 652 653 654 655 656 657 658 660 661 662 663 664 665 666 667 668 669 670 672 674 675 676 677 678 679 680 681 683 684 686 688 689 690 691 692 693 694 695 696 697 700 704 705 706 707 708 714 717 718 720 721 722 724 728 729 731 732 733 734 735 737 742 743 744 747 748 749 756 758 759 763 764 765 770 771 784 0
1 2 3 4 11 12 13 14 15 16 17 18 19 20 21 23 24 25 26 27 28 29 30 31 32 33 35 37 38 39 40 42 43 44 45 46 47 48 50 53 56 58 59 60 61 62 63 65 66 68 69 70 72 74 75 76 79 80 81 82 85 86 87 88 92 93 94 95 99 100 101 102 103 104 105 106 107 108 109 110 112 113 114 115 116 117 118 120 121 122 123 124 125 126 127 128 130 132 133 134 137 138 139 140 141 142 143 146 149 151 152 153 154 155 156 157 158 159 160 161 164 165 166 167 168 170 171 172 173 174 177 178 179 180 182 184 185 186 187 189 190 191 197 198 200 201 202 203 205 206 207 208 209 210 213 214 215 216 217 218 219 220 221 222 223 224 225 226 227 228 229 231 232 233 234 235 236 238 239 240 241 242 245 246 247 248 249 251 253 254 255 256 257 258 259 260 261 262 263 264 265 266 267 268 269 270 271 272 273 274 275 276 277 278 279 280 281 282 283 284 285 286 288 289 290 291 293 294 295 296 297 298 299 300 301 302 305 306 307 308 309 311 313 314 315 316 317 318 319 320 321 322 323 324 325 326 329 330 332 333 334 336 337 340 341 342 345 346 347 348 349 350 354 355 356 357 360 361 362 363 366 367 368 369 370 371 373 375 376 379 381 382 387 389 0
1 3 4 6 7 8 10 11 13 14 15 16 17 18 19 20 21 22 23 24 26 27 28 29 30 32 33 36 37 38 40 41 43 44 45 46 50 51 52 53 54 55 56 57 58 59 60 63 66 67 68 69 70 71 72 73 74 75 77 79 80 84 85 86 87 88 90 92 93 94 96 97 98 99 101 102 107 108 109 111 112 113 114 115 116 117 122 123 127 128 129 130 133 134 140 142 144 145 146 147 148 150 151 152 153 155 156 157 158 159 161 162 163 165 166 168 169 171 177 178 179 180 182 183 184 186 187 189 190 191 192 195 196 198 199 201 202 204 205 206 207 208 209 210 211 212 213 215 217 218 219 221 224 225 226 227 228 231 232 234 235 237 238 239 240 241 242 246 248 251 252 253 254 255 256 257 258 260 261 262 263 264 265 266 269 270 271 275 276 277 278 280 286 287 288 289 290 291 292 293 294 295 296 297 298 299 300 302 303 304 305 306 309 310 312 313 314 315 316 317 318 319 320 321 322 323 324 325 331 332 333 336 337 338 340 341 342 343 344 345 346 348 349 351 352 353 355 358 359 360 361 362 363 365 368 369 370 372 374 376 377 378 379 380 381 383 386 389 390 0
3 8 11 21 22 25 28 29 30 31 0

13
1 2 3 4 5 6 7 8 9 10 11 12 13 14 15 16 17 18 19 20 21 22 23 24 25 26 27 28 29 30 31 32 33 34 35 36 37 38 39 40 41 42 43 44 45 46 47 48 49 50 51 52 53 54 55 56 57 58 59 62 63 64 65 66 67 68 69 70 71 72 73 74 75 76 77 78 79 80 81 82 83 84 85 86 87 88 89 90 91 92 93 94 95 96 97 98 99 100 101 102 103 104 105 106 107 108 109 110 111 112 113 114 115 116 117 118 119 120 121 122 123 124 125 126 127 128 129 130 131 132 133 134 136 137 138 139 140 141 142 143 144 145 146 147 148 149 150 151 152 153 154 155 156 157 158 159 160 161 162 163 164 165 166 167 168 169 170 171 172 173 174 175 176 177 178 179 180 181 182 183 184 185 186 187 188 189 190 191 192 193 194 195 196 205 206 207 208 209 210 227 228 229 230 231 232 233 234 240 241 242 243 244 245 246 247 248 254 255 256 257 258 259 260 261 262 266 271 273 274 275 276 286 287 288 289 290 291 299 300 301 302 303 304 305 306 308 314 315 316 317 318 319 320 326 327 328 330 331 332 333 334 335 337 339 340 341 342 343 344 346 347 348 351 354 355 356 357 358 359 360 361 362 363 364 366 367 368 369 370 371 372 373 374 375 378 393 394 395 396 397 398 399 400 401 402 403 404 405 406 407 408 409 410 411 412 413 414 415 416 417 418 419 420 421 422 423 424 425 426 427 428 429 430 431 432 433 434 435 436 437 438 439 440 441 442 443 444 445 446 447 448 449 450 451 452 453 454 455 457 458 459 460 461 462 463 464 465 466 467 468 469 470 471 472 473 474 475 476 477 478 479 480 481 482 483 484 485 486 487 488 489 490 491 492 493 494 495 496 497 498 499 500 501 502 503 504 505 506 507 508 509 510 512 513 514 515 516 517 518 519 520 521 522 523 524 525 526 527 529 530 531 532 533 534 535 536 537 538 539 540 541 542 543 544 545 546 547 548 549 551 552 553 554 555 556 557 558 559 560 561 562 563 564 565 566 567 568 569 570 571 572 573 574 575 576 577 578 579 580 581 582 583 584 585 586 587 588 596 597 598 599 600 601 602 606 607 609 610 611 616 617 618 619 620 621 622 623 624 625 626 627 628 629 630 631 632 633 634 635 636 637 638 639 640 644 646 647 648 649 650 651 652 653 654 655 656 657 658 659 663 664 665 666 667 668 669 670 671 672 673 675 677 678 679 680 681 682 683 684 685 686 687 688 691 692 693 694 695 696 697 698 699 700 701 702 703 706 707 708 709 710 711 712 714 715 716 717 718 719 720 721 724 725 726 727 728 729 732 733 734 735 736 737 738 739 740 741 742 743 744 745 746 747 748 749 750 751 752 753 754 755 756 757 758 759 760 761 762 763 764 765 766 767 768 769 770 771 772 773 774 775 776 777 778 779 780 781 782 0
14 15 21 22 23 24 25 26 27 28 29 31 32 33 34 35 36 37 38 39 40 41 42 44 46 47 48 49 50 51 52 53 54 55 56 59 60 61 62 63 64 65 66 67 68 69 70 71 76 77 78 79 80 82 83 84 90 91 92 93 94 96 97 98 99 105 106 107 108 109 110 111 113 114 115 119 120 121 122 123 124 125 126 127 128 129 131 133 135 136 137 138 139 140 141 142 143 144 145 146 147 148 149 150 151 152 153 154 155 156 157 158 159 160 161 163 164 165 166 168 169 170 171 173 174 175 176 177 178 179 181 182 183 184 185 186 187 188 191 193 194 195 197 210 211 212 218 219 220 221 222 223 224 225 226 228 229 230 231 232 233 235 236 237 239 240 241 242 243 244 245 246 247 248 250 251 252 253 255 256 257 258 259 260 261 262 263 266 267 268 271 272 274 275 276 277 278 279 280 281 286 287 288 289 290 291 292 293 294 295 296 300 301 302 303 304 305 306 307 308 309 310 311 312 316 317 318 319 320 321 322 323 324 325 326 329 330 331 332 333 334 335 337 338 339 340 341 342 343 345 346 347 348 349 350 351 352 354 355 356 357 358 359 360 361 362 364 365 366 367 368 369 370 371 372 373 374 375 377 378 379 382 383 384 388 389 392 393 394 395 396 397 398 399 400 401 402 403 404 405 406 407 409 413 415 416 417 420 421 422 423 424 425 426 427 428 430 431 432 433 435 436 437 438 439 440 441 442 443 444 448 449 450 451 452 453 454 455 457 458 459 461 462 463 464 465 466 467 469 470 471 472 473 474 476 477 480 481 482 483 484 485 486 488 489 490 491 494 495 496 497 498 499 500 501 503 504 505 509 510 511 512 513 514 515 516 517 518 519 520 521 522 524 525 526 527 528 529 530 531 532 533 535 536 537 538 540 541 542 544 545 547 549 550 551 552 553 554 555 556 557 558 559 560 562 563 564 565 566 567 568 569 570 571 572 574 575 576 577 578 579 580 581 582 583 584 585 586 587 588 589 597 598 599 600 601 602 609 610 611 612 613 614 615 616 619 620 621 622 623 624 625 626 628 629 630 631 632 633 634 635 636 637 638 639 640 642 643 644 645 646 647 648 649 650 651 652 653 656 657 658 659 664 665 666 667 669 671 672 677 678 680 681 682 683 684 685 686 691 692 693 694 695 696 697 698 699 700 708 709 710 711 712 714 715 716 717 719 724 725 726 728 730 731 732 733 734 735 736 737 738 739 741 742 744 745 746 747 748 749 750 751 752 754 755 756 757 758 759 760 761 762 763 764 765 766 767 769 770 771 774 776 777 778 779 780 781 782 784 0
2 5 6 7 8 9 10 11 12 13 16 17 18 19 20 21 23 24 25 26 27 29 30 32 33 34 35 36 37 38 39 40 41 42 43 44 45 46 47 48 49 50 51 52 53 55 56 57 58 59 60 61 63 66 67 68 69 73 74 75 76 78 81 82 83 84 85 86 87 88 89 90 91 92 93 94 95 96 97 99 103 104 105 106 107 108 109 111 115 116 117 118 121 122 123 124 125 129 130 131 132 133 134 135 136 137 138 139 140 141 142 144 145 146 147 148 149 152 153 154 155 156 157 158 159 160 161 162 163 164 165 166 167 168 172 173 174 175 176 178 179 180 181 182 183 184 185 186 187 188 189 191 192 193 194 195 196 197 198 200 201 203 204 205 206 207 208 209 210 211 212 213 214 215 216 217 219 220 221 222 223 225 226 227 228 229 230 231 232 233 234 236 237 238 239 240 241 242 243 244 245 246 247 248 249 250 251 253 255 256 257 258 260 261 262 263 264 265 268 269 270 271 272 273 276 277 278 279 280 282 283 284 285 286 287 288 289 290 291 292 293 294 295 296 297 298 300 301 302 303 304 305 306 307 309 310 311 312 313 314 315 316 319 320 321 322 323 324 325 326 327 328 329 330 331 332 333 334 335 336 337 338 339 340 341 342 343 344 345 346 347 348 349 350 351 352 353 354 355 356 359 360 361 362 363 364 367 368 369 370 371 372 373 374 376 377 378 379 380 381 382 383 384 385 386 387 388 389 390 391 0
1 3 4 5 8 9 10 11 12 13 14 15 16 17 18 19 21 22 23 24 25 26 28 31 32 33 34 36 37 38 39 40 41 42 43 44 45 46 47 48 49 50 55 56 57 59 60 62 63 64 65 66 67 69 71 74 75 76 77 78 79 80 81 82 83 84 85 86 88 89 90 91 92 94 95 96 97 98 101 102 103 104 105 106 109 110 116 117 118 119 121 123 124 125 127 128 129 131 132 133 134 136 137 138 139 140 141 142 143 144 145 146 147 148 149 150 151 152 153 155 156 157 158 159 160 161 162 163 165 166 167 168 169 170 171 173 174 175 178 179 180 181 182 183 184 185 186 187 188 189 190 191 192 193 194 195 196 197 198 199 201 202 204 207 208 209 210 211 213 214 215 216 217 220 221 222 223 225 226 227 228 230 231 232 233 234 235 236 237 238 239 240 241 242 243 244 245 249 250 251 252 254 255 256 257 258 259 260 261 262 263 264 269 270 271 272 275 276 277 278 279 280 281 282 283 284 285 286 287 288 289 290 291 292 293 294 295 296 297 298 299 300 301 302 303 304 305 306 308 309 310 311 312 313 314 316 317 318 319 320 321 323 324 325 326 327 328 330 331 332 333 334 335 336 337 338 339 340 341 342 343 344 345 346 347 348 349 350 351 355 356 358 359 360 361 363 364 371 372 373 374 375 376 377 378 379 380 381 382 383 384 385 386 387 388 389 390 391 392 0
3 4 5 6 7 9 10 11 14 15 16 21 22 27 29 31 32 0

14
1 2 3 4 5 6 7 8 9 10 11 12 13 14 15 16 17 18 19 20 21 22 23 24 25 26 27 28 29 30 31 32 33 34 35 36 37 38 39 40 41 42 43 44 45 46 47 48 49 50 51 52 53 54 55 56 57 58 59 60 61 62 63 65 66 67 68 69 70 71 72 73 74 75 76 77 78 79 80 81 82 83 84 85 86 87 88 89 90 91 92 93 94 95 96 97 98 99 100 101 103 104 105 106 107 108 109 110 111 112 113 114 115 116 117 118 119 120 121 122 123 124 125 126 127 128 129 130 131 132 133 134 135 136 137 138 139 140 141 142 143 144 145 146 147 148 149 150 151 152 153 154 155 156 157 158 159 160 161 162 163 164 165 166 167 168 169 170 171 172 173 174 175 176 177 178 179 180 181 182 183 184 185 186 187 188 189 190 191 192 193 194 195 196 204 205 206 211 213 214 215 217 218 220 231 232 233 234 235 245 246 247 248 258 259 260 261 271 272 273 274 275 276 277 283 284 285 286 287 289 290 291 298 299 300 301 302 303 304 305 306 312 313 314 315 316 317 318 319 320 323 326 327 329 330 331 332 333 340 341 342 343 344 345 346 352 354 355 356 357 358 359 367 368 369 379 393 394 395 396 397 398 399 400 401 402 403 404 405 406 407 408 409 410 411 412 413 414 415 416 417 418 419 420 421 422 423 424 425 426 427 428 429 430 431 432 433 434 435 436 437 438 439 440 441 442 443 444 445 446 447 448 449 450 451 452 453 454 455 456 457 458 459 460 461 462 463 464 465 466 467 468 469 470 471 472 473 474 475 476 477 478 479 480 481 482 483 484 485 486 487 488 489 490 491 492 493 494 495 496 497 498 499 500 501 502 503 504 505 506 507 508 509 510 511 512 514 515 516 517 518 519 520 521 522 523 524 525 526 527 528 529 530 531 532 533 534 535 536 537 538 539 540 541 542 543 544 545 546 547 548 549 550 551 552 553 554 555 556 557 558 559 560 561 562 563 564 565 566 567 568 569 570 571 572 573 574 575 576 577 578 579 580 581 582 583 584 585 586 587 588 591 592 593 596 598 599 600 601 603 604 605 606 607 608 609 610 611 612 614 616 617 623 624 625 626 627 629 630 631 632 636 637 638 643 645 646 649 650 651 652 653 654 658 659 660 661 662 663 664 665 667 668 669 671 673 674 675 676 677 678 679 680 681 682 683 684 690 691 693 694 695 696 697 698 700 701 702 703 704 705 706 707 708 709 710 711 715 716 717 718 719 720 721 722 724 725 726 727 729 730 731 732 733 734 735 736 737 738 739 740 741 742 743 744 745 746 747 748 749 750 752 754 755 756 757 758 759 760 761 767 768 769 770 771 772 773 774 775 776 777 778 779 780 784 0
1 2 3 8 9 10 14 15 16 17 18 19 20 22 23 24 26 27 29 30 31 32 33 35 36 37 38 39 40 41 43 44 48 49 50 51 52 54 55 57 58 61 62 63 64 65 66 71 72 73 75 76 77 78 79 80 85 86 87 88 89 90 91 92 93 94 95 96 99 100 102 103 104 105 106 107 108 109 110 113 114 116 117 118 119 120 121 122 123 124 127 128 129 130 131 132 133 134 135 136 137 141 142 143 145 146 147 148 149 150 155 156 157 158 159 160 161 162 163 165 166 167 169 170 171 172 173 174 179 180 181 183 184 185 186 187 188 192 193 194 195 197 198 199 200 201 203 204 205 206 207 210 211 212 213 214 215 216 217 218 219 220 221 222 223 225 226 227 228 229 230 231 232 233 234 235 236 237 239 240 242 243 245 246 247 248 250 253 254 256 257 258 259 260 261 267 268 269 270 272 273 274 275 276 277 281 282 283 284 286 287 288 289 290 291 292 295 296 297 298 299 300 301 302 303 304 305 306 307 309 310 311 312 313 314 315 316 317 318 319 320 323 324 325 326 327 328 329 330 331 332 333 334 337 338 339 340 341 342 343 344 345 346 351 352 353 354 355 356 357 358 359 362 363 365 366 367 368 369 370 371 376 377 379 380 381 392 393 394 395 396 397 398 399 400 401 402 403 404 405 407 408 409 410 411 412 413 414 415 416 417 419 420 426 427 428 429 430 431 432 434 440 441 448 449 450 452 454 455 456 457 458 460 462 463 465 466 467 468 469 470 471 472 473 475 476 477 478 479 481 482 484 485 486 487 488 489 490 494 495 496 497 498 499 500 501 502 503 504 505 506 507 508 509 511 512 513 514 515 517 518 519 520 521 522 524 525 526 527 528 529 532 533 534 535 536 537 538 539 540 542 543 544 546 547 550 551 552 553 554 555 556 557 559 560 561 562 563 564 567 570 571 572 573 574 575 576 577 578 579 580 581 582 583 584 585 586 589 590 591 595 596 597 598 602 604 605 606 607 608 609 610 611 612 613 614 616 618 619 620 621 622 623 624 625 626 627 628 629 630 636 637 638 640 644 646 648 649 650 651 653 658 663 665 668 669 672 674 675 676 677 678 679 680 682 683 684 686 688 690 693 694 695 696 697 698 700 703 704 705 706 707 708 709 710 711 712 714 715 716 717 718 720 721 722 723 724 728 729 730 731 732 733 734 735 736 737 742 743 744 748 749 750 754 756 757 758 759 760 762 763 764 766 767 769 770 771 772 783 784 0
1 2 3 4 5 10 11 16 17 18 19 21 23 24 25 26 27 29 30 31 33 34 35 36 37 39 40 41 42 43 44 47 49 50 51 52 53 54 55 56 58 61 67 68 69 73 74 75 76 77 78 80 81 82 83 85 86 88 89 92 93 94 98 99 100 101 102 103 104 105 106 107 108 109 110 111 113 114 116 117 118 119 120 121 122 127 128 129 130 131 132 134 135 136 137 138 139 140 141 142 143 144 145 148 149 150 151 152 154 156 157 158 159 161 164 165 167 168 171 172 173 174 175 177 178 179 180 181 182 183 185 186 187 188 189 190 191 192 197 198 200 201 202 203 204 205 206 208 209 210 213 214 216 217 219 220 221 223 224 225 226 227 228 229 230 232 233 234 235 236 237 238 239 241 243 244 245 246 247 249 250 251 252 253 254 256 257 258 260 261 262 263 264 265 267 268 269 270 271 272 273 274 275 276 277 278 279 280 281 282 283 284 285 286 287 288 289 291 292 293 295 296 297 298 299 301 302 303 304 305 306 307 308 309 310 311 312 313 314 316 318 319 320 321 323 324 325 326 327 328 329 330 331 332 333 334 335 336 337 338 340 341 342 345 346 347 348 350 353 354 355 359 360 361 363 364 366 367 369 370 371 372 373 374 375 376 377 378 379 381 382 384 386 387 389 390 0
1 2 3 4 10 13 14 16 17 18 20 21 22 23 24 25 26 27 28 30 31 32 34 35 37 38 39 40 41 42 43 45 46 47 49 50 52 53 55 56 57 58 59 61 62 63 64 66 67 68 69 70 71 72 73 74 75 76 77 78 79 80 81 82 83 84 85 86 87 88 89 90 91 92 93 94 95 96 97 98 99 101 102 103 104 106 107 108 109 110 113 114 115 116 117 121 122 123 124 125 126 127 129 130 134 135 136 138 142 143 145 146 147 148 149 151 152 153 155 157 158 159 160 161 162 163 164 165 166 167 168 170 171 172 173 174 175 177 178 179 180 181 182 183 184 185 186 187 188 190 191 192 193 195 197 199 200 201 203 204 208 209 212 213 214 215 216 218 219 220 221 224 225 226 227 228 230 231 232 233 234 235 238 239 240 241 242 246 248 249 250 252 253 254 255 256 257 259 260 261 262 263 264 266 267 268 269 270 273 275 276 277 278 280 281 282 287 288 289 290 291 292 293 294 295 296 297 298 299 300 301 302 303 305 306 310 311 312 313 314 317 318 319 320 323 324 325 326 328 330 331 332 333 334 335 336 338 339 340 341 343 344 345 346 348 349 350 351 352 354 355 358 359 360 361 362 365 367 368 369 370 371 372 373 376 377 378 379 380 382 383 384 386 387 388 389 391 392 0
2 4 5 6 7 9 10 11 13 14 15 16 20 21 23 27 29 30 0

15
1 2 3 4 5 6 7 8 9 10 11 12 13 14 15 16 17 18 19 20 21 22 23 24 25 26 27 28 29 30 31 32 33 34 35 36 37 38 39 40 41 42 43 44 45 46 47 48 49 50 51 52 53 54 55 56 57 58 59 60 61 62 63 64 65 66 67 68 69 70 71 72 73 74 75 76 77 78 79 80 81 82 83 84 85 86 87 88 89 90 91 92 93 94 95 96 97 98 99 100 101 102 103 104 105 106 107 108 109 110 111 112 113 114 115 116 117 118 119 120 121 122 123 124 125 126 127 128 129 130 131 132 133 134 135 136 137 138 139 140 141 142 143 144 145 146 147 148 149 150 151 152 153 154 155 156 157 158 159 160 161 162 164 165 166 167 168 169 170 171 172 173 174 175 177 178 179 180 181 182 183 184 185 186 187 188 189 190 191 192 193 194 195 196 200 201 211 219 220 227 228 229 230 231 232 235 236 237 238 244 245 246 258 259 260 261 272 273 274 275 286 287 288 289 300 301 302 303 312 313 314 315 316 317 325 328 329 330 331 342 343 344 351 352 356 357 358 359 365 371 372 373 379 380 393 394 395 396 397 398 399 400 401 402 403 404 405 406 407 408 409 410 411 412 413 414 415 416 417 418 419 420 421 422 423 424 425 426 427 428 429 430 431 432 433 434 435 436 437 438 439 440 441 442 443 444 445 446 447 448 449 450 451 452 453 454 455 456 457 458 459 460 461 462 463 464 465 466 467 468 469 470 471 472 473 474 475 476 477 478 479 480 481 482 483 484 485 486 487 488 489 490 491 492 493 494 495 496 497 498 499 500 501 502 503 504 505 506 507 508 509 510 511 512 513 514 515 516 517 518 519 520 521 522 523 524 525 526 528 529 530 531 532 533 534 535 536 537 538 539 540 541 542 543 544 545 546 547 548 549 550 551 552 553 554 555 556 557 558 559 560 561 562 563 564 565 566 568 570 571 572 573 574 575 576 577 578 579 580 581 582 583 584 585 586 587 588 589 590 591 592 593 594 599 600 607 608 609 610 611 612 613 614 615 616 617 618 619 620 621 622 623 624 625 626 627 628 629 630 631 637 638 650 651 652 653 654 656 657 658 659 660 661 662 663 665 666 667 673 677 678 679 680 681 682 683 684 685 687 688 689 690 691 692 693 694 695 699 701 702 703 704 705 706 707 708 709 710 711 712 713 714 715 716 717 721 722 723 725 726 727 728 729 730 731 732 735 736 737 738 739 741 742 743 744 745 746 748 749 750 751 752 753 754 755 756 757 758 759 760 761 762 763 764 766 767 768 769 770 771 772 773 774 775 776 777 780 781 782 783 784 0
1 14 15 16 17 18 19 20 21 22 23 24 25 26 27 29 30 31 32 33 34 35 37 38 39 40 41 43 44 45 46 47 48 49 50 52 53 54 55 56 57 62 63 64 65 66 68 69 71 76 77 78 79 80 81 82 83 85 90 91 92 93 99 100 101 102 103 104 105 106 107 111 113 114 115 116 117 118 119 120 121 125 127 128 129 130 131 132 133 134 135 136 137 138 139 141 142 143 144 147 148 149 150 151 152 153 155 156 157 158 162 163 164 165 166 167 169 170 171 172 173 176 177 178 179 180 181 183 184 185 186 187 188 191 193 194 195 197 199 200 201 202 206 207 208 210 211 212 213 214 215 216 217 218 219 220 221 222 223 225 226 227 228 229 230 231 232 233 234 235 236 237 239 240 241 242 245 246 247 249 250 251 253 259 260 261 267 274 275 281 282 288 289 290 295 296 297 298 300 301 302 303 304 309 310 311 312 313 314 315 316 317 323 324 325 326 327 328 329 330 331 334 335 337 338 339 340 342 344 345 347 348 349 351 352 353 354 357 358 359 360 361 362 363 365 366 367 368 369 372 373 374 375 376 377 379 380 381 387 388 392 393 394 395 396 397 398 399 400 401 402 403 404 405 407 411 412 413 414 415 416 417 418 419 420 423 424 425 426 427 428 432 433 434 439 440 441 442 443 444 448 453 454 455 456 457 458 459 460 461 462 470 471 472 476 477 478 479 483 484 485 486 490 495 496 497 498 499 500 504 505 506 507 508 509 510 511 512 513 514 516 517 518 523 525 526 527 532 533 536 539 540 541 542 543 544 545 546 547 548 549 552 553 554 555 556 560 561 562 566 567 568 569 570 571 572 574 575 576 577 580 581 582 584 585 588 589 590 591 592 598 602 603 604 605 606 607 608 609 610 611 612 613 614 616 618 619 620 621 622 623 624 625 626 627 628 629 630 632 634 636 637 638 644 650 651 652 658 664 665 666 672 674 678 679 680 681 686 692 693 694 695 700 702 703 704 705 706 707 708 709 714 716 717 718 720 721 722 723 728 730 733 734 735 736 740 741 742 743 744 745 748 749 753 755 756 757 758 759 762 763 764 765 766 767 768 769 770 771 772 773 776 778 779 780 781 784 0
1 2 3 4 5 6 7 10 11 12 17 18 22 23 24 25 28 29 30 31 32 33 34 35 36 38 39 40 41 44 45 46 47 49 50 51 52 55 56 58 60 62 67 68 75 78 79 82 85 86 88 89 92 93 94 97 98 99 100 101 102 103 104 105 106 107 108 109 110 111 112 113 114 115 116 118 122 123 124 125 127 128 129 130 131 133 134 135 136 137 138 141 142 143 144 145 146 148 149 150 153 154 156 157 158 159 160 161 164 165 168 169 171 172 173 175 176 177 179 180 183 185 186 187 188 189 191 193 194 197 199 202 203 206 207 208 209 210 213 214 215 217 220 221 222 223 224 226 227 228 229 230 231 232 234 235 236 237 238 239 241 242 243 244 245 246 247 248 249 250 251 252 253 254 256 257 258 261 262 263 264 265 269 270 272 273 274 275 276 277 279 280 281 283 284 285 286 288 289 291 292 293 295 296 297 298 299 300 301 302 303 305 306 307 308 309 311 312 313 315 316 318 319 322 323 325 326 327 328 329 330 333 334 336 337 339 340 341 342 344 345 346 347 348 349 350 353 354 355 356 360 361 362 367 368 369 372 374 375 376 379 382 383 386 387 389 390 391 0
1 2 4 7 8 10 11 12 13 14 15 17 18 20 23 25 26 27 30 31 32 34 36 37 39 40 45 46 47 48 49 50 51 52 53 55 56 57 58 59 61 62 63 65 69 70 72 73 76 77 78 79 80 82 83 84 87 88 89 90 91 92 93 95 96 98 99 100 101 102 103 104 105 108 109 110 111 112 113 115 116 117 118 119 122 123 124 125 126 127 128 129 130 131 134 135 136 137 138 139 140 143 144 145 146 147 148 149 150 151 152 154 155 157 158 159 160 163 164 165 167 168 170 171 172 174 175 178 179 180 181 182 183 186 187 188 190 194 195 196 197 199 201 202 203 207 208 211 214 215 217 218 219 221 224 225 226 228 229 230 232 233 234 236 237 238 239 240 242 243 244 245 246 247 248 249 250 251 252 253 255 256 257 259 260 261 262 263 264 266 269 270 271 273 275 276 277 278 280 281 282 283 284 285 286 287 288 289 290 291 292 293 294 295 296 297 298 299 300 301 302 308 316 323 330 331 334 335 337 339 342 343 344 345 346 347 348 349 350 351 352 354 355 356 358 361 362 364 365 366 368 369 370 372 373 374 375 376 377 379 380 383 384 386 387 390 0
3 4 5 6 9 13 15 20 21 22 23 24 25 26 29 0

16
1 2 3 4 5 6 7 8 9 10 11 12 13 14 15 16 17 18 19 20 21 22 23 24 25 26 27 28 29 30 31 32 33 34 35 36 37 38 39 40 41 42 43 44 45 46 47 48 49 50 51 52 53 54 55 56 57 58 59 60 61 62 63 64 65 66 67 68 69 70 71 72 73 74 75 76 77 78 79 80 81 82 83 84 85 86 87 88 89 90 91 92 93 94 95 96 97 98 99 100 101 102 103 104 105 106 107 108 109 110 111 112 113 114 115 116 117 118 119 120 121 122 123 124 125 126 127 128 129 130 131 132 133 134 135 136 137 138 139 140 141 142 143 144 145 146 147 148 149 150 151 152 153 154 155 156 157 158 159 160 161 163 164 165 166 167 168 169 170 171 172 173 174 175 176 177 178 179 180 181 182 183 184 185 186 188 189 190 191 192 193 194 195 196 199 200 201 202 203 204 205 211 227 244 246 247 248 249 256 257 258 259 260 261 262 263 264 269 270 271 272 273 274 275 276 277 278 284 285 286 287 288 290 291 292 294 297 298 299 300 301 303 304 305 314 315 316 317 318 319 325 327 328 329 330 331 332 333 341 342 343 344 345 349 354 355 356 357 358 361 362 363 364 369 370 371 375 382 383 384 385 393 394 395 396 397 398 399 400 401 402 403 404 405 406 407 408 409 410 411 412 413 414 415 416 417 418 419 420 421 422 423 424 425 426 427 428 429 430 431 432 433 434 435 436 437 438 439 440 441 442 443 444 445 446 447 448 449 450 451 452 453 454 456 457 458 459 460 461 462 463 464 465 466 467 468 469 470 471 472 473 474 475 476 477 478 479 480 481 482 483 484 485 486 487 488 489 490 491 492 493 494 495 497 498 499 500 501 502 503 504 505 506 507 508 509 510 511 512 513 514 515 516 517 518 519 520 521 522 523 524 525 526 527 528 529 530 531 532 533 534 535 536 537 538 539 540 541 542 543 544 545 546 547 548 549 550 551 552 553 554 555 556 557 558 559 560 561 562 563 564 565 566 567 568 569 570 571 572 573 574 575 576 577 578 579 580 581 582 583 584 585 586 587 588 589 590 591 592 593 594 595 602 614 616 617 618 619 620 626 627 628 629 630 636 637 638 639 640 641 642 645 646 647 648 649 650 651 652 653 654 655 656 657 658 659 661 662 663 664 665 666 667 668 669 670 671 672 673 674 675 676 677 678 679 680 681 682 684 685 686 687 688 689 690 691 693 694 695 696 697 698 699 700 706 707 708 709 710 711 712 713 714 715 716 717 718 720 721 722 724 725 726 727 728 729 734 735 736 739 740 741 742 743 747 748 752 753 754 755 756 757 760 761 762 763 764 765 767 768 769 770 771 772 773 774 775 776 777 779 780 783 784 0
1 14 15 16 17 18 19 20 21 22 23 26 27 29 30 31 32 41 43 44 45 46 50 51 52 53 55 57 61 62 63 65 66 67 68 69 71 74 75 76 77 78 79 80 81 82 84 85 86 87 88 89 90 91 92 93 94 95 96 97 98 99 100 103 104 105 106 107 108 109 110 111 112 113 114 115 118 119 120 121 122 123 124 125 126 127 128 129 130 132 133 134 135 136 137 138 139 140 141 143 144 145 146 147 148 149 150 151 152 153 154 159 160 161 162 163 165 166 167 168 169 174 175 176 179 180 181 182 187 188 189 191 192 193 194 195 197 210 211 212 213 214 215 216 217 225 226 227 228 239 240 241 242 243 247 248 249 253 255 256 258 259 260 261 262 263 264 265 267 268 269 271 272 273 274 275 276 277 278 279 280 281 284 285 286 287 289 290 291 292 293 294 295 298 299 300 302 303 304 305 306 307 308 309 310 311 312 313 316 317 318 319 320 321 322 323 325 326 327 328 329 330 331 332 333 334 335 336 337 338 340 341 343 344 345 346 347 348 349 350 351 356 357 358 359 361 362 363 364 365 369 370 371 372 375 376 377 378 379 381 382 383 384 385 386 392 393 394 395 396 397 398 399 400 401 402 403 404 405 407 420 422 423 424 425 428 429 431 433 434 440 441 442 443 444 445 448 449 451 452 453 454 455 456 457 458 459 460 461 462 463 464 465 466 467 468 469 471 472 473 474 475 476 478 479 480 481 482 483 484 485 486 487 488 489 490 491 494 495 496 497 498 499 500 501 502 504 507 508 509 510 511 512 513 514 515 517 518 519 521 522 523 525 526 527 530 531 532 533 537 538 539 540 541 543 544 546 551 552 553 554 560 563 564 565 566 567 568 569 574 575 576 577 578 579 580 581 582 583 584 585 586 588 589 592 593 594 595 602 603 604 616 618 619 630 638 639 640 641 644 649 650 652 653 654 655 656 658 660 664 665 666 667 668 670 671 672 675 676 678 679 680 681 682 683 684 685 686 689 690 691 696 697 698 699 700 702 704 705 707 708 709 710 711 712 713 714 716 717 718 719 720 723 724 725 726 727 728 734 735 738 739 740 741 742 747 753 754 755 756 760 761 762 764 766 767 768 769 770 771 773 774 775 776 777 778 784 0
1 9 10 11 12 13 15 16 17 18 19 21 22 23 24 25 26 27 28 30 32 34 35 37 38 39 40 41 43 44 45 46 47 48 49 50 56 60 61 62 66 67 68 69 70 72 73 74 75 76 77 79 82 83 84 89 90 91 94 95 97 98 99 100 101 102 103 105 106 107 109 110 111 112 113 114 115 116 117 120 121 122 123 124 125 126 128 129 130 131 132 133 134 135 136 137 138 139 140 141 142 143 144 145 146 149 151 152 153 154 156 158 159 160 161 163 164 165 167 168 169 170 171 172 173 174 175 177 178 179 180 181 184 185 186 187 188 189 192 193 195 196 197 198 200 201 202 203 204 206 207 208 209 211 212 213 214 215 216 217 218 219 220 222 223 224 225 226 227 228 229 230 231 232 233 235 236 237 238 240 241 242 243 244 245 246 247 248 249 250 251 253 254 255 256 257 258 259 260 261 262 263 264 265 266 267 268 269 270 271 272 273 274 276 278 279 280 282 283 284 285 287 289 291 293 294 295 296 297 298 299 300 301 302 303 304 307 309 310 311 312 313 314 315 317 318 319 320 321 322 325 326 327 328 329 330 331 332 333 334 337 339 340 341 342 345 346 347 348 349 350 354 355 356 359 360 361 362 363 364 366 367 368 369 370 371 374 375 376 377 380 381 384 385 388 389 392 0
1 2 3 4 6 8 10 11 12 13 14 15 17 18 19 20 21 25 26 28 29 30 31 32 33 34 36 37 38 39 41 44 45 46 48 49 50 51 55 56 57 63 67 68 70 72 73 74 75 76 77 79 80 81 82 84 85 89 90 91 92 93 94 95 97 98 99 105 106 107 109 113 114 115 116 117 118 119 120 121 123 124 125 127 128 129 130 131 132 133 134 135 136 137 138 140 142 143 145 146 147 148 149 150 151 152 155 156 157 158 159 160 161 163 164 165 166 167 168 169 170 171 172 173 174 175 177 178 179 180 182 183 185 186 187 188 190 192 193 196 199 200 205 206 207 208 209 210 211 215 216 217 219 221 222 223 224 228 230 231 232 234 235 237 241 242 243 245 246 247 248 252 253 260 261 262 263 264 265 266 267 268 271 272 273 276 277 278 280 281 283 284 285 286 287 288 289 290 291 292 293 294 295 296 297 298 299 301 303 304 305 306 311 312 314 315 319 320 322 326 327 328 329 332 333 334 336 340 341 342 343 344 346 347 348 349 351 352 353 359 360 361 362 364 365 366 367 368 370 371 372 373 374 375 376 377 378 380 381 382 383 384 385 386 387 388 389 390 391 0
2 3 5 13 14 18 19 21 24 28 29 32 0

17
1 2 3 4 5 6 7 8 9 10 11 12 13 14 15 16 17 18 19 20 21 22 23 24 25 26 27 28 29 30 31 32 33 34 35 36 37 38 39 40 41 42 43 44 45 46 47 48 49 50 51 52 53 54 55 56 57 58 59 60 61 62 63 65 66 67 68 69 70 71 72 73 74 75 76 77 78 79 80 81 82 83 84 85 86 87 88 89 90 91 92 93 94 96 97 98 99 100 101 102 103 104 105 106 107 108 109 112 113 114 115 116 117 118 119 120 121 122 123 124 125 126 127 128 129 130 131 132 134 135 136 137 138 139 140 141 142 143 144 145 146 147 148 149 150 151 152 153 154 155 156 157 158 159 160 161 162 163 164 165 166 167 168 169 170 171 172 173 174 175 176 177 178 179 180 181 182 183 184 185 186 187 188 189 190 191 192 193 194 195 196 203 204 205 206 207 208 216 229 230 231 232 233 234 242 244 245 246 247 248 256 257 258 259 260 261 262 263 266 270 271 272 274 275 276 288 289 290 291 293 298 300 301 302 303 304 305 307 308 309 310 311 312 313 314 315 316 317 318 319 320 321 322 326 327 328 329 330 331 332 333 339 340 341 342 343 344 345 346 351 352 353 354 355 356 357 358 360 366 367 368 369 393 394 395 396 397 398 399 400 401 402 403 404 405 406 407 408 409 410 411 412 413 414 415 416 417 418 419 420 421 422 423 424 425 426 427 428 429 430 431 432 433 434 435 436 437 438 439 440 441 442 443 444 445 446 447 448 449 450 451 452 453 454 456 457 458 459 460 461 462 463 464 465 466 467 469 470 471 472 473 474 475 476 477 478 479 480 481 482 483 484 485 486 487 488 489 490 491 492 493 494 495 496 497 498 499 500 503 504 505 506 507 508 509 510 511 513 514 515 516 517 518 519 520 521 522 523 524 525 526 527 528 529 530 531 532 533 534 535 536 537 538 539 540 541 542 543 544 545 546 547 548 549 550 551 552 553 554 555 556 557 558 559 560 561 562 563 564 565 566 567 568 569 570 571 572 573 574 575 576 577 578 579 580 581 582 583 584 585 586 587 588 594 595 596 598 599 600 603 604 605 606 614 615 616 617 622 623 624 625 627 630 631 632 633 635 636 637 638 639 640 643 645 648 652 653 654 658 659 660 661 662 663 664 666 667 668 669 673 674 675 677 678 679 680 681 682 683 684 686 688 689 690 691 692 693 694 695 696 697 698 699 700 701 702 703 704 705 706 707 708 709 710 711 712 713 714 715 716 717 718 719 720 721 722 723 724 725 726 729 730 731 732 733 734 735 736 737 738 739 740 741 742 743 744 745 746 747 748 749 750 753 754 756 759 760 761 766 767 768 769 770 771 772 773 774 775 776 777 778 779 780 781 782 783 784 0
14 15 16 19 20 21 22 23 24 25 26 27 28 29 30 31 32 34 35 36 37 38 39 40 41 42 43 44 47 50 51 52 53 55 57 62 63 64 65 66 67 68 69 71 72 75 76 77 78 79 80 81 82 85 86 87 88 92 93 94 95 99 100 101 102 105 106 107 108 109 110 112 113 114 115 116 117 118 119 120 121 122 123 124 125 126 127 128 129 131 132 133 134 135 136 137 140 141 142 143 144 145 146 147 148 149 150 152 153 155 156 157 158 159 160 161 162 163 165 166 169 170 171 172 175 177 178 179 181 183 184 185 186 187 188 189 190 191 193 194 195 197 210 211 215 216 217 218 220 221 222 223 225 226 227 228 229 231 232 233 234 237 239 240 244 245 246 247 248 249 253 254 257 258 259 261 262 263 267 268 272 273 274 276 277 281 282 283 284 285 286 288 289 290 291 292 294 295 296 297 298 299 303 304 305 306 307 308 309 310 311 312 313 314 315 316 317 318 319 320 321 322 323 324 325 326 327 328 329 330 331 332 333 334 337 338 340 341 342 343 344 345 346 348 351 352 353 354 355 356 357 358 359 361 362 365 366 367 368 369 374 375 376 379 392 393 394 395 396 397 398 399 400 401 402 403 404 405 406 407 410 411 412 413 416 417 420 421 426 427 428 429 430 434 438 439 440 441 442 443 444 446 447 448 449 451 452 453 454 455 456 457 458 459 462 463 464 465 466 467 468 469 470 471 472 473 476 477 478 479 482 483 484 485 486 487 488 489 491 492 493 494 495 496 497 498 500 501 502 503 504 505 506 507 508 509 510 511 512 513 514 515 516 517 518 520 521 522 523 524 525 526 527 528 529 530 531 533 534 535 536 537 538 539 540 541 542 543 544 546 547 549 550 551 552 553 554 555 556 557 559 560 563 564 565 566 567 571 574 575 576 577 578 579 580 581 582 583 584 585 586 587 588 589 595 596 597 598 599 600 601 602 607 609 610 611 613 614 615 616 618 622 623 624 625 630 637 638 640 644 648 649 651 652 653 654 657 658 663 664 665 666 667 672 674 680 681 683 684 685 686 687 688 689 691 692 693 694 695 696 697 698 699 700 701 702 703 704 705 706 707 708 709 710 711 712 713 714 716 717 718 719 720 721 722 723 725 726 727 728 730 731 732 733 734 735 736 742 743 745 746 747 748 749 750 751 755 756 758 759 760 761 762 763 764 770 771 784 0
2 6 7 9 10 11 12 13 16 19 21 22 24 25 26 27 29 30 31 32 33 34 35 36 37 38 39 40 41 44 45 46 47 48 50 53 56 59 60 61 68 69 71 72 73 74 75 76 77 79 80 81 82 83 84 85 86 87 88 94 99 101 102 103 104 105 107 108 109 110 111 113 114 116 119 120 121 122 123 124 125 127 128 129 130 131 134 135 136 137 138 139 140 141 142 143 144 145 146 147 149 150 152 154 156 157 158 159 160 161 164 165 166 167 168 169 170 171 172 173 174 175 176 177 178 179 180 181 182 183 184 185 186 187 190 191 192 193 197 199 200 203 204 205 206 207 208 209 210 211 212 215 216 217 219 220 221 222 223 224 225 226 227 228 229 230 231 232 233 234 235 236 237 238 239 240 241 242 243 245 246 247 248 249 250 251 255 256 257 258 261 262 263 264 265 266 267 269 270 271 272 273 274 275 276 277 278 279 280 282 283 284 285 286 287 288 289 290 291 292 293 295 296 297 298 300 301 302 303 305 306 307 308 309 312 313 314 317 318 319 320 321 322 323 325 326 327 328 330 331 332 333 334 335 336 337 338 339 340 341 342 345 346 347 348 349 350 352 353 354 357 360 361 362 363 364 365 367 368 369 370 372 373 374 375 376 377 378 379 380 381 382 383 385 387 388 389 390 0
1 2 3 4 7 8 10 11 13 14 17 18 19 21 22 23 24 25 26 27 29 30 31 32 33 34 35 36 37 38 39 40 41 42 43 45 46 47 49 50 51 56 62 63 65 69 70 71 72 73 74 75 76 77 78 79 81 82 84 85 86 87 88 89 90 93 94 95 97 98 99 103 104 105 108 109 111 112 116 117 118 119 121 122 123 124 125 126 127 128 129 130 131 132 133 134 135 136 138 141 142 143 146 147 148 150 151 152 155 158 159 160 161 163 164 165 166 167 168 170 171 172 174 175 177 178 179 180 181 182 183 184 185 187 188 190 191 192 193 194 195 196 198 199 201 203 208 209 214 215 216 218 219 220 221 222 224 225 226 227 228 232 233 234 235 236 238 239 240 241 243 244 246 252 253 256 264 265 266 267 268 269 270 271 273 274 275 276 277 278 279 281 282 283 284 288 289 290 291 292 293 294 297 298 301 304 310 311 312 313 314 316 317 318 319 320 321 323 324 325 326 327 328 329 330 331 332 333 334 335 336 337 338 339 340 341 342 343 344 345 346 347 348 349 350 351 353 358 360 361 362 363 364 365 366 367 369 370 371 372 374 375 376 377 378 379 380 381 382 383 384 386 387 388 389 391 392 0
1 5 10 11 14 18 19 24 25 26 27 29 30 0

18
1 2 3 4 5 6 7 8 9 10 11 12 13 14 15 16 17 18 19 20 21 22 23 24 25 26 27 28 29 30 31 32 33 34 35 36 37 38 39 40 41 42 43 44 45 46 47 48 49 50 52 53 54 55 56 57 58 59 60 61 62 63 64 65 66 67 68 69 70 71 72 73 74 75 76 77 78 79 80 81 82 83 84 85 86 87 88 89 90 91 92 93 94 95 96 97 98 99 100 101 102 103 104 105 106 107 108 109 110 111 112 113 114 115 116 117 118 119 120 122 123 124 125 126 127 128 129 130 131 132 133 134 136 137 138 139 140 141 142 143 144 145 146 147 148 149 150 151 152 153 154 155 156 157 158 159 160 161 162 163 164 165 166 167 168 169 170 171 172 173 174 175 176 177 178 179 180 181 182 183 184 185 186 187 188 189 190 191 192 193 194 195 196 199 200 201 202 206 207 208 209 216 222 224 232 233 234 235 236 244 245 246 247 248 249 250 251 252 257 258 259 260 261 262 263 264 266 267 271 272 273 274 275 276 277 278 280 281 282 285 286 287 288 289 290 291 292 293 294 296 297 298 299 300 301 302 303 304 312 313 314 315 316 317 325 326 327 328 329 330 331 337 340 341 342 343 344 345 354 355 356 357 358 365 366 367 368 369 370 371 372 373 374 375 377 378 393 394 395 396 397 398 399 400 401 402 403 404 405 406 407 408 409 410 411 412 413 414 415 416 417 418 419 420 421 422 423 424 425 426 427 428 429 430 431 432 433 434 435 436 437 438 439 440 441 442 443 444 445 446 447 448 449 450 451 452 453 454 455 456 457 458 459 460 461 462 463 464 465 466 467 468 469 470 471 472 473 474 475 476 477 478 479 480 481 482 483 484 485 486 487 488 489 490 491 492 493 494 495 496 497 498 499 500 501 502 503 504 505 506 507 508 509 510 511 512 513 514 515 516 517 518 519 520 521 522 523 524 525 526 527 528 529 530 531 532 533 534 535 536 537 538 539 540 541 542 543 544 545 546 547 548 549 550 551 552 553 554 555 556 557 558 559 560 561 562 563 564 565 566 567 568 569 570 571 572 573 574 575 576 577 578 579 580 581 582 583 584 585 586 587 588 589 590 591 592 593 594 595 596 597 598 599 600 601 602 603 604 606 607 608 611 612 613 614 615 616 617 619 620 621 622 623 624 625 626 627 628 629 630 631 632 633 635 636 637 638 639 640 641 642 643 644 645 646 647 648 649 650 651 652 653 654 655 657 658 659 660 661 662 663 664 665 666 667 668 669 670 671 672 673 674 675 676 677 678 679 680 681 682 683 684 685 686 687 688 689 690 691 692 693 694 695 697 701 702 703 705 706 707 708 709 715 716 717 718 719 720 721 722 723 729 731 732 733 734 735 736 743 744 745 746 747 748 749 750 751 752 753 754 755 756 757 758 760 761 762 764 765 766 767 768 769 770 771 772 774 775 776 777 778 779 780 781 782 783 784 0
5 11 14 15 16 17 18 19 20 21 22 23 24 25 26 27 28 29 30 31 32 33 34 35 36 37 38 40 41 42 43 44 45 46 47 48 49 50 51 52 53 54 55 56 57 58 59 60 62 63 64 65 66 67 68 69 70 71 72 73 74 75 76 77 78 79 80 81 82 83 84 85 86 87 88 89 90 91 92 93 94 95 97 98 99 100 101 102 103 104 105 106 107 108 109 110 111 112 113 114 115 117 118 119 120 121 124 125 127 128 129 130 131 132 133 134 135 141 142 144 145 146 147 148 149 155 156 159 160 161 162 163 165 166 167 169 170 171 173 174 175 176 177 178 179 180 181 182 183 184 185 186 188 189 191 192 193 194 195 196 197 202 203 207 208 209 210 211 212 213 214 215 216 217 218 219 220 221 222 223 224 225 226 229 230 231 232 233 234 235 236 237 238 239 240 241 242 243 244 245 246 247 248 249 250 251 252 253 254 255 256 257 258 259 260 261 262 263 264 265 266 267 268 269 270 271 273 274 275 276 277 278 279 280 281 282 283 284 285 286 287 288 289 290 291 292 293 294 295 296 297 298 299 300 301 302 303 304 305 306 307 309 310 311 312 314 315 316 317 318 323 324 325 326 327 328 329 330 331 332 337 338 339 340 341 342 343 344 345 346 351 352 353 354 355 356 357 358 359 363 365 366 367 369 370 371 372 373 374 375 376 377 378 379 385 386 392 393 394 395 396 397 398 399 400 401 402 403 404 405 406 407 412 413 414 415 416 417 418 420 421 422 424 425 426 427 428 429 430 431 432 433 434 435 439 440 441 442 443 444 445 446 447 448 449 450 451 452 453 454 455 456 457 458 459 460 461 462 463 466 467 468 469 470 471 472 473 474 475 476 477 478 479 480 481 482 483 484 485 486 487 488 489 490 491 492 493 494 495 496 497 498 499 500 501 504 509 510 513 514 515 516 518 519 520 521 522 523 524 525 526 527 528 532 533 535 536 537 538 539 541 542 546 547 548 549 550 551 552 553 554 555 557 558 559 560 561 562 564 565 566 567 568 570 571 572 573 574 575 576 578 579 580 582 583 584 585 586 587 588 589 592 593 598 599 600 602 606 607 608 609 610 611 612 613 614 615 616 618 619 620 621 622 623 624 625 626 627 628 629 630 634 635 636 637 638 639 640 641 642 643 644 646 647 648 649 650 651 652 653 654 655 656 657 658 659 660 661 663 664 665 668 670 671 672 673 674 675 676 677 678 679 680 681 682 683 684 685 686 687 688 689 690 691 692 693 694 696 697 698 699 700 702 703 704 705 707 708 709 714 716 717 718 720 721 722 723 728 729 730 731 732 733 734 735 736 737 738 742 744 745 746 747 748 749 750 751 756 758 759 760 761 762 763 764 765 766 767 768 769 770 771 773 774 775 776 778 783 784 0
2 3 4 5 6 7 8 10 11 12 13 14 15 16 17 18 19 20 21 22 23 24 25 26 27 28 30 31 32 33 36 37 38 39 40 41 42 43 44 45 46 47 50 52 53 54 55 56 58 59 60 61 62 63 64 65 67 68 69 70 71 72 73 74 75 76 78 79 80 81 82 85 87 88 89 93 94 97 98 99 100 101 102 103 104 105 106 107 108 109 110 111 112 113 114 115 116 117 118 119 120 121 122 123 124 125 126 127 128 130 131 132 134 135 136 137 138 140 141 142 143 144 145 147 150 151 152 153 154 157 158 159 160 161 162 163 164 166 167 168 169 170 171 172 173 174 177 178 179 180 182 184 185 186 187 191 192 193 194 195 196 197 199 202 203 204 205 206 207 209 210 212 213 214 215 216 218 219 220 221 222 223 224 226 227 228 229 230 231 232 233 234 235 236 237 238 239 240 241 242 243 244 245 246 247 248 250 251 252 253 254 255 256 257 258 259 260 261 262 263 264 265 266 267 269 270 271 272 274 275 276 277 278 281 282 283 284 285 287 288 289 290 291 293 295 296 297 298 299 300 301 302 303 304 305 306 307 308 309 310 311 312 313 314 315 316 317 318 319 321 322 323 324 325 326 327 328 329 330 331 332 333 334 335 336 337 338 339 340 341 345 346 347 348 349 350 353 354 355 356 357 358 360 361 362 363 364 365 367 368 369 370 371 372 373 374 375 376 379 380 381 382 383 388 389 390 0
1 2 3 4 5 6 7 8 10 11 12 13 14 16 17 18 19 21 22 23 24 25 26 27 28 29 32 33 36 37 38 39 40 43 44 46 50 51 52 53 54 55 56 59 60 61 62 63 65 66 67 68 69 70 71 72 73 74 76 77 78 79 83 84 85 86 87 88 92 95 96 98 99 102 103 104 105 107 108 109 110 111 112 114 115 116 117 119 120 122 123 124 127 128 129 130 131 134 135 136 139 141 142 143 144 145 147 148 149 150 151 152 153 154 155 156 157 158 159 160 161 162 163 164 165 166 167 168 170 171 172 173 174 176 177 178 179 180 182 183 184 186 189 190 191 193 194 195 196 197 198 199 200 201 202 203 204 206 207 208 209 210 211 212 213 214 215 216 217 218 219 220 221 222 223 225 226 227 228 231 232 233 234 236 237 239 241 242 246 248 250 251 252 253 255 256 258 259 260 261 262 263 264 266 267 269 270 271 273 274 275 276 277 278 280 281 283 284 285 287 288 289 290 291 292 293 294 295 296 297 298 299 300 301 302 303 304 305 306 307 308 309 311 312 313 314 315 316 317 318 319 320 321 322 323 324 326 327 328 329 330 331 334 337 338 339 340 341 344 345 346 347 348 349 350 351 352 353 354 355 356 357 358 359 360 361 362 364 365 367 368 369 370 371 373 374 376 377 378 379 380 381 382 383 384 387 389 392 0
4 6 9 10 11 12 14 16 18 19 20 21 23 26 27 28 29 30 32 0

19
1 2 3 4 5 6 7 8 9 10 11 12 13 14 15 16 17 18 19 20 21 22 23 24 25 26 27 28 29 30 31 32 33 34 35 36 37 38 39 40 41 42 43 44 45 46 47 48 49 50 51 52 53 54 55 56 57 58 59 60 61 62 63 64 65 66 67 68 69 70 71 72 73 74 75 76 77 78 79 80 81 82 83 84 85 86 87 88 89 90 91 92 94 95 96 97 98 99 100 101 102 103 105 106 107 108 109 110 111 112 113 114 115 116 117 118 119 120 121 123 124 125 126 127 128 129 130 131 132 133 134 135 137 138 139 140 141 142 143 144 145 146 147 148 149 150 151 152 153 154 155 156 157 158 159 160 161 162 163 164 165 166 167 168 169 170 171 172 173 174 175 176 177 178 179 180 181 182 183 184 185 186 187 188 189 190 191 192 193 194 195 196 198 199 200 201 206 207 216 217 218 219 220 222 223 228 229 231 233 234 235 244 246 247 248 259 260 261 271 272 273 274 275 285 286 287 288 289 290 296 299 300 301 302 303 304 305 310 312 313 314 315 316 317 318 319 325 326 327 328 332 333 336 341 342 343 344 345 346 347 351 355 356 357 358 359 360 365 372 373 380 393 394 395 396 397 398 399 400 401 402 403 404 405 406 407 408 409 410 411 412 413 414 415 416 417 418 419 420 421 422 423 424 425 426 427 428 429 430 431 432 433 434 435 436 437 438 439 440 441 442 443 444 445 446 447 448 449 450 451 452 453 454 455 456 457 458 459 460 461 462 463 464 465 466 467 468 469 470 471 472 473 474 475 476 477 478 479 480 481 482 483 484 485 486 487 488 489 490 491 492 493 494 495 496 497 498 499 500 501 502 503 504 505 506 507 508 509 510 511 513 514 515 516 517 518 519 520 521 522 523 524 525 526 527 528 529 530 531 532 533 534 535 536 537 538 539 540 541 542 543 544 545 546 547 548 549 550 551 552 553 554 555 556 557 558 559 560 561 562 563 564 565 566 567 568 569 570 571 572 573 574 575 576 577 578 579 580 581 582 583 584 585 586 587 588 597 598 599 600 601 603 604 605 606 607 608 609 610 611 612 617 618 619 620 624 625 626 627 628 629 630 636 637 638 639 645 648 649 650 651 652 657 658 659 663 664 665 666 667 668 672 673 674 675 676 677 679 680 681 682 686 687 688 689 690 691 692 693 694 695 696 697 699 700 701 702 703 704 705 706 707 708 709 710 711 712 713 714 715 718 719 720 722 723 724 725 726 727 728 729 730 731 733 734 735 736 737 738 739 740 741 742 743 744 745 746 747 748 749 750 751 756 757 758 759 760 761 762 763 764 769 770 771 772 773 774 779 780 781 782 784 0
8 9 10 14 15 16 17 18 19 20 21 23 25 26 27 28 29 30 31 32 33 34 35 36 37 38 39 40 41 43 44 45 46 47 49 50 51 52 55 57 62 63 64 65 69 71 72 76 77 78 79 85 86 89 90 91 92 93 94 99 100 101 103 104 105 106 107 108 109 113 114 115 116 117 118 119 120 121 122 123 125 127 128 129 130 131 132 133 135 136 137 139 141 142 143 146 147 148 150 151 153 154 155 156 157 160 161 162 163 164 165 167 168 169 170 171 172 173 176 177 181 182 183 184 185 186 187 188 189 190 191 192 197 203 204 205 206 207 208 210 211 212 213 214 215 216 217 218 219 220 222 223 225 226 227 228 229 230 231 232 233 234 235 239 240 241 242 243 244 246 247 248 253 254 259 260 261 267 268 273 274 275 281 282 284 285 286 287 288 289 290 295 296 297 298 299 300 301 302 303 304 305 309 310 311 312 313 314 315 318 319 320 323 324 325 326 327 328 329 332 333 334 335 337 338 339 342 343 344 345 346 347 349 350 351 352 353 356 357 358 359 360 361 365 366 367 368 370 371 379 392 393 394 395 396 397 398 399 400 401 402 403 404 405 412 413 414 415 416 418 419 420 421 422 423 424 427 428 429 430 431 432 434 440 441 442 443 444 445 446 447 448 449 450 451 453 454 455 456 457 459 462 467 468 471 472 473 474 476 477 478 480 481 482 483 484 485 486 487 488 490 491 492 493 494 496 497 498 499 500 501 502 504 505 506 507 509 510 511 512 513 514 515 516 518 519 522 523 524 525 526 528 529 530 531 533 536 537 538 539 540 541 542 543 544 546 547 548 549 551 552 553 554 556 557 560 561 565 566 567 568 569 574 575 576 578 579 580 581 582 583 584 585 586 587 588 589 590 591 592 593 596 597 598 599 602 606 607 608 609 611 612 613 614 615 616 618 619 620 621 622 623 625 626 630 637 644 646 650 652 658 663 664 665 666 667 672 677 678 679 680 682 686 687 688 691 692 693 694 695 696 700 702 703 704 705 706 707 708 709 710 711 714 716 717 718 719 720 721 723 724 725 727 728 732 733 734 735 737 738 742 743 744 745 747 748 749 750 751 755 756 757 758 762 763 764 765 769 770 771 772 784 0
2 3 4 5 10 11 12 13 16 17 18 22 23 24 25 26 27 30 31 33 34 36 38 39 40 41 42 43 44 45 46 47 48 50 52 53 54 55 56 58 61 67 68 71 74 75 76 78 79 80 81 83 85 86 87 88 89 90 92 93 95 99 100 101 102 103 104 105 106 107 108 109 110 111 113 114 115 116 117 119 120 121 122 126 127 128 129 130 131 132 134 135 140 141 144 145 146 147 149 150 152 153 154 156 157 158 159 160 161 164 165 168 170 171 172 173 174 175 176 177 178 179 180 181 182 183 185 186 188 191 192 193 194 197 199 200 202 203 204 205 209 210 213 214 215 216 217 219 220 221 222 223 224 226 227 229 230 231 233 234 236 237 238 239 241 242 243 244 245 246 247 249 250 251 253 254 256 258 263 264 268 269 270 271 272 273 274 276 278 279 280 281 282 283 284 285 288 290 291 293 294 295 296 297 298 299 300 301 302 304 306 308 309 310 311 312 313 315 316 317 318 319 321 323 324 325 328 330 332 333 334 335 336 337 340 341 342 345 346 347 348 349 350 353 354 355 356 357 360 361 362 365 367 368 369 372 373 374 375 376 377 379 381 382 383 384 385 386 389 390 391 0
1 3 4 5 6 7 12 14 16 17 18 20 22 24 25 26 28 30 32 34 36 37 38 39 40 41 42 43 44 45 46 47 48 49 50 51 52 53 55 56 57 58 59 60 62 63 66 67 70 71 72 73 75 76 77 80 81 82 84 85 86 88 89 92 93 94 95 97 98 99 102 103 105 106 107 108 109 110 113 115 116 121 122 123 124 127 128 129 130 131 132 133 134 136 137 140 143 144 145 147 148 150 151 152 153 154 155 156 157 158 159 160 162 164 165 171 172 173 176 177 178 179 180 181 182 184 185 186 187 188 189 191 192 193 194 195 196 197 200 203 204 209 210 211 213 214 215 217 218 219 220 221 223 225 226 227 229 230 231 232 233 234 235 236 237 238 239 241 242 243 244 245 246 249 252 253 254 256 259 262 263 266 267 268 269 270 272 273 274 275 276 279 280 281 282 284 285 287 288 289 291 292 293 294 295 296 297 301 302 305 308 311 312 313 314 316 318 319 320 321 325 326 328 332 333 334 335 337 338 339 340 341 342 343 344 345 346 347 348 349 350 351 352 353 354 355 358 360 362 365 367 369 374 375 376 378 379 380 381 383 384 386 387 389 392 0
1 6 10 11 13 14 15 16 17 18 19 20 25 26 27 28 29 30 31 0

20
1 2 3 4 5 6 7 8 9 10 11 12 13 14 15 16 17 18 19 20 21 22 23 24 25 26 27 28 29 30 31 32 33 34 35 36 37 38 39 40 41 42 43 44 45 46 47 48 49 50 51 52 53 54 55 56 57 58 59 60 61 63 64 65 66 67 68 69 70 71 72 73 74 75 76 77 79 80 81 82 83 84 85 86 87 88 89 90 91 92 93 94 96 97 98 99 100 101 102 103 104 105 106 107 108 109 110 111 112 113 114 115 116 117 118 119 120 121 122 123 124 125 126 127 128 129 130 131 132 133 134 135 136 137 138 139 140 141 142 143 144 145 146 147 148 149 150 151 152 153 154 155 156 157 158 159 160 161 163 164 165 166 167 168 169 170 171 172 173 174 175 176 177 178 179 180 181 182 183 184 185 186 187 188 189 190 191 192 193 194 195 196 205 206 207 208 209 237 238 244 245 246 247 248 259 260 261 262 270 272 273 274 275 276 277 283 284 285 286 287 289 290 291 298 299 300 301 302 303 304 314 315 316 317 318 319 328 329 330 331 336 341 343 344 345 349 354 356 357 358 359 360 361 364 369 370 371 382 383 384 385 389 393 394 395 396 397 398 399 400 401 402 403 404 405 406 407 408 409 410 411 412 413 414 415 416 417 418 419 420 421 422 423 424 425 426 427 428 429 430 431 432 433 434 435 436 437 438 439 440 441 442 443 444 445 446 447 448 449 450 451 452 453 454 455 456 457 458 459 460 461 462 463 464 465 466 467 468 469 470 471 472 473 474 475 476 477 478 479 480 481 482 483 484 485 486 488 489 490 491 492 493 494 495 496 497 498 499 500 501 502 503 504 505 506 507 508 509 510 511 512 513 514 515 516 517 518 519 520 521 522 523 524 525 526 527 528 529 530 531 532 533 534 535 536 537 538 539 540 541 542 543 544 545 546 547 548 549 550 551 552 553 554 555 556 557 558 559 560 561 562 563 564 565 566 567 568 569 570 571 572 573 574 575 576 577 578 579 580 581 582 583 584 585 586 587 588 596 597 598 599 603 604 615 616 617 625 626 627 628 629 630 631 632 633 634 635 636 637 638 639 640 645 646 647 648 650 651 652 653 654 655 656 659 660 661 662 663 664 666 667 668 669 670 673 674 675 676 677 678 679 680 681 682 683 684 685 686 687 690 691 692 693 694 695 696 697 698 701 702 704 705 706 708 709 712 713 714 715 716 721 722 723 724 725 726 727 728 733 734 735 736 737 738 739 740 741 742 743 746 747 748 752 753 754 755 756 757 760 761 762 763 764 765 766 767 768 771 772 773 774 775 776 777 778 779 781 783 784 0
14 15 21 23 24 25 26 27 38 39 40 41 43 45 49 50 51 52 54 55 56 57 58 59 60 62 63 64 65 66 67 68 71 72 73 74 75 77 78 79 80 81 85 86 87 88 89 90 91 92 93 94 95 99 101 102 103 104 105 106 107 108 111 113 114 116 117 118 119 120 121 122 123 124 125 127 128 130 131 132 133 134 135 136 137 138 139 140 141 144 146 147 148 149 151 152 153 154 159 160 161 162 163 164 165 166 167 168 169 174 175 176 178 179 180 181 182 186 187 188 189 191 192 193 194 195 197 210 211 220 221 222 223 225 230 231 232 237 239 243 244 246 247 248 251 253 256 257 258 259 260 261 262 263 267 269 270 271 272 273 274 275 276 277 278 281 283 284 285 286 287 288 289 290 291 292 295 296 298 299 300 301 302 303 304 306 307 309 310 312 313 314 315 316 317 318 319 320 321 323 324 326 327 328 330 331 332 333 334 335 336 337 340 341 343 344 345 347 348 349 350 351 354 356 357 358 359 361 362 363 364 365 369 370 371 372 374 375 376 377 378 379 382 383 384 385 386 392 393 394 395 396 397 398 399 400 401 402 403 404 405 407 410 420 428 431 433 435 440 441 442 443 444 448 450 451 452 453 454 455 456 457 458 459 462 463 465 466 467 468 469 470 471 472 473 474 476 477 480 481 482 483 484 485 486 487 488 489 490 491 495 496 497 498 499 500 501 502 504 505 509 510 511 512 513 516 517 518 523 524 525 526 527 528 531 532 533 537 538 539 540 541 542 543 546 551 552 553 554 555 556 557 559 560 564 565 566 567 568 574 575 576 577 578 580 582 584 585 586 587 588 589 597 598 599 602 616 629 630 637 638 639 640 644 646 651 652 653 658 660 661 662 664 665 666 667 668 669 672 674 675 676 677 678 679 681 682 683 684 686 689 690 691 692 693 694 695 696 697 700 704 706 707 708 709 711 712 713 714 716 718 719 720 723 724 726 727 728 734 735 736 739 740 741 742 747 751 752 753 754 755 756 760 761 762 764 766 767 768 769 770 771 773 774 775 776 777 778 782 784 0
10 11 12 15 17 18 19 21 23 24 25 26 27 28 31 32 33 34 35 37 38 39 40 41 42 43 44 45 46 47 48 49 50 56 60 61 65 66 67 68 69 72 73 74 75 76 79 80 81 82 84 89 90 91 94 95 97 98 99 102 103 104 105 107 109 111 115 116 118 119 120 121 122 123 124 125 127 128 129 130 131 133 134 135 136 137 138 139 141 142 143 144 145 146 149 150 151 152 154 157 158 160 161 163 165 166 167 170 172 173 174 175 178 179 180 181 182 184 185 186 187 188 189 192 193 195 196 197 198 199 201 202 203 206 207 209 210 213 214 215 216 217 218 219 220 221 222 223 224 227 228 229 230 231 233 236 237 238 240 241 242 243 244 245 246 247 248 249 250 251 255 256 257 258 260 262 263 264 265 268 269 270 271 272 273 275 276 277 278 279 280 281 282 283 284 285 286 287 290 291 293 294 295 296 297 298 299 300 301 302 304 305 306 307 308 309 311 313 314 316 317 319 320 321 322 323 325 326 327 328 329 330 331 332 333 334 335 336 337 339 340 341 342 345 346 347 348 349 350 354 360 361 362 363 366 367 368 369 370 374 375 376 377 380 381 382 383 384 385 387 388 389 391 392 0
1 3 5 7 10 11 13 14 15 16 17 18 22 23 24 25 27 28 31 32 33 34 35 36 37 39 40 41 42 44 45 46 48 49 50 51 52 53 55 56 63 65 66 67 69 70 71 72 73 74 76 77 78 79 80 81 82 83 84 87 88 89 90 92 93 94 95 96 97 98 99 105 107 109 115 116 117 118 120 122 123 124 126 127 129 130 131 132 134 135 136 137 138 140 142 143 144 145 146 147 148 150 151 152 158 159 160 161 163 164 165 166 167 168 171 172 173 174 175 176 177 179 180 181 183 184 185 186 187 188 189 190 192 193 194 196 206 207 208 209 214 215 216 217 218 219 220 221 222 223 224 225 227 229 232 234 235 236 237 238 240 241 242 243 244 245 246 248 252 253 255 257 260 266 269 270 272 273 276 277 278 279 281 283 284 285 286 287 288 289 290 291 292 293 294 297 298 301 304 305 306 311 312 313 314 316 317 318 319 320 321 324 325 332 333 334 335 336 341 342 343 344 345 346 347 348 349 350 351 352 353 357 358 360 362 364 365 366 367 368 371 372 373 374 375 376 377 378 379 382 383 384 385 386 389 390 391 392 0
2 3 8 9 10 12 13 15 16 18 20 22 25 30 31 0

21
1 2 3 4 5 6 7 8 9 10 11 12 13 14 15 16 17 18 19 20 21 22 23 24 25 26 27 28 29 30 31 32 33 34 35 36 37 38 39 40 41 42 43 44 45 46 47 48 49 50 51 52 53 54 55 56 57 58 59 60 61 62 63 64 65 66 67 68 69 70 71 72 73 74 75 76 77 78 79 80 81 82 83 84 85 86 87 88 89 90 91 92 93 94 95 96 97 98 99 100 101 102 103 104 105 106 107 108 109 110 111 112 113 114 115 116 117 118 119 120 121 122 123 124 125 126 127 128 129 131 133 134 135 136 137 138 139 140 141 142 143 144 145 146 147 148 149 150 151 152 153 154 155 156 157 158 159 160 161 162 163 164 165 166 167 168 169 170 171 172 173 174 175 176 177 178 179 180 181 182 183 184 185 186 187 188 189 190 191 192 193 194 195 196 197 198 199 200 201 216 217 218 219 220 221 222 227 228 233 234 235 240 241 242 243 244 245 246 247 248 249 254 255 256 257 261 262 263 266 268 269 270 271 272 273 274 275 276 277 281 282 283 284 285 286 287 288 289 290 291 294 296 297 298 299 300 301 302 303 304 305 311 312 313 314 315 316 317 318 319 325 326 327 328 329 330 331 332 333 334 343 344 345 346 347 359 360 361 362 364 374 375 376 393 394 395 396 397 398 399 400 401 402 403 404 405 406 407 408 409 410 411 412 413 414 415 416 417 418 419 420 421 422 423 424 425 426 427 428 429 430 431 432 433 434 435 436 437 438 439 440 441 442 443 444 445 446 447 448 449 450 451 452 453 454 455 456 457 458 459 460 461 462 463 464 466 467 468 469 470 471 472 473 474 475 476 477 478 479 480 481 482 483 484 485 486 487 488 489 490 491 492 493 494 495 496 497 498 499 500 501 502 503 504 505 506 507 508 509 510 511 512 513 514 515 516 517 518 519 520 521 522 523 524 525 526 527 528 529 531 532 533 534 535 536 537 538 539 540 541 542 543 544 545 546 547 548 549 550 551 552 553 554 556 557 558 559 560 561 562 563 564 565 566 567 568 569 571 572 573 574 575 576 577 578 579 580 581 582 583 584 585 586 587 588 589 590 591 592 593 607 608 609 612 613 614 615 616 617 618 620 621 624 625 626 627 629 631 632 633 634 635 636 637 638 639 640 641 642 643 644 645 646 647 648 649 653 654 655 656 657 658 659 660 661 662 663 664 665 666 667 668 669 673 674 675 676 677 678 679 680 681 682 683 684 685 686 687 688 689 691 692 693 694 695 696 697 698 704 705 706 707 708 709 710 711 712 713 715 717 718 719 720 721 723 724 725 726 727 728 729 730 731 732 733 734 735 737 738 739 740 741 742 743 749 750 751 752 753 754 755 756 757 758 764 765 766 767 768 769 770 771 772 773 774 775 776 777 778 779 780 781 782 783 784 0
1 10 14 15 16 17 18 19 20 21 22 23 25 26 27 29 30 31 32 33 34 35 36 37 38 39 40 41 42 44 45 46 47 48 49 51 52 53 54 55 56 58 59 60 61 62 63 64 65 66 67 68 69 70 71 72 73 74 75 76 77 78 79 80 81 83 84 85 86 87 88 89 90 91 92 93 94 95 97 99 100 101 102 103 104 105 106 107 108 109 111 113 114 115 116 117 118 119 120 121 122 123 124 125 127 130 131 132 133 134 135 136 137 138 139 141 142 143 144 149 150 151 152 153 155 157 158 159 160 161 162 163 164 165 166 169 172 173 176 177 178 179 180 181 182 189 190 191 192 193 194 195 196 197 210 211 212 213 214 215 216 217 218 219 222 223 226 229 230 231 232 233 234 235 236 237 238 239 240 241 242 243 244 245 246 248 249 250 251 252 253 255 256 257 258 259 260 261 262 263 264 265 266 267 268 269 270 271 272 273 274 275 276 277 278 279 280 281 282 283 284 285 286 287 288 289 290 291 292 295 296 297 298 299 300 301 302 303 304 305 306 307 309 310 311 312 313 314 315 316 317 318 319 320 321 323 326 327 328 329 330 331 332 333 334 335 337 340 341 342 345 346 347 348 351 354 355 356 357 360 361 362 363 364 365 374 375 376 378 379 389 391 392 393 394 395 396 397 398 399 400 401 402 403 404 405 410 411 412 413 414 416 417 419 420 421 422 424 425 426 428 429 430 431 432 433 434 435 436 437 438 439 441 442 443 444 445 446 447 448 449 450 451 452 453 456 458 459 460 461 462 463 464 465 466 467 468 469 470 471 472 473 474 476 477 478 480 481 482 483 484 485 486 487 491 492 493 494 495 496 497 498 499 500 501 502 504 508 509 510 511 512 513 514 515 518 519 520 521 522 523 524 525 526 527 528 529 530 531 532 535 536 537 538 539 540 541 542 543 544 546 547 548 555 556 557 558 559 560 565 566 567 568 569 570 571 572 574 575 576 577 578 579 580 581 582 584 585 586 587 588 589 590 591 592 593 602 607 608 609 610 611 612 613 614 616 617 618 619 625 626 628 629 630 631 632 633 634 635 636 637 639 640 641 642 643 644 645 646 647 648 652 653 654 656 657 658 659 660 661 662 663 665 666 667 668 671 672 673 674 675 676 678 679 680 681 682 685 686 688 689 690 691 692 693 694 695 696 697 700 703 704 705 706 707 708 709 710 711 714 717 718 719 720 721 722 723 724 725 726 727 728 733 734 735 736 737 738 739 740 742 750 751 752 753 754 755 756 765 766 768 769 770 771 779 781 782 784 0
1 2 3 6 7 8 9 10 11 12 15 16 17 18 19 22 23 24 25 26 27 28 30 31 32 33 34 35 37 38 40 41 42 43 44 45 46 47 48 49 50 54 55 57 58 61 62 64 65 66 69 72 73 74 75 76 77 80 81 82 83 84 89 90 91 97 99 100 101 102 105 106 108 109 110 112 113 114 116 117 118 119 120 121 122 123 124 125 126 127 128 131 132 133 135 136 137 138 139 140 141 142 143 145 146 147 148 149 150 151 152 154 155 156 157 159 160 161 162 163 164 165 166 167 168 169 170 171 172 173 174 175 177 178 179 180 181 182 184 185 187 188 189 193 194 195 196 197 198 199 200 201 202 203 204 205 206 208 209 210 211 212 213 214 215 216 217 218 219 220 221 222 223 224 225 226 227 228 229 230 231 232 233 234 235 236 237 238 242 243 244 245 246 247 248 250 251 252 253 254 255 257 258 259 260 261 262 263 265 267 268 270 271 272 275 276 277 278 279 280 284 285 286 287 289 290 291 292 293 294 295 296 297 298 299 300 301 302 304 305 306 307 309 310 311 312 313 314 315 316 317 318 319 320 321 325 326 327 328 329 332 333 334 335 336 337 338 339 341 342 343 344 345 346 347 348 349 350 351 353 354 355 356 357 358 359 360 361 362 363 364 365 366 367 368 369 370 371 373 374 375 376 377 378 381 383 384 385 391 392 0
1 2 4 5 6 7 8 9 10 11 12 14 15 16 17 18 20 21 22 23 24 25 26 28 31 32 33 34 35 36 37 38 40 41 42 44 46 47 48 49 50 55 56 58 59 60 61 63 64 65 66 67 69 70 71 73 74 75 76 77 78 79 80 81 82 84 85 86 87 89 90 91 95 96 97 98 99 101 102 103 104 105 106 107 110 111 112 113 114 115 117 118 119 121 122 123 124 125 126 129 130 131 132 133 136 137 138 139 141 142 147 148 149 151 152 153 154 155 156 157 158 159 160 161 162 165 166 167 168 169 170 171 172 173 174 175 176 177 178 179 182 183 184 187 188 189 190 191 193 194 195 196 198 201 202 204 205 206 207 209 210 211 212 213 215 216 218 219 220 221 222 223 224 225 226 227 228 229 230 231 233 236 237 238 239 240 241 243 244 246 247 249 250 251 252 254 256 257 258 260 261 263 265 266 267 268 269 270 272 273 274 275 278 279 281 285 286 287 288 289 290 291 294 295 296 297 298 300 301 302 303 305 308 309 310 311 315 316 317 318 320 322 323 324 325 326 327 328 330 331 332 333 334 336 339 340 343 344 345 346 347 348 349 351 352 353 354 355 358 359 360 363 364 365 366 367 369 370 371 373 374 375 377 378 380 381 382 383 384 385 388 389 391 392 0
1 2 3 6 7 9 10 11 12 13 14 15 17 18 19 24 25 27 29 30 31 0

22
1 2 3 4 5 6 7 8 9 10 11 12 13 14 15 16 17 18 19 20 21 22 23 24 25 26 27 28 29 30 31 32 33 34 35 36 37 38 39 40 41 42 43 44 45 46 47 48 49 50 51 52 53 54 55 56 57 58 59 60 61 62 63 64 65 66 67 68 69 70 71 72 73 74 75 76 77 78 79 80 81 82 83 84 85 86 87 88 89 90 91 92 93 94 95 96 97 98 99 100 101 102 103 104 105 106 107 108 109 110 111 112 113 114 115 116 117 118 119 120 121 122 123 124 125 126 127 128 129 130 131 132 133 134 135 136 137 138 139 140 141 142 144 145 146 147 148 149 150 152 153 154 155 156 157 158 159 160 161 162 164 165 166 167 168 169 170 171 172 173 174 175 176 177 178 179 180 181 182 183 184 185 186 187 188 189 190 191 192 193 194 195 196 205 206 207 208 209 210 218 219 220 221 233 234 235 236 245 246 247 248 249 250 252 259 260 261 262 263 264 271 272 273 274 275 276 277 278 279 281 283 284 285 286 287 288 289 290 291 292 295 296 297 298 299 300 301 302 303 304 305 306 310 311 312 313 317 318 319 320 325 326 327 328 329 330 331 332 333 334 339 340 341 342 343 344 345 346 347 351 352 353 354 355 356 357 358 359 360 366 367 368 369 370 371 372 374 393 394 395 396 397 398 399 400 401 402 403 404 405 406 407 408 409 410 411 412 413 414 415 416 417 418 419 420 421 422 423 424 425 426 427 428 429 430 431 432 433 434 435 436 437 438 439 440 441 442 443 444 445 446 447 448 449 450 451 452 453 454 455 456 457 458 459 460 461 462 463 464 465 466 467 468 469 470 471 472 473 474 475 476 477 478 479 480 481 482 483 484 485 486 487 488 489 490 491 492 493 494 495 497 498 499 500 501 502 503 504 505 506 507 508 509 510 511 512 513 514 515 516 517 518 519 520 521 522 523 524 525 526 527 528 529 531 532 533 534 536 537 538 540 541 542 544 545 546 547 548 549 550 551 552 553 554 555 556 557 558 559 560 561 562 563 564 565 566 567 568 569 570 571 572 573 574 575 576 577 578 579 580 581 582 583 584 585 586 587 588 595 596 597 598 599 600 601 602 603 604 605 606 607 608 609 610 611 612 613 614 615 616 617 618 621 622 624 625 626 627 628 629 630 637 638 639 640 641 642 643 644 645 649 650 651 652 653 654 655 656 657 658 659 660 661 663 664 665 666 667 668 669 670 671 673 674 675 676 677 678 679 680 681 682 683 684 685 687 688 689 690 691 692 696 697 698 699 700 703 704 705 706 707 710 711 712 715 716 717 718 719 720 722 723 724 725 726 727 728 729 730 731 732 733 734 735 736 737 738 743 744 745 746 747 748 749 750 751 752 753 757 758 759 760 761 762 763 768 769 770 771 772 773 774 775 776 777 778 779 780 781 782 783 784 0
10 11 12 14 15 16 18 19 20 21 22 23 25 26 27 28 29 30 33 34 35 36 37 38 39 40 41 43 44 49 50 51 52 53 54 55 56 57 61 62 63 64 65 66 67 68 69 70 71 72 74 75 76 77 78 79 80 81 82 85 86 88 89 90 91 92 93 94 95 96 99 100 101 102 103 104 105 106 107 108 109 110 113 114 116 117 118 121 122 123 124 125 127 129 130 131 132 133 134 135 136 137 138 141 142 144 145 146 147 149 150 151 152 155 156 158 159 160 161 162 163 164 169 170 171 172 173 174 175 176 177 181 183 184 185 186 187 188 192 193 194 195 197 204 205 206 207 208 210 211 212 216 217 218 219 222 223 224 225 226 229 230 231 232 234 235 236 237 238 239 240 243 244 246 247 248 249 250 251 252 253 256 257 259 260 261 262 263 264 265 266 267 268 269 270 271 272 273 274 275 276 277 278 279 281 282 283 284 285 286 287 288 289 290 291 292 293 295 296 297 298 299 300 301 302 303 304 305 306 307 309 310 311 312 313 314 315 316 317 318 319 320 321 323 326 327 328 329 331 332 333 334 335 337 338 339 340 341 342 343 344 345 346 347 348 351 352 353 355 356 357 358 359 360 365 366 367 368 369 370 371 372 379 383 384 386 392 393 394 395 396 397 398 399 400 401 402 403 404 405 406 407 410 412 413 414 415 416 419 420 421 425 426 427 428 429 430 431 433 434 439 440 441 442 443 444 445 446 447 448 453 454 455 456 457 458 459 460 461 462 463 464 465 466 467 468 469 470 471 472 473 474 475 477 478 480 481 482 483 484 485 486 487 488 490 491 492 493 494 495 496 497 498 499 500 501 503 504 506 507 508 509 510 511 512 513 514 515 516 517 518 520 522 523 524 525 526 527 528 530 531 532 533 534 535 536 537 538 539 540 541 542 543 544 546 547 548 549 550 551 552 553 554 555 556 557 560 562 563 564 565 566 567 568 569 570 571 573 574 575 576 577 579 581 582 583 584 585 586 588 589 597 598 599 601 602 607 609 610 612 613 614 615 616 623 624 625 626 627 628 629 630 637 638 639 640 641 642 643 644 652 653 654 655 658 663 665 666 667 668 669 670 672 673 674 675 676 677 678 679 680 681 682 683 686 687 688 689 690 691 693 694 695 696 697 698 700 702 703 704 705 706 710 711 714 716 717 718 719 720 721 722 723 724 726 727 728 730 731 732 733 734 736 737 742 743 744 746 747 748 749 750 751 756 757 758 759 761 762 763 765 770 771 773 774 775 784 0
2 3 4 5 6 7 10 11 12 13 14 15 16 17 18 19 20 21 22 23 24 25 26 27 28 29 30 31 32 33 34 35 36 37 38 39 40 41 42 44 45 46 47 48 50 54 55 56 60 61 62 63 66 67 68 69 70 72 74 75 76 77 78 79 80 81 82 83 84 85 87 88 89 92 93 94 95 99 101 102 103 104 105 108 109 110 112 113 114 115 116 117 118 122 123 124 125 126 127 128 129 130 131 132 133 134 135 136 137 139 140 141 142 143 144 145 146 147 149 150 151 152 153 154 157 158 159 160 161 164 165 166 167 170 171 172 173 174 175 176 178 179 181 182 183 184 185 186 187 188 190 191 192 193 194 197 198 201 202 203 205 206 207 208 209 210 212 213 214 215 216 217 218 219 220 221 222 223 224 225 226 227 228 229 231 232 233 235 236 237 239 240 241 242 243 244 245 247 248 249 250 251 252 254 255 256 257 258 259 261 264 265 266 267 268 270 271 272 273 274 275 276 277 278 281 282 283 284 286 287 288 290 291 292 293 295 296 297 298 299 300 301 302 303 304 305 306 307 308 309 310 312 313 314 315 316 317 319 320 321 322 324 325 326 327 328 329 330 331 333 334 335 336 337 338 339 341 342 345 346 347 348 349 350 353 354 355 356 357 359 360 361 362 363 364 365 366 367 368 369 370 371 372 373 374 375 376 377 378 379 380 381 382 383 384 385 386 387 388 389 390 391 0
1 2 3 4 5 6 7 8 9 11 12 13 14 17 18 19 20 22 24 26 27 29 30 31 32 33 34 35 36 37 38 39 40 42 44 45 46 47 48 49 50 51 52 53 56 57 63 64 66 67 68 69 70 71 72 73 74 77 78 79 81 84 85 86 87 88 89 90 91 92 93 94 95 96 98 99 102 103 105 106 107 108 109 110 111 112 113 114 115 116 117 118 119 120 121 122 123 124 125 126 127 128 129 131 132 133 134 135 136 137 142 143 144 145 146 147 148 149 150 151 152 153 154 155 158 159 160 161 162 163 164 166 167 168 169 170 171 172 173 174 175 176 177 178 179 181 182 183 184 185 186 187 188 189 190 191 192 193 194 196 200 201 202 205 206 207 208 209 210 211 214 215 216 217 218 219 220 221 222 223 224 225 226 227 228 229 232 233 234 235 236 238 239 240 241 242 243 245 246 248 249 250 251 252 253 254 255 257 258 259 260 261 263 264 266 267 268 269 270 272 273 274 275 276 277 278 279 280 281 283 284 285 287 288 289 290 291 292 293 294 295 296 297 298 299 301 302 304 305 306 307 309 311 312 314 317 318 319 320 321 323 324 325 326 330 331 332 333 335 337 338 340 341 342 344 345 346 347 348 349 350 351 352 353 355 356 357 358 359 360 362 363 364 365 366 367 368 369 370 371 372 373 374 375 376 377 378 379 380 382 383 384 385 386 387 388 389 390 392 0
2 4 5 6 8 9 10 11 12 16 17 19 22 25 27 28 0

23
1 2 3 4 5 6 7 8 9 10 11 12 13 14 15 16 17 18 19 20 21 22 23 24 25 26 27 28 29 30 31 32 33 34 35 36 37 38 39 40 41 42 43 44 45 46 47 48 49 50 51 52 53 54 55 56 57 58 59 60 61 62 63 64 65 66 67 68 69 70 71 72 73 74 75 76 77 78 79 80 81 82 83 84 85 86 87 88 89 90 91 93 94 95 96 97 98 99 100 101 102 103 104 105 106 107 108 109 110 111 112 113 114 115 116 117 118 119 120 121 122 123 124 125 126 127 128 129 130 131 132 133 134 136 137 138 139 140 141 142 143 144 145 146 147 148 149 150 151 152 153 154 155 156 157 158 159 160 161 162 163 164 165 166 167 168 169 170 171 172 174 175 176 177 178 179 180 181 182 183 184 185 186 187 188 189 190 191 192 193 194 195 196 205 206 207 208 209 210 232 233 234 244 246 247 248 249 258 259 260 261 262 263 271 273 274 275 276 277 285 286 287 289 290 291 299 300 301 302 303 304 310 311 312 313 314 315 316 317 320 327 328 329 330 331 335 336 338 341 342 343 344 351 352 353 355 356 357 358 359 360 361 366 367 368 369 370 371 380 381 382 383 384 385 393 394 395 396 397 398 399 400 401 402 403 404 405 406 407 408 409 410 411 412 413 414 415 416 417 418 419 420 421 422 423 424 425 426 427 428 429 430 432 433 434 435 436 437 438 439 440 441 442 443 444 445 446 447 448 449 450 451 452 453 454 455 456 457 458 459 460 461 462 463 464 465 466 467 468 469 470 471 472 473 474 475 476 477 478 479 480 481 482 483 484 485 486 487 488 489 490 491 492 493 494 495 496 497 499 500 501 502 503 504 505 506 507 508 509 510 511 512 513 514 515 516 517 518 519 520 521 522 523 524 526 528 529 530 531 532 533 534 535 536 537 538 539 540 541 542 543 544 545 546 547 548 549 550 551 552 553 554 555 556 557 558 559 560 561 562 563 564 565 566 567 568 569 570 571 572 573 574 575 576 577 578 579 580 581 582 583 584 585 586 587 588 596 597 598 599 600 601 602 603 604 605 607 608 609 610 617 627 628 629 630 631 633 637 638 639 640 641 645 646 647 648 650 651 652 653 654 655 659 660 661 662 663 664 667 668 669 673 674 675 676 677 679 680 681 682 687 688 689 690 692 693 694 695 696 697 698 699 700 701 702 703 704 705 706 707 709 713 714 715 716 717 718 719 720 721 722 724 725 726 727 728 729 730 731 732 733 734 735 736 737 738 739 740 741 742 743 744 745 746 748 749 750 751 752 753 754 755 756 757 758 759 760 761 762 763 767 768 769 770 771 772 773 774 775 776 778 779 780 781 782 783 784 0
14 15 18 19 20 21 22 23 24 25 26 27 28 29 32 34 35 39 40 41 43 49 50 52 53 54 55 56 57 61 62 63 64 65 66 67 69 71 73 76 77 78 79 80 81 85 86 87 89 90 91 92 93 94 95 99 100 101 102 104 105 106 107 108 109 111 113 114 115 117 119 120 121 122 124 125 127 128 129 130 132 133 134 135 136 137 138 139 140 141 142 143 144 145 146 147 148 149 151 152 153 154 155 156 157 158 159 160 161 162 164 165 166 167 169 170 171 172 173 174 175 176 177 178 179 180 181 183 184 185 186 187 188 189 190 191 192 193 194 195 197 210 211 212 217 218 219 220 221 222 223 224 225 226 230 231 232 234 239 244 245 246 247 248 249 251 253 257 258 259 260 261 262 263 264 267 268 270 271 273 274 275 276 277 278 281 282 284 285 286 287 288 289 290 291 295 296 297 298 299 300 301 302 303 304 305 309 310 311 312 314 315 316 317 318 320 321 322 323 324 325 326 327 329 330 331 332 335 336 337 338 339 340 341 342 343 344 345 347 348 349 350 351 352 353 354 355 356 357 358 360 361 362 363 365 366 367 368 369 370 371 372 373 374 375 376 377 379 380 381 382 383 384 385 386 392 393 394 395 396 397 398 399 400 401 402 403 404 405 406 407 408 409 411 412 413 417 418 420 428 429 430 431 433 435 441 442 443 444 445 448 449 450 453 454 455 456 457 458 459 460 461 462 463 467 468 470 471 472 473 474 476 477 478 479 480 481 482 483 484 485 487 488 490 491 494 496 497 498 499 500 504 505 506 507 508 509 510 511 512 513 514 515 516 517 518 522 523 524 525 526 532 533 534 535 536 537 538 540 541 546 547 548 549 550 551 552 553 554 555 556 557 558 560 561 562 563 564 565 566 573 574 575 576 577 578 579 580 581 584 585 586 588 589 597 598 599 600 601 602 609 610 611 616 625 626 629 630 637 639 640 644 650 652 653 654 655 657 658 664 666 667 668 669 672 674 677 678 680 681 682 686 691 692 694 697 700 701 702 703 704 705 706 707 708 709 710 712 713 714 716 717 720 721 724 726 727 728 729 730 731 732 734 735 737 742 743 744 745 746 747 749 750 751 752 753 754 755 756 757 758 759 760 761 762 764 766 767 768 769 770 771 772 773 774 775 776 777 778 784 0
3 4 10 11 12 13 14 16 17 18 19 21 22 23 24 25 26 27 28 29 31 32 33 34 35 36 37 38 39 40 41 43 44 46 47 48 49 50 61 62 67 68 69 73 74 75 76 78 79 81 82 85 86 87 89 90 91 92 93 94 95 97 98 99 102 103 104 105 106 107 108 109 110 111 116 118 119 121 122 123 124 125 126 127 128 130 131 132 133 134 135 136 137 138 141 142 143 144 145 146 149 150 151 153 154 156 158 159 160 161 163 164 165 166 167 168 172 173 174 175 176 178 179 180 181 182 183 185 186 187 189 190 191 192 193 194 195 196 197 198 201 202 203 206 207 208 209 210 214 215 216 217 219 220 221 222 223 224 226 227 228 229 230 231 232 233 234 236 237 238 239 240 241 242 243 244 245 246 247 248 250 251 254 255 256 257 258 262 263 264 265 268 269 270 271 273 274 276 277 280 281 285 288 289 292 293 295 296 297 298 299 301 302 304 305 307 309 310 311 312 313 314 316 318 319 321 322 323 324 325 326 327 328 329 330 331 332 333 334 335 336 337 338 339 340 341 342 345 346 347 348 349 350 354 355 356 357 360 361 362 363 364 366 367 369 370 372 374 375 376 379 381 382 383 386 387 388 389 0
1 3 4 5 7 11 13 14 16 17 18 19 20 23 24 25 26 27 28 30 31 32 33 34 36 37 38 39 40 41 43 45 46 47 50 51 52 53 56 63 67 69 70 72 73 75 76 77 78 79 81 82 84 86 87 88 89 92 93 94 96 97 98 99 105 106 107 109 110 111 113 114 115 116 117 118 119 120 121 122 123 124 125 126 127 128 129 130 132 133 134 136 137 138 140 142 143 144 145 146 147 148 150 151 152 155 156 158 159 161 162 163 165 166 167 170 173 174 175 177 178 179 180 181 182 183 184 185 186 187 190 192 193 194 196 200 206 209 210 212 214 215 216 217 219 220 221 222 224 225 226 227 228 229 230 231 232 234 237 238 242 243 244 245 246 252 253 255 257 258 259 260 261 262 265 266 267 270 271 273 274 276 277 278 279 283 284 285 287 288 289 290 291 292 293 294 295 296 297 298 299 300 301 304 309 311 314 317 318 323 325 326 327 328 331 332 335 337 338 339 341 342 343 344 345 346 347 348 349 350 351 352 353 354 357 358 360 364 365 366 367 369 370 371 372 374 375 376 377 378 379 380 381 382 383 384 385 386 387 388 389 390 391 392 0
5 8 9 10 11 12 13 14 16 21 22 26 28 30 0

24
1 2 3 4 5 6 7 8 9 10 11 12 13 14 15 16 17 18 19 20 21 22 23 24 25 26 27 28 29 30 31 32 33 34 35 36 37 38 39 40 41 42 43 44 45 46 47 48 49 50 51 52 53 54 55 56 57 58 59 60 61 62 63 64 65 66 67 68 69 70 71 72 73 74 75 76 77 78 79 80 81 82 83 84 85 86 87 88 89 90 92 93 94 95 96 97 98 99 100 101 102 103 104 105 106 107 108 109 110 111 112 113 114 115 116 117 118 119 120 121 122 123 124 125 126 127 128 129 130 131 132 133 135 136 137 138 139 140 141 142 143 144 145 146 147 148 149 150 151 152 153 154 155 156 157 158 159 160 162 163 164 165 166 167 168 169 170 171 172 173 174 175 176 177 178 179 180 181 182 183 184 185 186 187 188 189 190 191 192 193 194 195 196 204 205 207 208 210 216 217 219 220 221 224 233 234 235 236 246 247 248 249 250 251 260 261 262 263 264 267 268 273 274 275 276 277 286 288 289 290 291 292 293 294 295 301 302 303 304 313 315 316 317 318 327 328 329 330 337 338 340 341 342 343 344 351 352 354 355 356 357 368 369 370 371 381 393 394 395 396 397 398 399 400 401 402 403 404 405 406 407 408 409 410 411 412 413 414 415 416 417 418 419 420 421 422 423 424 425 426 427 428 429 430 431 432 433 434 435 436 437 438 439 440 441 442 443 444 445 446 447 448 449 450 451 452 453 454 455 456 457 458 459 460 461 462 463 464 465 466 467 468 469 470 471 472 473 474 475 476 477 478 479 480 481 482 483 484 485 486 487 488 489 490 491 492 493 494 495 496 497 498 499 500 501 502 503 504 505 506 507 508 509 510 511 512 513 514 515 516 517 518 519 520 521 522 523 524 525 526 527 528 529 530 531 532 533 534 535 536 537 538 539 540 541 542 543 544 545 546 547 548 549 550 551 552 553 554 555 556 557 558 559 560 561 562 563 564 565 566 567 568 569 570 571 572 573 574 575 576 577 578 579 580 581 582 583 584 585 586 587 588 594 595 596 597 598 599 600 601 602 603 604 605 606 607 608 609 610 611 612 613 614 615 616 617 623 624 625 626 627 628 629 630 631 639 640 641 643 645 646 647 649 650 652 653 654 655 656 657 658 659 660 661 665 666 667 668 671 672 675 676 678 679 680 681 682 683 684 685 686 687 688 689 690 691 692 693 694 695 705 706 707 708 709 710 711 712 713 714 715 716 717 718 719 720 721 728 729 730 731 732 733 734 735 738 740 741 742 743 744 745 746 747 748 749 750 751 752 753 754 757 758 759 760 761 762 770 771 772 773 774 775 778 779 780 781 782 783 784 0
9 14 15 16 17 18 19 20 21 22 23 24 25 26 27 28 29 30 31 32 33 34 35 36 37 38 39 40 41 42 43 45 46 48 49 51 52 53 54 55 56 57 58 64 65 66 67 68 69 70 71 72 76 78 79 80 81 82 83 84 85 86 87 91 92 93 94 95 96 97 98 99 100 101 104 105 106 107 108 110 111 112 113 114 115 116 117 118 119 120 121 122 123 124 125 127 128 129 131 132 133 134 135 137 138 139 140 141 142 143 145 146 147 148 153 155 156 157 158 160 161 162 163 165 166 167 169 170 171 172 174 175 177 178 179 180 181 183 184 185 186 189 192 193 194 195 197 205 206 207 208 209 210 211 215 216 217 218 219 220 221 222 223 224 225 226 227 228 229 230 231 232 233 234 235 236 237 238 239 245 246 247 248 249 250 251 252 253 254 259 260 261 262 263 264 265 266 267 268 273 275 276 277 278 279 280 281 282 283 284 286 287 288 289 290 291 292 293 295 296 297 298 299 300 301 302 303 304 306 307 309 310 311 312 313 315 316 317 318 319 323 324 326 327 328 329 330 331 335 336 337 338 339 340 341 342 343 344 351 352 353 354 355 356 357 358 361 362 363 365 366 367 368 369 370 371 372 375 376 377 379 383 384 385 386 392 393 394 395 396 397 398 399 400 401 402 403 404 405 406 407 409 410 411 412 413 414 415 416 417 418 419 420 421 428 429 430 431 432 433 434 438 442 443 444 445 446 447 448 455 456 457 459 460 462 463 464 469 470 471 472 476 482 483 484 485 486 487 488 489 491 492 493 494 495 496 497 498 499 504 510 511 512 513 514 515 516 517 519 523 524 525 526 532 533 534 535 537 538 539 540 546 547 548 550 552 553 555 556 557 558 560 563 564 565 566 568 574 575 576 577 578 579 580 582 583 584 585 586 587 588 589 596 597 598 599 600 601 602 607 608 609 610 611 612 613 614 615 616 618 621 622 623 624 625 626 627 628 629 630 637 638 639 640 641 642 643 644 651 652 654 655 657 658 660 666 668 670 671 672 679 680 681 683 684 685 686 688 691 692 694 700 702 703 704 705 707 708 709 710 711 712 713 714 719 721 723 727 728 729 730 731 733 734 735 742 743 744 745 746 747 748 750 756 758 759 760 761 762 763 764 766 767 768 770 771 774 776 784 0
2 3 4 5 6 7 11 12 13 14 15 17 18 19 20 21 22 23 24 25 26 27 28 29 30 31 32 36 37 38 40 41 42 43 44 45 46 47 50 53 54 55 56 60 61 62 63 69 72 75 76 82 85 86 87 88 92 93 94 99 100 101 102 103 104 105 107 108 109 110 111 112 113 114 115 116 117 118 119 120 121 122 123 124 125 127 128 129 130 131 134 135 136 137 138 139 141 142 143 144 145 146 149 150 151 152 153 154 156 157 159 160 161 165 166 167 168 169 170 171 172 173 174 175 176 177 178 179 180 181 182 183 184 185 186 191 192 193 194 195 197 198 201 202 203 205 206 207 208 209 210 214 215 216 217 219 220 222 223 224 226 227 228 229 230 231 232 233 236 237 238 239 240 241 242 243 244 245 246 247 248 250 251 252 254 255 256 257 258 259 260 261 262 264 265 266 267 268 270 272 276 277 281 282 286 288 290 291 292 293 294 295 296 297 298 299 300 301 302 305 306 307 308 309 311 312 313 314 315 316 317 318 319 320 321 322 323 324 325 326 327 328 329 330 331 332 333 334 336 337 338 339 340 341 342 345 346 347 348 349 350 354 355 356 357 361 362 363 364 367 368 369 370 373 374 376 379 380 381 382 387 388 389 0
1 4 5 6 7 11 12 13 14 18 20 21 26 27 28 30 31 32 33 35 36 37 39 41 43 45 47 49 50 51 52 53 54 55 56 57 58 59 61 62 63 69 70 71 72 73 75 76 77 78 80 83 84 92 93 94 95 97 98 99 102 104 105 108 109 110 111 112 113 114 115 116 117 118 119 120 121 122 123 124 126 127 128 129 130 131 134 135 136 137 138 140 141 142 143 144 145 146 147 148 150 151 152 153 154 155 156 157 158 159 160 161 162 163 165 166 167 168 169 170 172 173 174 175 176 178 179 181 183 190 191 194 195 196 199 200 201 202 204 205 209 210 211 212 213 216 217 220 222 224 225 228 230 232 234 236 237 238 239 240 241 242 243 244 245 246 249 250 251 252 253 255 256 257 258 259 260 262 263 264 265 266 267 268 269 270 271 273 274 276 277 278 280 281 283 284 285 287 288 289 290 291 292 293 294 295 296 297 298 299 300 301 302 303 304 305 306 307 308 309 310 312 313 314 315 316 320 322 324 325 328 329 331 332 335 336 337 338 339 341 343 344 345 346 347 348 349 350 351 352 353 354 355 356 357 358 360 361 362 363 364 365 366 367 368 369 370 371 372 373 374 375 376 377 378 379 381 382 383 384 385 387 389 390 0
2 6 7 9 13 14 15 17 18 19 20 22 24 28 29 31 32 0

25
1 2 3 4 5 6 7 8 9 10 11 12 13 14 15 16 17 18 19 20 21 22 23 24 25 26 27 28 29 30 31 32 33 34 35 36 37 38 39 40 41 42 43 44 45 46 47 48 49 50 51 52 53 54 55 56 57 58 59 60 61 62 63 64 65 66 67 68 69 70 71 72 73 74 75 76 77 78 79 80 81 82 83 84 85 86 87 88 89 90 91 92 93 94 95 96 97 98 99 100 101 102 103 104 105 106 107 109 110 111 112 113 114 115 116 117 118 119 120 121 122 123 124 125 126 127 128 129 130 131 132 133 134 135 136 137 138 139 140 141 142 143 144 145 146 147 148 149 150 151 152 153 154 155 156 157 158 159 160 161 162 163 164 165 166 167 168 169 170 171 172 173 174 175 176 177 178 179 180 181 182 183 184 185 186 187 188 189 190 191 192 193 194 195 196 203 204 207 208 210 219 220 222 232 233 234 237 245 246 247 248 260 261 262 263 267 268 269 270 271 272 273 274 275 276 283 284 285 286 287 288 289 291 292 298 299 300 302 303 304 313 316 317 318 319 325 327 328 329 330 331 332 333 334 339 340 341 342 343 344 345 346 347 348 353 354 355 356 357 371 372 373 393 394 395 396 397 398 399 400 401 402 403 404 405 406 407 408 409 410 411 412 413 414 415 416 417 418 419 420 421 422 423 424 425 426 427 428 429 430 431 432 433 434 435 436 437 438 439 440 441 442 443 444 445 446 447 448 449 450 451 452 453 454 455 456 457 458 459 460 461 462 463 464 465 466 467 468 469 470 471 472 473 474 475 476 477 478 479 480 481 482 483 484 485 486 487 488 489 490 491 492 493 494 495 496 497 498 499 500 501 502 503 504 505 506 507 508 509 510 511 512 513 515 516 517 518 519 520 521 522 523 524 526 527 528 529 530 531 532 533 534 535 536 537 538 539 540 541 542 543 544 545 546 547 548 549 550 551 552 553 554 555 556 557 558 559 560 561 562 563 564 565 566 567 568 569 570 571 572 573 574 575 576 577 578 579 580 581 582 583 584 585 586 587 588 594 595 596 598 599 600 601 602 603 604 605 606 607 608 609 610 611 612 613 614 615 616 617 618 622 623 624 625 626 627 628 629 630 637 638 639 640 641 642 643 645 646 648 649 650 651 652 653 654 655 656 657 658 659 660 661 662 663 664 666 667 668 669 670 671 672 673 674 676 677 678 679 680 681 682 683 684 685 686 690 691 692 693 694 695 696 701 709 711 713 714 715 718 719 720 721 722 723 724 725 726 727 728 729 730 731 732 733 734 735 736 737 738 739 740 741 743 745 746 747 748 749 750 751 756 757 758 759 762 763 764 766 767 768 769 770 771 774 775 776 777 778 779 780 782 783 784 0
8 9 11 14 15 16 19 20 21 22 23 24 25 26 27 28 29 33 34 36 37 38 39 40 41 42 43 49 50 51 52 53 54 55 56 57 58 62 63 64 65 66 67 68 69 71 72 75 77 78 79 80 81 82 83 85 86 87 88 89 90 91 92 93 94 95 96 97 99 100 104 105 106 107 108 110 111 112 113 119 120 121 122 123 125 127 130 131 132 133 134 135 136 137 139 141 144 147 148 149 150 151 152 155 156 157 158 159 160 161 169 170 171 176 177 178 181 183 184 185 186 187 188 189 190 191 192 193 194 195 197 203 204 205 206 208 209 210 211 212 216 217 218 219 220 221 222 223 224 225 226 230 231 232 233 234 235 236 237 238 239 240 244 245 246 247 248 249 250 251 253 254 255 256 259 260 261 262 263 264 265 267 268 269 271 272 273 274 275 276 277 278 279 281 282 283 284 285 286 287 288 289 290 291 292 293 295 296 298 303 304 305 309 312 313 317 318 319 323 324 325 326 328 329 330 331 332 333 334 337 338 340 341 342 343 344 345 346 347 348 351 352 354 355 356 357 358 359 360 365 366 367 368 369 372 373 374 375 379 392 393 394 395 396 397 398 399 400 401 402 403 404 405 406 407 411 412 413 414 415 416 417 420 421 422 427 428 429 430 433 434 442 444 445 448 449 450 451 452 453 455 456 457 459 462 463 464 465 466 467 468 469 470 471 472 473 474 475 476 478 479 480 481 482 483 484 486 487 488 489 490 493 494 495 496 497 498 499 500 501 502 503 504 512 513 514 515 518 519 521 522 523 524 525 526 527 528 529 530 532 533 535 536 537 538 539 540 541 542 543 544 545 546 548 549 550 551 552 553 554 555 556 557 560 561 562 563 564 565 566 567 568 569 570 571 572 574 575 576 577 579 580 581 582 583 588 589 596 597 598 600 601 602 607 608 609 610 611 612 613 614 615 616 622 623 624 625 626 627 628 629 630 636 637 638 639 640 642 643 644 651 652 653 654 656 657 658 659 660 662 663 664 665 666 667 668 670 671 672 674 675 676 677 678 679 680 681 683 684 685 686 688 691 692 693 694 695 696 700 707 708 709 710 714 719 720 722 723 724 728 732 733 734 735 736 737 738 739 740 742 745 746 747 748 749 750 751 752 753 756 758 760 761 762 763 764 765 770 771 784 0
3 4 5 6 7 10 11 12 15 16 17 18 19 20 23 24 25 30 31 32 33 34 36 37 38 39 40 41 42 43 44 45 46 49 50 54 56 60 61 63 66 67 68 69 70 72 74 75 76 80 81 82 83 87 88 89 90 92 93 99 101 102 103 104 105 107 108 109 111 113 114 115 116 117 118 120 121 122 123 124 125 127 128 129 130 131 132 133 134 135 136 137 141 142 143 144 145 146 147 149 150 151 152 154 157 158 160 161 163 164 165 166 170 172 173 174 175 177 178 179 181 183 184 186 187 188 189 190 191 197 198 200 202 203 207 208 209 210 211 212 213 214 215 216 217 218 219 220 222 223 224 225 226 227 228 230 231 232 233 234 235 236 237 238 239 241 242 243 244 245 247 250 251 252 255 256 257 258 260 262 263 264 265 266 267 268 269 270 271 272 275 276 277 278 279 280 281 282 283 284 285 286 287 288 289 290 291 292 293 295 296 297 298 299 301 302 303 304 305 306 307 308 309 310 311 312 313 314 315 316 317 318 319 320 321 322 323 324 325 326 327 328 330 332 333 334 335 336 337 339 340 341 342 343 345 346 347 349 350 354 355 356 357 359 360 361 362 363 366 367 368 369 370 373 374 375 376 378 380 381 382 383 384 388 389 391 0
1 3 4 5 6 7 8 9 10 11 12 13 14 15 16 17 18 19 20 22 23 24 25 26 27 28 29 30 31 33 34 37 38 39 41 42 44 45 46 47 48 50 51 52 53 55 56 57 61 62 63 67 69 70 71 72 73 76 81 82 83 84 86 88 89 90 91 92 93 94 95 96 98 99 101 102 103 104 105 109 110 111 112 114 115 116 117 118 119 123 124 125 129 130 131 133 134 141 143 145 146 147 148 150 151 152 153 154 155 156 158 159 160 161 164 165 166 167 168 169 170 171 172 173 175 176 177 178 179 180 181 182 183 184 185 186 188 189 191 192 193 194 195 196 200 201 202 203 204 205 207 209 211 213 214 215 216 217 220 221 222 224 226 227 228 229 230 232 233 234 235 238 239 240 241 242 243 245 246 248 249 250 252 253 256 257 258 264 265 266 270 271 272 273 274 275 276 277 278 279 280 281 282 285 286 287 291 292 293 294 295 296 297 298 299 300 301 303 304 305 306 307 308 309 312 314 315 316 317 318 319 320 323 324 325 326 327 330 331 332 333 334 335 336 337 338 339 340 341 342 343 344 345 346 347 348 349 350 351 352 354 355 356 357 358 361 362 363 364 365 366 367 368 369 370 371 372 373 374 375 376 377 378 379 380 381 383 386 387 388 390 0
1 2 3 6 7 9 10 14 17 18 19 21 23 25 27 29 31 32 0

26
1 2 3 4 5 6 7 8 9 10 11 12 13 14 15 16 17 18 19 20 21 22 23 24 25 26 27 28 29 30 31 32 33 34 35 36 37 38 39 40 41 42 43 44 45 47 48 49 50 51 52 53 54 55 56 57 58 59 61 62 63 64 65 66 67 68 69 70 71 72 73 74 75 76 77 79 80 81 83 84 85 86 87 88 89 90 91 92 93 94 95 96 97 98 99 100 101 102 103 104 105 106 107 109 110 111 112 113 114 115 116 117 118 119 120 121 122 123 124 125 126 127 128 129 130 131 132 133 134 135 136 137 138 140 141 142 143 144 145 146 147 148 149 150 151 152 153 154 155 156 157 158 159 160 161 162 163 164 165 166 167 168 169 170 171 172 173 174 175 176 177 178 179 180 181 182 183 184 185 186 187 188 189 190 191 192 193 194 195 196 197 198 216 218 219 225 226 228 229 230 231 232 233 234 235 236 237 238 242 243 244 245 246 247 248 249 250 256 257 258 259 260 261 262 263 264 267 268 269 271 272 274 275 276 277 278 281 282 283 284 285 286 287 288 289 290 291 292 295 297 298 300 301 302 303 304 305 308 310 312 313 314 315 316 319 320 321 325 326 327 328 329 330 331 332 333 334 335 336 339 340 341 342 343 344 345 346 347 348 349 350 352 353 354 355 356 357 358 359 360 361 362 367 368 369 370 371 372 373 393 394 395 396 397 398 399 400 401 402 403 404 405 406 407 408 409 410 411 412 413 414 415 417 418 419 420 421 422 423 424 425 426 427 428 429 430 431 432 433 434 435 436 437 438 439 440 441 442 443 444 445 446 447 448 449 450 451 453 454 455 456 457 458 459 460 461 462 463 464 465 466 467 468 469 470 472 473 474 475 476 477 478 479 480 481 482 483 484 485 486 487 488 489 490 491 492 493 494 495 496 497 498 499 500 501 502 503 504 505 506 507 508 509 510 511 513 514 515 516 517 518 519 520 521 522 523 524 525 526 527 528 529 530 531 532 533 534 535 536 537 538 539 540 541 542 543 544 545 546 547 548 549 551 552 553 554 555 556 557 558 559 560 561 562 563 564 565 566 567 569 570 571 572 573 574 575 576 577 578 579 580 581 582 583 584 585 586 587 588 589 605 606 607 608 609 610 611 613 614 615 617 618 619 620 621 622 623 624 625 626 627 628 629 630 631 634 635 636 637 638 639 640 641 642 645 646 647 648 649 650 651 652 653 654 655 656 659 660 661 662 663 664 665 666 667 668 670 671 672 673 674 675 676 677 678 679 680 681 682 683 684 685 686 687 688 689 690 691 692 693 694 695 696 699 700 701 702 703 704 705 706 707 708 709 710 711 712 714 717 718 719 720 721 722 723 724 725 726 727 728 729 730 731 732 733 734 735 736 737 738 739 740 741 742 743 744 745 746 747 748 750 751 752 753 754 757 758 759 760 761 762 763 764 770 771 773 774 775 776 777 778 779 780 781 782 783 784 0
7 8 9 14 15 16 17 18 24 25 26 27 29 30 33 34 35 36 37 38 40 41 43 44 45 46 49 50 51 52 53 54 55 57 58 59 60 61 62 63 64 65 66 67 68 71 72 73 74 77 78 79 80 81 82 83 85 86 87 88 89 90 91 92 93 94 95 96 97 98 99 100 101 102 103 104 106 107 108 109 111 112 113 114 115 116 117 118 119 120 121 122 123 125 126 127 128 129 130 131 132 133 134 135 136 137 138 139 140 141 142 143 144 145 146 147 148 149 150 151 152 153 154 155 156 157 158 159 160 161 162 163 164 165 166 167 168 169 170 171 172 173 174 175 176 177 180 181 183 184 185 186 187 188 189 192 197 205 210 211 212 213 214 215 216 219 223 225 226 227 228 231 232 233 234 235 237 239 240 241 243 244 245 246 247 248 249 250 253 254 256 257 258 259 260 261 262 263 264 265 267 268 269 270 271 272 273 275 276 277 278 279 281 282 283 284 285 286 287 288 289 290 291 292 293 294 295 296 297 298 299 300 301 302 303 304 305 307 308 309 310 311 312 313 314 315 316 318 319 320 323 324 325 326 327 328 329 330 331 332 333 334 335 336 337 339 340 341 342 343 344 345 346 347 348 349 350 351 352 353 355 356 357 358 359 360 361 362 363 365 366 367 368 369 370 371 372 373 374 375 379 392 393 394 395 396 397 398 399 400 401 402 403 404 405 412 413 414 415 418 419 420 421 422 423 424 425 426 427 428 429 430 431 432 433 437 438 439 440 441 442 443 444 445 446 448 449 450 451 452 453 455 456 457 458 459 460 461 462 463 465 466 467 468 469 470 471 472 474 475 476 477 478 479 480 481 482 483 484 485 486 487 488 489 490 491 492 493 494 495 496 497 498 499 500 501 503 504 505 506 507 508 509 510 511 512 513 514 515 516 517 518 520 521 522 523 524 525 527 528 529 530 531 532 533 534 535 536 537 538 539 540 541 542 543 544 545 546 547 548 549 550 551 552 553 554 555 556 557 558 559 560 563 564 565 566 567 568 569 570 573 574 575 576 577 578 579 580 581 582 583 584 585 586 587 588 589 602 616 618 619 620 621 622 623 624 625 626 627 628 629 630 634 636 637 638 639 640 641 642 644 646 647 648 649 650 651 652 653 654 655 657 658 659 660 661 662 663 664 666 667 669 671 672 673 674 675 676 677 678 681 682 684 685 686 687 688 689 690 692 693 694 695 696 699 700 701 702 703 704 705 706 707 708 709 710 711 713 714 716 717 719 720 721 722 723 724 725 726 728 730 731 732 733 734 735 736 737 738 739 740 741 742 744 745 746 747 748 749 750 751 752 753 754 755 756 758 759 761 762 763 764 765 766 767 770 771 775 784 0
3 4 7 8 9 10 11 12 13 14 15 16 17 18 19 20 21 22 23 24 25 26 27 28 29 30 31 32 33 34 35 36 37 38 39 40 41 42 44 45 46 47 48 49 50 53 54 56 59 60 61 62 63 64 65 66 67 69 70 71 72 73 74 75 76 79 80 81 82 83 84 85 86 87 88 89 90 91 92 93 94 99 100 101 102 103 105 106 107 108 109 110 111 112 113 114 115 116 117 119 120 122 123 124 125 126 127 128 129 130 131 132 133 134 135 136 137 138 139 140 141 142 143 144 145 146 147 149 150 154 155 156 157 158 159 160 161 162 163 164 165 166 167 169 170 171 173 174 175 176 177 178 179 180 181 182 184 185 186 187 188 189 191 192 193 194 196 197 199 200 202 203 204 205 206 207 208 209 210 211 212 213 214 215 216 217 218 219 220 221 222 223 224 225 226 227 228 229 230 231 232 233 234 235 236 237 238 239 240 242 243 244 245 246 248 249 250 251 254 255 256 257 258 259 260 261 262 263 264 265 266 267 268 270 272 273 275 276 277 278 279 280 281 282 283 284 287 288 289 290 291 292 294 295 296 297 298 301 302 303 304 305 306 307 308 309 310 311 312 313 315 316 317 318 319 320 321 323 325 327 328 329 330 331 332 333 334 335 336 337 338 339 340 341 342 343 345 346 347 348 349 350 352 353 354 355 356 357 358 359 360 361 362 363 364 365 366 367 368 369 371 373 374 375 376 377 378 379 380 381 382 383 384 385 387 388 389 391 0
1 2 3 4 5 6 7 8 9 10 11 12 13 14 15 16 17 18 19 20 21 23 24 25 26 27 28 29 30 31 32 33 34 35 36 37 38 39 40 42 44 45 46 47 48 49 50 51 55 56 57 59 60 61 63 64 66 67 70 72 73 74 75 76 77 78 79 80 81 82 83 84 85 86 87 88 89 90 91 92 93 94 95 98 101 102 103 104 105 106 107 108 112 113 114 115 116 117 118 119 120 121 123 124 125 126 127 128 130 131 132 134 135 136 137 140 141 142 143 144 145 146 147 148 149 150 151 152 153 154 155 156 157 158 159 160 161 162 163 164 165 166 167 168 169 170 171 173 174 175 176 177 179 180 181 183 184 185 186 187 189 190 191 192 193 194 195 196 198 199 200 203 204 207 208 209 211 212 214 215 216 217 218 220 221 222 223 224 225 226 227 228 229 231 233 234 235 236 237 238 239 240 241 242 244 245 246 249 253 254 255 256 257 258 259 260 261 262 263 264 266 267 268 269 270 271 272 273 274 275 276 277 278 279 281 282 283 284 285 286 290 291 292 294 296 297 298 299 301 302 303 304 305 306 307 309 310 311 312 313 314 316 317 318 319 320 321 323 324 325 326 327 328 329 330 331 332 333 334 335 336 337 338 339 340 341 342 343 344 345 346 347 348 349 351 352 353 354 355 358 359 360 361 362 364 365 366 367 368 369 370 371 372 373 374 375 376 377 378 379 380 381 383 384 386 387 389 390 391 0
1 2 4 5 7 8 10 11 14 16 17 18 19 20 23 25 26 27 28 31 32 0

27
1 2 3 4 5 6 7 8 9 10 11 12 13 14 15 16 17 18 19 20 21 22 23 24 25 26 27 28 29 30 31 32 33 34 35 36 37 38 39 40 41 42 43 44 45 46 47 48 49 50 51 52 53 54 55 56 57 58 59 60 61 62 63 64 65 66 67 68 69 70 71 72 73 74 75 76 77 78 79 80 81 82 83 84 85 86 87 88 89 90 91 92 93 94 95 96 97 98 99 100 101 102 103 104 105 106 107 108 109 110 111 112 113 114 115 116 117 118 119 120 121 122 123 124 125 126 127 128 129 130 131 132 133 134 135 136 137 138 139 140 141 142 143 144 145 146 147 148 149 150 151 152 153 154 155 156 157 158 159 160 161 162 163 164 165 166 167 168 169 170 171 172 173 174 175 176 177 178 179 180 181 182 183 184 185 186 187 188 189 190 191 192 193 194 195 196 201 202 203 204 205 206 207 208 226 232 233 234 235 236 239 240 241 242 244 245 246 248 249 251 257 258 259 260 261 262 263 271 272 274 275 276 280 281 284 285 286 287 288 289 290 291 298 299 300 301 302 303 304 305 308 314 315 316 317 318 324 329 330 331 332 334 343 344 345 348 349 350 357 358 359 362 363 371 372 373 385 386 393 394 395 396 397 398 399 400 401 402 403 404 405 406 407 408 409 410 411 412 413 414 415 416 417 418 419 420 421 422 423 424 425 426 427 428 429 430 431 432 433 434 435 436 437 438 439 440 441 442 443 444 445 446 447 448 449 450 451 452 453 454 456 458 459 460 461 462 463 464 465 466 467 468 469 470 471 472 473 474 475 476 477 478 479 480 481 482 483 484 485 486 487 488 489 490 491 492 493 494 495 496 497 498 499 500 501 502 503 504 505 506 507 508 509 510 511 512 513 514 515 516 517 518 519 520 521 522 523 524 525 526 527 528 529 530 531 532 533 534 535 536 537 538 539 540 541 542 543 544 545 546 547 548 549 550 551 552 553 554 555 556 557 558 559 560 561 562 563 564 565 566 567 568 569 570 571 572 573 574 575 576 577 578 579 580 581 583 584 585 586 587 588 589 592 593 594 603 604 605 606 610 611 612 613 614 615 616 617 618 619 620 621 622 623 624 625 626 627 628 629 630 631 632 633 634 635 636 639 640 645 646 647 648 649 650 651 652 653 654 655 656 657 658 659 660 661 662 663 664 666 667 668 670 671 672 673 674 675 676 677 678 679 680 681 682 684 685 686 687 688 689 690 691 692 693 694 695 696 697 698 699 700 701 702 703 704 705 706 707 709 711 712 713 714 715 716 717 718 721 722 723 725 726 727 728 732 733 734 735 736 737 739 740 741 742 743 744 745 746 749 750 751 752 753 754 755 756 757 762 764 765 766 767 770 771 772 773 774 775 776 777 778 779 780 781 782 783 784 0
1 14 15 16 17 18 19 20 21 22 23 24 25 26 27 29 30 31 32 33 34 35 36 37 38 39 40 41 43 44 45 46 47 48 49 50 51 52 53 54 55 56 57 58 59 60 61 62 64 65 66 67 68 69 71 72 73 75 76 77 78 79 80 81 82 83 85 86 87 89 90 91 92 93 94 95 96 97 98 99 100 101 102 104 105 106 107 108 109 110 111 112 113 114 115 116 119 120 121 122 124 125 126 127 128 129 130 131 132 133 134 135 136 137 138 139 140 141 142 143 144 145 147 148 149 150 151 152 153 154 155 157 161 162 163 164 165 166 167 168 169 171 176 177 179 180 181 182 190 191 192 193 194 195 197 210 211 212 213 214 215 216 217 218 219 220 222 223 225 226 227 228 229 230 231 232 233 236 237 238 239 240 241 242 243 244 246 247 248 249 251 252 253 254 255 256 257 258 259 261 262 263 267 268 269 270 271 272 273 274 275 276 277 278 279 280 281 282 283 284 285 286 287 288 289 290 291 292 293 294 295 296 297 298 299 300 301 302 303 304 305 306 307 308 309 310 311 312 313 314 315 316 317 318 319 320 321 322 323 324 325 326 327 328 329 331 332 334 335 336 337 338 339 340 341 342 343 344 345 346 348 349 350 351 354 358 359 360 361 362 363 364 365 366 372 373 375 376 377 378 379 384 385 386 387 388 392 393 394 395 396 397 398 399 400 401 402 403 404 405 407 408 409 417 418 420 421 422 423 424 425 426 428 429 431 432 433 434 435 436 437 438 440 443 444 445 446 448 452 453 454 455 456 457 459 460 462 463 464 466 467 468 469 471 472 474 475 476 477 478 480 481 482 483 484 486 490 492 493 496 497 498 499 500 501 503 504 505 506 507 508 509 510 511 512 513 514 515 516 518 519 525 528 529 531 536 537 538 540 541 545 546 547 552 553 554 555 556 559 560 561 562 566 567 568 569 574 575 576 577 578 579 580 581 582 584 585 586 587 588 589 592 593 594 595 596 597 598 599 602 603 604 605 606 616 617 618 619 620 621 622 624 626 627 628 629 630 631 632 633 634 635 636 637 638 639 640 642 643 644 646 647 648 649 650 652 653 654 658 659 660 661 662 663 664 665 666 667 670 671 672 673 674 675 676 677 678 679 680 681 682 684 685 686 688 689 690 691 692 693 694 696 697 698 699 700 702 703 704 705 706 707 708 709 712 713 714 716 717 718 721 722 725 726 727 728 731 732 734 735 740 741 742 749 750 752 754 755 756 758 762 763 767 768 769 770 771 776 777 778 779 784 0
1 2 3 6 7 8 9 10 11 12 13 15 16 17 18 19 20 21 22 23 24 25 26 27 31 32 33 34 35 38 39 41 43 44 45 46 47 48 49 50 51 56 57 58 59 64 65 66 67 68 69 71 72 73 74 75 76 77 78 79 80 81 82 83 84 89 91 96 97 98 99 100 101 102 103 104 105 106 107 109 110 111 113 114 115 116 117 118 119 120 121 122 123 124 125 126 127 128 129 130 131 133 134 135 136 137 138 141 142 143 144 145 146 149 150 154 155 156 157 158 159 160 161 162 163 164 165 166 167 168 169 170 172 173 174 177 178 179 180 181 182 184 185 186 187 188 189 193 194 196 197 198 199 200 201 202 203 205 209 210 211 212 213 214 215 216 217 219 220 222 223 224 225 226 227 229 230 231 232 234 235 236 237 238 241 242 243 244 245 246 247 248 249 250 251 252 253 254 255 256 257 258 260 261 262 263 264 265 266 267 268 269 270 271 272 273 274 275 276 277 278 279 280 281 282 283 284 285 286 287 289 291 292 293 294 295 296 297 298 299 300 301 302 303 304 307 309 310 311 312 313 315 316 317 318 319 320 321 322 323 324 325 326 327 328 329 330 331 333 334 337 338 340 341 342 345 346 347 348 349 350 351 355 356 358 359 360 361 362 363 365 366 367 368 369 370 373 374 375 376 377 378 382 383 384 385 389 390 392 0
1 3 4 5 6 7 8 9 10 11 12 13 14 15 16 17 18 19 20 21 22 24 25 26 27 28 31 32 33 34 36 37 39 41 46 47 49 50 51 52 53 55 56 57 58 59 61 63 64 65 66 67 68 69 70 71 72 73 75 76 77 78 79 80 81 82 83 84 87 88 89 90 92 93 94 95 96 97 98 99 100 101 103 104 105 107 109 111 113 114 115 116 117 118 120 122 123 125 126 129 130 131 132 133 134 135 136 137 138 139 140 141 143 144 146 147 148 149 150 151 152 153 155 158 159 160 161 162 163 165 166 167 168 169 170 171 174 176 177 178 179 180 181 182 183 184 185 186 188 189 190 193 194 195 196 197 198 203 204 205 206 207 208 209 212 213 214 215 216 218 219 220 221 222 224 225 228 229 230 231 233 235 238 241 242 243 244 246 248 249 250 251 252 253 257 258 260 266 267 270 272 273 276 277 278 279 280 281 282 284 285 286 287 288 289 290 291 292 293 294 295 296 297 301 302 303 308 309 310 311 315 316 318 322 323 324 325 326 327 328 329 330 331 333 334 335 336 337 341 342 343 344 345 346 347 348 349 350 351 352 353 356 359 360 363 365 366 368 369 370 371 372 373 375 376 377 378 379 381 382 383 384 385 386 387 388 390 391 392 0
3 6 8 9 10 11 12 13 15 16 22 24 27 29 30 0

28
1 2 3 4 5 6 7 8 9 10 11 12 13 14 15 16 17 18 19 20 21 22 23 24 25 26 27 28 29 30 31 32 33 34 35 36 37 38 39 40 41 42 43 44 45 46 47 48 49 50 51 52 53 54 55 56 57 58 59 60 61 62 63 64 65 66 67 68 69 70 71 72 73 74 75 76 77 78 79 80 81 82 83 84 85 86 87 88 89 90 91 92 93 94 95 96 97 98 99 100 101 102 103 104 105 106 107 108 110 111 112 113 114 115 116 117 118 119 120 121 122 123 124 125 126 127 128 129 130 131 132 133 134 135 136 137 138 139 140 141 142 143 144 145 146 148 149 150 151 152 153 154 155 156 157 158 159 160 161 162 163 164 165 166 167 168 169 170 171 172 173 174 175 176 177 178 179 180 181 182 183 184 185 186 187 188 189 190 191 192 193 194 195 196 202 203 204 205 206 207 227 229 230 231 232 233 234 235 241 242 243 244 245 246 247 248 249 250 255 256 257 258 259 260 261 262 263 264 265 269 270 271 272 273 275 276 277 278 279 280 286 287 288 289 290 291 292 299 300 301 302 303 304 305 306 314 315 316 317 318 319 320 324 326 327 330 331 332 333 338 339 340 342 343 344 345 346 347 353 354 355 356 357 358 359 360 361 366 367 368 369 370 371 372 373 374 393 394 395 396 397 398 399 400 401 402 403 404 405 406 407 408 409 410 411 412 413 414 415 416 417 418 419 420 421 422 423 424 425 426 427 428 429 430 431 432 433 434 435 436 437 438 439 440 441 442 443 444 445 446 447 448 449 450 451 452 453 454 455 456 457 458 459 460 461 462 463 464 465 467 468 469 471 472 473 474 475 476 477 478 479 480 481 482 483 484 485 486 487 488 489 490 491 492 493 494 495 496 497 498 499 500 501 502 503 504 505 506 507 508 509 510 511 512 513 514 515 516 517 518 519 520 521 522 524 525 526 527 528 529 530 531 532 533 534 535 536 537 538 539 540 541 542 543 544 545 546 547 548 549 550 551 552 553 554 555 556 558 559 560 561 562 563 564 565 566 567 568 569 570 571 572 573 574 575 576 577 578 579 580 581 582 583 584 585 586 587 588 593 594 595 602 603 605 612 613 617 619 621 622 623 624 625 626 627 628 629 630 631 633 634 635 636 637 638 639 640 641 642 645 647 648 649 650 651 653 654 655 656 658 659 661 662 663 665 666 667 668 669 670 671 672 673 678 679 680 681 682 683 684 686 687 688 689 690 691 692 693 694 695 696 697 698 701 702 706 707 708 710 711 712 713 714 718 719 720 721 722 723 724 725 726 727 728 729 730 731 732 733 734 735 736 737 738 739 741 742 743 744 745 746 747 748 749 750 751 752 753 754 755 758 759 760 761 762 763 764 765 770 771 772 773 774 775 776 777 778 779 780 781 782 783 784 0
14 15 19 20 21 22 23 24 25 26 27 29 33 34 35 36 37 40 43 47 48 49 50 51 52 53 54 55 57 60 62 63 64 65 66 67 68 69 75 76 77 78 79 80 81 82 83 91 92 93 94 95 96 98 99 105 106 107 108 109 111 113 117 119 120 121 122 123 124 125 127 130 132 134 135 136 137 138 139 141 143 144 145 146 147 148 149 150 151 152 153 154 158 159 160 161 162 163 164 165 166 167 169 171 172 173 174 175 176 177 178 181 184 187 190 195 197 210 211 214 215 216 217 225 227 228 231 232 233 234 235 239 242 243 244 245 246 247 248 249 250 253 255 256 257 258 259 260 261 262 263 264 265 267 272 274 275 276 277 278 279 280 281 287 288 289 290 291 292 295 300 301 302 303 304 305 306 309 310 311 314 315 317 318 319 320 321 323 324 325 330 331 332 333 334 335 337 338 340 341 342 343 344 345 346 347 348 349 350 351 353 354 355 356 357 358 359 360 361 362 363 365 368 369 370 371 372 373 374 379 387 388 392 393 394 395 396 397 398 399 400 401 402 403 404 405 410 411 417 418 419 420 421 423 425 426 427 428 429 430 431 432 433 434 435 437 438 439 440 441 442 443 444 445 446 448 450 451 452 453 454 455 456 457 458 459 460 461 462 463 465 466 467 468 469 470 471 472 473 474 475 476 477 479 480 481 482 483 484 485 486 487 488 490 491 494 495 496 497 498 499 500 501 502 503 504 505 506 510 511 512 513 514 515 516 517 518 519 520 521 522 524 525 526 529 532 534 535 536 537 538 539 540 541 542 543 544 546 548 549 550 551 552 553 554 555 556 558 560 563 565 566 567 568 569 570 571 572 574 575 577 578 579 580 581 582 583 584 585 586 587 588 589 595 596 602 606 616 621 622 623 624 625 626 627 630 635 636 637 638 639 640 642 644 647 648 649 650 651 652 653 654 655 656 657 658 661 663 664 665 666 667 668 669 670 671 672 678 680 681 682 686 691 692 693 694 695 697 699 700 707 708 709 710 714 716 718 719 724 725 726 728 732 733 734 736 741 742 743 744 745 746 747 748 749 750 751 752 753 754 756 757 758 759 760 761 762 763 764 765 766 767 770 771 772 773 784 0
8 9 10 11 12 13 14 15 16 18 19 20 21 24 25 26 27 28 29 30 32 33 34 35 36 37 38 39 41 42 43 45 46 47 48 49 50 53 54 56 58 59 60 61 62 63 66 67 68 69 70 73 74 75 76 77 82 83 84 85 86 87 88 89 90 94 99 100 101 103 104 105 107 108 109 110 111 112 113 114 115 117 119 122 123 124 125 126 129 130 131 132 133 134 135 136 137 138 139 140 142 143 144 145 146 147 149 150 154 156 157 158 159 160 161 163 164 165 166 167 171 173 174 175 178 179 180 181 182 183 184 185 186 187 188 189 190 191 192 193 194 197 198 199 200 203 204 205 206 207 208 209 210 211 212 213 215 216 217 218 219 220 221 222 223 224 225 226 227 228 229 230 232 233 234 235 236 237 239 240 241 242 243 244 245 246 248 249 250 251 254 255 256 257 258 259 260 261 262 264 265 266 268 269 270 271 272 275 276 278 279 281 282 283 284 285 286 288 289 290 291 292 293 295 296 297 298 299 300 301 302 303 304 305 306 307 308 310 311 312 313 314 316 320 321 323 324 325 326 327 328 329 330 331 332 333 334 335 336 339 340 341 342 343 345 346 347 348 349 350 352 353 354 356 357 359 360 361 362 363 364 367 368 370 371 374 375 376 377 378 379 380 381 382 383 384 385 387 388 389 390 391 0
1 2 3 4 5 6 7 8 9 10 11 12 13 14 15 16 17 18 19 21 22 23 24 27 28 29 31 32 33 34 35 36 37 38 39 40 41 42 43 44 45 46 47 48 49 56 60 61 63 64 69 70 74 77 80 81 82 84 85 89 90 92 93 94 95 96 98 102 103 104 105 108 109 111 112 116 117 118 119 123 124 125 126 130 131 132 133 134 135 140 141 143 144 145 147 148 149 150 151 152 154 156 157 158 159 161 162 163 164 165 166 167 169 170 172 173 174 175 176 177 178 179 180 181 182 183 184 185 187 188 189 190 191 192 194 195 196 198 199 200 204 205 206 207 208 209 210 213 214 215 216 219 220 221 222 223 224 225 226 227 229 231 232 233 234 236 239 240 241 242 243 246 255 256 257 261 262 263 266 273 276 279 282 283 284 285 287 288 289 292 293 294 296 297 298 299 300 302 303 304 305 306 307 309 310 311 312 313 314 316 317 318 319 320 321 322 323 324 325 326 327 328 330 331 332 333 336 337 338 339 340 341 342 344 345 346 347 348 349 351 354 356 358 359 360 361 362 364 367 368 369 370 371 372 373 374 377 378 379 380 381 382 383 384 385 386 387 388 389 392 0
2 3 5 7 10 11 14 15 16 23 26 27 28 29 31 0

29
1 2 3 4 5 6 7 8 9 10 11 12 13 14 15 16 17 18 19 20 21 22 23 24 25 26 27 28 29 30 31 35 36 37 38 39 40 41 42 43 44 45 46 47 48 49 50 51 52 53 54 55 56 57 59 60 61 62 63 64 65 66 67 68 69 70 71 72 73 74 75 76 78 79 80 81 82 83 84 85 86 87 88 89 90 91 92 94 95 96 97 98 99 100 101 102 103 104 105 106 107 108 109 111 112 113 114 115 116 117 118 120 121 122 123 124 125 126 127 128 129 130 131 132 133 134 135 136 137 138 139 140 141 142 143 144 145 146 147 148 150 151 152 153 154 155 156 157 158 159 160 161 162 163 164 165 166 167 168 169 170 171 172 173 174 175 176 177 178 179 180 181 182 183 184 185 186 187 188 189 190 191 192 193 194 195 196 202 205 207 224 226 227 228 229 230 231 232 233 234 239 240 241 242 243 244 245 246 247 248 249 250 254 255 256 257 258 259 260 261 262 263 268 269 270 271 272 273 274 275 276 277 278 288 290 291 292 294 301 303 304 305 306 313 314 315 316 317 318 319 327 328 329 330 331 332 336 337 341 342 343 344 345 346 347 348 352 354 355 356 357 358 359 360 361 362 363 369 370 371 372 373 374 375 376 377 381 382 393 394 395 396 397 398 399 400 401 402 403 404 405 406 407 408 409 410 411 412 413 414 415 416 417 418 419 420 421 422 423 424 425 426 428 429 430 431 432 433 434 435 436 437 438 439 440 441 442 443 444 445 446 447 448 449 450 451 452 453 454 455 456 457 458 459 460 461 462 463 464 465 466 467 468 469 470 471 472 473 474 475 476 477 478 479 480 481 482 483 484 485 487 488 489 490 491 492 493 494 495 496 497 498 499 500 501 502 503 504 505 506 507 508 509 510 511 512 513 514 515 516 517 518 519 520 521 522 523 524 525 526 527 529 530 531 532 533 534 535 536 537 538 539 540 541 542 543 544 545 546 547 548 549 550 551 552 553 554 555 556 557 558 559 560 561 562 563 564 565 566 567 568 569 570 571 572 573 574 575 576 577 578 579 580 581 582 583 584 585 586 587 588 603 613 614 616 617 618 619 620 621 622 623 624 625 626 628 629 630 631 632 633 634 635 636 637 638 639 640 641 646 648 649 650 651 652 653 654 655 656 658 659 660 661 662 663 664 665 666 667 668 669 670 671 672 673 675 680 681 682 683 684 685 686 691 692 693 694 695 696 697 698 699 700 701 702 703 704 705 706 707 708 709 710 711 712 713 714 715 716 717 718 720 721 722 723 724 725 726 727 728 729 730 731 732 733 734 735 736 737 738 739 740 743 744 745 746 747 749 750 751 752 753 754 755 756 758 759 760 761 762 763 764 765 766 767 768 770 771 772 773 774 775 777 778 779 781 782 783 784 0
14 15 21 22 23 24 25 26 27 29 31 32 33 34 35 39 40 41 43 44 45 46 47 48 49 50 51 52 53 55 58 59 60 61 62 63 64 65 66 67 68 69 71 73 74 75 76 77 78 79 80 81 82 85 86 92 93 94 95 96 97 99 100 106 107 108 109 110 111 113 114 115 118 119 120 121 122 123 124 126 127 128 129 130 131 132 133 134 135 136 137 139 141 142 143 144 145 146 147 148 149 150 151 153 155 156 157 158 159 160 161 162 163 164 165 166 167 169 170 171 172 173 174 175 176 177 178 179 180 181 182 183 184 185 186 187 188 189 194 196 197 210 211 212 213 225 226 227 228 229 230 231 232 233 239 240 241 242 243 244 245 246 247 248 249 250 253 255 256 257 258 259 260 261 262 263 264 267 270 271 272 273 274 275 276 277 278 279 281 282 283 284 287 288 289 290 291 292 293 295 296 300 303 304 305 306 307 309 310 311 312 313 314 316 317 318 319 320 323 324 325 326 327 329 330 331 332 333 334 335 337 338 339 340 341 342 343 344 345 346 347 348 351 352 353 354 356 357 358 359 360 361 362 363 364 365 366 367 368 369 370 371 372 373 374 375 376 377 378 379 382 383 384 385 386 388 390 391 392 393 394 395 396 397 398 399 400 401 402 403 404 405 407 408 415 416 417 418 420 421 422 423 424 425 426 427 428 429 430 432 433 434 435 436 437 438 439 440 441 442 443 444 445 446 447 448 449 450 451 452 453 454 455 456 457 458 459 460 462 463 464 465 466 467 468 469 470 471 472 473 474 476 477 478 479 482 483 484 485 486 487 488 489 490 491 496 497 498 499 500 501 502 503 504 505 506 509 510 511 512 513 514 515 516 518 519 520 521 522 523 524 525 526 527 528 529 531 532 533 534 535 537 538 539 540 542 543 544 546 548 549 550 551 552 553 554 555 556 557 558 559 560 563 564 565 566 567 569 570 571 572 573 574 575 576 577 578 579 580 581 582 583 584 585 586 588 589 602 615 616 620 621 622 623 630 632 635 636 639 641 644 645 646 647 648 649 650 651 652 653 654 658 659 662 663 664 665 666 667 668 669 670 672 673 676 679 680 681 683 686 697 699 700 709 710 712 713 714 716 717 718 722 723 724 725 727 728 729 730 731 732 733 734 735 736 737 738 739 740 742 743 744 745 746 747 748 749 750 751 752 753 754 756 758 759 760 762 763 764 765 766 767 768 769 770 771 775 777 778 779 784 0
8 9 10 11 12 13 14 15 18 19 20 24 27 28 29 31 32 34 35 36 37 38 39 40 41 42 43 44 45 46 47 48 49 50 52 53 56 57 58 59 60 61 62 66 67 68 69 70 76 77 78 79 81 82 83 84 85 86 87 88 89 90 91 92 93 94 95 98 99 100 103 104 105 106 107 108 109 110 111 112 113 114 115 116 117 121 122 123 124 125 126 127 129 131 132 133 134 135 136 138 140 141 142 143 144 145 146 147 148 149 154 155 156 157 158 159 160 161 163 164 165 166 168 171 172 173 174 175 178 180 181 182 183 184 185 186 187 188 189 191 192 193 194 195 196 197 198 199 202 203 204 205 206 207 208 209 210 211 212 213 214 215 216 217 218 219 220 221 222 223 224 226 227 228 229 230 231 233 234 235 236 237 238 239 240 241 242 243 244 245 246 247 248 249 250 251 253 255 256 257 258 259 260 261 262 263 264 265 266 268 269 270 271 272 273 274 277 278 279 280 281 282 283 284 285 286 287 288 289 290 291 292 293 294 295 296 297 298 299 300 301 302 303 304 305 306 307 310 311 312 313 314 315 318 319 320 321 322 323 324 325 326 327 328 330 331 332 333 334 335 336 337 338 339 340 341 343 345 346 347 348 349 350 351 352 353 354 355 356 357 359 360 361 362 363 364 367 368 369 370 371 372 374 375 376 377 378 379 381 382 383 384 385 387 388 389 390 391 392 0
1 2 3 4 6 7 8 9 10 11 13 14 17 18 19 20 21 22 25 26 27 28 32 33 34 35 36 38 39 40 41 42 43 44 45 46 47 48 49 55 56 60 61 62 63 64 65 68 70 71 72 73 74 75 76 77 79 80 81 82 83 86 87 88 89 90 91 92 93 94 95 96 97 98 99 102 103 105 106 108 117 118 119 124 125 126 129 130 131 132 133 134 135 137 138 139 140 141 142 143 145 146 147 148 149 150 151 155 156 157 158 159 160 161 162 163 164 165 166 167 168 169 171 172 173 174 175 176 177 178 179 180 181 182 183 184 185 186 189 190 191 192 193 194 195 196 197 198 199 204 205 206 207 208 209 212 214 215 216 217 218 219 220 221 222 223 225 226 227 228 229 230 231 232 233 234 235 236 239 240 241 242 243 244 245 246 252 255 256 257 260 261 262 263 264 265 266 269 272 273 274 277 278 279 281 282 283 285 286 287 288 289 290 291 292 293 294 295 296 297 298 299 302 303 304 305 306 307 309 310 311 312 313 314 317 318 319 320 321 322 323 324 325 326 327 328 329 330 331 332 333 334 335 337 338 339 340 341 342 343 344 345 346 347 348 349 351 352 359 360 361 362 364 365 366 368 369 370 371 374 375 376 377 378 379 380 381 383 384 385 387 388 390 392 0
4 5 6 9 10 11 14 15 16 21 23 27 28 29 30 32 0

30
1 2 3 4 5 6 7 8 9 10 11 12 13 14 15 16 17 18 19 20 21 22 23 24 25 26 27 28 29 30 31 32 33 34 35 36 37 38 39 40 41 42 43 44 45 46 47 48 49 50 51 52 53 54 55 56 57 58 59 60 61 62 63 64 66 67 68 69 70 71 72 73 74 75 76 77 78 79 80 81 82 83 84 85 86 87 88 89 90 91 92 93 94 95 96 97 98 99 100 101 102 103 104 106 107 108 109 110 111 112 113 114 115 116 117 118 119 120 121 122 123 124 125 126 127 128 129 130 131 132 133 134 135 136 137 138 139 140 141 142 143 144 145 146 147 148 149 150 151 152 153 154 155 156 157 158 159 160 161 162 163 164 165 166 167 168 169 170 171 172 173 174 175 176 177 178 179 180 181 182 183 184 185 186 187 188 189 190 191 192 193 194 195 196 200 201 202 203 204 205 210 253 254 257 258 259 260 262 263 267 268 271 272 273 274 275 276 277 279 280 285 286 287 288 289 290 291 299 300 302 303 304 305 313 314 315 316 317 318 326 327 328 329 330 332 333 341 342 343 344 346 347 348 354 355 356 357 362 363 364 371 372 393 394 395 396 397 398 399 400 401 402 403 404 405 406 407 408 409 410 411 412 413 414 415 416 417 418 419 420 421 422 423 424 425 426 427 428 429 430 431 432 433 434 435 436 437 438 439 440 441 442 443 444 445 446 447 448 449 450 451 452 453 454 455 456 457 458 459 460 461 462 463 464 465 466 467 468 469 470 471 472 473 474 475 476 477 478 479 480 481 482 483 484 485 486 487 488 489 490 491 492 493 494 495 496 497 498 499 500 501 502 503 504 505 506 507 508 509 510 512 513 514 515 516 517 518 519 520 521 522 523 524 525 526 527 528 529 530 531 532 533 534 535 536 537 538 539 540 541 542 543 544 545 546 547 548 549 550 551 552 553 554 555 556 557 558 559 560 561 562 563 564 565 566 567 568 569 570 571 572 573 574 575 576 577 578 579 580 581 582 583 584 585 586 587 588 592 593 603 604 613 614 617 618 619 620 621 622 623 624 626 631 632 633 634 635 636 640 641 645 646 651 652 653 654 655 656 657 658 659 663 664 665 666 667 668 669 670 671 672 673 675 676 677 678 679 680 681 682 683 684 685 686 687 688 689 691 692 693 694 695 696 697 698 699 700 701 702 703 704 706 707 708 709 710 711 712 713 714 715 719 720 723 724 725 726 727 728 729 730 732 733 734 735 736 738 739 740 741 742 743 744 746 747 748 749 750 751 752 753 754 755 756 759 760 761 762 763 764 765 766 770 771 772 773 774 775 776 777 778 779 780 782 783 784 0
14 15 16 17 18 19 20 21 22 23 29 30 31 32 33 34 43 44 45 46 47 48 53 57 58 59 60 61 62 63 64 65 66 69 76 77 78 79 80 81 82 83 89 91 92 93 94 95 96 97 99 100 101 104 105 106 107 108 109 110 111 113 114 115 116 118 119 120 121 122 123 124 125 127 128 129 131 132 133 134 135 136 137 138 139 140 141 145 146 147 148 150 151 152 153 154 159 160 161 163 164 165 166 167 168 169 172 174 175 176 177 178 179 180 181 182 186 187 188 189 190 191 192 193 194 195 197 210 211 212 215 216 225 226 227 228 230 239 240 241 242 243 244 245 253 254 255 256 257 258 260 261 262 263 267 272 273 274 275 276 277 278 281 285 286 287 288 289 290 291 292 293 295 298 299 300 302 303 304 305 306 307 309 310 311 312 313 315 316 317 318 319 320 321 322 323 324 325 326 328 329 330 331 332 333 334 335 336 337 341 342 343 344 346 347 348 349 350 351 356 357 359 360 361 362 363 364 365 369 370 371 372 373 374 375 376 377 378 379 386 387 392 393 394 395 396 397 398 399 400 401 402 403 404 405 406 407 420 421 422 423 425 426 431 433 434 435 436 437 438 439 440 441 442 446 448 449 450 454 455 456 457 458 459 460 462 463 464 465 466 467 468 469 470 471 472 473 474 475 480 481 482 483 484 485 486 487 488 490 491 492 493 494 495 496 498 499 500 501 502 503 504 505 507 508 509 510 511 512 513 514 515 516 517 518 519 522 523 524 525 526 527 528 529 530 531 532 536 537 538 539 540 543 544 545 546 547 549 550 551 552 553 554 558 559 560 563 564 565 566 567 568 569 574 575 576 577 578 579 580 581 582 583 584 585 586 588 589 593 594 595 602 616 618 630 632 634 635 636 644 645 646 648 649 650 651 652 654 655 658 659 663 664 665 666 667 668 670 672 676 677 678 679 680 681 682 684 686 695 696 697 698 699 700 702 706 708 709 712 713 714 716 718 720 721 722 723 724 725 726 727 728 732 733 734 738 739 740 741 742 746 747 748 749 753 754 755 756 761 762 763 764 765 766 767 768 769 770 771 777 778 784 0
8 9 10 11 12 13 14 16 17 18 19 20 23 24 25 26 27 28 30 31 32 33 34 35 37 38 39 40 41 43 45 46 47 48 49 50 56 58 59 66 67 68 69 76 82 83 84 90 91 95 96 97 98 99 100 101 102 103 104 105 106 107 108 109 110 112 113 114 115 116 121 122 124 125 128 130 131 132 133 134 135 137 138 139 140 143 144 145 146 149 151 152 153 154 161 163 164 165 166 167 168 171 172 173 174 177 178 179 180 184 185 186 188 189 191 192 193 194 195 196 197 198 199 200 201 202 203 204 205 207 209 210 212 213 214 216 217 219 220 221 222 223 224 226 227 228 229 230 231 232 233 234 235 236 237 238 240 241 242 243 244 245 246 247 248 249 250 251 253 254 255 256 257 258 261 262 263 264 265 266 268 269 270 272 273 274 275 276 277 279 280 282 283 285 286 290 291 292 293 294 295 296 297 298 299 300 301 302 304 305 308 309 310 312 313 314 316 318 319 320 321 322 323 324 325 327 328 329 330 333 334 336 337 339 340 341 342 345 346 347 348 349 350 359 360 361 362 363 367 368 369 370 374 375 376 377 380 381 382 384 385 388 389 392 0
1 3 4 8 9 10 11 13 14 15 16 17 18 19 21 22 23 24 25 26 27 28 30 32 34 35 36 38 39 40 41 42 44 45 46 48 50 51 52 53 54 55 56 57 63 70 71 72 73 74 76 77 80 81 82 83 84 86 88 89 90 91 92 93 94 95 96 97 98 99 108 110 112 115 117 118 119 123 124 125 126 129 130 132 133 135 136 137 138 140 142 144 145 146 147 148 150 151 152 155 157 158 159 160 161 162 163 164 165 166 167 168 169 170 171 172 173 174 175 176 177 178 179 180 181 184 186 187 189 191 192 193 195 196 197 203 205 206 210 211 212 214 215 216 221 222 223 224 228 229 230 231 234 235 236 239 240 241 242 243 245 246 252 253 255 261 262 263 264 265 268 269 271 272 273 275 276 277 278 279 280 281 285 287 288 289 290 291 292 293 294 295 296 297 303 304 305 309 311 312 317 318 319 320 321 323 326 327 328 333 334 336 340 341 342 343 344 345 346 347 348 349 351 352 353 354 355 358 360 361 362 364 365 367 368 369 371 372 373 374 375 376 377 378 379 381 382 383 384 385 386 387 388 389 390 391 392 0
2 3 5 10 13 18 19 21 24 26 28 31 32 0

31
1 2 3 4 5 6 7 8 9 10 11 12 13 14 15 16 17 18 19 20 21 22 23 24 25 26 27 28 29 30 31 32 33 34 35 36 37 38 39 40 41 42 43 44 45 46 47 48 49 50 51 52 53 54 55 56 57 58 59 60 61 62 63 64 65 66 67 68 69 70 71 72 73 75 76 77 78 79 81 82 83 84 85 86 87 88 89 90 91 92 93 94 95 96 97 98 99 100 101 102 103 104 105 106 107 108 109 110 111 112 113 114 115 116 117 118 120 122 123 124 125 126 127 128 129 130 131 132 133 134 135 136 137 138 139 140 141 142 143 144 145 146 147 148 149 150 151 152 153 154 155 156 157 158 159 160 161 162 163 164 166 167 168 169 170 171 172 173 174 175 176 177 178 179 180 181 182 183 184 185 186 187 188 189 190 191 192 193 194 195 196 198 200 201 202 203 204 205 206 207 208 236 237 238 241 242 243 244 245 246 247 254 255 256 257 258 259 260 261 262 265 266 268 269 270 271 272 274 275 276 285 286 287 288 289 290 291 299 300 301 302 303 304 305 306 310 313 314 315 316 317 318 319 320 325 329 330 331 332 333 334 336 343 344 345 346 347 348 357 358 359 360 361 362 363 366 367 374 375 393 394 395 396 397 398 399 400 401 402 403 404 405 406 407 408 409 410 411 412 413 414 415 416 417 418 419 420 421 422 423 424 425 426 427 428 429 430 431 432 433 434 435 436 437 438 439 440 441 442 443 444 445 446 447 448 449 450 451 452 453 454 455 456 457 458 459 460 461 462 463 464 465 466 467 468 469 470 471 473 474 475 476 477 478 479 480 481 482 483 484 485 486 487 488 489 490 491 492 493 494 495 496 497 498 499 500 501 502 503 504 505 506 507 508 509 510 511 512 513 514 515 516 517 518 519 520 521 522 523 524 525 526 528 529 530 531 532 533 534 535 536 537 538 539 540 541 542 543 544 545 546 547 548 549 550 551 552 553 554 555 556 557 558 559 560 561 562 563 564 565 566 567 568 569 570 571 572 573 574 575 576 577 578 579 580 581 582 583 584 585 586 587 588 591 592 593 594 595 596 597 598 599 603 613 614 615 616 617 620 623 624 625 626 627 628 629 630 631 633 634 635 636 637 638 639 640 643 644 645 646 647 648 649 650 651 652 653 654 655 656 657 658 659 660 661 662 663 664 665 666 667 673 677 678 679 680 681 682 683 684 685 686 687 688 689 690 691 692 693 694 696 697 698 701 702 703 704 705 706 707 709 710 711 712 713 714 715 716 717 719 720 721 722 723 724 725 726 727 728 729 732 735 736 737 738 739 740 741 742 743 744 745 746 747 749 750 751 752 753 754 756 759 760 761 762 763 765 766 768 770 771 772 773 774 775 776 777 778 779 780 781 784 0
14 15 16 17 18 19 20 21 22 23 24 25 26 27 28 29 35 36 37 38 39 40 41 45 46 47 48 49 50 52 53 54 55 56 61 62 63 64 65 67 68 69 72 73 74 75 76 77 78 79 80 83 84 85 89 90 91 92 93 94 95 96 99 100 104 105 106 107 108 109 110 111 113 114 115 116 118 119 120 121 122 123 124 125 127 128 129 130 131 133 134 135 136 137 138 139 141 142 143 144 145 149 150 151 152 153 155 156 157 158 160 162 163 164 165 166 169 170 171 172 173 177 181 182 183 184 185 186 187 192 193 194 195 197 210 211 212 213 214 215 216 217 218 219 220 221 222 223 225 226 227 228 235 236 237 238 239 240 242 243 244 245 246 247 249 250 251 252 253 255 256 257 258 259 260 261 262 265 267 268 269 270 271 273 274 275 276 281 282 286 287 288 289 290 291 295 296 299 300 301 302 303 304 305 306 309 310 311 312 314 315 316 317 318 319 320 321 323 324 325 326 327 330 331 332 333 334 335 337 340 341 343 344 345 346 347 348 349 350 351 352 354 355 358 359 360 361 362 363 365 366 367 368 369 372 373 374 375 376 379 392 393 394 395 396 397 398 399 400 401 402 403 404 405 406 420 421 422 423 424 425 430 431 432 433 434 435 436 437 438 439 440 441 442 444 445 448 449 450 451 452 453 454 455 456 457 458 460 461 463 464 465 466 467 468 469 470 471 472 473 474 476 477 478 479 480 482 483 484 485 486 488 489 490 491 492 494 495 496 497 498 499 500 501 502 503 504 505 506 507 508 509 510 511 512 513 514 515 516 518 522 523 524 525 526 527 528 529 530 538 539 540 541 542 543 544 545 546 547 548 553 554 556 557 558 559 560 561 562 563 567 568 569 570 571 574 575 576 577 578 580 581 582 583 584 585 586 587 588 589 592 593 594 595 596 597 598 599 600 601 602 607 610 611 612 613 616 618 628 629 630 632 633 634 635 636 637 638 639 642 644 645 646 648 649 650 651 652 653 656 657 658 659 660 661 662 663 664 665 666 667 672 673 675 679 680 681 682 683 686 691 692 693 694 695 696 697 700 702 707 708 709 710 711 712 714 716 717 719 720 721 722 723 725 726 727 728 734 735 736 737 738 739 742 748 749 750 751 752 753 754 755 756 758 759 765 766 767 768 769 770 771 784 0
5 6 7 8 9 10 11 12 15 16 17 18 19 22 24 25 26 27 28 30 31 32 33 34 35 38 39 40 41 42 43 44 45 47 48 49 50 55 56 57 58 59 60 61 62 63 64 65 66 67 68 73 74 75 76 79 81 82 83 84 89 90 91 99 100 101 102 103 104 105 106 107 108 111 113 114 115 117 118 120 121 123 124 130 131 132 134 135 136 137 138 139 140 144 145 146 147 149 154 155 156 157 158 159 160 161 163 164 165 166 167 168 171 172 173 174 175 177 178 179 180 181 182 185 186 188 191 194 196 197 199 200 203 204 205 206 208 209 210 211 212 213 214 215 216 217 218 219 220 221 222 223 224 226 227 228 229 230 231 234 235 236 237 238 240 242 243 244 245 246 247 248 249 250 251 252 253 254 255 256 257 258 259 260 261 262 264 265 267 268 269 270 271 272 273 274 275 276 277 278 279 280 282 283 284 285 286 287 288 289 291 292 294 295 296 297 298 299 300 301 302 303 304 305 306 307 310 311 312 313 314 315 317 319 320 321 323 324 326 327 328 329 330 334 335 336 337 338 342 343 345 346 347 348 349 350 352 353 354 355 356 358 359 360 361 362 364 366 367 368 369 371 374 375 377 378 382 383 384 385 390 391 0
1 2 3 4 5 7 8 9 10 11 12 13 14 15 16 17 18 20 24 25 26 28 29 31 32 34 36 37 38 39 40 42 44 45 47 48 49 55 56 63 67 68 69 70 73 74 76 77 78 79 81 83 84 85 87 89 90 91 92 95 96 98 102 103 104 105 109 110 111 116 117 119 120 121 123 124 126 127 130 131 132 133 134 139 141 142 145 147 148 149 150 151 152 154 155 157 158 160 161 162 163 165 166 167 168 169 170 172 173 174 175 177 178 179 180 181 182 183 184 185 186 187 188 189 190 191 192 193 194 195 196 197 198 201 202 203 204 205 207 208 210 213 214 215 216 218 220 221 222 223 225 227 228 229 230 231 232 233 234 235 236 237 238 239 240 241 242 243 244 245 246 251 252 254 255 256 257 258 259 260 261 262 264 265 266 267 273 279 280 281 286 287 288 289 290 292 294 295 296 297 298 299 300 301 302 303 304 305 308 309 310 311 312 313 317 318 319 320 321 323 324 325 326 327 328 329 330 331 332 333 334 335 336 337 339 340 341 342 343 344 345 346 347 348 349 350 351 356 357 358 359 360 361 362 363 364 365 366 367 368 370 372 373 377 378 379 382 384 385 386 388 389 392 0
2 5 7 10 11 24 26 27 28 29 31 32 0

32
1 2 3 4 5 6 7 8 9 10 11 12 13 14 15 16 17 18 19 20 21 22 23 24 25 26 27 28 29 30 31 32 33 34 35 36 37 38 39 40 41 42 43 44 45 46 47 48 49 50 51 52 53 54 55 56 57 58 59 60 61 62 63 64 65 66 67 68 69 70 71 72 73 74 75 76 77 78 79 80 81 82 83 84 85 86 87 88 89 90 91 92 93 94 96 97 98 99 100 101 102 103 104 105 106 107 108 109 110 111 112 113 114 115 116 117 118 119 120 121 122 123 124 125 126 127 128 129 130 131 132 133 134 135 136 137 138 139 140 141 142 143 144 145 146 147 148 149 150 151 152 153 154 155 156 157 158 159 160 161 162 163 164 165 166 167 168 169 170 171 172 173 174 175 176 177 178 179 180 181 182 183 184 185 186 187 188 189 190 191 192 193 194 195 196 204 205 219 220 221 225 232 233 234 235 236 237 242 245 246 247 248 249 250 257 259 260 261 262 263 264 265 266 268 269 273 274 275 276 277 278 279 286 287 288 289 290 291 292 293 294 296 299 300 301 302 303 304 305 311 312 313 314 315 316 317 320 322 325 326 327 328 329 330 331 337 339 340 341 342 343 344 345 353 354 355 356 357 358 366 367 368 369 370 371 372 373 374 375 376 377 378 393 394 395 396 397 398 399 400 401 402 403 404 405 406 407 408 409 410 411 412 413 414 415 416 417 418 419 420 421 422 423 424 425 426 427 428 429 430 431 432 433 434 435 436 437 438 439 440 441 442 443 444 445 446 447 448 449 450 451 452 453 454 455 456 457 458 459 460 461 462 463 464 465 466 467 468 469 470 471 472 473 474 475 476 477 478 479 480 481 482 483 484 485 486 487 488 489 490 491 492 493 494 495 496 497 498 499 500 501 502 503 504 505 506 507 508 509 510 511 512 513 514 515 516 517 518 519 520 521 522 523 524 526 528 529 530 531 532 533 534 535 536 537 538 539 540 541 542 543 544 545 546 547 548 549 550 551 552 553 554 555 556 557 558 559 560 561 562 563 564 565 566 567 568 569 570 571 572 573 574 575 576 577 578 579 580 581 582 583 584 585 586 587 588 596 597 598 599 600 601 602 603 604 605 606 607 608 611 612 613 614 615 616 617 618 619 623 624 625 626 627 628 629 630 631 632 633 634 635 636 637 638 639 640 641 642 643 644 648 649 651 652 653 655 656 657 658 659 660 661 662 663 664 665 666 667 668 669 670 672 675 676 677 678 679 680 681 682 683 684 685 686 687 688 689 690 691 692 693 695 696 700 701 702 703 704 705 706 707 708 709 710 711 712 713 715 716 717 718 719 720 721 722 723 728 729 730 731 732 733 734 735 736 738 739 742 744 745 746 747 748 751 753 754 755 756 757 759 760 761 762 763 764 765 766 767 768 769 770 771 774 775 776 777 778 779 780 781 782 783 784 0
9 14 15 16 17 23 24 25 26 27 29 30 31 32 36 37 38 39 40 41 42 43 44 45 46 47 50 51 52 53 54 55 56 57 58 59 60 61 63 64 65 66 67 68 70 71 72 73 74 75 76 77 78 79 80 81 82 83 84 85 86 87 88 89 90 91 92 93 94 95 96 97 98 99 100 101 102 103 104 105 106 107 108 109 110 111 112 113 114 115 116 117 118 119 120 121 123 124 125 127 128 129 130 131 132 133 134 135 137 138 139 141 142 143 144 145 146 147 148 149 152 153 155 156 157 158 159 160 161 162 163 164 165 166 167 169 170 172 173 174 175 176 178 179 180 181 182 184 185 187 188 189 191 192 193 194 195 196 197 206 207 208 210 211 217 218 219 220 221 222 223 224 225 226 227 228 229 230 231 233 234 235 236 237 238 239 240 241 242 243 244 245 246 247 248 249 250 251 252 253 254 255 256 257 258 259 260 261 262 263 264 265 266 267 268 269 270 271 272 273 274 275 276 277 278 279 280 281 282 283 284 285 286 288 289 290 291 292 293 295 296 297 298 299 300 301 302 303 304 305 306 307 308 309 310 311 312 313 314 315 316 317 318 320 321 323 324 325 326 327 328 329 330 331 333 334 335 337 338 339 340 341 342 343 344 345 351 352 353 354 355 356 357 358 359 362 363 365 366 368 369 370 371 372 374 375 376 377 378 379 382 383 384 385 386 392 393 394 395 396 397 398 399 400 401 402 403 404 405 407 414 415 416 420 421 422 423 424 426 428 429 430 431 432 438 439 441 442 443 444 445 446 447 448 449 454 455 456 457 458 459 460 461 462 463 464 465 469 470 471 472 473 474 475 476 480 481 482 483 484 485 486 487 488 489 490 491 492 493 494 495 496 497 498 499 500 501 503 504 507 508 509 510 511 513 514 515 516 517 518 519 520 521 522 523 524 525 527 528 532 533 535 536 537 538 539 541 542 546 547 548 549 550 551 552 554 558 559 560 561 563 564 565 566 567 568 569 570 571 572 573 574 575 577 578 579 580 581 582 583 584 585 586 587 588 589 596 597 598 602 611 612 613 614 615 616 618 623 624 625 626 627 628 629 630 632 633 634 635 637 638 639 640 641 642 643 644 648 649 650 651 652 653 654 656 657 658 660 661 664 665 666 667 668 669 670 671 672 675 676 677 678 679 680 681 682 683 684 685 686 687 688 689 690 691 692 693 694 695 697 698 700 702 703 704 706 707 708 711 712 713 714 716 719 720 721 722 723 728 729 730 731 732 733 735 742 743 744 745 746 747 748 749 751 756 758 759 760 761 762 763 764 766 767 768 769 770 771 772 773 774 775 776 777 784 0
5 6 7 8 9 10 11 12 13 14 15 16 17 18 19 20 21 22 23 24 25 26 27 28 29 30 31 33 36 37 38 40 41 42 43 44 45 46 47 50 54 55 56 58 60 61 62 63 65 67 68 69 70 71 72 73 75 76 77 78 79 80 81 82 85 86 87 88 89 93 94 97 98 99 100 101 102 103 104 105 106 107 108 109 110 111 112 113 114 115 116 117 118 119 120 123 124 125 126 127 128 129 130 131 134 135 136 137 138 139 141 142 143 144 145 146 147 149 150 151 152 153 154 155 156 158 159 160 161 162 163 165 166 167 168 169 170 171 172 173 174 175 176 177 178 179 180 181 182 185 186 187 190 191 192 193 194 195 196 197 198 200 201 203 206 207 208 209 210 212 213 214 215 216 217 218 219 220 221 222 223 224 225 226 227 228 229 230 231 232 233 234 235 236 237 238 239 240 241 242 243 244 245 247 249 250 251 252 253 254 255 256 257 258 259 260 261 262 263 265 266 267 268 269 271 272 273 277 281 282 283 284 286 287 288 289 290 291 292 293 294 295 296 297 298 299 300 301 302 303 304 305 306 307 308 309 310 311 312 313 314 315 316 317 319 320 321 322 323 324 325 326 328 329 331 332 333 334 335 336 338 339 340 341 342 343 345 346 347 349 350 353 354 355 356 357 360 361 362 364 367 368 369 370 371 373 374 376 380 381 382 383 387 388 389 390 0
1 3 4 5 6 7 9 10 11 12 13 14 15 16 17 19 20 21 22 23 24 26 27 28 29 30 31 32 36 37 38 39 40 41 43 44 45 50 51 52 54 56 57 59 62 63 64 65 66 69 70 73 74 75 76 77 78 79 80 82 83 84 85 86 87 88 91 92 93 94 95 96 97 98 99 104 105 106 107 108 109 110 111 112 113 114 115 116 117 118 120 121 122 123 124 126 127 128 129 130 131 134 135 136 137 138 141 142 143 144 145 147 148 150 151 152 153 154 158 159 160 161 162 163 164 165 166 167 168 169 171 173 174 175 176 177 178 179 180 181 183 184 185 186 190 191 192 193 194 195 196 198 199 200 201 202 203 204 205 206 207 208 209 210 211 212 214 215 216 218 219 220 222 224 225 226 227 228 230 231 232 233 234 235 236 238 239 241 242 243 246 249 251 252 253 256 257 258 259 260 262 263 264 265 266 267 268 270 271 272 274 275 276 277 278 279 282 284 287 288 289 290 293 294 295 296 298 299 300 301 302 304 305 306 307 309 311 312 313 314 315 316 317 319 320 321 322 323 324 326 327 328 330 331 336 337 338 339 340 341 343 344 345 346 347 348 349 350 351 352 353 354 355 356 358 361 362 363 364 365 366 367 369 370 372 373 374 375 376 377 378 379 380 381 382 383 384 385 386 388 390 392 0
4 5 6 10 11 12 16 19 20 21 23 26 27 28 29 30 32 0

33
1 2 3 4 5 6 7 8 9 10 11 12 13 14 15 16 17 18 19 20 21 22 23 24 25 26 27 28 29 30 31 32 33 34 35 36 37 38 39 40 41 42 43 44 45 46 47 49 50 51 52 53 54 55 56 57 58 59 60 61 62 63 65 66 67 68 69 70 71 72 73 74 75 76 77 78 79 80 81 82 83 84 85 86 87 88 89 90 91 92 93 94 95 96 97 98 99 100 101 102 103 104 105 106 108 109 110 111 112 113 114 115 116 117 118 120 121 122 123 124 125 126 127 128 129 130 131 132 133 134 135 136 137 138 139 140 141 142 143 144 145 146 147 148 149 150 151 152 153 154 155 156 157 158 159 160 161 162 163 164 165 166 167 168 169 170 171 172 173 174 175 176 177 178 179 180 181 182 183 184 185 186 187 188 189 190 191 192 193 194 195 196 197 203 204 205 206 207 208 209 212 213 214 215 216 217 219 220 230 231 232 233 234 244 245 246 247 257 258 259 260 271 272 273 274 281 282 283 284 285 286 287 288 290 291 299 300 301 302 303 304 305 306 313 314 316 317 318 319 320 323 324 325 326 327 328 330 331 332 333 334 336 341 342 343 344 345 346 347 350 351 352 354 355 356 357 358 359 360 365 366 379 380 393 394 395 396 397 398 399 400 401 403 404 405 406 407 408 409 410 411 412 413 414 415 416 417 418 419 420 421 422 423 424 425 426 427 428 429 431 432 433 434 435 436 437 438 439 440 441 442 443 444 445 446 447 448 449 450 451 452 453 454 455 456 457 458 459 460 461 462 463 464 465 466 467 468 469 470 471 472 473 474 475 476 477 478 479 480 481 482 483 484 485 486 487 488 489 490 491 492 493 494 495 496 497 498 499 501 502 503 504 505 506 507 508 509 510 511 512 513 514 515 516 517 518 519 520 521 522 523 524 525 526 527 528 529 530 531 532 533 534 535 536 537 538 539 540 541 542 543 544 545 546 547 548 549 550 551 552 553 554 555 556 557 558 559 560 561 562 563 564 565 566 567 568 569 570 571 572 573 574 575 576 577 578 579 580 581 582 583 584 585 586 587 588 590 591 592 593 594 595 596 597 599 600 603 604 605 606 607 608 609 610 611 612 614 615 616 617 618 619 623 624 625 626 628 629 630 636 637 638 645 650 651 652 653 654 655 656 657 658 659 660 661 662 663 664 665 668 673 674 675 676 677 678 679 680 683 685 686 693 694 695 696 697 698 699 700 701 702 703 704 706 707 708 709 710 711 713 714 715 716 719 720 721 722 723 724 727 728 729 730 731 732 733 734 735 736 737 738 742 743 744 745 746 748 749 750 751 752 753 757 758 759 760 761 762 763 764 766 767 768 769 770 771 772 773 774 775 776 777 780 781 782 783 784 0
1 2 3 7 8 9 10 11 14 15 16 17 18 19 20 21 22 23 24 25 26 27 29 30 31 32 33 34 35 36 37 38 40 41 43 44 45 46 48 49 50 51 54 55 57 62 63 64 65 66 69 71 72 73 74 75 76 77 78 80 81 82 83 85 86 87 89 90 91 92 97 99 100 101 102 103 104 105 106 107 109 110 111 113 114 115 117 118 119 120 121 122 123 124 127 128 129 131 132 133 134 135 136 137 138 139 141 142 143 144 147 148 149 150 151 153 154 155 156 157 158 161 162 163 164 167 169 170 171 172 173 174 178 179 183 184 185 186 187 191 192 193 194 195 197 198 199 200 201 202 203 204 205 206 207 208 210 211 212 213 214 215 216 217 218 219 220 222 223 225 226 227 228 229 230 231 232 233 234 237 239 240 241 243 245 246 247 251 253 259 260 261 267 268 270 271 272 273 274 276 277 281 282 283 284 285 286 287 288 291 295 296 297 298 299 300 301 302 303 304 305 306 309 310 312 313 314 315 316 317 318 319 320 321 323 324 325 328 329 330 331 332 333 334 337 338 339 340 342 343 344 345 346 347 348 351 352 353 354 355 356 357 358 359 360 365 366 367 368 369 370 371 372 373 374 379 380 381 392 393 394 395 396 397 398 399 400 401 402 403 404 405 407 408 409 410 411 412 413 414 415 416 417 420 426 427 428 429 431 432 433 434 440 441 442 443 444 445 448 449 453 454 455 457 459 461 462 466 467 468 469 470 474 475 476 477 478 479 481 483 484 485 486 487 488 490 494 495 496 497 498 499 500 501 502 504 505 508 509 511 512 513 514 515 516 518 519 520 521 522 524 525 526 527 528 529 531 536 537 538 539 540 541 543 546 547 548 549 550 551 552 553 554 555 556 557 560 561 562 567 568 574 575 576 577 580 581 582 583 584 588 589 590 591 592 594 595 596 597 598 599 602 604 605 606 607 608 611 612 613 614 616 618 619 620 621 622 623 624 626 630 636 638 639 644 649 650 651 653 658 663 672 674 675 677 680 682 683 686 688 691 692 693 694 695 696 697 700 704 705 706 707 708 709 710 712 714 716 717 718 719 720 721 722 723 724 725 726 728 730 732 733 734 735 736 737 738 742 743 744 745 749 750 751 756 757 758 759 760 764 765 770 771 772 773 784 0
1 2 3 4 5 6 10 11 13 16 17 18 19 23 24 25 26 27 28 29 30 31 32 33 34 35 36 38 39 40 41 42 43 44 45 46 47 48 50 51 52 53 54 55 56 58 61 67 68 74 75 76 77 80 81 82 83 84 85 86 87 88 89 92 93 94 99 100 101 102 104 105 106 107 108 109 110 111 113 114 115 116 117 120 121 122 123 125 126 127 128 129 130 131 134 135 137 138 139 140 141 142 143 144 145 146 147 148 149 150 151 152 153 154 156 157 158 159 160 161 164 165 166 167 168 169 171 172 173 174 175 178 179 180 181 183 184 185 187 188 191 197 199 200 202 203 204 206 208 209 210 212 213 214 215 216 217 219 220 221 222 223 224 226 227 228 229 230 233 234 235 236 237 238 239 240 241 243 244 245 246 247 249 250 251 252 253 254 256 258 260 265 269 270 271 272 273 274 275 276 277 278 279 280 281 283 284 286 288 289 291 295 296 297 298 299 300 301 302 303 304 305 306 307 308 309 310 311 312 313 316 318 319 320 321 323 324 325 326 327 328 330 331 332 333 334 335 336 337 338 341 342 344 345 346 347 348 350 353 354 360 361 362 366 367 369 371 374 375 376 377 378 379 381 382 383 384 385 386 390 391 0
1 3 4 5 6 7 10 11 12 13 14 18 20 26 28 29 31 32 34 37 39 41 42 43 45 46 47 48 49 50 51 52 53 55 56 57 58 60 61 62 63 64 66 67 71 72 73 74 75 77 78 79 80 81 82 83 84 85 86 87 88 91 93 94 95 96 97 98 99 100 101 102 103 105 106 107 108 109 110 114 115 116 117 121 122 123 124 125 126 127 128 129 130 131 133 135 137 142 143 145 146 147 148 149 150 151 152 153 154 155 156 157 158 159 160 163 164 165 166 170 171 172 174 177 179 181 182 184 185 187 188 189 191 192 193 194 195 196 197 200 203 209 210 211 212 214 215 216 219 220 221 222 223 224 226 227 228 229 230 231 233 235 237 240 241 242 243 245 246 248 249 250 252 253 254 255 256 259 260 262 263 264 266 267 268 269 270 271 272 273 275 276 278 280 281 282 284 285 287 288 289 290 291 292 293 294 295 296 297 298 301 302 303 304 308 312 313 314 318 319 320 323 324 325 326 331 332 333 334 335 337 338 339 340 342 343 344 345 346 347 348 349 350 351 352 353 354 355 357 358 359 360 361 362 365 366 367 368 369 375 376 377 378 379 380 381 382 383 384 386 387 388 389 390 392 0
2 4 5 6 7 9 10 11 13 14 15 16 20 23 27 29 30 0

34
1 2 3 4 5 6 7 8 9 10 11 12 13 14 15 16 17 18 19 20 21 22 23 24 25 26 27 28 29 30 31 32 33 34 35 36 37 38 39 40 41 42 43 44 45 46 47 48 49 50 51 52 53 54 55 56 57 58 59 60 61 63 64 65 66 67 68 69 70 71 72 73 74 75 76 77 79 80 81 82 83 84 85 86 87 88 89 90 91 92 93 94 95 96 97 98 99 100 101 102 103 104 105 106 107 108 109 110 111 112 113 114 115 116 117 118 119 120 121 123 124 125 126 127 128 129 130 131 132 133 134 136 137 138 139 140 141 142 143 144 145 146 147 148 149 150 151 152 153 154 155 156 157 158 159 160 161 162 163 164 165 166 167 168 169 170 171 172 173 174 175 176 177 178 179 180 181 182 183 184 185 186 187 188 189 190 191 192 193 194 195 196 205 206 207 208 209 237 238 244 245 246 247 248 249 259 260 261 262 263 264 272 273 274 275 276 277 278 281 286 287 288 289 290 291 297 298 299 300 301 302 303 304 305 306 307 308 314 316 317 318 328 329 330 331 336 341 342 343 344 354 356 357 358 359 360 363 367 368 369 370 371 381 382 383 384 389 393 394 395 396 397 398 399 400 401 402 403 404 405 406 407 408 409 410 411 412 413 414 415 416 417 418 419 420 421 422 423 424 425 426 427 428 429 430 431 432 433 434 435 436 437 438 439 440 441 442 443 444 445 446 447 448 449 450 451 452 453 454 455 456 457 458 459 460 461 462 463 464 465 466 467 468 469 470 471 472 473 475 476 477 478 479 480 481 482 483 484 485 486 487 488 489 490 491 492 493 494 495 496 497 498 499 500 501 502 503 504 505 506 507 508 509 510 511 512 513 515 516 517 518 519 520 521 522 523 524 525 526 527 528 529 530 531 532 533 534 535 536 537 538 539 540 541 542 543 544 545 546 547 548 549 550 551 552 553 554 555 556 557 558 559 560 561 562 563 564 565 566 567 568 569 570 571 572 573 574 575 576 577 578 579 580 581 582 583 584 585 586 587 588 596 597 598 599 600 603 610 615 616 617 618 619 620 625 626 627 628 629 630 632 633 634 635 636 637 638 639 640 641 645 646 649 650 651 652 653 654 655 656 659 660 661 662 663 664 665 666 667 668 669 671 672 673 676 677 678 679 680 681 682 684 685 686 687 688 689 690 691 692 693 694 695 698 699 700 701 702 706 707 708 710 714 715 718 719 720 721 723 724 725 726 727 728 731 733 734 738 739 740 741 742 743 747 748 749 750 751 752 753 754 756 757 759 760 761 762 763 765 766 767 768 769 770 771 772 773 774 775 776 777 778 779 780 781 782 784 0
14 15 20 21 22 23 24 25 26 27 29 35 39 40 41 43 44 49 50 51 52 54 55 56 57 58 59 62 63 64 65 66 67 68 69 71 72 73 74 77 78 79 80 81 82 85 86 87 88 89 92 93 94 95 96 99 100 101 102 103 105 106 107 108 109 111 113 114 115 116 117 118 119 120 121 122 123 124 125 126 127 129 130 132 133 134 135 136 138 139 140 141 145 146 147 148 149 151 152 153 154 158 159 160 161 162 164 165 166 167 168 173 174 175 176 177 178 179 180 181 182 185 187 188 189 190 191 192 193 194 195 197 210 211 212 218 219 220 221 222 223 225 226 231 232 233 239 240 244 247 248 249 253 254 255 256 257 259 260 261 262 263 264 267 268 269 270 273 274 275 276 277 278 281 282 283 284 285 286 287 288 289 290 291 292 295 296 297 298 299 300 301 302 303 304 305 307 309 310 311 312 313 314 315 316 317 318 319 321 322 323 324 326 327 328 329 330 331 332 335 336 337 340 341 342 343 344 345 347 348 349 350 351 354 355 356 357 358 360 361 362 363 364 365 369 370 371 372 373 374 375 376 377 379 381 382 383 384 385 386 389 392 393 394 395 396 397 398 399 400 401 402 403 404 405 407 420 434 440 441 442 443 444 445 448 449 450 451 454 455 456 457 458 459 460 461 463 464 465 466 467 468 469 470 471 472 473 474 475 476 481 482 483 484 485 486 487 488 490 492 493 494 495 496 497 498 499 500 501 502 503 510 512 513 518 519 522 523 524 525 526 527 528 529 530 531 532 536 537 538 539 540 546 547 551 552 553 554 555 556 557 560 563 564 565 566 567 571 574 575 576 577 578 579 580 582 583 584 585 588 589 597 598 599 602 610 611 612 613 616 629 630 637 638 639 640 641 644 652 653 654 655 657 658 660 661 662 663 664 665 666 667 668 669 670 672 673 674 675 676 677 678 679 680 681 682 684 686 688 689 690 691 692 693 694 695 696 697 698 699 700 704 706 707 708 709 711 713 714 716 719 720 722 723 724 727 728 732 733 735 740 741 742 747 748 749 750 751 752 753 755 756 760 761 762 763 765 766 767 768 769 770 771 773 774 775 776 777 781 784 0
10 11 12 13 14 15 16 17 18 19 21 24 26 27 28 31 32 33 34 35 37 38 39 40 41 43 44 45 46 47 48 49 50 56 60 61 62 64 67 68 69 70 71 72 73 74 75 76 79 81 82 89 90 91 94 95 97 98 99 102 103 104 105 107 109 113 114 115 116 118 119 120 121 123 124 125 126 127 128 130 131 132 133 134 135 137 138 139 141 142 143 144 145 146 149 150 151 154 157 158 159 160 161 164 165 166 167 168 169 170 172 173 174 175 177 178 179 180 181 182 184 185 186 187 188 189 192 193 194 195 197 198 201 202 203 206 207 208 209 210 212 213 214 215 216 217 219 220 221 222 223 225 226 227 229 230 231 232 233 234 235 236 237 238 239 240 241 242 243 244 245 247 248 249 250 251 254 255 256 257 258 260 261 262 263 264 265 266 267 268 269 270 271 272 273 274 275 278 279 280 282 283 284 285 286 288 291 292 293 295 296 297 298 299 300 301 302 304 305 307 309 310 311 313 314 315 316 317 318 319 320 321 322 323 324 325 326 327 328 329 330 331 333 334 335 336 337 339 340 341 342 345 346 347 348 349 350 354 355 356 357 358 360 361 362 363 364 365 366 368 369 370 371 374 375 377 380 381 382 383 385 387 388 390 0
1 3 5 7 8 10 11 13 14 15 16 17 18 19 20 21 22 23 24 25 26 27 28 31 32 33 34 35 36 37 38 39 40 41 42 44 45 46 50 51 52 55 56 63 66 67 69 70 73 74 77 78 79 80 81 82 83 84 89 90 92 93 94 96 97 98 99 105 109 113 114 116 117 118 119 120 122 123 124 125 126 127 129 130 131 132 133 134 135 136 137 138 140 141 142 143 145 146 147 148 149 150 151 152 155 156 157 159 160 161 163 164 165 166 167 170 171 172 173 174 175 176 177 178 179 180 181 182 183 185 186 187 190 192 193 194 196 200 201 205 206 207 208 209 211 213 214 215 216 218 220 221 222 223 224 225 228 229 230 232 234 236 237 240 242 243 246 252 253 257 258 262 264 265 268 269 270 272 275 276 277 278 281 282 283 284 285 286 287 288 289 290 291 292 293 294 295 296 297 298 299 301 304 305 306 307 310 311 312 313 314 316 317 318 319 320 321 324 325 326 328 332 333 334 335 336 341 342 343 344 345 346 347 348 349 351 352 358 360 361 362 364 365 367 368 369 370 371 373 374 375 376 377 378 379 380 381 382 383 384 386 388 389 390 391 392 0
2 3 8 9 12 13 16 22 25 30 31 0

35
1 2 3 4 5 6 7 8 9 10 11 12 13 14 15 16 17 18 19 20 21 22 23 24 25 26 27 28 29 30 31 32 33 34 35 37 38 39 40 41 42 43 44 45 46 47 48 49 50 51 52 53 54 55 56 57 58 59 60 61 62 63 64 65 66 67 68 69 70 71 72 73 74 75 76 77 78 79 80 81 82 83 84 85 86 87 88 89 90 91 92 93 94 95 96 97 98 99 100 101 102 103 104 105 106 107 108 109 111 112 113 114 115 116 117 118 119 120 121 122 123 124 125 126 127 128 129 130 131 132 133 134 135 136 137 138 139 140 141 142 143 144 145 146 147 148 149 150 151 152 153 154 155 156 157 158 159 160 161 162 163 164 165 166 167 168 169 170 171 172 173 174 175 176 177 178 179 180 181 182 183 184 185 186 187 188 189 190 191 192 193 194 195 196 205 206 207 208 209 231 232 233 234 235 245 246 247 248 249 257 258 259 260 261 262 263 264 271 272 273 274 275 276 277 278 281 282 283 285 286 287 288 289 290 291 292 295 296 299 300 301 302 303 304 305 306 309 310 311 312 313 314 315 316 317 318 319 326 327 328 329 331 332 333 337 340 341 342 343 344 345 346 347 351 352 354 355 356 357 358 359 360 366 367 369 370 371 372 375 376 377 393 394 395 396 397 398 399 400 401 402 403 404 405 406 407 408 409 410 411 412 413 414 415 416 417 418 419 420 421 422 423 424 425 426 427 428 429 430 431 432 433 434 435 436 437 438 439 440 441 442 443 444 445 446 447 448 449 450 451 452 453 454 455 456 457 458 459 460 461 462 463 464 465 466 467 468 469 470 471 472 473 474 475 476 477 478 479 480 481 482 483 484 485 486 487 488 489 490 491 492 493 494 495 496 497 498 499 500 501 503 504 505 506 507 508 509 510 511 512 513 514 515 516 517 518 519 520 521 522 523 524 525 526 527 528 529 530 531 532 533 534 535 536 537 538 539 540 541 542 543 544 545 546 547 548 549 550 552 553 554 555 556 557 558 559 560 561 562 563 564 565 566 567 568 569 570 571 572 573 574 575 576 577 578 579 580 581 582 583 584 585 586 587 588 589 594 595 596 597 598 599 600 601 602 603 604 606 607 608 609 611 615 616 617 620 621 622 624 625 626 627 628 629 630 631 637 638 639 640 641 642 643 644 645 649 650 651 652 653 654 655 656 659 660 661 662 663 664 665 666 667 668 669 670 671 672 673 674 675 676 678 679 680 681 682 683 684 687 688 689 690 691 692 694 695 696 697 701 704 705 706 707 708 709 712 715 716 717 718 719 720 721 722 723 724 726 727 729 730 731 732 733 734 735 736 737 738 739 742 743 744 745 746 747 748 749 750 751 753 754 755 758 759 761 762 763 764 769 770 771 772 773 774 775 776 777 778 779 780 781 782 783 784 0
14 15 18 19 20 21 23 24 25 26 27 28 29 33 34 36 37 38 40 41 42 43 47 49 50 51 52 53 55 56 57 62 63 64 65 66 67 68 69 70 71 72 76 77 78 79 80 81 82 83 84 85 86 87 88 89 90 91 92 93 94 95 96 97 99 100 101 103 104 105 106 107 108 109 110 113 114 115 116 117 118 119 120 121 122 123 124 127 128 129 130 131 132 133 134 135 136 137 141 142 143 144 145 146 147 148 149 150 151 155 156 157 159 160 161 162 163 164 169 170 171 172 173 174 175 176 177 179 180 181 183 184 185 186 187 189 192 193 194 195 197 210 211 212 216 217 218 219 220 221 222 223 224 225 226 230 231 233 234 235 237 238 239 243 244 245 246 247 248 249 250 251 252 253 257 258 259 260 261 262 263 264 267 268 270 271 273 274 275 276 277 278 279 281 282 283 284 285 286 287 288 289 290 291 292 293 295 296 297 298 299 300 301 302 303 304 305 306 309 310 311 312 314 315 316 317 318 319 320 323 324 325 326 327 328 329 330 331 332 333 334 337 338 339 340 341 342 343 344 345 346 347 351 352 353 354 355 356 357 358 359 360 365 366 367 368 369 370 371 372 373 377 379 383 386 387 392 393 394 395 396 397 398 399 400 401 402 403 404 405 406 407 409 411 412 413 414 415 417 418 419 420 426 427 428 429 430 431 432 434 435 436 439 440 441 442 443 444 445 446 448 453 454 455 456 457 458 459 460 461 462 463 467 468 469 470 471 472 473 474 475 476 477 478 479 480 482 483 484 486 487 488 489 490 491 492 493 494 495 496 497 498 499 500 501 502 503 504 505 508 509 511 512 513 514 515 518 521 522 523 524 525 526 527 528 529 532 533 534 535 536 538 539 540 541 542 544 546 548 551 552 553 554 555 556 560 563 564 565 566 567 568 569 570 571 572 573 574 575 576 577 578 579 580 581 583 584 585 586 587 588 589 597 598 599 600 601 602 608 611 612 613 614 615 616 622 623 624 625 626 627 628 629 630 635 637 638 639 640 643 644 649 650 652 653 654 658 664 665 666 667 668 669 670 672 673 674 675 676 677 678 679 680 681 682 683 686 687 688 689 690 692 693 694 695 698 700 701 702 703 704 705 706 707 708 709 710 712 714 718 719 720 721 722 723 724 726 728 729 730 732 733 735 736 737 739 742 743 744 745 746 747 748 749 750 756 758 759 760 761 762 763 764 765 767 768 769 770 771 774 775 777 779 784 0
6 7 10 11 12 13 14 15 16 17 18 19 20 21 22 23 24 25 28 30 31 32 33 35 36 37 38 39 40 41 42 43 44 45 46 47 48 50 54 56 60 61 62 67 68 69 70 71 72 73 74 75 76 77 78 80 81 82 83 84 85 87 88 89 90 92 93 94 99 101 102 103 104 105 108 109 110 113 114 115 116 117 118 119 122 123 124 125 126 127 128 129 130 131 132 133 134 135 136 137 138 139 140 141 142 143 144 145 146 147 149 150 151 152 153 154 158 159 160 161 164 165 166 167 168 169 170 171 172 173 174 175 176 177 178 179 180 181 182 183 184 185 186 187 188 189 191 192 193 194 195 196 197 198 200 201 202 203 205 207 208 209 210 213 214 215 216 217 219 220 221 222 223 224 226 227 228 229 230 232 233 234 235 236 237 238 239 240 241 242 243 244 245 246 247 249 250 251 252 254 255 256 257 258 259 261 262 263 264 265 266 267 268 269 270 271 273 274 277 278 279 280 281 282 283 284 286 287 288 290 291 292 293 294 295 296 297 298 299 301 302 304 305 306 307 308 309 310 311 312 313 314 316 317 318 319 320 321 322 323 325 326 328 329 331 332 333 334 335 336 337 338 340 341 342 345 346 347 348 349 350 353 354 355 356 357 360 361 362 363 364 365 366 367 368 369 370 371 373 374 375 376 377 378 379 380 381 382 383 384 387 388 389 0
1 3 4 5 6 7 8 10 11 12 13 14 15 17 18 19 20 21 22 24 25 26 27 28 29 30 31 32 33 34 35 36 38 39 40 42 43 44 45 46 47 50 51 52 53 54 56 60 63 70 72 74 76 77 78 79 80 81 82 84 85 86 87 89 90 92 93 94 95 96 97 98 99 102 104 105 106 107 108 109 110 111 112 113 114 115 116 117 118 119 121 122 123 124 125 126 127 128 129 130 131 132 133 134 136 137 140 141 143 144 145 146 147 148 150 151 152 153 154 155 156 157 158 159 161 162 164 165 166 167 169 170 171 173 174 175 176 177 179 180 181 182 184 185 187 189 190 191 192 193 196 199 200 201 203 205 206 207 208 209 212 213 214 215 216 217 219 220 221 222 223 225 226 227 228 229 230 232 233 234 235 237 238 239 240 241 242 243 245 246 248 249 250 252 253 254 255 256 257 258 260 261 262 264 265 266 267 268 269 270 272 273 274 275 276 277 278 279 280 281 282 284 285 287 288 289 290 291 292 293 294 295 296 297 298 299 300 301 302 303 304 305 306 309 310 311 312 314 317 318 319 323 325 330 331 332 334 335 337 339 340 341 342 344 345 346 347 348 349 350 351 352 353 354 357 358 359 360 361 364 365 366 367 368 370 371 372 373 374 375 376 377 378 379 381 382 383 384 385 386 387 388 389 390 391 392 0
2 3 4 5 6 8 9 11 16 21 22 27 28 29 31 0

36
1 2 3 4 5 6 7 8 9 10 11 12 13 14 15 16 17 18 19 20 21 22 23 24 25 26 27 28 29 30 31 32 33 34 35 36 37 38 39 40 41 42 43 44 45 46 47 48 49 50 51 52 53 54 55 56 57 58 59 60 61 62 63 64 65 66 67 68 69 70 71 72 73 74 75 76 77 78 79 80 81 82 83 84 85 86 87 88 89 90 91 92 93 94 95 96 97 98 99 100 101 102 103 104 105 106 107 108 109 110 111 112 113 114 115 116 117 118 119 120 121 122 123 124 125 126 127 128 129 130 131 132 133 134 135 136 137 138 139 140 141 142 143 144 145 146 147 148 149 150 151 152 153 154 155 156 157 158 159 160 161 162 163 164 165 166 167 168 169 170 171 172 173 174 175 176 177 178 179 180 181 182 183 184 185 186 187 188 189 190 191 192 193 194 195 196 203 204 205 206 208 209 212 213 214 215 216 220 221 222 224 227 231 232 233 234 236 237 245 246 247 248 249 250 251 261 262 263 264 265 272 274 275 276 277 285 286 287 288 289 294 295 296 297 299 300 301 302 303 304 313 314 315 316 317 318 325 326 327 328 329 330 331 339 340 341 342 343 344 345 347 348 350 353 354 355 356 357 363 365 366 367 378 393 394 395 396 397 398 399 400 401 402 403 404 405 406 407 408 409 410 411 412 413 414 415 416 417 418 419 420 421 422 423 424 425 426 427 428 429 430 431 432 433 434 435 436 437 438 439 440 441 442 443 444 445 446 447 448 449 450 451 452 453 454 455 456 457 458 459 460 461 462 463 464 465 466 467 468 469 470 471 472 473 474 475 476 477 478 479 480 481 482 483 484 485 486 487 488 489 490 491 492 493 494 495 496 497 498 499 500 501 502 503 504 505 506 507 510 511 512 513 514 515 516 517 518 519 520 521 522 523 524 525 526 527 528 529 530 531 532 533 534 536 537 538 539 540 541 542 543 544 545 546 547 548 549 550 551 552 553 554 555 556 557 558 559 560 561 562 563 564 565 566 567 568 569 570 571 572 573 574 575 576 577 578 579 580 581 582 583 584 585 586 587 588 592 593 594 595 596 597 598 599 600 603 604 605 606 607 608 609 610 611 612 613 616 617 618 619 620 621 622 623 624 625 626 628 629 630 632 634 635 636 639 640 641 642 643 644 645 646 650 651 652 653 654 655 656 657 660 661 663 664 665 666 667 668 669 670 671 672 673 674 675 676 677 678 679 680 681 683 684 685 686 687 691 692 693 694 695 701 705 706 707 708 709 713 714 715 717 718 719 720 721 722 724 725 726 727 728 729 730 731 732 733 734 735 736 739 740 741 742 743 744 745 746 747 748 749 750 751 754 755 756 757 758 759 760 761 762 765 766 767 768 769 770 771 772 773 774 775 777 778 779 780 782 0
1 7 8 9 14 15 16 17 18 19 20 21 22 23 24 25 26 27 28 29 30 31 32 33 34 35 36 37 38 42 43 44 45 46 47 48 49 51 52 53 55 56 57 58 59 60 61 62 63 64 65 66 67 68 69 70 71 72 73 74 75 76 77 78 79 80 81 82 85 86 87 88 89 90 91 92 93 97 99 100 101 103 105 106 107 108 111 113 118 119 120 121 122 125 127 129 130 131 132 133 134 135 136 137 138 139 141 143 144 145 147 148 149 151 152 153 154 155 156 158 159 160 161 165 166 167 168 169 170 171 172 180 181 182 183 184 185 186 187 188 189 190 191 192 193 194 195 197 203 204 205 206 207 208 210 211 212 213 214 215 216 217 218 219 220 221 222 223 225 226 227 228 229 230 231 232 233 234 235 237 239 240 241 242 243 244 245 246 248 249 250 251 252 253 254 255 256 257 258 259 260 261 262 263 264 265 266 267 268 269 270 271 272 273 274 275 276 277 281 282 283 284 285 286 287 288 289 290 295 296 297 300 301 302 303 304 309 310 311 312 315 316 317 318 323 326 327 328 329 330 331 332 335 337 339 340 341 342 343 344 345 348 349 350 351 352 353 354 355 356 357 362 363 364 365 366 367 368 369 376 377 378 379 392 393 394 395 396 397 398 399 400 401 402 403 404 405 407 408 409 410 411 412 413 414 415 416 417 418 419 420 427 428 429 430 431 432 433 438 439 441 442 443 444 445 446 447 448 449 454 456 457 458 459 462 463 464 467 469 470 471 472 473 474 476 477 478 479 480 481 482 483 484 485 486 490 491 492 493 494 495 496 497 498 499 500 504 507 509 510 511 512 514 515 518 519 520 521 522 523 524 525 526 528 530 532 533 534 535 536 537 538 539 540 541 542 543 544 546 549 550 551 552 553 554 555 560 561 562 563 564 567 568 574 575 576 577 580 581 582 587 588 589 595 596 597 598 599 602 604 605 606 607 608 609 610 611 612 613 614 615 616 618 619 620 621 622 623 624 625 626 627 628 629 630 632 633 634 635 636 637 638 639 640 641 642 643 644 650 653 654 655 656 657 658 660 663 665 666 667 668 670 671 672 674 678 679 680 681 686 687 688 689 691 692 693 694 695 700 705 706 707 708 714 717 718 719 720 721 722 724 728 730 731 732 733 734 735 739 740 741 742 744 745 746 747 748 754 755 756 757 758 760 761 762 769 770 771 773 784 0
1 2 3 4 5 11 12 13 14 15 17 18 19 20 21 23 24 25 27 28 29 30 31 33 34 35 36 37 38 39 40 41 42 43 44 45 46 48 49 50 53 54 55 56 58 59 60 61 62 63 65 68 69 70 73 74 75 76 79 80 81 82 87 88 91 92 93 94 98 99 100 101 102 103 104 106 107 108 109 110 111 112 113 114 115 116 117 118 119 120 121 122 124 125 126 127 128 130 131 134 135 136 138 140 142 143 144 146 149 150 151 152 153 154 156 157 158 159 160 161 164 165 167 168 170 172 173 175 176 177 178 179 180 183 186 187 188 189 190 191 196 197 198 202 203 204 205 206 207 208 209 211 212 213 214 215 216 217 219 220 221 222 223 224 225 226 227 228 229 230 231 232 233 234 235 236 237 238 239 241 243 244 245 246 247 248 249 250 251 252 253 254 255 256 257 258 259 260 261 262 263 264 265 266 267 268 269 270 271 272 273 275 276 277 278 279 280 281 282 283 285 286 287 288 290 293 294 295 296 297 298 299 300 301 302 304 305 306 307 308 309 310 311 313 314 315 316 317 318 319 320 322 323 324 325 326 327 329 330 331 332 334 335 336 337 339 340 341 342 345 346 347 348 349 350 354 355 356 357 360 361 362 363 367 368 369 371 372 373 374 375 380 381 382 383 386 388 389 392 0
1 3 4 5 7 10 11 14 15 17 18 19 20 21 22 23 24 25 27 28 29 30 31 32 33 34 37 38 41 43 44 45 46 47 48 49 50 51 52 56 57 58 59 60 63 66 69 70 71 74 76 77 78 81 84 85 86 89 90 92 93 94 95 97 98 99 101 102 105 107 108 109 110 111 114 115 116 117 119 123 124 125 128 129 131 132 134 135 140 142 144 145 146 147 148 150 151 152 153 154 155 156 160 161 162 165 166 167 168 169 171 172 173 174 177 178 180 181 182 183 184 186 187 188 189 190 191 192 193 195 196 198 199 200 201 204 205 206 207 209 210 214 216 217 218 219 223 224 225 227 230 232 233 235 237 238 239 240 241 245 246 252 253 255 257 260 265 267 271 274 275 276 277 280 281 282 287 289 290 291 292 293 294 295 296 297 298 299 300 301 302 303 304 305 309 310 312 313 314 315 316 317 320 321 322 323 324 330 331 332 333 334 335 339 341 342 343 344 345 346 347 348 349 351 352 353 354 355 356 357 358 359 360 361 363 364 365 366 368 369 372 373 374 375 376 377 378 380 381 383 385 386 387 390 0
4 8 11 13 15 18 21 23 26 27 28 30 31 0

37
1 2 3 4 5 6 7 8 9 10 11 12 13 14 15 16 17 18 19 20 21 22 23 24 25 26 27 28 29 30 31 32 33 34 36 37 38 39 40 41 42 43 44 45 46 47 48 49 50 51 52 53 54 55 56 57 58 59 60 61 62 63 64 65 66 67 68 69 70 71 72 73 74 75 76 77 78 79 80 81 82 83 84 85 86 87 88 89 90 91 92 93 94 95 96 97 98 99 100 101 102 103 104 105 106 107 108 109 110 111 112 113 114 115 116 117 118 119 120 121 122 123 124 125 126 127 128 129 130 131 132 133 134 135 136 137 138 139 140 141 142 143 144 145 146 147 148 149 150 151 152 153 154 155 156 157 158 159 160 161 162 163 164 165 166 167 168 169 170 171 172 173 174 175 176 177 178 179 180 181 182 183 184 185 186 187 188 189 190 191 192 193 194 195 196 203 204 205 206 207 213 217 218 219 228 230 232 233 234 243 245 246 247 248 255 256 257 258 259 260 261 262 271 272 273 274 275 281 282 283 284 285 286 287 288 289 290 299 300 301 302 303 304 305 309 310 311 312 313 314 315 316 317 318 319 327 328 329 330 331 332 333 334 341 342 343 344 345 346 347 348 351 356 357 358 359 360 361 367 393 394 395 396 397 398 399 400 401 402 403 404 405 406 407 408 409 410 411 412 413 414 415 416 417 418 419 420 421 422 423 424 425 426 427 429 430 431 432 433 434 435 436 437 438 439 440 441 442 443 444 445 446 447 448 449 450 451 452 453 454 455 456 457 458 459 460 461 462 463 464 465 466 467 468 469 470 471 472 473 474 475 476 477 478 479 480 481 482 483 484 485 486 487 488 489 490 491 492 493 494 495 496 497 498 499 500 501 502 503 504 505 506 507 508 509 510 511 512 513 514 515 516 517 518 519 520 521 522 523 524 525 526 527 528 529 530 531 532 533 534 535 536 538 539 540 541 542 543 544 545 546 547 548 549 550 551 552 553 554 555 556 557 558 559 560 561 562 563 564 565 566 567 568 569 570 571 572 573 574 575 576 577 578 579 580 581 582 583 584 585 586 587 588 592 593 596 597 603 604 605 606 607 608 610 611 613 615 616 619 620 621 622 623 624 625 626 627 629 631 632 633 634 635 636 637 638 639 640 641 642 643 645 647 648 649 650 651 652 653 654 655 656 662 663 664 665 666 671 672 673 674 675 677 678 679 680 681 682 685 686 690 691 692 693 694 695 696 697 701 702 703 704 705 706 707 709 710 711 712 713 714 720 721 722 723 724 725 726 728 729 730 731 732 733 734 736 737 738 739 741 743 744 745 748 749 750 751 752 757 758 759 760 761 767 768 769 770 771 772 773 774 775 777 778 779 780 781 782 783 784 0
1 7 8 9 14 15 16 17 18 19 20 22 23 24 25 26 27 29 30 31 32 33 35 36 37 38 39 41 43 44 45 46 47 48 49 50 51 52 57 58 59 60 62 63 64 65 66 68 69 71 72 73 74 75 76 77 78 79 82 83 85 86 87 89 90 91 92 93 95 99 100 101 102 103 104 105 106 107 108 113 114 115 117 118 119 120 121 122 123 125 127 128 129 130 131 132 133 134 135 136 137 138 141 142 143 144 146 147 148 149 150 151 152 155 156 157 158 159 160 161 162 163 164 165 166 167 169 170 171 172 173 174 175 180 181 183 184 185 186 187 194 195 197 202 203 204 205 206 210 211 212 213 214 215 216 217 219 220 223 225 226 227 228 229 230 231 232 233 234 235 239 240 241 242 243 244 245 246 247 248 249 250 253 254 255 256 257 258 259 260 261 262 264 267 268 269 270 271 273 274 275 276 281 282 283 284 285 286 287 288 289 290 295 296 297 298 299 300 301 302 303 304 305 309 310 311 312 313 314 315 316 317 318 319 320 323 324 325 328 329 330 331 332 333 334 337 338 339 342 343 344 345 346 347 348 351 352 353 354 355 356 357 358 359 360 361 362 365 366 367 368 369 371 372 377 379 380 392 393 394 395 396 397 398 399 400 401 402 403 404 405 407 408 409 410 411 412 413 415 416 419 420 425 426 427 428 429 430 431 434 435 436 439 440 441 442 443 444 445 448 449 452 453 454 455 456 457 458 459 460 461 462 466 467 469 470 471 472 473 476 477 478 479 481 482 483 484 486 487 488 490 494 496 497 498 499 500 501 502 503 504 505 506 507 509 511 512 513 514 515 516 518 522 523 524 525 526 527 528 529 530 531 532 533 534 535 537 538 539 540 541 542 543 545 546 547 548 549 552 553 554 555 556 557 558 560 561 562 563 564 567 568 569 570 574 575 576 577 578 580 581 582 583 584 585 586 587 588 589 595 596 597 599 602 604 605 606 607 608 609 610 611 616 618 619 620 621 622 623 624 625 630 633 634 635 639 640 644 646 647 648 649 650 651 654 658 663 665 672 674 675 676 677 679 680 681 686 691 692 693 694 695 696 700 702 703 704 705 706 707 708 709 710 711 714 716 718 719 720 721 722 723 724 725 726 728 733 734 735 736 737 738 742 743 744 745 747 748 749 750 751 752 753 754 756 757 758 759 760 764 765 766 770 771 772 784 0
1 2 3 4 8 9 10 11 12 16 17 18 20 23 24 25 26 30 31 32 33 34 36 39 40 41 42 43 44 45 47 48 49 50 52 53 54 56 57 58 59 61 65 66 67 68 74 75 76 80 81 82 83 84 85 86 87 88 89 90 91 92 93 94 99 100 101 102 103 104 105 106 107 108 109 110 111 112 113 114 115 116 117 119 120 121 122 123 124 125 126 127 128 129 130 131 134 135 136 137 138 139 141 142 143 144 145 146 147 149 150 152 154 155 156 157 158 159 160 161 164 165 166 168 169 171 172 173 174 175 176 177 178 179 180 181 182 185 186 187 188 189 190 191 197 200 201 202 203 204 205 206 207 208 209 210 212 213 214 215 216 217 219 220 221 222 223 224 226 227 228 229 230 232 233 234 235 236 237 239 240 241 242 243 244 245 246 247 249 250 251 253 254 256 257 258 259 260 262 267 269 270 271 272 273 274 275 276 277 279 280 281 283 284 285 286 287 288 289 290 291 292 293 294 295 296 297 298 299 301 302 303 304 305 308 309 310 311 312 313 315 316 317 318 319 320 321 323 324 325 326 327 328 330 331 332 333 335 336 337 338 341 342 343 345 346 347 349 350 353 354 355 356 360 361 362 366 367 368 369 370 374 375 376 377 378 380 381 382 383 385 386 390 391 0
1 3 4 6 10 11 12 13 14 15 18 19 20 22 25 26 27 28 29 31 32 33 34 35 39 41 42 43 44 46 47 48 49 50 51 52 53 55 56 57 58 62 63 66 67 69 71 72 73 74 76 77 78 79 80 82 83 84 85 86 88 89 90 93 94 95 96 97 98 99 100 101 102 103 106 107 108 109 110 112 113 114 115 116 117 120 121 122 123 124 125 126 127 128 129 130 131 132 133 134 135 136 137 142 144 147 148 149 150 151 152 155 156 157 159 160 162 163 164 165 166 167 169 170 171 172 173 174 175 178 179 180 181 182 183 184 185 186 187 188 189 191 192 193 195 196 197 198 199 200 201 203 204 208 209 210 211 213 214 215 218 219 220 221 222 223 226 227 229 230 233 234 235 240 241 242 243 245 246 248 249 250 252 253 254 255 256 257 258 259 260 261 262 263 264 266 267 269 270 271 276 277 278 279 280 283 284 285 287 288 289 290 291 292 294 295 296 297 301 302 303 304 305 309 310 312 313 314 318 319 320 321 323 324 325 326 327 328 331 332 333 334 335 336 337 338 339 340 341 342 344 345 346 347 348 349 351 352 353 354 355 356 357 358 359 360 361 362 367 368 369 370 372 373 374 375 377 378 379 380 381 382 383 384 385 386 387 388 389 390 392 0
2 4 5 6 7 9 10 11 13 14 15 16 18 20 21 23 27 29 30 0

38
1 2 3 4 5 6 7 8 9 10 11 12 13 14 15 16 17 18 19 20 21 22 23 24 25 26 27 28 29 30 31 32 33 34 35 36 37 38 39 40 41 42 43 44 45 46 47 48 49 50 51 52 53 54 55 56 57 58 59 60 61 62 63 64 65 66 67 68 69 70 71 72 73 74 75 76 77 78 79 80 81 82 83 84 85 86 87 88 89 90 91 92 93 94 95 96 97 98 99 100 101 102 103 104 106 108 109 110 111 112 113 114 115 116 117 118 119 120 121 122 123 124 125 126 127 128 129 130 131 132 134 135 136 138 139 140 141 142 143 144 145 146 147 148 149 150 151 152 153 154 155 156 157 158 159 160 161 162 163 164 165 166 167 168 169 170 171 172 173 174 175 176 177 178 179 180 181 182 183 184 185 186 187 188 189 190 191 192 193 194 195 196 204 205 206 207 208 209 218 219 220 231 232 233 234 245 246 247 248 249 258 259 260 261 262 263 264 265 270 272 273 274 275 276 277 278 284 285 286 287 288 289 290 291 292 296 297 298 299 300 301 302 303 304 305 306 312 313 314 315 316 317 318 319 325 326 327 328 329 331 332 333 335 336 337 340 341 342 343 344 345 346 351 352 353 354 355 356 357 358 359 360 369 370 371 372 393 394 395 396 397 398 399 400 401 402 403 404 405 406 407 408 409 410 411 412 413 414 415 416 417 418 419 420 421 422 423 424 425 426 427 428 429 430 431 432 433 434 435 436 437 438 439 440 441 442 443 444 445 446 447 448 449 450 451 452 453 454 455 456 457 458 459 460 461 462 463 464 465 466 467 468 469 470 471 472 473 474 475 476 477 478 479 480 481 482 483 484 485 486 487 488 489 490 491 492 493 494 495 496 497 498 499 500 501 502 503 504 505 506 507 508 509 510 511 512 513 514 515 516 517 518 519 520 521 522 523 524 525 526 527 528 529 530 531 532 533 534 535 536 537 538 539 540 541 542 543 544 545 546 547 548 549 551 552 553 554 555 556 557 558 559 560 561 562 563 564 565 566 568 569 570 571 572 573 574 575 576 577 578 579 580 581 582 583 584 585 586 587 588 594 595 596 597 598 599 600 601 602 603 604 605 606 607 608 609 610 611 612 615 616 617 622 623 624 625 626 627 628 629 630 631 636 637 638 639 640 641 642 644 645 650 651 652 653 654 655 656 657 658 659 660 663 664 665 667 668 669 670 673 674 675 677 678 679 680 682 683 684 687 688 689 690 691 692 693 695 696 697 698 699 700 701 704 705 706 707 708 709 710 711 712 713 714 715 716 717 718 719 720 721 722 723 729 730 731 732 733 734 735 736 737 742 743 744 745 746 747 748 749 750 751 752 753 754 755 757 758 759 761 762 763 768 769 770 771 772 773 774 775 776 777 778 779 780 781 782 783 784 0
9 10 14 15 17 18 20 21 22 24 25 26 27 29 32 33 34 36 37 38 40 41 43 49 50 51 52 53 54 55 56 57 62 63 64 65 66 67 68 69 70 71 75 76 77 78 79 80 81 82 83 84 85 86 88 89 90 91 92 93 94 95 96 99 100 102 103 104 105 106 107 108 109 110 111 113 114 115 116 117 118 119 120 121 122 123 124 127 128 130 131 132 133 134 135 136 137 138 139 140 141 142 143 144 145 146 147 148 149 150 151 153 155 156 157 159 160 161 162 163 164 169 170 171 172 173 174 175 176 181 183 184 185 186 187 192 194 195 197 204 206 210 211 216 217 218 222 223 224 225 226 230 231 232 233 234 235 237 238 239 240 243 244 245 246 247 248 249 250 251 252 253 257 258 259 260 261 262 263 264 265 266 267 270 271 272 273 274 275 276 277 278 279 281 282 283 284 285 286 287 288 289 290 291 292 293 295 296 297 298 299 300 301 302 304 305 306 307 309 310 311 312 313 314 315 316 317 318 319 320 323 324 325 326 327 328 329 330 331 332 333 334 335 337 338 339 341 342 343 344 345 346 347 351 352 353 354 355 356 357 358 359 360 365 366 367 368 369 370 371 372 379 383 384 386 392 393 394 395 396 397 398 399 400 401 402 403 404 405 406 407 408 409 410 411 412 413 414 415 416 418 420 421 426 427 428 429 430 431 432 434 435 440 441 442 443 444 445 446 447 448 453 454 455 456 457 458 459 460 461 462 463 466 467 468 469 470 471 472 473 474 476 477 478 479 480 481 482 483 484 485 487 488 489 490 491 492 493 494 495 496 497 498 499 501 502 503 504 507 508 509 510 511 512 513 514 515 516 517 518 519 520 522 524 525 526 527 530 532 533 535 537 538 539 540 541 542 544 546 547 548 550 552 553 554 555 556 560 562 563 564 565 566 567 568 569 570 571 572 573 574 575 576 577 580 581 582 583 584 585 586 587 588 589 596 600 601 602 608 609 611 612 613 614 615 616 623 624 625 626 627 628 629 630 637 638 640 641 643 644 651 652 653 654 655 657 658 664 665 666 667 668 669 670 672 680 681 682 683 684 686 688 689 690 691 692 694 695 696 697 698 699 700 703 704 705 708 709 710 711 712 714 716 717 718 719 722 723 724 726 727 728 730 731 732 733 734 735 736 737 742 743 744 745 746 747 748 749 750 751 752 756 757 758 759 761 762 763 764 765 770 771 772 773 774 776 784 0
2 3 6 7 10 11 12 13 14 16 17 18 19 20 21 22 23 24 25 26 28 29 30 31 32 33 34 35 36 37 38 39 40 41 42 43 45 46 47 48 50 54 55 61 62 67 68 69 70 74 76 77 80 81 82 83 84 85 86 87 88 89 92 93 94 99 101 102 104 105 107 108 109 110 113 114 115 117 118 119 121 123 124 125 126 127 128 129 130 131 132 133 134 135 138 139 140 141 142 143 144 145 146 147 149 150 151 152 153 154 156 158 159 160 161 164 165 166 167 168 169 171 172 173 174 175 177 178 180 181 183 184 185 186 187 188 189 190 191 192 193 197 198 200 201 202 203 205 207 208 209 210 213 214 215 216 217 219 220 221 222 223 224 225 226 227 228 229 230 231 232 233 234 235 236 237 238 239 240 242 243 244 245 246 247 248 249 250 251 252 254 255 256 257 258 259 261 263 264 265 266 267 268 269 270 271 272 273 275 276 277 278 279 280 281 282 283 286 288 289 290 291 292 293 295 296 297 298 299 300 301 302 304 305 306 307 309 310 311 312 313 314 315 316 317 318 319 320 321 322 323 324 325 326 327 328 330 332 333 334 335 336 337 338 340 341 342 345 346 347 348 349 350 353 354 355 356 357 360 361 362 363 364 366 367 368 369 370 371 373 374 375 376 377 378 379 380 381 383 386 387 388 389 390 0
1 3 4 5 6 7 8 10 11 12 13 14 15 17 19 20 21 24 25 26 27 28 29 30 31 32 33 34 35 36 37 38 39 40 41 42 43 44 45 46 47 49 50 51 52 55 56 58 60 62 63 66 67 68 70 71 72 74 75 76 77 79 80 81 82 83 84 85 86 87 88 89 90 91 92 93 94 95 96 97 98 99 101 102 103 105 106 107 108 109 110 111 112 113 114 115 116 117 118 119 120 121 122 123 124 125 126 128 129 130 131 132 133 134 136 137 141 142 143 144 145 146 147 148 150 151 152 153 154 155 156 158 159 161 162 163 164 165 166 167 168 169 170 171 173 175 176 177 178 180 181 182 184 185 186 187 188 189 190 191 192 193 195 196 200 201 206 207 208 209 212 213 215 216 217 218 220 221 222 224 225 226 227 228 229 230 232 233 234 235 238 239 240 241 242 245 246 248 249 250 251 252 253 254 255 256 257 258 260 261 262 265 266 267 268 269 270 272 273 274 275 276 277 278 279 280 281 282 287 288 289 291 292 293 294 295 296 297 298 299 300 301 302 305 306 307 312 314 315 318 322 323 324 325 330 331 332 333 335 337 338 339 340 341 342 344 345 346 347 348 349 350 351 352 353 354 355 358 359 360 361 363 364 365 366 367 368 370 371 373 374 375 376 377 378 379 381 382 383 384 385 386 387 388 389 390 391 392 0
2 4 5 6 8 9 11 16 17 21 22 23 27 28 29 31 0

39
1 2 3 4 5 6 7 8 9 10 11 12 13 14 15 16 17 18 19 20 21 22 23 24 25 26 27 28 29 30 31 32 33 34 35 36 37 38 39 40 41 42 43 44 45 46 47 48 49 50 51 52 53 54 55 56 57 58 59 60 61 62 63 64 65 66 67 68 69 70 71 72 73 74 75 76 77 78 79 80 81 82 83 84 85 86 87 88 89 90 91 92 93 94 95 96 97 98 99 100 101 102 103 104 105 106 107 108 109 110 112 113 114 115 116 117 118 119 120 121 122 123 124 125 126 127 128 129 130 131 132 133 134 135 136 137 138 139 140 141 142 143 144 145 146 147 148 149 150 151 152 153 154 155 156 157 158 159 160 161 162 163 164 165 166 167 168 169 170 171 172 173 174 175 176 177 178 179 180 181 182 183 184 185 186 187 188 189 190 191 192 193 194 195 196 200 201 202 203 204 210 242 243 244 245 246 247 248 255 256 257 258 259 260 261 262 269 270 271 272 273 274 275 276 288 289 290 292 293 298 300 301 302 303 304 305 306 307 312 313 314 315 316 317 318 319 320 321 323 326 327 328 329 330 331 332 340 341 342 344 345 358 359 360 363 364 372 373 374 393 394 395 396 397 398 399 400 401 402 403 404 405 406 407 408 409 410 411 412 413 414 415 416 417 418 419 420 421 422 423 424 425 426 427 428 429 430 431 432 433 434 435 436 437 438 439 440 441 442 443 444 445 446 447 448 449 450 451 452 453 454 455 456 457 458 459 460 461 462 463 464 465 466 467 468 469 470 471 472 473 474 475 476 477 478 479 480 481 482 483 484 485 486 487 488 490 491 492 493 494 495 496 497 498 499 500 501 502 503 504 505 506 507 508 510 511 512 513 514 515 516 517 518 519 520 521 522 523 524 525 526 527 528 529 530 531 532 533 534 535 536 537 538 539 540 541 542 543 544 545 546 547 548 549 550 551 552 553 554 555 556 557 558 559 560 561 562 563 564 565 566 567 568 569 570 571 572 573 574 575 576 577 578 579 580 581 582 583 584 585 586 587 588 589 590 591 592 603 617 618 619 620 626 627 628 629 630 631 633 634 635 636 637 638 639 645 647 648 649 650 651 652 653 654 655 656 657 658 659 661 662 663 664 665 666 667 668 669 672 673 676 677 678 679 680 681 682 687 692 693 694 695 696 697 698 699 701 702 703 704 705 706 707 708 709 710 711 712 713 714 715 716 717 718 719 720 721 723 724 725 727 728 732 733 735 736 737 739 740 741 742 743 746 747 748 749 750 751 752 753 754 755 756 757 764 765 766 767 768 769 770 771 772 773 774 775 776 777 778 779 780 781 782 783 784 0
14 15 16 17 18 19 20 21 22 27 29 43 46 47 48 49 50 53 55 57 59 60 62 63 64 65 66 71 74 75 76 77 78 79 80 83 85 86 88 90 92 93 94 95 98 99 105 106 107 108 109 113 117 118 120 121 122 123 124 125 126 127 128 130 132 133 134 135 136 137 139 141 142 143 147 148 149 150 151 152 153 155 157 159 160 163 164 165 166 167 169 174 175 178 179 180 181 182 189 192 193 194 195 197 210 211 212 213 214 215 225 226 227 228 239 240 243 244 245 246 247 253 255 256 257 258 259 260 261 262 267 270 271 272 273 274 275 276 277 281 284 285 286 287 288 289 290 291 292 295 298 301 302 303 304 305 306 307 308 309 310 313 314 315 316 317 318 319 320 321 322 323 324 326 327 328 329 330 331 332 333 334 335 337 338 340 343 345 346 347 348 349 351 359 360 361 362 363 365 372 373 374 375 376 377 378 379 388 392 393 394 395 396 397 398 399 400 401 402 403 404 405 420 421 422 423 424 425 426 429 430 431 432 433 434 438 439 440 441 442 443 444 448 449 450 451 452 453 454 455 456 457 458 461 462 463 464 465 466 467 468 469 470 471 472 473 475 476 479 480 481 482 483 484 485 487 488 489 491 494 495 497 498 500 501 502 503 504 505 507 508 509 510 511 512 513 514 515 517 518 519 521 522 523 524 525 526 527 528 529 530 531 532 536 537 538 541 542 546 551 554 555 556 558 559 567 568 569 570 571 574 575 576 577 578 579 580 583 584 585 586 589 594 602 616 618 630 632 634 635 636 637 638 639 644 646 647 648 649 650 651 652 653 654 658 660 661 662 663 664 665 666 667 672 676 678 680 681 682 683 684 685 686 691 692 693 694 696 697 698 700 704 706 707 708 709 710 711 712 713 714 716 717 718 719 720 721 722 723 724 725 726 727 728 731 733 736 737 738 739 740 742 749 750 752 753 754 755 756 763 764 766 767 768 769 770 771 777 783 784 0
8 9 10 11 12 14 15 16 17 18 19 24 25 26 27 28 29 30 31 32 33 34 35 38 39 40 41 42 43 44 45 46 47 48 49 50 56 58 59 60 61 66 67 68 69 73 74 75 76 77 79 80 81 82 83 84 89 97 98 99 100 101 102 103 104 105 106 107 108 109 110 112 113 114 115 116 119 121 122 123 124 127 128 129 134 136 137 138 139 140 142 143 144 145 146 149 150 151 152 153 154 156 157 158 159 161 163 164 165 166 167 168 170 171 172 173 174 175 177 178 179 180 181 182 184 185 186 187 188 192 193 194 195 196 197 199 200 201 202 203 204 205 206 207 208 209 210 211 212 213 214 215 216 217 218 219 220 221 222 223 225 226 227 228 229 230 232 233 236 237 238 241 242 243 244 245 246 247 248 249 250 251 253 254 255 256 257 258 259 260 261 262 263 264 265 268 269 270 271 272 273 275 276 277 278 279 280 281 282 283 284 286 287 290 291 293 294 295 296 297 298 299 300 301 302 303 304 305 306 308 310 311 312 314 317 319 320 321 322 323 325 326 327 328 329 332 333 334 335 336 337 341 342 345 346 347 348 349 350 352 353 354 359 360 361 362 363 364 367 368 369 373 374 375 376 377 378 382 383 384 390 391 392 0
1 2 3 5 7 8 9 10 11 13 14 15 16 17 18 20 21 22 23 24 25 26 27 29 30 31 33 34 35 36 37 39 40 42 43 44 45 46 47 48 50 55 56 63 66 68 69 72 73 74 75 76 77 81 83 84 86 87 88 89 90 91 96 97 98 109 110 112 118 124 125 126 128 129 131 132 133 137 138 139 141 142 146 147 148 149 150 151 154 155 156 157 158 160 162 163 164 166 167 169 170 171 173 174 175 176 177 178 180 181 182 183 184 187 188 189 190 191 192 193 195 196 198 203 204 205 206 208 210 214 215 216 221 222 223 224 228 229 230 231 232 235 236 237 238 242 243 244 245 246 252 254 255 256 257 261 262 263 264 265 266 268 269 270 272 273 275 276 279 280 282 285 286 287 288 289 290 291 292 293 294 295 296 297 298 302 303 304 305 309 310 311 312 313 314 316 317 318 319 320 321 323 324 325 326 327 328 329 331 332 333 334 335 336 340 342 343 344 345 346 347 348 349 351 359 360 361 366 367 368 370 371 372 373 374 375 376 377 379 380 381 383 384 389 390 391 392 0
2 3 5 10 13 14 16 19 21 23 24 26 28 29 30 0

40
1 2 3 4 5 6 7 8 9 10 11 12 13 14 15 16 17 18 19 20 21 22 23 24 25 26 27 28 29 30 31 32 33 34 36 37 38 39 40 41 42 43 44 45 46 47 49 50 51 52 53 54 55 56 57 58 59 60 61 62 63 64 65 66 67 68 69 70 71 72 73 74 75 76 77 78 79 80 81 82 83 84 85 86 87 88 89 90 91 92 93 94 95 96 97 98 99 100 101 102 103 104 105 106 107 108 109 110 111 112 113 114 115 116 117 118 119 120 121 122 123 124 125 126 127 128 129 130 131 132 133 134 135 136 137 138 139 140 141 142 143 144 146 147 148 149 150 151 152 153 154 155 156 157 158 159 160 161 162 163 164 165 166 167 168 169 170 171 172 173 174 175 176 177 178 179 180 181 182 183 184 185 186 187 188 189 190 191 192 193 194 195 196 202 206 207 212 218 219 227 228 230 231 232 233 243 245 246 247 257 258 259 260 261 271 272 273 274 275 276 277 280 281 282 284 285 286 287 289 290 291 299 300 301 302 303 304 305 306 312 313 314 316 317 318 319 320 326 327 328 329 330 331 332 333 334 341 342 343 344 345 346 347 355 356 357 358 359 360 365 366 371 372 379 380 393 394 395 396 397 398 399 400 401 402 403 404 405 406 407 408 409 410 411 412 413 414 415 416 417 418 419 420 421 422 423 424 425 426 427 428 429 430 431 432 433 434 435 436 437 438 439 440 442 443 444 445 446 447 448 449 450 451 452 453 454 455 456 457 458 459 460 461 462 463 464 465 466 467 468 469 470 471 472 473 474 475 476 477 478 479 480 481 482 483 484 485 486 487 488 489 490 491 492 493 494 495 496 497 498 499 500 501 502 503 504 505 506 507 508 509 510 511 512 513 514 515 516 517 518 519 520 521 522 523 524 525 526 527 528 529 530 531 532 533 534 535 536 538 539 540 541 542 543 544 545 546 547 548 549 550 551 553 554 555 556 557 558 559 560 561 562 563 564 565 566 567 568 569 570 571 572 573 574 575 576 577 578 579 580 581 582 583 584 585 586 587 588 596 602 603 604 605 606 607 608 609 610 612 617 618 623 624 625 627 628 629 630 636 637 638 639 640 645 650 651 652 657 658 659 660 661 662 663 664 665 666 667 668 669 670 671 672 673 674 675 676 677 678 679 680 681 682 683 687 688 691 692 693 694 695 697 698 699 703 704 705 706 707 708 709 710 711 715 716 717 718 719 720 721 722 723 724 726 727 729 730 731 733 734 735 736 737 738 739 740 741 742 743 744 745 746 748 749 750 751 752 753 754 755 756 757 758 759 760 761 763 764 767 768 769 770 771 772 773 774 777 778 779 780 782 783 784 0
1 7 8 9 14 15 16 17 18 19 20 21 22 23 24 25 26 27 29 30 31 32 33 35 36 37 38 39 41 43 46 48 49 50 51 52 53 55 57 58 62 63 64 65 66 67 71 72 73 75 76 77 78 79 80 85 86 87 89 90 91 92 93 94 95 99 100 101 103 104 105 106 107 108 109 110 113 114 115 117 118 119 120 121 122 123 124 127 128 131 132 133 134 135 136 137 138 139 141 142 143 146 147 148 149 150 151 153 155 156 157 158 160 161 162 163 164 166 167 169 170 171 172 173 176 177 179 180 181 183 184 185 186 187 188 192 193 194 195 197 203 204 205 206 210 211 212 213 214 215 216 217 218 219 220 221 225 226 227 228 229 230 232 233 234 235 239 240 243 245 246 247 248 249 253 254 259 260 261 262 267 268 269 270 271 272 273 274 275 276 277 281 282 283 284 285 286 287 288 289 290 291 292 295 296 297 298 299 300 301 302 303 304 305 306 309 310 314 315 316 317 318 319 320 323 324 325 327 328 329 330 331 332 333 334 337 338 339 341 342 343 344 345 346 347 349 351 352 353 354 355 356 357 358 359 360 362 363 365 366 367 368 369 372 373 375 376 377 379 380 381 382 387 392 393 394 395 396 397 398 399 400 401 402 403 404 405 407 408 409 410 411 412 413 414 415 420 427 428 429 433 434 440 441 442 443 444 448 449 453 454 455 456 457 458 460 462 463 464 465 466 467 469 470 471 472 473 474 475 476 477 478 479 480 481 482 483 484 485 486 487 488 490 494 496 497 498 499 500 501 502 503 504 507 508 509 510 511 512 513 514 515 516 517 518 519 520 521 522 523 524 525 526 527 528 529 530 531 532 533 534 535 536 538 539 540 541 542 543 544 545 546 547 548 549 550 551 552 553 554 555 556 557 558 560 561 562 565 566 567 568 569 571 572 573 574 575 576 577 578 579 580 581 582 583 584 585 586 588 589 595 596 597 598 602 604 605 607 608 609 610 611 616 618 619 620 621 622 623 624 625 630 636 637 644 650 651 652 658 660 663 664 667 668 669 672 674 675 676 677 678 679 683 686 688 689 691 692 693 694 695 696 697 700 704 705 706 707 708 710 711 714 718 719 720 721 722 723 724 726 728 729 730 732 733 734 735 736 737 738 742 743 744 745 747 748 749 750 754 755 756 757 758 759 760 762 765 766 767 768 769 770 771 772 773 776 784 0
1 2 3 4 10 11 12 16 17 18 19 23 24 25 26 27 30 31 32 33 34 35 36 38 39 40 41 42 43 44 45 46 47 48 49 50 53 54 56 61 67 68 74 75 76 77 80 81 82 83 84 85 86 88 89 92 93 98 99 101 102 103 104 105 106 107 108 109 110 111 112 113 114 115 116 117 118 119 120 121 122 123 127 128 130 131 132 133 134 137 138 139 140 141 143 144 145 146 149 150 151 152 153 154 155 156 157 158 159 161 163 164 165 166 169 171 172 175 178 179 180 181 182 183 185 186 187 188 189 191 192 194 196 197 200 201 203 206 207 208 210 213 216 217 218 219 220 221 223 224 226 227 228 229 230 231 232 233 234 235 236 237 238 239 241 243 244 245 246 247 249 250 251 253 254 256 257 258 261 262 264 265 267 269 270 271 272 273 275 276 277 278 280 281 282 283 284 285 286 287 288 289 291 293 295 296 297 298 300 301 302 303 304 305 306 308 309 310 311 312 313 314 316 318 319 320 323 325 326 327 328 330 331 332 333 335 336 337 340 341 342 345 346 347 348 349 350 353 354 355 359 360 361 362 363 366 367 368 369 370 371 373 374 376 377 378 379 381 382 384 386 387 389 390 391 0
1 2 3 4 5 10 11 13 14 17 18 19 21 22 24 25 26 27 28 29 30 31 32 34 35 37 39 40 41 42 43 45 46 48 49 50 51 52 55 56 57 58 60 62 63 64 66 67 70 71 72 73 74 75 76 77 79 80 81 82 83 84 85 87 88 89 90 93 94 95 96 97 98 99 100 101 102 103 106 107 108 109 110 111 112 113 114 115 116 117 118 119 120 121 122 123 124 125 126 127 128 129 130 131 132 133 134 135 136 137 139 141 142 146 147 148 149 150 151 152 155 156 157 158 159 160 162 164 165 166 168 169 170 171 172 174 175 177 178 179 180 182 183 184 185 186 188 189 190 191 192 193 194 200 203 204 208 209 210 211 213 214 215 216 218 219 220 221 225 226 227 228 230 231 232 233 235 238 240 241 242 243 245 246 248 249 250 252 253 254 255 256 257 258 259 260 261 262 263 264 265 266 267 268 269 270 271 272 273 275 276 277 278 280 281 282 284 285 287 288 289 290 291 292 293 294 295 296 297 299 300 301 302 310 318 319 320 323 324 325 326 327 328 329 330 331 332 333 334 335 338 340 341 342 343 344 345 346 347 348 349 351 352 353 354 355 357 358 359 361 362 365 367 368 369 370 371 372 373 375 376 377 378 379 380 381 382 383 384 385 386 387 388 389 390 392 0
2 4 5 6 7 9 10 11 13 14 15 16 19 20 23 27 29 30 31 0

41
1 2 3 4 5 6 7 8 9 10 11 12 13 14 15 16 17 18 19 20 21 22 23 24 25 26 27 28 29 30 31 32 33 34 35 36 37 38 39 40 41 42 43 44 45 46 47 48 50 51 52 53 54 55 56 57 58 59 60 61 62 63 64 65 66 67 68 69 70 71 72 73 74 75 76 77 78 79 80 81 82 83 84 85 86 87 88 89 90 91 92 93 94 95 96 97 98 99 100 101 102 103 104 105 106 107 108 109 110 111 112 113 114 115 116 117 118 119 120 121 122 123 124 125 126 127 128 129 130 131 132 133 134 135 136 137 138 139 140 141 142 143 144 145 146 147 148 149 150 151 152 153 154 155 156 157 158 159 160 161 162 163 164 165 166 167 168 169 170 171 172 173 174 175 176 177 178 179 180 181 182 183 184 185 186 187 188 189 190 191 192 193 194 195 196 205 206 210 221 223 224 232 233 237 239 245 246 247 248 259 260 261 273 274 275 286 287 288 289 292 293 294 300 301 302 303 310 311 312 313 315 316 317 322 328 329 330 331 338 339 340 341 342 343 344 345 352 353 354 355 356 357 358 359 370 371 372 373 374 384 393 394 395 396 397 398 399 400 401 402 403 404 405 406 407 408 409 410 411 412 413 414 415 416 417 418 419 420 421 422 423 424 425 426 427 428 429 430 431 432 433 434 435 436 437 438 439 440 441 442 443 444 445 446 447 448 449 450 451 452 453 454 455 456 457 458 459 460 461 462 463 464 465 466 467 468 469 470 471 472 473 474 475 476 477 478 479 480 481 482 483 484 485 486 487 488 489 490 491 492 493 494 495 496 497 498 499 500 501 502 503 504 505 506 507 508 509 510 511 512 513 514 515 516 517 518 519 520 521 522 523 524 525 526 527 528 529 530 531 532 533 534 535 536 537 538 539 540 541 542 543 544 545 546 547 548 549 550 551 552 553 554 555 556 557 558 559 560 561 562 563 564 565 566 567 568 569 570 571 572 573 574 575 576 577 578 579 580 581 582 583 584 585 586 587 588 595 596 597 598 599 600 601 602 603 605 606 607 608 609 612 613 614 615 616 617 618 622 623 624 625 626 627 631 636 637 638 639 640 641 642 643 644 645 647 651 652 653 654 655 656 657 658 659 660 661 662 663 665 666 667 670 671 672 673 674 675 676 677 678 679 680 681 684 685 686 687 688 689 690 691 692 693 694 695 701 702 703 704 705 706 707 708 709 710 711 712 713 714 715 716 717 718 719 720 721 722 723 724 725 726 728 729 730 731 732 733 734 735 736 737 743 744 745 746 747 748 749 750 751 752 756 757 758 759 760 761 762 763 764 769 770 771 772 773 774 775 776 777 778 779 780 781 782 783 784 0
14 15 16 18 20 21 22 23 24 25 26 27 28 29 33 34 36 37 38 39 40 41 42 43 44 49 50 51 53 54 55 57 58 59 63 64 65 66 67 68 69 71 72 73 77 78 79 80 81 82 83 85 86 87 88 89 91 92 93 94 95 96 97 99 100 101 102 103 105 106 107 109 110 111 112 113 114 115 116 117 119 120 121 123 125 127 128 129 130 131 132 133 134 135 137 138 139 141 142 143 144 145 146 147 148 149 151 152 153 155 156 157 158 159 160 161 162 163 165 169 170 171 172 173 174 175 176 177 178 179 184 185 186 187 188 189 192 193 197 208 209 210 211 216 217 218 219 220 221 222 223 224 225 226 230 231 233 234 235 236 237 239 240 244 245 246 247 248 249 250 251 253 259 260 261 262 263 264 265 267 273 274 275 276 277 278 279 281 282 283 284 285 286 287 288 289 290 293 295 296 297 298 299 300 301 302 303 304 307 309 310 311 312 313 314 315 316 317 318 320 323 324 325 326 327 328 329 330 331 332 333 334 335 337 338 339 340 341 342 343 344 345 346 347 348 351 352 353 354 355 356 357 358 359 361 365 366 367 368 369 370 371 372 373 374 379 384 385 386 387 392 393 394 395 396 397 398 399 400 401 402 403 404 405 406 413 414 416 418 419 420 421 427 429 430 434 435 436 440 441 442 443 444 448 455 456 460 462 471 472 474 475 476 477 478 479 480 481 482 483 484 485 486 488 489 490 494 496 497 498 499 500 504 505 506 507 508 509 511 512 513 514 515 516 517 519 525 527 528 532 533 534 535 536 537 539 540 541 542 544 546 549 551 552 553 556 560 565 567 569 574 575 576 577 578 580 581 582 583 584 585 586 588 589 596 597 598 599 600 601 602 608 609 610 611 612 613 614 615 616 622 623 624 625 626 627 628 629 630 632 637 638 639 640 641 644 651 652 653 655 657 658 665 666 667 669 672 674 679 684 685 686 688 689 690 691 692 693 694 700 701 702 703 704 705 706 707 708 713 714 715 716 717 718 719 720 721 722 723 728 729 730 731 732 733 734 736 737 742 743 744 745 746 747 748 749 750 751 756 758 759 760 761 762 763 764 765 766 770 771 776 777 778 779 784 0
3 4 5 6 7 10 11 12 17 18 19 20 21 22 23 25 27 29 30 31 32 33 34 36 37 38 39 40 43 44 45 46 47 48 50 53 55 56 61 62 68 71 72 73 74 75 78 79 80 81 82 85 86 87 88 89 93 94 95 99 100 102 103 104 105 108 109 110 111 113 114 115 116 117 118 120 121 122 123 124 125 127 128 129 130 131 134 135 136 137 138 139 141 142 144 145 147 149 150 151 152 153 154 157 159 160 161 165 166 167 169 170 171 172 173 174 175 176 177 178 179 180 182 183 184 186 187 189 191 192 193 194 197 198 199 201 202 203 206 207 208 209 210 213 214 215 216 217 220 221 222 223 224 226 227 228 229 230 231 233 234 236 237 238 240 241 242 243 245 247 249 250 251 252 254 256 257 258 261 262 263 264 265 266 269 270 272 274 275 277 281 282 283 286 288 289 291 292 293 295 296 297 298 299 300 301 302 304 305 308 309 312 313 314 315 316 318 319 320 322 323 325 326 327 329 330 332 333 334 336 337 338 339 340 341 342 345 346 347 348 349 350 353 354 355 356 357 360 361 362 363 365 367 368 369 370 372 373 374 375 376 379 380 381 382 383 387 388 389 0
1 3 4 5 9 10 11 13 14 18 19 20 23 25 26 27 28 29 30 31 32 33 35 36 37 38 39 40 41 43 44 45 46 47 49 50 51 52 55 56 57 61 62 63 65 66 69 70 72 73 75 76 77 78 80 81 82 83 84 85 86 87 89 90 92 93 94 95 97 98 99 101 105 108 109 110 111 112 113 114 115 116 117 118 119 122 123 124 125 126 127 128 129 130 131 132 133 134 135 136 137 138 139 140 141 142 143 144 145 146 147 148 150 151 152 155 157 158 159 160 161 164 165 166 167 168 171 172 173 174 176 178 179 181 182 183 184 186 187 188 189 190 192 194 196 200 201 202 203 208 209 210 211 212 213 214 215 216 218 219 221 222 225 226 227 228 229 230 232 233 235 236 238 239 240 241 242 243 246 248 249 250 252 253 255 256 257 258 259 262 263 264 265 266 269 270 271 272 273 274 276 277 278 279 280 281 282 283 284 285 286 287 288 289 290 291 292 293 294 295 296 297 298 299 300 301 302 304 305 306 307 308 309 311 314 315 316 318 322 323 325 326 327 330 332 333 334 337 338 339 340 341 344 345 346 347 348 349 350 351 352 353 354 355 357 358 360 361 362 363 365 367 368 369 370 371 372 373 375 376 377 378 379 380 382 383 384 386 387 389 390 392 0
2 3 6 7 9 13 14 15 17 18 19 20 22 24 29 31 32 0

42
1 2 3 4 5 6 7 8 9 10 11 12 13 14 15 16 17 18 19 20 21 22 23 24 25 26 27 28 29 30 31 32 33 34 35 36 37 38 39 40 41 42 43 44 45 46 47 48 49 50 51 52 53 54 55 56 57 58 59 60 61 62 63 64 65 66 67 68 69 70 71 72 73 74 75 76 77 78 79 80 81 82 83 84 85 86 87 88 89 90 91 92 93 94 95 96 97 98 99 100 101 102 103 104 105 106 107 108 109 110 111 112 113 114 115 116 117 118 119 120 121 122 123 124 125 126 127 128 129 130 131 132 133 134 135 136 137 138 139 140 141 142 143 145 146 147 148 149 150 151 152 153 154 155 156 157 158 159 160 161 162 163 164 165 166 167 168 169 170 171 172 173 174 175 176 177 178 179 180 181 182 183 184 185 186 187 188 189 190 191 192 193 194 195 196 200 204 205 207 208 213 219 220 221 222 223 224 228 230 231 232 233 235 237 238 243 244 245 246 247 248 249 250 251 252 258 259 260 261 262 263 264 268 269 270 271 272 273 274 275 276 277 285 286 287 288 289 290 291 293 294 295 296 297 298 300 301 302 303 314 315 316 317 318 319 324 326 327 328 329 330 331 332 337 339 340 341 342 343 344 345 346 354 355 356 357 358 359 368 369 370 371 372 375 376 377 378 382 384 393 394 395 396 397 398 399 400 401 402 403 404 405 406 407 408 409 410 411 412 413 414 415 416 417 418 419 420 421 422 423 424 425 426 427 428 429 430 431 432 433 434 435 436 437 438 439 440 441 442 443 444 445 446 447 448 449 450 451 452 453 454 455 456 457 458 459 460 461 462 463 464 465 466 467 468 469 470 471 472 473 474 475 476 477 478 479 480 481 482 483 484 485 486 487 488 489 490 491 492 493 494 495 496 497 498 499 500 501 502 503 504 505 506 507 508 509 510 511 512 513 514 515 516 517 518 519 520 521 522 523 524 525 526 527 528 529 530 531 532 533 534 535 536 537 538 539 540 541 542 543 544 545 546 547 548 549 550 551 552 553 554 555 556 557 558 559 560 561 562 563 564 565 566 567 568 569 570 571 572 573 574 575 576 577 578 579 580 581 582 583 584 585 586 587 588 589 590 591 592 593 597 598 599 600 601 602 603 604 605 606 607 608 609 611 612 613 614 615 616 617 621 622 624 625 626 627 628 629 630 631 632 633 634 635 636 637 638 639 640 641 642 643 644 645 646 647 648 649 650 651 652 653 654 655 656 657 658 659 660 661 662 663 664 665 666 667 668 670 673 674 675 676 677 678 679 680 681 682 683 684 685 686 687 688 692 693 694 695 696 701 702 703 704 705 706 707 708 709 710 711 712 715 716 717 718 719 720 721 722 723 724 728 729 732 733 734 735 736 737 738 739 740 743 744 745 746 747 748 749 750 751 752 753 754 755 756 757 758 759 760 761 762 763 764 765 766 767 768 769 770 771 772 773 774 775 776 777 778 779 780 781 782 783 784 0
1 9 10 11 12 14 15 16 17 18 19 20 21 22 23 24 25 26 27 28 29 30 31 32 33 34 36 37 38 39 40 41 42 43 44 45 46 47 48 49 51 52 53 54 55 56 57 58 59 60 61 62 63 64 65 66 67 68 69 70 71 72 73 74 75 76 77 78 79 80 81 82 83 84 85 86 87 88 89 90 91 92 93 94 95 97 98 99 100 101 102 103 104 105 106 107 108 109 110 111 112 113 114 115 117 118 119 120 121 122 123 124 125 127 128 129 130 131 132 133 134 135 136 138 139 141 142 143 144 145 146 147 148 149 150 152 153 155 156 157 160 161 162 163 164 165 166 167 169 170 171 172 173 174 175 176 177 178 179 180 181 182 183 184 185 186 187 188 189 190 191 192 193 194 195 196 197 200 201 205 206 207 208 209 210 211 212 213 214 215 216 217 218 219 220 221 222 223 224 225 226 227 228 229 230 231 233 234 235 236 237 238 239 240 242 243 244 245 246 247 248 249 250 251 252 253 254 255 256 257 258 259 260 261 262 263 264 265 266 267 268 269 270 271 272 273 274 275 276 277 278 279 280 281 282 283 284 285 286 287 288 289 290 291 293 294 295 296 297 298 299 300 301 302 303 304 305 306 307 308 309 310 311 312 313 314 315 316 317 318 320 321 323 324 325 326 328 329 330 331 332 333 334 337 338 339 340 341 342 343 344 345 346 347 348 351 352 355 356 357 358 359 360 361 362 363 365 366 367 368 369 370 371 372 373 374 375 376 377 378 379 382 383 384 385 387 392 393 394 395 396 397 398 399 400 401 402 403 404 405 406 407 408 409 410 411 412 415 416 417 418 419 421 425 426 427 428 429 430 431 432 433 434 435 438 439 440 441 442 443 444 445 446 447 448 449 453 454 455 456 457 458 459 462 463 464 465 466 467 468 469 470 471 472 473 475 476 480 481 482 483 484 485 486 487 488 489 490 491 492 493 494 495 496 497 498 499 500 504 509 510 511 512 513 514 515 516 517 518 519 520 521 523 524 525 526 527 528 529 532 535 536 537 539 540 541 542 544 546 549 550 551 552 553 554 557 558 559 561 562 563 564 565 566 567 568 569 570 571 572 574 575 576 577 578 579 580 581 582 583 584 585 586 587 588 589 591 596 597 598 599 600 602 604 605 606 607 608 611 612 613 614 615 616 618 619 620 621 622 623 624 625 626 627 628 629 630 632 633 634 635 636 637 638 639 640 641 642 643 644 648 650 651 652 653 654 655 656 657 658 659 660 661 662 663 664 665 666 667 668 669 670 671 672 674 675 677 678 679 680 681 682 683 684 685 686 687 688 689 690 691 693 694 695 696 698 699 700 702 707 708 709 710 711 712 713 714 716 717 718 719 720 721 722 724 728 730 732 733 734 735 736 737 738 739 742 745 746 747 748 749 750 752 753 754 755 756 758 760 762 763 764 765 766 767 768 769 770 771 772 774 776 777 778 784 0
1 2 3 5 6 7 9 10 11 12 13 14 15 16 17 18 19 20 21 22 23 24 25 26 27 28 30 31 32 37 38 39 40 41 42 45 46 47 49 50 51 52 54 55 56 57 58 59 60 61 62 63 64 66 67 68 69 70 71 72 73 74 75 76 77 78 79 81 82 83 87 88 89 92 93 94 95 97 98 99 100 101 102 103 104 105 106 107 108 109 110 111 112 113 114 115 116 117 118 119 120 121 122 123 124 125 126 127 128 129 130 131 132 134 135 136 137 138 139 141 142 143 144 145 147 149 150 151 153 154 155 156 157 158 159 160 161 162 163 164 165 166 167 168 169 171 172 173 174 176 177 178 179 180 181 182 184 185 186 187 188 191 192 193 194 195 196 197 198 200 201 202 203 204 205 206 207 208 209 210 212 213 214 215 216 217 218 219 220 221 222 223 224 225 226 227 228 229 230 231 232 233 234 235 236 237 238 240 241 242 243 244 245 246 247 248 249 250 251 252 253 254 255 256 257 258 259 260 261 262 263 264 265 266 267 269 270 271 272 274 275 276 277 278 279 282 283 284 285 287 288 289 290 291 292 293 294 295 296 297 298 299 300 301 302 303 304 305 306 307 308 309 311 312 313 314 315 316 317 319 320 321 322 323 324 325 326 327 328 329 330 332 333 334 336 337 338 339 341 342 343 345 346 347 348 349 350 353 354 355 356 357 358 359 360 361 362 363 364 365 367 368 369 370 372 373 374 375 376 377 380 381 382 383 384 387 388 389 390 392 0
1 2 3 4 6 7 8 10 12 14 15 16 17 18 19 20 21 23 25 27 28 31 32 33 34 36 37 38 39 41 42 44 45 46 50 51 52 53 54 55 56 57 58 59 60 62 63 64 65 66 67 68 69 70 71 72 73 74 76 77 78 79 80 82 84 85 86 87 90 92 93 94 95 96 98 99 101 102 103 104 105 106 107 109 110 111 112 113 114 116 117 120 121 123 124 127 128 129 130 131 132 134 135 136 137 138 139 141 142 144 145 147 148 149 150 151 152 153 154 155 156 157 158 159 160 161 163 164 165 166 167 168 169 170 171 172 173 174 176 178 180 181 182 184 185 186 188 189 190 191 192 193 194 195 196 197 199 200 201 202 203 204 205 206 208 209 210 213 214 215 216 217 218 219 220 221 222 223 224 225 226 227 228 229 230 232 233 234 235 236 237 238 239 240 241 242 243 244 245 246 250 251 252 253 254 255 256 257 259 261 262 263 264 265 266 267 268 270 271 272 274 275 276 277 278 280 281 282 283 284 285 287 288 289 290 291 292 293 294 295 296 297 298 299 300 301 302 303 304 305 306 307 308 309 310 311 312 313 314 315 316 317 318 319 320 321 322 324 325 326 329 330 331 332 335 339 340 341 343 344 345 346 347 348 349 350 351 352 353 354 355 356 357 358 359 360 361 362 363 364 365 367 368 369 370 371 373 374 375 376 377 378 379 380 381 382 383 384 385 387 389 390 391 0
4 5 6 9 10 11 12 14 16 18 19 21 23 26 27 28 29 30 32 0

43
1 2 3 4 5 6 7 8 9 10 11 12 13 14 15 16 17 18 19 20 21 22 23 24 25 26 27 28 29 30 31 32 33 34 35 36 37 38 39 40 41 42 43 44 45 46 47 48 49 50 51 52 53 54 55 56 57 58 59 60 61 62 63 64 65 66 67 68 69 70 71 72 73 75 76 77 78 79 81 82 83 84 85 86 87 88 89 90 91 92 93 94 95 96 97 98 99 100 101 102 103 104 105 106 107 108 109 110 111 112 113 114 115 116 117 118 119 120 121 122 123 124 125 126 127 128 129 130 131 132 134 135 136 137 138 139 140 141 142 143 144 145 146 147 148 149 150 151 152 153 154 155 156 157 158 159 160 161 162 163 164 165 166 167 168 169 170 171 172 173 174 175 176 177 178 179 180 181 182 183 184 185 186 187 188 189 190 191 192 193 194 195 196 202 203 204 205 210 225 241 242 243 244 246 247 248 254 256 257 258 259 260 261 262 267 269 270 271 272 273 274 275 276 284 285 286 287 288 289 290 301 302 303 304 315 316 317 325 326 329 330 331 336 343 344 345 348 349 357 358 359 362 363 364 371 372 373 384 385 386 393 394 395 396 397 398 399 400 401 402 403 404 405 406 407 408 409 410 411 412 413 414 415 416 417 418 419 420 421 422 423 424 425 426 427 428 429 430 431 432 433 434 435 436 437 438 439 440 441 442 444 445 446 447 448 449 450 451 452 453 454 455 456 457 458 459 460 461 462 463 464 465 466 467 468 469 470 471 472 473 474 475 476 477 478 479 480 481 483 484 485 486 487 488 489 490 491 492 493 494 495 496 497 498 499 500 501 502 503 504 505 506 507 508 509 510 511 512 513 514 515 516 517 518 519 520 521 522 523 524 525 526 527 528 529 530 531 532 533 534 535 536 537 538 539 540 541 542 543 544 545 546 547 548 549 550 551 552 553 554 556 557 558 559 560 561 562 563 564 565 566 567 568 569 570 571 572 573 574 575 576 577 578 579 580 581 582 583 584 585 586 587 588 594 595 603 604 605 606 617 618 619 620 621 622 623 624 625 626 627 629 631 632 633 634 636 638 639 640 644 645 646 647 648 649 650 651 652 653 654 655 656 657 658 659 660 661 662 663 664 665 666 667 668 669 671 672 673 674 675 676 677 678 679 680 681 684 686 687 689 690 691 692 693 694 695 696 697 698 701 703 704 705 706 707 708 709 711 712 713 714 715 716 717 718 721 722 723 724 725 726 727 728 731 732 733 735 736 737 738 739 740 741 742 743 746 749 750 752 753 754 755 756 757 758 761 762 763 764 765 766 767 768 769 770 771 772 773 774 775 776 777 778 779 783 784 0
1 14 15 16 17 18 19 20 21 22 23 24 27 29 30 31 32 33 34 43 44 45 46 47 49 50 51 53 55 57 58 59 60 61 62 64 65 66 71 72 73 74 75 76 77 78 79 80 83 85 86 87 88 90 91 92 93 94 97 99 100 101 102 103 104 105 106 107 108 109 110 111 113 114 115 116 117 119 120 121 122 123 124 125 127 128 129 130 131 133 134 135 137 138 139 140 141 142 143 144 145 147 148 149 151 152 153 154 155 157 158 159 161 162 163 165 166 167 168 169 172 173 175 176 177 179 180 181 182 186 187 188 189 190 191 192 193 194 195 197 210 211 212 213 214 215 216 217 225 226 227 228 229 230 231 239 240 241 242 243 244 246 247 248 253 254 255 256 257 258 259 260 261 262 263 267 268 269 270 271 272 273 274 275 276 277 281 282 283 284 285 286 289 290 292 295 296 297 298 299 300 303 304 305 306 307 309 310 311 312 313 314 315 316 317 318 319 320 321 323 324 325 326 327 328 329 330 331 332 333 334 335 336 337 338 340 341 342 343 344 345 346 347 348 349 350 351 355 356 358 359 361 362 363 364 365 372 373 375 376 377 378 379 383 384 385 386 387 392 393 394 395 396 397 398 399 400 401 402 403 404 405 407 408 409 410 420 421 425 426 427 430 431 432 433 434 435 436 437 438 439 440 441 442 443 444 448 449 453 454 455 456 457 458 459 461 462 465 466 467 468 469 470 471 472 473 476 479 480 481 482 483 484 485 486 488 490 491 493 494 497 500 504 505 507 508 509 510 512 513 514 515 516 518 519 520 521 522 527 530 531 532 537 538 539 540 541 542 544 545 546 547 552 553 556 557 559 560 564 565 566 567 568 569 570 574 575 576 577 578 579 580 583 584 585 586 587 588 589 594 595 602 604 605 606 607 616 617 618 619 620 622 630 632 633 634 635 637 638 639 644 645 646 647 648 649 650 651 652 653 658 660 662 663 664 665 666 667 668 669 672 674 676 677 678 680 681 682 684 686 688 689 691 693 694 695 700 702 703 704 705 706 707 708 709 711 712 714 716 717 718 721 722 725 726 727 728 730 732 733 735 736 737 738 739 740 741 742 748 749 750 753 754 755 756 760 762 763 764 767 768 769 770 771 775 776 777 778 779 784 0
1 2 8 10 11 12 14 15 16 17 18 20 21 23 24 25 26 27 28 30 31 32 34 35 38 39 40 41 43 44 45 47 48 49 50 56 57 58 60 61 64 65 66 67 68 71 72 73 75 79 80 82 84 89 90 91 95 96 97 98 99 100 101 102 103 104 105 106 107 109 110 112 113 114 115 116 119 120 121 123 124 125 127 128 129 130 131 132 133 134 135 137 138 140 141 142 143 144 145 146 149 150 151 153 154 155 156 157 158 161 162 163 164 165 166 168 170 171 172 173 174 177 179 180 181 184 186 187 188 189 191 192 193 194 196 197 200 201 202 203 206 207 209 210 212 213 214 215 216 217 219 222 223 224 225 226 227 228 229 230 231 232 233 234 235 236 237 238 241 242 243 244 245 246 247 248 249 250 251 253 254 255 256 257 258 260 261 262 263 265 266 267 268 269 270 272 273 274 275 276 277 278 279 280 281 282 283 285 286 287 289 290 293 294 295 296 297 298 299 300 301 302 303 304 306 308 309 311 312 313 315 317 319 320 321 322 323 326 327 328 329 330 332 333 334 335 336 337 338 339 340 341 342 345 346 347 348 349 350 351 354 358 359 360 361 362 363 367 368 370 373 375 376 377 381 382 383 384 385 389 391 392 0
1 2 3 8 9 11 13 14 15 16 17 18 19 21 22 25 26 29 31 33 35 36 38 39 40 41 42 44 45 46 47 48 49 50 51 55 56 57 63 64 69 70 72 73 74 75 76 77 78 79 80 81 82 83 84 88 89 91 92 93 94 95 96 97 98 99 106 109 111 112 113 115 116 117 118 120 123 124 125 129 130 131 132 134 135 136 137 138 139 140 141 142 143 144 145 146 147 148 149 150 151 155 157 158 159 160 163 164 166 167 169 170 172 173 174 175 177 178 179 181 183 185 186 187 189 190 192 193 194 195 196 197 198 203 204 205 208 209 210 211 213 215 216 217 218 221 222 223 225 228 229 230 233 235 236 237 238 240 241 242 243 244 245 246 252 253 254 261 262 265 266 268 270 271 272 273 276 277 278 279 280 281 282 283 284 285 286 287 288 289 290 291 292 293 294 295 296 297 298 302 303 309 316 317 323 325 326 328 333 334 335 336 339 341 342 343 344 345 346 347 348 349 351 352 357 358 359 360 361 364 365 366 367 368 370 371 372 373 375 376 377 378 379 381 382 383 384 386 387 388 390 391 392 0
2 3 5 7 10 13 14 16 18 21 23 24 26 28 29 0

44
1 2 3 4 5 6 7 8 9 10 11 12 13 14 15 16 17 18 19 20 21 22 23 24 25 26 27 28 29 30 31 32 33 34 35 36 37 38 39 40 41 42 43 44 45 46 47 48 49 50 51 52 53 54 55 56 57 58 59 60 61 62 63 64 65 66 68 69 70 71 72 73 74 75 76 77 79 80 81 82 83 84 85 86 87 88 89 90 91 92 93 94 95 96 97 98 99 100 101 102 103 104 105 106 107 109 110 111 112 113 114 115 116 117 118 119 120 121 122 123 124 125 126 127 128 129 130 131 132 133 134 135 136 137 138 139 140 141 142 143 144 145 146 147 148 149 150 151 152 153 154 155 156 157 158 159 160 161 162 163 164 165 166 167 168 169 170 171 172 173 174 175 176 177 178 179 180 181 182 183 184 185 186 187 188 189 190 191 192 193 194 195 196 205 206 207 208 231 232 233 234 238 239 245 246 247 248 254 255 257 258 259 260 261 262 263 266 269 270 271 272 273 275 276 277 285 286 287 288 289 290 300 301 302 303 304 315 316 317 318 328 329 330 331 333 336 343 344 345 355 356 357 358 363 364 369 370 371 372 383 384 385 389 393 394 395 396 397 398 399 400 401 402 403 404 405 406 407 408 409 410 411 412 413 414 415 416 417 418 419 420 421 422 423 424 425 426 427 428 429 430 431 432 433 434 435 436 437 438 439 440 441 442 443 444 445 446 447 448 449 450 451 452 453 454 455 456 457 458 459 460 461 462 463 464 465 466 467 468 469 470 471 472 473 474 475 476 477 478 479 480 481 482 483 484 485 486 487 488 489 490 491 492 493 494 495 497 498 499 500 501 502 503 504 505 506 507 508 509 510 511 512 513 514 515 516 517 518 519 520 521 522 523 524 525 526 527 528 529 530 531 532 533 534 535 536 537 538 539 540 541 542 543 544 545 546 547 548 549 550 551 552 553 554 555 556 557 558 559 560 561 562 563 564 565 566 567 568 569 570 571 572 573 574 575 576 577 578 580 581 582 583 584 585 586 587 588 596 597 598 599 603 604 616 617 618 623 624 627 628 629 630 631 632 633 634 635 636 637 638 639 640 641 646 647 648 649 650 651 652 653 656 657 658 659 661 662 663 664 665 666 667 668 673 674 675 676 677 678 679 680 681 682 686 687 688 689 690 691 692 693 695 696 697 698 699 700 701 702 703 704 706 707 708 709 710 711 712 713 714 715 717 719 721 722 723 725 726 727 728 729 734 735 736 737 738 739 740 741 742 743 744 745 748 749 750 752 753 754 755 756 757 758 759 760 761 763 764 765 766 767 768 769 771 772 773 774 775 776 777 778 781 782 783 784 0
14 15 21 22 23 24 25 26 27 29 30 36 39 40 41 43 44 45 46 48 49 51 52 53 54 55 57 58 59 60 62 63 64 65 66 67 69 71 72 73 74 75 76 77 78 79 80 81 83 84 85 86 87 88 89 91 92 93 94 95 96 97 99 100 101 102 103 105 106 107 108 111 113 114 115 116 117 119 120 121 122 124 125 127 128 129 131 133 134 135 136 137 138 139 140 141 142 143 146 147 148 149 151 152 153 154 155 156 157 159 160 161 162 163 164 165 166 167 168 169 170 171 173 174 175 176 178 179 180 181 182 183 184 185 186 188 189 190 191 192 193 194 195 197 210 211 217 218 219 220 221 223 225 226 230 231 233 234 239 240 241 242 243 244 245 246 247 248 249 251 253 254 255 256 257 259 260 261 262 263 267 268 269 270 271 272 273 274 275 276 277 281 282 283 286 287 288 289 290 291 295 296 297 298 299 300 301 302 303 304 305 309 310 311 312 313 314 315 316 317 318 320 321 322 323 324 325 326 327 328 330 331 332 333 334 335 336 337 338 339 340 341 342 343 344 345 347 348 349 350 351 352 353 354 356 357 358 359 360 361 362 363 364 365 366 367 370 371 372 374 375 376 377 378 379 382 383 384 385 386 389 390 392 393 394 395 396 397 398 399 400 401 402 403 404 405 410 413 416 417 420 421 427 428 429 431 432 434 435 436 439 440 441 442 443 444 445 448 451 452 454 455 456 457 458 459 460 461 463 466 467 468 469 470 471 472 473 476 477 480 481 482 483 484 485 486 487 490 491 494 495 496 497 498 499 500 501 504 505 510 511 512 513 514 516 517 518 519 520 521 522 523 524 527 530 531 533 537 538 539 540 546 547 548 551 552 553 554 560 561 564 565 566 568 569 570 574 575 576 578 579 580 581 582 583 584 585 589 598 599 602 609 610 611 616 624 625 626 630 632 639 644 646 647 648 650 651 652 653 654 655 657 658 660 661 662 663 664 665 666 667 668 672 677 678 679 680 681 682 686 688 689 691 692 693 694 695 697 700 707 708 709 712 713 714 716 717 719 721 722 724 725 726 727 728 733 734 735 740 741 742 744 747 748 749 751 752 753 754 755 756 758 761 762 763 764 766 767 768 769 770 771 772 774 775 776 777 778 780 781 782 783 784 0
8 9 10 11 12 13 14 15 16 17 18 19 20 23 24 25 27 28 31 33 34 35 37 38 39 40 41 43 44 45 46 47 48 49 50 56 60 61 62 66 67 68 69 72 74 75 76 79 80 81 82 84 89 90 91 92 93 95 97 98 99 100 102 103 104 105 106 107 108 109 110 111 113 114 115 116 117 118 119 120 121 122 123 124 125 127 128 129 130 131 132 133 134 135 136 137 138 141 142 143 144 145 146 149 150 151 152 154 157 158 159 160 161 162 163 164 165 166 167 168 170 171 172 173 175 178 179 180 181 184 185 186 187 188 189 192 193 194 196 197 198 200 201 202 203 206 207 208 209 210 212 213 214 215 216 217 218 219 220 221 222 223 224 225 227 229 230 231 233 234 235 236 237 238 240 241 242 243 244 245 246 247 248 249 250 251 257 258 260 263 264 265 267 269 270 271 272 273 274 275 276 277 278 280 281 282 283 284 286 287 288 293 294 295 296 297 298 299 300 301 302 304 305 306 307 309 311 312 313 315 316 317 318 319 320 321 322 323 326 327 329 330 331 332 333 334 335 336 337 340 341 342 345 346 347 348 349 350 353 354 355 356 359 360 361 362 363 364 366 367 368 369 370 375 376 377 380 381 382 383 384 385 386 388 389 392 0
1 3 6 8 9 10 11 12 13 14 15 18 21 22 23 24 25 26 27 28 29 31 32 33 36 40 41 42 44 46 48 49 50 51 52 55 56 62 63 64 65 66 67 68 69 70 71 72 73 74 76 77 79 80 81 82 83 84 87 89 92 93 94 95 97 98 99 104 105 106 107 109 111 113 115 116 117 118 119 120 123 124 125 127 129 130 131 134 135 136 137 138 140 142 143 145 146 147 148 150 151 152 155 159 160 161 162 163 165 166 167 168 169 170 171 175 176 177 178 179 180 181 182 183 184 185 187 189 192 193 194 195 196 199 200 205 206 207 209 211 212 213 214 215 216 217 218 219 220 221 222 223 224 225 230 231 232 235 236 237 239 242 243 245 246 252 253 255 257 258 261 262 265 266 270 272 273 276 277 278 281 283 284 285 286 287 288 289 290 291 292 293 294 295 296 297 298 301 304 305 306 310 311 312 313 314 316 317 318 319 320 321 323 324 328 330 332 333 334 336 337 341 342 343 344 345 346 347 348 349 351 352 356 358 359 360 362 364 365 367 368 369 370 371 373 374 375 376 377 378 379 382 383 384 386 388 389 390 391 0
2 3 8 9 11 12 13 16 22 25 30 31 0

45
1 2 3 4 5 6 7 8 9 10 11 12 13 14 15 16 17 18 19 20 21 22 23 24 25 26 27 28 29 30 31 32 33 34 35 36 37 38 39 40 41 42 43 44 45 46 47 48 49 50 51 52 53 54 55 56 57 58 59 60 61 62 63 64 65 66 67 68 69 70 71 72 73 74 75 76 77 78 79 81 82 83 84 85 86 87 88 89 90 91 92 93 94 95 96 97 98 99 100 101 102 103 104 105 106 107 108 109 110 111 112 113 114 115 116 117 118 119 120 121 122 123 124 125 126 127 128 129 130 131 132 133 134 135 136 137 138 139 140 141 142 143 144 145 146 147 148 149 150 151 152 153 154 155 156 157 158 159 160 161 162 163 164 165 166 167 168 169 170 171 172 173 175 176 178 179 180 181 182 183 184 185 186 187 188 189 190 191 192 193 194 195 196 201 202 203 204 205 206 207 227 228 232 236 237 238 242 243 247 248 255 256 257 258 259 260 261 262 274 275 276 287 288 289 294 300 301 302 303 304 309 310 314 315 316 317 318 324 325 329 330 331 332 333 335 345 346 347 350 357 358 359 360 370 371 372 373 384 385 386 393 394 395 396 397 398 399 400 401 402 403 404 405 406 407 408 409 410 411 412 413 414 415 416 417 418 419 420 421 422 423 424 425 426 427 429 430 431 432 433 434 435 436 437 438 439 440 441 442 443 445 446 447 448 449 450 451 452 453 454 455 456 457 458 459 460 461 462 463 464 465 466 467 468 469 470 471 473 474 475 476 477 478 479 480 481 482 483 484 485 486 487 488 489 490 491 492 493 494 495 496 497 498 499 500 501 502 503 504 505 506 507 508 509 510 511 512 513 514 515 516 517 518 519 520 521 522 523 524 525 526 527 528 529 530 531 532 533 534 535 536 537 538 539 540 541 542 543 544 545 546 547 548 549 550 551 552 553 554 555 556 557 558 559 560 561 562 563 564 565 566 567 568 569 570 571 572 573 574 575 576 577 578 579 580 581 582 583 584 585 586 587 588 591 592 593 594 595 596 597 598 599 602 603 604 605 614 616 617 624 625 626 627 628 629 630 631 633 634 635 636 637 638 639 640 643 644 645 647 648 649 650 651 652 653 654 655 656 657 658 659 661 665 666 667 671 672 673 674 675 676 677 678 679 680 681 682 683 686 687 688 689 690 691 692 693 694 695 696 701 702 703 704 705 706 707 708 709 710 711 712 713 714 715 716 717 718 719 720 722 723 724 725 727 728 729 732 733 736 737 738 739 740 741 742 743 744 745 746 747 748 749 750 751 752 753 755 756 757 759 760 761 762 763 764 767 769 770 771 772 773 774 776 777 778 779 780 781 782 783 784 0
14 15 16 17 18 19 20 21 22 23 24 25 26 27 29 30 37 38 39 40 41 43 45 47 48 49 50 51 52 53 54 55 56 57 60 62 63 64 65 66 67 68 69 73 76 77 78 79 80 83 85 90 91 92 93 94 97 99 100 104 105 106 107 108 113 114 115 120 121 122 123 125 127 128 129 130 131 133 134 135 136 137 139 141 142 143 144 148 149 150 151 153 154 155 156 157 158 159 161 163 164 165 167 168 169 170 171 172 174 175 176 177 178 180 181 182 184 185 186 187 188 189 190 191 193 194 195 197 208 210 211 212 213 214 215 216 217 219 220 221 222 223 225 226 227 235 236 237 239 240 242 243 244 245 246 247 248 250 251 253 256 257 258 259 260 261 262 263 267 270 271 272 273 274 275 276 277 279 281 287 288 289 290 295 296 297 298 300 301 302 303 304 309 310 311 312 315 316 317 318 319 323 324 325 326 328 329 330 331 332 333 334 337 338 339 341 342 343 345 346 347 349 350 351 352 355 356 357 358 359 360 361 363 364 365 366 368 369 371 372 373 374 376 377 378 379 383 384 385 386 387 388 392 393 394 395 396 397 398 399 400 401 402 403 404 405 406 407 408 409 415 420 421 422 424 425 426 427 428 429 430 431 432 433 434 436 437 438 439 440 441 442 443 444 448 450 451 452 453 454 455 456 457 458 459 460 461 462 463 465 466 467 468 469 471 472 473 475 476 477 481 482 483 484 485 486 487 488 489 491 492 495 496 497 498 499 500 502 504 505 506 507 508 509 510 511 512 513 514 515 518 521 523 524 525 526 527 528 529 530 531 539 540 541 542 546 547 548 549 550 551 552 553 554 555 556 557 560 565 566 567 568 569 570 571 572 574 575 576 577 578 579 580 581 582 584 585 587 588 589 597 598 599 601 602 605 612 613 614 615 616 620 628 629 630 633 634 638 639 644 647 648 649 650 651 652 658 663 664 666 667 668 671 672 679 680 682 685 686 691 692 693 694 695 696 700 701 702 704 705 706 707 708 709 714 716 717 721 722 723 725 727 728 736 742 749 753 755 756 758 761 762 763 764 766 768 769 770 771 775 776 777 778 780 784 0
5 6 8 9 10 11 12 16 17 18 20 21 22 23 24 25 27 29 32 33 34 38 39 40 41 42 43 44 45 46 47 48 50 55 56 58 59 60 61 66 67 68 74 75 78 79 80 81 82 83 86 88 90 95 96 99 100 101 102 103 104 105 106 107 108 109 111 113 114 115 116 117 118 122 123 124 125 128 131 134 135 136 137 138 141 142 143 145 146 149 153 154 156 157 158 159 160 161 163 164 165 167 171 172 173 174 175 176 178 179 181 185 187 188 193 194 197 200 203 204 205 206 207 208 209 210 211 212 213 214 215 216 217 219 220 221 222 223 224 226 227 228 229 230 231 232 233 234 235 236 237 238 241 243 244 245 246 247 248 249 250 251 252 255 256 257 258 261 262 263 265 266 269 270 271 272 274 275 276 277 278 279 280 281 282 283 284 285 287 288 289 290 295 296 297 298 299 300 301 302 303 304 305 306 307 308 311 312 314 315 316 319 320 321 322 323 326 327 328 330 331 332 334 335 336 337 338 341 342 345 346 347 348 349 350 352 353 354 359 360 361 362 363 367 368 369 372 375 376 377 381 382 383 384 385 388 389 390 0
1 2 3 5 7 8 9 10 11 12 13 14 15 16 17 18 22 25 26 27 28 32 33 34 35 36 37 40 41 42 45 47 49 50 51 55 56 63 64 66 69 70 72 74 76 78 80 84 85 88 92 93 94 95 96 97 98 102 103 104 105 108 109 110 111 115 116 121 123 124 126 127 130 131 132 133 134 136 137 138 139 140 141 143 145 146 147 148 149 150 151 152 154 156 157 158 160 161 162 163 164 165 166 167 169 171 172 175 177 178 179 180 181 182 183 184 185 186 188 189 190 191 192 193 194 195 196 197 198 199 201 202 203 204 205 206 207 208 210 214 215 216 218 219 220 221 222 223 225 227 228 230 231 232 233 235 236 237 238 239 240 241 245 246 250 252 255 256 257 258 259 261 262 263 264 265 266 269 273 277 279 281 286 287 288 290 291 292 293 294 295 296 297 298 299 300 301 302 303 304 308 309 310 311 312 313 314 316 317 318 319 320 321 323 324 325 326 327 328 330 331 332 335 337 343 344 345 346 347 348 349 350 351 354 356 358 359 360 361 364 366 367 368 372 375 377 378 379 381 382 383 384 386 387 389 390 391 392 0
2 3 5 7 10 11 13 15 23 24 26 27 28 31 32 0

46
1 2 3 4 5 6 7 8 9 10 11 12 13 14 15 16 17 18 19 20 21 22 23 24 25 26 27 28 29 30 31 32 33 34 35 36 37 38 39 40 41 42 43 44 45 46 47 48 49 50 51 52 53 54 55 56 57 58 59 60 61 62 63 64 65 66 67 68 69 70 71 72 73 74 75 76 77 78 79 80 81 82 83 84 85 86 87 88 89 90 91 92 93 94 95 96 97 98 99 100 101 102 103 104 105 106 107 108 109 110 111 112 113 114 115 116 117 118 119 120 121 122 123 124 125 126 127 128 129 130 131 132 133 134 135 136 137 138 139 140 141 142 143 144 145 146 147 148 149 150 151 152 153 154 155 156 157 158 159 160 161 162 163 164 165 166 167 168 169 170 171 172 173 174 175 176 177 178 179 180 181 182 183 184 185 186 187 188 189 190 191 192 193 194 195 196 206 207 208 209 210 218 238 243 244 245 246 247 248 249 256 258 259 260 261 262 263 271 272 273 274 275 276 277 284 285 286 287 288 289 290 291 298 299 300 301 302 303 304 305 307 308 312 313 314 315 316 317 318 324 325 329 330 331 332 335 336 342 343 344 345 350 355 357 358 359 360 361 362 363 365 369 370 371 372 381 383 384 385 386 393 394 395 396 397 398 399 400 401 402 403 404 405 406 407 408 409 410 411 412 413 414 415 416 417 418 419 420 421 422 423 424 425 426 427 428 429 430 431 432 433 434 435 436 437 438 439 440 441 442 443 444 445 446 447 448 449 450 451 452 453 454 455 456 457 458 459 460 461 462 463 464 465 466 467 468 469 470 471 472 473 474 475 476 477 478 479 480 481 482 483 484 485 486 487 488 489 490 491 492 493 494 495 496 497 498 499 500 501 502 503 504 505 506 507 508 509 510 511 512 513 514 515 516 517 518 519 520 521 522 523 524 525 527 529 530 531 532 533 534 535 536 537 538 539 540 541 542 543 544 545 546 547 548 549 550 551 552 553 554 555 556 557 558 559 560 561 562 563 564 565 566 567 568 569 570 571 572 573 574 575 576 577 578 579 580 581 582 583 584 585 586 587 588 595 596 597 598 599 600 603 604 605 606 608 609 610 615 616 625 626 627 628 629 630 631 632 633 636 637 638 639 640 641 645 648 649 650 651 652 653 654 655 659 660 661 662 663 665 666 667 668 669 670 671 672 673 676 677 678 679 680 681 682 686 687 688 689 690 691 692 693 694 696 697 698 699 700 701 702 703 704 705 706 707 708 709 710 713 714 715 716 717 718 719 720 721 722 723 724 725 726 727 728 735 736 737 738 739 740 741 742 743 744 745 747 748 749 750 751 752 753 754 755 756 757 758 759 760 762 764 765 769 770 771 772 773 774 776 777 778 779 780 781 782 783 784 0
14 15 18 19 20 21 22 23 24 25 26 27 28 29 32 34 37 38 39 40 41 43 48 49 50 51 52 54 55 56 57 58 59 61 62 64 65 66 67 71 72 73 74 75 76 77 78 79 80 81 82 85 86 88 89 90 91 92 93 94 95 97 99 100 102 103 104 105 106 107 108 109 111 113 114 117 118 119 120 121 122 123 124 125 126 127 128 129 130 132 133 134 135 136 138 139 140 141 142 143 144 145 147 148 149 150 152 153 154 155 156 157 158 160 161 162 163 165 166 167 168 169 170 171 175 176 177 178 179 180 181 182 183 184 185 186 187 188 189 190 191 192 193 194 195 196 197 210 211 217 218 219 220 221 222 223 225 230 231 232 237 239 243 244 246 247 248 249 251 253 255 256 257 258 259 260 261 262 263 264 267 269 270 271 272 273 274 275 276 277 278 281 283 284 285 286 287 288 289 290 291 292 295 298 299 300 301 302 303 304 305 307 309 310 311 313 314 315 316 317 318 319 320 321 322 323 324 325 326 327 328 330 331 332 333 335 336 337 338 339 340 341 342 344 345 346 348 349 350 351 352 353 355 356 357 358 359 360 361 362 363 364 365 366 367 368 370 371 372 373 374 375 376 377 378 379 380 381 382 383 384 385 386 387 392 393 394 395 396 397 398 399 400 401 402 403 404 405 407 411 412 413 420 421 426 427 429 431 432 433 434 440 441 442 443 444 445 448 449 452 453 454 455 456 457 458 459 460 462 463 464 465 467 468 469 470 471 472 473 474 476 479 480 481 482 483 484 485 487 488 489 490 493 494 495 496 497 498 499 503 504 505 506 507 508 509 510 511 512 513 514 515 518 519 520 521 522 523 524 526 529 530 531 532 537 538 539 540 541 546 547 551 552 554 555 557 558 559 560 561 562 563 564 565 566 567 568 574 575 576 578 579 581 583 584 585 586 587 589 598 599 600 601 602 609 610 611 612 613 616 622 624 630 637 638 639 640 641 644 650 651 652 653 654 658 664 665 666 667 668 669 670 672 674 676 677 678 680 681 682 684 686 689 690 691 692 693 694 695 699 700 703 704 705 706 707 708 709 711 714 716 717 719 720 722 723 725 726 727 728 730 731 732 735 736 741 742 750 751 752 753 754 755 756 757 758 761 762 763 766 767 768 769 770 771 772 773 775 776 777 778 779 784 0
4 6 10 11 12 13 14 16 17 18 22 23 24 25 27 28 29 30 31 32 34 35 38 39 40 41 42 44 45 46 47 49 50 56 60 61 67 68 69 73 74 75 76 79 80 82 83 86 89 91 92 93 95 96 97 98 99 101 102 103 104 105 107 108 109 114 115 116 118 119 120 121 123 124 125 126 127 128 129 130 131 132 134 135 136 137 138 141 142 143 144 145 146 149 150 151 152 154 157 158 159 160 161 163 166 168 170 171 173 174 175 178 179 180 181 182 184 186 187 188 189 191 193 194 195 196 197 198 201 202 203 206 207 208 209 210 211 212 213 214 215 216 217 218 219 220 221 222 223 224 225 226 228 229 230 231 233 234 235 236 237 238 239 240 241 242 243 244 245 246 247 248 249 250 251 254 255 256 257 258 260 261 263 264 265 268 269 270 272 273 275 276 277 278 279 281 282 283 284 286 287 288 289 292 293 294 295 296 297 298 299 300 301 302 303 304 306 307 309 310 312 313 314 316 317 318 319 320 321 322 324 325 326 327 328 329 330 332 333 334 335 336 337 338 340 341 342 345 346 347 348 349 350 353 354 355 357 359 360 362 363 366 367 368 369 370 374 375 376 377 381 382 383 386 388 389 390 392 0
1 2 3 4 6 7 9 10 11 13 14 15 16 18 19 21 22 23 24 25 26 27 31 32 33 34 38 40 41 42 45 46 47 48 49 50 52 55 56 57 58 63 67 69 70 72 73 74 75 76 77 78 79 80 81 82 83 84 85 86 87 88 89 92 93 94 95 97 98 99 105 106 107 108 109 112 113 114 115 116 117 118 120 121 122 123 124 125 129 130 131 132 135 136 137 138 139 143 144 145 146 147 148 149 150 151 152 155 158 159 160 161 162 163 164 166 167 168 171 175 176 177 178 179 181 182 183 184 185 186 187 189 190 191 192 193 194 195 196 199 200 205 206 208 209 211 214 215 216 217 218 219 221 222 223 224 226 229 230 231 234 235 236 237 239 241 242 243 244 245 246 252 253 254 260 261 265 266 267 268 269 270 275 276 277 278 281 284 285 286 287 288 289 290 291 292 293 294 295 296 297 298 299 300 301 304 305 306 310 311 312 313 314 316 317 318 323 325 326 330 331 332 333 337 339 340 341 342 343 344 345 346 347 348 349 350 351 352 353 359 360 364 365 366 367 369 370 371 372 373 374 375 376 377 378 379 382 383 384 386 390 391 0
1 5 8 9 11 12 13 16 22 26 28 30 0

47
1 2 3 4 5 6 7 8 9 10 11 12 13 14 15 16 17 18 19 20 21 22 23 24 25 26 27 28 29 30 31 32 33 34 35 36 37 38 39 40 41 42 43 44 45 46 47 48 49 50 51 52 53 54 55 56 57 58 59 60 61 62 63 64 65 66 67 68 69 70 71 72 73 74 75 76 77 78 79 80 81 82 83 84 85 86 87 88 89 90 91 92 93 94 95 96 97 98 99 100 101 102 103 104 105 106 107 108 109 110 111 112 113 114 115 116 117 118 119 120 121 122 123 124 125 126 127 128 129 130 131 132 133 134 135 136 137 138 139 140 141 142 143 144 145 146 147 148 149 150 151 152 153 154 155 156 157 158 159 160 161 162 163 164 165 166 167 168 169 170 171 172 173 174 175 176 178 179 180 181 182 183 184 185 186 187 188 189 190 191 192 193 194 195 196 197 198 203 205 211 212 213 214 215 216 218 219 231 232 233 234 235 244 245 246 247 248 249 251 257 258 259 260 261 262 263 265 267 268 269 270 271 273 274 275 276 277 284 285 286 287 288 289 290 292 293 294 299 300 301 302 315 316 317 318 320 321 322 327 328 329 330 331 332 337 341 342 343 344 345 346 353 355 356 357 358 359 360 365 366 369 370 371 372 373 374 376 377 378 383 393 394 395 396 397 398 399 400 401 402 403 404 405 406 407 408 409 410 411 412 413 414 415 416 417 418 419 420 421 422 423 424 425 426 427 428 429 430 431 432 433 434 435 436 437 438 439 440 441 442 443 444 445 446 447 448 449 450 451 452 453 454 455 456 457 458 459 460 461 462 463 464 465 466 467 468 470 471 472 473 474 475 476 477 478 479 480 481 482 483 485 486 487 488 489 490 491 492 493 494 495 496 497 498 499 500 501 502 503 504 505 506 507 508 509 510 511 512 513 514 515 516 517 518 519 520 521 522 523 524 525 526 527 528 529 530 531 532 533 534 535 536 537 538 539 540 541 542 543 544 545 546 547 548 549 550 551 552 553 554 555 556 557 558 559 560 561 562 563 564 565 566 567 568 569 570 571 572 573 574 575 576 577 578 579 580 581 582 583 584 585 586 587 588 589 590 591 592 593 594 595 596 597 598 601 602 604 605 611 612 613 614 615 616 617 621 622 623 624 625 626 627 628 629 630 631 632 633 634 635 636 637 638 639 640 641 642 643 644 646 647 648 649 650 651 652 653 654 655 656 657 658 659 660 661 662 663 664 665 666 667 668 669 670 671 672 675 676 677 678 679 680 681 682 683 684 685 686 687 688 691 692 693 694 695 703 704 705 706 707 708 709 710 711 712 713 714 715 716 717 719 720 721 722 723 724 725 729 730 731 732 733 734 735 736 737 738 739 740 742 743 744 745 746 747 748 749 750 751 752 753 754 755 756 757 758 759 760 761 762 763 764 765 766 767 768 769 770 771 772 773 774 775 776 777 778 779 780 781 782 783 784 0
1 8 14 15 16 17 18 19 20 21 22 23 24 25 26 27 29 30 31 32 33 35 36 37 38 39 40 41 42 43 44 45 46 48 49 50 51 52 54 55 56 57 58 59 60 61 62 63 64 65 66 67 68 69 70 71 72 73 74 75 76 77 78 79 80 81 82 83 84 85 86 87 88 90 91 92 93 94 95 96 97 98 99 100 101 102 103 104 105 106 107 109 110 111 112 113 114 115 116 117 118 119 120 121 123 124 125 127 128 129 131 132 133 134 135 136 137 138 139 140 141 142 143 145 146 147 148 149 150 152 155 156 157 158 160 161 162 163 164 165 166 167 169 170 171 172 173 174 175 176 177 178 180 181 183 184 185 186 187 188 190 191 192 193 194 195 196 197 198 199 205 206 210 211 212 213 214 215 216 217 218 219 220 221 222 223 225 226 227 228 229 230 231 232 233 234 235 236 237 238 239 240 241 242 243 244 245 246 247 248 249 250 251 252 253 254 255 256 257 258 259 260 261 262 263 264 265 266 267 268 269 271 272 273 274 275 276 277 278 279 280 281 282 283 284 285 286 287 288 289 290 291 292 293 294 295 296 297 298 299 300 301 302 303 304 306 307 308 309 310 311 312 313 314 315 316 317 318 320 321 323 324 325 326 327 328 329 330 331 332 333 334 335 337 338 339 340 341 342 343 344 345 346 347 348 351 352 353 354 355 356 357 358 359 360 361 362 363 365 366 367 368 369 370 371 372 373 374 375 376 377 378 379 383 384 386 387 388 389 392 393 394 395 396 397 398 399 400 401 402 403 404 405 409 410 411 412 414 415 418 420 428 429 430 431 433 434 435 438 439 440 441 442 443 444 445 446 447 448 449 450 451 452 453 454 455 456 457 458 459 460 461 462 463 464 465 466 468 469 470 471 472 474 476 479 480 481 482 483 484 485 486 487 488 489 490 491 492 493 494 495 496 497 498 499 500 501 504 508 509 510 511 512 513 516 517 519 520 522 523 524 525 526 527 528 532 533 534 535 536 537 538 539 540 541 542 546 547 548 549 550 551 552 553 554 555 556 557 558 559 560 561 563 564 565 566 567 568 569 570 571 572 573 574 575 576 577 578 579 580 581 582 583 585 586 587 588 589 590 595 596 597 602 603 604 605 606 607 608 609 610 611 612 613 614 616 619 624 625 626 627 628 629 630 634 636 637 639 640 641 642 643 644 645 646 647 649 650 651 652 653 654 655 656 657 658 660 662 663 664 665 666 667 668 669 670 671 672 674 675 676 677 678 679 680 681 683 684 685 686 688 689 690 691 692 693 694 695 696 697 698 700 702 703 704 705 706 707 708 709 710 711 712 713 714 716 718 719 721 722 723 724 727 728 730 732 733 734 735 736 737 738 742 744 745 746 747 748 750 751 756 758 759 760 761 762 763 764 765 767 768 769 770 771 773 774 775 776 777 778 779 784 0
1 2 5 6 7 9 10 11 12 13 15 16 17 18 19 20 22 23 24 25 26 27 29 30 31 32 33 36 37 38 39 40 41 42 43 44 45 46 47 48 50 55 56 57 58 60 61 62 63 64 66 67 68 69 70 71 72 73 74 75 76 77 78 79 81 82 85 87 88 89 92 93 94 95 96 98 99 100 101 102 103 104 105 106 107 108 109 110 111 112 113 114 115 116 117 118 119 120 121 122 123 124 125 127 128 129 130 131 132 134 135 136 137 138 139 141 143 144 145 146 147 149 150 152 153 154 155 156 157 158 159 160 161 162 163 164 165 166 167 168 169 171 172 175 176 177 178 179 180 181 182 183 185 190 191 192 193 194 196 197 198 199 200 201 202 203 204 205 206 207 208 209 210 211 212 213 215 216 217 218 219 220 221 222 223 224 225 226 227 228 229 230 231 233 234 235 236 237 238 239 240 241 242 243 244 245 246 247 249 250 252 253 254 255 256 257 258 259 260 261 262 263 264 265 267 268 269 270 271 272 273 274 275 276 277 278 279 281 282 283 284 285 286 287 288 289 290 291 292 293 294 295 296 297 298 300 301 302 303 304 305 306 307 309 310 311 312 313 314 317 318 319 321 322 323 324 326 327 328 330 331 332 333 334 335 336 337 338 340 341 342 343 345 346 347 348 349 350 353 354 355 356 358 359 360 361 362 363 364 366 367 368 369 370 374 375 376 377 378 379 380 381 382 383 384 387 388 389 390 391 0
1 2 3 6 8 9 10 11 12 13 14 15 16 17 18 19 20 23 24 26 28 30 32 33 34 36 37 38 40 41 43 44 45 46 47 50 51 52 53 54 55 56 57 58 59 62 63 64 66 68 69 70 71 72 73 74 75 76 77 78 79 83 84 85 86 87 88 90 92 93 95 96 97 99 102 103 104 105 106 107 108 109 111 112 113 114 115 116 118 119 121 122 123 125 127 128 129 130 133 134 135 136 137 142 143 144 145 146 147 148 149 150 151 152 153 154 155 157 158 159 160 161 163 164 165 167 168 169 170 171 172 173 174 176 177 178 179 180 181 183 184 185 186 189 191 192 193 194 195 196 199 200 202 203 204 205 206 207 208 209 210 211 212 213 214 215 216 218 219 220 221 222 223 224 227 228 229 230 231 232 233 234 235 236 238 239 240 241 242 243 244 245 246 249 250 251 252 253 254 255 256 258 259 260 261 262 263 264 266 267 268 269 270 271 272 273 274 275 276 277 278 279 281 282 283 284 285 287 288 289 290 291 292 294 295 297 298 299 300 301 302 303 304 305 306 307 308 310 311 312 313 314 315 316 317 318 319 320 321 322 323 324 325 326 327 328 329 330 331 332 333 335 336 337 338 339 340 341 342 343 344 345 346 347 348 349 351 352 353 354 355 356 357 359 360 361 362 364 365 366 367 368 369 371 372 373 374 375 376 377 378 379 380 381 382 383 384 385 386 387 389 390 391 0
4 5 6 9 10 11 12 14 17 18 19 21 23 26 27 28 29 30 32 0

48
1 2 3 4 5 6 7 8 9 10 11 12 13 14 15 16 17 18 19 20 21 22 23 24 25 26 27 28 29 30 31 32 33 34 35 36 37 38 39 40 41 42 43 44 45 46 47 48 49 50 52 53 54 55 56 57 58 59 60 61 62 63 64 65 66 67 68 69 71 72 73 74 75 76 77 78 79 80 81 82 83 84 85 86 87 88 89 90 91 92 93 94 95 96 97 98 99 100 101 102 103 104 105 106 107 108 109 110 111 112 113 114 115 116 117 118 119 120 121 122 123 124 125 126 127 128 129 130 131 132 134 135 136 137 138 139 140 141 142 143 144 145 147 148 149 150 151 152 153 154 155 156 158 159 160 161 162 163 164 165 166 167 168 169 170 171 172 173 174 175 176 177 178 179 180 181 182 183 184 185 186 187 188 189 190 191 192 193 194 195 196 199 202 203 211 212 213 214 228 233 234 235 236 237 246 247 248 249 250 251 259 260 261 262 263 264 265 266 272 273 274 275 276 277 283 284 285 286 287 299 300 301 302 303 313 314 315 316 317 327 330 331 335 336 339 341 342 343 344 345 353 354 355 356 357 358 359 367 368 369 370 371 393 394 395 396 397 398 399 400 401 402 403 404 405 406 407 408 409 410 411 412 413 414 415 416 417 418 419 420 421 422 423 424 425 426 427 428 429 430 431 432 433 434 435 436 437 438 439 440 441 442 443 444 445 446 447 448 449 450 451 452 453 454 455 456 457 458 459 460 461 462 463 464 465 466 467 468 469 470 471 472 473 474 475 476 477 478 479 480 481 482 483 485 486 487 488 489 490 491 492 493 494 496 497 498 499 500 501 502 503 504 505 506 507 508 510 511 512 513 514 515 516 517 518 519 520 521 522 524 525 526 527 528 529 530 531 532 533 534 535 536 537 538 539 540 541 542 543 544 545 546 547 548 549 550 551 552 553 554 555 556 557 558 559 560 561 562 563 564 565 566 567 568 569 570 571 572 573 574 575 576 577 578 579 580 581 582 583 584 585 586 587 588 590 591 592 593 594 595 603 604 605 606 609 610 611 612 613 614 615 616 617 618 619 620 621 622 623 624 625 626 627 628 629 631 638 639 640 641 642 643 644 647 648 649 650 651 652 653 654 655 656 657 659 660 661 662 663 664 665 666 667 668 669 673 676 677 678 679 680 684 685 686 687 690 691 692 693 694 695 696 701 705 706 707 708 709 710 712 713 714 715 716 717 719 721 722 723 724 725 726 727 728 729 730 731 732 733 734 735 736 737 738 742 743 744 746 747 748 749 750 751 752 753 754 757 759 760 761 762 767 769 770 771 772 773 774 775 776 777 778 779 780 781 782 783 784 0
1 3 14 15 16 17 18 19 20 21 22 23 24 27 29 30 31 32 33 34 35 36 37 43 44 45 46 47 48 49 50 51 52 53 54 55 56 57 58 59 60 61 63 64 65 66 67 68 69 70 71 72 73 74 75 76 79 80 81 82 83 84 85 86 87 88 90 91 92 93 101 102 103 104 105 106 108 116 117 118 119 120 121 124 125 130 132 133 134 135 136 139 141 143 144 145 146 147 148 149 150 152 153 154 155 158 159 160 161 162 163 164 165 167 169 172 173 174 175 176 178 179 185 197 198 199 200 201 202 203 210 211 212 213 214 215 216 217 218 219 220 221 225 226 227 228 229 230 231 232 233 234 237 238 239 240 243 244 245 246 247 248 249 250 251 252 253 254 256 257 258 259 260 261 262 263 264 265 266 267 268 269 270 271 273 274 275 276 277 280 281 282 284 285 286 287 288 289 290 295 299 300 301 302 303 309 314 315 316 317 318 323 324 325 326 328 329 330 331 332 337 338 339 341 342 343 344 345 346 349 351 353 354 355 356 357 358 359 360 361 365 368 369 370 371 379 386 392 393 394 395 396 397 398 399 400 401 402 403 404 405 407 408 409 410 419 420 425 426 427 428 429 430 432 433 435 442 443 444 445 446 447 448 454 455 456 457 458 459 460 461 462 463 464 465 466 467 468 469 470 471 472 473 474 475 480 481 482 483 484 488 490 494 495 496 497 498 500 504 505 508 509 510 511 512 513 514 518 519 521 522 524 525 526 527 528 529 530 531 534 535 536 537 538 539 540 541 542 546 547 548 549 550 551 552 553 554 555 556 560 563 564 565 566 567 568 574 575 576 577 578 579 580 581 582 583 584 585 586 587 588 589 590 591 592 593 594 595 602 604 605 606 607 608 609 616 618 619 620 621 622 623 624 625 626 627 628 629 630 635 636 637 638 639 640 641 642 644 652 653 654 655 656 657 658 660 661 662 663 664 665 666 667 668 671 672 674 675 676 677 678 679 680 686 690 691 692 693 694 700 704 705 706 707 708 709 714 718 720 723 727 728 732 733 734 735 736 741 742 745 746 747 748 749 750 751 752 755 756 760 761 762 763 764 770 771 773 784 0
1 2 3 4 10 11 12 13 14 16 17 18 19 20 21 23 24 25 28 30 31 32 33 34 35 36 37 38 39 40 41 43 45 46 47 48 50 51 52 53 56 58 59 61 62 63 67 68 69 70 73 74 75 80 81 82 86 87 88 89 99 100 101 102 106 107 108 109 110 111 113 114 115 116 117 118 119 120 121 122 123 124 125 126 127 128 129 130 131 133 134 135 136 138 141 144 145 147 148 149 150 151 152 153 154 155 156 157 158 159 160 161 165 166 167 168 170 171 172 173 175 177 178 179 180 181 182 184 185 186 187 188 189 190 191 192 193 197 199 200 202 203 204 205 206 207 208 209 210 212 213 214 215 216 217 219 220 221 222 224 226 227 228 229 230 231 232 233 234 235 236 237 238 239 240 241 242 243 245 246 247 248 249 251 252 253 254 255 256 257 258 259 260 261 262 263 264 265 266 267 269 270 271 273 276 277 278 279 280 281 282 283 284 285 286 289 290 291 292 293 294 295 296 297 298 299 300 301 302 305 306 307 308 309 310 311 312 313 314 316 318 320 321 322 323 325 326 327 329 330 332 333 334 336 337 338 339 340 341 342 345 346 347 348 349 350 354 355 356 357 359 360 361 362 363 366 367 369 370 371 374 375 376 380 381 382 385 388 389 390 0
1 3 4 5 6 7 10 11 12 14 15 16 17 19 20 21 22 23 25 26 27 29 31 32 33 34 35 36 37 38 39 40 41 42 43 44 45 46 47 49 50 51 52 53 57 58 59 60 61 63 66 68 69 70 71 72 73 77 78 83 84 88 90 92 93 97 98 99 100 101 102 105 106 107 108 109 110 111 112 114 115 116 119 122 123 129 130 131 132 133 134 135 136 137 140 141 143 144 145 146 147 148 150 151 152 153 154 155 156 158 159 161 162 163 164 165 166 167 168 169 170 171 172 173 174 176 177 178 179 180 181 183 184 185 186 187 188 189 190 191 193 194 196 197 198 199 200 201 202 204 205 206 207 210 211 212 215 217 218 219 220 224 225 226 229 230 232 233 235 236 237 238 239 240 241 242 243 246 247 248 249 253 254 255 256 257 258 259 261 262 263 264 265 267 269 270 271 272 275 276 278 279 280 282 283 284 286 287 288 289 290 291 293 294 295 296 297 298 299 300 302 303 304 305 306 307 310 311 312 313 314 315 316 317 318 319 320 321 322 323 324 325 326 327 330 331 332 337 338 339 340 341 343 344 345 347 348 349 351 353 355 356 358 361 362 363 364 365 367 368 369 372 374 375 376 377 378 379 380 381 382 383 384 387 388 389 392 0
1 3 5 8 11 13 14 15 17 18 19 20 27 29 30 31 32 0

49
1 2 3 4 5 6 7 8 9 10 11 12 13 14 15 16 17 18 19 20 21 22 23 24 25 26 27 28 29 30 31 32 33 34 35 36 37 38 39 40 41 42 43 44 45 46 47 48 49 50 51 52 53 54 55 56 57 58 59 60 61 62 63 64 65 66 67 68 69 70 71 72 73 74 75 76 77 78 79 80 81 82 83 84 85 86 87 88 89 90 91 92 93 94 95 96 97 98 99 100 101 102 103 104 105 106 107 108 109 110 111 112 113 114 115 116 117 118 119 121 122 123 124 125 126 127 128 129 130 131 132 133 135 136 137 138 139 140 141 142 143 144 145 146 147 148 149 150 151 152 153 154 155 156 157 158 159 160 161 162 163 164 165 166 167 168 169 170 171 172 173 174 175 176 177 178 179 180 181 182 183 184 185 186 187 188 189 190 191 192 193 194 195 196 203 204 205 206 207 208 209 227 229 230 231 232 236 237 238 243 244 245 246 257 258 259 260 261 271 272 273 274 275 284 285 286 287 288 289 296 297 299 300 301 302 303 316 317 318 330 331 332 341 343 344 345 346 350 355 356 357 358 359 360 369 370 371 372 373 374 375 393 394 395 396 397 398 399 400 401 402 403 404 405 406 407 408 409 410 411 412 413 414 415 416 417 418 419 420 421 422 423 424 425 426 427 428 429 430 431 432 433 434 435 436 437 438 439 440 441 442 443 444 445 446 447 448 449 450 451 452 453 454 455 456 457 458 459 460 461 462 463 464 465 466 467 468 469 470 471 472 473 474 475 476 477 478 479 480 481 482 483 484 485 486 487 488 489 490 491 492 493 494 495 496 497 498 499 500 501 502 503 504 505 506 507 508 509 510 511 512 513 514 515 516 517 518 519 520 521 522 523 524 525 526 528 529 530 531 532 533 534 535 536 537 538 541 542 543 544 545 546 547 548 549 550 551 552 553 554 555 556 557 558 559 560 561 562 563 564 565 566 567 568 569 571 572 573 574 575 576 577 578 579 580 581 582 583 584 585 586 587 588 595 596 597 598 599 603 604 605 606 607 608 609 613 614 615 616 617 618 619 622 623 624 625 626 627 628 629 630 631 635 636 637 638 639 645 650 651 652 653 655 656 657 659 660 661 662 663 664 665 666 667 672 673 674 677 678 679 680 681 685 687 688 689 690 691 692 693 694 695 696 697 698 699 700 701 704 705 706 708 709 710 715 716 717 718 719 720 723 724 725 726 727 728 730 731 732 733 734 735 736 737 738 739 740 741 742 743 744 745 746 748 749 750 751 752 753 754 757 758 759 760 761 763 764 765 770 771 772 773 774 775 776 777 778 779 780 782 783 784 0
14 15 16 17 18 21 22 23 24 25 26 27 29 30 31 32 34 35 37 38 39 40 41 43 44 45 48 49 50 52 53 54 55 57 59 61 62 63 64 65 66 71 72 73 76 77 78 79 85 86 87 91 92 93 97 99 100 101 102 103 105 106 107 108 113 114 115 116 117 120 121 122 123 124 125 126 127 128 129 130 131 134 135 136 138 139 141 142 143 144 147 148 149 150 151 152 153 154 155 156 157 158 159 160 162 163 164 165 166 167 168 169 170 171 172 173 174 176 177 178 179 180 181 183 184 185 186 187 188 191 192 194 195 197 210 211 214 215 216 217 218 219 220 221 222 223 225 226 227 228 229 231 232 236 237 239 240 241 242 244 245 246 247 250 251 253 256 257 258 259 260 261 267 268 269 272 273 274 275 276 281 282 283 284 285 286 287 288 289 290 295 296 297 298 299 300 302 303 304 309 310 311 312 313 317 318 319 321 323 324 325 326 327 328 331 332 333 335 337 338 339 340 341 343 344 345 346 347 348 349 350 351 352 353 354 356 357 358 359 360 361 362 363 365 366 367 368 369 371 372 373 374 375 376 377 379 386 387 388 389 392 393 394 395 396 397 398 399 400 401 402 403 404 405 410 411 412 413 414 415 420 421 422 423 424 425 426 427 428 429 431 432 433 438 439 440 441 442 443 448 449 452 453 454 455 456 457 458 462 463 464 465 466 467 468 469 470 471 473 476 477 478 479 480 481 482 483 484 485 486 487 490 494 495 496 497 499 500 503 504 508 509 510 511 512 514 518 519 520 521 524 525 527 528 530 531 533 534 535 536 538 539 540 541 542 543 546 547 549 550 551 552 553 554 555 558 560 561 562 563 565 566 567 568 569 570 571 574 575 576 577 578 579 581 582 583 584 585 586 587 588 589 595 596 597 598 599 600 602 609 616 618 619 620 621 622 623 628 629 630 635 636 637 638 644 648 649 650 651 652 653 658 662 663 664 665 666 672 673 674 675 676 677 678 679 680 681 686 688 689 692 693 694 695 700 703 704 707 708 709 714 722 723 727 728 730 731 732 734 735 736 737 738 741 742 744 745 746 747 748 749 750 753 755 756 758 759 763 764 765 766 767 768 769 770 771 776 777 778 779 781 784 0
2 3 9 10 11 12 16 17 18 22 24 25 26 27 28 31 32 34 35 36 37 38 39 40 41 42 43 44 45 46 47 48 49 50 53 56 60 66 67 68 72 73 74 75 79 82 85 86 87 88 89 90 92 93 94 96 99 102 103 104 105 107 108 109 110 111 113 114 115 118 120 122 123 124 126 127 128 129 130 131 133 134 135 136 138 141 142 143 144 145 146 149 150 151 153 154 156 157 158 159 160 161 163 164 165 168 169 170 171 172 174 179 180 181 182 184 185 186 187 189 193 194 195 196 197 198 199 201 202 203 205 206 207 208 210 212 213 215 217 219 220 222 223 224 225 226 227 228 229 230 231 232 233 234 235 236 237 238 239 241 242 243 244 245 246 248 249 250 251 255 256 257 258 261 262 263 264 265 267 269 270 271 272 274 275 276 277 278 279 280 281 282 283 284 285 286 288 289 290 291 292 294 295 296 297 298 299 300 301 302 303 304 305 306 307 308 309 311 312 313 315 316 317 319 321 322 323 325 327 328 329 330 331 333 334 336 337 339 341 342 345 346 347 348 349 350 352 353 354 359 360 361 362 365 367 368 369 375 376 377 381 382 383 384 385 389 390 0
1 2 4 7 9 10 12 13 14 15 17 18 20 23 24 25 26 28 30 31 32 33 34 35 36 37 38 40 41 42 43 44 45 46 47 49 50 51 55 56 57 59 61 62 63 65 66 68 69 70 71 73 74 77 79 80 81 82 83 84 87 92 93 94 97 99 103 105 108 109 112 113 114 115 116 117 118 119 120 123 124 125 130 131 132 134 136 137 138 139 140 141 142 143 144 145 147 148 149 150 151 152 154 155 156 157 158 159 160 163 165 166 167 170 172 173 175 176 177 178 180 183 184 185 186 189 190 191 192 194 195 196 198 199 200 203 205 206 207 208 212 213 214 215 217 219 220 221 222 223 224 226 229 230 233 234 239 240 243 244 246 248 252 253 255 256 257 259 260 261 263 264 265 266 267 269 270 271 278 279 281 285 286 287 288 291 293 294 295 297 300 301 303 304 309 310 311 312 316 317 318 319 320 323 324 325 326 327 330 331 332 337 339 340 341 342 343 344 345 346 347 348 349 350 351 353 354 355 356 357 358 359 360 362 364 365 366 367 368 369 373 374 375 377 378 379 380 381 382 384 385 386 388 389 390 392 0
2 3 5 7 10 11 12 13 15 19 20 22 23 25 26 27 30 31 32 0

50
1 2 3 4 5 6 7 8 9 10 11 12 13 14 15 16 17 18 19 20 21 22 23 24 25 26 27 28 29 30 31 32 33 34 35 36 37 38 39 40 41 42 43 44 45 46 48 49 50 51 52 53 54 55 56 57 58 59 60 61 62 63 64 65 66 67 68 69 70 71 72 73 74 75 76 77 78 79 80 81 82 83 84 85 86 87 88 89 90 91 92 93 94 95 96 97 98 99 100 101 102 103 104 105 106 107 108 109 110 111 112 113 114 115 116 117 118 119 120 121 122 123 124 125 126 127 128 129 130 131 132 133 134 135 136 137 138 139 140 141 142 143 144 145 146 147 148 149 150 151 152 153 154 155 156 157 158 159 160 161 162 163 164 165 166 167 168 169 170 171 173 174 176 177 178 179 180 181 182 183 184 185 186 187 188 189 190 191 192 193 194 195 196 201 202 203 204 205 210 229 230 231 232 233 234 235 236 243 244 245 246 247 248 249 250 254 255 257 258 259 260 261 262 263 264 271 272 273 274 275 276 277 285 286 287 288 289 290 291 299 300 301 302 303 304 315 316 317 318 325 326 327 330 331 332 333 338 339 340 341 342 344 345 346 347 350 353 354 355 356 357 358 359 360 367 368 369 370 371 372 373 393 394 395 396 397 398 399 400 401 402 403 404 405 406 407 408 409 410 411 412 413 414 415 416 417 418 419 420 421 422 423 424 425 426 427 428 429 431 432 433 434 435 436 438 439 440 441 442 443 444 445 446 447 448 449 450 452 454 455 456 457 458 459 460 461 462 463 464 465 466 467 468 469 470 471 472 473 474 475 476 477 478 479 480 481 482 483 484 485 486 487 488 489 490 491 492 493 494 495 496 497 498 499 500 501 502 503 504 505 506 507 508 509 510 511 512 513 514 515 516 517 518 519 520 521 522 523 524 525 526 527 528 529 530 531 532 533 534 535 536 537 538 539 540 541 542 544 545 546 547 548 549 550 551 552 553 554 555 556 557 558 559 560 561 562 563 564 565 566 567 568 569 570 571 572 573 574 575 576 577 578 579 580 581 582 583 584 585 586 587 588 592 593 594 602 603 604 610 611 612 616 617 618 619 620 621 622 623 624 625 626 627 629 632 635 636 637 638 639 640 641 642 643 645 646 649 650 651 652 653 654 655 656 657 658 659 663 664 665 666 667 668 669 670 671 672 673 674 675 676 677 678 679 680 681 682 685 686 691 692 693 694 695 696 699 700 701 702 703 704 707 708 709 710 711 712 713 714 715 719 720 722 723 724 725 726 727 728 731 732 733 734 735 736 737 739 740 741 742 743 744 745 746 747 748 749 750 751 752 755 756 757 758 759 760 761 762 763 764 769 770 771 772 773 774 775 776 777 778 779 780 784 0
14 15 16 17 18 19 20 21 22 24 25 26 27 29 32 34 35 36 37 38 41 43 49 50 51 52 53 54 63 64 65 66 67 68 71 75 76 77 78 79 80 81 82 89 90 91 92 93 94 95 97 98 99 100 101 104 105 106 107 108 110 111 112 113 114 115 116 117 119 120 121 122 123 124 125 127 128 131 132 134 135 136 137 138 139 140 141 144 145 146 147 148 149 150 151 152 153 154 155 156 159 160 161 162 163 164 165 167 168 169 170 173 174 175 176 177 181 182 183 184 185 197 210 211 212 214 215 216 217 218 225 226 229 232 233 234 235 239 244 245 246 247 248 249 250 253 258 259 260 261 262 263 264 265 267 271 273 274 275 276 277 278 281 286 287 288 289 290 291 293 294 295 296 300 301 302 303 304 305 309 310 311 312 314 315 316 317 318 319 321 323 324 325 326 330 331 332 333 335 336 337 338 339 341 342 343 344 345 346 347 349 350 351 353 354 355 356 357 358 359 360 361 363 365 366 367 368 369 370 371 372 373 379 386 387 392 393 394 395 396 397 398 399 400 401 402 403 404 405 406 417 418 419 420 421 422 423 425 426 428 429 430 432 433 434 436 437 438 439 440 441 442 443 444 445 446 448 449 450 451 452 453 454 455 456 457 458 459 460 461 462 463 464 467 468 469 470 471 472 473 474 475 477 480 481 482 483 484 485 486 487 490 491 494 495 496 497 498 499 500 502 504 505 506 507 508 510 511 512 513 514 515 516 518 521 522 523 524 525 526 527 528 529 531 532 533 535 536 537 538 539 540 541 542 543 544 546 548 549 550 551 552 553 554 555 556 557 560 561 562 563 566 567 568 569 570 571 574 575 577 578 579 580 581 582 583 584 585 586 587 588 589 593 594 595 596 602 607 616 622 623 624 625 626 630 635 637 638 639 640 641 642 644 645 646 648 649 650 651 652 653 654 655 656 658 662 664 665 666 667 668 669 671 672 677 678 679 680 681 682 683 685 686 691 692 693 694 696 700 702 707 708 709 710 714 717 718 719 723 725 726 727 728 730 732 733 734 735 737 739 741 742 744 745 746 747 748 749 750 751 752 753 755 756 759 760 761 762 763 764 765 766 769 770 771 773 784 0
4 9 10 11 12 13 14 16 17 18 19 20 21 23 24 25 26 27 28 30 31 32 33 34 36 37 38 39 40 41 42 43 45 46 47 48 50 53 54 56 59 60 61 62 63 66 67 68 69 70 73 74 75 76 81 82 83 86 87 88 89 90 92 93 99 100 101 102 105 106 107 108 109 111 112 113 114 115 117 118 123 124 125 126 128 129 130 131 134 135 136 137 138 141 142 143 144 145 146 149 150 151 154 156 157 158 159 160 161 164 165 166 167 170 171 172 173 174 177 178 180 181 183 184 185 186 187 188 189 190 191 192 193 194 197 200 203 204 205 206 207 208 209 210 211 212 213 214 215 216 217 218 219 220 221 222 223 224 225 226 227 228 229 230 231 232 233 234 236 237 238 239 240 241 242 243 244 245 246 247 249 250 251 253 254 256 257 258 259 261 263 264 265 266 268 269 270 271 272 274 275 276 277 278 279 280 281 282 283 284 285 286 289 290 291 292 293 294 295 296 297 298 299 301 302 304 305 306 307 308 309 311 312 313 314 316 318 319 321 322 323 324 326 327 328 330 332 333 335 336 337 338 339 340 341 342 345 346 347 348 349 350 352 353 354 355 356 359 360 361 362 363 364 367 368 369 371 373 375 376 377 380 381 382 383 384 385 386 388 389 390 391 0
1 2 3 4 5 6 8 9 10 11 12 13 14 15 16 17 18 19 20 22 23 24 25 27 28 31 32 33 34 35 36 37 38 39 40 41 42 43 44 45 46 47 49 50 55 56 61 62 63 65 66 67 69 70 71 72 73 74 75 76 77 78 79 80 81 82 84 85 88 89 92 93 94 95 97 98 105 108 109 110 111 116 117 118 119 123 125 126 130 131 132 133 134 136 140 141 142 144 145 147 148 149 150 151 152 154 155 157 158 159 161 162 163 164 165 166 167 168 169 170 172 173 175 177 178 179 180 181 183 184 185 186 188 189 190 191 192 193 194 195 196 199 200 205 206 207 208 209 210 213 214 215 216 219 220 221 222 223 224 225 226 227 228 229 230 231 232 233 236 237 238 239 240 241 242 243 244 246 252 253 255 257 258 259 261 262 263 264 265 270 271 272 273 276 277 279 281 282 283 284 285 287 288 289 290 292 293 294 297 298 299 303 304 305 306 309 310 311 312 313 314 315 316 317 318 319 320 321 322 323 324 325 326 327 328 330 331 332 333 335 336 337 338 339 340 341 342 343 344 345 346 347 348 349 351 355 357 358 359 360 361 362 364 366 367 368 369 373 374 375 376 377 378 379 380 381 382 383 384 385 386 387 388 389 392 0
2 3 5 7 10 11 13 14 15 19 26 27 28 31 0

51
1 2 3 4 5 6 7 8 9 10 11 12 13 14 15 16 17 18 19 20 21 22 23 24 25 26 27 28 29 30 31 32 34 35 36 37 38 39 40 41 42 43 44 45 46 47 48 49 50 51 52 53 54 55 56 57 58 59 60 61 62 63 64 65 66 67 68 69 70 71 72 73 74 75 76 77 78 79 80 81 82 83 84 85 86 87 88 89 90 91 92 93 94 95 96 97 98 99 100 101 102 103 104 105 106 107 108 110 111 112 113 114 115 116 117 118 119 120 121 123 124 125 126 127 128 129 130 131 132 133 134 135 136 137 138 139 140 141 142 143 144 145 147 148 149 150 151 152 153 154 155 156 157 158 159 160 161 162 163 164 165 166 167 168 169 170 171 172 173 174 175 176 177 178 179 180 181 182 183 184 185 186 187 188 189 190 191 192 193 194 195 196 215 217 218 219 222 228 229 231 232 234 236 242 243 244 245 246 247 248 256 257 259 260 261 262 263 264 271 272 273 274 275 276 284 285 286 287 288 289 290 291 296 299 300 301 302 303 304 305 316 317 318 319 327 328 330 331 332 333 337 340 341 342 343 344 345 346 347 352 354 355 356 357 358 359 360 369 370 371 372 373 376 380 393 394 395 396 397 398 399 400 401 402 403 404 405 406 407 408 409 410 411 412 413 414 415 416 417 418 419 420 421 422 423 424 425 426 427 429 430 431 432 433 434 435 436 437 438 439 440 441 442 443 444 445 446 447 448 449 450 451 452 453 454 455 456 457 458 459 460 461 462 463 464 465 466 467 468 469 470 471 472 473 474 475 476 477 478 479 480 481 482 483 484 485 486 487 488 489 490 491 492 493 494 495 496 497 498 499 500 501 502 503 504 505 506 507 508 509 510 511 512 513 514 515 516 517 518 519 520 521 522 523 524 525 526 527 528 529 530 531 532 533 534 535 536 537 538 539 540 541 542 543 544 545 546 547 548 549 550 551 552 553 554 555 557 558 559 560 561 562 563 564 565 566 567 569 570 571 572 573 574 575 576 577 578 579 580 581 582 583 584 585 586 587 588 599 600 603 604 606 607 610 611 612 613 614 615 616 617 618 619 620 621 622 623 624 625 626 627 628 629 630 631 633 635 636 637 638 639 640 641 642 643 644 645 646 647 648 649 650 651 652 653 654 655 656 657 658 659 661 662 663 664 665 666 667 668 669 670 673 674 675 676 677 678 679 680 681 682 683 686 687 688 691 692 693 694 695 696 697 701 702 703 704 706 707 710 711 712 715 716 718 719 722 723 724 725 726 727 729 730 731 732 733 734 735 736 737 738 742 743 744 745 746 747 748 749 750 751 753 754 755 756 757 758 759 760 761 762 763 764 765 766 767 768 769 770 771 772 773 774 775 776 777 778 779 780 781 782 783 784 0
7 8 9 14 15 16 17 18 23 24 25 26 27 29 30 31 36 37 38 39 40 41 43 44 46 47 49 50 51 52 53 54 55 56 57 58 60 61 62 63 64 65 66 67 68 69 70 71 72 73 74 76 77 78 79 80 81 82 83 85 86 87 88 89 90 91 92 93 94 95 96 97 99 100 101 102 103 105 106 107 108 109 113 114 115 116 117 118 119 120 121 122 123 127 128 131 133 134 135 136 137 141 142 145 146 147 148 149 150 151 153 155 156 157 160 161 162 163 164 165 167 169 170 171 172 173 174 175 176 177 180 181 183 184 185 186 187 188 189 193 194 195 196 197 205 210 211 212 213 214 215 218 221 222 223 225 226 227 229 230 231 232 233 234 235 236 237 239 240 241 243 244 245 246 247 248 250 251 253 254 256 257 258 259 260 261 262 263 264 265 267 268 269 270 271 273 274 275 276 277 278 279 281 282 283 284 286 287 288 289 290 291 295 296 297 298 303 304 305 306 309 310 311 312 314 315 316 317 318 319 320 323 324 325 326 329 330 332 333 334 337 338 339 341 342 343 344 345 346 347 351 352 353 355 356 357 358 359 360 361 365 366 367 370 371 372 373 376 377 378 379 380 385 387 392 393 394 395 396 397 398 399 400 401 402 403 404 405 407 408 409 410 411 412 413 414 416 418 419 420 424 425 426 427 428 429 430 431 432 433 434 435 437 438 439 440 441 442 443 444 446 447 448 449 452 453 454 455 456 458 459 460 461 462 463 464 465 466 468 469 470 471 472 473 474 476 477 478 479 481 482 483 484 485 486 487 488 490 491 492 494 495 496 497 498 499 500 501 502 504 505 507 510 511 512 513 514 515 517 518 519 521 522 523 524 525 527 528 529 530 532 533 535 536 537 538 539 540 541 542 543 544 546 547 548 549 551 552 553 554 555 556 560 563 564 565 566 567 568 569 570 571 572 573 575 582 583 584 585 586 587 588 589 598 602 604 605 609 610 612 613 614 616 618 623 624 625 626 627 628 629 630 634 635 636 637 638 639 640 641 642 643 644 649 650 651 652 653 654 656 657 658 660 664 665 666 667 668 670 671 672 675 676 677 678 679 680 681 682 686 688 689 692 693 695 696 700 702 703 707 708 709 710 714 717 719 723 724 725 728 731 732 733 734 735 736 742 744 745 746 747 748 749 750 751 753 756 758 760 763 764 768 769 770 771 772 775 777 783 784 0
3 4 5 6 7 9 10 11 12 13 15 16 17 18 19 20 22 24 25 26 28 30 31 32 33 34 35 37 38 39 41 42 43 44 45 46 47 48 50 52 53 54 56 59 60 61 62 63 65 67 68 69 71 72 74 75 76 78 80 81 83 85 87 88 89 90 92 93 94 95 99 100 102 104 105 106 107 108 109 111 112 113 114 116 117 120 121 122 123 124 125 127 128 129 130 131 132 134 135 136 137 140 141 142 144 145 146 147 149 150 151 152 153 154 156 157 158 159 160 161 164 165 166 167 168 170 171 173 174 175 178 179 180 181 182 185 186 187 188 191 192 193 194 195 196 197 198 199 200 201 203 205 206 207 208 209 210 212 213 214 215 216 217 218 219 220 221 222 223 224 226 227 228 230 231 232 233 234 235 236 237 238 240 242 243 244 245 246 248 249 250 252 253 254 255 256 257 258 259 260 261 262 263 264 265 267 268 269 270 271 272 274 275 276 277 279 281 282 283 284 285 286 287 288 289 290 291 292 293 295 296 297 298 299 300 301 302 304 305 306 307 308 309 312 313 314 315 316 318 319 320 321 323 324 326 327 328 330 332 333 335 336 337 338 339 340 341 342 345 346 347 348 349 350 352 353 354 355 356 360 361 362 363 365 367 368 369 370 371 373 376 377 378 379 380 381 382 383 384 386 387 388 389 390 391 0
1 2 3 5 6 8 9 10 11 13 14 15 16 17 19 21 23 24 25 26 29 30 31 32 33 34 36 37 38 40 41 42 43 44 46 48 50 51 55 56 57 60 61 62 63 64 66 67 68 69 70 71 72 74 77 80 81 84 85 86 88 89 90 91 92 93 94 96 98 103 104 105 107 108 109 110 111 112 114 116 117 120 123 124 126 130 131 132 133 134 136 137 138 141 142 144 145 146 148 150 151 153 155 156 157 158 159 160 161 162 163 164 165 166 167 168 169 170 171 173 174 176 177 179 181 182 183 184 185 186 189 190 191 192 193 194 195 196 197 198 199 201 202 203 207 208 209 210 211 213 214 215 216 217 218 219 220 221 222 223 224 225 226 227 231 233 234 236 237 239 240 241 242 243 245 246 250 251 252 254 255 256 258 261 262 263 265 266 268 269 270 272 273 275 276 277 278 279 280 281 282 283 284 285 287 288 289 290 291 292 294 296 297 298 300 301 302 303 304 305 306 307 308 310 311 312 313 314 315 316 317 318 319 320 321 324 325 326 330 331 332 333 338 339 340 341 342 344 345 348 349 351 353 354 355 356 357 358 359 360 361 362 364 365 367 368 369 370 371 372 374 375 377 378 379 380 381 382 383 384 385 386 387 388 389 392 0
1 2 5 8 10 11 13 14 16 17 18 19 20 22 23 24 25 27 28 32 0

52
1 2 3 4 5 6 7 8 9 10 11 12 13 14 15 16 17 18 19 20 21 22 23 24 25 26 27 28 29 30 31 32 33 34 35 36 37 38 39 40 41 42 43 44 45 46 47 48 49 50 51 52 53 55 56 57 58 59 60 61 62 63 64 65 66 67 68 69 70 71 72 73 74 75 76 77 78 79 80 81 82 83 84 85 86 87 88 89 90 91 92 93 94 95 96 97 98 99 100 101 102 103 105 106 107 108 109 110 111 112 113 114 115 116 117 118 119 120 121 122 123 124 125 126 127 128 129 130 131 132 133 134 135 136 137 138 139 140 141 142 143 144 145 146 147 148 149 150 151 152 153 154 155 156 157 158 159 160 161 162 163 164 165 166 167 168 169 170 171 172 173 174 175 176 177 178 179 180 181 182 183 184 185 186 187 188 189 190 191 192 193 194 195 196 205 206 207 208 222 230 231 232 233 234 235 236 237 242 244 245 246 247 248 249 250 256 257 258 259 260 261 262 263 264 269 270 271 272 273 274 275 276 277 278 281 282 284 285 286 287 288 289 290 291 292 297 298 299 300 303 304 305 306 307 308 309 311 312 313 314 317 318 319 320 322 324 325 326 327 328 329 330 331 332 333 334 338 339 340 341 342 343 344 345 346 347 348 353 354 355 356 357 358 359 360 361 367 368 369 370 371 372 373 374 382 393 394 395 396 397 398 399 400 401 402 403 404 405 406 407 408 409 410 411 412 413 414 415 416 417 418 419 420 421 422 423 424 425 426 427 428 429 430 431 432 433 434 435 436 437 438 439 440 441 442 443 444 445 446 447 448 449 450 451 452 453 454 455 456 457 458 459 460 461 462 463 464 465 466 467 468 469 470 471 473 474 475 476 477 478 479 480 481 482 484 485 486 487 488 489 490 491 492 493 494 495 496 497 498 499 500 501 502 503 504 505 506 507 508 509 510 511 512 513 514 515 516 517 518 519 520 521 522 523 524 525 526 527 529 530 531 532 533 534 535 536 537 538 539 540 541 542 543 544 545 546 547 548 549 550 551 552 553 554 555 556 557 558 559 560 561 562 563 564 565 566 567 568 569 570 571 572 573 574 575 576 577 578 579 580 581 582 583 584 585 586 587 588 589 590 595 596 597 598 599 600 603 604 605 606 607 608 609 610 611 612 613 614 615 616 617 619 622 623 624 625 626 627 628 629 630 631 632 636 637 638 639 640 641 642 645 646 647 648 649 650 651 652 653 654 655 656 657 660 661 662 663 664 665 666 667 668 669 670 671 672 673 674 675 676 677 678 679 680 681 682 683 684 685 689 690 692 695 696 697 698 699 700 701 702 703 704 705 706 707 708 709 710 711 712 714 715 717 718 719 720 721 723 724 725 726 729 730 731 732 733 734 735 736 737 738 739 740 741 745 746 747 748 749 750 751 752 753 755 757 758 759 760 761 762 763 764 765 772 773 774 775 777 778 779 780 781 782 783 784 0
11 14 15 16 18 19 20 21 22 23 24 25 26 27 28 29 30 33 35 36 37 38 39 40 41 42 43 44 47 48 49 50 51 52 53 54 55 56 57 58 60 61 62 63 64 65 66 67 68 71 72 74 75 76 77 78 79 80 81 82 83 85 86 87 88 89 90 91 92 93 94 95 96 97 98 99 100 101 102 103 104 105 107 108 109 110 111 112 113 115 116 117 118 120 121 122 123 124 125 126 127 128 129 130 131 132 133 135 136 137 138 139 141 143 144 145 146 147 148 149 150 151 152 155 156 157 158 159 160 161 162 163 164 165 166 169 170 173 174 175 176 177 178 183 184 185 186 187 188 189 190 191 197 207 208 209 210 211 212 216 217 218 219 220 221 222 223 224 225 226 228 229 230 231 233 234 235 236 237 238 239 240 241 242 243 245 246 247 248 249 250 251 253 254 255 256 258 259 260 261 262 263 264 265 267 268 269 270 271 272 273 274 275 276 277 278 279 280 281 282 283 284 285 286 287 289 290 291 292 293 294 295 296 297 298 299 300 301 302 303 304 305 306 307 308 309 310 311 312 313 314 315 316 317 318 319 320 321 323 324 325 326 327 328 329 330 332 333 334 335 337 338 339 340 341 342 344 345 346 347 348 349 351 352 353 354 355 356 357 358 359 360 361 362 365 366 367 368 369 370 371 372 373 374 379 381 382 383 384 386 387 388 389 392 393 394 395 396 397 398 399 400 401 402 403 404 405 406 407 408 410 411 412 413 414 415 416 417 418 419 420 426 427 428 429 430 431 433 434 435 438 439 440 441 442 443 444 445 446 448 449 450 451 452 453 454 455 456 457 458 459 460 461 462 463 464 465 466 467 468 469 470 471 472 473 474 477 478 479 480 481 482 483 484 485 486 487 488 489 490 493 495 496 498 499 501 502 505 507 508 509 510 511 512 513 514 516 517 518 520 522 523 524 525 526 527 528 529 530 531 532 533 534 535 536 537 538 539 540 541 542 543 545 546 548 549 550 551 552 553 554 555 556 557 560 561 562 563 564 565 566 567 568 569 570 571 572 574 575 577 578 579 580 581 582 583 584 585 586 587 588 589 597 598 599 602 604 608 611 612 613 614 615 616 622 623 624 625 626 627 628 629 630 634 635 636 637 638 639 640 641 642 644 650 651 652 653 654 655 658 660 661 662 664 665 666 667 668 669 670 672 674 677 678 679 680 681 683 684 685 686 689 691 695 696 698 699 700 702 703 704 705 708 709 710 711 713 714 716 717 718 719 720 721 722 723 724 725 727 728 729 730 731 732 733 734 735 738 739 740 741 742 744 745 746 747 748 749 750 751 753 754 756 758 759 760 761 762 763 764 765 766 767 770 771 772 773 774 775 776 777 778 784 0
3 4 6 7 9 10 11 12 13 14 15 16 17 18 19 20 21 22 23 24 25 26 27 28 29 30 31 33 34 35 36 37 38 39 40 42 43 44 45 46 47 48 49 50 54 56 60 61 62 63 64 65 67 68 69 70 72 73 74 75 76 77 78 80 81 83 84 85 86 87 88 89 90 91 92 93 94 99 101 102 103 104 105 106 107 108 109 110 111 112 114 115 116 117 118 119 120 122 123 124 125 126 127 128 129 130 131 132 133 134 136 137 138 139 140 141 142 145 146 147 149 150 151 152 153 154 157 158 159 160 161 162 164 165 166 167 169 170 171 172 174 175 176 177 178 179 180 181 184 185 186 187 188 189 191 192 193 194 195 196 197 198 199 200 201 202 203 206 207 208 209 210 211 212 213 214 215 216 217 218 219 220 221 222 223 224 225 226 227 228 229 230 231 232 233 234 235 236 237 238 239 240 241 242 243 244 245 246 247 249 250 251 252 253 254 255 256 257 258 259 260 261 262 263 264 265 266 267 269 270 271 272 273 274 275 276 277 278 281 282 283 284 285 286 287 289 290 291 292 293 294 295 296 297 298 299 300 301 302 303 304 305 306 307 308 309 310 312 313 314 315 316 317 318 319 320 321 322 324 325 326 327 328 330 331 332 333 334 335 336 337 338 339 340 341 342 343 345 346 347 348 349 350 353 354 355 356 357 358 359 360 361 362 363 364 366 368 369 370 371 372 373 374 376 377 378 380 381 382 383 385 386 387 388 389 390 0
1 2 3 4 5 6 7 8 9 10 11 12 13 14 16 17 18 19 20 25 26 27 29 30 31 32 34 35 37 38 39 40 42 43 44 45 46 47 48 50 51 52 54 56 57 61 63 66 67 68 69 70 71 72 73 74 75 76 78 79 80 81 82 84 85 86 88 89 90 91 94 95 97 98 99 102 103 104 105 106 107 108 109 110 111 112 113 114 115 116 117 118 119 120 121 122 123 124 125 126 127 128 129 130 131 132 133 134 136 137 138 140 141 142 143 144 145 146 147 148 149 150 151 152 153 154 155 157 158 159 160 161 162 163 164 165 166 167 168 169 170 171 172 173 174 175 176 177 178 179 182 183 184 185 186 188 189 190 191 192 193 194 196 199 200 201 202 203 204 205 206 207 208 209 210 211 212 213 214 215 216 217 219 221 222 223 224 225 226 227 228 229 232 233 234 235 237 238 239 240 241 242 243 244 245 246 247 248 249 250 251 252 253 254 256 257 258 259 260 261 262 263 264 265 266 267 268 269 270 271 272 273 274 275 276 277 278 279 280 281 283 284 285 287 288 289 290 291 292 293 294 295 296 297 298 299 301 302 303 304 305 306 309 310 311 312 314 316 317 319 321 324 325 326 327 329 330 331 332 334 337 338 339 340 341 342 344 345 346 347 348 349 350 351 352 353 356 358 359 360 361 362 363 364 366 367 368 371 372 373 374 375 376 377 378 379 381 382 383 384 385 386 388 389 390 391 392 0
2 3 4 5 6 9 11 12 14 15 16 17 19 20 21 22 24 27 29 30 31 0

53
1 2 3 4 5 6 7 8 9 10 11 12 13 14 15 16 17 18 19 20 21 22 23 24 25 26 27 28 29 30 31 32 33 34 35 36 37 38 39 40 41 42 43 44 45 46 47 48 49 50 51 52 53 54 55 56 57 58 59 60 61 62 63 64 65 66 67 68 69 70 71 72 73 74 75 76 77 78 79 80 81 82 83 84 85 86 87 89 90 91 92 93 94 95 96 97 98 99 100 101 102 103 104 105 106 107 108 109 110 111 112 113 114 115 116 117 118 119 120 121 122 123 124 125 126 127 128 129 130 131 132 133 134 135 136 137 138 139 140 141 142 143 144 145 146 147 148 149 150 151 152 153 154 155 156 157 158 159 160 161 162 163 164 165 166 167 168 169 170 171 172 173 174 175 176 177 178 179 180 181 182 183 184 185 186 187 189 190 191 192 193 194 195 196 200 201 202 203 204 210 228 240 241 242 243 244 245 246 247 248 255 256 257 258 259 260 261 262 263 264 269 270 271 272 273 274 275 276 277 278 283 284 285 286 287 289 290 291 292 298 299 300 301 302 303 304 305 306 307 314 316 317 318 319 321 329 330 331 332 333 336 343 344 345 346 347 348 356 357 358 359 360 363 364 370 371 372 373 374 384 385 386 387 388 389 393 394 395 396 397 398 399 400 401 402 403 404 405 406 407 408 409 410 411 412 413 414 415 416 417 418 419 420 421 422 423 424 425 426 427 428 429 430 431 432 433 434 435 436 437 438 439 440 441 442 444 446 447 448 449 450 451 452 453 454 455 456 457 458 459 460 461 462 463 464 465 466 467 468 469 470 471 472 473 474 475 476 477 478 480 481 482 483 484 485 486 487 488 489 490 491 492 493 494 495 496 497 498 499 500 501 502 503 504 505 506 507 508 509 510 511 512 513 514 515 516 517 518 519 520 521 522 523 524 525 526 527 528 529 530 531 532 533 534 535 536 537 538 539 540 541 542 543 544 545 546 547 548 549 550 551 552 553 554 555 557 558 559 560 561 562 563 564 565 566 567 568 569 571 572 573 574 575 576 577 578 579 580 581 582 583 584 585 586 587 588 602 603 604 605 606 617 618 619 620 625 626 627 631 632 633 634 635 636 637 638 639 640 647 648 649 650 651 652 653 654 655 656 658 659 661 662 663 664 665 666 667 668 669 670 672 673 675 676 677 678 681 682 683 684 685 686 687 688 689 690 691 692 694 695 696 697 698 699 701 702 703 706 707 708 709 712 713 714 715 721 722 723 724 725 726 727 728 729 731 732 733 734 735 736 737 738 739 740 741 742 743 747 748 749 750 751 752 753 754 755 757 762 763 764 765 766 767 768 769 770 771 772 773 774 775 776 777 778 780 781 782 783 784 0
14 15 16 17 18 19 20 21 22 23 29 30 31 32 43 44 46 47 48 49 50 51 54 57 59 60 61 62 63 64 65 66 67 69 71 73 74 75 76 77 78 79 80 81 82 83 85 86 87 88 89 90 91 93 94 95 96 97 99 100 101 104 105 106 107 108 109 110 112 113 115 116 117 118 120 121 122 123 124 125 126 127 130 131 133 134 135 136 137 138 139 140 143 145 147 148 149 150 152 153 154 155 158 159 160 161 162 163 164 165 166 167 168 169 174 175 176 177 178 179 180 181 182 188 189 190 191 192 193 194 195 197 210 211 214 215 225 226 227 228 229 239 240 241 242 244 245 246 247 248 253 254 255 256 257 258 259 260 261 262 263 264 267 269 270 271 272 273 274 275 276 277 278 279 281 284 285 286 287 288 289 290 291 292 293 295 298 300 302 304 305 306 307 308 309 310 312 313 314 315 316 317 318 319 320 321 322 323 328 329 331 332 333 334 335 336 337 341 342 344 345 346 347 348 349 350 351 355 356 358 359 360 361 362 363 364 365 370 371 372 373 374 375 376 377 378 379 383 384 385 386 387 388 389 390 392 393 394 395 396 397 398 399 400 401 402 403 404 405 407 408 420 423 424 425 426 430 431 432 434 435 436 437 438 439 440 441 442 443 444 447 448 450 451 452 453 454 455 456 457 458 459 460 462 463 464 465 466 467 468 469 471 472 473 474 475 476 479 480 481 482 483 484 485 486 487 488 489 490 491 492 493 494 495 496 499 500 501 502 504 505 506 507 510 511 512 513 514 515 517 518 519 525 526 527 528 529 530 532 537 539 540 541 542 544 545 546 547 551 554 557 558 559 560 565 566 567 568 569 570 571 574 575 576 577 578 579 580 584 585 586 589 593 594 595 602 604 616 619 630 632 633 634 635 636 637 638 639 644 647 648 649 650 651 652 653 654 655 658 660 661 662 663 664 665 666 667 668 669 670 672 674 675 676 677 678 679 680 681 682 683 684 686 690 691 692 693 695 696 697 698 699 700 702 705 706 707 708 710 711 712 713 714 720 721 722 723 724 725 727 728 735 736 737 738 739 740 741 742 746 747 749 750 751 753 754 755 756 762 763 764 765 767 768 769 770 771 775 776 777 778 779 780 782 783 784 0
8 9 10 11 12 13 15 16 17 18 23 24 25 26 27 28 32 33 34 35 38 39 40 41 42 43 44 45 46 47 48 49 50 56 59 60 61 64 65 66 67 68 69 70 72 75 76 77 82 83 88 89 90 91 95 96 97 98 99 100 101 102 103 104 105 109 110 111 112 113 114 115 116 117 121 122 123 124 125 128 129 130 131 132 133 134 135 136 137 138 139 142 143 144 145 146 149 150 151 152 153 154 156 157 158 159 161 162 163 164 165 166 167 168 170 171 172 173 174 175 177 178 180 181 182 186 187 188 189 191 192 193 194 195 196 197 198 199 200 201 202 203 204 205 206 207 208 209 210 211 212 213 215 216 217 218 219 220 221 222 223 224 226 228 230 231 234 235 236 237 238 241 243 244 245 246 247 248 249 250 251 253 254 255 256 257 258 260 261 262 263 264 265 266 267 268 269 270 271 272 273 275 277 278 279 280 282 283 284 285 286 287 290 291 292 293 295 296 297 298 299 300 301 302 303 304 305 306 307 309 310 311 312 313 314 315 317 318 319 321 322 323 325 326 327 328 329 330 331 332 333 334 335 336 337 338 339 340 341 342 345 346 347 348 349 350 352 354 358 359 360 361 362 363 364 367 369 370 371 374 375 376 377 378 381 382 383 384 388 389 390 391 392 0
1 2 3 4 8 9 10 12 13 14 15 16 17 18 19 21 24 27 28 29 31 32 34 35 36 37 38 39 40 41 42 43 44 45 46 47 48 51 55 56 67 68 70 71 72 73 74 75 76 77 78 79 80 81 82 83 84 87 90 91 92 93 94 95 97 98 99 108 109 110 111 113 114 116 118 119 122 123 124 125 126 129 130 131 132 134 135 136 137 138 139 140 141 143 144 145 146 147 148 149 150 151 155 156 157 158 159 160 161 162 163 164 165 167 168 169 170 171 172 173 174 175 177 178 181 182 183 184 185 186 187 188 189 190 191 192 193 194 195 196 198 199 204 205 206 207 208 209 210 212 214 215 216 217 218 221 222 223 224 225 226 227 228 230 231 233 234 236 237 238 240 241 243 244 245 246 247 252 255 256 257 260 261 262 263 264 265 267 268 269 270 271 272 273 274 275 277 278 279 280 281 282 283 284 285 286 287 288 289 290 291 292 293 294 295 296 297 298 299 302 303 304 305 306 309 310 311 312 313 314 316 317 318 319 320 321 323 325 328 329 333 334 335 336 341 342 343 344 345 346 347 348 349 351 352 353 354 359 360 361 362 365 366 367 368 369 371 373 374 375 376 377 378 379 381 382 383 384 385 386 387 388 389 390 391 392 0
2 3 13 14 18 19 21 24 28 29 32 0

54
1 2 3 4 5 6 7 8 9 10 11 12 13 14 15 16 17 18 19 20 21 22 23 24 25 26 27 28 29 30 31 32 33 34 35 36 37 38 39 40 41 42 43 44 45 46 47 48 49 50 51 52 53 54 55 56 57 58 59 60 61 62 65 66 67 68 69 70 71 72 73 74 75 76 77 78 79 80 81 82 83 84 85 86 87 88 89 90 91 92 93 94 95 96 97 98 99 100 101 102 103 104 105 106 107 108 109 110 111 112 113 114 115 116 117 118 119 120 121 122 123 124 125 126 127 128 129 130 131 132 133 134 135 136 137 138 139 140 141 142 143 144 145 146 147 148 149 150 151 152 153 154 155 156 157 158 160 161 162 163 164 165 166 167 168 169 170 171 172 173 174 175 176 177 178 179 180 181 182 183 184 185 186 189 190 191 192 193 194 195 196 202 203 204 205 206 207 208 212 225 237 242 245 246 247 248 250 251 253 254 257 258 259 260 261 262 263 264 266 268 269 270 271 272 273 274 275 276 278 279 281 283 285 286 287 288 289 290 291 292 293 299 300 301 302 303 304 305 306 310 312 313 314 315 316 317 318 319 320 321 329 330 335 341 342 343 344 356 357 358 368 369 370 371 374 375 382 383 384 393 394 395 396 397 398 399 400 401 402 403 404 405 406 407 408 409 410 411 412 413 414 415 416 417 418 419 420 421 422 423 424 425 426 427 428 429 430 431 432 433 434 435 436 437 438 439 440 441 442 443 444 445 446 447 448 449 450 451 452 453 454 455 456 457 458 459 460 461 462 463 464 465 466 467 468 469 470 471 472 473 474 475 476 477 478 479 480 481 482 483 484 485 486 487 488 489 490 491 492 493 494 495 496 497 498 499 500 501 502 503 504 505 506 507 508 509 510 511 512 513 514 515 516 517 518 519 520 521 522 523 524 525 526 527 528 529 530 531 532 533 534 535 536 537 538 539 541 542 543 544 545 546 547 548 549 550 551 552 553 554 555 556 557 558 559 560 561 562 563 564 565 566 567 568 569 570 571 572 573 574 575 576 577 578 579 580 581 582 583 584 585 586 587 588 589 594 595 603 604 605 606 612 613 614 615 616 617 618 619 620 621 622 623 624 625 626 627 628 629 630 631 632 633 634 635 636 637 638 639 640 643 644 645 646 647 648 649 650 651 652 653 654 655 656 657 658 659 660 661 662 663 664 665 666 667 668 669 671 674 675 676 677 678 679 680 681 682 683 684 685 686 687 688 689 690 691 692 693 694 695 696 697 698 699 700 701 702 703 704 705 706 707 708 709 710 711 713 714 715 716 717 718 720 721 722 723 728 729 732 734 740 741 742 743 747 749 750 751 752 753 754 757 760 761 762 763 764 765 766 767 768 770 771 772 773 774 775 778 779 780 781 782 783 784 0
1 14 15 16 17 18 19 20 21 22 23 24 25 26 27 29 30 31 32 33 34 35 36 38 39 40 41 42 43 44 45 46 47 48 49 50 52 53 54 55 56 57 58 59 60 61 63 64 65 66 67 69 70 71 72 73 74 75 76 77 78 79 80 81 85 86 87 88 89 90 91 92 93 94 95 98 99 100 101 102 103 104 105 106 107 108 109 110 113 114 115 116 117 118 119 120 121 122 123 124 125 126 127 128 129 130 131 132 133 134 135 139 140 141 142 143 144 145 146 147 148 149 150 151 153 155 159 160 161 162 164 173 174 175 177 178 179 180 181 186 187 188 189 190 191 192 193 194 195 197 210 211 212 213 214 215 216 217 222 223 225 226 227 228 229 230 231 232 233 235 236 237 238 239 240 241 242 243 244 245 246 248 249 250 251 252 253 254 255 256 257 258 259 260 261 262 263 266 267 268 269 270 271 272 273 274 275 276 277 280 281 282 283 284 285 286 287 288 289 290 291 292 295 296 297 298 299 300 301 302 303 304 305 306 307 309 310 311 312 313 314 315 316 317 318 319 320 321 323 324 325 326 327 328 329 330 331 332 333 337 338 340 341 343 344 345 351 354 356 357 358 360 361 362 363 365 370 371 372 373 374 375 376 377 379 382 383 384 385 386 388 392 393 394 395 396 397 398 399 400 401 402 403 404 405 407 408 409 410 420 425 426 427 428 429 430 432 433 434 435 436 437 438 439 440 441 442 443 444 446 447 448 449 450 451 452 453 454 455 456 457 458 459 460 461 462 463 464 465 466 467 468 469 470 471 472 473 474 475 476 479 480 481 482 485 486 487 488 489 490 493 494 495 496 497 498 499 500 501 502 504 505 506 507 508 509 510 511 512 513 514 515 516 517 518 523 524 525 526 527 528 529 532 533 536 537 538 539 541 546 551 552 553 556 557 560 561 564 565 566 567 568 569 570 571 572 574 575 576 577 578 581 582 583 584 585 586 587 588 589 596 597 598 599 602 603 604 605 616 617 618 619 620 621 622 626 627 628 629 630 632 633 634 635 636 637 638 639 640 641 642 643 644 645 646 647 648 649 650 651 652 653 655 656 657 658 659 660 661 662 663 664 665 666 667 669 670 671 672 673 674 675 676 677 679 680 681 682 683 684 686 688 689 690 691 692 693 694 695 696 697 699 700 702 703 704 705 707 708 709 710 711 712 713 714 716 717 718 719 720 722 723 724 725 728 732 733 735 737 742 747 755 756 760 761 762 764 765 766 767 768 769 770 771 774 775 776 777 779 780 784 0
1 2 3 6 7 8 9 11 12 13 15 16 17 18 19 20 21 22 23 24 25 26 28 31 33 34 35 37 38 39 40 41 42 43 44 46 47 48 50 56 57 58 59 61 64 65 66 67 68 69 70 71 72 73 74 75 76 77 79 80 81 82 84 88 94 95 96 97 99 100 101 102 103 104 105 106 107 108 109 111 113 114 115 116 117 118 119 120 121 122 123 124 127 128 129 130 134 135 136 137 138 139 140 141 142 143 144 145 147 149 150 151 153 154 155 156 158 159 160 161 162 163 164 165 166 167 168 169 170 171 172 173 174 175 177 179 180 181 182 184 185 186 189 192 193 194 195 196 197 198 199 200 201 202 203 204 205 207 208 209 210 211 212 213 214 215 217 218 219 220 221 222 223 224 225 226 227 228 229 230 231 233 236 237 238 240 241 242 243 244 245 246 247 248 249 250 251 252 253 254 255 256 257 258 259 260 261 262 263 264 266 267 269 270 271 272 273 274 275 276 277 278 279 280 281 283 284 286 287 290 291 292 293 294 295 296 297 298 299 300 301 302 303 304 305 306 307 308 309 310 311 312 315 316 317 318 319 320 321 323 324 325 326 327 328 329 330 331 332 333 334 336 337 339 340 342 345 346 347 348 349 350 351 356 357 358 360 361 362 364 365 366 367 368 369 370 373 375 376 377 380 381 383 388 389 390 0
1 2 3 4 9 13 14 15 16 18 20 21 22 23 24 25 26 27 28 30 31 32 33 35 36 37 38 44 45 46 50 51 53 55 56 57 58 61 63 64 65 66 67 68 69 70 72 73 74 75 76 77 78 79 80 81 82 83 84 87 88 89 92 93 94 95 96 97 98 99 104 105 109 114 115 116 117 118 119 121 122 123 124 127 129 130 131 134 135 136 137 138 142 143 145 146 147 148 150 151 152 153 155 158 159 161 162 163 164 165 166 167 168 171 172 173 174 175 177 178 179 181 182 183 184 185 186 187 192 193 194 195 196 197 198 199 204 205 206 207 208 209 212 213 214 215 216 219 220 221 222 224 225 227 229 231 232 234 236 237 238 239 240 241 242 243 244 246 249 252 253 254 256 257 261 263 265 266 269 270 271 272 276 277 281 282 283 284 285 287 288 289 290 291 292 293 294 295 296 297 300 301 302 303 309 311 312 313 314 316 317 318 319 320 321 323 324 326 327 328 329 332 334 335 336 341 343 344 345 346 347 348 349 350 351 352 353 354 356 357 358 359 360 361 362 363 364 365 366 368 370 371 372 373 374 376 377 379 380 381 382 383 384 386 387 389 390 0
2 4 8 9 10 11 12 13 14 16 18 22 24 29 30 31 0

55
1 2 3 4 5 6 7 8 9 10 11 12 13 14 15 16 17 18 19 20 21 22 23 24 25 26 27 28 29 30 31 32 33 34 35 36 37 38 39 40 41 42 43 44 45 46 47 48 49 50 51 52 53 54 55 56 57 58 59 60 61 62 63 64 65 66 67 68 70 71 72 74 75 76 77 78 79 80 81 82 83 84 85 86 88 89 90 91 92 93 94 95 96 97 98 99 100 101 102 103 104 105 106 107 108 109 110 111 112 113 114 115 116 117 118 119 120 121 122 123 124 125 126 127 128 129 130 131 132 134 135 136 137 138 139 140 141 142 143 144 145 146 147 148 149 150 151 152 153 154 155 156 157 158 159 160 161 162 163 164 165 166 167 168 169 170 171 172 173 175 176 177 178 179 180 181 182 183 184 185 186 187 188 189 190 191 192 193 194 195 196 205 206 207 208 210 242 243 244 245 246 248 249 250 251 255 256 257 258 259 260 261 263 264 265 269 270 271 272 273 274 275 276 277 278 279 283 284 285 286 287 288 289 290 291 292 296 298 299 300 301 302 303 304 305 306 313 314 315 316 317 318 329 330 331 332 336 342 343 344 345 349 356 357 358 359 362 363 364 365 370 371 372 384 385 386 387 393 394 395 396 397 398 399 400 401 402 403 404 405 406 407 408 409 410 411 412 413 414 415 416 417 418 419 420 421 422 423 424 425 426 427 428 429 430 431 432 433 434 435 436 437 438 439 440 441 442 443 444 445 446 448 449 450 451 452 453 454 455 456 457 458 459 460 462 463 464 465 467 468 469 470 471 472 473 474 475 476 477 478 479 480 482 483 484 485 486 487 488 489 490 491 492 493 495 496 497 498 499 500 501 502 503 504 505 506 507 508 509 510 511 512 513 514 515 516 517 518 519 520 521 522 523 524 525 526 527 528 529 530 531 532 533 534 535 536 537 538 539 540 541 542 543 544 545 546 547 548 549 550 551 552 553 554 555 556 557 558 559 560 561 562 563 564 565 566 568 570 571 572 573 574 575 576 577 578 579 580 581 582 583 584 585 586 587 588 595 596 597 598 599 603 607 608 617 618 619 621 623 626 627 628 629 630 632 633 634 635 636 637 638 641 642 643 645 646 647 648 649 650 651 652 653 654 655 656 658 661 662 663 664 665 666 667 668 671 672 673 674 675 677 678 679 680 681 682 683 684 685 686 687 688 689 690 691 692 693 694 695 696 697 698 699 700 703 704 705 706 707 708 709 710 712 713 714 715 721 722 723 724 725 726 727 728 729 730 731 732 733 735 736 737 739 740 741 742 743 744 745 746 747 748 749 750 752 753 754 755 756 757 758 759 760 761 762 763 764 765 766 767 768 769 771 772 773 774 775 776 777 778 779 783 784 0
14 15 19 20 21 23 24 25 26 27 29 30 31 32 36 37 38 39 41 43 44 45 47 48 49 50 51 53 54 57 58 60 61 63 64 65 66 67 68 69 71 72 73 74 75 76 77 78 79 80 81 82 83 84 85 86 88 89 90 91 92 93 94 95 96 99 100 104 105 106 107 108 109 110 111 112 113 114 115 116 118 119 120 121 122 123 124 125 126 127 128 129 130 131 133 134 135 136 138 139 140 141 142 143 144 146 147 148 149 150 151 152 153 154 155 156 157 158 160 161 162 163 165 166 167 168 169 170 171 172 173 175 176 177 178 179 180 181 182 183 184 185 186 187 189 190 191 193 194 195 197 210 211 216 217 218 221 222 225 227 228 229 230 234 235 239 240 241 242 243 244 245 246 248 250 251 253 254 255 257 258 259 260 263 264 265 266 267 268 270 271 272 273 274 275 276 277 278 279 281 284 285 286 287 288 289 290 291 292 295 296 297 298 299 300 301 302 303 304 305 306 307 308 309 310 311 312 313 314 315 317 318 319 320 321 322 323 324 325 326 327 328 329 330 331 332 334 335 336 337 338 339 340 341 342 344 345 346 347 348 349 350 351 352 353 354 355 357 358 359 360 361 362 363 364 365 366 367 368 369 371 372 373 375 376 377 378 379 382 383 384 385 386 387 388 392 393 394 395 396 397 398 399 400 401 402 403 404 405 406 412 420 421 423 424 426 427 429 430 431 432 433 434 435 436 437 438 440 441 442 443 444 445 446 447 448 449 450 452 453 454 455 456 457 458 459 460 461 462 464 465 466 467 468 469 470 471 472 473 474 475 476 477 478 479 480 481 482 483 484 485 486 487 488 489 490 491 492 493 494 495 496 497 498 499 500 501 502 503 504 507 508 509 510 511 512 513 514 518 523 524 525 526 527 528 529 530 531 532 533 534 535 538 539 540 541 544 546 547 548 549 550 551 552 553 554 556 560 564 565 566 567 568 569 570 574 575 576 577 578 580 581 583 584 585 589 597 598 599 600 602 608 616 626 630 632 633 634 635 636 637 638 641 642 643 644 646 648 649 650 651 652 654 658 661 662 663 664 666 667 669 670 671 672 674 675 676 677 678 679 681 686 688 690 691 692 693 694 695 696 697 699 700 702 703 704 705 706 707 708 709 711 712 713 714 718 720 721 722 723 724 725 726 727 728 736 738 739 740 741 742 744 745 748 749 750 752 754 755 756 757 758 759 760 762 763 764 765 767 768 769 770 771 772 773 774 775 776 777 778 779 780 781 784 0
8 9 10 11 12 13 14 15 16 17 18 19 20 21 22 23 24 26 27 28 31 32 33 34 35 36 38 39 40 41 42 43 44 45 46 47 48 49 50 56 59 60 63 65 66 67 68 69 70 71 72 73 74 75 76 77 79 80 81 83 84 85 86 88 89 91 92 93 94 95 96 97 98 99 100 101 102 103 104 105 109 110 112 113 114 115 116 118 119 120 121 124 125 126 127 128 129 130 131 132 133 134 135 136 137 138 139 141 142 143 144 145 146 149 150 154 156 157 158 159 160 161 162 163 164 165 166 168 170 171 172 173 174 175 177 179 180 181 182 186 187 188 189 191 193 194 196 197 198 200 202 203 205 206 207 208 209 211 212 213 214 215 216 217 218 219 220 221 222 223 224 225 226 227 229 230 231 234 235 236 237 238 239 241 243 244 245 247 248 249 250 251 254 255 256 257 258 259 260 262 263 264 265 266 268 269 270 271 272 273 274 276 277 278 280 281 283 284 288 289 290 291 293 294 295 296 297 298 299 300 301 302 303 304 305 307 308 309 310 311 312 313 314 316 317 318 319 320 321 322 324 325 326 327 329 330 331 332 333 334 335 337 338 339 340 341 342 345 346 347 348 349 350 352 353 354 357 358 359 360 361 362 363 364 365 366 367 368 369 370 371 374 375 376 377 379 381 382 383 384 385 386 387 389 390 392 0
1 2 3 5 6 7 8 9 10 11 14 15 16 17 18 19 20 21 22 23 24 25 27 28 29 31 32 34 36 37 40 41 46 48 49 50 51 54 55 56 64 65 68 70 71 72 74 75 76 77 78 79 80 81 82 84 88 89 92 93 94 95 97 98 99 106 108 109 110 111 112 113 114 115 118 119 120 122 123 124 125 129 130 131 132 133 135 136 137 138 140 143 144 145 146 147 148 149 150 152 153 155 156 157 158 160 162 163 164 166 167 168 169 170 171 173 176 177 179 180 181 182 183 184 185 187 189 190 191 193 194 195 196 198 199 203 204 205 206 207 209 211 212 213 214 215 216 217 218 219 221 222 223 225 227 228 229 230 231 235 237 239 240 241 242 243 244 245 246 247 252 253 258 259 260 261 262 263 264 265 266 267 268 270 271 272 277 278 281 282 284 285 286 287 288 289 290 291 292 293 294 295 296 297 301 303 304 309 310 311 312 316 317 318 319 320 323 324 325 326 327 328 330 331 333 334 336 337 339 340 342 343 344 345 346 347 348 349 351 352 357 358 360 361 364 365 366 367 368 369 370 371 372 373 374 377 378 380 381 382 383 384 385 386 387 388 389 390 391 0
2 3 4 7 8 9 12 13 16 18 21 22 23 24 25 30 31 0

56
1 2 3 4 5 6 7 8 9 10 11 12 13 14 15 16 17 18 19 20 21 22 23 24 25 26 27 28 29 30 31 32 33 34 35 36 37 38 39 40 41 42 43 44 45 46 47 48 50 51 52 53 54 55 56 57 58 59 60 61 62 63 64 65 66 67 68 69 70 71 72 73 74 75 76 78 79 80 81 82 83 84 85 86 87 88 89 90 91 92 93 94 95 96 97 98 99 100 101 102 103 104 105 106 107 108 109 110 111 112 113 114 115 116 117 118 119 120 121 122 123 124 125 126 127 128 129 130 131 132 133 134 135 136 137 138 139 140 141 142 143 144 145 146 147 148 149 150 151 152 153 154 155 156 157 158 159 160 161 162 163 164 165 166 167 168 169 170 171 172 173 174 175 176 177 178 179 180 181 182 183 184 185 186 187 188 189 190 191 192 193 194 195 196 197 198 209 210 221 223 225 226 231 232 233 234 235 236 237 238 243 244 245 246 247 248 250 251 257 258 259 260 261 262 263 264 265 269 270 271 272 273 274 275 276 277 278 282 285 286 287 288 289 290 291 295 299 300 301 302 303 304 305 309 310 311 313 314 315 316 317 318 321 322 324 325 326 327 328 329 330 331 337 338 339 340 341 342 343 344 345 354 355 356 357 358 359 367 368 369 370 371 372 373 374 375 382 383 384 385 386 393 394 395 396 397 398 399 400 401 402 403 404 405 406 407 408 409 410 411 412 413 414 415 416 417 418 419 420 421 422 423 424 425 426 427 428 429 430 431 432 434 435 436 437 438 439 440 441 443 444 446 447 448 449 450 451 452 453 454 455 456 457 458 459 460 461 462 463 464 465 466 467 468 469 470 471 472 473 474 475 476 477 478 479 480 482 483 484 485 486 487 488 489 490 491 492 493 494 495 497 498 499 500 501 502 503 504 505 506 507 508 509 510 511 512 513 514 515 516 517 518 519 520 521 522 523 524 525 526 527 528 529 530 531 532 533 534 535 536 537 538 539 540 541 542 543 544 545 546 547 548 549 550 551 552 553 554 555 556 557 558 559 560 561 562 563 564 565 566 567 568 569 570 571 572 573 574 575 576 577 578 579 580 581 582 583 584 585 586 587 588 589 593 594 599 600 601 602 603 604 609 610 611 612 613 614 615 616 617 618 619 620 622 623 624 625 626 627 628 629 630 634 635 636 637 638 639 640 641 642 643 644 645 646 647 648 649 650 652 653 654 655 656 659 660 661 662 663 664 665 666 667 668 670 671 672 673 674 677 678 679 680 681 682 684 685 686 687 688 689 690 691 692 693 694 696 697 698 699 700 701 702 703 704 705 706 707 708 709 710 711 712 713 714 715 716 717 718 719 720 721 723 724 725 726 729 730 732 733 734 735 736 737 738 739 740 744 745 746 747 748 749 750 752 753 754 755 756 757 758 759 760 761 762 763 764 766 767 768 769 770 774 775 776 777 778 779 780 781 782 783 784 0
1 11 12 14 15 16 17 18 19 20 21 22 23 24 25 26 27 28 29 30 31 32 33 34 35 39 40 41 42 43 44 45 46 47 48 49 50 51 52 53 54 55 56 57 58 59 60 61 62 63 64 65 66 67 68 69 70 71 72 73 74 75 76 77 78 79 80 81 82 83 84 85 86 87 88 90 91 92 93 94 95 96 97 98 99 100 101 102 103 104 105 106 107 108 109 110 111 112 113 114 115 116 117 118 119 120 121 122 124 125 126 127 128 129 130 131 132 133 134 135 136 137 138 139 141 142 143 144 145 146 147 148 149 150 151 152 153 155 156 157 158 159 160 161 162 163 164 165 166 167 169 170 172 173 174 175 176 177 179 180 181 183 184 185 187 188 189 190 191 192 193 194 195 196 197 208 209 210 211 212 213 214 215 216 217 218 219 220 221 222 223 224 225 226 227 228 229 230 231 232 235 237 238 239 240 241 242 243 244 245 246 247 248 249 250 251 252 253 254 255 256 257 258 259 260 261 262 263 264 265 266 267 268 269 270 272 273 274 275 276 277 278 279 281 282 283 284 285 286 287 288 289 290 291 292 293 294 295 296 297 298 299 301 302 303 304 305 307 308 309 310 311 312 313 314 315 316 317 318 320 321 322 323 324 325 326 327 328 329 330 331 332 333 334 335 337 338 339 340 341 342 343 344 345 346 347 348 351 352 353 354 355 356 357 358 359 360 361 362 363 365 366 367 368 369 370 371 372 373 375 376 377 378 379 381 382 383 384 385 386 387 388 392 393 394 395 396 397 398 399 400 401 402 403 404 405 406 411 412 413 414 418 419 420 421 422 423 426 427 428 429 430 432 433 438 439 440 441 442 443 444 445 446 447 448 449 450 451 452 453 454 455 456 457 458 459 460 461 462 463 464 466 467 468 469 470 471 472 473 474 475 476 477 480 481 482 483 484 485 486 487 488 489 490 491 492 493 494 495 496 497 498 499 500 501 502 503 504 505 506 507 508 509 510 511 513 514 515 518 519 520 521 522 523 524 525 526 528 532 533 535 536 537 538 539 542 543 546 549 550 551 552 553 554 555 556 557 559 560 561 562 563 564 565 566 567 568 569 570 571 572 573 574 575 576 577 578 579 580 581 582 583 584 585 586 587 588 589 599 600 601 602 607 608 609 612 613 614 615 616 617 618 619 621 623 624 625 626 628 629 630 633 634 635 637 638 639 641 642 643 644 646 648 649 650 651 652 653 654 655 656 657 658 660 661 662 663 664 665 666 667 668 671 672 673 674 675 676 677 678 679 680 681 682 683 684 685 686 687 688 689 691 692 693 694 695 696 699 700 701 702 703 704 705 706 707 708 709 712 713 714 715 716 717 718 719 721 722 723 726 728 729 730 731 732 733 734 735 737 738 742 744 746 747 748 750 751 752 753 756 758 759 760 761 762 763 764 765 766 767 768 769 770 771 773 774 775 776 777 779 784 0
2 3 4 5 6 7 8 10 11 12 13 14 15 16 17 18 19 20 21 22 23 24 25 27 28 29 30 31 32 33 34 36 37 38 39 40 41 43 44 45 46 47 48 50 56 57 58 60 61 62 63 64 66 67 68 69 70 71 72 73 74 75 76 77 78 79 80 81 82 83 85 87 88 89 93 94 95 96 98 99 100 101 103 104 105 106 107 108 109 110 111 112 113 114 115 116 117 118 119 120 121 122 123 124 125 126 127 129 130 131 132 133 134 135 136 137 138 139 141 142 144 145 146 147 149 150 151 152 154 157 158 159 160 161 163 164 165 166 167 168 169 170 171 172 173 174 175 176 177 178 179 180 182 183 184 186 187 190 191 192 193 194 195 196 197 198 199 200 201 202 203 205 206 207 208 209 210 211 212 213 214 215 216 217 218 219 220 221 222 223 225 226 227 229 230 231 232 233 234 235 236 237 238 239 240 241 242 243 244 245 246 247 248 250 251 252 253 254 255 256 257 258 259 260 261 262 263 264 266 267 268 269 270 271 272 273 274 276 277 279 281 282 283 284 285 286 287 288 289 290 291 292 293 294 295 296 297 298 299 300 301 302 303 304 306 307 308 309 310 311 312 313 314 315 316 317 318 319 321 322 323 324 325 326 327 328 329 330 332 333 334 336 337 338 339 340 341 345 346 347 348 349 350 353 354 355 356 357 358 359 360 361 362 363 364 365 366 367 368 369 370 371 372 373 374 375 376 377 378 379 380 381 382 383 384 388 389 391 0
1 2 3 5 6 7 10 11 12 13 14 15 16 17 18 19 20 23 24 25 26 27 28 30 31 32 34 36 37 38 39 40 41 43 45 46 47 50 52 54 56 57 59 62 63 65 66 67 68 69 70 71 72 73 74 79 80 81 82 83 84 85 86 87 92 93 94 95 97 98 99 103 104 105 109 111 112 113 114 115 116 117 118 119 121 122 123 124 125 127 128 129 130 131 132 134 135 136 137 138 139 141 142 143 144 145 147 148 149 150 151 152 153 154 155 157 158 159 160 161 162 164 165 167 168 169 170 171 172 173 174 175 176 177 178 179 180 184 190 191 192 193 194 196 197 199 200 201 202 203 204 205 206 207 209 211 212 214 215 216 217 219 220 221 222 225 226 227 228 229 230 231 232 233 234 235 236 237 239 240 243 246 250 252 253 256 257 258 261 262 263 264 265 266 267 268 270 271 276 277 278 280 282 283 284 285 286 287 289 290 291 293 294 295 296 297 298 299 300 301 302 303 304 305 306 307 310 311 312 313 314 315 317 318 319 322 323 324 325 326 327 329 330 331 332 333 335 336 337 338 339 340 341 342 343 344 345 346 347 348 349 350 351 352 354 355 356 357 358 359 360 361 362 363 364 365 366 367 368 369 370 371 372 373 374 375 376 377 378 379 381 382 383 384 385 386 387 388 391 0
2 3 4 5 8 9 11 12 13 14 15 16 22 23 25 26 27 30 31 32 0

57
1 2 3 4 5 6 7 8 9 10 11 12 13 14 15 16 17 18 19 20 21 22 23 24 25 26 27 28 29 30 31 32 33 34 35 36 37 38 39 40 41 42 43 44 45 46 48 49 50 51 52 53 54 55 56 57 58 59 60 61 62 63 64 65 66 67 68 69 70 71 72 73 74 75 76 77 78 79 80 81 82 83 84 85 86 87 88 89 90 91 92 93 94 95 96 97 98 99 100 101 102 103 104 105 106 107 108 109 110 112 113 114 116 117 118 119 120 121 122 123 124 125 126 127 128 129 130 131 132 133 134 135 136 137 138 139 140 141 142 143 144 145 146 147 148 149 150 151 152 153 154 155 156 157 158 160 161 162 163 164 165 166 167 168 169 170 171 172 173 174 176 177 178 179 180 181 182 183 184 185 186 187 188 189 190 191 192 193 194 195 196 204 205 206 207 208 221 222 223 224 229 230 231 232 233 234 235 242 243 244 245 246 247 248 249 256 257 258 259 260 261 262 263 269 270 271 272 273 274 275 276 277 278 279 281 284 285 286 287 288 289 290 291 292 293 294 297 298 299 300 301 304 305 306 307 311 312 313 314 318 319 320 321 325 326 327 328 329 333 334 335 339 340 341 342 343 344 345 346 347 348 349 350 351 352 354 355 356 357 358 359 360 361 362 366 368 370 371 372 373 374 375 379 380 393 394 395 396 397 398 399 400 401 402 403 404 405 406 407 408 409 410 411 412 413 414 415 416 417 418 419 420 421 422 423 424 425 426 427 429 430 431 432 433 434 435 436 437 438 439 440 441 442 443 444 445 447 448 449 450 451 452 453 454 455 456 457 458 459 460 461 462 463 464 465 466 467 468 469 470 471 472 473 474 475 476 477 478 479 480 481 482 483 484 485 486 487 488 489 490 491 492 493 495 496 497 498 499 500 501 502 503 504 505 506 507 508 509 510 511 512 513 514 515 516 517 518 519 520 521 523 524 525 526 527 528 529 530 531 532 533 534 535 536 537 538 539 541 542 543 544 545 546 547 548 549 550 551 552 553 554 555 556 557 558 559 560 561 562 563 564 565 566 567 568 569 570 571 572 573 574 575 576 577 578 579 580 581 582 583 584 585 586 587 588 594 595 596 597 598 599 600 602 603 605 606 607 608 611 612 613 614 615 616 617 618 619 620 622 623 624 625 626 631 632 635 636 637 638 639 640 641 643 644 645 648 649 650 651 652 653 654 655 656 659 660 661 662 663 664 665 666 667 668 669 670 671 672 673 674 675 676 677 678 679 680 681 682 683 684 685 687 688 689 690 691 692 696 697 698 699 700 701 702 703 704 705 706 707 710 711 712 713 714 715 717 718 719 720 721 724 725 726 727 728 729 730 731 732 733 734 735 736 737 738 739 740 741 742 743 744 745 746 747 748 749 750 751 752 753 757 758 759 760 761 762 763 764 765 766 771 772 773 774 775 776 777 778 779 780 781 782 783 784 0
13 14 15 17 18 19 20 21 22 23 24 25 26 27 28 29 32 34 35 36 39 40 41 42 43 47 48 49 50 51 52 53 55 57 58 60 61 62 63 64 65 66 67 68 69 71 72 74 75 76 77 78 79 80 81 82 83 84 85 86 87 88 89 90 91 92 93 94 95 96 97 98 99 100 102 103 104 105 107 108 109 110 111 113 115 116 117 118 121 122 123 124 125 126 127 128 130 131 132 134 136 137 138 139 140 141 142 144 145 146 147 148 149 150 151 152 153 154 155 156 157 158 159 160 161 162 163 164 165 166 167 169 170 171 172 173 174 175 176 177 178 179 180 183 184 185 186 187 188 191 192 193 195 197 207 208 209 210 211 215 216 217 218 219 220 221 222 223 224 225 228 229 230 231 232 233 234 237 239 240 241 242 243 244 245 246 247 248 249 250 253 254 255 256 257 258 259 260 261 262 263 264 267 268 269 270 271 272 273 274 275 276 277 278 279 281 282 283 285 286 287 288 289 290 291 292 293 294 295 296 297 298 299 300 301 303 304 305 306 307 308 309 310 311 312 313 314 315 318 319 320 321 322 323 326 327 328 329 331 332 333 334 335 336 337 338 339 340 341 342 343 344 346 347 348 349 350 351 352 353 354 355 356 357 358 359 360 361 362 363 365 366 367 368 369 370 371 372 373 374 375 376 379 380 381 384 385 386 388 389 390 392 393 394 395 396 397 398 399 400 401 402 403 404 405 406 410 411 412 415 416 417 418 419 420 424 425 426 427 428 429 430 432 433 434 435 438 439 440 441 442 443 444 445 448 449 452 453 454 455 456 457 458 459 460 461 462 463 464 465 466 467 468 469 470 471 472 473 474 475 476 477 478 479 480 481 482 483 484 485 486 487 488 489 492 493 495 496 497 500 501 502 503 504 506 507 508 509 510 511 512 514 515 516 517 518 520 521 522 523 524 525 526 529 530 531 532 533 534 535 536 537 538 539 540 542 543 544 547 548 549 550 551 552 553 554 555 556 557 558 560 561 562 563 564 565 566 567 568 569 571 572 574 575 576 577 578 580 581 582 583 584 586 587 588 589 596 597 598 599 600 601 602 607 610 612 613 614 615 616 622 623 624 625 626 630 634 635 636 637 638 639 640 641 644 650 652 653 654 655 658 662 664 665 666 667 668 669 670 672 674 676 677 678 679 680 682 683 684 686 687 689 690 691 694 695 696 697 698 700 702 703 704 705 706 711 712 714 716 717 718 719 720 724 726 728 731 732 733 734 735 736 737 739 740 741 742 743 744 745 746 747 748 749 750 751 752 753 755 756 757 758 759 760 761 763 764 765 766 767 768 770 771 772 773 775 776 778 782 784 0
2 3 6 7 9 10 11 12 13 14 15 16 17 18 19 20 22 23 24 25 26 27 28 29 30 31 32 33 34 35 36 37 38 39 40 41 42 43 44 46 47 48 49 50 53 56 60 61 62 67 68 69 70 73 74 75 76 77 79 80 81 83 84 85 86 87 88 89 90 91 92 93 94 95 96 97 99 101 102 103 104 105 107 108 109 110 114 115 116 117 119 120 121 122 123 124 125 126 127 128 129 130 131 132 133 134 135 136 137 139 140 141 142 143 144 145 146 147 149 150 152 153 154 157 158 159 160 161 162 163 164 165 166 167 168 170 171 172 173 174 175 176 177 178 179 180 181 182 183 184 185 186 187 188 189 190 191 192 193 194 195 196 197 198 200 202 203 206 207 208 209 210 212 213 214 215 216 217 218 219 221 222 223 224 225 226 227 228 229 230 231 232 233 234 236 237 238 239 240 241 242 243 244 246 247 249 250 251 254 255 256 257 258 261 262 263 264 265 266 267 268 269 270 271 272 273 274 275 276 277 278 279 280 282 283 284 285 286 287 288 289 290 291 292 293 295 296 297 298 299 300 301 302 303 304 306 307 308 309 310 311 312 313 314 315 316 317 318 319 321 322 324 325 326 328 329 330 331 332 333 334 335 336 337 338 339 340 341 342 343 345 346 347 348 349 350 352 353 354 355 356 357 359 360 362 363 364 365 366 368 369 370 371 373 375 376 377 378 379 380 381 382 383 384 385 386 387 388 389 390 391 0
1 2 3 4 5 7 9 10 11 14 16 17 18 19 20 21 23 25 26 27 28 29 30 31 32 33 34 35 36 37 38 39 40 41 42 43 44 45 46 47 48 50 51 54 55 56 57 59 61 62 63 66 67 68 70 71 72 74 75 76 78 79 80 82 83 84 85 86 87 88 89 90 91 92 93 94 95 96 98 99 103 104 105 106 107 108 109 110 111 113 114 115 116 117 119 120 121 122 123 124 125 126 127 128 129 130 131 132 133 134 135 136 137 138 140 141 142 143 144 145 146 147 148 149 150 151 154 155 157 158 159 160 161 162 163 164 165 167 168 169 170 171 172 173 174 175 176 177 178 179 180 181 182 183 184 185 186 188 189 190 191 192 193 194 195 196 198 199 200 204 205 206 207 208 209 211 212 213 215 216 217 218 220 221 223 224 225 226 227 228 229 230 231 232 233 236 237 238 239 240 241 242 243 244 245 246 247 248 252 253 254 256 257 258 259 260 261 262 263 264 265 266 267 268 269 271 272 273 274 275 276 277 278 280 281 282 283 284 285 286 287 288 289 290 291 292 293 294 295 296 297 298 299 300 301 302 303 304 305 306 307 309 310 311 312 313 314 318 319 320 321 322 323 324 325 326 327 328 329 330 331 332 333 335 336 337 338 339 340 341 342 344 345 346 347 348 349 350 351 352 353 354 358 359 360 362 364 365 366 367 368 371 373 374 375 376 377 378 381 382 384 385 386 387 389 390 391 392 0
2 3 4 5 6 8 9 11 16 17 18 19 20 21 22 25 27 28 29 31 0

58
1 2 3 4 5 6 7 8 9 10 11 12 13 14 15 16 17 18 19 20 21 22 23 24 25 26 27 28 29 30 31 32 33 34 35 36 37 38 39 40 41 42 43 44 45 46 47 48 49 50 51 52 53 54 55 56 57 58 59 60 61 62 63 64 65 66 67 68 69 70 71 72 73 74 75 76 77 78 79 80 81 82 83 84 85 86 87 88 89 90 91 93 94 95 96 97 98 99 100 101 102 103 104 105 106 107 108 109 110 111 112 113 114 115 116 117 118 119 120 121 122 123 124 125 126 127 128 129 130 131 132 133 134 135 136 137 138 139 140 141 142 143 144 145 146 147 148 150 151 152 153 154 155 156 157 158 159 160 161 162 163 164 165 166 167 168 169 170 171 172 173 174 175 176 177 178 179 180 181 182 183 184 185 186 187 188 189 190 191 192 193 194 195 196 204 205 206 207 208 209 236 238 240 246 247 248 249 255 257 258 259 260 261 262 263 269 271 272 273 274 275 276 277 284 285 286 287 288 289 290 291 299 300 301 302 303 304 313 314 315 316 317 318 328 329 330 331 332 333 335 336 343 344 345 356 357 358 361 369 370 371 372 375 383 384 385 389 393 394 395 396 397 398 399 400 401 402 403 404 405 406 407 408 409 410 411 412 413 414 415 416 417 418 419 420 421 422 423 424 425 426 427 428 429 430 431 432 433 434 435 436 437 438 439 440 441 442 443 444 445 446 447 448 449 450 451 452 453 454 456 457 458 459 460 461 462 463 464 465 466 467 468 469 470 471 472 473 474 475 476 477 478 479 480 481 482 483 484 485 486 487 488 489 490 491 492 493 494 495 496 497 498 499 500 501 502 503 504 505 506 507 508 509 510 511 512 513 514 515 516 517 518 519 520 521 522 523 524 525 526 527 528 529 530 531 532 533 534 535 536 537 538 539 540 542 543 544 545 546 547 548 549 550 551 552 553 554 555 556 557 558 559 560 561 562 563 564 565 566 567 568 569 570 571 572 573 574 575 576 577 578 579 580 582 583 584 585 586 587 588 596 597 598 599 600 603 604 615 616 617 618 619 625 626 627 628 629 630 631 632 633 634 635 638 639 640 641 646 647 648 649 650 651 652 653 654 655 659 660 661 662 663 664 665 666 667 668 669 673 675 676 677 678 679 680 681 682 683 684 685 686 687 688 689 690 691 692 693 694 695 696 697 698 699 700 701 702 704 705 706 707 708 709 711 712 713 714 715 716 717 718 721 723 724 725 726 727 728 729 734 735 738 739 740 741 742 743 747 748 749 750 751 752 753 754 755 756 757 761 762 763 764 765 766 767 768 769 771 772 773 775 776 777 778 779 780 781 783 784 0
14 15 21 22 23 24 25 26 27 28 29 30 31 38 39 40 41 43 44 45 49 50 51 52 54 55 56 57 58 59 60 62 63 64 65 66 67 69 71 72 73 74 77 78 79 80 81 82 83 85 86 87 89 90 91 92 93 94 95 99 100 101 103 104 105 106 107 108 109 110 111 113 114 115 116 119 120 121 122 123 124 125 126 127 129 130 131 132 133 134 135 136 138 139 141 146 147 148 149 151 152 153 154 159 160 161 162 163 165 166 167 169 174 175 176 177 178 179 180 181 188 189 190 191 192 193 194 195 197 210 211 220 221 222 223 225 226 231 232 237 239 240 241 242 243 246 247 248 249 250 251 253 254 255 256 257 258 259 260 261 262 263 264 267 268 269 270 271 272 273 274 275 276 277 278 281 282 284 285 286 287 288 289 290 291 295 296 299 300 301 302 303 304 305 307 309 310 314 315 316 317 318 319 320 321 323 324 327 328 330 331 332 334 335 336 337 341 343 344 345 346 347 348 349 350 351 356 357 358 359 361 362 363 365 370 371 372 373 374 375 376 377 379 382 383 384 385 386 390 392 393 394 395 396 397 398 399 400 401 402 403 404 405 407 420 431 433 435 436 440 441 442 443 444 445 448 451 452 453 454 455 456 457 458 459 460 461 463 466 467 468 469 470 471 473 474 476 477 480 481 482 483 484 485 486 487 490 491 492 494 495 496 497 498 499 502 503 504 505 509 510 511 513 514 515 518 519 522 523 524 525 526 527 528 529 530 531 532 537 538 539 540 546 547 551 552 553 554 555 556 557 558 560 564 565 566 567 568 569 572 574 575 576 577 578 579 580 581 582 583 584 585 586 588 589 596 597 598 599 600 602 611 612 613 616 629 630 632 638 639 640 641 644 646 647 648 650 652 653 654 657 658 660 664 665 666 667 668 669 672 674 675 676 677 678 679 680 681 682 686 688 689 690 691 692 693 694 695 696 698 700 704 705 706 707 708 709 710 711 714 720 722 723 724 725 726 727 728 734 738 739 740 741 742 751 753 754 755 756 760 761 763 764 765 766 767 768 769 770 771 774 775 776 777 778 780 781 782 784 0
8 9 10 11 12 13 14 16 17 18 19 21 23 24 25 26 27 28 31 32 33 34 35 37 38 39 40 41 43 44 46 47 48 49 50 56 60 61 67 68 69 73 74 75 76 80 81 82 89 90 91 94 95 97 98 99 101 102 103 104 105 108 109 111 113 114 115 116 118 119 120 121 122 123 124 125 126 128 129 130 131 132 134 135 137 138 139 142 144 145 147 149 150 151 152 154 157 158 159 160 161 162 163 164 165 166 168 170 171 172 173 174 175 178 179 180 182 184 186 187 188 189 192 193 194 195 196 197 198 201 202 203 206 207 208 209 210 213 214 215 216 217 218 219 220 221 222 223 224 225 226 227 228 229 230 231 233 234 235 236 237 238 240 242 243 244 245 247 248 250 251 255 256 257 258 260 261 264 265 267 268 269 270 271 272 273 274 276 277 278 282 283 284 287 289 293 295 296 297 298 299 300 301 302 304 305 307 309 310 311 312 313 316 317 318 319 320 321 322 323 325 327 328 329 330 331 332 333 334 335 336 337 340 341 342 345 346 347 348 349 350 354 355 356 357 359 360 362 363 364 366 367 368 369 370 373 374 375 376 377 380 381 382 383 384 388 389 390 0
1 2 3 5 7 8 10 11 13 14 15 17 18 20 21 22 23 24 25 26 27 30 31 32 33 38 39 40 41 42 44 45 46 49 50 52 53 55 56 58 63 64 65 69 70 72 73 74 75 76 77 78 79 80 81 83 84 87 88 89 92 93 94 95 96 97 98 99 104 105 106 107 109 110 113 114 115 116 117 118 123 124 125 129 130 132 133 135 136 137 138 140 142 143 145 146 147 148 149 150 151 152 155 158 159 160 161 162 163 164 165 166 167 168 170 171 172 173 174 175 176 177 178 179 180 181 182 184 185 186 189 192 193 194 195 196 205 206 209 211 212 214 215 216 217 218 219 220 222 223 224 226 228 229 230 231 232 235 237 242 243 245 246 252 253 258 260 264 265 266 267 269 271 273 277 278 283 284 285 286 287 288 289 290 291 292 293 294 295 297 298 299 300 301 302 304 305 310 311 312 313 314 316 317 318 319 324 325 326 327 328 331 333 341 342 343 344 345 346 347 348 349 350 351 352 353 356 357 358 359 360 361 362 364 365 366 367 368 370 371 372 373 374 375 376 377 378 381 382 383 384 386 389 390 391 392 0
2 7 8 9 11 12 13 16 22 25 30 31 0

59
1 2 3 4 5 6 7 8 9 10 11 12 13 14 15 16 17 18 19 20 21 22 23 24 25 26 27 28 29 30 31 32 33 34 35 36 38 39 40 41 42 43 44 45 47 48 49 50 51 52 54 55 56 57 58 59 60 61 62 63 64 65 66 68 69 70 71 72 73 74 75 76 77 78 79 80 82 83 84 85 86 87 88 89 90 91 92 93 94 95 96 97 98 99 100 101 102 103 104 105 106 107 108 109 110 111 112 113 114 115 116 117 118 119 120 121 122 123 124 125 126 127 128 129 130 131 132 133 134 135 136 138 139 140 141 142 143 144 145 146 147 148 149 150 152 153 154 155 156 157 158 159 160 161 162 163 164 165 166 167 168 169 170 171 172 173 174 175 176 177 178 179 180 181 182 183 184 185 186 187 188 189 190 191 192 193 194 195 196 199 200 201 202 203 204 205 227 228 229 230 231 232 233 234 235 241 242 244 246 247 248 249 253 255 256 257 258 260 261 262 263 269 270 271 272 273 274 275 276 277 280 282 283 284 285 286 287 288 289 290 291 293 294 297 298 299 300 301 302 303 304 311 312 313 314 315 316 317 318 320 330 331 332 333 334 344 345 346 347 350 357 358 359 360 361 371 372 373 374 375 376 393 394 395 396 397 398 399 400 401 402 403 404 405 406 407 408 409 410 411 412 413 414 415 416 417 418 419 420 421 422 423 424 425 426 427 428 429 430 431 432 433 434 435 436 437 438 439 440 441 442 444 445 446 447 448 449 450 451 452 453 454 455 456 457 458 459 460 461 462 463 464 465 466 467 468 469 470 471 472 473 474 475 476 477 478 479 480 481 482 483 484 485 486 487 488 489 490 491 492 493 494 495 496 497 498 499 500 501 502 503 504 505 506 507 508 509 510 511 512 513 514 515 516 517 518 519 520 521 522 523 524 525 526 527 528 529 530 531 532 533 534 535 536 537 538 539 540 541 542 543 544 545 546 547 548 549 550 551 552 553 554 555 556 557 558 559 560 561 562 563 564 565 566 567 568 569 570 571 572 573 574 575 576 577 578 579 580 581 582 583 584 585 586 587 588 589 590 591 592 593 594 595 602 610 611 612 613 614 615 616 617 618 619 620 621 622 623 624 625 626 627 628 629 630 631 632 634 635 636 638 639 640 641 644 645 646 647 648 649 650 651 652 653 654 655 656 657 658 659 660 661 662 663 664 665 666 667 668 669 671 672 674 675 676 677 678 679 680 681 682 683 684 685 686 687 689 690 691 692 693 694 695 696 697 698 699 701 703 704 705 706 707 708 709 710 711 712 713 714 715 722 723 724 725 726 727 728 729 732 736 737 738 739 740 741 742 743 744 745 746 747 750 751 752 753 754 757 761 762 763 764 765 766 769 770 771 772 773 774 775 776 777 778 779 780 781 784 0
1 14 15 16 17 18 19 20 21 22 25 26 27 29 30 31 32 34 35 37 38 39 40 41 42 43 44 45 46 47 49 50 51 52 53 55 56 57 58 59 60 61 62 64 65 66 67 69 70 71 72 73 74 75 76 77 78 79 80 81 83 84 85 86 87 88 89 90 91 92 93 94 95 97 98 99 101 102 103 104 105 106 107 108 109 110 111 112 113 116 117 118 119 120 121 122 123 124 125 126 128 129 130 133 134 135 136 137 138 139 140 147 148 149 150 151 153 154 163 164 165 167 168 169 170 177 178 179 181 186 189 191 192 194 195 197 210 211 212 213 214 215 216 217 218 219 222 223 225 226 227 228 231 232 234 235 237 239 240 241 242 243 244 245 246 247 248 249 250 253 254 255 257 258 260 261 262 263 264 267 268 269 270 271 272 273 274 275 276 277 278 279 280 281 282 283 284 285 286 287 288 289 290 291 292 293 294 295 297 298 299 300 301 302 303 304 305 306 307 309 312 313 314 315 316 317 318 319 320 321 322 323 326 327 328 329 330 331 332 333 334 335 336 337 343 345 346 347 348 349 350 351 358 359 360 361 362 363 365 372 373 374 375 377 379 386 387 388 389 392 393 394 395 396 397 398 399 400 401 402 403 404 405 415 416 419 420 421 422 423 424 425 426 427 428 429 430 431 432 433 438 439 440 441 442 443 444 445 446 448 449 450 451 452 453 454 455 456 457 458 459 462 463 464 465 466 467 469 470 471 472 473 474 475 476 479 480 481 482 483 484 485 486 487 488 490 492 493 494 495 496 497 498 499 501 504 505 507 508 509 510 512 513 514 515 516 517 518 521 522 523 524 525 526 528 529 530 531 532 533 537 539 540 541 542 543 546 547 552 553 554 555 556 557 558 560 561 562 563 564 567 568 569 570 571 572 574 575 576 577 578 579 580 581 582 583 584 585 586 587 588 589 590 591 592 593 594 595 596 602 604 605 606 612 616 618 619 621 622 623 624 625 626 628 629 630 632 633 634 635 636 638 640 643 644 646 647 648 649 650 652 653 654 655 658 660 661 662 663 664 665 666 667 668 671 672 674 675 676 677 678 679 680 681 682 683 684 685 686 688 689 690 691 692 693 694 696 700 703 704 705 706 707 708 709 710 712 713 714 718 719 720 721 722 723 724 726 727 728 735 736 737 741 742 749 750 752 753 754 755 756 763 764 765 766 767 769 770 771 777 779 780 781 784 0
1 2 3 6 7 9 10 11 12 13 14 15 16 17 18 19 20 22 23 24 25 26 27 28 30 31 32 34 35 39 40 41 43 44 45 47 48 49 50 54 57 58 59 61 62 64 65 66 67 69 71 72 73 74 75 76 79 80 81 82 83 89 90 99 100 101 102 105 106 107 109 110 112 113 114 116 117 120 121 122 124 125 126 127 128 129 130 131 132 133 135 136 137 138 139 140 142 143 144 145 146 147 149 150 151 154 156 157 158 159 160 161 162 163 164 165 166 167 168 169 170 171 172 173 174 175 177 178 179 180 181 182 185 186 187 188 189 193 194 195 197 198 199 201 202 203 205 206 207 208 209 210 212 213 216 217 218 219 220 221 222 223 224 225 226 227 228 229 230 231 234 235 236 237 238 241 242 243 244 245 246 248 250 251 252 253 254 255 257 258 260 261 262 263 264 265 266 267 268 269 270 271 272 273 275 276 277 278 279 280 282 283 284 285 286 289 291 292 293 295 296 297 298 299 301 302 303 304 306 307 308 309 310 311 312 313 314 317 318 319 320 321 322 324 325 326 327 328 330 333 334 337 338 340 341 342 343 345 346 347 348 349 350 352 354 355 356 357 358 359 360 361 362 363 364 366 367 368 370 374 375 376 377 378 381 382 383 384 385 390 0
1 2 5 6 7 8 9 11 12 13 14 15 16 18 19 20 21 23 24 25 26 27 28 29 31 32 33 34 35 39 41 42 45 46 47 48 49 51 52 56 57 58 59 60 63 65 66 67 68 69 70 71 72 73 74 75 76 77 78 79 80 82 83 84 85 86 87 88 89 90 91 92 93 94 99 102 103 105 106 107 108 109 110 111 112 114 115 116 117 118 120 121 122 123 125 126 130 131 132 133 137 138 139 140 141 142 144 145 146 147 148 149 150 151 152 154 155 156 157 158 159 160 161 162 163 164 165 167 170 171 172 173 174 175 176 177 178 179 180 181 182 184 185 186 187 189 190 192 193 196 197 201 203 205 206 207 208 209 211 212 213 214 215 216 217 218 219 220 222 223 224 225 227 229 230 231 232 235 236 237 239 240 241 242 243 244 246 247 248 249 250 251 252 254 255 256 257 258 259 260 261 262 264 265 266 267 268 269 270 272 274 277 278 279 281 283 286 287 288 289 290 291 292 293 294 295 296 297 301 302 309 310 311 313 314 316 317 318 319 321 322 323 324 325 326 327 328 329 330 331 332 333 335 336 337 343 344 345 346 347 348 349 351 353 355 358 359 360 362 363 364 365 366 368 369 370 371 373 374 375 377 378 382 383 384 385 387 389 391 392 0
3 6 8 9 10 11 12 13 14 15 19 22 24 27 29 30 0

60
1 2 3 4 5 6 7 8 9 10 11 12 13 14 15 16 17 18 19 20 21 22 23 24 25 26 27 28 29 30 31 32 33 34 35 36 37 38 39 40 41 42 43 44 45 46 47 48 49 50 51 52 53 54 55 56 57 58 59 60 61 62 63 64 65 66 67 68 69 70 71 72 73 74 75 76 77 78 79 80 81 82 83 84 85 86 87 88 89 90 91 92 93 94 95 96 97 98 99 100 101 102 103 104 105 106 107 108 109 110 111 112 113 114 115 116 117 118 119 120 121 122 123 124 125 126 127 128 129 130 132 133 134 135 136 137 138 139 140 141 142 143 144 145 146 147 148 149 150 151 152 153 154 155 156 157 158 159 160 161 162 163 164 165 166 167 168 169 170 171 172 173 174 175 176 177 178 179 180 181 182 183 184 185 186 187 188 189 190 191 192 193 194 195 196 200 203 204 207 208 209 210 215 216 219 220 221 223 224 233 234 235 236 238 246 247 248 249 251 260 261 262 263 267 273 274 275 276 277 281 284 286 287 288 289 290 291 292 293 294 295 296 297 300 301 302 303 313 314 315 316 317 318 322 323 327 328 329 330 336 341 342 343 344 354 355 356 357 358 369 370 371 375 382 393 394 395 396 397 398 399 400 401 402 403 404 405 406 407 408 409 410 411 412 413 414 415 416 417 418 419 420 421 422 423 424 425 426 427 428 429 430 431 432 433 434 435 436 437 438 439 440 441 442 443 444 445 446 447 448 449 450 451 452 453 454 455 456 457 458 459 460 461 462 463 464 465 466 467 468 469 470 471 472 473 474 475 476 477 478 479 480 481 482 483 484 485 486 487 488 489 490 491 492 493 494 495 496 498 499 500 501 502 503 504 505 506 507 508 509 510 511 512 513 514 515 516 517 518 519 520 521 522 523 524 525 526 527 528 529 530 531 532 533 534 535 536 537 538 539 540 541 542 543 544 545 546 547 548 549 550 552 553 554 555 556 557 558 559 560 561 562 563 564 565 566 568 569 570 571 572 573 574 575 576 577 578 579 580 581 582 583 584 585 586 587 588 592 593 594 595 596 598 599 600 601 602 603 606 607 608 609 610 611 613 614 615 616 617 618 619 624 625 626 627 628 629 630 631 634 636 638 639 640 641 642 643 645 646 647 648 651 652 653 654 655 656 657 658 659 660 661 662 663 664 665 666 667 668 670 671 672 673 674 675 676 678 679 680 682 683 684 685 686 687 688 689 692 693 694 695 701 702 703 704 705 706 707 708 709 711 712 713 714 715 719 720 728 733 734 735 743 744 745 746 748 749 752 753 754 755 757 758 759 760 761 762 763 764 765 766 767 768 769 770 771 773 774 775 776 777 778 779 780 781 782 783 784 0
9 10 11 12 13 14 15 17 18 19 20 21 22 23 24 25 26 27 28 29 30 33 34 35 36 37 38 39 40 41 42 43 44 46 48 49 50 51 52 53 54 55 56 57 58 59 60 61 63 64 65 66 67 68 69 70 71 72 73 74 75 76 77 78 79 80 81 82 83 84 85 86 87 88 89 90 91 92 93 94 95 96 97 98 99 100 101 102 104 105 106 107 108 110 111 112 113 114 115 116 118 119 120 121 123 124 125 127 128 129 131 132 133 134 135 136 137 138 139 141 142 145 146 147 148 155 156 157 160 161 162 165 169 170 171 172 173 174 175 176 178 179 180 181 183 184 185 186 187 188 189 191 192 193 194 195 197 204 205 206 207 208 209 210 211 212 214 215 216 217 218 219 220 221 222 223 224 225 226 230 231 232 233 234 235 236 237 238 239 240 241 245 246 248 249 250 251 252 253 254 255 256 257 258 259 260 261 262 263 264 265 267 268 269 270 271 272 273 275 276 277 278 279 280 281 282 283 284 285 286 288 289 290 291 292 293 294 295 296 297 298 299 300 301 302 303 304 306 307 308 309 310 311 312 313 315 316 317 323 324 325 326 327 328 329 330 331 337 342 343 344 351 355 356 357 358 365 366 367 368 369 370 371 372 375 376 379 382 383 384 386 392 393 394 395 396 397 398 399 400 401 402 403 404 405 406 407 411 414 415 416 418 419 420 421 427 428 429 430 431 433 434 435 438 439 442 443 444 445 446 448 449 450 454 456 457 458 459 460 462 463 464 465 466 467 468 469 470 471 472 473 474 475 476 477 478 479 480 481 483 484 485 488 490 491 492 495 496 497 498 499 504 509 511 512 513 514 515 516 517 519 522 523 525 532 536 537 538 540 543 546 549 550 551 552 553 554 555 560 561 562 563 564 565 566 567 568 569 570 571 572 574 575 576 577 578 579 580 581 582 583 584 585 586 588 589 595 596 597 598 599 601 602 604 606 607 608 609 610 611 612 613 614 615 616 623 624 625 626 627 628 629 630 637 638 639 640 641 642 643 644 652 654 655 656 657 658 659 660 661 664 665 666 667 668 669 670 671 672 673 674 675 676 677 680 681 682 683 684 685 686 687 688 689 690 691 692 693 694 696 698 700 702 706 707 708 709 713 714 716 718 719 720 723 728 732 733 734 735 742 746 747 748 756 758 760 761 762 763 764 770 771 774 775 776 777 784 0
3 4 5 6 7 8 11 12 13 14 15 16 17 18 19 20 21 22 24 25 26 27 30 31 32 33 37 38 40 45 46 47 50 53 54 55 56 60 61 62 64 65 68 69 71 72 75 77 78 82 87 88 93 94 99 100 101 102 103 104 105 106 107 108 109 110 111 112 113 116 117 119 120 121 122 123 124 125 127 128 129 130 131 132 134 135 136 137 138 139 143 144 147 149 150 151 152 153 154 159 160 161 162 164 165 166 167 168 169 170 171 172 173 174 175 177 178 179 180 181 182 184 185 186 189 191 192 193 197 198 201 202 203 205 206 208 209 210 214 215 216 217 219 220 221 222 223 224 226 227 228 229 230 231 232 233 234 235 236 238 240 242 243 245 246 247 248 250 251 252 253 254 255 256 257 258 259 260 262 263 264 266 267 268 269 270 274 275 276 279 282 283 284 285 286 288 289 290 291 293 295 296 297 298 299 301 302 304 305 306 308 309 311 312 313 314 315 316 317 318 319 320 321 323 324 325 326 327 328 329 330 332 333 336 337 338 340 341 342 345 346 347 348 349 350 354 355 356 357 358 361 362 363 364 365 367 368 369 370 371 373 374 376 378 380 381 382 387 388 389 0
1 3 4 5 6 7 9 11 12 13 14 16 17 19 20 21 23 26 29 30 31 33 35 36 39 41 45 50 51 52 53 54 55 56 59 60 61 62 63 67 69 70 71 72 73 76 77 78 81 83 84 85 86 87 91 92 93 96 97 98 99 102 103 104 105 107 108 109 110 111 112 113 114 115 116 117 118 120 121 122 123 124 125 128 129 130 131 134 135 136 140 141 142 144 147 148 150 151 152 153 154 155 157 158 159 160 161 162 163 165 166 167 168 169 170 172 173 175 176 177 178 179 180 181 182 184 190 191 192 193 194 196 198 201 202 203 204 205 206 208 209 211 212 214 215 216 217 220 221 223 225 228 229 230 232 233 236 238 239 240 242 243 244 245 246 249 250 251 252 253 255 256 257 258 259 260 262 263 264 265 266 267 268 269 270 271 272 273 274 276 277 278 280 281 283 284 286 287 288 289 290 291 292 293 294 295 296 297 298 299 300 301 302 303 304 305 306 307 308 309 310 311 312 313 314 315 316 317 318 319 320 322 328 329 330 335 344 345 346 347 348 349 350 351 352 353 354 355 356 357 358 360 361 362 363 364 365 366 367 368 369 370 371 374 375 376 377 378 379 380 382 383 384 386 387 389 390 0
2 6 7 8 9 13 14 15 18 19 20 24 25 26 29 31 32 0

61
1 2 3 4 5 6 7 8 9 10 11 12 13 14 15 16 17 18 19 20 21 22 23 24 25 26 27 28 29 30 31 32 33 34 35 36 37 38 39 40 41 42 43 44 45 46 47 48 49 50 51 52 53 54 55 56 57 58 59 60 61 62 63 64 65 66 67 68 69 70 71 72 73 74 75 76 77 78 79 80 81 82 83 84 85 86 87 88 89 90 91 92 93 94 95 96 97 98 99 100 101 102 103 104 105 106 107 108 109 110 111 112 113 114 115 116 117 118 119 120 121 122 123 124 125 126 127 128 129 130 131 132 133 134 135 136 137 138 139 140 141 142 143 144 145 146 147 148 149 150 151 152 153 154 155 156 157 158 159 160 161 162 163 164 165 166 167 168 169 170 171 172 173 174 175 176 177 178 179 180 181 182 183 184 185 186 187 188 189 190 191 192 193 194 195 196 197 198 199 200 201 202 203 204 225 227 228 229 230 231 232 233 234 235 236 241 242 243 244 245 247 248 249 250 251 255 256 257 258 259 261 262 263 264 268 269 270 271 272 273 276 277 278 282 283 284 285 286 290 291 292 293 294 296 297 298 299 300 301 302 303 304 305 306 307 308 310 311 312 313 314 315 316 317 318 319 320 321 322 325 326 327 328 329 330 331 332 333 334 339 340 346 347 348 355 359 360 361 362 363 364 368 369 371 372 376 393 394 395 396 397 398 399 400 401 402 403 404 405 406 407 408 409 410 411 412 413 414 415 416 417 418 419 420 421 422 423 424 425 426 427 428 429 430 431 432 433 434 435 436 437 438 439 440 441 442 443 444 445 446 447 448 449 450 451 452 453 454 455 456 457 458 459 460 461 462 463 464 465 466 467 468 469 470 471 472 473 474 475 476 477 478 479 480 481 482 483 484 485 486 487 488 489 490 491 492 493 494 495 496 497 498 499 500 501 502 503 504 505 506 507 508 509 510 511 512 513 514 515 516 517 518 519 520 521 522 523 524 525 526 527 528 529 530 531 532 533 534 535 536 537 538 539 540 541 542 543 544 545 546 547 548 549 550 551 552 553 554 555 556 557 558 559 560 561 562 563 564 565 566 567 568 569 570 571 572 573 574 575 576 577 578 579 580 581 582 583 584 585 586 587 588 589 590 591 592 593 607 608 609 610 611 612 613 614 615 616 617 618 619 620 621 622 623 624 625 626 627 628 631 632 633 634 635 636 639 640 641 642 643 644 645 646 647 648 650 651 652 653 654 655 656 659 660 661 662 663 664 665 667 668 669 670 671 672 673 674 675 676 677 678 679 680 681 682 683 684 685 686 687 688 689 690 691 692 693 694 695 696 697 698 699 700 701 702 703 704 705 706 707 708 709 711 712 713 714 715 716 717 718 719 720 721 722 723 724 725 726 729 731 732 733 734 735 736 737 738 739 740 741 742 743 745 746 747 748 749 750 751 752 753 754 755 756 757 761 762 763 764 765 766 767 768 770 771 772 773 774 775 776 777 778 779 780 781 782 783 784 0
1 14 15 16 17 18 19 20 21 22 23 24 25 26 27 29 30 31 32 35 36 39 40 41 42 43 44 45 46 47 48 50 51 52 53 54 55 56 57 58 59 60 61 62 63 65 66 67 68 69 70 71 73 74 75 76 77 78 80 81 82 84 86 87 88 89 90 91 92 94 95 96 97 98 101 102 103 104 105 106 107 108 109 110 111 112 115 116 117 118 119 120 121 122 123 124 125 126 127 129 130 131 132 133 134 135 136 137 138 139 140 141 142 143 144 145 146 147 148 151 152 153 155 157 158 159 160 161 162 163 164 165 166 167 171 172 173 174 175 176 177 178 179 180 181 182 186 187 188 189 190 191 192 193 194 195 197 210 211 212 213 214 215 216 217 218 219 220 222 223 225 226 227 228 229 232 233 234 236 237 238 239 240 241 242 243 244 245 246 247 249 250 251 252 253 254 255 256 257 258 259 262 263 264 265 267 268 269 270 271 272 273 274 275 277 278 279 281 282 283 284 285 286 287 288 289 290 291 292 293 295 296 297 298 299 300 301 302 303 304 305 306 307 308 309 311 312 313 314 315 316 317 318 319 320 321 322 323 326 327 328 329 330 331 332 333 334 335 337 339 340 341 342 343 344 345 346 347 348 349 351 353 354 355 356 357 358 359 360 361 362 363 364 365 368 369 370 371 372 373 374 375 376 377 378 379 392 393 394 395 396 397 398 399 400 401 402 403 404 405 413 416 417 420 421 422 423 424 425 427 428 429 430 431 432 433 434 437 438 439 440 441 442 443 444 445 446 447 448 449 450 451 452 453 454 455 456 457 458 459 460 461 462 463 465 466 467 468 469 470 471 473 474 475 476 477 478 479 480 481 482 483 484 485 486 487 488 489 491 492 493 495 496 497 498 499 500 501 502 503 504 505 507 508 509 510 511 512 513 514 515 516 517 518 519 520 521 522 523 524 525 526 527 528 529 530 531 532 533 534 535 536 537 538 539 540 542 543 544 545 546 551 552 553 554 555 556 557 558 561 574 575 576 577 578 579 580 581 582 583 584 585 586 587 588 589 590 591 592 593 594 602 606 616 618 619 620 621 622 623 624 625 626 627 628 629 630 632 633 634 635 636 639 640 641 642 643 644 646 649 653 654 655 658 660 662 663 664 665 667 668 670 672 674 675 676 677 678 679 680 681 682 683 684 685 686 687 688 689 690 691 692 693 694 695 696 697 698 699 700 701 702 703 704 705 706 707 708 709 710 711 712 713 714 715 716 717 718 719 720 721 722 723 724 725 726 728 731 732 733 734 735 736 737 738 739 740 742 745 746 747 748 749 750 751 752 753 755 756 758 759 760 761 762 763 764 766 767 768 769 770 771 784 0
2 4 5 6 7 9 10 11 12 13 14 15 16 17 19 20 21 22 23 24 25 26 28 30 31 33 34 35 36 37 38 39 40 41 42 43 44 45 46 47 49 50 56 57 58 59 62 65 66 67 69 70 71 72 73 74 75 76 77 79 80 81 82 83 84 86 87 88 89 90 91 95 96 99 100 101 102 104 105 106 107 109 110 112 113 114 115 116 117 120 121 122 123 124 125 126 127 128 129 130 131 132 133 135 136 137 138 139 140 141 142 143 144 145 147 148 149 151 152 154 155 156 157 158 159 160 161 162 163 164 165 166 167 168 170 171 172 173 174 175 176 177 178 179 181 182 184 185 186 188 189 191 192 193 194 195 196 197 198 199 200 202 203 204 205 207 208 209 211 212 213 215 216 217 218 219 220 221 222 223 224 225 226 227 228 230 231 232 233 234 235 236 237 238 241 242 245 246 248 249 250 251 252 253 254 255 256 258 259 260 261 262 264 265 266 267 268 269 270 271 272 273 274 275 276 277 278 279 280 281 282 283 284 285 286 287 289 290 291 292 293 295 296 297 298 299 300 301 302 303 305 306 307 308 309 310 311 312 313 314 315 316 317 318 319 320 322 324 325 326 327 328 331 332 333 334 335 336 337 338 339 341 342 343 345 346 347 348 349 350 352 355 356 357 358 359 360 361 362 363 364 365 366 367 368 369 370 371 372 373 374 375 376 377 378 380 381 383 384 391 392 0
1 2 3 7 8 9 10 12 13 14 15 16 17 18 19 20 21 22 23 24 25 26 27 28 30 31 32 33 34 35 36 38 39 40 41 42 43 44 45 47 48 51 55 56 57 59 60 62 63 64 65 66 67 68 69 70 71 72 73 74 75 76 77 78 79 80 81 82 83 84 85 86 87 88 89 90 91 93 94 95 96 97 98 99 102 103 105 106 107 108 109 110 111 112 113 114 115 116 118 119 120 121 122 123 124 125 126 127 128 129 130 132 133 135 136 137 138 139 141 142 147 148 149 150 152 153 154 157 158 159 160 161 162 164 165 166 167 168 169 170 171 172 173 174 175 176 177 178 179 180 181 182 183 184 185 186 187 188 189 191 192 194 197 199 202 203 204 205 206 207 209 210 212 213 214 216 217 218 219 220 221 222 223 225 226 227 228 229 230 231 232 233 234 235 236 238 239 240 241 242 243 246 247 248 251 252 253 254 257 258 259 260 261 262 264 265 266 267 268 269 270 271 272 273 274 275 276 277 278 279 280 281 282 283 284 285 286 288 289 292 293 294 295 296 300 301 302 303 309 310 311 312 314 316 317 318 319 321 322 323 324 325 326 327 328 329 330 331 332 333 334 335 336 339 340 344 345 346 347 348 349 351 352 356 358 359 360 361 363 364 365 366 367 369 371 372 373 374 376 378 379 380 381 382 383 384 385 387 388 389 0
2 3 5 6 8 9 11 12 15 16 17 18 19 20 21 22 24 25 27 28 0

62
1 2 3 4 5 6 7 8 9 10 11 12 13 14 15 16 17 18 19 20 21 22 23 24 25 26 27 28 29 30 31 32 33 34 35 36 37 38 39 40 41 42 43 44 45 46 47 48 49 50 51 52 53 54 55 56 57 58 59 60 61 62 63 64 65 66 67 68 69 70 71 72 73 74 75 76 77 78 79 80 81 82 83 84 85 86 87 88 89 90 91 92 93 94 95 96 97 98 99 100 101 102 103 104 105 106 107 108 109 110 111 112 113 114 115 116 117 118 119 120 121 122 123 124 125 126 127 128 129 130 131 132 133 134 135 136 137 138 139 140 141 142 143 144 145 146 147 148 149 150 151 152 153 154 155 156 157 158 159 160 161 162 163 164 165 166 167 168 169 170 171 172 173 174 175 176 177 178 179 180 181 182 183 184 185 186 187 188 189 190 191 192 193 194 195 196 199 200 201 202 203 234 235 236 237 240 241 242 243 247 248 249 250 257 258 259 260 262 263 264 271 273 274 275 276 277 281 284 285 286 287 288 289 290 298 299 300 301 302 303 304 305 312 313 314 315 316 317 318 319 327 328 329 330 331 341 342 343 354 355 356 357 361 369 370 372 374 375 382 383 384 387 389 390 393 394 395 396 397 398 399 400 401 402 403 404 405 406 407 408 409 410 411 412 413 414 415 416 417 418 419 420 421 422 423 424 425 426 427 428 429 430 431 433 434 435 436 437 438 439 440 441 442 443 444 445 446 447 448 449 450 451 452 453 454 455 456 457 458 459 460 461 462 463 464 465 466 467 468 469 470 471 472 473 474 475 476 477 478 479 480 481 482 483 484 485 487 488 489 490 491 492 493 494 495 496 497 498 499 500 501 502 503 504 505 506 507 508 509 510 511 512 513 514 515 516 517 518 519 520 521 522 523 524 525 526 527 528 529 530 531 532 533 534 535 536 537 538 539 540 541 542 543 544 545 546 547 548 549 550 551 552 553 554 555 556 557 558 559 560 561 562 563 564 566 567 568 569 570 571 572 573 574 575 576 577 578 579 580 581 582 583 584 585 586 587 588 589 590 591 592 593 602 603 608 611 612 613 614 615 616 617 618 619 620 621 622 623 624 625 626 627 628 629 631 632 634 635 636 637 638 639 640 641 642 645 650 651 652 653 655 656 657 659 660 661 662 663 664 665 666 667 668 669 673 674 675 676 677 678 680 681 682 684 685 687 689 690 691 692 693 694 695 696 697 698 699 700 701 702 703 704 705 706 707 708 709 710 711 712 714 715 716 717 718 719 720 721 722 723 724 725 726 727 729 732 733 734 735 736 737 738 739 740 741 742 743 747 748 750 751 752 753 754 755 756 757 761 762 763 764 765 766 767 768 769 770 771 772 773 774 775 776 777 778 779 780 781 782 783 784 0
14 15 16 17 18 19 20 21 22 23 24 26 27 29 30 31 32 33 34 35 36 39 41 43 44 45 46 47 48 49 50 51 52 53 55 57 58 59 60 61 62 63 64 65 66 67 68 71 72 73 74 75 76 77 78 79 80 81 85 86 87 89 90 91 92 93 94 95 96 99 100 101 102 103 104 105 106 107 108 109 113 114 115 116 117 118 119 120 121 122 123 125 127 128 129 130 131 132 133 134 135 137 138 139 141 143 145 146 147 148 149 150 151 152 153 159 160 161 162 163 164 165 166 167 173 174 175 176 177 178 179 180 181 182 187 188 189 190 191 192 193 194 195 196 197 210 211 212 213 214 215 216 220 225 226 227 228 229 230 231 232 233 234 239 240 241 242 243 244 245 246 247 249 250 253 254 255 256 257 258 259 261 262 263 264 267 268 269 270 271 272 273 274 275 276 277 278 281 282 283 284 285 286 287 288 289 290 291 295 296 297 299 300 301 302 303 304 305 309 310 311 312 314 315 316 317 318 319 320 321 323 324 325 326 327 328 329 330 331 332 333 334 335 337 340 342 343 344 345 346 347 348 349 351 356 357 358 359 360 361 362 363 365 370 371 372 373 374 375 376 377 378 379 382 383 384 385 388 389 390 391 392 393 394 395 396 397 398 399 400 401 402 403 404 405 418 419 420 421 422 423 424 425 426 428 429 430 431 433 435 436 439 440 441 442 443 444 445 446 447 448 453 454 455 456 457 458 459 460 461 462 463 464 468 469 470 471 472 473 474 476 477 478 479 480 481 482 483 484 485 486 490 493 494 495 496 497 498 499 500 501 502 504 507 509 511 512 513 514 515 517 518 519 521 522 523 524 525 526 527 528 529 532 536 537 539 540 543 544 545 546 550 551 552 553 555 556 560 564 565 567 571 572 573 574 575 576 577 578 579 580 581 582 583 584 585 586 587 589 592 593 594 602 616 618 619 620 625 627 628 629 630 632 633 634 635 636 637 638 640 641 644 646 648 649 651 652 653 654 658 660 666 667 668 669 670 672 674 675 677 678 680 681 682 683 686 688 689 690 691 692 693 694 695 697 700 702 704 705 706 707 708 709 710 711 714 716 720 721 722 723 724 725 728 732 733 735 736 737 738 739 740 741 742 746 747 748 749 750 751 752 753 754 755 756 760 761 764 765 766 767 768 769 770 771 774 775 776 777 779 780 781 782 783 784 0
2 8 9 11 12 13 16 17 18 19 21 23 24 25 26 27 28 30 31 32 33 34 35 37 38 39 40 41 42 43 44 45 46 47 48 49 50 56 57 58 59 64 65 66 67 68 69 71 73 74 75 76 79 80 82 88 89 90 91 94 95 96 97 98 99 100 101 102 103 104 105 106 107 108 109 110 113 114 115 116 117 118 120 121 122 123 124 125 126 127 128 129 130 131 134 135 136 137 139 140 141 142 143 144 145 146 150 151 152 154 159 160 161 163 164 165 166 167 168 170 171 172 173 175 177 178 179 180 184 185 186 187 188 189 192 193 194 195 196 197 198 199 200 201 202 203 204 205 207 208 210 212 213 214 215 218 219 220 221 222 223 224 226 227 228 229 230 231 233 234 235 236 237 238 240 241 242 243 244 245 246 247 248 249 251 253 254 255 256 257 258 259 260 261 262 263 264 266 267 268 269 270 271 272 273 274 276 277 278 280 283 284 286 287 289 290 291 292 293 295 296 297 298 299 300 301 302 304 305 306 307 308 309 310 311 313 314 315 316 318 319 320 321 322 323 324 327 328 329 330 331 332 333 334 335 336 337 339 340 345 346 347 348 349 350 355 358 360 362 363 364 365 366 367 368 369 373 374 375 376 380 381 382 383 384 388 390 391 392 0
1 3 4 5 7 11 12 14 15 17 18 19 20 21 22 23 24 25 27 31 32 33 35 36 38 39 40 42 45 46 47 49 50 51 52 53 54 55 56 57 59 60 61 63 65 66 67 68 69 70 71 72 73 74 75 76 77 78 79 80 81 83 84 87 88 89 90 91 92 93 94 95 96 97 98 99 105 106 109 110 111 112 113 114 115 116 117 119 120 122 123 124 125 129 130 131 132 133 135 136 139 141 142 143 145 146 147 148 150 151 152 153 155 157 159 160 162 163 164 165 168 170 171 172 173 175 176 177 178 179 180 181 182 183 184 185 186 187 188 189 192 193 194 195 196 197 198 202 203 204 205 206 207 212 213 214 215 217 218 219 220 221 222 223 227 228 230 231 232 234 235 236 237 239 240 241 242 243 244 245 246 249 250 251 252 253 257 258 259 261 262 263 265 266 267 268 269 270 271 272 273 275 276 277 278 279 280 281 283 284 285 286 287 288 289 290 291 292 293 294 295 296 297 298 302 303 304 309 311 312 313 316 317 318 319 320 321 322 323 325 326 327 328 329 330 333 334 335 338 341 342 343 344 345 347 348 349 351 352 353 355 357 358 359 360 365 367 368 370 371 372 373 374 376 377 380 382 383 384 386 387 389 390 0
2 8 9 10 11 12 13 16 18 19 20 21 22 24 29 30 0

63
1 2 3 4 5 6 7 8 9 10 11 12 13 14 15 16 17 18 19 20 21 22 23 24 25 26 27 28 29 30 31 32 33 34 35 36 37 38 39 40 41 42 43 44 45 46 47 48 49 50 51 52 53 54 55 56 57 58 59 60 61 62 63 64 65 66 67 68 69 70 71 72 73 74 75 76 77 78 79 80 81 82 83 84 85 86 87 88 89 90 91 92 93 94 95 96 97 98 99 100 101 102 103 104 105 106 107 108 109 110 111 112 113 114 115 116 117 118 119 120 121 122 123 124 125 126 127 128 129 130 131 132 133 134 135 136 137 138 139 140 141 142 143 144 145 146 147 148 149 150 152 153 154 155 156 157 158 159 160 161 162 163 165 166 167 168 169 170 171 172 173 174 175 176 177 178 179 180 181 182 183 184 185 186 187 188 189 190 191 192 193 194 195 196 206 218 219 220 221 231 232 233 234 235 236 239 240 244 246 247 248 249 254 255 256 257 258 259 260 261 262 263 264 271 272 273 274 285 286 287 288 289 290 299 300 301 302 303 304 305 312 313 314 315 316 317 318 319 323 325 326 327 328 329 330 331 332 333 336 337 341 342 343 344 345 346 347 351 355 356 357 358 359 360 361 370 371 372 373 374 380 381 393 394 395 396 397 398 399 400 401 402 403 404 405 406 407 408 409 410 411 412 413 414 415 416 417 418 419 420 421 422 423 424 425 426 427 428 430 431 432 433 434 435 436 437 438 439 440 441 442 443 444 445 446 447 448 449 450 451 452 453 454 455 456 457 458 460 461 462 463 464 465 466 467 468 469 470 471 472 473 474 475 476 477 478 479 480 481 482 483 484 485 486 487 488 489 490 491 492 493 494 495 496 497 498 499 500 501 502 503 504 505 506 507 508 509 510 511 512 513 514 515 516 517 518 519 520 521 522 523 524 525 526 527 528 529 530 531 532 533 534 535 536 537 538 539 540 541 542 544 545 546 547 548 549 550 552 553 554 555 556 557 558 559 560 561 562 563 564 565 566 567 568 569 570 571 572 573 574 575 576 577 578 579 580 581 582 583 584 585 586 587 588 593 594 597 598 599 603 604 605 606 607 608 609 610 612 613 614 617 618 619 620 621 622 623 624 625 626 627 628 629 630 631 632 633 634 635 636 637 638 640 641 642 643 644 645 646 647 648 649 650 651 652 653 654 655 656 657 663 664 665 666 667 673 674 675 676 677 678 679 680 681 682 683 685 686 687 688 689 690 691 692 693 694 695 696 697 698 699 701 702 703 704 705 706 707 708 709 710 711 712 713 714 715 716 717 719 720 721 722 723 724 725 726 727 728 729 730 733 734 735 736 737 738 739 740 741 742 743 744 745 747 748 749 750 751 752 756 757 758 759 760 761 762 763 764 769 770 771 772 773 774 778 779 780 781 782 784 0
3 9 10 14 15 16 17 18 19 20 21 22 24 25 26 27 29 30 31 32 33 34 35 36 37 38 39 40 41 43 44 45 46 47 48 49 50 51 52 53 54 55 57 58 59 60 61 62 63 64 65 66 67 69 71 72 73 74 75 76 77 78 79 81 83 85 86 87 89 90 91 92 93 94 96 99 100 101 103 104 105 106 107 108 109 110 113 114 115 117 118 119 120 121 122 123 124 125 127 128 129 131 132 133 134 135 136 137 138 139 141 142 143 145 146 147 148 149 150 151 153 154 155 156 157 159 160 161 162 163 164 165 167 169 170 171 172 175 176 177 178 183 184 185 186 187 188 189 190 197 201 202 203 204 205 206 207 210 211 213 214 215 216 217 218 219 221 222 223 225 226 227 228 229 230 231 232 233 234 235 236 237 239 240 241 242 243 244 246 247 248 249 250 251 253 254 255 256 257 258 259 260 261 262 263 264 265 267 268 269 270 271 272 273 274 275 281 282 283 284 285 286 287 288 289 290 291 295 296 297 298 299 300 301 302 303 304 305 306 309 310 311 312 313 314 315 316 317 318 319 320 321 323 324 325 326 327 328 329 330 331 332 333 334 335 336 337 338 339 341 342 343 344 345 346 347 348 349 351 352 353 356 357 358 359 360 361 365 366 367 368 370 372 373 374 379 381 388 392 393 394 395 396 397 398 399 400 401 402 403 404 405 410 411 412 413 414 415 416 417 420 421 426 427 428 429 430 431 432 433 434 435 436 437 438 439 440 441 442 443 444 445 446 448 452 453 454 455 456 457 458 459 461 462 467 468 470 471 472 473 474 476 477 478 481 482 483 484 485 486 487 490 491 492 493 494 495 496 497 498 499 500 501 502 504 505 506 507 509 510 511 512 513 514 515 518 519 520 521 522 523 524 525 526 527 529 530 531 533 536 539 540 541 542 544 546 547 552 553 554 555 556 557 560 561 562 563 564 565 566 567 568 569 570 574 575 576 578 579 580 581 582 583 584 585 586 587 588 589 596 598 599 602 604 605 606 607 608 609 610 611 612 613 616 620 621 622 623 624 625 626 627 628 629 630 631 632 633 634 635 636 639 640 641 644 646 647 648 649 650 651 652 654 655 656 657 658 662 663 664 666 667 669 671 672 674 677 678 679 680 681 682 686 687 688 690 691 693 694 695 697 700 701 702 703 704 705 706 707 708 709 710 711 714 715 716 717 718 719 720 722 723 724 725 726 727 728 729 730 731 732 733 734 735 736 737 740 741 742 743 744 746 747 748 749 750 751 752 753 756 757 758 761 762 763 764 765 766 770 771 772 773 776 784 0
2 3 4 5 6 8 9 10 11 12 13 14 16 17 18 19 20 22 23 24 25 26 29 30 31 32 33 34 35 37 38 39 40 41 42 43 44 46 47 48 50 52 54 55 57 58 59 61 62 64 65 68 71 74 75 76 78 79 80 81 82 83 85 86 87 88 89 90 92 93 95 99 100 101 102 103 105 106 107 108 109 110 111 113 114 115 116 117 118 119 120 121 122 123 124 125 126 127 128 129 130 131 134 135 136 137 138 139 140 141 142 143 144 145 146 147 149 150 151 152 153 154 155 156 157 158 159 160 161 162 163 165 166 167 170 171 172 173 174 176 178 179 180 181 182 183 184 185 186 187 188 191 192 193 194 197 200 201 202 203 204 205 206 207 208 209 210 214 215 216 217 219 220 221 222 223 224 226 227 228 229 230 231 233 234 235 236 237 239 240 241 242 243 244 245 246 247 249 250 251 252 253 254 255 257 258 260 262 263 265 267 268 269 270 271 272 273 274 275 276 278 279 280 281 282 283 284 285 286 288 290 291 292 293 294 295 296 297 298 299 300 301 302 304 305 306 307 309 310 311 312 315 316 317 318 319 320 321 323 324 325 326 327 330 331 332 333 334 335 336 337 338 339 340 341 342 345 346 347 348 349 350 353 354 355 356 360 361 362 364 365 366 367 368 370 371 372 373 374 375 376 377 378 379 381 382 383 385 386 387 389 390 391 0
1 3 4 6 10 11 12 13 14 16 19 20 21 23 24 25 26 27 28 30 31 32 33 34 36 38 39 40 41 42 43 44 45 46 47 48 49 50 51 52 53 54 55 56 57 58 59 60 62 63 65 66 67 69 70 72 73 74 76 77 78 79 80 81 82 83 84 85 86 87 88 89 90 92 93 94 95 98 99 101 102 103 104 105 106 107 108 109 110 111 112 113 114 115 116 117 119 120 121 122 123 124 125 126 127 128 129 130 131 132 133 134 135 136 137 140 141 144 145 147 148 150 151 152 153 154 155 156 157 158 159 160 161 162 163 173 174 175 177 178 179 180 181 182 184 185 186 188 189 190 191 192 193 194 195 196 197 198 199 200 201 202 203 204 205 207 210 211 212 213 214 215 216 217 218 219 220 221 223 224 225 226 227 228 229 230 231 232 233 234 235 237 239 240 241 242 244 245 246 248 249 251 252 253 254 255 256 257 258 260 261 262 263 266 267 269 270 271 272 274 275 276 277 278 279 280 281 282 284 285 287 288 289 290 291 292 293 294 295 296 297 298 299 301 302 303 304 305 306 309 310 311 312 313 314 315 318 319 320 321 323 324 325 326 328 330 332 333 334 335 336 338 339 340 341 342 344 345 346 347 348 349 351 352 354 356 357 358 359 360 363 364 366 369 372 373 375 376 377 378 379 380 381 382 383 384 385 386 387 389 390 392 0
1 6 9 10 11 13 15 16 17 19 20 25 26 27 28 29 30 31 32 0

64
1 2 3 4 5 6 7 8 9 10 11 12 13 14 15 16 17 18 19 20 21 22 23 24 25 26 27 28 29 30 31 32 33 34 35 36 37 38 39 40 41 42 43 44 45 46 47 48 49 50 51 52 53 54 55 56 57 58 59 60 61 62 63 64 65 66 67 68 69 70 71 72 73 74 75 76 77 78 79 80 81 82 83 84 85 86 87 88 89 90 91 92 93 94 95 96 97 98 99 100 101 102 103 104 105 106 107 108 109 110 111 112 113 114 115 116 117 118 119 120 121 122 123 124 125 126 127 128 129 130 131 132 133 134 135 136 137 138 139 140 141 142 143 144 145 146 147 148 149 150 151 152 153 154 155 156 157 158 159 160 161 162 163 164 165 166 167 168 169 170 171 172 173 174 175 176 177 178 179 180 181 182 183 184 185 186 187 188 189 190 191 192 193 194 195 196 200 201 202 203 204 211 232 233 234 238 243 244 245 246 247 248 249 250 258 259 260 261 262 263 264 265 270 271 272 273 274 275 276 277 278 283 284 285 286 287 288 289 290 291 292 293 298 299 300 301 302 303 304 305 306 311 312 313 314 317 319 320 321 324 325 326 327 328 329 331 332 333 334 336 337 338 339 340 341 342 343 345 346 347 348 352 353 354 355 356 357 358 359 360 361 367 368 369 370 371 372 373 393 394 395 396 397 398 399 400 401 402 403 404 405 406 407 408 409 410 411 412 413 414 415 416 417 418 419 420 421 422 423 424 425 426 427 428 429 430 432 433 434 435 436 437 438 439 440 441 442 443 444 445 446 447 448 449 450 451 452 453 454 455 456 457 458 459 460 461 462 463 464 465 466 467 468 469 470 471 472 473 474 475 476 477 478 479 480 481 482 483 484 485 486 487 488 490 491 492 493 494 495 496 497 498 499 500 501 502 504 505 506 507 508 509 510 511 512 513 514 515 516 518 519 520 521 522 523 524 525 526 527 528 529 530 531 532 533 534 535 536 537 538 539 540 541 542 543 544 545 546 547 548 549 550 551 552 553 554 555 556 557 558 559 560 561 562 563 564 565 566 567 568 569 570 571 572 573 574 575 576 577 578 579 580 581 582 583 584 585 586 587 588 592 593 594 603 611 612 613 614 615 616 617 620 621 622 623 624 625 626 628 629 630 631 632 634 636 637 638 639 640 641 642 643 645 646 647 648 649 650 651 652 653 654 655 656 662 663 664 665 666 667 668 669 670 673 674 675 676 677 678 680 681 682 683 684 685 686 687 689 690 691 692 693 694 695 697 698 699 700 701 703 704 705 706 707 709 710 711 712 713 714 715 717 718 719 720 721 722 723 724 725 726 727 728 729 730 731 732 733 734 735 736 737 738 739 741 742 745 746 747 748 749 750 751 752 756 757 758 759 760 761 762 763 764 772 773 774 775 776 777 778 779 780 781 782 783 784 0
14 15 16 17 18 19 20 21 22 24 25 26 27 29 33 35 36 37 39 40 41 42 43 44 45 46 48 49 50 51 52 53 54 55 56 57 61 62 63 64 65 66 67 68 69 70 71 72 73 75 76 77 78 79 80 81 82 85 88 89 90 91 92 93 94 95 96 97 99 100 101 102 103 104 105 106 107 108 109 110 111 113 115 116 117 118 119 121 122 123 124 125 127 128 129 130 131 132 133 134 135 136 137 138 139 141 143 144 145 146 147 148 149 150 151 152 154 155 156 157 158 159 160 161 162 163 164 165 166 167 169 170 171 173 174 175 176 177 180 181 183 184 185 187 188 189 190 197 210 211 212 215 216 217 218 223 225 229 230 231 233 234 237 238 239 242 243 244 245 246 247 248 249 250 251 252 253 256 257 258 259 260 261 262 263 264 267 268 269 270 272 273 274 275 276 277 278 279 281 282 283 284 285 286 287 288 289 290 291 292 293 295 296 297 298 299 300 301 302 303 305 306 307 308 309 310 312 313 314 315 317 318 319 320 321 322 323 324 325 326 327 328 329 331 332 333 334 335 337 338 339 340 341 342 343 344 345 346 347 348 349 351 353 354 355 356 357 358 359 360 361 362 363 365 366 367 368 369 370 371 372 373 379 380 381 382 383 385 386 387 388 392 393 394 395 396 397 398 399 400 401 402 403 404 405 407 408 417 418 419 420 424 425 426 427 428 429 430 432 433 434 439 440 441 442 443 444 445 446 448 449 450 451 452 453 454 455 456 457 458 459 460 462 466 467 468 469 470 471 472 473 474 476 477 478 479 481 482 483 484 485 487 488 489 490 493 494 495 496 497 498 499 500 501 502 504 505 507 508 509 510 511 512 513 515 516 517 518 520 521 522 523 524 525 526 527 528 529 530 531 532 533 535 536 537 538 539 540 541 542 543 544 546 548 549 550 551 552 553 554 555 556 557 558 560 561 562 563 564 565 566 567 568 569 571 574 575 577 578 579 580 581 582 584 585 586 587 588 589 593 594 602 616 624 625 626 629 630 637 638 639 640 641 643 644 646 648 651 652 653 655 658 663 665 666 667 668 669 670 672 674 675 676 678 679 680 681 682 683 684 686 690 691 692 693 694 695 696 698 699 700 702 705 706 707 708 709 711 712 714 715 716 717 719 720 721 722 727 728 729 730 731 732 733 734 735 737 739 742 743 744 745 746 747 748 749 750 753 755 756 758 759 760 761 762 763 764 765 770 771 773 774 775 776 784 0
6 7 9 10 11 12 14 16 17 18 19 21 22 23 24 25 26 27 28 29 30 31 32 33 34 35 36 37 38 39 40 41 42 44 45 46 47 50 54 56 60 61 62 67 68 69 70 73 74 75 76 77 78 80 81 84 85 86 87 88 89 90 92 93 95 99 100 101 102 104 105 106 107 108 109 110 111 112 113 114 115 116 117 118 119 120 121 122 123 124 125 126 127 128 129 130 131 132 133 134 135 136 137 139 140 142 143 144 145 149 151 154 158 159 160 161 165 166 167 168 169 170 171 172 173 174 175 177 178 179 180 181 182 184 185 186 187 188 191 192 193 194 195 196 197 199 200 201 202 203 205 206 207 208 209 210 212 213 214 215 216 217 218 219 220 221 222 223 224 225 226 227 228 229 230 231 232 233 234 235 236 237 239 240 241 242 243 245 246 247 249 250 251 252 254 255 256 257 258 262 264 265 266 268 269 270 271 272 273 274 275 276 277 278 279 280 281 282 283 284 285 287 288 289 290 291 292 293 294 295 296 297 298 299 300 301 302 303 304 305 306 307 308 309 310 311 312 313 314 315 316 317 319 320 321 322 323 324 325 326 327 328 330 331 332 333 334 335 336 337 338 339 340 341 342 345 346 347 348 349 350 353 354 355 356 357 359 360 361 362 363 364 366 368 369 371 372 373 375 376 377 378 380 381 382 383 385 386 387 388 389 390 0
1 2 3 6 7 9 10 11 12 13 14 15 16 18 19 20 21 22 23 25 27 28 30 31 32 33 34 35 36 37 38 40 41 42 43 44 45 46 47 48 50 55 56 62 63 64 66 67 68 69 70 71 72 73 74 75 76 78 79 81 83 85 86 88 89 90 93 94 95 98 99 102 104 105 106 107 108 109 110 111 113 114 115 116 117 118 119 120 121 122 123 124 125 126 127 128 129 130 132 133 134 135 136 137 141 142 143 144 145 147 148 149 150 151 152 153 154 155 156 157 158 159 160 161 162 164 165 166 167 168 172 173 174 175 176 180 181 182 184 185 186 187 188 189 190 191 192 193 194 195 199 200 201 203 205 206 207 208 209 211 212 215 216 217 218 219 220 222 223 224 225 226 227 228 229 230 231 232 233 234 235 239 240 241 242 243 244 245 246 248 249 250 252 253 254 255 257 258 259 260 261 263 264 265 266 267 268 269 270 271 273 274 275 276 278 280 281 282 283 284 285 287 288 290 292 293 294 295 296 297 298 299 301 304 305 306 307 310 311 312 313 314 317 318 319 320 321 323 324 325 326 330 331 332 333 334 336 337 338 339 340 341 342 344 345 346 347 348 349 351 352 353 355 358 359 361 362 363 364 365 366 368 371 372 373 375 376 377 378 379 381 382 383 384 385 386 389 390 391 392 0
1 5 6 7 8 9 11 12 14 16 17 18 19 20 21 22 23 25 26 27 28 29 32 0

65
1 2 3 4 5 6 7 8 9 10 11 12 13 14 15 16 17 18 19 20 21 22 23 24 25 26 27 28 29 30 31 32 33 34 35 36 37 38 39 40 41 42 43 44 45 46 47 48 49 50 51 52 53 54 55 56 57 58 59 60 61 62 63 64 65 66 67 68 69 70 71 72 73 74 75 76 77 78 79 80 81 82 83 84 85 86 87 88 89 90 92 93 94 95 96 97 98 99 100 101 102 103 104 105 106 107 108 109 110 111 112 113 114 115 116 117 118 120 121 122 123 124 125 126 127 128 129 130 131 132 133 134 135 136 137 138 139 140 141 142 143 144 145 146 147 148 149 150 151 152 153 154 155 156 157 158 159 160 161 162 163 165 166 167 168 169 170 171 172 173 174 175 177 178 179 180 181 182 183 184 185 186 187 188 189 190 191 192 193 194 195 196 199 200 201 202 203 204 228 229 230 231 232 234 235 236 237 238 244 245 246 248 249 250 251 257 258 259 260 262 263 264 265 270 272 273 274 276 277 278 284 285 286 287 289 290 291 292 293 294 297 298 299 300 302 303 304 305 306 311 312 313 314 315 316 317 318 319 321 324 325 326 327 328 329 330 331 332 333 339 340 341 342 343 344 345 346 354 358 359 360 363 364 372 373 374 393 394 395 396 397 398 399 400 401 402 403 404 405 406 407 408 409 410 411 412 413 414 415 416 417 418 419 420 421 422 423 424 425 426 427 428 429 430 431 432 433 434 435 436 437 438 439 440 441 442 443 444 445 446 447 448 449 450 451 452 453 454 455 456 457 458 459 460 462 463 464 465 466 467 468 469 470 471 472 473 474 475 476 477 478 479 480 481 482 483 484 485 486 487 488 489 490 491 492 493 494 495 496 497 498 499 500 501 502 503 504 505 506 507 508 509 510 511 512 513 514 515 516 517 518 519 520 521 522 523 524 525 526 527 528 529 530 531 532 533 534 535 536 537 538 539 540 541 542 543 544 545 546 547 548 549 550 551 552 553 554 555 556 557 558 559 560 561 562 563 564 565 566 567 568 569 570 571 572 573 574 575 576 577 578 579 580 581 582 583 584 585 586 587 588 589 590 591 592 593 603 608 609 610 611 612 613 614 615 616 617 618 619 620 621 622 623 624 627 628 630 636 637 638 639 640 641 642 643 645 647 648 649 650 651 652 653 654 655 656 659 661 662 663 664 665 667 668 669 670 671 672 673 676 677 678 679 680 681 682 683 685 686 687 688 689 690 691 692 693 694 695 696 697 698 699 700 701 702 703 704 705 706 707 708 709 710 711 712 713 714 715 716 717 718 719 720 721 722 723 724 725 726 727 728 731 732 733 734 735 736 737 738 739 740 741 742 743 746 747 750 751 752 753 754 755 756 757 758 764 765 766 767 768 769 770 771 772 773 774 775 776 777 778 779 782 783 784 0
14 15 16 17 18 19 20 21 22 23 24 25 26 27 29 30 31 32 33 35 40 41 42 43 44 45 46 47 48 49 50 53 54 55 56 57 59 60 61 62 63 64 65 66 67 68 69 70 71 73 75 76 77 78 79 80 81 82 83 85 88 89 90 91 92 93 94 95 96 97 99 100 101 102 103 104 105 106 107 108 109 110 112 113 115 116 117 118 119 120 121 122 123 124 125 126 127 129 131 132 133 134 135 136 137 138 139 140 141 142 144 145 146 147 148 149 150 151 152 153 154 155 156 157 158 159 161 163 164 166 167 168 169 173 174 177 178 180 181 182 189 192 194 195 197 210 211 212 213 214 215 216 217 225 226 228 229 230 232 234 235 239 240 242 243 244 245 246 247 248 249 250 251 252 253 256 257 259 260 261 262 263 264 265 266 267 269 270 271 272 273 274 275 276 277 278 279 281 282 283 284 285 286 287 289 291 292 293 295 296 297 299 300 301 304 305 306 307 308 309 310 311 312 313 314 315 316 317 318 319 320 321 322 323 324 326 327 328 329 330 331 332 333 335 336 337 340 341 342 343 345 346 347 348 349 350 351 354 355 356 358 359 360 361 362 363 364 365 373 374 375 376 377 378 379 387 388 389 392 393 394 395 396 397 398 399 400 401 402 403 404 405 415 418 419 420 421 422 423 424 425 426 428 429 430 432 433 439 440 441 442 443 444 445 446 447 448 449 452 453 454 455 456 457 459 461 462 463 465 467 468 469 470 471 472 474 476 477 479 480 481 482 483 485 487 488 491 493 494 495 496 497 498 499 500 501 502 504 505 506 507 508 509 510 511 512 513 514 515 517 518 519 520 521 522 523 524 525 526 527 528 529 532 535 536 537 538 539 540 541 542 544 545 546 550 551 552 553 554 555 556 560 567 568 569 570 574 577 578 579 580 582 583 584 585 586 588 589 591 592 593 594 595 602 604 605 616 619 620 621 622 623 624 626 627 628 629 630 632 634 636 641 642 644 648 649 651 653 654 655 656 658 663 664 665 666 667 668 669 670 672 674 675 676 678 680 681 682 683 685 686 690 691 694 695 697 698 700 703 704 705 706 707 709 710 711 712 713 714 716 717 718 719 720 721 722 723 724 725 726 727 728 731 732 733 734 735 736 737 740 741 742 746 747 748 750 751 754 755 756 763 764 765 766 767 769 770 771 777 779 781 783 784 0
2 6 7 9 10 11 12 13 14 16 17 18 19 20 21 22 23 24 25 27 28 29 30 31 32 33 34 35 38 39 40 41 42 43 44 45 46 47 48 49 50 56 58 59 60 61 63 67 68 69 70 73 74 75 76 77 79 80 81 82 83 89 90 91 98 99 100 101 102 105 106 107 108 110 113 114 115 116 117 118 119 121 122 123 124 125 126 127 128 129 130 131 132 133 134 135 136 137 138 139 142 143 144 145 146 150 152 153 154 156 157 158 159 160 161 163 164 165 166 167 168 169 171 172 173 174 175 178 179 180 181 182 184 185 186 187 188 189 190 193 194 196 197 200 202 203 204 205 206 208 209 210 212 213 214 215 216 217 218 219 220 222 223 224 225 226 227 228 229 230 231 232 233 234 235 236 237 238 241 242 243 244 245 246 247 249 250 251 252 253 254 255 256 257 258 259 260 262 263 264 265 266 268 269 270 271 272 273 274 275 276 277 278 279 280 281 282 283 284 285 286 290 291 292 294 295 296 297 298 299 300 301 302 303 304 306 307 308 309 310 311 312 313 314 315 316 317 318 319 320 321 322 324 325 326 327 328 329 331 332 333 334 337 341 342 345 346 347 348 349 350 353 356 357 360 361 362 363 364 366 367 368 369 370 371 373 374 375 376 377 381 382 383 384 385 390 391 392 0
1 2 4 5 6 7 13 14 15 17 18 19 20 21 22 23 24 25 26 28 29 30 31 32 33 34 35 36 37 39 40 42 44 46 47 48 49 50 51 52 55 56 57 58 63 64 66 67 68 70 72 73 74 75 76 77 78 79 80 81 82 83 84 85 86 87 89 90 91 93 97 98 99 100 101 103 105 106 107 108 109 110 111 112 113 114 115 116 117 118 119 120 121 122 123 124 125 126 127 128 129 130 131 132 133 137 138 139 140 141 142 143 146 147 148 149 150 151 152 153 154 156 157 158 159 160 161 162 164 165 166 167 168 169 170 171 172 173 174 175 176 177 178 179 180 182 183 184 186 187 188 189 190 191 192 193 194 195 196 197 200 202 203 204 209 210 212 214 216 217 218 219 220 222 223 224 225 226 228 229 230 231 232 233 234 235 236 237 238 240 242 243 244 245 246 248 249 251 252 253 255 256 257 258 259 260 262 263 264 265 266 267 268 269 270 271 272 273 276 277 278 279 281 283 284 285 286 287 288 289 291 292 293 294 295 296 297 300 301 302 303 304 313 316 317 318 319 320 322 323 324 325 327 328 329 330 331 332 333 334 336 337 339 340 341 342 343 344 346 347 348 349 351 352 354 355 356 357 358 359 362 363 364 366 367 368 369 370 371 372 373 374 375 376 377 378 379 381 384 385 387 388 389 390 391 392 0
5 6 8 9 10 11 12 13 15 16 19 22 24 27 29 30 32 0

66
1 2 3 4 5 6 7 8 9 10 11 12 13 14 15 16 17 18 19 20 21 22 23 24 25 26 27 28 29 30 31 32 33 34 35 36 37 38 39 40 41 42 43 44 45 46 47 48 49 50 51 52 53 54 55 56 57 58 59 60 61 62 63 64 65 66 67 68 69 71 72 73 74 75 76 77 78 79 80 81 82 84 85 86 87 88 89 90 91 92 94 95 96 97 98 99 100 101 102 103 104 105 106 107 108 109 110 111 112 113 114 115 116 117 118 119 120 121 122 123 124 125 126 127 128 129 130 131 132 133 134 135 136 137 138 139 140 141 142 143 144 145 146 147 149 150 151 152 153 154 155 156 157 158 159 160 161 162 163 164 165 166 167 168 169 170 171 172 173 174 175 176 177 178 179 180 181 182 183 184 185 186 187 188 189 190 191 192 193 194 195 196 197 200 201 202 203 204 205 206 207 212 214 215 216 217 218 219 220 221 223 227 228 229 230 231 232 233 234 235 236 245 246 248 250 251 252 259 260 261 262 264 265 266 271 272 273 274 275 276 277 278 279 280 285 286 287 288 289 290 291 295 297 298 299 300 301 302 309 311 312 313 314 315 316 323 326 327 328 329 330 337 339 340 341 342 343 344 350 351 352 353 354 355 356 357 358 362 363 366 367 393 394 395 396 397 398 399 400 401 402 403 404 405 406 407 408 409 410 411 412 413 414 415 416 417 418 419 420 421 422 423 424 425 426 427 428 429 430 431 432 433 434 435 436 437 438 439 440 441 442 443 444 445 446 448 449 450 451 452 453 454 455 456 457 458 459 460 461 462 463 464 465 466 467 468 469 470 471 472 473 474 475 476 477 478 479 480 481 482 483 484 485 486 487 488 489 490 491 492 493 494 495 496 497 498 499 500 501 502 503 504 505 506 507 508 509 510 511 512 513 514 515 516 517 518 519 520 521 522 523 524 525 526 527 528 529 530 531 532 533 534 535 536 537 538 539 540 541 542 543 544 545 546 547 548 549 551 552 553 554 555 556 557 558 559 560 561 562 563 564 565 566 567 568 569 570 571 572 573 574 575 576 577 578 579 580 581 582 583 584 585 586 587 588 590 591 592 593 594 595 596 597 598 599 600 603 604 605 606 607 608 609 610 611 612 613 614 615 616 617 618 619 620 621 622 623 624 625 626 627 630 631 633 634 635 636 637 638 639 640 642 643 644 645 646 648 649 650 651 652 653 654 655 656 657 658 659 660 661 662 663 664 665 666 667 668 669 670 671 673 674 675 676 677 678 679 680 681 682 683 686 687 688 689 690 691 692 693 694 695 696 697 698 701 702 703 704 705 706 707 708 710 715 716 717 718 719 720 721 722 723 724 725 726 727 728 729 730 731 733 734 735 736 737 738 739 740 741 742 743 744 745 746 747 748 750 751 752 753 754 755 756 758 759 760 761 762 763 765 766 768 769 770 771 773 774 775 776 777 778 780 781 782 783 784 0
1 2 3 4 5 6 7 8 9 10 14 15 16 17 18 19 20 21 22 23 24 25 26 27 28 29 30 31 32 33 34 35 36 37 38 39 40 41 42 43 44 45 46 47 48 49 50 51 52 53 55 56 57 58 59 60 61 62 63 64 65 66 67 69 70 71 72 73 74 76 77 78 79 81 82 83 84 85 86 87 88 89 90 91 92 93 94 95 98 99 100 101 102 103 105 106 113 114 115 116 118 119 120 121 122 127 128 129 130 131 132 133 134 135 136 137 138 139 141 142 143 144 145 146 147 148 149 150 151 152 153 155 156 157 158 159 160 161 162 164 165 166 167 168 169 170 171 172 173 176 177 178 179 180 181 182 184 185 186 187 188 190 191 192 193 194 195 196 197 198 199 200 201 202 203 204 205 206 207 208 210 211 212 213 214 215 216 217 218 219 220 221 222 223 225 226 227 228 229 230 231 232 233 234 235 236 237 238 239 240 241 242 243 244 245 246 247 248 249 251 252 253 254 256 257 258 259 260 261 262 263 264 265 266 267 268 269 270 271 272 273 274 275 276 277 278 279 280 281 282 283 284 285 286 287 288 289 290 295 296 297 298 300 301 302 303 304 309 310 311 312 313 314 315 316 317 318 323 324 325 326 327 328 329 330 331 332 337 338 339 340 341 342 343 344 345 346 348 349 350 351 352 353 354 355 356 357 358 360 362 363 364 365 366 367 368 369 370 373 374 375 376 377 378 379 392 393 394 395 396 397 398 399 400 401 402 403 404 405 407 408 409 410 411 412 414 415 416 417 418 419 420 424 426 427 428 429 430 431 432 434 441 442 443 445 446 447 448 449 453 454 455 456 457 458 459 460 461 462 463 464 466 467 469 470 471 472 473 474 475 476 477 478 479 481 482 483 484 485 486 487 488 489 491 492 493 494 495 496 497 499 500 504 505 506 507 508 509 510 512 513 518 519 520 521 522 523 524 525 527 528 529 530 531 532 533 534 535 536 537 538 539 540 541 544 545 546 548 549 550 551 552 553 554 555 556 557 560 563 568 574 575 576 577 580 581 582 583 586 587 588 589 590 591 592 593 594 595 596 597 598 602 603 604 605 606 607 608 609 610 611 612 613 614 615 616 618 619 620 621 622 623 624 625 626 627 628 629 630 634 635 636 637 638 639 640 641 642 643 644 648 649 651 652 653 654 655 656 657 658 660 662 663 664 665 666 667 668 669 670 671 672 674 675 676 677 678 679 680 681 682 684 685 686 687 688 689 690 691 692 693 694 695 696 700 701 702 703 704 705 706 707 708 714 715 716 717 718 719 720 721 728 729 730 731 732 733 734 735 736 737 740 741 742 743 744 745 746 747 748 749 750 752 753 754 755 756 758 759 761 762 763 766 768 769 770 771 783 784 0
1 2 3 4 5 6 7 11 12 13 14 15 16 17 18 19 20 21 22 23 24 25 26 27 28 29 30 31 33 34 35 37 38 39 40 41 42 44 46 48 49 50 51 52 53 54 55 56 57 58 59 60 61 62 63 65 67 68 69 70 71 72 73 74 75 78 79 80 81 82 85 86 87 88 90 91 92 93 94 97 98 99 100 101 102 103 104 105 106 107 108 109 110 111 112 113 114 115 116 117 118 119 120 121 122 123 124 125 126 127 128 129 130 131 132 133 134 135 136 137 138 140 141 142 143 144 146 148 149 150 151 152 153 154 155 156 157 158 159 160 161 164 165 166 167 168 169 170 172 173 174 175 176 177 178 179 183 184 185 186 188 189 191 195 196 197 198 199 200 201 202 203 204 205 206 207 208 209 211 213 214 215 216 217 219 220 221 222 223 224 225 226 227 228 229 231 232 233 234 235 236 238 240 242 243 244 245 246 247 248 249 250 251 252 253 254 255 256 257 258 259 261 262 263 264 265 266 267 268 269 270 271 272 273 274 275 276 277 278 280 281 282 283 286 287 288 289 290 292 293 294 295 296 297 298 299 300 301 302 303 305 306 308 309 310 311 312 313 314 315 316 317 318 319 320 322 323 324 325 326 328 329 330 331 332 333 334 336 337 338 339 340 341 342 344 345 346 347 348 349 350 352 353 354 355 356 357 360 361 362 363 365 366 367 368 369 371 372 373 374 375 376 379 380 381 382 383 387 388 389 390 392 0
1 2 3 4 5 7 8 10 12 13 14 16 17 18 19 20 21 22 23 24 25 26 27 28 29 31 32 36 37 38 40 41 42 43 44 45 46 48 50 51 52 53 54 55 56 57 58 59 60 61 62 66 67 69 70 71 72 73 74 75 76 77 78 79 80 82 84 85 86 87 89 90 91 92 93 94 96 97 98 100 101 102 103 105 107 109 110 112 113 114 115 116 117 119 120 121 127 128 129 134 139 140 141 145 146 147 148 150 151 152 153 155 156 157 158 159 161 163 164 166 167 168 169 170 171 172 173 175 176 177 178 179 180 182 183 184 186 187 188 190 191 192 193 194 196 197 198 199 200 201 202 204 205 206 207 208 209 210 213 214 215 217 218 219 220 221 223 224 225 226 227 228 229 230 232 235 236 238 239 240 241 245 246 247 248 249 252 253 255 256 257 258 260 261 262 263 264 265 266 268 269 270 271 272 274 275 276 278 280 281 282 286 287 289 290 291 292 293 294 295 296 297 298 299 300 301 302 303 304 305 306 309 310 312 313 316 317 318 319 320 321 322 323 324 325 327 329 330 331 332 333 335 337 338 341 342 343 344 345 346 347 348 349 350 351 352 353 354 355 358 359 360 361 362 363 364 365 366 367 368 369 370 373 374 375 376 377 378 379 380 381 383 385 386 387 388 390 392 0
4 6 7 8 9 10 13 14 18 23 24 26 28 30 31 0

67
1 2 3 4 5 6 7 8 9 10 11 12 13 14 15 16 17 18 19 20 21 22 23 24 25 26 27 28 29 30 31 32 33 34 35 37 38 39 40 41 42 43 44 45 46 47 48 50 51 52 53 54 55 56 57 58 59 60 61 62 63 64 65 66 67 68 69 70 71 72 73 74 75 76 77 78 79 80 81 82 83 84 85 86 87 88 89 90 91 92 93 94 96 97 98 99 100 101 102 103 104 105 106 107 108 109 110 111 112 113 114 115 116 117 118 119 120 121 122 123 124 125 126 127 128 129 130 131 132 133 134 135 136 137 138 139 140 141 142 143 144 145 146 147 148 149 150 151 152 153 154 155 156 157 158 159 160 161 162 163 164 165 166 167 168 169 170 171 172 173 174 175 176 177 178 179 180 181 182 183 184 185 186 187 188 189 190 191 192 193 194 195 196 201 202 203 205 206 207 214 215 218 219 220 221 226 227 228 230 231 232 233 234 235 236 244 245 246 247 248 255 258 259 260 261 271 272 273 274 275 276 277 285 286 287 288 289 290 291 292 296 298 299 300 301 302 303 304 305 306 312 313 314 315 316 317 318 319 320 323 325 326 327 328 329 330 331 332 333 337 340 341 342 343 344 345 346 355 356 357 358 359 365 366 367 368 369 373 393 394 395 396 397 398 399 400 401 402 403 404 405 406 407 408 409 410 411 412 413 414 415 416 417 418 419 420 421 422 423 424 425 426 427 428 429 430 431 432 433 434 435 436 437 438 439 440 441 442 443 444 445 446 447 448 449 450 451 452 453 454 455 456 457 458 459 460 461 462 463 464 465 466 467 468 469 470 471 472 474 475 476 477 478 479 480 481 482 483 484 485 486 487 488 489 490 491 492 493 494 495 496 497 498 499 500 501 502 503 504 505 506 507 508 509 510 511 512 513 514 515 516 517 518 519 520 521 522 523 524 525 526 527 528 529 530 531 532 533 534 535 537 538 539 540 541 542 543 544 545 546 547 548 549 550 551 552 553 554 555 556 557 558 559 560 561 562 563 564 565 566 567 568 569 570 571 572 573 574 575 576 577 578 579 580 581 582 583 584 585 586 587 588 589 590 591 592 593 594 595 597 603 604 605 606 607 608 609 610 611 612 613 614 615 616 617 618 619 622 623 624 625 626 627 628 629 630 633 634 637 638 645 646 650 651 652 653 654 658 662 663 664 665 666 667 668 673 674 675 676 677 678 679 680 681 682 683 684 686 687 688 690 691 692 693 694 695 697 698 699 700 701 702 703 704 705 706 707 708 709 710 711 715 716 718 719 720 721 722 723 724 725 727 728 729 730 732 733 734 735 736 737 738 739 743 744 745 746 747 748 749 750 751 752 753 754 755 756 757 758 759 760 761 762 767 768 769 770 771 772 773 774 776 777 778 779 780 781 782 784 0
1 2 3 8 9 10 11 14 15 16 17 18 19 20 21 22 23 24 25 26 27 29 30 31 32 33 34 35 36 37 38 39 41 43 44 45 46 47 49 50 51 52 53 55 57 58 59 60 62 63 64 65 66 71 72 73 74 75 76 77 78 79 80 82 85 86 87 89 90 91 92 93 94 95 97 99 100 101 102 103 104 105 106 107 108 109 110 113 114 116 117 118 119 120 121 122 123 124 127 128 131 132 133 134 136 137 138 141 142 143 144 146 147 148 149 150 151 155 156 157 158 160 161 162 163 169 170 171 172 173 174 175 177 178 179 180 183 184 185 186 187 188 190 191 192 193 194 195 197 198 199 200 201 202 203 204 205 206 207 208 210 211 212 213 214 215 216 217 218 219 220 221 223 225 226 227 228 229 230 231 232 233 234 235 237 239 240 241 242 243 244 246 247 248 249 253 254 255 256 257 258 259 260 261 262 267 268 270 271 273 274 275 276 281 282 283 284 285 286 287 288 289 290 291 292 295 296 297 298 300 301 302 303 304 305 306 309 310 311 312 313 314 315 318 319 320 323 324 325 327 328 329 330 331 332 333 334 337 338 341 342 343 344 345 346 347 351 352 353 354 355 356 357 358 359 365 366 367 368 369 370 371 374 379 380 381 392 393 394 395 396 397 398 399 400 401 402 403 404 405 407 408 409 410 411 412 413 414 415 416 417 418 420 426 427 428 429 431 433 434 441 442 443 444 448 449 450 451 453 454 455 456 457 458 459 460 461 462 467 468 470 471 472 474 475 476 477 478 479 480 481 482 483 484 485 486 487 488 490 491 492 493 494 495 496 497 498 499 500 501 502 503 504 507 508 509 510 511 512 513 514 516 517 518 519 520 521 522 523 524 525 526 527 528 529 530 532 533 537 538 539 540 541 542 543 546 547 548 549 550 551 552 553 554 555 556 557 560 561 562 563 564 565 567 569 570 571 572 574 575 576 577 578 579 580 581 582 583 584 585 588 589 590 591 592 593 594 595 596 597 598 599 602 603 604 605 606 607 608 609 610 611 612 613 616 618 619 620 621 622 623 624 625 626 627 629 630 635 637 638 639 640 641 644 646 647 649 650 652 658 665 666 667 672 676 677 679 680 681 683 686 688 689 691 692 693 694 695 696 697 700 704 705 706 707 709 710 711 712 713 714 715 716 717 718 719 720 721 722 723 724 726 728 732 733 734 735 736 737 742 743 744 746 748 749 750 751 752 756 757 758 759 760 762 763 764 765 766 770 771 772 784 0
1 2 3 4 5 10 11 12 16 17 18 23 24 25 26 27 30 31 32 33 34 35 36 37 38 39 40 41 42 43 44 47 50 51 52 53 54 55 56 57 58 59 61 62 67 68 69 74 75 76 77 78 80 81 82 83 84 85 86 88 89 92 93 94 99 100 101 102 103 104 105 106 107 108 109 110 111 113 114 115 116 117 118 119 120 121 123 125 127 128 129 130 131 132 134 135 138 139 140 141 143 144 145 147 148 149 150 151 154 155 156 157 158 159 160 161 164 165 166 170 171 172 173 174 175 176 177 178 179 180 181 183 185 186 187 188 189 190 191 197 199 200 201 202 203 204 205 206 207 208 209 210 213 214 215 216 217 218 219 220 221 222 223 224 225 226 227 228 229 230 231 232 233 234 235 236 237 238 239 241 245 246 247 248 249 250 251 252 253 254 256 257 258 260 261 263 264 265 267 268 269 270 271 272 273 275 276 277 278 279 280 281 282 283 284 286 287 288 289 290 291 292 293 295 296 297 298 299 301 302 304 305 306 307 308 309 310 311 312 313 314 316 317 318 319 320 321 322 323 325 326 327 328 330 331 332 333 334 335 336 337 338 340 341 342 344 345 346 347 348 349 350 353 354 355 356 360 361 362 363 366 367 368 369 370 371 373 374 375 376 378 379 381 382 383 384 385 386 387 389 390 0
1 3 4 5 10 11 14 16 17 18 19 20 21 22 25 26 27 28 30 31 32 34 35 36 37 38 39 40 41 42 43 45 47 48 49 50 52 53 55 56 57 58 59 60 61 62 63 64 66 67 68 69 72 73 74 75 76 77 79 80 82 83 84 85 86 87 88 90 91 92 93 94 95 97 98 99 101 102 103 104 106 107 108 109 110 113 114 115 116 119 121 122 123 124 125 126 127 128 129 130 131 134 135 136 138 141 142 143 145 146 147 148 150 151 152 153 155 156 157 158 159 162 164 165 166 167 168 169 170 171 172 173 174 175 178 179 181 182 183 184 185 187 188 189 190 191 192 193 194 195 196 197 198 199 200 201 202 203 204 206 207 208 211 212 213 214 215 216 217 218 219 220 221 223 224 225 226 227 228 229 230 231 232 233 234 235 237 240 241 242 243 245 246 249 250 251 252 253 254 255 256 257 258 259 260 261 262 263 264 266 267 268 269 270 273 274 275 277 278 280 281 282 287 288 289 290 291 292 293 294 295 296 297 298 299 300 301 302 303 305 306 309 310 311 312 313 314 317 318 319 320 321 323 324 325 326 328 330 332 333 334 335 336 338 340 342 343 344 345 346 347 348 349 350 351 352 353 354 355 356 357 358 359 360 361 362 363 366 367 368 370 371 373 375 376 377 378 379 380 382 383 384 386 387 392 0
2 4 5 6 7 9 10 11 13 14 15 16 17 20 21 23 27 29 30 0

68
1 2 3 4 5 6 7 8 9 10 11 12 13 14 15 16 17 18 19 20 21 22 23 24 25 26 27 28 29 30 31 32 33 34 35 36 37 38 39 40 41 42 43 44 45 46 47 48 49 50 51 52 53 54 55 56 57 58 59 60 61 62 63 64 65 66 67 68 69 70 71 72 73 74 75 76 77 78 79 82 83 84 85 86 87 88 89 90 91 92 93 94 95 96 97 98 99 100 101 102 103 104 105 106 107 108 109 110 111 112 113 114 115 116 117 118 119 120 121 122 123 124 125 126 127 128 129 130 131 132 133 134 135 136 137 138 139 140 141 142 143 144 145 146 147 148 149 150 151 152 153 154 155 156 157 158 160 161 162 163 164 165 166 167 168 169 170 171 172 173 174 175 176 177 178 179 180 181 182 183 184 185 186 187 188 189 190 191 192 193 194 195 196 211 228 229 231 232 233 234 235 236 243 244 245 246 247 248 259 260 261 262 263 273 274 275 276 277 286 287 288 289 291 300 301 302 303 314 315 316 317 318 323 324 325 326 328 329 330 331 332 333 338 341 342 343 344 345 346 347 348 355 356 357 358 365 369 370 371 375 379 380 381 393 394 395 396 397 398 399 400 401 402 403 404 405 406 407 408 409 410 411 412 413 414 415 416 417 418 419 420 421 422 423 424 425 426 427 428 429 430 431 432 433 434 435 436 437 438 439 442 443 444 445 446 447 448 449 450 451 452 453 454 455 456 457 458 459 460 461 462 463 464 465 466 467 468 469 470 471 472 473 474 475 476 477 478 479 480 481 482 483 484 485 486 487 488 489 490 491 492 493 494 495 496 497 498 499 500 501 502 503 504 505 506 507 508 509 510 511 512 513 514 515 516 517 518 519 520 521 522 523 524 525 526 527 529 530 531 532 533 534 535 536 537 538 539 540 541 542 543 544 545 546 547 548 549 550 551 552 553 554 555 556 557 558 559 560 561 562 563 564 565 566 567 568 569 570 571 572 573 574 575 576 577 578 579 580 581 582 583 584 585 586 587 588 589 590 591 592 599 600 606 607 608 609 610 611 612 613 614 615 616 617 618 619 620 621 622 623 624 625 626 629 630 635 636 637 639 640 641 644 645 651 652 653 654 655 656 657 658 659 660 661 665 666 668 672 673 674 675 676 677 678 679 680 681 682 687 688 689 692 693 694 695 696 697 701 702 703 704 705 706 707 708 709 710 711 712 713 714 715 716 717 720 721 722 723 724 725 726 727 728 733 734 735 737 738 739 740 741 743 744 745 747 748 749 752 753 757 758 759 760 761 762 763 764 767 768 769 770 771 772 773 774 776 777 778 779 780 781 782 783 784 0
1 14 15 16 17 18 19 20 21 22 23 24 25 26 27 29 30 31 32 33 34 35 36 37 38 39 40 41 43 44 45 46 47 48 49 50 51 52 53 54 55 56 57 61 63 64 65 66 67 69 71 72 73 77 78 79 80 81 83 85 86 87 90 91 92 93 94 97 99 100 101 102 104 105 106 107 108 110 111 113 114 115 116 118 119 120 121 122 124 127 128 129 130 132 133 134 135 139 141 142 143 144 145 146 147 148 149 153 155 156 157 160 161 162 164 165 166 167 169 170 171 174 175 176 178 179 180 183 184 185 186 187 191 192 193 194 195 197 202 203 204 205 206 207 208 210 211 212 213 214 215 216 217 218 219 220 221 222 223 225 226 227 228 229 231 232 234 236 237 239 240 241 242 245 246 247 248 249 251 253 258 259 260 261 262 263 264 267 268 274 275 276 277 278 281 282 283 284 286 288 289 290 295 296 297 298 299 300 301 302 303 304 309 310 311 312 313 314 315 316 317 318 323 324 325 326 327 328 329 330 331 332 333 335 337 338 339 340 341 343 344 345 347 348 349 351 352 356 357 358 360 361 362 363 365 366 367 370 371 372 375 376 377 379 380 381 383 384 385 386 392 393 394 395 396 397 398 399 400 401 402 403 404 405 407 408 409 410 412 413 414 415 416 417 420 423 425 426 427 428 429 430 432 433 434 438 439 440 441 442 443 444 445 448 449 454 455 456 457 458 459 460 462 463 468 469 470 473 474 476 477 478 479 481 482 483 484 485 486 487 490 491 493 494 496 499 500 502 504 505 506 507 508 510 512 513 514 515 518 519 520 524 527 528 529 530 532 537 538 539 540 541 542 543 545 546 550 551 552 556 557 560 561 562 563 564 565 566 567 568 574 575 576 578 579 580 581 582 583 584 585 586 588 589 593 594 595 596 597 598 602 603 604 605 606 607 608 609 610 611 612 613 614 616 618 619 620 621 622 623 624 625 626 627 628 629 630 632 633 634 636 637 640 644 651 652 653 654 655 658 665 668 669 670 672 674 678 679 680 681 686 688 689 690 692 700 701 702 703 704 706 707 708 709 710 714 715 716 717 718 720 723 724 725 728 730 731 733 734 735 737 742 747 748 749 752 753 754 756 757 758 760 761 762 763 764 766 767 770 771 772 773 775 776 777 778 784 0
1 2 3 4 5 6 7 10 11 12 13 14 17 18 19 20 21 22 23 24 25 27 28 29 31 32 33 34 37 38 39 40 41 42 44 45 46 47 48 50 51 55 58 61 62 68 69 71 72 75 76 78 79 80 82 88 89 90 92 93 94 95 99 100 101 102 103 104 105 106 107 108 109 110 111 112 113 114 115 116 117 122 123 124 125 126 127 128 130 131 134 135 136 137 138 141 142 143 144 146 149 151 152 154 155 156 157 158 159 160 161 164 166 167 168 169 171 172 173 176 177 178 179 180 182 183 184 185 186 187 189 192 193 197 199 201 202 203 206 207 208 209 210 213 214 215 216 217 220 221 222 223 224 226 227 228 229 230 231 233 234 235 236 237 238 240 242 243 245 246 247 248 249 250 251 252 253 254 255 256 257 258 262 263 265 267 270 272 274 275 276 277 278 279 280 281 283 284 285 286 288 290 291 292 293 295 296 297 298 299 300 301 302 305 307 309 311 312 314 316 317 318 319 320 322 323 324 325 326 327 330 332 333 334 335 336 337 338 339 340 341 342 345 346 347 348 349 350 353 354 356 357 360 361 362 364 365 367 368 369 372 374 375 376 381 382 383 384 386 388 389 0
1 3 4 6 8 11 13 14 15 18 20 21 22 23 24 25 26 27 28 29 30 31 32 33 34 35 36 38 39 40 42 44 45 46 47 50 51 52 53 54 55 56 57 58 59 60 61 63 65 69 70 72 74 75 76 78 79 83 84 87 89 90 91 92 93 94 95 98 99 100 101 102 103 104 105 108 110 111 112 113 114 115 116 117 118 119 121 122 123 124 125 127 128 129 130 131 133 134 135 136 137 138 142 143 144 145 146 147 150 151 152 154 155 157 158 159 160 161 163 165 166 168 171 172 173 175 176 178 182 183 184 185 186 189 192 193 194 196 197 198 199 200 202 203 204 206 207 208 209 210 211 212 214 215 216 218 219 221 222 223 225 228 229 230 231 232 233 234 235 236 238 239 242 243 244 245 246 247 248 250 252 253 255 257 258 259 260 261 263 264 266 267 268 269 270 271 272 273 274 275 276 277 278 279 280 281 283 284 285 287 288 289 290 291 292 293 294 295 296 297 300 301 302 303 309 312 316 325 332 334 335 338 342 343 344 345 346 347 348 349 350 351 352 353 356 357 358 360 363 364 365 369 370 374 375 376 377 378 379 380 382 383 384 386 387 389 390 391 392 0
1 3 4 9 13 18 19 20 21 22 23 24 25 26 29 30 32 0

69
1 2 3 4 5 6 7 8 9 10 11 12 13 14 15 16 17 18 19 20 21 22 23 24 25 26 27 28 29 30 31 32 33 34 35 36 37 38 39 40 41 42 43 44 45 46 47 48 49 50 51 52 53 54 55 56 57 58 59 60 61 62 63 65 66 67 68 69 70 71 72 73 74 75 76 77 78 79 80 81 82 83 84 85 86 87 88 89 90 91 92 93 94 95 97 98 99 100 101 102 103 104 105 106 107 108 109 110 111 112 113 114 115 116 117 118 119 120 121 122 123 124 125 126 127 128 129 130 131 132 133 134 135 136 137 138 139 140 141 142 143 144 145 146 147 148 149 150 151 152 153 154 155 156 157 158 159 160 161 162 163 164 165 167 168 169 170 171 172 173 174 175 176 177 178 179 180 181 182 183 184 185 186 187 188 189 190 191 192 193 194 195 196 207 208 209 211 212 216 217 218 219 230 231 232 233 234 239 241 242 243 244 245 246 247 248 249 250 253 254 255 256 257 258 259 260 261 262 263 264 265 269 270 271 274 275 276 277 278 279 283 284 285 286 290 291 292 293 294 297 298 305 306 307 311 312 313 320 321 322 323 324 325 326 327 328 333 334 335 336 337 338 339 340 341 342 343 344 345 346 347 348 349 351 352 353 354 355 356 357 358 359 360 361 362 363 370 371 372 373 374 375 381 382 393 394 395 396 397 398 399 400 401 402 403 404 405 406 407 408 409 410 411 412 413 414 415 416 417 418 419 420 421 422 423 424 425 426 427 428 429 430 431 432 433 434 435 436 437 438 439 440 441 442 443 444 445 446 447 448 449 450 451 452 453 454 455 456 457 458 459 460 461 462 463 464 465 466 467 468 469 470 472 473 474 475 476 477 478 479 480 481 482 483 484 485 486 487 488 489 490 491 492 493 494 495 496 497 498 499 500 501 502 503 504 505 506 507 508 509 510 511 512 513 514 515 516 517 518 519 520 521 523 524 525 526 527 528 529 530 531 532 533 534 535 536 537 538 539 540 541 542 543 544 545 546 547 548 549 550 551 552 553 554 555 556 557 558 559 560 561 562 563 564 565 566 567 568 569 570 571 572 573 574 575 576 577 578 579 580 581 582 583 584 585 586 587 588 589 607 608 609 610 611 612 613 615 616 617 618 619 620 621 622 623 624 625 626 627 628 629 631 632 633 634 635 636 637 638 639 640 641 645 646 647 648 649 650 651 652 653 654 655 656 658 659 661 662 663 664 665 666 667 668 669 670 671 672 674 675 676 683 684 685 686 687 688 689 690 691 692 697 698 699 700 701 702 703 704 705 712 713 715 716 717 718 719 720 721 722 723 724 725 726 727 728 729 730 731 732 733 734 735 736 737 738 739 740 741 742 743 744 745 746 747 748 749 750 751 753 754 757 758 759 760 761 763 764 765 766 771 772 773 774 775 776 777 778 781 782 783 784 0
7 8 14 15 16 17 18 19 24 25 26 27 29 30 31 32 33 34 35 36 37 39 40 43 44 45 46 47 48 49 50 51 52 53 54 55 57 58 59 60 61 62 63 64 65 66 67 68 69 70 71 73 74 75 76 77 80 81 82 83 84 85 87 88 89 91 92 93 94 95 96 97 98 99 101 102 103 104 105 108 110 111 112 113 114 115 116 117 124 125 126 127 128 129 130 131 132 133 134 135 137 138 139 140 141 142 143 144 145 146 147 148 149 150 151 152 153 154 155 156 157 160 161 162 163 164 165 166 167 168 169 170 171 172 173 174 175 176 177 178 179 183 184 185 186 187 188 189 190 193 194 197 203 210 211 212 214 215 216 217 218 225 226 227 228 229 230 231 232 233 234 239 240 241 242 243 244 245 246 247 248 249 250 253 254 255 256 257 258 259 261 262 263 264 265 267 268 270 271 272 275 277 278 279 280 281 282 284 285 287 288 289 290 291 292 293 294 295 296 298 299 305 306 307 308 309 310 311 312 313 319 321 322 323 324 325 326 327 328 331 332 334 335 336 337 338 339 340 341 342 343 344 345 346 347 348 349 350 351 352 353 354 355 356 357 358 359 360 361 362 363 364 365 366 367 368 369 370 371 372 373 374 375 379 390 392 393 394 395 396 397 398 399 400 401 402 403 404 405 407 408 409 410 411 412 413 414 417 420 424 425 426 427 428 429 430 431 432 433 434 435 436 437 438 439 440 441 442 443 444 445 446 447 448 449 450 451 452 453 454 455 457 458 459 460 461 462 464 465 466 467 468 469 470 471 472 473 474 475 478 479 480 481 485 486 487 488 489 490 491 492 494 495 496 501 502 503 504 505 506 508 509 511 516 518 519 520 521 522 523 524 525 526 527 528 529 530 532 533 534 535 536 537 538 539 540 541 542 543 545 546 548 549 550 551 552 553 554 555 556 557 558 559 560 565 566 567 568 569 570 571 572 574 575 576 581 582 583 584 585 586 587 588 589 598 602 604 605 606 608 610 611 616 620 622 623 624 625 626 630 632 633 634 635 636 637 638 639 641 644 646 647 648 649 651 652 653 654 655 656 658 661 662 663 668 669 670 671 672 674 675 676 677 679 680 681 682 683 684 685 686 688 689 690 697 698 699 700 701 702 703 704 705 712 713 714 715 716 717 718 720 725 727 728 729 730 731 732 733 734 735 736 737 738 739 740 742 743 744 745 746 747 748 749 750 751 752 753 754 755 756 757 758 759 762 763 764 765 766 767 768 770 771 773 774 776 777 784 0
2 3 4 8 9 10 11 12 13 15 16 18 19 20 21 22 23 27 28 29 30 31 32 33 34 35 36 37 38 39 40 41 42 43 44 45 46 47 48 49 50 52 53 54 56 59 60 61 62 66 69 70 71 72 73 76 77 78 79 80 84 85 86 87 88 89 90 91 92 93 94 99 101 102 104 105 106 107 108 109 110 112 113 114 115 116 118 120 121 122 124 125 126 128 129 130 132 133 134 136 137 138 139 140 141 142 144 145 146 147 149 151 152 154 155 156 157 158 159 160 161 163 164 165 166 167 168 169 170 172 173 174 175 176 177 178 179 180 181 182 183 184 186 187 188 189 190 191 193 194 195 196 197 198 199 200 201 202 203 204 205 206 207 208 209 210 212 214 215 216 217 218 219 220 222 223 224 225 226 228 229 230 231 232 233 234 235 236 237 239 241 243 244 245 246 248 249 250 251 253 254 255 256 257 258 259 261 262 263 264 265 266 267 269 270 272 273 274 275 276 277 278 279 281 282 283 284 285 286 287 288 289 290 291 292 295 296 297 298 299 300 301 302 303 304 305 306 307 308 309 310 312 313 314 315 316 317 318 320 321 322 323 324 325 326 329 330 331 332 333 334 335 336 337 338 339 340 341 342 343 345 346 347 348 349 350 352 353 354 355 358 359 360 361 362 363 364 365 366 367 370 371 372 373 374 377 378 379 380 381 382 383 384 387 389 390 391 392 0
1 2 3 4 5 6 10 11 12 13 14 15 17 18 19 20 22 24 25 26 27 28 29 30 31 32 33 34 35 36 37 38 39 40 41 42 43 44 45 46 47 48 49 50 51 55 56 57 58 60 61 62 63 64 66 67 69 70 71 72 73 74 75 76 78 79 84 85 86 87 89 90 91 92 93 94 95 96 98 99 103 104 105 106 107 108 112 113 114 115 116 117 118 120 121 122 123 124 125 126 127 128 129 131 132 133 136 137 139 140 141 142 144 145 146 147 148 150 151 152 153 155 156 157 158 159 160 161 162 163 164 165 166 167 168 169 171 172 173 174 176 177 178 179 181 182 183 184 185 186 187 188 189 190 191 192 193 195 196 198 199 200 201 204 207 208 209 210 211 212 215 216 217 218 219 220 222 223 224 225 226 227 228 231 237 238 239 240 241 242 243 244 245 246 252 253 255 256 257 258 259 260 261 262 263 264 265 266 268 269 273 274 275 276 277 278 279 280 281 282 284 285 286 287 288 290 291 293 294 295 296 297 298 299 300 302 304 305 306 307 311 312 313 314 315 317 318 319 322 323 324 325 326 328 330 331 332 333 336 337 338 339 340 341 342 343 344 345 346 347 348 349 351 353 354 359 360 361 362 365 368 369 371 372 374 377 378 380 381 383 384 385 386 387 389 390 391 392 0
1 5 6 7 8 11 14 16 17 18 19 21 22 23 25 26 27 29 31 32 0

70
1 2 3 4 5 6 7 8 9 10 11 12 13 14 15 16 17 18 19 20 21 22 23 24 25 26 27 28 29 30 31 32 33 34 36 37 38 39 40 41 42 43 44 45 46 47 48 49 50 51 52 53 54 55 56 57 58 59 60 61 62 63 64 65 66 67 68 69 70 71 72 73 74 75 76 77 78 79 80 81 82 83 84 85 86 87 88 89 90 91 92 93 94 95 96 97 98 99 100 101 102 103 104 105 106 107 108 109 110 111 112 113 114 115 116 117 118 119 120 121 122 123 124 125 126 127 128 129 130 131 132 133 134 135 136 137 138 139 140 141 142 143 144 145 146 147 148 149 150 151 152 153 154 155 156 157 158 159 160 161 162 163 164 165 166 167 168 169 170 171 172 173 175 176 177 178 179 180 181 182 183 184 185 186 187 188 189 190 191 192 193 194 195 196 203 204 205 206 207 208 216 231 232 233 234 235 243 245 246 247 248 249 257 258 259 260 261 262 263 264 271 272 273 274 275 276 277 278 284 285 286 287 288 289 290 291 292 294 295 296 297 298 299 300 301 303 304 305 306 312 313 314 315 317 318 319 320 323 324 325 326 327 328 329 331 332 333 334 340 341 342 343 344 345 346 347 350 351 354 355 356 357 358 359 360 361 366 367 369 370 371 372 373 374 375 380 381 393 394 395 396 397 398 399 400 401 402 403 404 405 406 407 408 409 410 411 412 413 414 415 416 417 418 419 420 421 422 423 424 425 426 427 428 429 430 431 432 433 434 435 436 437 438 439 440 441 442 443 444 445 446 447 448 449 450 451 452 453 454 455 456 457 458 459 460 461 462 463 464 465 466 467 468 469 470 471 472 473 474 475 476 477 478 479 480 481 482 483 484 485 486 487 488 489 490 491 492 493 494 495 496 497 498 499 500 501 502 503 504 505 506 507 508 509 510 511 512 513 514 515 516 517 518 519 520 521 522 523 524 525 526 527 528 529 531 532 533 534 535 536 537 538 539 540 541 542 543 544 545 546 547 548 549 551 552 553 554 555 556 558 559 560 561 562 563 564 565 566 567 568 569 570 571 572 573 574 575 576 577 578 579 580 581 582 583 584 585 586 587 588 594 595 598 599 600 601 602 603 606 607 610 611 613 614 615 616 617 619 620 621 622 623 624 625 626 627 628 629 630 631 636 637 638 639 640 641 642 643 644 645 649 650 651 652 653 654 655 656 657 658 659 660 661 662 663 664 665 667 668 669 670 671 672 675 676 677 678 679 680 681 682 683 684 687 688 689 690 691 692 693 695 696 697 698 699 700 701 702 703 704 705 706 707 709 710 711 712 715 716 717 718 719 720 721 722 723 724 725 726 727 728 729 730 731 732 733 734 735 736 737 738 739 740 742 743 744 745 746 747 748 749 750 751 752 753 757 758 759 760 761 762 763 764 765 766 769 770 771 772 773 774 775 776 777 778 779 780 781 782 783 784 0
14 15 18 19 20 21 22 23 24 25 26 27 28 34 35 36 37 39 40 41 42 43 47 48 49 50 51 52 53 54 55 56 57 58 62 63 64 65 66 67 68 69 70 71 72 73 75 76 77 78 79 80 81 82 83 84 85 86 87 89 90 91 92 93 94 95 96 97 98 99 100 101 102 103 104 105 106 107 108 109 110 111 113 114 115 116 117 118 119 120 121 122 123 124 127 128 129 130 131 132 133 134 135 136 137 138 141 142 143 145 146 147 148 149 150 151 152 155 156 157 158 159 160 161 162 163 164 165 167 169 170 171 172 173 174 175 176 177 178 179 181 183 184 185 186 187 191 194 195 197 210 211 215 216 217 218 221 222 223 224 225 229 230 232 233 234 236 237 238 239 242 243 245 246 247 248 249 250 251 252 253 254 258 259 260 261 262 263 264 265 266 267 268 269 270 271 272 273 274 275 276 277 278 279 280 281 282 283 284 285 286 287 288 289 290 291 292 295 296 297 298 299 300 301 302 303 304 305 306 307 309 310 311 312 313 314 315 316 317 318 319 320 321 323 324 325 326 327 328 329 332 333 334 337 338 339 341 342 343 344 345 346 347 348 351 352 353 355 356 357 358 359 360 361 362 365 366 367 368 369 370 371 372 373 374 375 379 380 381 383 384 385 388 389 392 393 394 395 396 397 398 399 400 401 402 403 404 405 406 407 411 413 416 417 418 420 424 425 426 427 428 429 430 431 432 433 434 435 439 440 441 442 443 444 445 446 447 448 449 452 453 454 455 456 457 458 459 460 461 462 463 464 466 469 470 471 472 473 474 475 476 477 478 479 480 481 483 484 485 486 487 488 490 491 492 493 494 495 496 497 498 499 500 501 502 503 504 507 508 509 510 513 515 516 517 518 519 520 523 524 525 526 527 528 529 530 531 532 535 537 538 539 540 541 542 544 545 546 547 548 549 550 552 553 554 555 556 558 560 561 562 563 564 565 566 568 569 570 571 572 574 575 576 577 578 579 580 581 582 583 585 586 587 588 589 596 597 598 599 600 601 602 611 612 613 614 615 616 621 623 624 625 626 627 628 629 630 636 637 638 639 641 643 644 649 650 651 652 653 654 655 657 658 662 663 664 665 666 667 668 669 670 671 672 673 674 675 677 678 680 681 682 685 686 687 688 689 691 692 693 694 695 696 697 698 700 702 704 706 708 709 710 711 714 715 716 717 718 719 720 721 722 723 724 725 726 728 730 731 732 733 735 736 738 742 743 744 745 746 747 748 749 750 751 752 754 756 757 758 759 760 762 763 764 765 766 767 770 771 772 773 775 777 784 0
4 6 7 9 10 11 12 13 14 15 16 17 18 19 20 22 23 24 25 26 28 30 31 32 33 35 36 37 38 39 40 41 42 43 44 45 46 47 48 49 50 53 54 60 61 62 63 67 68 69 70 71 72 73 74 76 77 78 80 81 83 84 85 87 88 89 90 92 93 94 95 99 101 102 103 104 105 108 109 110 111 114 115 116 117 119 120 121 122 123 124 125 126 127 128 129 130 131 132 133 134 136 138 139 140 141 142 143 144 145 146 147 149 150 152 153 154 157 158 159 160 161 164 165 166 168 169 171 172 173 174 175 176 178 179 180 181 182 183 184 185 186 187 188 189 190 191 192 193 194 195 196 197 199 200 201 202 203 205 206 207 208 209 210 211 212 213 214 215 216 217 219 220 221 222 223 224 225 226 227 229 230 231 232 233 234 235 236 237 239 240 241 242 243 244 245 247 249 250 251 252 254 255 256 257 258 259 261 262 263 264 265 266 267 269 270 271 272 273 274 275 276 277 278 279 280 281 282 283 284 285 287 288 289 290 291 292 293 295 296 297 298 299 300 301 302 303 304 305 306 307 309 311 312 313 314 315 316 317 318 319 320 321 322 323 324 325 326 327 328 330 331 332 333 334 335 336 337 338 339 340 341 342 343 345 346 347 348 349 350 353 354 355 356 357 359 360 361 362 363 364 365 366 367 368 369 370 371 373 374 375 376 377 378 379 380 381 382 383 384 385 386 387 388 389 390 0
1 2 3 6 7 10 11 12 13 14 17 18 19 20 21 23 24 25 26 27 28 30 31 32 33 34 35 36 38 39 41 42 43 44 45 46 47 49 50 51 54 55 56 59 62 63 64 65 66 68 70 72 73 76 77 79 80 81 83 84 85 86 87 88 89 90 91 92 93 94 95 96 97 98 99 102 104 105 109 110 111 112 113 114 115 116 117 118 119 121 122 123 124 125 126 127 128 129 130 132 133 134 135 136 137 140 141 142 143 144 145 146 148 149 150 151 152 153 154 155 156 158 159 160 161 163 164 165 166 168 170 171 172 173 174 175 176 177 178 179 180 182 184 185 187 188 189 190 191 192 193 194 196 199 200 201 202 203 205 206 207 208 209 212 213 214 215 216 218 219 220 221 222 223 224 225 226 227 228 229 232 233 234 235 236 238 239 240 241 242 243 245 246 248 249 250 252 253 257 258 260 265 266 267 268 269 270 271 272 273 274 275 276 277 279 280 281 282 283 284 285 287 288 289 290 291 292 293 294 295 296 297 298 299 300 301 304 305 306 308 311 312 313 314 318 321 322 323 324 325 326 330 332 333 334 337 338 339 340 341 342 344 345 346 347 348 349 350 351 352 353 354 355 357 358 359 361 364 365 366 367 368 370 371 372 373 374 375 376 377 378 379 381 382 383 384 385 386 387 388 389 390 392 0
2 3 5 6 8 9 11 12 16 17 18 22 25 27 28 29 31 0

71
1 2 3 4 5 6 7 8 9 10 11 12 13 14 15 16 17 18 19 20 21 22 23 24 25 26 27 28 29 30 31 32 33 34 35 36 37 38 39 40 41 42 43 44 45 46 47 48 49 50 51 52 53 54 55 56 57 58 59 60 61 62 63 64 65 66 67 68 69 70 71 72 73 74 75 76 77 78 79 80 81 82 83 84 85 86 87 88 89 90 91 92 93 94 95 96 97 98 99 100 101 102 103 104 105 106 107 108 109 110 111 112 113 114 115 116 117 118 119 120 121 122 123 124 125 126 127 128 129 130 131 133 134 135 136 137 138 139 140 141 142 143 144 145 146 147 148 149 150 151 152 153 154 155 156 157 158 159 160 161 162 163 164 165 166 167 168 169 170 171 172 173 174 175 176 177 178 179 180 181 182 183 184 185 186 187 188 189 190 191 192 193 194 195 196 203 204 205 206 211 216 217 218 219 229 230 231 232 233 244 245 246 247 257 258 259 260 261 271 272 273 274 275 279 282 287 288 289 291 300 301 302 303 305 306 309 310 314 315 316 317 318 319 320 321 322 327 329 330 331 332 333 334 335 336 339 340 341 342 343 344 345 346 347 348 349 350 355 356 357 358 359 360 363 364 367 368 369 370 371 372 373 374 393 394 395 396 397 398 399 400 401 402 403 404 405 406 407 408 409 410 411 412 413 414 415 416 417 418 419 420 421 422 423 424 425 426 427 428 429 430 431 432 433 434 435 436 437 438 439 440 441 442 443 444 445 446 447 448 449 450 451 452 453 454 455 456 457 458 459 460 461 462 463 464 465 466 467 468 469 470 471 472 473 474 475 476 477 478 479 480 481 482 483 484 485 486 487 488 489 490 491 492 493 494 495 496 497 498 499 500 501 502 503 504 505 506 507 508 509 510 511 512 513 514 515 516 517 518 519 520 521 522 523 524 526 527 528 529 530 531 532 533 534 535 536 537 538 539 540 541 542 543 544 545 546 547 548 549 550 551 552 553 554 555 556 557 558 559 560 561 562 563 564 565 566 567 568 569 570 571 572 573 574 575 576 577 578 579 580 581 582 583 584 585 586 587 588 589 594 595 602 603 604 606 607 609 610 611 613 616 617 618 619 620 621 622 623 624 625 626 631 632 633 634 635 636 637 638 639 640 641 644 645 646 647 648 649 650 651 652 653 654 655 656 657 659 660 661 663 664 665 666 667 668 669 670 671 672 673 674 675 676 677 679 680 681 682 683 684 685 686 687 688 689 690 691 693 694 695 696 697 698 699 700 701 702 703 704 705 706 707 708 709 710 711 712 713 714 715 716 717 718 719 720 721 722 723 724 725 726 727 728 729 730 731 732 733 734 735 736 738 739 740 741 742 744 745 746 747 748 749 750 751 752 753 754 755 756 757 758 759 760 761 762 763 766 767 773 774 775 776 777 778 779 780 781 782 783 784 0
7 8 14 15 16 19 22 23 24 25 27 29 30 31 34 35 36 37 38 43 44 45 47 48 49 50 51 53 57 58 59 60 61 62 63 64 65 67 68 69 71 72 73 74 76 77 78 79 80 81 82 83 85 86 87 88 89 90 91 92 93 94 95 96 97 98 99 100 101 102 103 104 105 106 107 108 109 110 111 112 113 114 115 116 117 118 119 120 121 122 123 124 125 126 127 128 129 130 131 132 133 134 135 137 138 139 140 141 142 143 144 145 146 147 148 149 150 151 152 153 154 155 156 157 158 159 160 161 162 163 164 165 167 168 169 170 171 172 173 174 175 178 179 180 181 182 183 184 185 186 187 188 189 190 191 192 193 194 195 196 197 202 203 204 205 210 211 212 215 216 217 218 219 225 226 228 229 230 231 232 233 234 235 239 240 241 242 243 244 245 246 247 248 249 253 254 255 256 257 258 259 260 261 262 263 264 265 267 268 269 270 271 273 274 275 276 277 278 279 281 282 283 284 285 286 288 289 290 291 292 293 294 295 296 297 298 299 300 302 303 305 306 307 308 309 310 311 312 313 314 315 316 317 318 319 320 321 322 323 324 325 326 327 328 329 330 331 332 333 334 335 336 337 338 339 340 341 342 343 344 345 346 347 348 349 350 351 352 353 354 355 356 357 358 359 360 361 363 364 365 366 367 368 369 370 371 372 373 374 375 376 377 378 379 392 393 394 395 396 397 398 399 400 401 402 403 404 405 407 408 411 412 413 414 415 420 425 426 427 428 429 430 434 436 437 438 439 440 441 442 443 444 445 448 449 451 452 453 454 455 456 457 458 462 463 464 465 467 468 469 471 472 473 474 475 476 479 480 481 482 483 485 487 488 490 491 494 495 496 497 498 499 500 501 503 504 505 506 507 508 509 511 512 513 514 515 516 517 518 522 523 524 525 526 527 528 529 530 531 532 533 534 536 537 538 539 540 541 542 544 545 546 550 551 552 553 554 555 556 557 559 560 561 562 563 564 565 566 567 568 569 570 571 574 575 576 577 578 579 580 581 582 583 584 585 586 587 588 589 595 596 598 602 607 608 609 610 611 616 621 622 623 624 625 630 632 636 637 644 646 647 648 649 650 651 653 658 660 661 662 663 664 665 669 670 671 672 674 675 679 680 681 683 684 685 686 688 689 690 691 692 693 694 695 696 697 698 699 700 701 702 703 704 705 706 707 708 710 711 712 713 714 716 717 718 719 720 721 723 725 726 727 728 730 731 732 733 734 735 736 737 738 740 741 742 744 745 747 748 749 750 751 752 753 754 755 756 757 758 759 760 761 762 763 764 765 766 768 769 770 771 775 784 0
2 4 8 9 10 11 12 14 15 16 17 18 19 20 21 22 23 24 25 26 27 28 29 31 32 33 34 35 36 37 38 39 40 41 42 43 44 45 46 47 49 50 53 54 56 59 60 61 64 65 66 67 68 71 72 73 74 75 76 77 78 79 80 81 82 83 85 86 87 88 89 90 91 92 93 94 95 98 99 101 102 104 105 106 107 108 109 111 112 113 114 115 116 117 119 120 121 122 123 124 125 126 127 128 130 131 132 133 134 135 136 137 139 140 141 142 143 144 145 146 149 150 152 153 154 156 157 158 159 161 162 163 164 165 166 167 168 169 170 172 173 174 175 176 177 179 180 181 182 183 184 185 186 187 188 191 192 193 196 197 198 199 200 201 203 205 206 208 210 211 212 213 214 215 216 217 218 219 220 221 222 223 224 225 226 227 228 229 230 231 232 233 234 235 236 237 238 239 240 241 242 243 244 245 247 248 249 250 251 253 254 255 256 257 258 260 261 262 263 264 266 267 268 269 270 271 272 273 274 275 276 278 279 280 281 283 284 285 286 287 288 289 290 291 293 294 295 296 297 298 299 300 301 302 303 304 305 306 308 309 310 312 313 314 315 316 317 318 319 320 321 322 323 325 326 327 328 329 330 331 332 333 334 335 337 338 339 340 341 342 345 346 347 349 350 352 353 354 355 360 361 362 363 366 367 368 369 370 373 374 375 376 377 378 381 382 383 385 388 389 390 391 392 0
1 2 3 4 5 6 8 10 11 13 15 17 18 19 20 21 24 25 26 28 29 30 32 33 34 35 36 37 38 39 40 41 42 43 44 45 46 47 48 49 50 51 52 55 56 62 63 65 66 67 68 70 71 72 73 74 75 76 78 79 81 82 84 85 86 87 88 89 90 91 92 93 94 95 96 98 99 101 102 108 109 110 111 112 113 114 115 116 117 118 119 121 122 123 124 125 127 128 129 130 131 133 134 135 136 137 139 143 144 145 147 148 149 150 151 153 155 157 158 159 160 161 162 163 165 166 167 169 170 171 172 173 175 177 178 179 180 181 182 184 185 186 187 188 189 191 193 194 195 196 199 200 203 204 205 206 208 210 211 213 214 215 217 218 220 221 222 223 224 225 226 227 229 230 233 235 236 237 238 239 240 242 243 244 246 248 249 250 252 253 256 257 258 259 261 263 264 265 266 269 270 271 272 275 277 278 280 282 283 284 285 286 287 290 292 293 294 295 296 297 299 301 302 303 304 306 307 311 312 313 314 318 319 320 321 322 323 325 326 327 328 329 330 332 333 335 337 338 339 340 342 343 344 345 346 347 348 349 351 353 354 355 356 357 358 362 363 365 366 367 368 369 370 371 372 373 374 376 377 378 379 380 381 383 384 385 386 387 388 389 390 391 392 0
2 4 5 6 8 9 10 11 16 19 20 21 25 26 27 29 30 32 0

72
1 2 3 4 5 6 7 8 9 10 11 12 13 14 15 16 17 18 19 20 21 22 23 24 25 26 27 28 29 30 31 32 33 34 35 36 37 38 39 40 41 42 43 44 45 46 47 48 49 50 51 52 53 54 55 56 57 58 59 60 61 62 63 64 65 66 67 68 69 70 71 72 73 74 75 76 77 78 79 80 81 83 84 85 86 87 88 89 90 91 93 94 95 96 97 98 99 100 101 102 103 104 105 106 107 108 109 110 111 112 113 114 115 116 117 118 119 120 121 122 123 124 125 126 127 128 129 130 131 132 133 134 135 136 137 138 139 140 141 142 143 144 145 146 147 148 149 150 151 152 153 154 155 156 157 158 159 160 161 162 163 164 165 166 167 168 169 170 171 172 173 174 175 176 177 178 179 180 181 182 183 184 185 186 187 188 189 190 191 192 193 194 195 196 201 202 203 204 243 245 247 248 249 253 254 255 256 257 258 259 260 261 262 263 268 269 271 272 273 274 275 276 277 278 281 284 285 286 287 288 290 291 292 297 298 299 300 301 302 303 304 305 306 314 315 316 317 318 319 320 327 328 329 330 331 332 333 342 343 344 354 355 356 357 358 361 362 363 364 367 368 369 370 372 375 376 382 383 384 393 394 395 396 397 398 399 400 401 402 403 404 405 406 407 408 409 410 411 412 413 414 415 416 417 418 419 420 421 422 423 424 425 426 427 428 429 430 431 432 433 434 435 436 437 438 439 440 441 442 443 444 445 446 447 448 449 450 451 452 453 454 455 456 457 458 459 460 461 462 463 464 465 466 467 468 469 470 471 472 473 474 475 476 477 478 479 480 481 482 483 484 485 486 487 488 489 490 491 492 493 495 497 498 499 500 501 502 503 504 505 506 507 508 509 510 511 512 513 514 515 516 517 518 519 520 521 522 523 524 526 528 529 530 531 532 533 534 535 536 537 538 539 540 541 542 543 544 545 546 547 548 549 550 551 552 553 554 555 556 557 558 559 560 561 562 563 564 565 566 567 568 569 570 571 572 573 574 575 576 577 578 579 580 581 582 583 584 585 586 587 588 593 594 595 602 603 604 616 617 618 619 620 621 622 623 626 627 629 631 632 633 634 635 636 640 641 644 645 646 647 648 650 651 652 653 654 655 656 658 659 660 661 662 663 664 665 666 667 668 669 670 671 672 673 674 675 676 677 678 679 680 681 682 683 684 685 686 687 688 689 690 691 692 694 695 696 697 698 699 700 701 702 703 704 705 706 707 708 709 710 711 712 713 714 715 716 718 720 721 724 725 726 727 728 729 733 734 738 739 740 741 742 743 746 747 748 749 750 751 752 753 754 755 756 757 760 761 762 763 764 765 770 771 772 773 774 775 779 780 783 784 0
1 14 15 16 19 20 21 22 23 27 29 30 31 32 33 43 44 45 46 54 55 57 58 59 60 62 63 64 65 66 67 68 71 72 73 74 75 76 77 78 79 80 81 82 85 86 87 88 89 90 91 92 93 94 95 96 99 100 101 103 104 105 106 107 108 109 110 111 112 113 114 115 116 117 119 120 121 122 123 124 125 126 127 128 129 130 132 133 134 135 136 137 138 139 140 141 142 143 145 146 147 148 149 151 152 153 154 158 159 160 161 162 164 165 166 167 168 169 172 173 174 175 177 178 179 180 181 182 187 188 189 190 191 192 193 194 195 197 210 211 212 213 216 217 225 226 227 228 239 240 241 242 243 244 245 253 254 255 256 257 258 259 260 261 262 263 264 267 268 269 270 271 272 273 274 275 276 277 278 279 281 282 283 284 285 286 287 288 289 290 291 292 294 295 296 297 298 302 303 304 305 307 308 309 310 311 312 313 314 316 317 318 319 320 321 322 323 324 325 326 327 329 330 331 332 333 334 335 336 337 338 340 342 343 344 345 347 348 349 350 351 354 356 357 358 361 362 363 364 365 369 370 371 373 374 375 376 377 378 379 382 383 384 385 392 393 394 395 396 397 398 399 400 401 402 403 404 405 407 408 420 421 422 423 429 430 431 434 435 436 437 438 439 440 441 442 443 444 445 448 449 450 451 453 454 455 456 457 458 459 460 461 462 465 466 467 468 469 470 471 472 473 474 475 476 477 478 479 480 481 482 483 484 485 486 487 488 490 491 492 493 494 495 496 497 498 499 500 501 502 504 505 507 508 509 510 511 512 513 514 515 517 518 519 520 523 524 525 526 527 528 530 531 532 536 537 538 540 542 544 545 546 550 551 553 554 557 558 559 560 563 564 565 566 567 568 569 574 575 576 577 578 581 582 583 584 585 586 587 588 589 593 594 602 608 616 618 630 631 632 633 634 635 639 640 644 645 646 647 648 649 650 651 652 654 655 658 660 661 662 663 664 665 666 667 668 672 674 675 676 677 678 679 680 682 683 684 686 688 689 690 691 695 696 697 698 699 700 702 705 707 709 710 712 713 714 716 720 721 723 725 726 727 728 730 732 733 739 740 741 742 747 748 752 753 754 755 756 760 761 762 763 764 766 767 768 769 770 771 773 774 775 776 777 784 0
1 8 9 10 11 12 13 14 16 17 18 19 20 23 24 25 26 27 28 31 32 33 34 35 37 38 40 41 43 44 46 47 48 49 50 56 57 58 61 64 65 66 67 68 69 70 71 72 73 75 76 77 78 79 82 84 89 90 91 94 95 97 99 100 101 102 103 105 106 107 108 110 111 112 113 114 115 116 117 120 121 122 124 125 127 130 131 132 134 135 136 137 138 139 141 142 143 144 145 146 149 151 152 153 154 155 161 162 163 164 165 166 167 168 170 171 172 173 174 175 177 178 179 180 181 184 185 186 187 188 189 192 193 194 195 196 197 198 199 200 201 202 203 206 207 208 209 210 211 212 213 214 215 216 217 218 219 221 222 223 226 227 228 229 230 231 233 236 237 238 239 240 241 242 243 245 247 248 249 250 251 253 255 256 257 258 260 261 262 263 264 265 266 267 268 269 270 271 272 273 274 275 276 277 278 280 281 282 283 285 286 287 290 293 294 295 296 297 298 299 300 301 302 303 304 305 307 309 310 312 313 314 316 317 318 319 320 321 322 323 325 327 328 329 330 331 332 333 334 335 336 337 339 340 341 342 345 346 347 348 349 350 351 355 358 359 360 361 362 363 364 365 366 367 368 370 371 374 375 377 380 381 382 384 385 387 388 389 392 0
1 3 4 9 10 11 12 13 14 15 16 17 18 19 21 23 24 25 26 27 28 29 31 32 34 36 37 38 39 40 41 42 43 44 45 46 48 50 51 52 53 55 56 57 58 64 66 70 72 73 75 77 78 80 81 82 83 84 89 90 91 92 93 94 96 97 98 99 109 116 117 118 119 120 123 124 125 126 127 128 129 130 131 132 133 134 135 136 137 140 142 143 145 146 147 148 150 151 152 155 156 157 158 159 161 163 164 165 166 167 168 169 170 171 172 173 174 175 176 177 178 179 180 181 182 183 185 186 187 188 192 193 194 196 197 198 206 210 211 212 215 216 217 218 220 221 222 223 224 225 227 228 230 231 232 234 236 240 242 243 245 246 248 252 253 254 261 262 263 264 265 268 269 270 271 272 273 276 277 278 279 280 281 282 283 284 285 286 287 288 289 290 291 292 293 294 295 296 297 298 301 302 303 304 305 309 311 312 318 319 320 321 326 328 329 333 334 336 340 341 342 343 344 345 346 347 348 349 351 352 353 354 358 360 361 362 364 365 366 367 368 369 371 374 375 376 377 378 379 380 381 382 383 384 386 387 389 390 391 0
2 3 13 18 19 21 24 28 29 32 0

73
1 2 3 4 5 6 7 8 9 10 11 12 13 14 15 16 17 18 19 20 21 22 23 24 25 26 27 28 29 30 31 32 33 34 35 36 37 38 39 40 41 42 43 44 45 46 47 48 49 50 51 52 53 54 55 56 57 58 59 60 61 62 63 64 65 66 67 68 69 70 71 72 73 74 75 76 77 78 79 80 81 82 83 84 85 86 87 88 89 90 91 92 93 94 95 96 97 98 99 100 101 102 103 104 105 106 107 108 109 110 111 112 113 114 115 116 117 118 119 120 122 123 124 125 126 127 128 129 130 131 132 133 134 135 136 137 138 139 140 141 142 143 144 145 146 147 148 149 150 151 152 153 154 155 156 157 158 159 161 162 163 164 165 166 167 168 169 170 171 172 173 174 175 176 177 178 179 180 181 182 183 184 185 186 187 188 189 190 191 192 193 194 195 196 205 206 207 209 210 216 217 218 220 221 223 224 230 231 236 239 244 245 246 259 260 273 274 275 287 288 289 294 298 299 301 302 303 309 311 315 316 317 321 322 323 326 328 329 330 331 337 338 342 343 344 345 351 352 353 354 356 357 358 359 364 368 369 370 371 372 376 384 393 394 395 396 397 398 399 400 401 402 403 404 405 406 407 408 409 410 411 412 413 414 415 416 417 418 419 420 421 422 423 424 425 426 427 428 429 430 431 432 433 434 435 436 437 438 439 440 441 442 444 445 446 447 448 449 450 451 452 453 454 455 456 457 458 459 460 461 462 463 464 465 466 467 468 469 470 471 472 473 474 475 476 477 478 479 480 481 482 483 484 485 486 487 488 489 490 491 492 493 494 495 496 497 498 499 500 501 502 503 504 505 506 507 508 509 510 511 512 513 514 515 516 517 518 519 520 521 522 523 524 525 526 527 528 529 530 531 532 533 534 535 536 537 538 539 540 541 542 543 544 545 546 547 548 549 550 551 552 553 554 555 556 557 558 559 560 561 562 563 564 565 566 567 568 569 570 571 572 573 574 575 576 577 578 579 580 581 582 583 584 585 586 587 588 594 595 596 597 598 599 600 601 602 605 606 607 608 609 610 611 612 613 614 615 616 617 618 619 620 621 622 623 624 628 629 630 637 638 639 640 643 644 645 651 652 653 657 658 659 661 662 663 666 667 672 673 674 675 676 677 678 679 680 681 683 684 685 686 687 688 689 690 691 692 693 694 695 698 701 702 703 704 705 706 707 708 709 710 711 712 713 714 715 716 717 718 719 720 721 722 723 724 725 728 729 730 731 732 734 735 736 737 740 741 742 743 744 745 746 747 748 749 750 751 752 753 754 755 757 758 759 760 761 762 763 764 768 769 770 771 772 773 774 775 776 777 778 779 780 781 782 783 784 0
7 8 12 14 15 16 17 18 19 20 21 23 24 25 26 27 28 29 30 31 32 33 35 36 37 38 39 40 41 42 43 44 45 46 47 50 51 52 54 55 57 58 59 63 64 65 66 69 71 72 73 77 78 79 82 83 84 85 86 87 88 89 91 92 93 95 96 97 99 100 101 102 103 105 106 107 109 110 111 112 113 114 115 116 117 118 119 120 121 123 124 125 127 128 129 130 131 132 133 134 135 137 138 139 140 141 142 143 144 145 146 147 148 149 151 152 153 155 156 157 158 159 160 161 162 163 164 165 166 167 169 170 171 172 173 174 175 176 177 178 179 180 181 182 183 184 185 186 187 188 189 190 191 192 193 194 195 196 197 204 206 207 208 209 210 211 212 216 217 218 219 220 221 222 223 224 225 226 227 228 229 230 231 232 233 234 235 236 237 239 240 241 244 246 247 251 253 260 261 267 272 273 274 275 276 279 281 283 284 285 286 287 288 289 290 293 295 296 297 298 299 300 301 302 303 304 306 307 308 309 310 311 312 313 314 315 316 317 318 320 321 323 324 325 326 327 328 330 331 333 334 335 337 338 339 340 341 342 343 344 345 347 348 351 352 353 354 355 357 358 359 360 361 362 363 365 366 367 368 369 370 371 372 373 374 375 376 377 379 384 385 387 392 393 394 395 396 397 398 399 400 401 402 403 404 405 406 407 408 412 413 414 417 418 420 424 425 426 427 428 429 430 434 435 439 440 441 442 443 448 456 457 462 470 471 472 476 477 478 479 480 481 482 483 484 485 487 488 489 490 491 494 495 496 497 498 499 504 505 506 508 509 510 511 513 514 515 516 517 519 520 521 522 523 524 525 526 528 532 533 534 537 538 539 540 546 548 549 550 551 552 554 556 557 558 560 565 566 567 568 569 572 573 574 575 576 577 578 579 580 581 582 583 584 585 586 587 589 596 598 599 600 601 602 604 608 609 610 611 612 613 614 615 616 621 624 627 628 629 630 632 636 637 638 644 650 651 652 658 664 665 666 667 672 674 679 681 685 686 688 689 690 691 693 694 700 702 703 704 705 706 707 708 709 712 713 714 715 716 717 718 719 720 721 722 727 728 729 730 731 732 733 734 735 736 742 743 744 745 746 747 748 749 750 752 755 756 758 759 760 761 762 763 764 765 766 767 768 769 770 771 775 777 784 0
2 3 4 5 6 7 10 11 17 18 20 21 22 23 25 26 27 28 29 30 31 32 33 34 36 38 40 41 43 44 47 49 50 53 54 55 56 60 61 68 72 73 74 75 78 79 80 81 82 85 86 87 88 89 90 92 93 94 95 98 99 101 102 103 104 105 107 108 109 110 111 113 114 116 117 118 120 121 122 123 124 127 128 129 130 131 132 134 135 136 137 138 139 141 142 143 144 145 146 147 149 150 152 154 156 157 159 160 161 163 165 166 170 171 172 173 174 175 176 177 178 179 180 181 182 183 184 185 186 188 191 192 193 194 195 196 197 198 200 203 206 207 208 209 210 213 214 215 216 217 220 221 222 223 224 225 226 227 229 230 231 232 233 234 236 237 238 239 240 241 242 243 244 245 247 249 250 251 252 253 254 256 257 258 261 262 263 264 265 266 269 270 272 273 274 275 276 279 281 282 283 284 286 287 288 289 291 292 293 294 295 296 297 298 300 301 302 304 305 308 309 312 313 315 316 317 318 319 320 322 323 324 325 326 327 330 331 332 333 334 335 336 337 338 339 340 341 342 345 346 347 348 349 350 353 354 355 357 361 362 367 368 369 370 372 373 374 375 376 379 380 381 382 383 387 388 389 390 0
1 3 4 7 9 10 11 13 14 15 18 19 20 23 25 26 28 30 31 32 33 34 35 36 38 39 40 41 43 44 45 46 47 49 50 51 52 55 56 57 62 63 65 66 69 70 73 74 75 76 77 78 79 80 81 82 83 84 85 86 87 88 89 92 93 94 96 97 98 99 101 103 104 105 108 109 110 111 112 113 114 115 116 117 118 119 122 123 124 125 129 130 131 132 133 134 136 137 138 141 142 143 144 145 146 147 148 150 151 154 155 156 157 158 159 160 161 163 164 165 167 170 171 172 173 174 175 176 179 180 182 183 186 187 188 189 190 191 192 193 194 196 200 201 202 203 207 208 209 211 214 215 217 218 219 221 224 225 227 228 229 230 232 233 234 235 236 237 238 239 241 242 243 245 246 248 249 252 253 255 256 257 259 262 263 264 265 266 267 269 270 271 272 273 276 277 278 279 280 281 282 283 284 285 286 287 288 289 290 291 292 293 294 295 296 297 298 299 300 301 302 306 307 308 309 311 315 316 318 323 325 326 327 328 329 330 331 332 333 334 336 337 338 339 340 341 342 343 344 345 346 347 348 349 350 351 353 354 355 358 359 360 361 362 363 365 368 369 370 371 372 373 375 376 377 378 379 380 382 383 384 385 386 387 389 390 392 0
2 3 6 7 9 13 14 15 17 19 20 21 22 24 28 29 31 32 0

74
1 2 3 4 5 6 7 8 9 10 11 12 13 14 15 16 17 18 19 20 21 22 23 24 25 26 27 28 29 30 31 32 33 34 35 36 37 38 39 40 41 42 43 44 45 46 47 48 50 51 52 53 54 55 56 57 58 59 60 61 62 63 64 65 66 67 68 69 70 71 72 73 74 75 76 77 78 79 81 82 83 84 85 86 87 88 89 90 91 92 93 94 95 97 98 99 100 101 102 103 104 105 106 107 108 109 110 111 112 113 114 115 116 117 118 119 120 121 122 124 125 126 127 128 129 131 132 133 134 135 136 137 138 139 140 141 142 143 144 145 146 147 148 149 150 151 152 153 154 155 156 157 158 159 160 161 162 163 164 165 166 167 168 169 170 171 172 173 174 175 176 177 178 179 180 181 182 183 184 185 186 187 188 189 190 191 192 193 194 195 196 205 206 207 208 209 211 212 213 217 218 219 229 230 231 232 233 234 236 241 244 246 247 248 259 260 261 271 272 273 274 275 276 277 278 286 287 288 289 290 291 292 295 296 297 299 300 301 302 303 304 305 306 312 313 314 315 316 317 319 320 326 327 328 329 330 331 332 333 334 335 336 340 341 342 343 344 345 346 347 351 354 355 356 357 358 359 366 367 373 393 394 395 396 397 398 399 400 401 402 403 404 405 406 407 408 409 410 411 412 413 414 415 416 417 418 419 420 421 422 423 424 425 426 427 428 429 430 431 432 433 434 435 436 437 438 439 440 441 442 443 444 445 446 447 448 449 450 451 452 453 454 455 456 457 458 459 460 461 462 463 464 465 466 467 468 469 470 471 472 473 474 475 476 477 478 479 480 481 482 483 484 485 486 487 488 489 490 491 492 493 494 495 496 497 498 499 500 501 502 503 504 505 506 507 508 509 510 511 512 513 514 515 516 517 518 519 520 521 522 523 524 525 526 527 528 529 530 531 532 533 534 535 536 538 539 540 541 542 543 544 545 546 547 548 549 550 551 552 553 554 555 556 557 558 559 560 561 562 563 564 565 566 567 568 569 570 571 572 573 574 575 576 577 578 579 580 581 582 583 584 585 586 587 588 593 594 595 596 597 598 599 603 604 605 606 607 608 609 610 611 612 613 614 615 616 619 620 623 624 625 626 627 628 629 630 631 632 633 634 635 637 638 639 643 644 645 650 651 652 657 658 659 661 662 663 664 665 666 667 668 669 670 671 672 673 674 675 676 677 678 679 680 681 683 684 687 688 689 690 691 693 694 695 696 698 704 705 706 707 709 710 711 712 713 714 715 716 717 718 719 720 721 722 723 724 727 728 729 730 732 733 734 735 736 737 738 741 742 743 744 745 746 747 748 749 750 751 753 754 755 756 757 758 759 760 761 763 766 768 769 770 771 772 773 774 777 780 781 782 783 784 0
1 7 8 9 14 15 16 17 18 19 20 21 22 23 24 25 26 27 29 30 31 32 33 34 35 36 37 38 40 41 43 44 45 46 47 48 49 50 51 52 54 55 57 58 59 60 62 63 64 65 66 68 69 71 72 73 74 76 77 78 79 80 81 83 85 86 87 89 90 91 92 93 94 95 96 99 100 101 103 104 105 106 107 108 109 110 113 114 115 117 118 119 120 121 122 123 124 127 131 132 133 134 135 136 137 138 139 141 142 143 144 145 146 147 148 149 150 151 153 154 155 156 157 158 160 161 162 163 169 170 171 172 173 174 175 178 179 180 181 183 184 185 186 187 188 189 190 191 192 193 194 195 197 203 204 205 206 207 210 211 212 213 214 215 216 217 218 219 220 222 223 225 226 227 228 229 230 231 232 233 234 235 236 237 239 240 241 242 243 244 245 246 247 248 251 253 254 255 256 257 258 259 260 261 262 267 268 270 271 273 274 275 276 277 278 281 282 283 284 285 286 287 288 289 290 291 292 295 296 297 298 299 300 301 302 303 304 305 306 307 309 310 312 314 315 316 317 318 319 320 323 327 328 329 330 331 332 333 334 335 336 337 338 339 340 341 342 343 344 345 346 347 349 351 352 353 354 355 356 357 358 359 365 366 367 368 369 370 371 372 374 375 376 377 379 380 392 393 394 395 396 397 398 399 400 401 402 403 404 405 407 408 409 410 411 412 413 414 415 416 420 426 427 428 429 430 431 432 433 434 435 436 437 441 442 443 446 448 453 454 455 456 457 460 461 462 467 468 469 470 471 472 473 474 475 476 477 478 479 480 481 482 483 484 485 486 487 488 489 490 491 492 493 494 496 497 498 499 500 501 502 503 504 507 508 509 510 511 512 513 515 516 517 518 521 522 523 524 525 526 527 528 529 530 531 532 533 534 535 536 537 538 539 540 541 542 543 546 547 548 549 550 551 552 553 554 555 556 560 561 562 566 567 570 571 574 575 576 577 578 580 581 582 583 584 585 586 588 589 595 596 597 598 599 600 602 604 605 606 607 608 609 610 611 613 616 620 621 622 623 624 625 626 628 629 630 632 633 637 638 639 643 644 646 647 648 649 650 653 654 658 664 665 666 667 668 669 672 674 677 678 679 680 681 682 686 688 689 690 691 692 693 694 695 696 697 698 700 702 704 705 706 707 708 709 710 711 714 718 719 720 721 722 723 724 726 727 728 732 733 734 735 736 737 742 743 744 745 746 747 748 749 750 751 752 756 757 758 759 762 763 764 765 766 769 770 771 772 784 0
1 2 3 4 5 10 11 12 13 16 17 18 19 20 21 22 23 24 25 28 30 31 32 34 35 36 37 38 39 40 41 42 43 44 46 47 48 50 52 53 54 55 56 58 61 67 68 69 72 74 75 76 77 80 81 82 83 84 85 86 87 88 89 92 93 94 99 101 102 103 104 105 106 107 108 109 110 111 113 114 115 116 117 118 119 120 121 122 123 127 128 130 131 132 133 134 136 137 138 139 140 141 142 143 144 145 147 149 150 151 152 153 154 155 156 158 159 161 162 163 165 166 167 168 169 170 171 172 173 175 176 177 180 181 182 185 186 187 188 190 191 197 198 200 201 202 203 204 205 206 207 209 210 213 214 215 216 217 219 220 221 222 223 224 225 226 227 228 229 230 232 233 234 235 236 237 238 239 241 242 243 244 245 246 247 249 250 251 252 253 254 255 256 258 261 263 264 265 266 267 268 269 270 271 273 275 276 277 278 279 280 282 283 284 285 286 288 289 290 291 292 293 295 296 297 298 299 300 301 302 304 305 306 308 309 310 311 312 313 314 316 317 318 319 320 321 323 324 325 326 327 328 329 330 331 332 333 334 335 336 337 340 341 342 345 346 347 350 354 355 356 360 361 363 364 365 366 367 368 369 370 371 373 374 376 378 379 380 381 382 383 384 385 386 387 389 390 0
1 3 4 5 6 7 10 11 12 13 14 16 17 18 19 21 22 24 25 26 27 29 30 31 32 35 38 39 40 41 42 43 45 46 47 48 49 50 51 52 53 55 56 57 58 59 60 62 63 66 67 68 69 70 72 73 74 75 76 77 79 80 81 82 83 84 85 86 87 88 89 90 91 92 93 94 95 96 97 98 99 101 102 103 104 105 106 107 108 109 110 111 113 114 115 116 117 118 119 121 122 123 124 125 126 127 128 129 130 134 135 138 141 142 143 146 147 148 150 151 152 153 155 156 157 158 159 161 162 164 165 166 167 168 169 170 172 173 174 175 176 178 179 180 182 183 184 185 186 187 188 189 190 191 192 193 194 195 196 198 199 200 201 202 203 204 206 208 209 211 212 213 214 215 216 218 219 220 221 222 223 225 226 227 229 230 233 235 237 238 240 241 242 244 245 246 248 249 250 252 253 254 255 256 257 258 260 261 262 263 264 265 266 267 269 270 272 273 275 276 277 278 280 282 283 285 287 288 289 290 291 292 293 294 295 296 297 298 301 302 305 306 309 312 313 314 317 318 319 320 321 323 324 325 326 327 330 331 332 333 334 335 336 338 339 340 342 343 344 345 346 347 348 349 350 351 352 353 354 355 356 358 359 360 361 362 363 365 366 367 368 369 370 371 372 373 375 376 377 378 379 380 381 382 383 384 385 386 387 388 389 392 0
2 4 5 6 9 10 11 12 13 14 15 16 17 20 23 27 29 30 0

75
1 2 3 4 5 6 7 8 9 10 11 12 13 14 15 16 17 18 19 20 21 22 23 24 25 26 27 28 29 30 31 32 33 34 35 36 37 38 39 40 41 42 43 44 45 46 47 48 49 50 51 52 53 54 55 56 57 58 59 61 62 63 64 65 66 67 68 69 70 71 72 73 74 75 76 77 78 79 80 81 82 83 84 85 86 87 88 89 90 91 92 93 94 95 96 97 98 99 100 101 102 103 104 105 106 107 108 109 110 111 112 113 114 115 116 117 118 119 120 121 122 123 124 125 126 127 128 129 130 131 132 133 135 136 137 138 139 140 141 142 143 144 145 146 147 148 149 150 151 152 153 154 155 156 157 158 159 160 161 162 163 165 166 167 168 169 170 171 172 174 175 176 177 178 179 180 181 182 183 184 185 186 187 188 189 190 191 192 193 194 195 196 202 203 214 215 228 229 230 231 232 233 243 244 245 246 247 256 257 258 259 260 261 262 271 272 273 274 275 285 286 287 288 289 290 294 299 300 301 302 303 304 316 317 318 325 328 330 331 332 333 341 343 344 345 346 347 350 355 356 357 358 359 360 363 365 369 370 371 372 373 374 379 380 393 394 395 396 397 398 399 400 401 402 403 404 405 406 407 408 409 410 411 412 413 414 415 416 417 418 419 420 421 422 423 424 425 426 427 428 429 430 431 432 433 434 435 436 437 438 439 440 441 442 443 444 445 446 447 448 449 450 451 452 453 454 455 456 457 459 460 461 462 463 464 465 466 467 468 469 470 471 472 473 474 475 476 477 478 479 480 481 482 483 484 485 486 487 488 489 490 491 492 493 494 495 496 497 499 500 501 502 503 504 505 506 507 508 509 510 511 512 513 514 515 516 517 518 519 520 521 522 523 524 525 526 527 528 529 530 531 532 533 534 535 536 537 538 539 540 541 542 543 544 545 546 547 548 549 550 551 552 553 554 555 556 557 558 559 560 561 562 563 564 565 566 567 568 569 570 571 572 573 574 575 576 577 578 579 580 581 582 583 584 585 586 587 588 592 593 594 595 602 603 610 614 616 617 621 622 623 624 625 626 629 630 631 634 635 636 637 638 639 643 645 648 649 650 651 652 653 654 655 656 657 658 659 663 664 665 666 667 672 673 674 675 676 677 678 679 680 681 682 683 686 687 688 689 690 691 692 693 694 695 696 697 701 702 703 704 705 706 708 709 710 711 712 713 715 718 722 723 724 725 727 728 729 732 733 734 735 736 737 738 739 740 741 742 743 744 745 748 749 750 751 753 757 758 759 761 762 763 764 769 770 771 772 773 774 775 776 777 778 779 780 781 782 784 0
14 15 17 18 19 20 21 22 23 25 26 27 29 33 34 35 36 41 48 49 50 51 54 55 62 63 64 65 66 71 75 76 77 78 79 80 83 84 85 91 92 93 94 99 100 101 103 104 105 106 107 108 113 114 115 116 117 119 120 121 122 123 124 127 128 129 130 133 134 135 136 137 139 141 142 143 145 146 147 148 149 150 151 153 155 156 159 160 161 162 163 164 165 167 168 169 170 171 175 176 177 178 181 182 183 184 185 186 190 191 195 197 210 211 214 215 216 217 225 228 229 230 231 232 233 239 243 244 245 246 247 248 253 256 257 258 259 260 261 262 267 271 272 273 274 275 276 281 286 287 288 289 290 295 296 297 299 300 301 302 303 304 305 309 310 311 312 313 314 315 317 318 319 323 324 325 326 327 330 331 332 333 334 337 338 340 341 342 343 344 345 346 347 349 351 352 355 356 357 358 359 360 361 363 365 366 367 370 371 372 373 374 379 380 386 387 388 392 393 394 395 396 397 398 399 400 401 402 403 404 405 409 410 411 415 416 420 421 422 426 427 428 429 430 432 434 435 437 438 439 440 441 442 443 444 448 451 452 454 456 457 458 459 460 461 462 463 465 466 467 468 469 470 471 472 473 476 477 480 481 482 483 484 485 486 488 489 490 491 492 493 494 495 496 497 498 499 500 501 502 504 505 506 507 508 509 510 511 512 513 514 515 516 517 518 519 522 523 524 525 526 527 528 529 530 532 533 537 538 539 540 541 542 544 545 546 547 550 551 552 553 554 556 557 560 561 562 564 566 567 568 569 570 574 575 576 578 579 580 581 582 584 585 586 587 588 589 602 606 616 621 622 623 624 630 634 635 636 637 638 639 644 647 648 649 650 651 652 653 658 663 664 665 666 667 668 672 677 678 679 680 681 686 690 691 692 693 694 695 696 700 702 708 709 710 714 716 717 720 722 723 725 728 733 734 736 737 742 746 747 748 749 750 753 755 756 758 760 761 762 763 764 765 770 771 772 774 775 777 780 784 0
3 9 10 11 12 16 17 18 19 20 21 22 23 24 25 26 28 30 31 34 37 38 39 40 41 42 43 44 46 47 48 50 53 56 59 60 61 66 67 68 73 74 75 76 79 82 83 87 88 89 90 92 93 99 100 101 103 104 105 106 107 108 109 112 113 114 116 117 119 121 122 124 125 126 128 129 130 131 134 135 136 138 139 142 144 145 146 149 150 153 154 156 157 158 159 161 164 165 166 168 170 172 173 174 175 177 178 179 180 182 184 185 186 187 188 192 193 194 196 197 198 199 203 204 205 206 207 208 209 210 211 212 213 214 215 216 217 219 220 221 222 223 224 226 227 228 229 230 231 233 234 236 237 238 240 241 242 243 244 245 246 248 249 250 251 254 255 256 257 258 261 263 264 265 268 269 270 271 272 274 277 278 279 280 283 284 285 286 287 288 290 291 292 293 294 295 296 297 298 300 301 302 303 305 306 308 309 310 311 313 315 316 319 320 321 322 323 327 328 330 332 333 334 335 336 337 338 339 340 341 342 345 346 347 348 349 350 352 353 354 355 360 361 362 367 368 369 370 375 376 377 380 381 382 383 384 385 386 388 389 390 0
1 2 5 7 8 9 10 11 12 13 14 15 18 19 20 21 23 24 25 26 27 28 29 31 32 33 34 35 36 37 38 39 40 41 42 44 45 46 47 49 50 51 55 56 62 63 64 65 69 70 74 75 77 79 80 81 82 84 88 90 92 93 94 95 96 97 98 109 111 112 116 117 118 123 124 125 126 131 132 133 136 137 139 140 142 143 144 145 147 148 149 150 151 155 156 157 158 159 160 162 163 165 166 169 170 171 172 173 175 176 177 179 180 181 182 183 185 187 188 189 191 192 193 194 195 196 198 199 203 204 205 207 208 209 210 214 215 216 220 221 222 223 226 227 228 229 232 233 234 235 237 238 240 241 243 245 246 252 255 259 261 262 264 265 266 271 272 278 279 280 281 284 285 286 287 288 291 292 293 294 296 297 298 301 302 303 304 305 309 310 311 312 313 316 317 318 319 320 323 324 325 330 331 332 338 339 340 341 344 345 346 347 348 349 351 354 357 358 360 361 362 363 364 365 366 367 368 369 370 371 374 377 378 379 380 381 382 383 384 385 386 387 388 391 392 0
2 3 5 7 10 11 14 15 19 23 26 27 28 31 32 0

76
1 2 3 4 5 6 7 8 9 10 11 12 13 14 15 16 17 18 19 20 21 22 23 24 25 26 27 28 29 30 31 32 33 34 35 36 37 38 39 40 41 42 43 44 45 46 47 48 49 50 51 52 53 54 55 56 57 58 59 60 61 62 63 64 65 66 67 68 69 70 71 72 73 74 75 76 77 78 79 80 81 82 83 84 85 86 87 88 89 90 91 92 93 94 95 96 97 98 99 100 101 102 103 104 106 107 108 109 110 111 112 113 114 115 116 117 118 119 120 121 122 123 124 125 126 127 128 129 130 131 132 133 134 135 136 137 138 139 140 141 142 143 144 145 146 147 148 149 150 151 152 153 154 155 156 157 158 159 160 161 162 163 164 165 166 167 168 169 170 171 172 173 174 175 176 177 178 179 180 181 182 183 184 185 186 187 188 189 190 191 192 193 194 195 196 205 206 207 208 209 232 233 234 235 244 245 246 247 248 249 250 259 260 261 262 263 264 271 272 273 274 275 276 277 278 279 280 281 282 284 286 287 288 289 290 291 294 295 298 299 300 301 302 303 304 305 306 309 310 311 312 313 314 315 318 319 320 323 324 326 327 328 329 330 331 332 333 334 337 339 340 341 342 343 344 345 346 347 351 352 354 355 356 357 358 359 360 368 369 370 371 372 373 376 381 393 394 395 396 397 398 399 400 401 402 403 404 405 406 407 408 409 410 411 412 413 414 415 416 417 418 419 420 421 422 423 424 425 426 427 428 429 430 431 432 433 434 435 436 437 438 439 440 441 442 443 444 445 447 448 449 450 451 452 453 454 455 456 457 458 459 460 461 462 463 464 465 466 467 468 469 470 471 472 473 474 475 476 477 478 479 480 481 482 483 484 486 487 488 489 490 491 492 493 494 495 496 497 498 499 500 501 502 503 504 505 506 507 508 509 510 511 512 513 514 515 516 517 518 519 520 521 522 523 525 526 527 528 529 530 531 532 533 534 535 536 537 538 539 540 541 542 543 544 545 546 547 548 549 550 551 552 553 554 555 556 557 558 559 560 561 562 563 564 565 566 567 568 569 570 571 572 573 574 575 576 577 578 579 580 581 582 583 584 585 586 587 588 594 595 596 597 598 599 600 601 602 603 604 605 606 607 608 611 615 616 617 618 622 624 625 626 627 628 629 630 631 633 637 638 639 640 641 642 643 644 645 650 651 652 653 654 655 657 658 659 660 661 662 663 664 665 666 667 668 669 670 671 672 673 674 675 676 677 678 679 680 681 682 683 684 687 688 689 690 691 693 694 695 696 697 698 699 701 702 703 704 709 710 711 712 715 716 717 718 719 721 723 724 725 726 727 729 730 731 732 733 734 735 736 737 738 743 744 745 746 747 748 749 751 753 754 755 757 758 759 760 761 762 763 764 769 770 771 772 773 774 775 776 777 778 779 780 781 782 783 784 0
14 15 18 20 21 22 23 24 25 26 27 28 29 30 32 34 36 37 38 40 41 42 43 44 46 47 49 50 51 52 53 55 56 57 58 60 62 63 64 65 66 67 68 69 70 71 72 73 74 75 76 77 78 79 80 81 82 83 84 85 86 87 89 90 91 92 93 94 95 96 97 98 99 100 101 102 103 104 105 106 107 108 109 110 111 113 114 115 116 117 118 119 121 122 123 124 127 128 130 131 132 134 135 136 137 138 141 142 143 144 145 146 147 148 149 150 151 152 155 156 157 159 160 161 162 163 164 165 169 170 171 172 173 174 175 176 177 178 180 181 183 184 185 186 187 189 190 193 194 195 197 206 210 211 212 216 217 218 219 220 221 222 223 225 226 230 231 233 234 235 237 238 239 240 243 244 245 246 247 248 249 250 251 252 253 257 258 259 260 261 262 263 264 265 266 267 268 270 271 273 274 275 276 277 278 279 280 281 282 283 284 285 286 287 288 289 290 291 292 293 295 296 297 298 299 300 301 302 303 304 305 306 309 310 311 312 313 314 315 316 317 318 319 320 323 324 325 326 327 328 330 331 332 333 334 337 338 340 341 342 343 344 345 346 347 348 351 352 353 354 355 356 357 358 359 360 361 365 366 367 368 369 370 371 372 373 374 377 379 382 383 384 386 387 388 392 393 394 395 396 397 398 399 400 401 402 403 404 405 406 407 409 410 411 412 413 414 415 417 418 420 421 426 427 429 430 431 432 434 435 436 439 440 441 442 443 444 445 446 447 448 453 454 455 456 457 458 459 460 461 462 463 468 469 470 471 472 473 474 477 478 479 480 481 482 483 484 485 486 487 488 490 491 492 493 494 495 496 497 498 499 500 501 502 503 504 505 506 507 508 509 510 511 512 513 514 515 516 517 518 519 520 521 522 523 524 525 526 527 528 529 530 531 532 534 535 537 538 539 540 541 542 546 547 548 549 550 551 552 553 554 555 556 557 558 560 563 564 565 566 567 568 569 570 572 573 574 575 576 577 579 580 581 583 584 585 586 587 588 589 596 597 598 599 600 601 602 608 609 611 612 613 614 615 616 622 623 624 625 626 627 628 629 630 635 637 639 641 642 643 644 649 650 651 652 653 654 655 656 657 658 664 665 666 667 668 669 671 672 673 674 675 676 677 679 680 681 682 683 686 687 688 689 690 691 692 693 695 696 700 701 702 703 704 705 706 709 711 712 714 715 716 717 718 719 720 721 723 724 728 731 732 733 734 735 736 740 742 743 744 745 746 747 748 749 750 751 756 758 759 760 761 762 763 764 766 768 769 770 771 772 773 774 776 784 0
2 3 6 7 9 10 11 12 13 14 15 16 17 18 19 20 21 22 23 24 25 26 28 29 30 31 33 34 35 36 37 38 39 41 42 44 45 46 47 48 50 54 56 60 61 62 67 68 69 70 71 72 73 74 75 76 77 78 80 81 83 84 85 86 87 88 89 90 92 93 94 95 99 101 102 103 104 105 107 108 109 110 112 113 114 115 116 117 119 120 121 123 124 125 126 127 128 129 130 131 132 133 134 135 136 137 138 139 140 141 142 143 144 145 146 147 149 150 151 152 153 154 158 159 160 161 164 165 166 167 168 169 170 171 172 173 174 175 176 177 178 179 180 181 182 183 184 185 186 187 188 190 191 192 193 194 195 196 197 198 200 201 202 203 205 207 208 209 210 211 213 214 215 216 219 220 221 222 223 224 225 226 227 228 229 231 232 233 234 235 236 237 239 240 241 242 243 244 245 246 247 249 250 251 252 253 254 256 257 258 259 261 263 264 265 267 268 269 270 271 272 273 274 275 276 277 278 280 281 282 283 284 285 286 287 288 289 290 291 292 293 294 295 296 297 298 299 301 302 304 305 306 307 308 309 310 311 312 313 314 315 317 318 319 320 321 322 323 324 325 326 327 328 330 331 332 333 334 335 336 337 338 339 341 342 345 346 347 348 349 350 353 354 355 356 357 360 361 362 363 364 365 366 367 368 369 370 371 372 373 375 376 378 379 380 381 382 383 384 385 386 387 388 389 390 391 0
1 3 4 5 6 7 8 10 11 12 13 14 16 17 18 19 20 21 24 26 27 28 30 31 32 33 34 35 36 37 38 39 40 42 43 44 45 46 47 48 50 51 52 53 54 55 56 58 59 60 63 65 70 72 73 74 76 77 78 79 80 81 83 84 85 86 87 88 89 90 91 92 93 94 96 98 99 102 104 105 106 107 108 109 110 111 112 113 114 115 116 117 118 119 120 121 122 123 124 125 126 128 129 130 131 132 133 134 135 136 137 140 141 142 143 144 145 146 148 150 151 152 153 154 155 156 158 159 161 162 164 165 166 167 168 171 172 174 175 176 177 178 179 180 181 182 183 184 185 186 187 189 190 191 192 193 194 196 200 201 203 206 207 208 209 213 214 215 216 217 218 219 220 221 222 223 224 225 226 227 228 229 230 231 232 233 235 237 238 239 240 241 242 243 245 246 248 249 250 252 253 254 255 256 257 258 260 261 262 263 265 266 267 268 269 270 272 273 274 275 276 277 278 279 280 281 282 283 284 285 286 287 288 290 291 292 293 294 295 296 297 298 299 300 301 302 303 304 305 306 308 309 311 312 314 316 317 318 321 322 323 324 325 326 327 330 331 332 334 337 338 339 340 341 342 344 345 346 347 348 349 350 351 352 353 354 357 358 359 361 363 364 365 366 367 368 370 371 372 373 374 376 377 378 379 380 382 383 384 385 386 387 389 390 391 392 0
2 3 4 5 6 8 9 11 16 17 21 22 27 28 29 31 0

77
1 2 3 4 5 6 7 8 9 10 11 12 13 14 15 16 17 18 19 20 21 22 23 24 25 26 27 28 29 30 31 32 33 34 35 36 37 38 39 40 41 42 43 44 45 46 47 48 49 50 51 52 53 54 55 56 57 58 59 60 61 62 63 64 65 66 67 68 69 70 71 72 73 74 75 76 77 78 79 80 81 82 83 84 85 86 87 88 89 90 91 92 93 94 95 96 97 98 99 100 101 102 103 104 105 106 107 108 109 110 111 112 113 114 115 116 118 119 120 121 122 123 124 125 126 127 128 129 130 131 132 133 134 135 136 137 138 139 140 141 142 143 144 146 147 148 149 150 151 152 154 155 156 157 158 159 161 162 163 164 165 166 167 168 169 170 171 172 173 174 175 176 177 178 179 180 181 182 183 184 185 186 187 188 189 190 191 192 193 194 195 196 203 205 206 207 208 209 210 216 218 219 225 227 229 230 231 232 233 234 241 242 243 244 245 246 247 248 255 256 257 258 259 260 261 262 269 270 271 272 273 274 275 276 286 287 288 289 290 294 299 301 302 303 306 307 308 314 315 316 317 318 321 322 327 328 329 330 331 333 334 335 338 341 342 343 345 346 347 348 349 353 354 355 356 357 358 359 360 361 362 363 372 373 374 375 389 390 391 393 394 395 396 397 398 399 400 401 402 403 404 405 406 407 408 409 410 411 412 413 414 415 416 417 418 419 420 421 422 423 424 425 426 427 428 429 430 431 432 433 434 435 436 437 438 439 440 441 442 443 444 445 446 447 448 449 450 451 452 453 454 456 457 458 459 460 461 462 463 464 466 467 468 469 470 471 472 473 474 475 476 477 478 479 480 481 482 483 484 485 486 487 488 489 490 491 492 493 494 495 496 497 498 499 500 501 502 503 504 505 506 507 508 509 510 511 512 513 514 515 516 517 518 519 520 521 522 523 524 525 526 527 528 529 530 531 532 533 534 535 536 537 538 539 541 542 543 544 545 546 547 548 549 550 551 552 553 554 555 556 557 558 559 560 561 562 563 564 565 566 567 568 569 571 572 573 574 575 576 577 578 579 580 581 582 583 584 585 586 587 588 597 598 599 600 601 602 603 604 605 606 607 608 609 610 617 618 621 622 623 624 625 626 627 628 629 631 633 634 635 636 637 638 639 640 641 645 646 647 648 649 650 651 652 653 654 655 656 657 658 661 662 663 664 665 666 667 668 669 670 671 672 673 678 679 680 681 682 683 684 685 686 687 690 692 693 694 695 696 697 698 699 700 701 702 705 706 707 708 709 710 711 712 713 714 715 716 717 718 719 720 721 724 725 728 729 730 731 732 733 734 735 736 737 738 739 740 741 742 743 744 745 746 747 748 749 750 751 752 753 754 755 757 760 761 762 763 764 765 766 767 768 769 770 771 772 774 775 776 777 778 779 780 781 782 783 784 0
7 8 14 15 16 21 23 24 25 26 27 28 29 30 31 33 34 35 36 37 39 40 41 43 44 45 46 49 50 51 52 53 54 55 57 59 60 61 62 63 64 65 66 67 68 69 71 74 75 76 77 78 79 80 81 82 83 85 86 90 91 92 93 94 95 96 97 98 99 104 105 106 107 108 109 110 111 112 113 117 118 119 120 121 122 123 124 125 126 127 128 129 132 133 134 135 136 137 139 140 141 142 143 146 147 148 149 150 151 152 153 154 155 156 157 158 159 161 162 163 164 165 166 167 168 169 170 171 172 173 174 175 176 177 178 179 180 181 184 185 186 187 188 189 190 191 192 193 194 195 197 210 211 212 213 214 215 221 222 223 225 226 227 228 230 231 232 233 234 237 239 240 241 242 243 244 245 246 247 248 249 253 255 256 257 258 259 260 261 262 263 267 268 272 273 274 275 276 277 278 279 281 285 286 287 288 289 290 291 292 293 294 295 299 301 302 303 304 305 306 307 308 309 314 315 316 317 318 319 320 321 322 323 324 328 329 330 331 332 333 334 337 338 339 340 341 342 343 344 345 346 347 348 349 350 351 352 353 354 355 356 357 358 359 360 361 362 363 364 365 366 367 368 369 370 371 373 374 376 377 379 389 390 391 392 393 394 395 396 397 398 399 400 401 402 403 404 405 406 407 408 409 410 412 417 420 424 425 426 427 428 429 431 432 433 436 438 439 440 441 442 443 444 448 449 450 451 452 453 454 455 456 457 458 459 462 463 465 466 467 468 469 470 472 473 474 475 480 483 484 485 486 487 490 491 496 497 498 499 500 501 502 503 504 505 509 510 511 512 513 514 515 517 518 519 520 522 523 524 525 526 527 528 530 531 534 535 537 538 539 540 541 542 543 544 545 546 547 550 551 552 553 554 555 556 557 558 559 560 561 565 566 567 568 569 570 571 572 574 577 578 579 580 581 582 584 585 588 589 598 599 600 601 602 610 616 618 621 622 623 624 625 628 629 630 632 633 634 635 636 637 638 639 640 643 644 646 647 648 649 650 651 652 654 658 661 662 664 666 667 670 671 672 676 677 679 680 681 683 684 685 686 692 693 694 695 696 697 698 699 700 706 707 708 709 710 711 712 713 714 718 719 720 721 722 724 725 726 727 728 730 731 732 733 734 735 736 737 738 739 740 741 742 744 745 747 748 749 750 751 752 753 754 755 756 759 760 761 762 763 764 765 766 768 769 770 771 775 779 780 781 782 783 784 0
3 4 6 8 9 10 11 12 13 15 16 17 18 20 21 24 25 26 27 29 30 31 32 33 34 35 36 38 39 40 42 43 44 45 46 47 48 49 50 52 53 54 56 58 59 60 61 67 68 69 74 75 77 80 81 82 83 84 86 87 88 89 90 91 93 94 95 96 97 98 99 102 103 104 105 106 107 108 109 110 111 113 114 115 116 117 118 120 121 122 123 124 125 126 128 130 131 132 133 135 137 138 139 140 141 142 143 144 145 146 147 149 152 154 155 156 157 158 159 160 161 162 163 164 165 166 170 172 173 175 177 178 179 180 181 182 183 184 185 186 187 188 189 191 192 193 194 195 197 199 200 201 203 204 205 206 207 208 209 210 211 212 213 214 215 216 217 218 219 220 221 222 223 224 226 227 228 229 230 233 234 235 236 237 239 240 241 242 243 244 247 248 249 250 253 254 255 256 257 258 260 261 262 263 264 265 266 268 269 270 272 273 275 276 277 278 279 280 281 282 283 284 285 286 287 288 289 290 291 292 293 294 295 296 297 298 300 301 302 303 304 305 306 307 308 310 311 312 313 314 315 317 318 319 320 321 322 323 325 326 329 330 331 332 333 334 335 337 339 340 341 342 343 345 346 347 348 349 350 351 352 353 354 359 360 361 362 363 366 367 368 370 371 373 374 375 376 378 380 381 382 383 384 387 388 389 390 391 392 0
1 2 3 4 8 9 10 11 13 14 17 18 19 20 21 22 23 24 25 26 27 28 29 30 31 32 33 34 36 37 38 39 40 41 42 43 44 45 46 47 48 49 50 55 56 60 62 63 64 65 66 67 69 70 72 73 75 76 77 79 80 81 82 83 85 86 87 88 89 90 91 92 93 94 95 97 98 103 104 105 110 111 116 117 118 121 122 123 125 126 128 129 130 131 132 133 136 137 138 139 140 143 145 146 147 148 149 150 151 152 155 156 157 158 159 160 161 162 163 164 166 167 169 170 171 172 173 175 176 177 178 179 180 181 182 184 185 186 187 188 189 190 191 192 193 194 195 196 198 199 203 204 206 207 208 209 210 212 213 214 215 216 220 221 222 223 225 226 227 228 229 230 231 232 233 234 235 236 238 240 241 242 243 244 245 246 252 255 256 257 258 259 262 263 265 269 270 271 272 273 274 276 277 278 279 281 282 284 285 286 287 288 289 290 291 292 293 294 296 297 298 301 303 304 305 308 310 311 312 313 317 318 319 320 323 324 325 326 327 328 329 330 331 332 333 334 336 337 338 339 340 341 342 343 344 345 346 347 348 349 350 351 354 356 357 359 360 361 363 365 368 369 370 371 374 375 376 377 378 379 380 382 383 384 386 387 388 389 390 391 392 0
2 3 5 6 7 9 10 11 21 24 26 27 28 29 30 31 32 0

78
1 2 3 4 5 6 7 8 9 10 11 12 13 14 15 16 17 18 19 20 21 22 23 24 25 26 27 28 29 30 31 32 33 34 35 36 37 38 39 40 41 42 43 44 45 46 47 48 49 51 52 53 54 55 56 57 58 59 60 61 62 63 64 65 66 67 68 69 70 71 72 73 74 75 76 77 78 79 80 81 82 83 84 85 86 87 88 89 90 91 92 93 94 95 96 97 98 99 100 101 102 103 104 105 106 107 108 109 110 111 112 113 114 115 116 117 118 119 120 121 122 123 124 125 126 127 128 129 130 132 133 134 135 136 137 138 139 140 141 142 143 144 145 146 147 148 149 150 151 152 153 154 155 156 157 158 159 160 161 162 163 164 165 166 167 168 169 170 171 172 173 174 175 176 177 178 179 180 181 182 183 184 185 186 187 188 189 190 191 192 193 194 195 196 199 200 201 202 203 204 205 224 228 229 230 232 233 234 235 236 237 245 246 247 248 249 259 260 261 262 263 272 273 274 275 276 286 287 288 289 290 300 301 302 303 310 312 314 315 316 327 328 329 330 335 336 341 342 343 344 355 356 357 358 369 370 371 383 384 393 394 395 396 397 398 399 400 401 402 403 404 405 406 407 408 409 410 411 412 413 414 415 416 417 418 419 420 421 422 423 424 425 426 427 428 429 430 431 432 433 434 435 436 437 438 439 440 441 442 443 444 445 446 447 448 449 450 451 452 453 454 455 456 457 458 459 460 461 462 463 464 465 466 467 468 469 470 471 472 473 474 475 476 477 478 479 480 481 482 483 484 485 486 487 488 489 490 491 492 493 494 495 496 497 498 499 500 501 502 503 504 505 506 507 508 509 510 511 512 513 514 515 516 517 518 519 520 521 522 523 524 525 526 527 528 529 530 531 532 533 534 535 536 537 538 539 540 541 542 543 544 545 546 547 548 549 550 551 552 553 554 555 556 557 558 559 560 561 562 563 564 565 566 567 568 569 570 571 572 573 574 575 576 577 578 579 580 581 582 583 584 585 586 587 588 589 590 591 592 602 607 608 609 610 611 612 613 614 615 616 617 618 619 620 621 622 623 624 625 626 627 630 631 638 639 640 641 642 643 644 651 652 653 654 657 658 659 660 661 665 666 667 668 669 670 671 672 673 674 675 676 677 678 679 680 681 686 687 691 692 693 695 698 699 700 701 702 703 704 706 707 708 709 710 712 713 714 717 719 720 721 722 728 729 733 734 736 737 738 739 740 741 742 743 744 745 747 748 749 753 754 756 757 759 760 761 762 763 764 770 771 772 773 774 775 776 777 778 779 781 782 783 784 0
10 14 15 16 17 18 19 20 21 22 23 24 25 26 27 28 29 30 31 32 33 34 35 37 38 39 40 41 42 43 44 45 46 47 48 50 51 52 53 55 56 57 63 64 65 66 67 69 71 72 73 77 78 79 80 81 83 85 86 87 89 90 91 92 93 94 97 99 100 101 102 103 104 105 106 107 108 110 111 113 114 115 116 117 118 119 120 121 124 125 127 128 129 130 131 132 133 134 135 136 137 138 139 141 142 143 145 146 147 148 150 151 153 154 155 160 161 162 164 165 166 167 169 171 173 174 175 176 177 178 179 180 181 184 185 186 188 189 193 194 195 197 207 209 210 211 212 213 214 215 216 217 218 219 221 222 223 224 225 226 227 228 229 230 231 232 234 235 236 237 238 239 240 241 242 243 244 245 246 247 248 249 250 251 253 258 260 261 262 263 264 267 272 273 274 275 276 277 281 282 285 286 288 289 290 295 296 297 298 299 300 301 302 303 304 309 310 311 312 313 314 315 316 317 323 324 325 326 327 328 329 330 331 335 337 340 341 342 343 344 348 349 351 356 357 358 359 360 361 362 363 365 369 370 371 372 373 375 376 377 379 383 384 385 386 392 393 394 395 396 397 398 399 400 401 402 403 404 405 406 407 416 419 420 421 422 423 424 425 426 427 428 429 430 431 434 442 443 444 445 446 448 449 454 455 456 457 458 459 461 462 469 470 476 477 478 479 480 481 482 483 484 485 486 487 488 489 490 494 495 496 497 498 500 503 504 505 506 507 508 510 511 512 513 518 523 524 526 527 530 531 532 536 537 538 539 540 546 550 551 552 553 554 555 556 557 558 559 560 564 565 566 567 568 574 575 576 577 578 579 580 581 584 585 586 587 588 589 591 592 593 594 595 596 597 598 601 602 612 613 614 615 616 618 619 620 621 622 623 625 626 627 628 629 630 632 633 634 636 637 639 640 644 652 653 654 655 657 658 665 669 672 679 680 681 686 688 689 690 691 692 695 696 699 700 702 703 704 705 707 708 714 716 718 719 723 727 728 733 734 735 742 746 747 748 749 751 752 754 755 756 760 761 762 763 764 767 768 769 770 771 774 775 776 777 778 784 0
2 5 6 7 10 11 12 13 14 17 18 19 20 21 22 23 24 25 27 28 30 31 32 33 34 35 37 38 40 41 42 43 45 46 48 50 54 58 59 61 62 68 69 72 75 79 82 88 94 95 99 100 101 102 103 104 105 106 107 108 109 110 111 112 113 114 115 116 117 118 119 123 124 125 126 127 128 129 130 131 133 134 135 136 137 138 140 143 144 145 146 147 149 151 152 153 154 156 157 158 159 160 161 164 165 166 167 168 169 171 172 173 175 178 179 180 182 184 185 186 189 192 193 196 197 198 199 200 201 202 203 205 206 207 208 209 210 214 215 216 217 220 221 222 223 224 225 227 229 230 231 233 234 235 236 237 238 240 242 243 244 245 246 247 248 250 251 252 253 254 255 256 257 258 261 263 265 267 274 276 277 279 284 285 286 290 291 292 293 294 295 296 297 298 299 300 301 302 303 304 305 306 307 308 309 311 312 313 314 315 316 317 318 319 320 321 322 323 324 325 326 327 328 329 330 331 332 333 336 337 338 339 340 341 342 345 346 347 348 349 350 354 355 356 357 360 361 363 364 365 367 368 369 370 373 374 376 380 381 383 387 388 389 0
1 3 4 5 6 7 8 11 12 13 14 15 18 19 20 21 22 25 27 28 30 31 32 35 36 38 39 40 41 44 45 46 50 51 52 53 56 57 58 59 61 63 69 70 72 76 78 83 84 86 87 91 92 93 94 95 96 97 98 99 102 103 104 105 107 108 109 110 111 112 113 114 115 116 117 118 119 121 122 123 124 127 128 129 130 131 134 135 136 137 138 140 142 143 145 146 147 148 150 151 152 153 154 159 160 161 163 166 168 170 171 172 173 174 175 176 177 178 182 183 186 187 192 193 194 196 201 203 204 205 208 209 210 211 212 215 216 217 218 221 222 228 229 230 232 233 236 238 239 242 243 244 245 246 249 250 251 252 253 256 257 258 263 264 266 267 269 270 271 273 274 275 276 277 278 280 281 283 284 285 287 288 289 290 291 292 293 294 295 296 297 300 301 302 303 309 316 325 327 330 332 334 336 338 342 343 344 345 347 348 349 350 351 352 354 355 357 358 363 364 365 366 368 369 370 371 373 374 375 376 377 378 379 380 382 383 384 386 387 389 390 0
1 3 4 5 6 9 13 20 21 22 23 24 25 26 29 0

79
1 2 3 4 5 6 7 8 9 10 11 12 13 14 15 16 17 18 19 20 21 22 23 24 25 26 27 28 29 30 31 32 33 34 35 36 37 38 39 40 41 42 43 44 45 46 47 48 49 50 51 52 53 54 55 56 57 58 59 60 61 62 63 64 65 66 67 68 69 70 71 72 73 74 75 76 77 78 79 80 81 82 83 84 85 86 87 88 89 90 91 92 93 94 95 96 97 98 99 100 101 102 103 104 105 106 107 108 109 110 111 112 113 114 115 116 117 119 120 121 122 123 124 125 126 127 128 129 130 131 132 133 134 135 136 137 138 139 140 141 142 143 144 145 146 147 148 149 150 151 152 153 154 155 156 157 158 159 160 161 162 163 164 165 166 167 168 169 170 171 172 173 174 175 176 177 178 179 180 181 182 183 184 185 186 187 188 189 190 191 192 193 194 195 196 204 207 210 218 219 220 232 233 234 235 236 237 246 247 248 249 259 260 261 262 273 274 275 276 277 287 288 289 290 295 296 297 300 301 302 303 304 309 310 311 313 314 315 316 317 318 321 324 325 326 327 328 329 330 331 337 338 340 342 343 344 345 348 349 350 352 353 354 355 356 357 358 368 369 370 371 393 394 395 396 397 398 399 400 401 402 403 404 405 406 407 408 409 410 411 412 413 414 415 416 417 418 419 420 421 422 423 424 425 426 427 428 429 430 431 432 433 434 435 436 437 438 439 440 441 442 443 444 445 446 447 448 449 450 451 452 453 454 455 456 457 458 459 460 461 462 463 464 465 466 467 468 469 470 471 472 473 474 475 476 477 478 479 480 481 482 483 484 485 486 487 488 489 490 491 492 493 494 495 496 497 498 499 500 501 502 503 504 505 506 507 508 509 510 512 513 514 515 516 517 518 519 520 521 522 523 524 525 526 527 528 529 530 531 532 533 534 535 536 537 538 539 540 541 542 543 544 545 546 547 548 549 550 551 552 553 554 555 556 557 558 559 560 561 562 563 564 566 567 568 569 570 571 572 573 574 575 576 577 578 579 580 581 582 583 584 585 586 587 588 595 598 599 600 601 602 603 604 605 606 607 608 609 610 611 613 614 615 616 617 620 621 622 623 624 625 626 627 628 629 630 638 639 640 641 645 652 653 654 655 657 658 659 660 661 662 663 665 666 667 668 669 671 672 673 674 675 676 679 680 681 682 687 688 689 690 691 692 693 694 695 696 698 699 700 701 702 703 704 705 706 707 708 710 711 712 713 714 715 716 717 718 720 721 722 723 724 725 726 727 728 729 730 731 732 733 734 735 737 739 740 741 742 743 744 745 747 748 749 750 751 752 758 759 760 761 762 767 768 769 770 771 772 773 774 775 776 777 778 779 780 781 782 783 784 0
9 11 14 15 16 17 18 19 20 21 22 23 24 25 26 27 28 29 30 31 32 33 34 35 36 37 38 39 40 41 42 43 46 50 51 52 53 54 55 57 58 59 63 64 65 66 67 68 69 71 72 73 77 78 79 80 81 83 85 86 87 88 91 92 93 94 95 99 100 101 102 103 104 105 106 107 108 109 110 111 113 114 115 116 117 118 119 120 121 122 125 127 128 129 130 131 132 133 134 135 136 137 138 139 140 141 142 143 144 145 146 147 148 149 151 152 153 155 156 157 158 159 160 161 162 164 165 166 167 168 169 170 171 172 173 174 175 176 177 178 179 180 181 182 183 184 185 186 187 188 189 190 191 192 193 194 195 197 204 205 206 208 209 210 211 216 217 218 219 221 222 223 224 225 226 227 228 229 230 231 232 233 234 235 236 237 238 239 240 243 245 246 247 248 249 250 251 253 254 259 261 262 263 267 268 269 270 272 273 275 276 277 281 282 283 284 285 286 287 288 289 290 291 295 296 297 298 299 300 302 303 304 305 309 310 311 312 313 314 315 316 317 318 323 324 325 326 327 329 330 331 332 333 334 335 336 337 338 339 340 341 342 343 344 345 347 348 349 350 351 352 353 354 355 356 357 358 359 360 361 362 363 364 365 366 367 368 369 370 371 372 373 374 377 379 383 384 386 392 393 394 395 396 397 398 399 400 401 402 403 404 405 406 407 410 411 412 413 414 415 416 417 419 420 421 428 429 430 434 438 439 441 443 444 445 446 448 456 458 459 461 462 463 464 465 468 469 470 471 472 473 474 476 477 482 483 484 485 486 487 488 490 491 492 493 494 495 496 498 499 500 501 504 505 506 507 508 509 511 512 513 514 516 517 519 520 521 522 523 524 525 526 527 528 532 533 534 536 537 538 539 540 543 544 545 546 548 550 551 552 553 554 555 556 560 564 565 566 567 573 575 576 577 579 580 581 582 583 584 585 587 588 589 596 598 600 601 602 607 608 609 610 611 612 613 614 615 616 622 623 624 625 626 627 628 629 630 638 639 640 642 644 652 653 654 655 657 658 660 665 666 672 674 675 679 680 681 682 685 686 687 688 689 690 692 693 695 697 700 701 702 703 704 705 706 707 713 714 715 716 717 718 720 721 723 724 728 729 730 731 732 734 735 737 739 740 741 742 744 745 746 747 748 749 750 751 754 755 756 758 759 760 761 762 763 764 765 766 769 770 771 774 775 776 783 784 0
2 3 5 6 7 10 11 12 14 15 16 17 18 19 20 21 22 23 24 25 26 27 28 29 30 31 32 33 34 35 36 37 38 39 40 41 42 43 44 45 46 47 48 49 50 54 56 60 61 62 63 69 71 72 75 76 78 79 80 81 82 85 86 87 89 90 91 92 93 94 98 99 102 103 104 105 107 108 109 111 113 114 115 116 117 118 119 120 121 122 123 124 125 126 127 128 129 130 131 132 133 134 135 136 137 138 139 141 142 143 144 145 146 149 150 151 152 154 156 157 158 159 160 161 164 165 166 167 168 169 170 171 172 173 174 175 176 177 179 180 182 183 184 185 186 187 188 189 190 191 192 193 194 196 197 198 200 201 202 203 205 206 207 208 209 210 214 215 216 217 220 221 222 223 224 225 226 227 228 229 230 231 233 234 235 236 237 238 239 240 241 242 243 244 245 247 248 249 250 251 252 253 254 255 256 257 258 262 263 264 265 267 270 272 274 275 276 278 279 280 281 282 283 285 286 288 290 291 292 293 294 295 296 297 298 299 301 302 304 305 306 307 309 311 312 313 314 315 318 319 320 321 322 323 324 325 326 327 328 329 330 331 333 334 335 336 337 338 339 340 341 342 345 346 347 348 349 350 354 355 356 357 361 362 363 364 365 367 368 369 370 372 373 374 375 376 377 379 380 381 382 387 388 389 392 0
1 3 4 5 6 7 11 12 13 14 18 19 20 24 25 26 28 29 30 31 32 33 34 35 36 37 38 39 40 41 42 43 44 45 46 48 49 50 51 52 55 56 57 58 60 61 63 69 70 72 73 74 76 77 78 79 80 81 83 85 87 88 89 90 92 93 95 97 98 99 102 103 104 105 108 109 110 111 112 113 114 115 116 117 118 119 120 122 123 124 125 127 128 129 130 131 132 133 134 135 136 137 138 139 140 141 142 144 145 146 147 148 150 151 152 153 154 155 156 159 161 162 163 164 166 168 169 172 173 174 175 176 179 180 181 182 184 185 186 188 189 190 192 193 194 196 200 201 202 203 204 205 208 209 211 212 215 216 218 219 220 221 222 224 225 227 228 230 231 232 233 234 236 237 239 240 241 242 243 245 246 249 250 252 253 255 256 257 258 260 261 262 263 264 265 266 267 268 269 270 271 272 273 274 275 276 277 278 280 281 283 284 285 286 287 289 290 291 292 293 294 295 296 297 298 299 300 301 302 303 304 305 307 308 309 310 312 315 316 319 323 325 326 331 332 333 335 336 337 338 339 340 341 342 343 344 345 346 347 348 349 350 351 352 353 354 355 357 358 360 361 362 363 364 365 366 367 368 369 370 371 372 373 374 375 376 377 378 379 380 382 383 384 385 386 387 388 389 390 391 0
2 3 6 7 9 13 14 15 17 18 19 20 22 24 28 29 31 32 0

80
1 2 3 4 5 6 7 8 9 10 11 12 13 14 15 16 17 18 19 20 21 22 23 24 25 26 27 28 29 30 31 32 33 34 35 36 37 38 39 40 41 42 43 44 45 46 47 48 49 50 51 52 53 54 55 56 57 58 59 60 61 62 64 65 66 67 68 69 70 71 72 73 74 75 76 77 78 79 80 81 82 83 84 85 86 87 88 89 90 91 92 93 94 95 96 97 98 99 100 101 102 103 104 105 106 107 108 109 110 111 112 113 114 115 116 117 118 119 120 121 122 123 124 125 126 127 128 129 130 131 132 133 134 135 136 137 138 139 140 141 142 143 144 146 147 148 149 150 151 152 153 154 155 156 157 158 159 160 161 162 163 164 165 166 167 168 169 170 171 172 173 174 175 176 177 178 179 180 181 182 183 184 185 186 187 188 189 190 191 192 193 194 195 196 205 206 245 246 247 248 249 257 258 259 260 261 262 263 264 269 270 271 272 273 274 275 276 277 278 283 284 285 286 287 288 289 290 291 297 298 299 300 302 303 304 305 310 311 312 314 315 316 317 318 320 322 327 329 330 331 332 340 342 343 344 347 348 349 350 352 354 355 356 357 368 369 370 373 381 382 383 384 393 394 395 396 397 398 399 400 401 402 403 404 405 406 407 408 409 410 411 412 413 414 415 416 417 418 419 420 421 422 423 424 425 426 427 428 429 430 431 432 433 434 435 436 437 438 439 440 441 442 443 444 445 447 448 449 450 451 452 453 454 455 456 457 458 459 460 461 462 463 464 465 466 467 468 469 470 471 472 473 474 475 476 477 478 479 480 481 482 483 484 485 486 487 488 489 490 491 492 493 494 495 497 498 499 500 501 502 503 504 505 506 507 508 509 510 511 512 513 514 515 516 517 518 519 520 521 522 523 524 525 526 527 528 529 530 531 532 533 534 535 536 537 538 539 540 541 542 543 544 545 546 547 548 549 550 551 552 553 554 555 556 557 558 559 560 561 562 563 564 565 566 567 568 569 570 571 572 573 574 575 576 577 578 579 580 581 582 583 584 585 586 587 588 595 596 597 598 599 602 603 604 605 606 610 611 612 614 615 616 617 622 623 629 630 632 639 640 641 645 649 650 651 652 653 654 655 656 657 658 659 661 662 663 664 665 666 667 668 669 671 673 674 675 676 677 678 679 680 681 682 683 687 688 689 690 691 692 693 694 695 696 697 698 699 700 701 702 703 704 707 708 709 710 711 712 713 714 720 721 722 726 727 728 729 730 731 732 733 734 736 737 738 739 740 741 742 743 744 745 746 747 748 749 750 751 756 757 758 759 760 761 762 763 764 765 766 767 768 769 770 771 772 773 774 775 777 778 779 782 783 784 0
14 15 16 20 21 22 23 24 25 26 27 29 34 35 36 37 39 40 41 43 51 52 53 55 57 62 63 64 65 66 67 68 71 74 75 76 78 79 80 81 82 85 88 90 91 92 93 94 95 96 99 100 101 102 103 104 105 106 107 108 109 111 113 114 115 117 118 119 120 121 122 124 125 127 128 129 130 131 132 133 134 135 136 137 138 139 140 141 142 143 145 146 147 148 149 151 152 153 154 155 156 157 158 159 160 161 162 164 165 166 167 168 169 170 171 172 173 174 175 177 178 180 181 182 183 184 185 186 187 188 189 190 191 192 193 194 195 196 197 210 211 212 217 218 219 220 221 222 225 226 231 232 233 234 239 240 244 245 248 249 253 254 256 259 260 261 262 263 264 267 271 272 273 274 275 276 277 278 281 284 285 286 287 288 289 290 291 292 295 301 302 303 304 305 309 310 311 312 313 314 316 317 318 319 320 321 323 324 325 326 327 329 330 331 332 333 334 335 336 337 338 339 340 342 343 344 345 347 348 349 350 351 352 353 354 355 356 357 358 360 361 362 363 364 365 366 367 368 369 370 371 373 374 377 378 379 381 382 383 384 385 392 393 394 395 396 397 398 399 400 401 402 403 404 405 407 412 420 421 422 428 429 430 431 432 433 434 440 441 442 443 444 445 446 448 449 450 451 453 454 455 456 457 458 459 460 462 465 466 467 468 469 470 471 472 474 475 476 477 478 479 480 481 482 483 484 490 491 492 493 494 495 496 497 498 500 501 504 505 506 507 508 509 510 511 513 514 515 516 517 518 523 524 525 526 532 533 536 537 538 539 540 543 544 545 547 548 549 550 551 553 554 560 563 564 565 566 567 569 570 571 572 573 574 575 576 577 579 580 581 582 583 584 585 586 587 588 589 597 602 607 610 611 612 613 616 618 623 629 630 638 639 640 641 644 650 651 652 653 654 655 658 662 663 665 666 667 668 669 672 675 676 677 678 679 680 681 682 684 686 689 690 691 695 697 700 702 704 705 706 708 709 710 711 712 713 714 716 718 719 720 721 722 723 724 725 726 727 728 733 735 737 739 740 741 742 744 745 746 747 749 750 755 756 758 759 760 761 765 768 769 770 771 772 773 774 775 777 783 784 0
10 11 12 13 14 15 16 17 18 19 20 21 23 24 25 26 27 28 29 30 31 32 33 34 35 36 37 38 40 41 43 44 45 46 47 48 50 56 61 62 66 67 68 69 70 73 74 76 79 81 82 83 84 85 88 89 90 91 92 95 98 99 101 102 103 104 105 107 108 109 110 111 112 113 114 115 116 117 120 121 122 123 124 125 126 128 129 130 131 132 133 134 135 137 138 139 141 142 143 144 145 146 149 150 151 152 153 154 157 158 159 160 161 163 164 165 166 168 171 172 173 174 176 177 178 179 180 181 182 185 186 187 188 189 190 191 192 193 194 196 197 198 201 202 203 204 206 207 208 209 210 211 212 213 214 215 216 218 219 220 222 223 225 226 227 228 229 230 231 232 233 234 235 236 237 238 239 240 241 242 243 244 245 247 248 249 250 251 252 254 255 256 257 258 259 261 262 263 264 265 266 268 269 270 271 272 273 276 277 279 280 281 282 283 285 286 288 289 290 291 293 294 295 296 297 298 299 300 301 302 303 304 305 307 309 310 311 312 313 314 316 317 318 319 320 321 322 323 325 326 327 328 329 330 331 332 333 334 337 338 339 340 341 342 343 345 346 347 348 349 350 356 357 359 360 361 362 363 364 366 367 368 369 370 372 374 375 376 377 379 380 381 387 388 392 0
1 3 4 8 9 10 11 13 14 15 16 17 18 19 20 21 23 24 25 26 27 28 29 30 31 32 35 36 37 38 39 40 41 42 43 44 45 46 48 50 51 53 55 56 57 63 67 69 70 72 73 74 77 78 79 80 81 82 83 86 87 88 89 90 92 93 94 96 97 98 99 112 114 115 116 117 118 119 120 122 123 124 125 126 128 129 130 131 133 134 135 136 137 139 140 141 142 143 144 145 146 147 148 150 151 152 155 156 157 158 159 161 163 164 165 166 167 168 169 170 171 175 176 177 178 179 180 181 183 184 185 186 190 191 192 193 196 204 205 206 209 210 211 214 215 216 217 219 220 221 222 223 225 226 228 229 230 231 233 234 236 237 239 240 242 243 245 246 248 249 252 253 258 262 263 264 266 267 268 269 270 272 274 275 276 277 278 279 281 282 283 284 285 286 287 288 289 290 291 292 293 294 295 296 297 300 301 303 304 305 309 311 312 316 318 319 320 321 322 326 328 330 331 332 333 334 336 337 338 339 340 341 342 343 344 345 346 347 348 349 351 352 353 354 355 358 364 365 366 367 368 369 370 371 372 373 374 375 376 377 378 380 381 382 383 384 385 389 390 391 0
1 3 4 5 7 12 13 14 16 17 18 20 23 24 26 28 29 31 32 0

81
1 2 3 4 5 6 7 8 9 10 11 12 13 14 15 16 17 18 19 20 21 22 23 24 25 26 27 28 29 30 31 32 33 34 35 36 37 38 39 40 41 42 43 44 45 46 47 48 49 51 52 53 54 55 56 57 58 59 60 61 62 63 64 65 66 68 69 70 71 72 73 74 75 76 77 78 79 80 81 82 83 84 85 86 87 88 89 90 91 92 93 94 95 96 97 98 99 100 101 102 103 104 105 106 107 108 109 110 111 112 113 114 115 116 117 118 119 120 121 122 123 124 125 126 127 128 129 130 131 132 133 134 135 136 137 138 139 140 141 142 143 144 145 146 147 148 149 150 151 152 153 154 155 156 157 158 159 160 161 162 163 164 165 166 167 168 169 170 171 172 173 174 175 176 177 178 179 180 181 182 183 184 185 186 187 188 189 190 191 192 193 194 195 196 204 207 208 209 210 216 217 218 219 220 229 231 232 233 234 239 243 244 245 246 247 248 249 251 252 253 254 255 256 257 258 259 261 262 264 265 266 269 271 272 273 274 276 277 278 279 280 284 286 287 288 289 290 291 294 295 296 297 298 299 301 302 303 304 305 307 308 312 313 314 318 319 320 321 322 325 326 327 328 329 330 331 332 333 334 335 336 340 341 342 343 344 345 346 347 354 355 356 357 358 359 360 361 369 371 372 373 374 375 379 390 393 394 395 396 397 398 399 400 401 402 403 404 405 406 407 408 409 410 411 412 413 414 415 416 417 418 419 420 421 422 423 424 425 426 427 428 429 430 431 432 433 434 435 436 437 438 439 440 441 442 443 444 445 446 447 448 449 450 451 452 453 454 455 456 457 458 459 460 461 462 463 464 465 466 467 468 469 470 471 472 473 474 475 476 477 478 479 480 481 482 483 484 485 486 487 488 489 490 491 492 493 494 495 496 497 498 499 500 501 502 503 504 505 506 507 508 510 511 512 513 514 515 516 517 518 519 520 521 522 523 524 525 526 527 528 529 530 531 532 533 534 535 536 537 538 539 540 541 542 543 544 545 546 547 548 549 550 551 552 553 554 555 556 557 558 559 560 561 562 563 564 565 566 567 568 570 571 572 573 574 575 576 577 578 579 580 581 582 583 584 585 586 587 588 589 597 598 599 600 601 602 603 604 606 607 608 610 611 615 616 617 618 619 620 622 623 624 625 626 627 628 629 630 631 632 633 634 635 636 637 638 639 640 642 643 644 645 646 647 648 649 650 651 652 653 654 655 656 657 658 659 660 661 663 664 665 666 667 668 669 670 671 672 673 674 676 677 678 679 680 681 682 683 684 685 686 687 688 689 690 691 692 693 694 695 696 697 698 699 700 703 704 705 706 707 708 709 710 711 712 713 714 715 716 717 718 719 720 721 722 723 724 725 727 728 729 732 733 734 735 736 737 738 739 740 741 742 743 744 745 746 747 748 750 751 752 753 754 755 756 757 758 761 762 763 764 765 766 767 768 769 770 771 772 773 774 775 776 777 778 779 780 781 782 783 784 0
1 7 8 9 14 15 16 17 21 22 24 25 26 27 28 29 30 31 32 34 35 36 37 38 39 40 41 42 43 44 45 46 47 48 49 50 51 52 53 54 55 56 57 58 59 60 61 62 63 64 65 66 67 68 69 70 71 72 73 74 76 77 78 79 80 81 82 83 84 85 86 87 88 89 90 91 92 93 94 95 96 97 98 99 100 101 103 104 105 106 107 108 109 110 111 112 113 114 115 116 117 118 119 120 121 122 123 124 125 126 127 128 129 131 132 133 134 135 136 137 138 139 140 141 142 143 144 145 146 147 148 149 150 151 152 153 154 155 156 157 158 159 160 161 162 163 164 165 167 168 169 170 171 172 173 174 175 176 177 178 180 181 182 183 184 185 186 187 188 189 190 192 193 194 195 197 205 206 210 211 212 213 214 215 216 218 219 220 221 223 224 225 226 227 228 229 231 232 233 234 237 238 239 240 241 242 243 244 245 246 247 248 249 250 251 252 253 254 255 256 257 258 259 260 261 262 263 264 265 266 267 268 269 270 272 273 274 275 276 277 278 279 280 281 282 283 284 285 286 287 288 289 290 291 292 293 294 295 296 297 298 299 300 301 302 303 304 305 306 307 308 309 310 311 312 313 314 315 316 317 318 319 320 321 322 323 324 325 326 327 328 329 330 331 332 333 334 335 336 337 338 339 341 342 343 344 345 346 347 348 349 350 351 352 353 354 355 356 357 358 359 360 361 362 363 364 365 366 367 368 369 370 371 372 373 374 375 376 377 378 379 388 390 391 392 393 394 395 396 397 398 399 400 401 402 403 404 405 406 407 408 412 413 414 415 416 420 421 422 423 424 425 426 427 428 429 430 432 434 435 436 438 439 440 442 443 444 446 447 448 449 450 451 452 453 454 455 456 457 458 459 460 461 462 463 466 468 469 470 471 472 473 474 475 476 477 479 480 481 482 483 484 485 486 487 489 490 491 492 493 494 496 497 498 499 500 501 502 504 507 508 509 510 511 512 513 514 515 516 517 518 522 523 524 526 528 530 531 532 533 536 537 538 539 540 541 542 543 544 546 547 548 549 550 551 552 553 554 555 556 557 558 559 560 561 565 566 567 568 569 570 571 572 574 575 576 577 578 579 580 581 582 583 584 585 586 587 588 589 600 601 602 609 610 611 613 614 615 616 618 619 624 625 626 630 631 632 633 635 637 638 639 640 641 642 643 644 645 646 647 649 650 651 652 653 654 655 656 657 658 659 660 661 662 663 664 665 666 667 668 669 670 671 672 674 675 676 677 678 679 680 681 682 683 684 685 686 687 688 689 690 691 692 693 694 696 697 698 699 700 702 704 705 706 707 708 709 710 711 712 713 714 716 717 718 719 720 721 722 723 724 725 726 727 728 730 732 733 734 735 736 737 739 740 742 744 745 746 747 748 749 750 751 752 753 754 755 756 757 758 759 760 761 762 763 764 765 766 767 768 769 770 771 772 776 781 782 784 0
1 3 4 5 6 7 8 9 10 11 12 13 15 16 17 18 20 23 24 25 26 27 28 30 31 33 34 35 36 37 38 39 40 41 42 43 44 45 46 47 48 49 50 52 53 54 56 57 58 60 61 62 63 64 65 66 67 68 69 71 72 74 76 77 78 80 81 82 83 84 85 86 87 88 89 90 92 93 95 96 97 98 99 100 101 104 105 106 107 108 109 110 111 113 114 116 117 118 119 120 122 123 124 125 126 127 128 129 130 131 132 133 134 135 136 137 138 139 140 141 143 144 145 146 147 149 151 152 153 154 155 158 159 160 162 164 165 166 167 168 169 170 171 172 173 174 175 176 177 178 179 180 181 182 183 184 186 187 188 189 191 192 193 194 195 196 197 198 199 200 201 202 203 205 206 207 208 209 210 212 213 214 215 216 217 218 219 220 221 222 223 224 226 227 228 229 230 232 233 234 235 236 237 239 240 241 242 243 244 245 246 248 249 250 251 253 254 256 257 258 259 260 261 262 263 264 265 266 267 269 270 271 272 273 274 275 276 277 278 279 281 282 283 284 285 287 288 289 290 291 292 294 295 296 297 298 299 301 302 303 304 305 307 308 309 310 311 312 313 314 315 316 317 318 319 320 321 322 323 325 326 327 328 329 330 331 332 333 334 335 336 337 339 340 341 342 343 345 346 347 348 349 350 351 352 353 354 355 356 358 360 361 362 363 364 365 367 368 369 370 371 373 374 375 376 377 378 380 381 382 383 384 385 386 388 389 390 391 0
1 2 3 4 6 8 9 10 11 12 13 14 15 17 18 20 21 22 23 24 25 26 27 28 29 30 31 32 33 34 35 37 38 39 40 41 42 43 44 45 46 47 48 49 50 51 52 55 56 62 63 65 66 68 69 70 71 72 73 74 75 76 77 79 81 82 83 84 85 86 87 88 89 90 91 93 94 95 96 98 99 100 102 103 104 105 106 107 108 109 110 111 113 114 115 116 117 118 119 120 121 123 124 125 126 127 128 129 130 131 132 133 134 135 136 137 138 139 140 141 144 145 146 147 148 150 151 152 153 155 156 157 158 159 160 161 162 163 164 166 167 170 171 172 173 174 175 177 178 179 180 182 183 184 185 186 187 189 190 191 192 194 195 196 197 199 200 202 203 205 206 207 208 209 210 212 213 215 216 217 218 219 220 221 222 223 224 225 226 227 228 229 230 231 233 234 235 236 237 238 240 241 242 243 244 245 246 248 250 251 252 253 255 256 257 259 260 263 264 265 266 267 269 270 271 272 273 274 277 278 279 280 283 284 285 286 287 288 290 291 292 293 294 295 296 297 298 299 300 301 302 304 305 306 307 308 309 311 312 314 315 316 317 318 319 320 321 322 323 324 325 326 327 328 329 330 331 332 333 334 335 336 338 339 340 341 342 343 344 345 346 347 348 349 351 353 354 355 356 357 359 360 361 362 363 364 365 366 367 368 369 370 371 372 375 376 377 378 379 381 382 383 384 385 386 387 390 392 0
1 3 5 6 7 8 10 11 13 14 15 17 18 19 20 22 24 25 27 28 29 30 31 32 0

82
1 2 3 4 5 6 7 8 9 10 11 12 13 14 15 16 17 18 19 20 21 22 23 24 25 26 27 28 29 30 31 32 33 34 35 36 37 38 39 40 41 42 43 44 45 46 47 48 49 50 51 52 53 54 55 56 57 58 59 60 61 62 63 64 65 66 67 68 69 70 71 72 73 74 75 76 77 78 79 80 81 82 83 84 85 86 87 88 89 90 91 92 93 94 95 96 97 98 99 100 101 102 103 104 105 106 107 108 109 110 111 112 113 114 115 116 117 118 119 120 121 122 123 124 125 126 127 128 129 130 131 132 133 134 135 136 137 138 139 140 141 142 143 144 145 146 147 148 149 150 151 152 153 154 155 156 157 158 159 160 161 162 163 165 166 167 168 169 170 171 172 173 174 175 176 177 178 179 180 181 182 183 184 185 186 187 188 189 190 191 192 193 194 195 196 203 205 206 207 208 209 210 217 218 230 231 232 233 234 235 236 243 244 245 246 247 248 249 250 258 259 260 261 262 263 264 265 271 272 273 274 275 276 277 279 281 284 285 286 287 288 289 290 291 292 294 295 296 297 298 300 301 302 303 304 305 306 311 312 313 314 315 316 317 318 319 324 326 327 328 329 330 331 332 333 339 340 341 343 344 345 346 347 351 352 354 355 356 357 358 359 360 368 369 370 371 372 373 376 393 394 395 396 397 398 399 400 401 402 403 404 405 406 407 408 409 410 411 412 413 414 415 416 417 418 419 420 421 422 423 424 425 426 427 428 429 430 431 432 433 434 435 436 437 438 439 440 441 442 443 444 445 446 447 448 449 450 451 452 453 454 455 456 457 458 459 461 462 463 464 465 466 467 468 469 470 471 472 473 475 476 477 478 479 480 481 482 483 484 485 486 487 489 490 491 492 493 494 495 496 497 498 499 500 501 502 503 504 505 506 507 508 509 510 511 512 513 514 515 516 517 518 519 520 521 522 523 524 525 526 527 528 529 530 531 532 533 534 535 536 537 538 539 540 541 542 543 544 545 546 547 548 549 550 551 552 553 554 555 557 558 559 560 561 562 563 564 565 566 567 568 569 570 571 572 573 574 575 576 577 578 579 580 581 582 583 584 585 586 587 588 594 595 596 597 598 599 600 601 602 603 607 608 609 611 612 614 615 616 617 618 620 621 622 623 624 625 626 627 628 629 630 636 637 638 639 640 641 642 643 644 645 649 650 651 652 653 654 655 657 658 659 660 661 662 663 664 665 666 667 668 669 670 671 672 673 675 676 677 678 679 680 681 682 683 684 687 688 689 690 691 692 693 694 695 696 697 698 699 700 703 704 705 707 708 709 710 711 715 716 717 718 719 720 721 722 723 724 725 726 727 729 730 731 733 734 735 736 737 738 739 743 744 745 746 747 748 749 750 751 753 754 755 758 759 760 761 762 763 764 769 770 771 772 773 774 775 776 777 778 779 780 781 782 783 784 0
14 15 19 20 21 22 23 24 25 26 27 28 29 35 36 37 38 39 40 41 42 43 48 49 50 51 52 53 54 55 56 57 58 61 62 63 64 65 66 67 68 69 70 71 72 73 76 77 78 79 80 81 82 83 84 85 86 87 89 90 91 92 93 94 95 96 97 98 99 100 101 102 103 104 105 106 107 108 109 110 113 114 115 116 117 118 119 120 121 122 123 124 125 127 128 129 130 131 132 133 134 135 136 137 138 141 142 143 144 145 146 147 148 149 150 151 155 156 159 160 161 162 163 164 165 169 170 171 172 173 174 175 176 177 178 180 181 183 184 185 186 187 189 190 191 194 195 197 204 210 211 212 216 217 218 219 220 222 223 224 225 226 229 230 231 233 234 235 237 238 239 240 243 244 245 246 247 248 249 250 251 252 253 257 258 259 260 261 262 263 264 265 266 267 268 270 271 272 273 274 275 276 277 278 279 280 281 282 283 284 285 286 287 288 289 290 291 292 295 296 297 298 300 301 302 303 304 305 306 309 310 311 312 313 314 315 316 317 318 319 320 323 324 325 326 327 328 329 330 331 332 333 334 337 338 340 341 342 343 344 345 346 347 351 352 353 354 355 356 357 358 359 360 361 365 366 367 368 369 370 371 372 373 374 376 377 379 382 383 384 386 387 388 392 393 394 395 396 397 398 399 400 401 402 403 404 405 406 407 413 414 415 418 419 420 421 426 427 428 429 430 431 432 433 434 435 436 439 440 441 442 443 444 445 446 447 448 453 454 455 456 457 458 460 461 462 463 464 466 467 468 469 470 471 472 473 474 475 476 477 478 479 480 481 482 483 484 486 487 488 489 490 491 492 493 494 495 496 497 498 499 500 501 502 503 504 507 508 509 510 511 512 513 516 518 519 520 522 523 524 525 526 527 528 529 530 532 534 535 536 537 538 539 540 541 542 544 546 547 548 550 551 552 553 554 555 556 557 560 563 564 565 566 568 569 570 571 572 573 574 575 576 577 578 579 580 581 582 584 585 586 587 588 589 595 596 597 598 599 600 601 602 608 610 611 613 614 615 616 622 623 624 625 626 627 628 629 630 635 637 638 639 640 641 644 651 653 654 655 656 657 658 663 664 666 667 668 669 670 671 672 673 674 675 676 677 679 681 682 684 686 687 688 689 690 691 692 694 695 697 700 704 706 707 708 709 710 714 716 717 718 719 721 722 723 724 726 728 731 732 733 734 735 736 739 742 743 744 745 746 747 748 749 750 751 753 756 758 759 760 761 762 763 764 765 768 769 770 771 773 774 776 777 780 784 0
3 6 7 10 11 12 13 14 15 16 17 18 20 21 22 23 24 25 26 28 29 30 31 32 33 35 36 37 38 41 42 44 45 46 47 48 50 54 56 60 61 62 63 67 68 69 70 71 72 73 74 76 77 80 81 82 83 84 85 86 87 88 89 90 92 93 94 95 99 101 102 103 104 105 108 109 110 111 112 113 114 115 116 118 122 123 124 125 126 127 128 129 130 131 132 133 134 135 136 137 138 139 140 141 142 143 144 145 146 147 149 150 151 153 154 157 158 159 160 161 163 164 165 166 167 168 169 171 172 173 174 175 178 180 181 182 183 185 186 187 188 191 192 193 194 195 196 197 198 199 200 201 202 203 205 206 207 208 209 210 212 213 214 215 216 217 219 220 221 222 223 224 225 226 227 228 229 230 232 233 234 235 236 237 238 239 240 241 242 243 244 245 247 249 250 251 252 254 255 256 257 258 259 261 262 263 264 265 266 267 268 269 270 271 272 274 275 276 277 278 281 282 283 284 285 286 287 288 289 290 291 292 293 294 295 296 297 298 299 301 302 303 304 305 306 307 308 309 310 311 312 313 314 315 316 317 318 319 320 321 322 323 324 325 326 327 328 329 330 331 332 333 334 335 336 337 338 339 340 341 342 345 346 347 348 349 350 353 354 355 356 357 359 360 361 362 363 364 365 366 367 368 369 370 371 373 374 375 376 377 378 379 380 381 382 383 384 386 387 388 389 390 0
1 2 3 4 5 6 7 10 11 12 13 14 15 16 17 18 19 20 21 23 24 26 27 29 30 32 33 34 35 36 37 38 39 40 42 43 44 45 46 50 51 52 53 54 55 56 63 67 68 70 72 73 76 77 78 79 80 81 82 83 84 85 86 87 88 89 90 91 92 93 94 96 97 98 99 102 104 105 106 107 108 109 110 111 112 113 114 115 116 117 118 119 121 122 123 124 125 126 128 129 130 131 132 133 134 135 136 137 140 141 142 143 144 145 148 149 150 151 152 154 155 157 158 159 161 162 163 164 165 166 167 170 171 172 173 174 175 176 177 178 179 181 182 184 185 187 189 190 191 192 193 194 196 199 200 201 203 205 206 207 208 209 210 212 213 214 215 216 217 218 219 220 221 222 223 225 226 227 228 229 230 231 232 233 234 235 238 239 240 241 242 243 245 246 248 249 250 252 253 254 255 257 258 260 261 262 265 266 267 268 269 270 271 272 273 274 275 276 277 278 279 280 281 283 284 285 286 287 288 290 291 292 293 294 295 296 298 299 300 301 302 304 305 306 308 314 317 318 322 323 324 325 327 329 330 331 332 334 335 337 338 339 340 341 342 344 345 346 347 348 349 350 351 352 353 354 355 357 358 359 360 364 365 367 368 369 370 371 372 373 374 375 376 377 378 379 380 381 382 383 384 385 386 387 389 390 391 392 0
2 3 4 5 6 8 9 11 16 17 21 22 25 27 28 29 31 0

83
1 2 3 4 5 6 7 8 9 10 11 12 13 14 15 16 17 18 19 20 21 22 23 24 25 26 27 28 29 30 31 32 33 34 35 36 37 38 39 40 41 42 43 44 45 46 47 48 49 50 51 52 53 54 55 56 57 58 59 60 61 62 63 65 66 67 68 69 70 71 72 73 74 75 76 77 78 79 80 81 82 83 84 85 86 87 88 89 90 91 92 93 94 95 96 97 98 99 100 101 102 103 104 105 106 107 108 109 110 111 112 113 114 115 116 117 118 119 120 121 122 123 124 125 126 127 128 129 130 131 132 133 134 135 136 137 138 139 140 141 142 143 144 145 146 147 148 149 150 151 152 153 154 155 156 157 158 159 160 161 162 163 164 165 166 167 168 169 170 171 172 173 174 175 176 177 178 179 180 181 182 183 184 185 186 187 188 189 190 191 192 193 194 195 196 207 216 217 218 219 224 229 230 231 232 233 234 235 243 244 245 246 247 248 249 251 257 258 259 260 261 262 263 271 272 273 275 276 277 285 287 288 289 290 291 292 299 300 303 304 305 306 311 312 313 314 315 316 317 318 319 320 325 326 327 328 329 330 331 332 333 334 339 340 341 342 343 344 345 346 347 348 350 351 352 353 354 355 356 357 358 359 360 361 362 367 368 372 373 393 394 395 396 397 398 399 400 401 402 403 404 405 406 407 408 409 410 411 412 413 415 416 417 418 419 420 421 422 423 424 425 426 427 428 429 430 431 432 433 434 435 436 437 438 439 440 441 442 443 444 445 446 447 448 449 450 451 452 453 454 455 456 458 459 460 461 462 463 464 465 466 467 468 469 470 471 473 475 476 477 478 479 480 481 482 483 484 486 487 488 489 490 491 492 493 494 495 496 497 499 500 501 502 503 504 505 506 507 508 509 510 511 512 513 514 515 516 517 518 519 520 521 522 523 524 525 526 527 528 529 530 531 532 533 534 535 536 537 538 539 540 541 542 543 544 545 546 547 548 549 550 551 552 553 554 555 556 557 558 559 560 561 562 563 564 565 566 567 568 569 570 571 572 573 574 575 576 577 578 579 580 581 582 583 584 585 586 587 588 602 603 606 607 608 609 610 611 612 613 614 617 621 622 623 624 625 626 627 628 629 630 631 632 633 635 636 637 638 639 640 641 642 643 645 647 648 649 650 651 652 653 654 655 658 659 661 663 664 666 667 668 669 670 671 673 674 681 683 684 685 686 687 690 691 692 693 694 695 696 697 698 699 700 701 702 703 704 705 706 707 708 709 710 711 712 713 714 715 716 717 718 719 720 721 722 723 724 725 726 727 728 729 730 731 732 733 734 735 736 737 739 740 741 742 743 744 745 746 747 748 749 750 751 752 753 754 755 756 758 759 760 761 762 768 770 773 774 777 778 779 780 781 784 0
5 6 7 8 14 15 20 21 22 24 25 26 27 28 29 33 34 35 36 37 38 39 40 41 43 48 49 50 51 52 53 54 55 57 58 59 62 63 64 65 66 67 69 70 71 78 79 80 81 82 92 93 94 95 96 99 103 104 105 106 107 108 109 110 113 114 116 117 118 119 120 121 122 123 124 125 127 128 130 131 132 133 134 135 136 137 138 139 140 141 142 143 144 145 146 147 148 149 150 151 152 153 154 155 156 157 158 159 160 161 162 163 164 165 167 168 169 170 171 172 175 177 180 181 184 185 186 187 188 189 190 191 192 197 204 205 210 211 215 217 218 219 222 225 226 230 231 232 233 234 236 237 239 240 243 244 245 246 247 248 249 253 254 257 258 259 260 261 262 263 264 267 271 276 277 278 281 284 285 289 290 291 292 295 297 298 300 301 302 303 304 305 306 309 310 311 313 314 315 316 317 318 319 320 321 323 324 325 327 328 329 330 331 332 333 334 335 336 337 338 340 341 342 343 344 345 346 347 348 349 350 351 352 353 354 355 356 357 358 359 360 361 363 364 365 366 367 368 369 370 371 372 373 379 392 393 394 395 396 397 398 399 400 401 402 403 404 405 413 414 415 417 420 421 424 425 426 427 428 429 430 431 432 434 435 436 438 439 440 441 442 443 444 445 446 447 448 452 453 454 455 456 457 458 459 461 462 463 464 465 466 467 468 469 470 471 472 473 474 476 477 481 482 483 484 485 486 487 488 489 490 491 494 495 496 497 498 499 500 501 504 505 508 509 510 511 512 513 514 515 516 517 518 519 521 522 523 524 525 526 527 528 529 530 531 532 533 534 535 536 537 538 539 540 541 542 543 545 546 547 548 549 550 551 552 553 554 555 556 557 558 560 563 564 565 566 567 568 569 570 574 575 576 577 578 579 580 581 582 583 584 585 586 587 588 589 594 598 602 608 609 610 611 615 616 621 622 623 625 630 634 635 637 638 639 640 643 644 648 649 650 651 652 653 654 655 658 664 666 667 668 672 680 681 682 684 686 691 692 693 694 695 696 697 698 700 704 706 707 708 709 710 711 712 714 717 718 719 722 723 724 725 726 727 728 731 732 733 734 735 736 737 738 739 740 741 742 743 744 745 746 747 748 749 750 751 752 754 755 756 758 759 760 761 762 763 764 765 766 769 770 771 784 0
3 4 9 10 11 12 16 17 19 20 21 23 24 25 26 27 28 29 30 31 32 33 35 36 37 38 39 40 41 42 45 46 47 49 50 52 53 54 56 59 60 61 62 68 69 70 73 74 75 76 77 80 81 82 83 84 87 88 89 90 91 93 94 99 100 101 102 103 104 105 107 108 109 110 112 115 116 117 118 123 124 125 126 127 128 129 130 131 132 133 134 136 137 138 139 141 142 143 144 145 146 149 150 151 152 154 156 157 158 159 160 161 164 165 166 167 168 170 171 172 173 174 175 176 177 178 180 181 182 183 184 185 186 187 188 189 191 192 193 194 196 197 198 199 200 201 202 203 205 206 207 208 209 210 212 214 215 216 217 219 220 221 222 223 224 225 226 227 228 229 230 231 232 233 234 235 236 237 238 239 240 242 243 244 245 248 249 250 251 254 255 256 257 258 260 261 262 263 264 265 266 268 269 270 271 272 275 276 277 278 279 280 282 283 284 286 287 288 289 290 291 292 295 296 297 298 299 301 302 303 304 305 306 307 308 309 310 312 313 314 316 317 318 319 320 323 324 325 326 327 328 329 330 331 332 333 334 335 336 337 338 339 340 341 342 343 345 346 348 349 350 352 353 354 355 356 360 362 363 364 366 367 368 369 370 371 373 374 375 376 377 378 379 380 381 382 383 384 385 387 388 389 390 391 0
1 2 3 4 5 6 7 8 10 11 12 13 14 15 16 17 19 20 21 23 24 25 26 28 29 30 31 32 33 34 35 36 37 38 39 40 41 42 43 44 45 46 47 48 49 50 51 52 55 56 60 62 63 64 68 70 72 74 75 77 79 80 81 82 83 84 85 86 89 90 92 93 94 95 96 98 102 103 104 105 108 109 112 113 115 117 119 120 121 122 123 124 125 127 128 129 130 132 133 134 135 136 137 138 141 142 144 145 147 148 149 150 151 152 153 154 155 156 157 158 159 160 161 162 163 165 166 167 168 169 170 172 173 177 178 179 180 181 182 183 184 185 186 188 189 190 191 192 193 194 195 196 198 199 200 201 204 207 208 209 214 215 216 218 219 220 221 222 223 224 225 226 227 228 229 230 232 233 234 235 236 239 240 241 242 244 245 246 252 253 254 255 256 258 263 265 266 268 271 272 274 276 277 278 279 281 282 284 285 286 287 288 289 290 291 293 294 296 297 298 299 301 302 303 304 305 306 310 311 312 313 314 317 318 319 320 321 323 324 325 326 327 328 330 331 332 333 334 335 336 337 338 339 340 341 342 343 344 345 346 347 348 349 351 352 353 358 359 360 361 362 364 367 368 369 370 371 372 375 376 377 378 379 381 382 383 384 385 386 387 389 392 0
4 5 6 9 10 11 12 14 18 21 23 26 27 28 30 32 0

84
1 2 3 4 5 6 7 8 9 10 11 12 13 14 15 16 17 18 19 20 21 22 23 24 25 26 27 28 29 30 31 32 33 34 35 36 37 38 39 40 41 42 43 44 45 46 47 48 49 50 51 52 53 54 55 56 57 58 59 60 61 62 63 64 65 66 67 68 69 70 71 72 73 74 75 76 77 79 80 81 82 83 84 85 86 87 88 89 90 91 92 93 94 95 96 97 98 99 100 101 102 103 104 105 106 107 109 110 111 112 113 114 115 116 117 118 119 120 121 122 123 124 125 126 127 128 129 130 131 132 133 134 135 136 137 138 139 140 141 142 143 145 146 147 148 149 150 151 152 153 154 155 156 157 158 159 160 161 162 163 164 165 166 167 168 169 170 171 172 173 174 175 176 177 178 179 180 181 182 183 184 185 186 187 188 189 190 191 192 193 194 195 196 204 205 206 207 211 212 213 217 218 219 220 230 231 232 233 234 241 242 243 244 246 247 257 258 259 260 261 262 271 272 273 274 275 276 277 278 283 284 285 286 287 288 289 290 291 292 294 298 299 300 301 302 303 304 305 306 312 313 314 315 316 318 319 320 326 327 329 330 331 332 333 334 340 341 342 343 344 345 346 347 354 355 356 357 358 366 367 368 393 394 395 396 397 398 399 400 401 402 403 404 405 406 407 408 409 410 411 412 413 414 415 416 417 418 419 420 421 422 423 424 425 426 427 428 429 431 432 433 434 435 436 437 438 439 440 441 442 443 444 445 446 447 448 449 450 451 452 453 454 455 456 457 458 460 461 462 463 464 465 466 467 468 469 470 471 472 473 474 475 476 477 478 479 480 481 482 483 484 485 486 487 488 489 490 491 492 493 494 495 496 497 498 499 500 501 502 503 504 505 506 507 508 509 510 511 512 513 514 515 516 517 518 519 520 521 522 523 524 525 526 527 528 529 530 531 532 533 534 535 536 537 538 539 540 541 542 543 544 545 546 547 548 549 550 551 552 553 554 555 556 557 558 559 560 561 562 563 564 565 566 567 568 569 570 571 572 573 574 575 576 577 578 579 580 581 582 583 584 585 586 587 588 595 596 598 599 600 603 604 605 606 607 608 609 610 611 612 614 615 616 620 621 622 623 624 625 626 627 628 629 630 631 632 633 637 638 639 650 651 654 657 658 659 662 663 664 665 666 667 668 669 670 671 673 674 675 676 677 678 679 680 681 682 683 684 686 690 691 692 693 694 695 696 697 698 701 702 703 704 705 706 709 710 711 712 714 715 716 717 718 719 720 721 722 723 724 725 726 727 729 730 731 732 733 734 735 736 737 738 739 740 741 742 743 744 745 746 747 748 749 750 751 752 753 754 755 756 757 758 759 760 761 768 769 770 771 772 773 774 775 776 777 779 780 781 782 784 0
1 7 8 9 10 14 15 16 17 18 19 20 21 22 23 25 26 27 29 30 31 32 33 34 35 36 37 38 40 41 43 44 45 46 47 48 49 50 51 52 54 55 57 59 60 62 63 64 65 66 68 71 72 73 75 76 77 78 79 80 81 83 85 86 87 89 90 91 92 93 94 95 96 99 100 101 102 103 104 105 106 107 108 109 110 111 113 114 116 117 118 119 120 121 122 123 124 125 127 128 130 131 132 133 134 135 136 137 138 141 142 143 145 146 147 148 149 150 151 155 156 157 158 159 160 161 162 163 169 170 171 172 173 174 178 179 180 181 183 184 185 186 187 188 189 190 192 193 194 195 197 203 204 205 206 207 210 211 212 214 215 216 217 218 219 220 222 223 225 226 227 228 229 230 231 232 233 234 237 239 240 241 242 243 244 245 246 247 248 253 254 256 257 259 260 261 262 267 268 270 271 272 273 274 275 276 277 278 281 282 283 284 285 286 287 288 289 290 291 292 293 295 296 297 298 299 300 301 302 303 304 305 306 307 309 313 314 315 316 317 318 319 320 321 323 324 326 327 328 329 330 331 332 333 334 337 338 339 340 341 342 343 344 345 346 347 351 352 353 354 355 356 357 358 359 360 365 366 367 368 369 370 371 372 374 379 380 381 392 393 394 395 396 397 398 399 400 401 402 403 404 405 407 408 409 410 411 412 413 414 415 416 418 419 420 426 427 428 429 430 431 433 434 435 436 437 438 439 440 441 442 443 446 448 454 455 456 457 458 459 460 461 462 463 467 468 469 470 471 472 473 475 476 477 478 479 480 482 483 484 485 486 487 488 489 494 495 496 497 498 499 500 501 502 503 504 507 508 509 510 511 512 516 517 518 519 520 521 522 523 524 525 526 527 528 531 532 533 535 536 537 538 539 540 541 542 543 546 547 548 549 550 551 552 553 554 555 556 557 560 561 562 563 564 566 569 570 571 572 573 574 575 576 577 578 579 580 581 582 583 584 585 586 587 588 589 594 595 596 597 598 599 602 604 605 606 607 608 609 610 611 613 616 620 621 622 623 624 625 626 629 630 632 633 634 635 637 638 639 644 648 649 650 651 652 658 663 665 667 668 669 672 674 675 676 677 678 680 681 682 683 684 685 686 689 690 692 693 694 695 696 697 700 704 705 706 707 709 710 711 713 714 716 717 718 719 720 721 722 723 724 728 730 731 732 733 734 735 736 737 738 742 744 748 749 750 751 752 756 757 758 759 762 763 764 766 770 771 772 784 0
1 2 3 4 5 6 9 10 11 12 16 17 18 19 20 23 24 25 26 27 28 29 30 31 32 33 35 36 37 39 40 41 42 43 44 46 47 48 50 52 53 54 55 56 58 59 60 61 67 68 69 74 75 76 77 80 81 82 83 84 85 86 88 92 93 94 99 100 101 102 103 104 105 106 107 108 109 110 111 113 114 115 116 117 118 119 120 121 122 123 125 127 128 129 130 131 132 133 134 135 137 138 139 140 141 142 143 144 145 147 149 150 151 152 153 154 155 156 157 158 159 161 164 165 167 168 169 171 172 173 174 175 178 179 180 181 182 183 184 185 186 187 188 190 191 192 193 197 200 202 203 205 206 207 209 210 211 214 215 216 217 219 220 221 222 223 224 225 226 227 228 229 230 231 232 233 234 235 236 237 238 239 241 242 243 245 246 247 249 250 251 252 253 254 255 256 258 262 263 264 265 266 267 268 269 270 271 272 273 275 276 277 278 280 281 282 283 284 285 286 287 288 289 291 292 293 295 296 297 298 299 300 301 302 303 304 305 306 308 309 310 311 312 313 314 316 318 319 320 322 323 324 325 326 327 328 329 330 331 332 333 334 335 336 337 338 340 341 342 345 346 347 350 354 355 356 360 361 363 364 366 367 368 370 371 373 374 375 376 377 378 379 381 382 383 384 386 387 389 390 0
1 2 3 4 5 9 10 11 12 13 14 17 18 19 21 22 23 24 25 26 27 29 30 31 32 33 35 37 38 39 40 41 42 43 45 46 47 48 50 51 52 53 55 56 57 59 62 63 64 66 67 68 69 70 71 72 73 74 75 76 77 78 79 80 81 82 83 84 85 86 87 88 90 91 92 93 94 95 96 98 99 101 102 103 104 106 107 108 109 110 112 113 114 115 116 117 118 119 120 121 122 123 124 125 126 127 128 129 130 131 133 134 135 136 138 139 141 142 143 146 147 148 150 151 152 153 155 157 158 159 160 161 162 164 165 166 167 168 169 170 171 172 173 174 175 177 178 179 180 182 183 184 185 187 188 189 190 191 192 193 194 195 196 198 199 200 201 202 203 204 208 209 211 212 213 214 215 216 218 219 220 221 223 224 225 226 227 228 229 230 231 232 233 234 235 239 240 241 242 243 245 246 248 249 250 252 253 254 255 256 257 258 260 261 262 263 264 265 266 267 268 269 270 273 276 277 278 279 280 281 282 285 287 288 289 290 291 292 293 294 295 296 297 298 301 302 303 304 305 306 310 313 314 317 318 319 320 321 323 324 325 326 328 330 331 332 333 334 335 336 338 339 340 341 342 343 344 345 346 347 348 349 351 352 353 354 355 356 358 360 361 362 366 367 368 369 370 371 372 373 376 377 378 379 380 382 383 384 385 386 387 392 0
2 4 5 6 9 10 11 13 14 15 16 17 20 21 23 27 29 30 0

85
1 2 3 4 5 6 7 8 9 10 11 12 13 14 15 16 17 18 19 20 21 22 23 24 25 26 27 28 29 30 31 32 33 34 35 36 37 38 39 40 41 42 43 44 45 46 47 48 49 50 51 52 53 54 55 56 57 59 60 61 62 63 64 65 66 67 68 69 70 71 72 73 74 75 76 77 78 79 80 81 82 83 84 85 86 87 88 89 90 91 92 93 94 95 96 97 98 99 100 101 102 103 104 105 106 107 108 109 110 111 112 113 114 115 116 117 118 119 120 121 122 123 124 125 126 127 128 129 130 131 132 133 134 135 136 137 138 139 140 141 142 143 144 145 146 147 148 149 150 151 152 153 154 155 156 157 158 159 160 161 162 163 164 165 166 167 168 169 170 171 172 173 174 175 176 177 178 179 180 181 182 183 184 185 186 187 188 189 190 191 192 193 194 195 196 199 200 201 202 203 239 240 241 242 243 244 245 246 247 248 249 254 255 256 257 258 259 260 261 262 263 269 270 271 272 276 277 288 289 290 291 294 302 303 304 305 315 316 317 318 320 329 330 331 332 343 344 345 346 347 349 356 357 358 359 362 363 364 370 371 372 373 384 385 386 387 393 394 395 396 397 398 399 400 401 402 403 404 405 406 407 408 409 410 411 412 413 414 415 416 417 418 419 420 421 422 423 424 425 426 427 428 429 430 431 432 433 434 435 436 437 438 439 440 441 442 443 444 445 446 447 448 449 450 451 452 453 454 455 456 457 458 459 460 461 462 463 464 465 466 467 468 469 470 471 473 474 475 476 477 478 479 480 481 482 483 484 485 486 487 488 489 490 491 492 493 494 495 496 497 498 499 500 501 502 503 504 505 506 507 508 509 510 511 512 513 514 515 516 517 518 519 520 521 522 523 524 525 526 527 528 529 530 531 532 533 534 535 536 537 538 539 540 541 542 543 544 545 546 547 548 549 550 551 552 553 554 555 556 557 558 559 560 561 562 563 564 565 566 567 568 569 570 571 572 573 574 575 576 577 578 579 580 581 582 583 584 585 586 587 588 602 603 614 616 617 618 619 620 621 623 626 627 629 630 631 632 633 634 635 636 637 638 639 640 641 644 645 646 647 648 650 651 652 653 654 655 656 657 658 659 661 662 663 664 667 668 669 672 675 676 677 678 681 683 684 685 686 687 694 695 696 697 698 699 700 701 703 706 707 708 709 710 711 712 713 714 715 716 717 718 719 720 721 722 723 724 726 727 728 729 731 732 735 736 737 738 739 740 741 742 743 747 748 749 750 751 753 754 755 756 757 758 763 764 765 767 768 769 770 771 772 773 774 775 776 777 778 779 780 781 782 783 784 0
14 15 16 17 18 19 20 21 26 27 29 43 45 46 47 48 49 50 51 52 54 55 57 58 59 60 61 62 63 64 65 66 67 71 73 74 75 76 77 78 79 80 81 82 83 84 85 86 87 88 89 93 94 95 96 97 99 103 106 107 108 109 111 112 113 120 121 122 123 124 125 126 127 129 130 131 133 134 135 136 138 139 140 141 143 144 145 147 148 149 150 151 152 153 154 155 157 159 161 162 163 164 165 166 167 168 169 175 176 177 179 180 181 182 189 190 191 192 193 194 195 196 197 210 211 225 226 227 239 240 242 243 244 245 246 247 248 249 253 254 255 256 257 258 259 260 261 262 263 264 267 268 269 271 272 274 275 276 277 278 279 281 284 285 286 290 291 292 293 294 295 301 302 303 304 305 306 307 308 309 310 315 316 317 318 319 320 321 322 323 328 329 331 332 333 334 335 336 337 342 343 344 345 346 348 349 350 351 354 355 356 357 358 359 360 362 363 364 365 371 372 373 374 376 377 378 379 384 385 386 387 388 392 393 394 395 396 397 398 399 400 401 402 403 404 405 420 421 422 423 424 433 434 435 437 438 439 440 441 442 443 444 445 448 449 450 451 452 453 454 455 456 457 458 459 461 462 463 464 465 466 467 468 469 470 471 472 473 474 476 481 482 486 487 488 489 490 491 498 499 500 501 504 505 506 507 508 509 510 511 512 513 514 515 516 517 518 519 524 525 526 527 528 529 531 532 536 537 539 540 541 543 544 545 546 547 552 553 554 555 560 565 566 567 568 569 574 575 576 577 578 579 580 581 582 583 584 585 586 587 588 589 602 616 629 630 631 632 633 634 635 636 637 638 639 640 644 645 646 647 648 649 650 651 652 653 654 658 659 661 662 663 664 666 667 668 671 672 677 681 682 685 686 694 696 697 698 699 700 708 710 711 712 713 714 721 722 723 724 725 726 727 728 735 737 738 739 740 741 742 749 750 752 753 754 755 756 762 763 764 767 769 770 771 776 777 778 779 780 783 784 0
8 9 10 11 12 15 17 18 19 20 26 27 28 31 33 34 35 38 39 41 43 44 45 46 47 48 49 50 56 57 58 59 60 61 66 67 68 69 76 83 84 89 91 95 96 98 99 100 101 102 103 105 106 107 108 112 113 114 115 116 117 120 121 122 123 124 125 126 128 129 130 131 132 135 136 137 138 139 140 141 142 143 144 145 146 149 150 151 152 153 154 155 156 157 158 159 160 161 162 163 164 165 166 167 168 170 171 173 174 178 179 180 181 184 186 187 188 189 192 193 194 196 197 198 199 200 201 202 203 204 205 206 207 209 210 211 212 213 214 215 216 217 218 219 221 223 224 228 229 230 231 234 235 236 237 238 241 242 243 244 245 247 248 249 250 251 253 254 255 256 257 258 260 261 262 263 264 265 266 268 270 273 274 275 277 278 279 280 282 284 285 287 289 290 291 293 294 295 296 297 298 299 300 301 302 303 304 305 306 307 309 310 311 312 313 314 318 319 320 321 322 323 325 326 327 328 329 330 332 333 334 337 338 340 341 345 346 347 348 349 350 351 352 353 354 355 359 360 361 362 363 364 367 368 369 370 371 375 377 381 382 383 384 385 389 390 391 392 0
1 2 3 4 6 8 9 10 13 14 15 16 17 18 19 20 21 24 25 28 31 32 33 34 35 36 37 38 39 40 41 42 43 44 46 47 48 49 55 56 57 63 64 65 66 70 71 72 73 74 75 77 81 83 84 88 90 92 93 94 95 96 97 98 99 106 108 110 117 118 119 123 124 125 126 127 128 129 130 131 132 134 135 136 137 138 139 140 141 142 143 144 145 146 147 148 149 150 156 158 159 160 161 162 163 164 165 166 167 168 169 174 175 176 177 179 180 181 182 183 184 185 186 187 190 192 193 194 195 196 197 198 199 204 205 206 208 209 210 211 212 215 216 217 218 222 223 224 227 228 229 230 231 233 234 235 236 237 238 240 241 242 243 244 246 252 253 254 255 256 257 260 261 262 263 265 266 269 271 272 273 274 276 277 278 279 280 281 282 283 284 285 286 287 288 289 290 291 292 293 294 295 296 297 298 299 301 302 303 304 305 309 310 311 312 313 314 318 322 323 326 328 329 333 334 335 336 340 342 343 344 345 346 347 348 349 351 359 360 361 362 364 365 366 367 371 372 375 376 377 378 379 382 383 384 385 386 387 388 390 391 392 0
2 3 5 10 13 14 18 19 21 23 24 28 29 32 0

86
1 2 3 4 5 6 7 8 9 10 11 12 13 14 15 16 17 18 19 20 21 22 23 24 25 26 27 28 29 30 31 32 33 34 37 38 39 40 41 42 43 44 45 46 47 48 49 50 51 52 53 54 55 56 57 58 59 60 61 62 63 64 65 66 67 68 69 70 71 72 73 74 75 76 77 78 79 80 81 82 83 84 85 86 87 88 89 90 91 92 93 94 95 96 97 98 99 100 101 102 103 104 105 106 107 108 109 110 111 112 113 114 115 116 118 119 120 121 122 123 124 125 126 127 128 129 130 131 132 133 134 135 136 137 138 139 140 141 142 143 144 145 146 147 148 149 150 151 152 153 154 155 156 157 158 159 160 161 162 164 165 166 167 168 169 170 171 173 174 175 176 177 178 179 180 181 182 183 184 185 186 187 188 189 190 191 192 193 194 195 196 201 202 207 217 219 221 222 224 230 231 232 233 234 235 236 245 246 247 248 249 250 252 253 257 258 259 260 261 262 263 264 265 266 267 268 269 272 273 274 275 276 277 278 282 283 284 286 287 288 289 290 291 293 294 298 299 300 301 302 303 304 312 313 314 315 316 317 323 324 325 326 327 328 329 330 331 332 339 340 341 342 343 344 345 346 351 354 355 356 357 358 359 365 366 367 368 369 370 371 372 373 374 375 376 377 378 393 394 395 396 397 398 399 400 401 402 403 404 405 406 407 408 409 410 411 412 413 414 415 416 417 418 419 420 421 422 423 424 425 426 427 428 429 430 431 432 433 434 435 436 437 438 439 440 441 442 443 444 445 446 447 448 449 450 451 452 453 454 455 457 458 459 460 461 462 463 464 465 466 467 468 469 470 471 472 473 474 475 476 477 478 479 480 481 482 483 484 485 486 487 488 489 490 491 492 493 494 495 496 497 498 499 500 501 502 503 504 505 506 507 508 509 510 511 512 513 514 515 516 517 518 519 520 521 522 523 524 525 526 527 528 529 530 531 532 533 534 535 536 537 538 539 540 541 542 543 544 545 546 547 548 549 550 551 552 553 554 555 556 557 558 559 560 561 562 563 564 565 566 567 568 569 570 571 572 573 574 575 576 577 578 579 580 581 582 583 584 585 586 587 588 591 592 593 597 598 599 600 601 602 603 604 607 609 610 611 612 613 614 615 616 617 618 619 620 621 623 624 625 626 627 628 629 630 631 632 633 634 635 636 638 639 640 641 642 643 644 645 646 647 648 649 650 651 652 653 654 655 656 657 658 659 660 661 662 663 664 665 666 667 668 669 672 673 674 675 676 677 678 679 680 681 682 683 684 685 686 689 690 691 692 693 695 701 702 703 705 706 707 708 709 710 711 712 713 715 716 717 718 719 720 721 722 723 724 728 729 730 731 732 734 735 736 737 738 739 740 741 742 743 744 746 747 748 749 750 751 752 753 754 755 756 757 758 759 760 761 762 763 764 765 766 767 768 769 770 771 772 773 774 776 777 778 779 780 781 782 783 784 0
1 14 15 16 17 18 19 20 21 22 23 24 25 26 27 28 29 30 31 32 33 35 36 37 38 39 40 41 42 43 44 45 46 47 48 49 50 51 52 53 54 55 56 57 58 59 60 61 62 63 64 65 66 67 68 69 70 71 72 73 74 75 76 77 78 79 80 81 82 83 84 85 86 87 88 89 90 91 92 93 94 95 97 98 99 100 101 102 103 104 105 106 107 108 109 110 111 112 113 114 115 117 118 119 120 121 122 123 124 125 127 128 129 130 131 132 133 134 135 136 138 139 141 142 144 145 146 147 148 149 150 153 155 156 158 159 160 161 162 163 164 165 166 167 169 170 171 172 173 174 175 176 177 178 179 180 181 182 183 184 185 189 192 193 194 195 196 197 207 208 209 210 211 212 213 215 216 217 218 220 221 222 223 224 225 226 227 228 229 230 232 233 234 237 238 239 240 241 242 243 244 245 246 247 248 249 250 251 252 253 254 255 256 257 258 259 260 261 262 263 264 265 266 267 268 269 270 271 272 273 274 275 276 277 278 279 280 281 282 283 284 285 286 287 288 289 290 291 293 294 295 296 297 298 299 300 301 302 303 304 306 307 309 310 311 312 313 314 315 316 317 318 320 321 323 324 325 326 327 328 329 330 331 332 333 334 337 338 339 340 341 342 343 344 345 346 351 352 353 354 355 356 357 358 359 360 361 362 363 364 365 366 367 368 369 370 371 372 373 375 376 377 378 379 385 386 387 392 393 394 395 396 397 398 399 400 401 402 403 404 405 407 408 413 414 415 416 418 421 423 424 425 426 427 428 429 430 432 433 434 435 436 437 438 439 440 441 442 443 444 445 446 447 448 449 453 454 455 456 457 458 459 460 461 462 463 464 465 467 468 469 470 471 473 474 475 476 477 478 479 480 481 482 483 484 485 486 487 488 489 490 494 495 497 498 499 500 504 509 510 511 512 513 514 515 516 517 519 520 521 522 523 524 525 526 527 528 529 532 535 537 538 539 540 541 543 546 547 549 550 551 552 553 554 557 558 559 562 563 565 566 567 568 569 570 571 572 574 575 576 577 578 579 580 581 583 584 585 586 587 588 589 599 602 604 607 608 610 611 612 613 614 615 616 618 620 623 624 625 626 628 629 630 632 633 634 635 636 637 638 639 640 641 642 643 644 645 646 647 648 649 650 651 652 653 655 656 658 659 660 661 662 663 664 665 666 667 668 669 671 672 673 674 675 676 677 678 679 680 681 682 683 684 685 686 688 689 690 691 693 694 695 698 700 706 707 708 711 712 713 714 715 716 717 718 719 720 721 722 723 724 728 730 731 733 734 735 737 742 743 744 745 746 747 748 749 750 751 752 756 758 759 760 761 762 763 764 765 767 768 769 770 771 773 775 776 777 784 0
1 2 4 5 6 7 8 9 10 11 12 13 14 15 17 18 20 21 23 24 25 26 27 28 29 30 31 32 36 37 38 39 40 41 42 43 44 45 46 47 50 53 54 55 56 57 58 59 60 61 62 63 64 65 66 67 68 69 70 71 72 73 74 75 76 78 79 81 82 83 85 87 88 89 93 95 98 99 100 101 104 105 106 107 108 109 110 111 113 114 115 116 117 118 119 120 121 122 123 124 125 126 127 128 130 131 132 134 135 137 138 139 141 142 143 144 145 146 147 149 150 152 153 154 155 158 159 160 161 162 163 164 165 166 167 168 169 170 171 172 173 174 177 178 179 180 181 182 183 184 185 187 191 192 193 194 195 196 197 198 199 200 201 202 203 205 206 207 208 209 210 211 212 213 214 215 216 217 218 219 220 221 222 223 224 225 226 227 228 229 230 231 232 233 234 235 236 237 238 239 240 241 242 243 244 245 246 247 249 250 251 252 253 254 255 256 257 258 259 260 261 262 263 264 265 266 267 268 269 270 271 272 273 275 276 277 278 279 281 282 283 284 285 287 288 289 290 291 292 293 294 295 296 297 298 299 300 301 302 303 304 305 306 307 308 309 310 311 312 313 314 315 316 318 319 320 321 322 323 324 325 326 327 328 329 330 331 332 333 334 335 336 337 338 339 340 341 343 345 346 347 348 349 350 351 353 354 355 356 357 358 360 361 362 363 364 365 366 367 368 369 370 373 374 379 380 381 382 383 386 388 389 390 391 0
1 2 3 4 5 6 7 8 9 10 11 12 13 14 15 16 17 18 19 20 21 22 25 26 27 29 31 32 33 34 37 38 39 41 42 43 44 45 46 47 50 51 52 54 55 56 59 60 61 62 63 64 65 66 67 68 69 70 73 74 76 77 78 79 84 85 86 87 88 89 90 92 93 94 96 97 98 99 102 103 104 105 106 107 109 110 111 112 114 115 116 117 118 120 121 122 123 124 126 127 128 129 130 131 132 134 135 136 137 138 141 142 143 144 145 147 148 149 150 151 152 154 155 157 158 159 160 161 162 163 164 165 167 168 169 170 171 172 173 174 176 177 178 179 180 181 182 183 184 185 186 189 190 191 192 193 194 195 196 197 198 199 200 201 202 203 204 206 207 208 209 210 211 215 216 218 219 220 221 222 223 224 226 227 228 229 232 233 234 235 236 238 239 240 241 246 248 250 251 252 253 254 256 257 258 259 260 261 262 263 264 265 266 267 268 269 270 271 272 274 275 276 277 278 279 281 282 283 284 285 287 288 289 290 291 293 294 295 296 297 298 299 300 301 302 304 305 306 307 308 309 310 311 312 313 314 315 316 317 318 319 320 321 324 325 326 327 329 330 331 332 337 339 340 341 342 344 345 346 347 348 349 350 351 353 355 356 357 358 360 361 362 364 365 366 367 369 370 371 373 374 375 376 377 378 379 380 382 383 384 385 387 388 389 391 0
4 5 6 9 10 11 12 14 16 18 19 21 23 26 27 28 29 30 32 0

87
1 2 3 4 5 6 7 8 9 10 11 12 13 14 15 16 17 18 19 20 21 22 23 24 25 26 27 28 29 30 31 32 33 34 35 36 37 38 39 40 41 42 43 44 45 46 47 48 49 50 51 52 53 54 55 56 57 58 59 60 61 62 63 64 66 67 68 69 70 71 72 73 74 75 76 77 78 79 80 81 82 83 84 85 86 87 88 89 90 91 92 93 94 95 96 97 98 99 100 101 102 103 104 105 106 107 108 109 110 111 112 113 114 115 116 117 118 119 120 121 122 123 124 125 126 127 128 129 130 131 132 133 134 135 136 137 138 139 140 141 142 143 144 145 146 147 148 149 150 151 152 153 154 155 156 157 158 159 160 162 163 164 165 166 167 168 169 170 171 172 173 174 175 176 177 178 179 180 181 182 183 184 185 186 187 188 189 190 191 192 193 194 195 196 201 204 205 206 207 208 220 221 228 229 230 231 236 237 238 240 241 242 243 244 245 246 247 254 255 256 257 258 259 260 261 264 272 273 274 275 280 285 286 287 288 289 290 301 302 303 304 305 306 310 317 318 319 320 332 333 334 335 342 346 347 348 350 357 358 359 360 361 362 370 371 372 373 374 375 376 377 378 385 386 387 388 389 393 394 395 396 397 398 399 400 401 402 403 404 405 406 407 408 409 410 411 412 413 414 415 416 417 418 419 420 421 422 423 424 425 426 427 428 429 430 431 432 433 434 435 436 437 438 439 440 441 442 443 444 445 446 447 448 449 450 451 452 453 454 455 456 457 458 459 460 461 462 463 464 465 466 467 468 469 470 471 472 473 474 475 476 477 478 479 480 481 482 483 484 485 486 488 489 490 491 492 493 494 495 496 498 499 500 501 503 504 505 506 507 508 509 510 511 512 515 516 517 518 519 520 521 522 523 524 525 526 527 528 529 530 531 532 533 534 535 536 537 538 539 540 541 542 543 544 545 546 547 548 549 550 551 552 553 554 555 556 557 558 559 560 561 562 563 564 565 566 567 568 569 570 571 572 573 574 575 576 577 578 579 580 581 582 583 585 586 587 588 589 591 592 593 594 595 596 597 598 599 602 603 611 612 613 614 617 620 621 622 624 628 629 630 631 632 633 634 635 636 637 638 639 640 641 642 643 645 646 647 648 649 650 651 652 653 657 658 659 663 664 665 666 667 672 673 674 675 676 677 678 679 680 681 682 684 685 687 688 689 690 692 693 694 695 696 697 698 701 702 709 710 711 712 713 714 715 716 717 720 721 722 723 724 725 726 727 728 734 737 738 739 740 741 742 743 744 745 747 748 749 750 751 752 753 754 755 756 757 758 759 761 762 763 764 766 767 771 772 773 774 775 776 777 778 779 780 782 783 0
10 14 15 17 18 19 20 21 22 23 24 25 26 27 28 29 33 34 35 36 37 38 39 40 41 45 46 48 49 50 51 52 53 54 55 56 57 58 60 61 62 63 64 65 66 67 68 69 71 76 77 78 79 81 82 83 84 85 91 92 93 94 96 97 98 99 100 102 103 105 106 107 108 109 111 113 114 119 121 122 123 124 125 127 128 129 134 136 137 138 139 141 142 150 151 152 153 154 155 156 162 163 164 165 166 167 168 169 170 171 175 177 178 179 180 181 182 183 184 185 187 189 190 191 192 193 194 197 207 208 210 211 212 213 214 215 216 217 218 219 220 221 222 223 224 225 226 229 230 231 233 234 235 236 237 238 239 241 242 243 244 245 246 247 250 251 252 253 254 255 256 257 258 259 260 261 264 265 267 268 273 274 275 276 279 280 281 285 286 287 288 289 290 291 295 296 297 298 299 300 302 303 304 305 306 309 310 311 312 318 319 320 323 324 325 332 333 334 335 336 337 338 342 346 347 348 349 350 351 352 357 358 359 360 361 362 363 364 365 366 367 371 372 373 374 375 376 377 378 379 387 388 389 390 391 392 393 394 395 396 397 398 399 400 401 402 403 404 405 406 410 413 414 415 418 420 421 423 424 425 426 428 429 430 433 434 436 437 438 439 440 441 442 444 448 449 450 451 452 453 454 455 456 457 458 459 460 461 463 464 465 466 467 468 469 470 471 472 473 474 476 477 480 481 482 483 484 485 486 489 490 491 492 494 495 496 497 498 499 500 501 504 505 506 507 508 509 512 513 514 515 516 518 526 527 528 529 530 533 540 542 543 544 545 546 547 548 551 552 553 554 555 556 557 559 560 561 562 563 565 566 567 568 569 570 571 574 575 576 578 580 581 582 583 584 585 587 588 589 596 597 598 599 602 605 607 608 611 612 613 614 615 616 617 620 621 622 623 627 628 629 630 631 632 634 635 636 637 638 639 640 644 645 646 647 648 649 650 651 652 656 657 658 659 661 665 666 667 671 672 677 678 679 680 681 682 686 693 694 695 696 697 700 702 703 709 710 711 714 716 723 724 725 726 727 728 737 738 739 740 741 742 748 749 750 751 752 756 758 762 763 764 765 766 767 769 770 771 775 776 779 780 783 784 0
5 6 7 8 9 10 11 12 15 17 18 22 25 26 27 28 33 34 38 39 40 41 42 43 44 45 46 47 48 49 50 55 56 57 58 59 60 62 63 66 67 68 74 75 76 83 84 88 89 90 91 92 96 97 98 99 100 101 102 103 104 105 106 107 108 109 110 111 113 114 115 116 118 123 130 131 132 134 135 138 139 140 144 146 147 148 149 151 153 154 155 156 157 158 159 160 161 162 163 164 165 166 167 168 172 173 174 175 177 180 181 182 185 186 187 188 189 194 195 196 197 198 199 200 203 204 205 206 207 208 209 210 211 212 213 215 216 217 218 219 220 221 222 223 224 228 229 230 231 233 234 235 236 237 238 241 242 243 244 245 246 247 248 249 250 251 252 253 254 255 256 257 258 260 261 262 263 264 265 268 269 270 271 272 273 274 275 276 277 278 279 280 281 282 283 284 285 286 287 288 290 291 292 293 294 295 296 297 299 300 301 302 303 304 305 306 307 308 309 310 311 313 314 315 316 319 321 323 328 329 330 331 332 333 334 335 337 340 341 342 343 345 346 347 348 349 350 351 352 353 359 360 361 362 367 368 369 371 376 377 378 381 382 383 384 385 386 389 390 391 392 0
1 2 3 7 8 9 10 12 13 14 15 16 17 18 20 22 24 25 26 27 28 30 31 32 34 35 36 37 38 39 40 41 42 45 46 48 49 55 56 59 61 62 63 64 67 68 71 72 73 77 78 79 80 81 82 83 84 89 90 91 92 93 94 95 96 97 98 102 103 104 105 107 108 109 110 111 112 116 117 118 119 124 125 127 131 132 133 134 137 138 139 140 141 142 146 147 148 149 150 151 152 154 157 158 159 160 161 162 163 164 165 166 167 168 169 170 171 172 174 175 176 177 179 180 181 182 183 186 188 189 190 191 192 193 194 195 196 197 198 200 201 202 203 204 205 206 207 208 210 213 214 215 216 218 220 221 222 223 224 225 230 231 232 233 234 236 237 241 242 243 244 245 250 251 252 254 255 256 257 258 259 260 261 262 265 279 280 281 285 287 288 289 292 293 294 295 296 297 299 300 301 302 303 304 305 306 308 309 310 311 312 313 316 317 318 319 320 321 323 324 325 326 327 328 329 330 332 333 334 335 336 337 339 340 341 342 343 344 345 346 347 348 349 350 351 354 356 359 360 361 362 364 365 366 371 372 374 379 383 384 385 386 387 388 389 390 391 392 0
2 3 5 7 10 11 15 26 27 28 31 32 0

88
1 2 3 4 5 6 7 8 9 10 11 12 13 14 15 16 17 18 19 20 21 22 23 24 25 26 27 28 29 30 31 32 33 34 35 36 37 38 39 40 41 42 43 44 45 46 47 48 49 51 52 53 54 55 56 57 58 59 60 61 62 63 64 65 66 67 68 69 70 71 72 73 74 75 76 77 78 79 80 81 82 83 84 85 86 87 89 90 91 92 93 94 95 96 97 98 99 100 101 102 103 104 105 106 107 108 109 110 111 112 113 114 115 116 117 118 119 120 121 122 123 124 125 126 127 128 129 130 131 132 133 134 135 136 137 138 139 140 141 142 143 144 145 146 147 148 150 151 152 153 154 155 156 157 158 159 160 161 162 163 164 165 166 167 168 169 170 171 172 173 174 175 176 177 178 179 180 181 182 183 184 185 186 187 188 189 190 191 192 193 194 195 196 205 206 207 208 209 237 238 240 243 245 246 247 248 249 258 259 260 261 262 263 264 270 271 272 273 274 275 276 277 278 284 285 286 287 288 289 290 291 292 298 299 300 301 302 303 304 305 306 312 313 314 315 316 317 318 327 328 329 330 331 332 333 341 343 344 345 350 356 357 358 363 368 369 370 371 375 382 383 384 385 389 393 394 395 396 397 398 399 400 401 402 403 404 405 406 407 408 409 410 411 412 413 414 415 416 417 418 419 420 421 422 423 424 425 426 427 428 429 430 431 432 433 434 435 436 437 438 439 440 441 442 443 444 445 447 448 449 450 451 452 453 454 455 456 457 458 459 460 461 462 463 464 465 466 467 468 469 470 471 472 473 474 475 476 477 478 479 480 481 482 483 484 485 486 487 488 489 490 491 492 493 494 495 496 497 498 499 500 501 502 503 504 505 506 507 508 509 510 511 512 513 514 515 516 517 518 519 520 521 522 523 524 525 526 527 528 529 530 531 532 533 534 535 536 537 538 539 540 542 543 544 545 546 547 548 549 550 551 552 553 554 555 556 557 558 559 560 561 562 563 564 565 566 567 568 569 570 571 572 573 574 575 576 577 578 579 580 581 582 583 584 585 586 587 588 593 594 596 597 598 599 600 603 604 605 616 617 618 625 626 627 628 629 630 631 632 633 634 635 637 638 639 640 641 649 650 651 652 653 654 655 656 657 659 661 662 663 664 665 666 667 668 669 670 671 672 673 676 678 679 680 681 682 683 684 685 686 687 689 690 691 692 693 694 695 696 697 698 699 700 701 702 703 704 705 706 707 708 709 710 711 712 713 714 715 718 719 720 721 722 723 724 725 726 727 728 729 734 735 739 740 741 742 743 747 748 749 750 751 752 753 754 755 756 757 760 761 762 763 764 765 766 767 768 769 771 772 773 775 776 777 780 781 782 783 784 0
1 14 15 16 20 21 22 23 24 25 26 27 29 30 31 38 39 40 41 43 44 45 48 49 50 51 52 54 55 57 58 59 61 62 65 66 67 68 69 71 73 74 75 76 77 78 79 80 81 82 85 88 89 90 91 92 93 94 95 96 99 102 103 104 105 106 107 108 109 111 112 118 119 120 121 122 123 124 125 126 129 130 131 132 133 134 135 136 138 139 140 144 145 146 147 148 149 150 151 152 153 154 159 160 161 162 163 165 166 167 168 174 175 176 178 179 180 181 182 186 187 188 189 191 192 193 194 195 196 197 210 211 212 217 219 220 221 222 223 225 226 227 230 231 239 240 241 242 243 246 247 248 249 251 253 254 255 256 257 258 259 260 261 262 263 264 267 270 271 272 273 274 275 276 277 278 279 281 285 286 287 288 289 290 291 292 295 298 299 300 301 302 303 304 305 306 307 308 309 313 314 315 316 317 318 319 320 321 322 323 326 327 328 329 330 331 332 333 334 335 336 337 340 341 342 343 344 345 346 347 348 349 350 351 354 355 356 357 358 359 361 362 363 364 365 369 370 371 372 374 375 376 377 378 379 382 383 384 385 386 390 392 393 394 395 396 397 398 399 400 401 402 403 404 405 407 408 412 420 427 431 432 435 436 437 438 439 440 441 442 443 444 445 448 452 454 455 456 457 458 459 460 461 462 466 467 468 469 470 471 472 473 474 475 476 477 479 480 481 482 483 484 485 486 487 488 490 491 493 494 496 497 498 499 500 501 502 504 505 507 508 509 510 511 512 513 515 517 518 519 522 523 524 525 526 527 528 529 530 531 532 533 536 537 538 539 540 541 544 546 547 551 552 554 560 564 565 566 567 568 569 570 573 574 575 577 578 579 581 582 583 584 585 586 587 588 589 597 598 599 602 608 610 611 612 613 616 629 630 632 637 638 639 640 641 644 647 648 650 651 652 653 654 655 656 658 663 664 665 666 667 668 669 670 672 676 677 678 679 680 681 682 684 686 689 690 691 692 693 694 696 697 698 699 700 703 704 705 706 707 708 709 711 712 713 714 719 720 721 722 723 724 725 726 727 728 734 735 736 738 739 740 741 742 746 747 748 751 753 754 755 756 761 762 763 764 765 766 767 768 769 770 771 774 775 776 778 780 781 782 783 784 0
8 10 11 12 13 14 16 17 18 19 21 23 24 25 27 28 30 31 32 33 34 35 37 38 40 41 42 43 44 45 46 47 48 49 50 56 60 61 62 67 68 69 70 73 74 75 76 77 80 81 82 83 84 89 90 91 94 95 97 98 99 101 102 103 104 105 106 107 108 109 112 113 114 115 116 117 119 120 121 122 123 124 125 126 128 129 130 131 132 135 136 137 138 139 140 142 143 144 145 146 149 150 151 154 155 156 157 158 159 160 161 163 164 165 167 168 170 171 172 173 174 175 178 179 180 182 184 186 187 188 189 192 193 194 195 196 197 198 201 202 203 206 207 208 209 210 212 213 214 215 216 217 218 219 220 222 223 225 226 227 228 229 230 231 233 234 235 236 237 238 240 241 242 243 244 245 246 247 248 249 250 251 253 254 255 256 257 258 260 262 263 264 265 266 268 269 270 271 272 273 275 276 277 280 282 283 284 285 287 289 290 293 294 295 296 297 298 299 300 301 302 303 304 305 306 307 309 310 312 313 314 315 316 317 318 319 320 321 322 324 325 326 327 329 330 331 332 333 334 335 336 337 340 341 342 345 346 347 348 349 350 353 354 355 356 357 359 360 361 362 363 364 366 367 369 370 371 373 374 375 376 377 381 382 383 384 385 387 388 389 392 0
1 2 3 4 7 10 12 13 14 15 16 18 19 20 21 22 23 25 26 27 28 31 32 33 34 36 37 38 39 40 41 42 44 45 46 48 49 50 52 55 56 57 58 62 63 67 68 69 70 72 73 74 75 76 77 78 79 81 82 83 84 85 86 87 88 89 90 92 93 96 97 98 99 104 105 106 107 109 111 113 114 115 116 117 118 119 120 121 122 123 124 125 126 129 130 131 132 133 135 136 137 138 139 140 142 143 144 145 146 147 148 149 150 151 152 155 158 159 160 161 162 163 164 165 166 167 168 170 171 172 173 175 176 177 178 179 180 181 182 184 186 187 188 189 190 191 192 193 194 195 196 199 200 205 206 207 208 209 211 212 213 214 215 216 218 219 220 221 222 224 225 226 227 228 229 230 231 232 234 235 237 239 240 241 242 243 244 245 246 248 252 253 254 260 261 264 266 267 269 270 271 272 273 274 275 276 277 278 279 283 284 285 286 287 288 289 290 291 292 293 294 295 296 297 298 299 301 304 305 306 307 310 311 312 313 314 316 317 318 319 320 323 324 325 326 327 330 331 333 334 335 336 341 343 344 345 346 347 348 349 351 352 353 358 359 360 361 362 364 365 366 367 368 370 371 372 373 374 375 376 377 378 380 382 383 384 385 386 389 390 391 392 0
2 5 7 8 9 11 12 13 15 16 22 25 30 31 0

89
1 2 3 4 5 6 7 8 9 10 11 12 13 14 15 16 17 18 19 20 21 22 23 24 25 26 27 28 29 30 31 32 33 34 35 36 38 39 40 41 42 43 44 45 46 47 48 49 50 51 52 53 54 55 56 57 58 59 60 61 62 63 64 65 66 67 68 69 70 71 72 73 74 75 76 78 79 80 81 82 83 84 85 86 87 88 89 90 91 92 93 94 95 96 97 98 99 100 101 102 103 104 105 106 107 108 109 110 111 112 113 114 115 116 117 118 119 120 121 122 123 124 125 126 127 128 129 130 131 133 134 135 136 137 138 139 140 141 142 143 144 145 146 147 148 149 150 151 152 153 154 155 156 157 159 160 161 162 163 164 165 166 167 168 169 170 171 172 173 174 175 176 177 178 179 180 181 182 183 184 185 186 187 188 189 190 191 192 193 194 195 196 198 199 200 201 203 204 207 211 215 216 217 218 219 227 229 230 231 232 233 234 237 238 242 243 244 245 246 247 249 256 257 258 259 260 261 262 263 270 271 272 273 274 275 276 277 278 283 284 285 286 289 290 291 292 295 296 298 299 300 304 305 306 307 311 312 313 314 318 319 320 321 323 326 327 328 331 333 334 335 337 338 339 340 341 342 343 344 345 346 347 348 349 350 354 355 356 357 358 359 360 361 362 366 368 369 370 371 372 373 374 375 380 381 393 394 395 396 397 398 399 400 401 402 403 404 405 406 407 408 409 410 411 412 413 416 417 418 419 420 421 422 423 424 425 426 427 428 429 430 431 432 433 434 435 436 437 438 439 440 441 442 443 444 445 446 447 448 449 450 451 452 453 454 456 457 458 459 460 461 462 463 464 465 466 467 468 469 470 471 472 473 474 475 476 477 478 479 480 481 482 483 484 485 486 488 489 490 491 492 493 494 495 496 497 498 499 500 501 502 503 504 505 506 507 508 509 510 511 512 513 514 515 516 517 518 519 520 521 522 523 524 525 526 527 528 529 530 531 532 533 534 535 536 537 538 539 540 541 542 543 544 545 546 547 548 549 550 551 552 553 554 555 556 558 559 560 561 562 563 564 565 566 567 568 569 570 571 572 573 574 575 576 577 578 579 580 581 582 583 584 585 586 587 588 589 590 591 592 595 596 606 607 608 609 610 612 613 614 615 616 617 618 619 620 621 622 623 624 625 626 627 628 629 630 634 635 637 638 639 640 641 644 645 648 649 650 651 652 653 654 655 656 657 658 659 660 662 663 664 665 667 668 669 670 673 674 675 676 677 678 682 683 684 686 687 688 689 690 691 692 696 697 698 699 700 701 702 703 705 706 710 711 712 713 714 715 716 717 719 720 721 722 723 724 725 726 727 728 729 730 731 732 733 734 735 736 737 738 739 740 741 742 743 744 745 746 747 748 749 750 751 752 753 755 757 758 759 760 761 762 763 764 765 771 772 773 774 775 776 779 780 781 782 783 784 0
1 6 7 8 14 15 16 17 18 19 20 23 24 25 26 27 29 30 31 32 33 34 35 36 37 39 40 41 43 44 45 46 47 48 49 50 51 52 54 55 56 57 60 61 62 63 64 65 66 67 69 71 72 74 75 76 77 78 79 80 81 82 83 85 86 87 88 89 90 91 93 94 95 96 97 99 100 102 103 104 107 108 109 110 111 113 114 116 117 118 121 122 123 124 125 126 127 128 129 130 131 132 133 135 136 137 138 139 140 141 142 143 144 145 146 147 148 149 150 151 152 153 154 155 156 157 158 159 160 161 162 163 164 165 166 167 168 169 170 171 172 173 174 175 176 177 178 179 181 183 184 185 186 187 188 189 190 194 197 198 199 202 203 204 205 210 211 212 213 214 215 216 218 223 225 226 227 228 229 231 232 233 234 236 237 239 240 241 242 244 245 246 247 248 249 251 253 255 256 257 258 259 260 261 262 263 264 267 268 269 270 271 272 273 274 275 276 277 278 279 281 282 283 284 285 286 287 290 291 292 293 295 296 297 298 299 300 301 304 305 306 307 309 310 311 312 313 314 317 318 319 320 321 322 323 324 325 326 327 328 330 331 333 334 335 336 337 338 339 341 342 343 345 346 347 348 349 350 351 352 353 355 356 357 358 359 360 361 362 363 365 366 367 368 369 370 371 372 373 374 375 379 381 383 384 386 389 392 393 394 395 396 397 398 399 400 401 402 403 404 405 407 411 412 413 414 417 420 423 424 425 426 427 428 429 430 431 433 434 438 439 440 441 442 443 444 445 447 448 449 450 451 452 453 454 455 456 457 458 459 460 462 465 467 468 469 470 471 472 473 474 476 477 478 480 481 482 483 484 485 486 487 488 489 490 491 492 493 495 500 501 502 503 504 505 506 509 510 513 514 515 516 517 519 520 521 522 523 524 525 526 527 528 529 530 531 532 535 537 538 540 541 542 543 544 545 546 549 551 552 553 554 555 557 560 561 562 563 564 565 566 567 568 569 570 571 574 575 576 577 578 579 580 582 583 584 585 586 587 588 589 590 592 593 594 598 602 603 604 605 606 607 608 609 610 616 618 619 620 621 622 624 625 628 629 630 633 636 637 638 639 640 641 643 644 646 647 648 650 651 652 653 654 655 656 658 662 663 664 665 666 667 668 669 670 672 674 675 676 677 678 680 681 682 683 684 686 687 688 689 690 691 692 693 696 697 698 700 701 703 704 705 706 710 711 712 713 714 715 716 717 718 719 720 725 726 728 730 731 732 733 734 735 736 737 739 740 741 742 745 746 747 748 749 750 751 752 754 756 757 758 759 762 763 764 765 766 767 770 771 772 773 774 775 784 0
1 2 3 4 6 7 9 10 11 12 14 15 16 17 18 19 20 21 22 23 24 25 27 28 29 30 31 32 34 35 37 38 39 41 42 43 44 45 46 47 48 49 50 51 52 53 54 56 58 60 61 62 67 68 69 70 72 73 74 76 77 78 79 80 81 83 84 85 87 88 89 90 91 92 93 94 95 99 100 101 102 104 105 106 107 108 109 112 113 114 115 116 118 119 120 121 122 123 124 125 127 128 129 130 131 132 133 134 137 139 140 141 142 143 144 145 146 147 148 149 150 151 152 153 154 156 157 158 159 160 161 162 163 164 165 166 167 168 170 171 172 173 174 175 177 178 179 180 181 182 183 184 185 186 187 188 189 191 192 193 194 195 196 197 198 199 200 201 202 203 204 205 206 207 209 210 212 213 214 215 216 217 218 219 220 221 222 223 224 225 226 228 229 230 231 232 233 234 235 236 237 238 240 241 242 243 244 245 246 248 249 250 251 252 253 254 255 256 257 258 262 263 264 265 266 268 270 271 272 273 274 275 276 277 278 279 280 281 282 283 284 285 286 287 288 289 290 291 292 295 296 297 298 299 300 301 302 303 305 306 307 309 310 311 313 314 315 317 318 321 322 323 324 325 326 328 329 330 332 333 334 335 336 337 338 339 340 341 342 343 345 346 347 349 350 352 353 354 355 356 357 359 360 361 362 363 364 365 366 367 368 369 370 371 372 373 374 375 376 377 378 379 380 381 382 383 384 385 386 387 388 389 390 391 0
1 2 3 4 5 6 9 10 11 12 13 14 15 16 18 19 20 21 22 23 24 25 26 27 28 31 32 33 34 35 36 37 38 39 40 41 42 43 44 45 46 47 48 50 51 55 56 57 58 59 60 61 62 63 65 66 67 68 70 71 73 74 75 76 77 78 79 82 85 86 88 89 90 91 93 94 95 98 99 101 102 103 104 105 106 107 109 110 113 114 115 116 117 118 119 120 121 122 123 125 126 128 129 130 131 132 133 134 135 136 137 140 141 142 143 144 145 146 147 148 149 150 151 152 153 154 155 157 158 159 160 161 163 164 165 166 167 169 170 171 172 173 174 175 176 177 179 181 182 183 185 186 189 190 191 192 194 195 196 197 198 199 200 203 204 205 206 207 208 209 211 213 214 215 216 217 218 220 222 223 224 225 226 227 228 229 231 232 233 235 237 239 241 242 243 245 246 247 248 252 253 254 255 258 261 263 264 265 266 268 269 271 272 273 274 275 276 278 279 280 281 282 284 285 287 288 289 290 291 292 293 294 295 296 297 298 299 301 302 303 304 305 306 307 311 312 313 314 316 318 319 321 325 326 327 329 330 331 332 333 334 336 337 338 339 340 341 342 343 344 345 346 347 348 349 351 352 353 354 357 358 361 362 367 368 369 371 374 375 376 377 378 380 381 382 383 384 385 386 387 390 391 392 0
1 5 6 7 8 9 11 14 16 17 18 19 21 22 23 25 26 27 28 29 32 0

90
1 2 3 4 5 6 7 8 9 10 11 12 13 14 15 16 17 18 19 20 21 22 23 24 25 26 27 28 29 30 31 32 33 34 35 36 37 38 39 40 41 42 43 44 45 46 47 48 49 50 51 52 53 54 55 56 57 58 59 60 61 62 63 65 66 67 68 69 70 71 72 73 74 75 76 77 79 80 81 82 83 84 85 86 87 88 89 90 91 92 93 94 95 96 97 98 99 100 102 103 105 106 107 108 109 110 111 112 113 114 115 116 117 118 119 120 121 122 123 124 125 126 127 128 129 130 131 132 133 134 135 136 137 138 139 140 141 142 143 144 145 146 147 148 149 150 151 152 153 154 155 156 157 158 160 161 162 163 164 165 166 167 168 169 170 171 172 173 174 175 176 177 178 179 180 181 182 183 184 185 186 187 188 189 190 191 192 193 194 195 196 201 202 203 204 209 210 236 237 239 240 244 245 246 247 248 250 251 255 256 257 259 260 262 263 264 265 269 270 271 272 273 274 276 277 278 279 283 284 285 286 287 288 289 290 291 292 297 298 299 300 301 302 303 304 305 308 311 312 313 314 315 316 317 318 319 320 324 325 326 327 328 329 330 331 332 341 342 343 344 345 350 355 356 357 358 362 363 364 369 370 371 374 383 384 385 388 389 393 394 395 396 397 398 399 400 401 402 403 404 405 406 407 408 409 410 411 412 413 414 415 416 417 418 419 420 421 422 423 424 425 426 427 428 429 430 431 432 433 434 435 436 437 438 439 440 441 442 443 444 445 446 447 448 449 450 451 452 453 454 455 456 457 458 459 460 461 462 463 464 465 466 467 468 469 470 471 472 473 474 475 476 477 478 479 480 481 482 483 484 485 486 487 489 490 491 492 493 494 495 497 498 499 500 501 502 503 504 505 506 507 508 509 510 511 512 513 514 515 516 517 518 519 520 521 522 524 525 526 527 528 529 530 531 532 533 534 535 536 537 538 539 540 541 542 543 544 545 546 547 548 549 550 551 552 553 555 556 557 558 559 560 561 562 563 564 565 566 567 568 569 570 571 572 573 574 575 576 577 578 579 580 581 582 583 584 585 586 587 588 603 604 605 606 613 614 615 617 618 619 620 621 622 623 624 625 626 627 628 629 630 631 632 633 634 636 637 638 640 641 642 643 644 645 646 647 648 649 650 651 652 654 655 656 657 658 661 662 663 664 665 666 667 668 669 670 671 672 673 675 676 677 678 679 680 681 682 683 684 685 686 687 689 690 691 692 693 694 695 696 697 698 699 700 701 702 703 704 705 706 708 709 710 711 712 713 714 715 716 717 718 719 720 721 722 723 725 726 727 728 733 734 735 737 738 739 740 741 742 743 747 748 749 751 752 753 754 755 756 757 760 761 762 763 764 765 766 767 768 769 770 771 772 773 774 775 776 777 779 780 781 782 783 784 0
14 15 16 17 18 19 20 21 22 23 24 25 27 29 30 31 32 33 34 35 36 37 38 40 43 44 45 46 47 48 49 50 51 52 53 54 55 57 58 59 60 61 62 63 64 66 67 68 69 70 71 73 74 75 76 77 78 79 80 81 82 83 84 85 87 88 89 90 91 92 93 94 95 96 98 99 102 103 104 105 106 107 108 109 110 111 112 113 115 116 117 118 119 120 121 122 123 124 125 126 127 128 130 131 132 133 134 135 136 138 139 140 141 142 143 144 145 146 147 148 149 151 152 153 154 155 159 160 161 162 163 164 165 166 167 168 169 173 174 175 176 178 179 180 181 182 188 189 191 192 193 194 195 197 210 211 212 215 216 221 225 226 227 228 229 230 231 232 233 234 235 239 240 241 242 243 244 245 247 248 249 250 251 252 253 254 255 256 257 258 259 260 263 264 265 266 267 268 269 270 271 272 273 274 277 278 279 280 281 282 283 285 286 287 288 289 290 291 292 293 294 295 296 298 299 300 301 302 303 304 305 306 307 308 309 311 312 313 314 315 316 317 318 319 320 321 322 323 324 325 326 327 328 329 330 331 332 334 335 336 337 338 339 340 341 343 344 345 347 348 349 350 351 356 357 358 359 360 361 362 363 364 365 370 371 372 374 375 376 377 378 379 382 383 384 385 386 389 392 393 394 395 396 397 398 399 400 401 402 403 404 405 406 407 419 420 421 422 423 424 425 426 427 429 430 431 434 435 436 437 438 439 440 441 442 443 444 445 446 447 448 451 452 453 454 455 456 458 459 460 461 462 464 467 468 469 470 471 472 473 474 475 476 477 478 479 480 481 482 483 484 485 486 487 488 489 491 492 493 494 495 497 498 499 500 501 502 503 504 505 506 507 508 509 510 511 512 513 514 515 516 518 519 520 521 522 523 524 525 526 527 528 529 531 532 538 539 540 541 542 544 545 546 550 551 552 553 556 557 560 564 565 566 567 568 570 571 574 575 576 577 579 580 581 582 583 584 585 589 602 616 618 619 620 621 626 628 629 630 631 632 633 634 635 636 637 638 639 640 641 642 643 644 646 647 648 650 651 654 655 658 661 662 663 664 665 667 669 670 671 672 674 675 676 677 678 680 681 682 683 684 685 686 689 690 691 692 693 694 695 697 698 699 700 702 703 704 705 706 707 708 709 710 711 713 714 718 719 720 721 723 724 725 726 727 728 732 735 736 737 739 740 741 742 747 751 752 753 754 755 756 760 761 762 764 766 767 768 769 770 771 774 775 776 777 778 779 780 781 782 784 0
2 8 9 10 11 12 13 14 16 17 18 19 20 21 22 23 24 25 27 28 29 30 31 32 33 34 35 37 38 39 40 41 43 44 45 46 47 48 49 50 56 57 58 59 62 63 65 66 67 68 70 71 72 73 74 75 76 77 79 80 81 82 83 84 87 89 90 91 95 96 97 98 99 100 101 102 103 104 105 106 107 108 109 110 112 113 114 115 116 117 118 119 120 121 122 123 124 125 126 127 129 130 131 132 133 134 135 136 137 138 141 142 143 144 145 146 149 150 151 152 153 154 155 158 159 160 161 163 164 165 167 168 170 171 172 173 174 177 179 180 181 182 184 185 186 187 189 192 193 195 196 197 199 200 201 202 203 205 206 209 211 212 215 216 218 219 220 222 223 224 225 226 227 228 229 230 231 232 233 235 236 237 238 240 241 242 243 244 245 247 248 249 251 253 254 255 256 257 258 259 260 261 262 263 264 265 266 267 268 269 270 271 272 273 274 275 276 277 278 280 281 283 284 289 290 291 292 293 294 295 296 297 298 299 300 301 302 303 304 305 306 307 308 309 310 314 315 316 317 318 319 320 321 322 324 325 326 327 328 329 331 332 333 334 335 336 337 339 340 341 342 345 346 347 348 349 350 351 353 356 357 359 360 361 363 364 365 366 367 368 369 370 371 372 373 374 375 376 377 378 380 381 382 383 385 388 389 390 392 0
1 3 5 6 7 8 9 10 11 12 13 14 15 16 17 18 20 21 22 23 24 26 27 28 29 31 32 33 34 35 36 38 39 40 44 45 46 50 51 52 53 54 55 57 58 60 63 64 65 67 68 69 70 72 73 74 75 76 77 78 79 80 81 82 84 85 86 87 88 89 91 92 93 94 97 98 99 106 107 109 110 111 112 113 114 115 116 117 118 119 120 122 123 124 125 126 129 130 132 135 136 137 138 141 142 143 144 145 146 147 148 149 150 151 152 153 155 158 159 160 161 162 163 167 168 171 172 173 174 175 176 177 178 179 180 181 182 184 185 186 187 188 190 192 193 194 196 197 198 202 203 204 205 206 209 211 212 213 214 216 217 218 219 220 221 226 227 228 229 230 231 234 236 240 242 243 246 248 249 251 252 253 258 259 260 261 262 263 266 267 268 269 270 271 272 273 276 277 278 280 282 283 284 285 287 288 289 290 291 292 293 294 295 296 297 300 301 302 303 309 310 311 312 316 317 318 319 322 323 324 325 326 327 328 329 330 331 332 333 334 335 336 341 342 343 344 345 346 347 348 349 351 352 353 355 356 357 358 359 360 361 362 363 364 366 369 370 371 372 373 374 375 376 377 378 380 381 382 383 384 385 386 387 388 389 390 391 392 0
6 8 9 10 11 12 13 15 16 22 24 27 29 30 0

91
1 2 3 4 5 6 7 8 9 10 11 12 13 14 15 16 17 18 19 20 21 22 23 24 25 26 27 28 29 30 31 32 33 34 35 36 37 38 39 40 41 42 43 44 45 46 47 48 49 50 51 52 53 54 55 56 57 58 59 60 61 62 63 64 65 66 67 68 69 70 71 72 73 74 75 76 77 78 79 80 81 82 83 84 85 86 87 88 89 90 91 92 93 94 95 96 97 98 99 100 101 102 103 104 105 106 107 108 109 110 111 112 113 114 115 116 117 118 119 120 121 122 123 124 125 126 127 128 129 130 131 132 133 134 135 136 137 138 139 140 141 142 143 144 145 146 147 148 149 150 151 152 153 154 155 156 157 158 159 160 161 162 163 164 165 166 167 168 169 170 171 172 173 174 175 176 177 178 179 180 181 182 183 184 185 186 187 188 189 190 191 192 193 194 195 196 197 198 199 200 201 202 205 206 207 211 212 214 218 219 220 221 228 229 231 232 233 234 235 243 244 245 246 247 248 256 258 259 260 261 270 271 272 273 274 275 277 281 282 283 284 285 286 287 288 289 290 291 298 299 300 301 302 303 304 305 306 312 313 314 315 316 317 318 319 320 323 324 325 326 327 328 329 330 331 332 333 334 336 339 341 342 343 344 345 346 347 355 356 357 358 359 360 365 366 367 373 393 394 395 396 397 398 399 400 401 402 403 404 405 406 407 408 409 410 411 412 413 414 415 416 417 418 419 420 421 422 423 424 425 426 427 428 429 430 431 432 433 434 435 436 437 438 439 440 441 442 443 444 445 446 447 448 449 450 451 452 453 455 456 457 458 459 460 461 462 463 464 465 466 467 468 469 470 471 472 473 475 476 477 478 479 480 481 482 483 484 485 486 487 488 489 490 491 492 493 494 495 496 497 498 499 500 501 502 503 504 505 506 507 508 509 510 511 512 513 514 515 516 517 518 519 520 521 522 523 524 525 526 527 528 529 530 531 532 533 534 535 536 537 538 539 540 541 542 543 544 545 546 547 548 549 550 551 552 553 554 555 556 557 558 559 560 561 562 563 564 565 566 567 568 569 570 571 572 573 574 575 576 577 578 579 580 581 582 583 584 585 586 587 588 589 590 591 592 593 594 596 597 598 599 600 601 602 605 606 607 608 609 610 611 612 613 614 615 616 617 618 619 620 623 624 625 626 627 628 636 637 639 642 643 644 645 648 649 650 652 654 655 657 658 659 660 661 662 663 664 667 669 672 673 674 675 676 677 678 679 680 681 682 683 684 686 690 691 692 693 694 695 696 697 698 700 701 702 703 704 705 706 707 708 709 710 711 712 715 716 717 718 719 720 721 722 723 724 727 728 733 734 735 736 737 738 739 743 744 745 746 748 749 750 751 752 755 756 757 758 759 760 761 762 763 766 767 768 769 770 771 772 773 774 775 776 777 778 779 780 781 782 783 784 0
1 9 10 11 14 15 16 17 18 19 20 21 22 23 24 25 26 27 29 30 31 32 33 34 35 36 37 38 39 40 41 43 44 45 46 48 49 50 51 52 53 55 57 59 61 62 63 64 65 66 69 71 72 73 74 75 76 77 78 79 83 85 86 88 89 90 91 92 93 94 95 97 99 100 102 103 104 105 106 108 109 110 113 114 116 117 118 119 120 121 122 123 124 127 128 129 130 131 132 133 134 135 136 137 138 141 142 143 145 146 147 148 149 150 151 152 155 156 157 158 160 161 162 163 164 169 170 171 172 173 174 175 179 183 184 185 186 187 188 192 193 194 195 197 198 199 200 201 202 203 204 205 206 207 208 210 211 212 213 214 215 216 217 218 219 220 221 222 223 225 226 227 228 229 230 231 232 233 234 235 236 237 239 240 241 242 243 245 246 247 248 249 253 256 258 259 260 261 267 268 269 270 272 273 274 281 282 283 284 285 286 287 288 289 290 291 292 295 296 297 298 299 300 301 302 303 304 305 306 307 309 310 313 314 315 316 317 318 319 320 321 323 324 325 327 328 329 330 331 332 333 334 337 338 339 340 341 342 343 344 345 346 347 348 351 352 353 354 355 356 357 358 359 360 365 366 367 368 370 371 372 379 380 381 392 393 394 395 396 397 398 399 400 401 402 403 404 405 407 408 409 410 411 412 413 414 415 416 417 418 420 423 424 425 426 427 428 429 430 431 433 434 439 440 441 442 443 444 448 449 452 453 454 455 456 457 458 460 462 466 467 468 469 470 471 472 475 476 477 478 479 480 481 482 483 484 485 486 487 488 490 493 496 497 498 499 500 501 502 503 504 505 507 508 509 510 511 512 513 515 516 517 518 519 520 523 524 525 526 527 528 530 532 536 537 538 539 540 541 542 543 546 547 551 552 553 554 555 556 557 560 561 562 563 564 567 569 570 571 574 575 576 577 578 579 580 581 582 583 584 585 588 589 590 591 592 593 594 595 596 597 598 599 602 603 604 605 606 607 608 609 610 611 612 613 616 618 619 620 621 622 623 624 625 626 627 628 629 630 632 633 634 638 644 648 649 651 658 664 665 672 674 675 676 679 680 681 682 683 686 690 691 692 693 694 695 696 697 700 703 704 705 706 707 708 709 710 711 712 713 714 715 716 717 718 719 720 721 722 723 724 726 728 730 731 732 733 734 735 736 737 738 739 742 748 749 750 751 756 757 758 759 764 765 766 770 771 772 784 0
1 2 3 4 5 9 10 11 12 13 16 17 18 19 20 23 24 25 26 27 30 31 32 33 35 36 38 39 40 41 42 43 44 45 47 50 51 52 53 54 55 56 57 58 61 62 67 68 73 74 75 76 77 79 80 81 82 83 84 86 87 88 89 92 93 99 100 101 102 103 105 106 107 108 109 110 111 113 114 115 116 117 118 119 120 121 122 123 125 127 128 129 130 131 132 134 135 136 137 138 139 140 141 142 144 145 147 148 149 150 151 152 153 154 156 157 158 159 160 161 163 164 165 166 168 169 171 172 173 174 175 177 178 179 180 181 182 183 184 185 186 187 188 190 191 197 198 200 201 202 203 204 205 206 208 209 210 213 215 216 217 218 219 220 221 222 223 224 225 226 227 229 230 231 232 233 234 235 236 237 243 245 246 247 249 250 251 253 254 255 256 257 258 260 261 265 269 271 272 273 274 275 276 277 278 279 280 281 282 283 284 285 286 287 288 289 290 291 293 295 296 297 298 299 300 301 302 303 304 305 306 307 308 309 310 311 312 313 316 317 318 319 320 321 324 325 326 327 328 329 330 331 332 333 334 335 336 337 338 341 342 344 345 346 347 348 349 350 353 354 355 356 359 360 361 363 364 366 367 368 369 370 371 373 374 375 376 378 379 380 381 382 384 385 386 390 391 0
1 2 3 4 5 10 11 12 14 15 18 19 20 21 23 24 26 27 28 29 31 32 34 35 37 39 41 42 43 44 45 46 47 48 49 50 52 53 54 55 56 57 58 59 60 61 62 63 65 66 67 68 72 73 74 75 76 77 78 79 80 81 82 83 84 85 86 87 88 90 91 93 94 95 96 98 99 101 102 103 104 106 107 108 109 110 113 114 115 116 121 122 123 124 125 126 127 128 129 130 131 134 135 138 141 142 143 144 145 146 147 148 149 150 151 152 153 154 155 157 158 160 161 162 164 165 166 168 169 170 171 172 174 178 179 180 181 182 183 184 185 186 187 188 189 190 191 192 193 195 197 199 200 201 203 205 207 209 210 213 214 215 216 218 219 220 221 223 224 225 226 227 230 231 232 233 234 235 237 240 241 242 243 245 246 248 249 252 253 254 255 259 260 261 262 263 266 267 268 269 270 272 273 275 276 277 278 280 281 284 287 288 289 290 291 292 293 294 295 296 299 301 302 303 305 306 307 308 311 312 313 314 316 317 318 319 320 321 323 324 325 326 330 331 332 333 334 335 336 337 338 339 340 341 342 343 344 345 346 347 349 350 351 352 354 355 358 359 360 361 362 365 367 368 369 370 371 375 376 377 378 380 382 383 384 386 387 388 389 390 392 0
2 4 5 6 7 9 10 11 13 14 15 16 20 21 23 27 29 30 0

92
1 2 3 4 5 6 7 8 9 10 11 12 13 14 15 16 17 18 19 20 21 22 23 24 25 26 27 28 29 30 31 32 33 34 35 36 37 38 39 40 41 42 43 44 45 46 47 48 49 50 51 52 53 54 55 56 57 58 59 60 61 62 64 65 66 67 68 69 70 71 72 73 74 75 76 77 78 79 80 81 82 83 84 85 86 87 88 89 90 91 92 93 94 95 97 98 99 100 101 102 103 104 105 106 107 108 109 110 111 112 113 114 115 116 117 118 119 120 121 122 123 124 125 126 127 128 129 130 131 132 133 134 135 136 137 138 139 140 141 142 143 144 145 146 147 148 149 150 151 152 153 154 155 156 157 158 159 160 161 163 164 165 166 167 168 169 170 171 172 173 174 175 176 177 178 179 180 181 182 183 184 185 186 187 188 189 190 191 192 193 194 195 196 199 200 201 202 203 204 245 247 248 249 256 258 259 260 261 262 263 264 270 272 273 274 275 276 277 278 283 284 285 286 287 288 289 290 291 292 297 298 299 300 301 302 303 304 305 307 308 317 318 319 328 329 330 331 332 341 342 343 344 345 346 354 356 357 358 364 367 368 369 370 371 372 376 381 382 383 384 393 394 395 396 397 398 399 400 401 402 403 404 405 406 407 408 409 410 411 412 413 414 415 416 417 418 419 420 421 422 423 424 425 426 427 428 429 430 431 432 433 434 435 436 437 438 439 440 441 442 443 446 447 448 449 450 451 452 453 454 455 456 457 458 459 460 461 462 463 464 465 466 467 468 469 470 471 472 473 474 475 476 477 478 479 480 481 482 483 484 486 487 488 489 490 491 492 493 494 495 496 497 498 499 500 501 502 503 504 505 506 507 508 509 510 511 512 513 514 515 516 517 518 519 520 521 522 523 524 525 526 527 528 529 530 531 532 533 534 535 536 537 538 539 540 542 543 544 545 546 547 548 549 550 551 552 553 554 555 556 557 558 559 560 561 562 563 564 565 566 568 569 570 571 572 573 574 575 576 577 578 579 580 581 582 583 584 585 586 587 588 589 602 603 604 608 614 617 618 619 620 621 622 623 626 627 630 637 638 639 640 645 648 650 651 652 653 654 655 656 657 658 659 661 662 663 664 665 666 667 668 669 670 671 672 673 674 675 676 678 679 680 681 682 683 685 687 688 689 690 691 692 693 694 695 696 697 698 699 700 701 703 704 707 708 709 710 713 714 715 719 720 721 722 723 724 725 726 727 728 729 734 735 741 742 743 746 747 748 749 750 751 752 753 754 755 757 759 760 761 762 763 764 765 766 767 768 771 772 773 774 775 779 780 781 782 783 784 0
1 14 15 16 17 18 19 20 21 22 29 30 31 32 33 43 45 46 47 54 57 62 63 64 65 66 67 69 71 73 74 75 76 77 78 79 80 81 82 85 87 89 90 91 92 93 94 95 96 99 102 103 104 105 106 107 108 109 110 111 112 113 114 116 119 120 121 122 123 125 126 127 128 130 131 132 133 134 135 136 137 139 141 145 146 147 148 149 150 153 158 159 160 161 162 163 164 165 166 167 169 171 172 173 174 175 176 177 178 179 180 181 186 187 188 189 191 192 193 194 195 197 210 211 212 213 214 215 225 226 227 228 232 239 240 242 243 244 245 248 253 254 255 259 260 261 262 263 264 267 268 270 271 272 273 274 275 276 277 278 279 281 283 284 285 286 287 288 289 290 291 292 293 295 298 299 300 302 303 304 305 306 309 311 312 314 315 316 317 318 319 320 321 322 323 326 327 328 330 331 332 333 337 340 341 342 343 344 345 346 349 351 354 355 356 357 358 359 361 362 363 365 368 369 370 371 372 374 375 376 377 379 381 382 383 384 385 386 389 392 393 394 395 396 397 398 399 400 401 402 403 404 405 420 422 423 424 425 426 427 428 429 431 432 433 434 441 442 443 444 445 447 448 452 453 454 455 456 457 458 459 460 461 462 463 464 465 466 467 468 469 470 471 472 473 474 475 476 478 479 480 481 482 483 484 485 486 487 488 489 490 491 493 494 495 496 497 498 499 500 501 502 503 505 506 507 508 509 510 512 513 514 515 518 519 523 524 525 526 527 528 532 533 536 537 538 539 540 541 542 543 544 546 550 551 552 553 554 560 563 564 565 566 567 568 570 571 572 574 575 576 577 578 579 580 582 583 584 585 586 587 588 589 591 592 593 594 595 602 604 616 618 620 630 632 638 639 644 650 651 652 653 655 658 661 662 663 665 666 667 668 669 672 674 675 676 677 678 679 680 681 682 684 685 686 688 689 690 691 692 693 694 695 696 699 700 704 706 710 711 712 713 714 722 723 728 734 735 736 737 738 741 742 751 755 756 761 764 765 766 767 768 770 771 772 773 774 775 776 778 780 784 0
10 11 12 13 15 16 17 18 19 20 22 23 24 25 26 27 28 30 32 33 34 35 37 38 39 40 41 42 43 44 45 46 47 48 50 56 61 65 66 67 68 69 70 73 75 76 77 82 83 89 94 95 97 99 100 101 102 103 104 105 106 107 108 109 110 111 112 113 114 115 116 117 120 121 122 124 125 128 129 130 131 132 133 134 135 136 137 138 139 140 141 142 144 145 146 147 149 151 152 153 154 156 157 161 162 163 164 165 166 167 168 169 171 172 173 174 175 177 178 179 180 181 182 184 186 187 192 193 194 195 196 197 198 199 200 201 202 203 204 206 207 208 209 210 211 212 213 214 215 216 217 218 219 220 222 223 224 225 226 227 228 229 230 231 232 233 235 236 237 238 239 240 241 242 243 244 245 246 247 248 249 250 251 253 254 255 256 257 258 259 260 261 262 263 264 265 266 267 268 269 270 271 272 273 276 277 278 279 280 282 283 284 285 286 291 292 293 294 295 296 297 298 299 300 301 302 303 304 305 307 309 310 311 312 313 314 317 318 319 321 322 325 326 327 328 329 330 331 332 333 334 335 336 337 339 340 342 345 346 347 348 349 350 355 358 359 360 361 362 363 364 366 367 369 370 371 374 375 376 378 380 381 382 383 386 387 388 390 0
1 2 3 4 8 9 11 12 13 14 15 16 17 18 19 21 23 26 27 28 29 30 31 32 33 34 35 36 38 39 40 43 44 45 46 47 49 50 51 53 55 56 57 63 68 70 71 72 73 74 75 77 78 79 80 81 82 83 84 88 91 92 93 94 96 97 98 99 107 108 109 110 111 114 115 116 117 118 119 120 121 124 125 126 127 130 131 132 134 135 136 137 141 142 143 144 145 146 147 148 149 150 151 152 155 156 159 160 161 163 164 165 166 167 168 169 170 171 172 174 175 176 177 178 180 181 182 183 185 186 187 190 191 192 193 194 195 196 203 204 205 206 207 210 211 212 215 216 217 219 220 221 222 223 224 225 228 230 231 234 235 236 237 238 240 241 243 246 252 253 260 261 262 263 264 265 267 268 269 270 271 273 277 278 279 280 281 282 283 284 285 287 288 289 290 291 292 293 294 295 296 298 302 303 304 305 306 309 311 312 316 317 318 319 320 321 325 327 329 333 334 335 341 343 344 345 346 347 348 349 351 352 353 354 355 358 359 360 362 364 366 367 368 369 371 372 373 374 375 376 377 378 379 380 381 382 383 384 385 386 387 389 390 391 392 0
2 3 13 18 19 21 24 28 29 32 0

93
1 2 3 4 5 6 7 8 9 10 11 12 13 14 15 16 17 18 19 20 21 22 23 24 25 26 27 28 29 30 31 32 33 34 35 36 37 38 39 40 41 42 43 44 45 46 47 48 49 50 51 52 54 55 56 57 58 59 60 61 62 63 64 65 66 67 68 69 70 71 72 73 74 75 76 77 78 79 80 81 82 83 84 85 86 87 88 89 90 91 92 93 94 95 96 97 98 99 100 101 102 103 104 105 106 107 108 109 110 111 112 113 114 115 116 117 118 119 120 121 122 123 124 125 126 127 128 129 130 131 132 133 134 135 136 137 138 139 140 141 142 143 144 145 146 147 148 149 150 151 152 153 154 155 156 157 158 159 160 161 162 163 164 165 166 167 168 169 170 171 172 173 174 175 176 177 178 179 180 181 182 183 184 185 186 187 188 189 190 191 192 193 194 195 196 200 201 202 203 204 229 234 235 236 242 243 244 247 248 249 257 258 261 262 263 271 272 275 276 277 280 281 284 285 286 288 289 290 291 298 299 300 301 302 303 304 305 308 312 313 314 315 316 317 318 319 320 327 328 330 331 332 344 345 346 348 349 350 358 359 360 363 364 373 374 376 393 394 395 396 397 398 399 400 401 402 403 404 405 406 407 408 409 410 411 412 413 414 415 416 417 418 419 420 421 422 423 424 425 426 427 428 429 430 431 432 433 434 435 436 437 438 439 440 441 442 443 444 445 446 447 448 449 450 451 452 453 454 455 456 457 458 459 460 461 462 463 464 465 466 467 468 469 470 471 472 473 474 475 476 477 478 479 480 481 482 483 484 485 486 488 489 490 491 492 493 494 495 496 497 498 499 500 501 502 503 504 505 506 507 508 509 510 511 512 514 515 516 517 518 519 520 521 522 524 525 526 527 528 529 530 531 532 533 534 535 536 537 538 539 540 541 542 543 544 545 546 547 548 549 550 551 552 553 554 555 556 557 558 559 560 561 562 563 564 565 566 567 568 569 570 571 572 573 574 575 576 577 578 579 580 581 582 583 584 585 586 587 588 591 592 593 594 602 603 610 611 612 613 614 616 617 618 619 620 621 622 623 624 625 626 627 628 629 630 631 632 633 634 635 636 639 640 641 645 649 650 652 654 655 656 657 658 659 660 661 662 664 665 666 667 668 669 670 671 672 673 674 675 676 677 678 679 681 682 684 685 686 687 689 690 691 692 693 694 695 696 697 698 699 700 701 702 703 704 705 706 707 708 709 710 711 712 714 715 716 717 718 719 722 723 724 726 727 728 729 732 733 737 738 739 740 741 742 743 745 746 748 750 751 752 753 754 755 756 757 761 762 763 764 765 766 767 768 769 770 771 772 773 774 775 776 777 778 779 780 782 783 784 0
14 15 16 17 18 19 20 21 22 23 25 26 27 29 30 31 32 33 34 35 38 40 41 42 43 44 45 46 47 48 49 52 53 54 55 56 57 58 59 62 65 66 67 69 71 72 73 75 76 77 79 80 81 82 83 85 86 87 88 89 90 91 92 93 94 95 96 97 98 99 100 101 103 104 105 106 107 108 109 110 111 112 113 114 115 117 118 119 120 121 122 123 124 125 126 127 128 129 130 131 133 134 135 136 137 138 139 140 141 143 144 149 150 151 152 153 154 158 163 164 165 166 167 168 172 173 178 179 180 181 182 187 190 194 195 196 197 210 211 214 215 216 217 218 219 225 228 229 230 231 232 233 235 237 239 240 241 242 243 244 246 248 249 251 253 254 255 256 257 258 259 260 261 262 263 264 267 268 269 270 272 273 274 275 276 277 278 279 280 281 282 283 284 286 287 289 290 291 293 294 295 296 297 298 299 300 301 302 303 304 305 306 307 308 309 310 311 313 314 315 316 317 318 319 320 321 322 323 324 325 326 327 330 332 333 334 335 336 337 340 341 345 346 347 348 349 350 351 354 359 360 361 362 363 364 365 374 375 376 377 378 379 388 389 392 393 394 395 396 397 398 399 400 401 402 403 404 405 418 420 421 422 423 424 425 426 428 430 432 433 434 435 438 439 440 442 443 444 445 446 448 449 452 453 454 455 457 458 459 460 462 463 464 466 467 468 470 471 472 473 475 476 477 478 479 480 481 482 484 486 487 488 490 493 494 495 496 497 498 499 500 501 502 503 504 505 506 507 508 509 510 511 512 513 514 515 518 519 522 523 524 525 526 527 529 531 536 538 539 540 542 543 545 546 547 554 556 557 560 561 568 569 570 571 572 574 575 576 577 578 579 580 581 582 583 584 585 586 587 588 589 593 594 595 602 616 618 619 620 621 622 624 625 626 627 628 629 630 632 633 634 635 636 639 643 644 646 647 648 649 650 653 654 655 658 660 662 663 664 667 668 671 672 673 674 675 676 677 678 679 680 681 683 685 686 688 689 690 691 692 693 694 695 696 698 699 700 702 704 705 706 707 708 709 710 711 712 713 714 716 720 721 722 724 725 726 727 728 736 737 738 740 741 742 750 751 752 754 755 756 764 765 766 767 768 769 770 771 778 780 781 784 0
2 3 6 7 8 9 10 11 12 13 15 16 17 18 19 20 23 24 25 26 27 28 30 32 33 34 35 39 40 41 43 44 45 47 48 49 50 58 64 66 67 69 71 72 73 74 75 76 79 80 81 82 83 84 88 89 90 91 98 99 100 101 102 103 105 106 107 108 109 110 112 113 114 115 116 117 118 119 120 121 122 123 124 125 127 128 129 130 131 132 133 134 135 136 137 138 139 141 142 143 144 145 146 149 150 151 152 154 157 158 159 160 161 162 163 164 165 166 167 168 170 171 172 173 175 178 179 180 181 182 184 185 187 188 189 194 195 196 197 198 199 200 201 202 203 204 205 208 209 210 211 212 215 216 217 219 220 221 222 223 224 225 226 227 228 229 230 231 233 234 235 236 237 238 242 243 244 245 246 247 248 250 251 252 253 254 255 256 257 258 260 261 262 263 264 265 266 267 268 269 270 271 272 273 274 275 276 277 278 279 280 282 283 286 289 290 292 294 295 296 297 298 299 300 301 302 303 304 305 306 307 308 309 310 311 313 314 315 316 318 319 320 321 322 323 324 326 327 329 330 333 334 337 338 339 340 341 342 345 346 347 348 349 350 355 356 359 360 361 362 363 364 365 366 367 368 369 370 371 373 374 375 376 377 382 383 384 385 389 390 392 0
1 2 3 5 6 7 10 11 12 13 14 15 17 18 19 20 21 22 23 24 25 26 27 28 32 33 34 35 39 40 41 42 46 47 49 50 51 52 55 56 57 59 63 65 66 67 68 69 70 72 73 74 75 76 77 78 79 80 82 84 86 87 88 89 90 94 97 98 99 102 104 105 106 107 108 109 110 111 112 113 114 115 116 117 118 120 121 122 123 124 125 130 131 132 133 136 137 138 139 140 141 142 144 146 147 148 149 150 151 152 153 155 158 159 160 161 162 163 166 170 171 172 174 175 176 177 178 179 180 181 182 183 184 185 186 187 188 189 190 193 194 196 202 203 204 205 206 207 208 209 213 214 215 216 218 219 220 222 223 224 229 230 231 233 236 239 240 241 242 244 246 248 249 250 251 252 253 254 255 256 257 258 259 260 261 262 263 264 265 266 267 269 270 271 272 278 279 280 283 286 287 288 289 290 291 292 293 294 295 296 297 298 301 302 303 311 316 318 322 323 324 325 326 327 328 329 331 332 335 336 343 344 345 346 347 348 349 351 352 353 355 358 360 361 363 364 365 366 369 370 371 372 373 374 375 376 377 378 381 383 384 385 387 388 389 391 392 0
6 8 9 10 11 12 13 14 15 19 22 24 27 29 30 0

94
1 2 3 4 5 6 7 8 9 10 11 12 13 14 15 16 17 18 19 20 21 22 23 24 25 26 27 28 29 30 31 32 33 34 35 36 37 38 39 40 41 42 43 44 45 46 47 48 49 50 51 52 53 54 55 56 57 58 59 60 61 62 63 64 65 66 67 68 69 70 71 72 73 74 75 76 77 78 80 81 82 83 84 85 86 87 88 89 90 91 92 93 94 95 96 97 98 99 100 101 102 103 104 105 106 107 108 109 110 111 112 113 114 115 116 117 118 119 120 122 123 124 125 126 127 128 129 130 131 132 133 134 135 136 137 138 139 140 141 142 143 144 145 146 147 148 149 151 152 153 154 155 156 157 158 159 160 161 162 163 164 165 166 167 168 169 170 171 172 173 174 175 176 177 178 179 180 181 182 183 184 185 186 187 188 189 190 191 192 193 194 195 196 201 204 205 206 210 211 217 218 219 220 228 229 231 232 233 234 236 244 245 246 247 248 254 255 256 257 258 259 260 261 272 273 274 275 276 277 283 284 285 286 287 288 289 290 291 298 299 300 301 302 303 304 305 306 312 313 314 315 316 317 318 319 320 324 325 326 327 328 329 330 331 332 333 334 335 336 340 341 342 343 344 345 346 347 351 353 354 355 356 357 358 359 360 365 370 371 380 393 394 395 396 397 398 399 400 401 402 403 404 405 406 407 408 409 410 411 412 413 414 415 416 417 418 419 420 421 422 423 424 425 426 427 428 429 430 431 432 433 434 435 436 437 438 439 440 441 442 443 445 446 447 448 449 450 451 452 453 454 455 456 458 459 460 461 462 463 464 465 466 467 468 469 471 472 473 474 475 476 477 478 479 480 481 482 483 484 485 486 487 488 489 490 491 492 493 494 495 496 497 498 499 500 501 502 503 504 505 506 507 508 509 510 511 512 514 515 516 517 518 519 520 521 522 523 524 525 526 527 528 529 530 531 532 533 534 535 536 537 538 539 540 541 542 543 544 545 546 547 548 549 550 551 552 553 554 555 556 557 558 559 560 561 562 563 564 565 566 567 568 569 570 571 572 573 574 575 576 577 578 579 580 581 582 583 584 585 586 587 588 592 593 596 597 598 603 604 605 606 608 610 611 612 613 614 615 619 620 621 622 623 624 625 626 629 630 631 632 633 634 636 637 638 639 645 646 647 648 649 650 651 652 657 658 663 664 665 666 667 668 669 673 674 675 676 677 678 679 680 681 682 683 684 685 686 687 691 692 693 694 695 696 697 698 701 702 703 704 705 706 707 708 709 710 711 712 713 714 715 716 717 718 719 720 721 722 723 724 725 726 727 728 729 730 732 733 734 735 736 737 738 741 742 743 744 745 746 747 748 749 750 751 756 757 758 759 760 766 767 769 771 772 773 774 775 776 777 778 779 780 781 782 783 784 0
1 8 9 14 15 16 17 18 19 20 22 23 25 26 27 29 30 31 32 33 34 35 36 37 38 40 41 43 44 45 46 47 49 50 51 52 53 54 55 56 57 58 59 60 62 63 64 65 66 71 72 73 74 75 76 77 78 79 80 85 86 87 89 90 91 92 93 94 95 99 100 101 103 104 105 106 107 108 109 110 113 114 116 117 118 119 120 121 122 123 124 125 127 128 130 131 132 133 134 135 136 137 138 139 141 142 143 145 146 147 148 149 150 151 153 154 155 156 157 159 161 162 163 164 167 169 170 171 172 178 181 183 184 185 186 187 188 189 190 191 197 201 202 203 204 206 210 211 212 213 214 215 216 217 218 219 220 221 222 223 225 226 227 228 229 230 231 232 233 234 235 236 237 239 240 241 242 243 244 246 247 248 249 253 254 255 256 257 258 259 260 261 262 267 268 269 270 271 272 273 274 275 276 277 281 283 284 285 286 287 288 289 290 291 292 295 296 297 298 300 301 302 303 304 305 306 309 310 311 312 313 314 315 316 317 318 319 320 321 323 324 325 326 327 328 329 330 331 332 333 334 335 337 338 339 341 342 343 344 345 346 347 349 351 352 353 354 355 356 357 358 359 360 365 366 367 368 369 370 371 372 379 380 381 392 393 394 395 396 397 398 399 400 401 402 403 404 405 407 408 409 410 412 413 415 416 417 418 420 425 426 427 428 429 430 431 432 433 434 435 436 440 441 442 443 444 445 448 451 452 453 455 456 457 458 460 461 462 467 468 469 470 471 472 475 476 477 478 479 480 481 483 484 485 486 487 488 490 491 494 495 496 498 499 501 502 503 504 505 506 508 512 513 514 515 516 518 519 520 523 525 526 527 528 529 530 535 536 537 538 539 540 541 542 543 546 547 548 549 550 551 552 553 554 555 556 557 558 560 561 564 565 566 567 568 570 574 575 576 577 578 579 580 581 582 583 584 585 586 587 588 589 592 596 597 598 599 602 604 605 606 607 608 610 611 612 613 616 618 619 620 621 622 627 628 629 630 632 633 635 637 638 640 641 644 646 647 648 649 650 651 653 658 660 662 663 664 665 666 668 672 674 675 676 679 680 681 682 683 686 690 692 693 694 695 696 697 700 704 707 708 709 711 712 714 716 718 720 721 722 723 724 726 727 728 730 731 732 733 734 735 736 737 742 743 744 745 746 747 748 749 750 751 756 757 758 759 761 762 763 764 765 770 771 772 784 0
1 2 3 4 5 8 9 10 11 12 16 17 18 19 20 21 23 24 25 27 30 31 32 33 34 35 36 37 38 39 40 41 42 43 44 45 46 47 50 51 52 53 54 55 56 57 58 59 61 65 66 67 68 69 74 75 76 77 79 80 81 82 83 84 85 86 87 88 89 92 93 99 100 101 102 103 105 106 107 108 109 110 111 112 113 114 115 116 117 118 119 120 121 122 127 128 129 130 131 132 134 136 137 138 139 140 141 142 143 144 145 146 147 149 150 152 153 154 155 156 157 158 160 161 162 163 164 165 166 167 171 172 174 175 177 178 179 180 181 182 183 185 186 187 188 191 192 193 197 199 200 202 203 204 205 207 208 209 210 212 213 214 215 216 217 218 220 221 222 223 224 225 226 227 228 229 230 232 233 234 235 236 237 238 239 240 241 242 243 244 245 246 247 248 249 250 251 252 253 254 255 258 260 261 262 264 265 269 270 271 272 274 275 276 277 278 279 280 281 282 283 284 285 286 288 290 291 292 293 294 295 296 297 298 300 301 302 304 305 306 308 309 310 311 312 313 314 316 317 318 319 320 321 323 324 325 326 327 328 331 332 333 335 336 337 338 340 341 342 345 346 347 348 349 350 351 353 354 356 360 361 362 363 364 366 367 368 369 370 373 374 376 378 379 381 382 383 385 386 387 389 390 0
1 3 4 6 7 9 10 11 12 13 14 17 18 19 20 21 22 23 24 25 26 27 28 30 31 32 34 35 36 37 38 39 41 42 44 45 46 47 49 50 51 52 53 55 56 57 58 59 62 63 66 67 69 70 72 73 74 76 77 78 79 80 81 82 84 85 86 89 90 91 92 93 94 95 97 98 99 100 101 102 103 105 108 109 110 113 114 115 116 117 119 121 122 123 124 125 126 127 128 129 130 131 132 133 134 135 136 141 143 144 146 147 148 150 151 152 153 154 155 156 157 158 159 162 164 165 166 167 168 169 170 171 172 173 175 177 178 179 180 181 182 183 184 185 186 187 188 189 190 191 192 193 194 195 196 197 198 200 201 203 204 205 208 209 211 213 214 215 216 219 220 221 223 224 226 227 229 230 232 233 235 236 237 239 240 241 242 243 244 245 246 248 249 250 252 253 255 256 257 260 262 263 264 267 268 269 270 271 272 273 275 276 277 278 280 281 282 283 285 287 288 289 290 291 292 293 294 295 296 301 302 303 305 306 309 310 312 313 314 317 318 319 320 321 323 324 325 326 327 330 331 332 333 334 335 337 338 339 340 341 342 343 344 345 346 347 348 349 351 353 354 355 358 360 361 362 365 368 369 370 371 373 375 376 377 378 379 382 383 384 385 386 387 389 390 392 0
1 5 6 7 9 10 11 13 14 15 16 17 20 23 25 26 27 29 30 0

95
1 2 3 4 5 6 7 8 9 10 11 12 13 14 15 16 17 18 19 20 21 22 23 24 25 26 27 28 29 30 31 32 33 34 35 36 37 38 39 40 41 42 43 44 45 46 47 48 49 50 51 52 53 54 55 56 57 58 59 60 61 62 63 64 66 67 68 69 70 71 72 73 74 75 76 77 78 80 81 82 83 84 85 86 87 88 89 90 91 92 93 94 95 96 97 98 99 100 101 102 103 104 105 106 107 109 110 111 112 113 114 115 116 117 118 119 120 121 122 123 124 125 126 127 128 129 130 131 132 133 134 135 136 137 138 139 140 141 142 143 144 145 146 147 148 149 150 151 152 153 154 155 156 157 159 160 161 162 163 164 165 166 167 168 169 170 171 172 173 174 175 176 177 178 179 180 181 182 183 184 185 186 187 188 189 190 191 192 193 194 195 196 200 201 202 203 204 208 209 219 224 230 232 233 234 235 236 244 245 246 247 248 249 250 251 256 257 258 259 260 261 262 263 264 271 272 274 275 276 277 278 280 285 286 287 289 290 291 293 296 299 300 301 302 303 304 305 309 310 311 314 315 316 317 321 322 323 324 327 328 329 330 331 337 338 339 340 341 342 343 344 345 354 355 356 357 358 359 360 367 368 369 370 371 372 373 376 393 394 395 396 397 398 399 400 401 402 403 404 405 406 407 408 409 410 411 412 413 414 415 416 417 418 419 420 421 422 423 424 425 426 427 428 429 430 431 432 433 434 435 436 437 438 439 440 441 442 443 444 445 446 447 448 449 450 451 452 453 454 455 456 457 458 459 461 462 463 464 465 466 467 468 469 471 472 473 474 475 476 477 478 479 480 481 482 483 484 485 486 488 489 490 491 492 493 494 495 497 498 499 500 501 502 503 504 505 506 507 508 509 510 511 512 513 514 515 516 517 518 519 520 521 522 523 524 525 526 527 528 529 530 531 532 533 534 535 536 537 538 539 540 541 542 543 544 545 546 547 548 549 550 551 552 553 554 555 556 557 558 559 560 561 562 563 564 565 566 567 568 569 570 571 572 573 574 575 576 577 578 579 580 581 582 583 584 585 586 587 588 589 592 593 594 595 599 600 601 602 603 604 606 609 610 611 612 613 614 615 616 617 618 621 622 623 624 625 626 627 628 629 630 631 632 633 634 635 636 637 638 639 640 641 642 643 644 645 646 647 648 649 650 651 652 653 654 655 656 657 658 659 660 661 662 663 664 665 666 667 668 669 670 671 672 673 674 677 678 679 680 681 682 683 684 685 686 687 688 689 690 691 692 694 695 696 697 698 699 701 702 703 704 705 706 707 708 709 710 711 712 713 714 715 716 717 718 719 720 722 723 724 725 726 728 729 730 731 732 733 734 735 736 737 738 739 740 744 745 746 747 748 749 750 751 752 753 754 755 756 757 758 759 760 761 762 763 764 767 768 769 770 771 776 777 778 779 780 781 782 783 784 0
13 14 15 16 18 19 20 21 22 23 24 25 26 27 28 29 30 32 33 34 35 36 37 38 39 40 41 42 43 44 45 46 48 49 50 51 52 53 54 55 56 57 58 59 62 63 64 65 66 67 68 69 70 71 72 73 74 75 76 77 78 79 80 81 82 83 84 85 86 87 88 90 91 92 93 94 95 96 97 98 99 100 101 102 104 105 106 107 108 109 110 111 112 113 114 115 116 117 118 119 120 121 122 124 125 126 127 128 129 130 131 132 133 134 135 136 137 138 139 141 142 143 144 145 146 147 148 149 150 151 152 153 155 156 157 158 159 160 161 162 163 165 166 167 169 170 171 172 173 174 175 176 177 178 179 180 181 182 183 184 185 186 189 192 193 194 195 196 197 208 209 210 211 212 214 215 216 217 218 219 220 221 222 223 224 225 226 227 228 229 230 231 233 234 235 236 237 238 239 240 241 242 243 244 245 246 247 248 249 250 251 252 253 254 255 256 257 258 259 260 261 262 263 264 265 266 267 268 269 270 272 273 274 276 277 278 279 280 281 282 283 284 285 286 287 288 289 290 291 292 293 294 295 296 297 298 299 300 301 302 303 304 305 306 307 308 309 310 311 312 313 314 315 316 317 318 320 321 322 323 324 325 326 327 328 329 330 331 332 333 334 335 337 338 339 340 342 343 344 345 346 347 348 349 351 352 353 355 356 357 358 359 360 361 362 363 365 366 367 369 370 371 372 373 374 375 376 377 378 379 380 383 384 385 386 387 392 393 394 395 396 397 398 399 400 401 402 403 404 405 406 407 415 416 417 418 419 420 421 422 424 425 426 427 428 429 430 431 432 433 434 435 436 437 438 439 440 441 442 443 444 445 446 447 449 450 451 453 454 455 456 457 459 460 461 462 463 464 466 467 468 470 471 472 473 474 475 476 477 480 481 482 483 484 485 486 487 488 489 490 491 492 493 494 495 496 497 498 499 500 501 504 505 506 507 508 509 510 511 512 513 514 517 519 520 521 522 523 524 525 526 527 528 532 533 534 535 536 537 538 539 541 542 543 544 546 549 550 551 552 553 554 555 557 558 559 560 561 562 563 564 566 567 568 569 572 573 574 575 576 578 579 580 581 583 584 585 586 587 588 589 592 593 594 595 596 598 599 600 601 602 608 611 612 613 614 615 616 620 621 624 625 626 627 628 629 630 632 634 635 636 637 638 639 640 641 642 643 644 645 646 647 648 649 650 651 652 653 654 656 657 658 659 660 661 662 663 664 665 667 668 671 672 673 674 675 676 677 678 679 680 681 682 683 684 685 686 687 688 689 691 692 693 694 695 696 697 698 699 700 701 702 703 704 705 706 707 708 709 712 713 714 715 716 717 718 719 720 721 722 723 725 726 727 728 729 730 731 732 733 734 735 737 738 739 740 741 742 744 746 747 748 749 750 751 753 754 756 758 760 761 762 763 764 765 766 767 768 769 770 771 773 774 775 776 777 779 784 0
2 3 5 6 7 8 9 10 11 12 13 14 15 16 17 18 19 20 21 22 23 24 26 27 28 29 30 31 33 34 37 38 39 40 41 43 44 45 46 47 48 50 54 55 57 58 60 61 62 63 64 66 67 68 69 70 71 72 74 75 76 77 78 79 80 81 82 84 85 86 87 88 89 90 91 93 94 95 98 99 100 101 102 103 104 105 106 107 108 109 110 111 113 114 115 116 117 118 119 120 121 122 123 124 125 126 127 129 130 131 132 134 135 136 137 138 139 141 142 143 144 145 146 147 149 150 151 152 153 154 157 158 159 160 161 162 163 164 165 166 167 168 169 170 171 172 173 174 175 176 177 178 179 180 182 183 184 186 187 192 193 194 195 196 197 199 200 201 202 203 206 207 208 209 210 212 213 214 215 216 218 219 220 221 222 223 224 225 226 227 229 230 231 232 233 234 235 236 237 238 240 241 242 243 244 245 247 249 250 251 252 253 254 255 256 257 258 260 261 263 264 265 266 267 268 269 270 271 272 273 274 276 277 279 281 282 283 284 285 286 287 288 290 291 292 293 294 295 296 297 298 299 300 301 302 303 304 305 306 307 308 309 311 312 313 314 315 316 317 318 319 320 321 322 323 324 325 326 327 329 330 331 333 334 336 337 338 339 340 341 342 343 345 346 347 348 349 350 351 353 354 355 356 357 358 359 360 361 362 363 364 365 366 367 368 369 370 371 372 373 374 375 376 377 378 379 380 381 382 383 384 387 388 389 392 0
1 2 3 4 6 7 10 11 12 13 14 15 16 17 18 19 20 21 23 24 25 26 27 28 30 31 32 33 34 36 37 38 39 40 41 43 44 45 46 50 52 53 54 56 58 59 61 63 64 66 67 68 69 70 71 72 73 74 76 77 78 79 80 81 82 84 85 86 87 89 92 93 95 96 98 99 103 104 105 107 108 109 111 112 113 114 115 116 117 118 119 121 122 123 124 127 129 130 131 134 135 136 137 138 139 141 142 143 144 145 146 147 148 149 150 151 152 153 154 155 156 157 158 159 160 161 162 163 164 165 166 167 168 169 170 171 172 173 174 175 176 177 178 179 180 184 189 190 191 193 194 196 197 198 199 200 202 203 204 206 207 209 211 212 214 215 216 217 218 219 220 221 222 225 226 227 228 229 230 231 232 233 234 235 236 239 240 243 244 246 250 251 252 253 256 257 258 259 260 261 262 263 264 265 266 269 270 271 272 273 275 277 278 280 281 282 283 284 285 286 287 289 290 291 293 294 295 296 297 298 299 300 301 302 303 304 305 306 308 310 311 312 313 314 315 317 318 319 320 321 322 324 325 327 329 330 331 332 333 334 335 336 337 339 340 341 342 343 344 345 346 347 348 349 350 351 352 353 354 355 356 357 358 361 362 363 364 365 366 367 368 369 370 371 372 373 374 375 376 377 378 380 381 383 384 385 386 387 388 389 391 0
2 3 4 8 9 11 12 13 14 15 16 18 20 22 23 25 29 30 31 32 0

96
1 2 3 4 5 6 7 8 9 10 11 12 13 14 15 16 17 18 19 20 21 22 23 24 25 26 27 28 29 30 31 32 33 34 35 36 37 38 39 40 41 42 43 44 45 46 47 48 49 50 51 52 53 54 55 56 57 58 59 60 61 62 63 64 65 66 67 68 69 70 71 72 73 74 75 76 77 78 79 80 81 82 83 84 85 86 87 88 89 90 91 92 93 94 95 96 97 98 99 100 101 102 103 104 105 106 107 108 109 110 111 112 113 114 115 116 117 118 119 120 121 122 123 124 125 126 127 128 129 130 131 132 133 134 135 136 137 138 139 140 141 142 143 144 145 146 147 148 149 150 151 152 153 154 155 156 157 158 159 160 161 162 163 164 165 166 167 168 169 170 171 172 173 174 175 176 177 178 179 180 181 182 183 184 185 186 187 188 189 190 191 192 193 194 195 196 204 205 206 207 208 209 217 218 219 220 230 231 232 233 236 237 238 243 244 245 246 247 248 249 258 259 260 261 262 263 270 271 272 273 274 275 276 277 282 284 285 286 287 288 289 290 291 298 299 300 301 303 304 305 307 308 310 311 312 313 314 315 316 318 319 324 325 326 327 328 329 330 332 333 338 339 340 341 342 343 344 345 346 347 351 354 355 356 357 358 359 360 366 368 369 370 371 372 373 376 381 393 394 395 396 397 398 399 400 401 402 403 404 405 406 407 408 409 410 411 412 413 414 415 416 417 418 419 420 421 422 423 424 425 426 427 428 429 430 431 432 433 434 435 436 437 438 439 440 441 442 443 444 445 446 447 448 449 450 451 452 453 454 455 456 457 458 459 460 461 462 463 464 465 466 467 468 469 470 471 472 473 474 475 476 477 478 479 480 481 482 483 484 485 486 487 488 489 490 491 492 493 494 495 496 497 498 499 500 501 502 503 504 505 506 507 508 509 510 511 512 513 514 515 516 517 518 519 520 521 522 523 524 525 526 527 528 529 530 531 532 533 534 535 536 537 538 539 540 541 542 543 544 545 546 547 548 549 551 552 553 554 555 557 558 559 560 561 562 563 564 565 566 567 568 569 570 571 572 573 574 575 576 577 578 579 580 581 582 583 584 585 586 587 588 589 595 596 597 598 599 600 601 603 604 605 606 607 608 611 612 614 615 616 617 623 624 625 626 628 629 630 631 636 637 638 639 640 641 643 644 645 649 650 651 653 654 655 656 657 659 660 662 663 664 665 666 667 668 669 673 674 675 676 677 678 682 683 684 685 686 687 688 689 690 691 692 693 695 696 697 699 700 701 702 703 704 705 706 707 708 709 710 711 715 716 717 718 719 720 721 722 723 724 726 727 729 730 731 732 733 734 735 736 737 738 741 742 743 744 745 746 747 748 749 750 751 753 754 755 757 758 759 760 761 762 763 764 769 770 771 772 773 774 775 776 777 778 779 780 781 782 783 784 0
8 9 11 14 15 18 20 24 25 26 27 28 29 32 35 36 37 38 39 40 41 42 43 48 49 50 51 52 53 54 55 56 57 61 62 63 64 65 66 67 69 70 71 72 75 76 77 78 79 80 81 82 83 85 86 88 89 90 91 92 93 94 95 96 97 99 100 101 102 103 104 105 106 107 108 109 110 111 113 114 116 117 118 119 120 121 122 123 124 125 127 128 130 131 132 133 134 135 136 137 138 141 142 143 144 145 146 147 148 149 150 151 155 156 157 158 159 160 161 162 163 164 165 166 167 169 170 171 173 174 175 176 177 180 181 183 184 185 186 187 188 194 195 197 204 210 211 212 215 216 217 218 221 222 223 224 225 226 229 230 232 233 234 235 236 237 238 239 243 245 246 247 248 249 251 252 253 256 257 258 259 260 261 262 263 264 265 267 268 269 270 272 273 274 275 276 277 278 279 281 282 283 284 285 286 287 288 289 290 291 292 293 295 296 297 298 299 300 301 302 304 305 306 307 309 310 311 312 313 314 315 316 317 318 319 320 323 324 325 326 327 328 329 330 331 332 333 334 337 338 339 340 341 342 343 344 345 346 347 351 352 353 354 355 356 357 358 359 360 361 362 363 365 366 367 368 369 370 371 372 373 377 379 381 382 383 384 385 387 388 392 393 394 395 396 397 398 399 400 401 402 403 404 405 407 408 409 410 411 412 413 414 415 418 420 426 427 428 429 430 431 432 433 434 435 439 440 441 442 443 444 445 448 449 452 453 454 455 456 457 458 459 460 461 462 466 467 468 470 471 472 473 476 477 478 479 482 483 484 485 486 487 488 490 493 494 496 497 499 500 501 503 505 506 508 509 510 511 512 513 514 515 516 518 519 520 521 522 523 524 525 526 527 528 529 530 532 533 535 536 537 538 539 540 541 542 543 544 546 549 550 551 552 553 554 555 556 559 560 561 562 563 564 565 566 567 568 569 570 571 573 574 575 576 577 578 579 581 582 583 584 585 586 587 588 589 595 597 598 600 602 609 610 611 612 613 614 615 616 622 623 624 626 628 629 630 636 637 638 639 640 641 643 644 649 650 651 652 653 654 655 656 658 663 665 666 667 668 669 671 672 674 675 676 679 680 681 682 683 686 690 692 694 695 696 697 699 700 701 702 703 704 705 706 708 709 710 714 715 716 717 718 719 720 721 722 723 724 726 728 729 730 731 732 733 734 735 737 738 739 742 744 745 746 747 748 749 750 751 752 753 756 757 758 759 760 762 763 764 768 769 770 771 772 774 776 777 784 0
3 4 6 7 9 10 11 12 14 16 17 18 19 20 21 22 23 24 25 26 27 28 29 30 31 32 35 37 38 40 41 42 43 45 46 47 48 50 53 54 60 61 62 63 67 68 69 70 72 73 74 75 76 77 78 79 80 81 83 85 86 87 88 89 90 92 93 94 95 99 101 102 103 104 105 107 108 109 110 111 114 117 118 119 120 121 122 123 124 125 126 127 129 130 131 132 133 134 136 137 138 139 140 141 142 143 144 145 146 147 149 150 152 153 154 157 158 159 160 161 164 165 166 167 171 172 173 174 175 176 177 178 179 180 181 182 183 184 185 186 187 188 191 192 193 194 195 196 197 198 200 201 202 203 206 207 209 210 213 214 215 216 217 219 220 221 222 223 225 226 227 229 230 232 233 234 235 236 237 238 239 240 241 242 243 244 245 246 247 249 250 251 252 254 255 256 257 258 261 262 263 264 265 266 269 270 271 272 274 275 276 277 278 281 282 283 284 285 286 287 288 289 290 291 292 293 294 295 296 297 298 300 301 302 303 304 306 307 309 310 311 312 313 314 316 317 318 319 320 321 322 323 324 325 326 327 328 330 331 332 333 334 335 336 337 338 339 341 342 345 346 347 348 349 350 353 354 355 356 357 359 360 361 362 363 364 365 366 367 368 369 370 371 372 373 375 376 377 378 379 380 381 382 383 384 386 387 388 389 390 391 0
1 2 3 4 6 7 10 11 12 13 14 16 17 18 19 20 21 23 24 25 26 27 29 30 31 32 33 34 35 36 38 39 42 43 44 45 46 48 50 51 52 53 55 56 60 62 63 66 67 70 71 72 73 74 77 78 79 80 81 83 84 85 86 87 88 89 90 91 92 93 94 95 96 97 98 99 102 104 105 106 107 109 110 111 112 113 114 115 116 117 118 119 120 121 122 123 124 125 126 127 128 129 130 131 132 133 134 135 136 137 140 141 142 143 144 145 148 149 150 151 152 153 154 155 157 158 159 160 161 162 164 166 167 169 170 171 172 173 174 175 176 177 178 179 181 182 184 185 186 187 189 190 191 192 194 195 196 199 200 201 202 203 206 207 208 209 212 213 214 215 216 217 218 220 221 225 226 227 228 229 230 231 232 233 235 238 239 240 241 242 243 245 246 248 249 250 252 253 254 255 257 258 260 261 262 265 266 267 268 269 270 271 272 273 274 275 276 277 278 279 280 281 282 283 284 285 287 288 289 290 291 292 293 294 295 296 297 298 299 300 301 302 304 305 306 308 310 311 314 315 316 317 318 322 323 325 329 330 332 333 334 335 337 338 339 340 341 342 344 345 346 347 348 349 350 351 352 353 354 355 358 359 360 363 364 367 368 370 371 372 373 374 375 376 377 378 379 380 382 383 384 385 386 387 388 390 392 0
2 3 4 5 6 8 9 11 16 17 21 22 25 27 28 29 31 0

97
1 2 3 4 5 6 7 8 9 10 11 12 13 14 15 16 17 18 19 20 21 22 23 24 25 26 27 28 29 30 31 32 33 34 35 36 37 38 39 40 41 42 43 44 45 46 47 48 49 50 51 52 53 54 55 56 57 58 59 60 61 62 63 64 65 66 67 68 69 70 71 72 73 75 76 77 78 79 80 81 82 83 84 85 86 87 88 89 90 91 92 93 94 95 96 97 98 99 100 101 102 103 104 105 106 107 108 109 110 111 112 113 114 115 116 117 118 119 120 121 122 123 124 125 126 127 128 129 130 131 132 133 134 135 136 137 138 139 140 141 142 143 144 145 146 147 148 149 150 151 152 153 154 155 156 157 158 159 160 161 162 163 164 165 166 167 168 169 170 171 172 173 174 175 176 177 178 179 180 181 182 183 184 185 186 187 189 190 191 192 193 194 195 196 199 200 201 202 204 218 219 220 221 224 230 231 235 236 240 241 243 245 246 247 248 249 250 251 253 254 255 257 258 259 260 261 262 263 264 265 266 270 271 272 273 274 275 276 277 284 285 286 287 288 289 290 292 293 294 301 302 303 304 315 316 317 318 319 322 328 329 330 331 342 343 344 345 349 350 356 357 358 359 370 371 372 373 378 384 385 386 387 393 394 395 396 397 398 399 400 401 402 403 404 405 406 407 408 409 410 411 412 413 414 415 416 417 418 419 420 421 422 423 424 425 426 427 428 429 430 431 432 433 434 435 436 437 438 439 440 441 442 443 444 445 446 447 448 449 450 451 452 453 454 455 456 457 458 459 460 461 462 463 464 465 466 467 468 469 470 471 472 473 474 475 476 477 478 479 480 481 482 483 484 485 486 487 488 489 490 491 492 493 494 495 496 497 498 499 500 501 502 503 504 505 506 507 508 509 510 511 512 513 514 515 516 517 518 519 520 521 522 523 524 525 526 527 528 529 530 531 532 533 534 535 536 537 538 539 540 541 542 543 544 545 546 547 548 549 550 551 552 553 554 555 556 557 558 559 560 561 562 563 564 565 566 567 568 569 570 571 572 573 574 575 576 577 578 579 580 581 582 583 584 585 586 587 588 591 592 593 594 595 596 597 598 599 600 601 602 603 607 608 609 610 611 612 613 614 615 616 617 618 619 620 621 622 626 627 628 629 630 631 632 633 634 635 636 637 638 639 640 641 642 643 645 646 647 648 649 650 651 652 653 654 655 656 657 658 659 660 661 663 664 665 666 667 668 673 674 675 676 677 678 679 680 681 682 683 684 685 686 693 694 695 696 701 703 704 705 706 707 708 709 710 711 712 713 714 715 716 721 722 723 728 734 735 736 737 738 739 740 741 742 743 746 747 748 750 751 752 755 756 757 759 762 763 764 765 766 767 768 769 770 771 772 773 774 775 776 777 778 780 781 782 783 784 0
7 14 15 16 17 18 19 20 21 22 23 24 25 26 27 28 29 30 31 32 33 34 35 36 37 38 39 40 41 42 43 44 45 46 47 49 50 51 52 53 54 55 56 57 58 59 61 62 65 66 67 68 69 70 71 72 73 74 75 76 77 78 79 80 81 82 83 84 85 86 87 88 89 90 91 92 93 94 95 96 97 99 100 101 102 103 104 105 106 107 108 109 110 111 112 113 114 115 116 117 119 120 121 122 124 125 127 128 129 130 131 133 134 135 136 137 138 139 140 141 144 146 147 148 149 150 152 153 155 160 161 162 163 165 166 167 168 169 175 176 177 178 179 180 181 182 188 189 190 191 192 193 194 195 196 197 203 204 205 210 211 212 213 214 215 216 217 218 219 220 221 222 223 224 225 226 227 228 229 230 231 232 233 234 235 236 237 238 239 240 241 242 243 244 245 247 248 249 250 251 252 253 254 255 256 257 258 259 260 261 262 263 264 265 266 267 268 269 270 271 272 273 274 275 276 277 278 279 280 281 282 283 284 287 288 289 290 291 292 293 295 296 297 298 299 300 301 303 304 305 306 307 308 309 310 311 312 314 315 316 317 318 320 323 324 326 327 328 329 330 331 332 334 335 336 337 338 344 345 346 351 357 358 359 362 363 364 365 371 372 373 375 376 377 378 379 383 384 385 386 387 392 393 394 395 396 397 398 399 400 401 402 403 404 405 414 415 416 417 418 419 420 421 422 423 424 425 426 427 430 431 432 433 434 435 436 437 438 439 440 441 442 443 444 445 446 447 448 449 450 451 452 453 454 455 456 457 458 459 460 461 462 465 466 467 468 469 470 471 472 474 476 479 480 481 482 483 484 486 487 488 489 495 497 498 499 501 504 505 507 508 509 510 511 513 514 515 516 517 519 528 532 538 539 540 541 542 544 545 552 554 555 560 565 566 567 568 570 571 572 573 575 576 577 578 579 580 582 583 584 585 586 587 588 589 590 591 593 594 595 602 605 606 607 608 609 610 611 612 613 614 615 616 617 618 619 620 621 622 623 625 626 627 628 629 630 631 632 633 634 635 636 637 638 639 640 641 642 643 644 645 646 647 648 649 650 651 652 653 654 655 656 657 658 659 660 661 662 663 664 665 666 667 668 669 671 672 674 675 677 678 679 681 682 684 685 686 688 692 693 695 697 700 702 705 706 707 708 709 710 712 713 714 721 722 728 734 736 738 740 741 742 748 750 756 761 762 764 766 767 768 769 770 771 775 776 777 778 779 784 0
1 2 3 4 5 6 7 8 9 10 11 12 13 14 16 17 18 19 20 21 23 24 25 27 28 31 32 33 34 38 39 40 41 42 43 44 45 47 50 52 53 54 55 56 57 58 59 60 61 63 64 65 66 67 68 69 70 71 72 73 74 75 76 77 81 82 89 95 96 97 98 99 100 101 102 103 104 105 106 107 109 110 112 113 114 115 116 117 118 119 120 121 122 123 124 125 127 128 129 130 131 134 135 136 137 138 139 141 142 144 145 146 150 151 152 153 154 155 157 158 159 160 161 162 163 164 165 166 167 168 171 172 173 174 175 177 179 180 181 182 184 185 186 187 189 192 193 194 195 196 197 200 201 202 203 204 206 207 208 209 210 211 212 213 214 215 216 217 219 220 221 222 223 224 225 227 228 230 231 234 235 236 237 238 241 242 243 244 245 246 247 248 249 250 251 252 253 254 255 256 257 258 259 260 261 263 264 265 267 268 269 270 271 272 274 275 276 278 282 283 284 286 290 291 292 293 294 295 296 297 298 299 300 301 302 303 304 306 307 309 310 311 312 313 314 315 316 317 318 320 321 322 323 326 327 330 331 332 333 334 335 337 340 342 345 346 347 348 349 350 351 354 355 356 357 358 359 360 361 362 363 364 367 368 369 370 375 376 377 381 382 383 388 389 390 0
1 2 3 5 6 8 10 11 12 13 14 15 16 17 18 19 20 21 22 24 25 28 29 31 34 35 36 38 39 41 44 46 49 50 51 54 55 56 57 58 59 60 61 63 64 65 66 69 70 74 77 78 79 80 83 84 87 90 92 93 94 95 96 97 98 99 103 104 105 106 107 108 109 110 112 113 114 115 116 117 118 119 122 123 124 125 126 128 129 130 131 132 134 135 136 137 138 139 141 142 143 147 148 149 150 151 152 153 154 155 156 157 158 159 160 161 162 163 164 165 166 167 169 170 171 172 173 174 175 176 178 179 180 181 182 183 184 185 188 189 192 193 194 195 196 197 198 199 202 203 205 206 207 208 209 210 211 213 214 215 216 218 219 221 222 223 224 225 229 230 231 232 233 234 235 236 237 238 239 240 241 243 245 246 251 252 254 255 256 259 261 262 263 264 265 266 267 268 269 270 271 272 273 276 277 278 279 280 281 282 283 284 285 287 288 289 290 291 292 294 295 296 297 298 300 301 302 303 304 305 306 307 308 309 310 311 312 314 315 316 317 318 319 320 322 326 329 336 340 343 344 345 346 347 348 349 350 351 352 354 356 357 358 359 360 361 362 365 366 367 368 369 370 372 373 375 376 377 379 382 383 384 385 386 387 390 391 0
1 5 7 8 14 15 17 18 20 21 22 23 25 28 29 31 32 0

98
1 2 3 4 5 6 7 8 9 10 11 12 13 14 15 16 17 18 19 20 21 22 23 24 25 26 27 28 29 30 31 32 33 34 35 36 37 38 39 40 41 42 43 44 45 46 47 49 50 51 52 53 54 55 56 57 58 59 60 61 62 63 64 65 66 67 68 69 70 71 72 73 74 75 76 77 78 79 80 81 82 83 84 85 86 87 88 89 90 91 92 93 94 95 96 97 98 99 100 101 102 103 105 106 107 108 109 110 111 112 113 114 115 116 117 118 119 120 121 122 123 124 125 126 127 128 129 130 131 132 133 134 135 136 137 138 139 140 141 142 143 144 145 146 147 148 149 150 151 152 153 154 155 156 157 158 159 160 161 162 163 164 165 166 167 168 169 170 171 172 173 174 175 176 177 178 179 180 181 182 183 184 185 186 187 188 189 190 191 192 193 194 195 196 200 201 202 203 206 207 208 215 221 222 224 229 230 231 232 233 234 235 236 243 244 245 246 247 248 249 250 251 257 258 259 260 261 262 263 264 265 266 269 270 271 272 273 274 275 276 277 278 280 281 285 286 287 289 290 291 292 298 300 301 302 303 304 310 313 314 315 316 317 325 326 328 329 330 331 332 340 341 342 343 344 345 351 354 355 356 357 358 359 365 366 368 369 370 371 372 373 375 378 393 394 395 396 397 398 399 400 401 402 403 404 405 406 407 408 409 410 411 412 413 414 415 416 417 418 419 420 421 422 423 424 425 426 427 428 430 431 432 433 434 435 436 437 438 439 440 441 442 443 444 445 446 447 448 449 450 451 452 453 454 455 456 457 458 459 460 461 462 463 464 465 466 467 469 470 471 472 473 474 475 476 477 478 479 480 481 482 483 485 486 487 488 489 490 491 492 493 494 495 496 497 498 499 500 501 502 503 504 505 506 507 508 509 510 511 512 513 514 515 516 517 518 519 520 521 522 523 524 525 526 527 528 529 530 531 532 533 534 535 536 537 538 539 540 541 542 543 544 545 546 547 548 549 550 551 552 553 554 555 556 557 558 559 560 561 562 563 564 565 566 567 568 569 570 571 572 573 574 575 576 577 578 579 580 581 582 583 584 585 586 587 588 589 591 592 593 594 595 596 597 598 599 600 601 602 603 604 606 607 608 609 610 611 612 613 614 615 616 617 618 619 620 621 622 623 624 625 626 627 628 629 630 631 632 635 636 637 638 639 640 641 642 643 644 645 646 647 648 649 650 651 652 653 654 655 656 657 658 659 660 661 663 664 665 667 668 670 671 672 673 674 675 676 677 678 679 680 681 682 683 684 685 686 687 688 689 690 691 692 693 694 695 701 702 703 705 706 707 708 709 710 711 712 713 715 716 717 718 719 720 721 722 723 729 730 731 732 733 734 735 736 737 744 745 747 748 749 750 751 752 753 754 755 756 757 758 759 760 761 762 763 764 765 766 767 768 769 770 771 772 775 776 777 778 779 780 781 782 783 784 0
5 9 10 11 14 15 17 18 19 20 21 22 23 24 25 26 27 28 29 30 32 33 34 36 37 38 39 40 41 42 43 44 45 46 48 49 50 51 52 53 54 55 56 57 58 59 61 62 63 64 65 66 67 68 69 70 71 72 73 74 75 76 77 78 79 80 81 82 83 84 85 86 87 88 89 90 91 92 93 94 95 96 97 98 99 100 101 102 103 104 105 106 107 108 109 110 111 112 113 114 115 116 117 118 119 120 121 122 124 125 127 128 129 130 131 132 133 134 135 136 139 141 142 144 145 146 147 148 149 150 153 155 156 159 160 161 162 163 164 165 166 167 169 170 171 173 174 175 176 177 179 180 181 182 183 184 185 186 187 188 189 191 192 193 194 195 196 197 201 202 203 204 205 206 207 208 209 210 211 212 214 215 216 217 218 219 220 221 222 223 224 225 226 229 230 231 232 233 234 235 236 237 238 239 240 241 242 243 244 245 246 247 248 249 250 251 252 253 254 255 256 257 258 259 260 261 262 263 264 265 266 267 268 269 270 271 272 273 274 276 277 278 279 280 281 282 283 284 285 286 287 288 289 290 291 292 293 294 295 296 297 298 299 300 301 302 303 304 305 306 307 308 309 310 311 312 313 314 315 316 317 318 320 321 323 324 325 326 327 328 329 330 331 332 337 338 339 340 341 342 343 344 345 346 351 352 353 354 355 356 357 358 359 360 363 365 366 367 369 370 371 372 373 375 376 377 378 379 382 383 384 385 386 387 392 393 394 395 396 397 398 399 400 401 402 403 404 405 406 407 411 412 413 414 415 417 418 420 421 425 426 427 428 429 430 431 432 433 434 435 436 440 441 442 443 444 445 446 448 449 450 451 453 454 455 456 457 458 459 460 461 462 463 464 465 466 467 468 469 470 471 472 473 474 476 480 481 483 484 485 486 487 488 489 490 491 492 493 494 495 496 497 498 499 500 501 504 506 510 511 512 513 514 516 517 521 522 523 524 525 526 527 528 529 532 533 535 536 537 538 539 540 541 546 547 548 549 550 551 552 553 554 555 556 559 560 561 562 564 566 567 568 569 570 571 572 573 574 575 576 578 579 580 581 583 584 585 586 587 588 589 592 593 594 595 596 597 598 599 600 602 604 605 606 607 608 609 610 611 612 613 614 615 616 620 621 622 623 624 625 626 627 628 629 630 635 636 637 638 639 640 641 642 643 644 646 647 648 649 650 651 652 653 654 655 656 657 658 660 661 662 663 664 665 666 667 668 669 670 671 672 674 675 676 677 678 679 680 681 682 683 684 685 686 687 688 689 690 691 692 693 694 695 696 697 699 700 701 702 703 704 705 707 708 709 713 714 716 717 720 721 722 723 728 732 733 734 735 736 742 743 744 745 746 747 748 749 750 752 756 758 759 760 761 762 763 764 765 767 768 769 770 771 773 774 775 776 777 779 783 784 0
2 3 4 5 6 7 8 9 10 11 12 13 14 15 16 17 18 19 20 21 22 23 24 25 26 27 28 30 31 32 36 37 38 39 40 41 42 43 44 45 46 47 50 52 53 54 55 56 59 60 61 62 63 64 65 66 67 68 69 70 71 72 73 74 75 76 78 79 80 81 82 83 85 87 88 89 93 94 98 99 100 101 102 103 104 105 106 107 108 109 110 111 112 113 114 115 116 117 118 119 120 121 122 123 124 125 126 127 128 130 131 132 134 135 136 137 138 141 142 143 144 145 146 147 150 151 153 154 157 158 159 160 161 162 163 164 165 166 167 168 169 170 172 173 174 177 178 179 180 182 185 186 187 192 193 195 196 197 199 200 201 202 203 206 207 208 209 210 212 213 214 215 216 217 218 219 220 222 223 224 225 226 227 228 229 230 231 232 233 234 235 236 237 238 239 240 241 242 243 244 245 246 247 249 250 251 252 254 255 256 257 258 259 260 261 262 263 264 265 266 267 269 270 271 272 273 274 275 276 277 279 281 282 283 284 285 286 287 288 289 290 291 292 293 294 295 296 297 298 299 300 301 302 303 304 305 306 307 308 309 311 312 313 314 315 316 317 318 319 320 321 322 323 324 325 326 327 329 330 332 333 334 336 337 338 340 341 345 346 347 348 349 350 353 354 355 356 357 358 359 360 361 362 363 364 365 366 367 368 369 370 371 373 374 375 376 379 380 381 382 383 386 387 388 389 390 0
1 2 3 4 5 6 7 8 10 11 12 13 14 17 18 19 20 21 22 25 26 27 28 29 30 32 33 34 36 37 38 39 40 41 43 44 45 47 50 52 53 54 55 56 58 59 60 61 62 63 65 66 67 68 69 70 71 72 73 74 76 77 78 79 83 84 86 87 88 92 94 95 96 98 99 101 102 103 104 105 107 108 109 110 111 112 113 114 116 117 118 119 120 121 122 123 124 128 129 130 131 132 134 135 136 137 138 139 141 142 143 144 145 147 148 149 150 151 152 153 154 155 156 157 158 159 160 161 162 164 165 166 167 168 169 170 171 172 174 176 177 178 179 180 182 183 184 185 186 189 190 191 192 193 194 195 196 197 198 199 200 201 202 203 204 206 207 208 209 210 211 214 215 216 217 218 219 220 221 222 223 224 225 226 227 228 231 232 233 234 236 241 242 244 246 249 250 251 252 253 255 256 257 258 259 260 261 262 263 264 266 267 270 271 273 274 275 276 277 278 280 281 283 284 285 287 288 289 290 291 293 294 295 296 297 298 299 301 302 303 304 305 306 308 309 310 311 312 313 314 315 316 317 318 319 320 321 322 323 324 325 326 328 329 330 331 332 333 337 339 340 341 344 345 346 347 348 349 350 351 352 353 354 355 356 357 358 359 360 361 362 363 364 365 366 367 368 369 370 371 373 376 377 378 379 380 381 382 383 384 386 387 389 391 0
2 4 6 9 10 11 12 13 14 16 18 19 20 21 23 26 27 28 29 30 32 0

99
1 2 3 4 5 6 7 8 9 10 11 12 13 14 15 16 17 18 19 20 21 22 23 24 25 26 27 28 29 30 31 32 33 34 35 36 37 38 39 40 41 42 43 44 45 46 47 48 49 50 51 52 53 54 55 56 57 58 59 60 61 62 63 64 65 67 68 69 70 71 72 73 74 75 76 77 78 79 80 81 82 83 84 85 86 87 88 89 90 91 92 93 94 95 96 97 98 99 100 101 102 103 105 106 107 108 109 110 111 112 113 114 115 116 117 118 119 120 121 122 123 124 125 126 127 128 129 130 131 132 133 134 135 136 137 138 139 140 141 142 143 144 145 146 147 149 150 151 152 153 154 155 156 157 158 159 160 161 162 163 164 165 166 167 168 169 170 171 172 174 175 176 178 179 180 181 182 183 184 185 186 187 188 189 190 191 192 193 194 195 196 202 204 205 206 207 215 216 229 230 231 232 233 236 242 243 244 245 246 247 248 256 257 258 259 260 261 262 265 266 270 271 272 273 274 275 276 286 287 288 289 290 299 300 301 302 303 304 316 317 318 319 325 330 331 332 333 335 336 341 342 343 344 345 346 347 355 356 357 358 359 360 363 365 369 370 371 372 373 374 393 394 395 396 397 398 399 400 401 402 403 404 405 406 407 408 409 410 411 412 413 414 415 416 417 418 419 420 421 422 423 424 425 426 427 428 429 430 431 432 433 434 435 436 437 438 439 440 441 442 443 444 445 446 447 448 449 450 451 452 453 454 455 456 457 458 459 460 461 462 463 464 465 466 468 469 470 471 472 473 474 475 476 477 478 479 480 481 482 483 484 485 486 487 488 489 490 491 492 493 494 495 496 497 498 499 500 501 502 503 504 505 506 507 508 509 510 511 512 513 514 515 516 517 518 519 520 521 522 523 524 525 526 527 528 529 530 531 532 533 534 535 536 537 538 539 540 541 542 544 545 546 547 548 549 550 551 552 553 554 555 556 557 558 559 560 561 562 563 564 565 566 567 568 569 570 571 572 573 574 575 576 577 578 579 580 581 582 583 584 585 586 587 588 593 594 595 596 597 603 604 605 606 607 608 609 612 613 614 615 616 617 618 619 622 623 624 625 626 629 630 631 634 635 636 637 638 639 640 642 643 644 645 648 649 650 651 652 653 654 655 658 659 662 663 665 666 667 673 675 676 677 678 679 680 681 682 683 685 686 687 688 689 690 691 692 693 694 695 696 697 701 702 703 705 708 710 711 712 713 714 715 716 718 719 720 723 724 725 726 727 728 729 734 735 736 737 738 740 741 742 743 744 745 747 748 749 750 751 752 753 754 757 758 759 761 762 763 764 770 771 772 773 774 775 777 778 779 780 781 783 784 0
14 15 16 17 18 19 20 21 22 23 24 25 26 27 29 30 31 32 34 35 36 38 39 40 41 43 50 51 52 53 54 55 56 61 62 63 64 65 66 69 71 75 76 77 78 79 80 83 85 90 91 92 93 94 95 99 100 101 104 105 106 107 108 113 114 115 116 117 118 120 121 122 123 124 125 127 128 129 130 131 134 135 136 137 139 141 142 143 144 146 147 148 149 150 151 153 155 156 161 163 164 165 167 169 170 171 174 175 176 177 178 181 183 184 185 186 190 191 195 197 210 211 212 213 214 215 216 217 218 220 221 222 223 225 226 227 228 229 231 232 233 236 237 239 240 244 245 246 247 248 251 253 256 257 258 259 260 261 262 263 267 271 273 274 275 276 281 286 287 288 289 290 295 296 297 298 300 301 302 303 304 305 309 310 311 312 313 314 315 316 317 318 319 323 324 325 326 327 330 332 333 334 335 337 338 339 340 341 344 345 346 347 349 351 352 353 356 357 358 359 360 361 363 365 366 367 369 370 371 372 373 374 379 380 386 387 388 392 393 394 395 396 397 398 399 400 401 402 403 404 405 407 408 409 410 411 412 413 416 417 420 425 426 427 428 430 431 434 435 438 439 440 441 442 443 444 447 448 451 452 453 454 455 456 457 458 459 463 466 467 468 469 470 471 472 473 476 477 481 482 483 484 485 486 487 488 489 493 495 496 497 498 499 500 501 504 505 506 507 509 510 511 512 513 514 515 516 518 519 523 524 525 526 527 528 529 531 533 537 538 539 540 541 543 544 546 547 548 550 551 552 553 554 555 556 557 558 560 561 562 564 565 566 567 568 569 570 574 575 576 578 579 580 581 582 584 585 586 587 588 589 597 598 599 602 604 606 607 608 609 610 616 620 621 622 623 624 625 628 630 637 638 639 644 648 649 650 651 652 653 654 657 658 664 665 666 667 672 678 679 680 681 685 686 691 692 693 694 695 696 700 702 703 704 707 708 709 714 716 717 718 722 723 724 725 727 728 734 742 747 750 751 753 755 756 758 760 761 762 763 764 765 770 771 772 774 775 777 780 784 0
2 6 9 10 11 12 16 17 19 20 22 23 24 25 26 28 31 32 34 37 38 39 40 41 42 43 44 45 46 47 48 50 53 56 59 60 61 66 67 68 73 74 75 76 78 79 80 82 83 87 88 89 90 92 93 95 99 101 103 104 105 106 107 108 109 110 111 113 114 115 117 119 122 123 124 125 129 130 131 134 135 136 138 139 142 143 144 145 146 149 150 152 153 154 156 157 158 159 160 161 164 165 166 168 173 174 175 176 177 178 180 182 184 185 186 187 188 189 192 193 194 196 197 199 200 201 202 203 204 205 206 207 208 209 210 212 213 214 215 216 217 219 220 221 222 223 224 226 227 228 229 230 231 233 234 236 237 238 240 241 242 243 244 245 246 248 249 250 251 252 253 255 256 257 258 261 262 263 264 265 268 269 270 271 272 274 275 276 277 278 279 280 284 285 288 290 291 292 293 294 295 296 297 298 300 301 302 303 305 306 307 308 309 312 313 315 316 319 320 321 322 323 327 328 330 331 332 333 334 335 336 337 340 341 342 345 346 347 348 349 350 352 353 354 355 356 360 361 362 363 367 368 370 376 377 380 381 382 383 384 385 386 388 389 390 0
1 2 3 4 5 8 10 11 12 13 14 15 16 17 19 22 23 24 25 26 27 28 31 32 33 34 35 36 37 38 40 41 42 44 45 47 49 50 51 55 56 57 62 63 64 69 70 73 74 76 77 78 79 80 81 84 90 92 93 94 95 97 98 103 104 105 109 111 112 116 117 119 123 124 125 126 130 131 132 133 136 137 139 140 142 145 147 148 150 151 155 156 157 158 159 160 161 162 163 164 165 166 167 169 170 173 174 175 176 177 178 179 180 181 182 183 185 186 187 188 189 191 192 193 194 195 196 198 199 201 203 204 208 209 214 215 216 218 220 221 222 223 225 227 229 230 232 233 235 240 241 242 243 246 252 255 256 261 262 263 265 266 272 279 280 281 284 285 286 287 288 291 292 293 294 295 297 298 300 301 303 304 305 309 310 311 312 313 314 317 318 319 320 321 323 324 325 328 331 332 334 337 338 339 340 341 344 345 346 347 348 349 351 354 355 357 358 360 361 365 366 367 369 375 377 378 379 381 382 383 384 385 386 388 389 391 392 0
2 3 5 7 10 11 14 15 23 26 27 28 31 32 0

100
1 2 3 4 5 6 7 8 9 10 11 12 13 14 15 16 17 18 19 20 21 22 23 24 25 26 27 28 29 30 31 32 33 34 35 36 37 38 39 40 41 42 43 44 45 46 47 48 49 50 51 52 53 54 55 56 57 58 59 60 61 62 63 64 65 66 67 68 69 70 71 72 73 74 75 76 77 78 79 80 81 82 83 84 85 86 87 88 89 90 91 92 93 95 96 97 98 99 100 101 102 103 104 105 106 107 108 109 110 111 112 113 114 115 116 117 118 119 120 121 122 123 124 125 126 127 128 129 130 131 132 133 134 135 136 137 138 139 140 141 142 143 144 145 146 147 148 149 150 151 152 153 154 155 156 157 158 159 160 161 162 163 164 165 166 167 168 169 170 171 172 173 174 175 176 177 178 179 180 181 182 183 184 185 186 187 188 189 190 191 192 193 194 195 196 203 205 207 210 215 216 217 218 220 221 224 232 233 234 236 237 239 240 246 247 248 249 260 261 262 273 274 275 276 282 283 287 288 289 290 294 300 301 302 303 310 311 313 314 315 316 317 325 328 329 330 331 337 338 339 342 343 344 351 352 354 355 356 357 358 368 369 370 371 381 393 394 395 396 397 398 399 400 401 402 403 404 405 406 407 408 409 410 411 412 413 414 415 416 417 418 419 420 421 422 423 424 425 426 427 428 429 430 431 432 433 434 435 436 437 438 439 440 441 442 443 444 445 446 447 448 449 450 451 452 453 454 455 456 457 458 459 460 461 462 463 464 465 466 467 468 469 470 471 472 473 474 475 476 477 478 479 480 481 482 483 484 485 486 487 488 489 490 491 492 493 494 495 496 497 498 499 500 501 502 503 504 505 506 507 508 509 510 511 512 513 514 515 516 517 518 519 520 521 522 523 524 525 526 527 528 529 530 531 532 533 534 535 536 537 538 539 540 541 542 543 544 545 546 547 548 549 550 551 552 553 554 555 556 557 558 559 560 561 562 563 564 565 566 567 568 569 570 571 572 573 574 575 576 577 578 579 580 581 582 583 584 585 586 587 588 594 595 596 597 598 599 600 601 602 603 604 605 606 607 608 609 610 611 612 613 614 615 616 617 618 623 625 626 627 628 629 630 631 638 639 640 641 652 653 654 657 658 659 660 661 666 667 668 671 672 673 674 675 676 677 679 680 681 683 684 685 686 687 688 689 690 691 692 693 694 695 701 702 703 704 705 706 707 708 709 710 711 712 713 714 715 716 717 718 719 720 721 722 723 724 728 729 730 731 732 733 734 735 736 740 741 742 743 744 745 746 747 748 749 750 751 752 753 754 757 758 759 760 761 762 770 771 772 773 774 775 776 778 779 780 781 782 783 784 0
9 12 14 15 16 17 18 19 20 21 22 23 24 25 26 27 28 29 30 31 32 33 34 35 36 37 38 39 40 41 42 43 44 45 46 48 50 51 52 54 55 56 57 58 64 65 66 67 68 69 70 71 72 78 79 80 81 82 83 85 86 87 91 92 93 94 96 97 99 100 101 102 103 105 106 107 108 110 111 112 113 114 115 116 117 118 119 120 121 122 123 124 125 127 128 129 130 131 132 133 134 135 138 139 140 141 142 143 144 145 146 147 148 149 150 151 152 155 156 157 158 159 160 161 162 164 165 166 169 170 171 172 173 174 175 177 178 179 180 181 183 184 185 186 192 193 194 195 197 204 205 206 207 208 209 210 211 212 215 216 217 218 219 220 221 222 223 224 225 226 227 228 229 230 231 232 233 234 235 236 237 238 239 240 241 245 246 247 248 249 250 251 253 254 260 261 262 263 264 267 268 275 276 277 279 281 282 283 286 287 288 289 290 291 295 296 297 298 299 300 301 302 303 304 307 308 309 310 311 312 313 314 316 317 318 323 324 325 326 327 328 329 330 331 332 335 337 338 339 340 341 342 343 344 345 351 352 353 354 355 356 357 358 361 362 363 365 366 367 368 369 370 371 374 375 376 377 379 383 384 385 392 393 394 395 396 397 398 399 400 401 402 403 404 405 406 407 409 410 411 412 413 414 415 416 417 418 419 420 421 428 429 430 434 435 436 437 442 443 444 445 448 457 458 459 460 462 463 470 476 477 478 479 480 482 483 484 485 487 488 489 490 496 497 498 499 500 504 505 506 507 508 509 510 511 514 515 516 517 519 521 522 523 524 525 526 527 532 533 534 536 537 538 539 540 546 548 549 550 551 553 554 556 557 558 560 563 564 566 567 574 575 576 577 578 579 580 581 582 583 584 585 586 588 589 596 597 598 599 600 601 602 606 607 608 609 610 611 612 613 614 615 616 621 622 623 624 625 626 627 628 629 630 631 632 637 638 639 640 643 644 652 653 654 656 657 658 666 667 672 673 674 675 679 683 685 686 688 693 694 695 700 701 702 703 704 705 706 708 710 713 714 715 716 717 718 719 721 722 724 727 728 729 730 731 732 733 734 735 737 742 743 744 745 747 748 750 756 758 759 760 761 762 766 767 768 769 770 771 774 775 776 777 784 0
2 3 4 5 6 7 11 12 13 14 17 18 19 20 22 23 24 25 26 27 28 29 30 31 32 33 34 36 37 38 40 41 42 43 44 45 47 50 53 54 55 56 60 61 62 63 69 71 72 75 76 78 79 80 81 82 85 86 87 92 93 94 99 101 102 103 104 105 107 108 109 110 111 113 114 115 116 117 118 119 120 121 122 123 124 125 127 128 129 130 131 132 134 135 136 137 138 139 141 142 143 144 145 146 147 149 150 151 153 154 156 157 158 159 160 161 164 165 166 167 169 170 171 172 173 175 176 177 178 179 180 181 182 183 184 185 186 187 191 192 193 194 195 197 198 200 201 202 203 204 205 206 207 208 209 210 214 216 217 220 221 222 223 224 225 227 229 230 231 232 233 236 237 238 239 240 241 242 243 244 245 246 247 248 250 251 252 253 254 255 257 258 261 262 263 264 265 266 267 270 272 274 276 279 281 282 283 285 286 287 288 289 290 292 293 294 295 296 297 298 299 300 301 302 304 305 306 307 308 309 311 312 313 315 316 317 318 319 320 321 322 323 324 325 326 327 328 329 330 331 332 333 334 335 336 337 338 339 340 341 342 345 346 347 348 349 350 354 356 357 361 362 363 365 367 368 369 370 372 374 375 376 379 381 382 387 388 389 0
1 3 4 5 6 7 11 12 13 14 16 19 20 23 24 26 27 29 30 31 32 33 34 35 36 37 38 41 43 44 45 47 49 50 51 52 53 54 55 56 57 58 59 60 61 62 63 69 70 73 76 78 79 80 82 83 84 85 86 87 92 93 94 96 97 98 99 102 103 104 105 108 109 110 111 112 113 114 115 116 117 118 122 123 124 125 126 129 130 131 133 134 135 136 137 138 140 141 142 143 145 146 147 148 150 151 152 153 154 155 156 157 158 159 161 162 163 164 165 166 167 168 170 171 172 173 174 175 178 179 180 182 183 184 185 186 188 189 190 191 192 194 196 199 200 201 202 203 204 205 208 209 211 212 213 215 216 218 220 222 224 225 227 228 229 230 232 234 236 237 238 239 240 241 242 243 244 245 246 249 250 251 252 253 255 256 257 258 262 263 264 265 266 267 269 270 271 272 273 274 275 276 277 278 279 280 281 283 284 285 287 288 289 290 291 292 293 294 295 296 297 298 299 300 301 302 303 304 305 306 307 308 309 310 312 315 316 319 323 324 325 326 329 330 331 332 334 335 336 337 338 339 341 342 343 344 345 346 347 348 349 350 351 352 353 354 355 357 358 360 361 362 363 364 365 366 367 368 369 370 371 373 375 376 377 378 379 380 381 382 383 384 385 386 387 388 389 390 0
1 2 3 6 7 9 13 14 15 17 18 19 20 21 22 24 28 29 31 32 0

