1
1 2 3 4 5 6 7 8 9 10 11 12 13 14 15 16 17 18 19 20 21 22 23 24 25 26 27 28 29 30 31 32 33 34 35 36 38 39 40 41 42 43 44 45 46 47 48 49 50 51 52 53 55 56 57 58 59 60 61 62 63 64 65 66 67 68 69 70 71 72 73 74 75 76 77 78 79 80 81 82 83 84 85 86 87 88 89 90 91 92 93 94 95 96 97 98 99 100 101 102 103 104 105 106 107 108 109 110 111 112 113 114 115 116 117 118 119 120 121 122 123 124 125 126 127 128 129 130 131 132 134 135 136 137 138 139 140 141 142 143 144 145 146 147 148 149 150 151 152 153 154 155 156 157 158 159 160 161 162 163 164 165 166 167 168 169 170 171 172 173 175 176 177 178 179 180 181 182 183 184 185 186 187 188 189 190 191 192 193 194 195 196 197 198 199 200 201 202 203 204 205 206 207 208 209 210 211 213 214 215 216 217 218 219 220 221 222 223 224 225 226 227 228 229 231 232 233 234 235 236 237 238 239 240 241 242 244 245 246 247 248 249 250 251 252 253 254 255 256 257 258 259 260 261 262 263 264 265 266 267 268 269 270 271 272 273 274 275 276 277 278 279 280 281 282 283 284 285 286 287 288 289 291 292 293 294 295 296 297 298 299 300 301 302 303 304 306 307 308 309 310 311 312 313 314 315 316 317 318 319 320 321 322 323 324 325 326 327 328 329 330 331 332 333 334 335 336 337 338 339 340 341 343 344 345 346 347 348 349 350 351 352 353 354 355 356 357 358 359 360 361 362 363 364 365 366 367 368 369 370 371 372 373 374 375 376 377 378 379 380 381 382 383 384 385 386 387 388 389 390 391 392 393 394 395 396 397 398 399 400 401 402 403 404 405 406 407 408 409 410 411 412 413 414 415 416 417 418 419 420 421 422 423 424 425 426 427 428 429 431 432 433 434 435 436 437 438 439 440 441 442 443 444 445 446 447 448 449 450 451 452 453 454 455 456 457 458 460 461 462 463 464 465 466 467 468 469 470 471 472 473 474 475 476 477 478 479 480 481 482 484 485 486 487 488 489 490 491 492 493 494 495 496 497 498 499 500 501 502 503 504 505 506 507 508 509 510 511 512 513 514 515 516 517 518 519 520 521 522 523 524 525 526 527 528 529 530 531 532 533 534 535 536 537 538 539 540 541 542 543 544 545 546 547 548 549 550 551 552 553 554 555 556 557 558 559 560 561 562 563 564 565 566 568 569 570 571 572 573 574 575 576 577 578 579 580 581 582 583 584 585 586 587 588 589 590 591 592 593 599 600 603 604 608 609 610 611 612 613 614 615 616 617 618 619 620 621 622 623 624 625 626 627 628 629 630 631 632 633 634 635 636 637 638 639 640 641 642 643 644 646 647 648 649 650 651 652 653 655 659 660 661 662 663 664 665 666 667 669 672 673 674 675 676 677 678 679 680 681 686 687 688 689 690 691 692 693 694 695 696 697 698 699 700 701 702 703 704 705 706 707 708 709 710 711 712 713 714 715 716 717 718 719 720 721 722 723 724 725 726 729 730 731 732 733 734 735 736 737 738 739 740 741 742 743 744 745 746 747 748 749 750 751 752 753 754 755 756 757 758 759 760 761 762 763 764 765 770 771 772 773 774 775 777 778 779 780 781 782 783 784 0
1 2 10 11 14 15 16 17 18 19 20 21 22 23 24 25 26 27 28 29 30 31 32 33 34 35 36 37 38 39 40 41 42 43 44 45 46 47 48 49 50 51 52 53 54 55 56 57 58 59 60 61 62 63 64 66 71 72 73 74 75 77 78 80 85 86 87 88 89 90 91 92 93 94 95 99 100 101 102 103 104 105 106 107 108 109 110 111 113 114 115 116 117 118 119 120 121 122 123 127 128 129 130 131 132 133 134 135 136 137 141 142 143 144 145 146 147 148 149 150 153 155 156 157 158 159 160 161 162 163 165 169 170 171 172 176 177 178 179 183 184 185 186 187 188 189 190 191 192 193 194 195 196 197 198 199 200 201 205 206 207 208 209 210 212 213 214 215 216 217 220 224 226 227 228 229 231 232 233 234 235 236 237 238 240 243 244 245 246 247 248 249 250 251 252 254 255 256 257 258 259 260 261 262 263 264 265 266 268 269 270 271 272 273 274 275 276 280 281 282 283 284 285 286 287 288 289 290 294 296 297 298 299 300 301 302 303 304 308 310 311 312 313 314 315 316 317 318 319 320 321 322 323 324 325 326 327 328 329 330 331 332 333 336 337 338 339 340 341 342 343 344 345 346 347 350 351 352 353 354 355 356 357 358 359 360 364 365 367 368 369 370 371 372 374 378 379 380 381 382 383 384 385 386 387 388 389 390 391 392 393 394 395 396 397 398 399 400 401 402 403 404 405 406 407 408 409 410 413 414 415 416 417 418 419 422 423 425 426 428 429 430 431 432 434 435 437 438 439 440 441 442 443 444 445 446 447 448 450 451 452 453 454 455 456 457 458 459 460 463 465 466 467 468 469 470 471 472 474 475 477 478 479 481 482 483 484 485 487 488 489 491 495 496 497 498 499 500 502 503 506 507 508 511 512 513 514 515 516 518 519 521 523 524 525 526 527 528 529 530 531 533 534 535 536 537 538 539 540 541 542 543 545 547 548 549 550 551 552 553 554 555 556 557 558 559 562 563 564 565 566 567 568 569 570 571 572 573 575 576 577 578 579 580 581 582 583 584 585 586 587 588 589 590 591 592 593 594 595 596 597 598 599 600 601 602 603 606 607 608 609 610 613 614 615 616 618 620 622 623 624 625 626 627 628 629 630 631 633 634 635 636 637 638 639 640 641 642 644 646 647 648 649 650 651 652 653 654 655 656 658 659 660 661 662 663 664 665 666 671 672 673 674 675 676 677 678 679 685 686 687 691 692 693 694 695 696 697 699 700 702 703 704 705 706 707 708 709 710 711 712 713 714 715 716 718 719 720 721 722 723 724 725 726 727 728 729 730 732 733 734 735 736 737 738 741 742 743 744 745 746 747 748 749 750 751 752 753 754 755 756 757 758 759 760 761 762 763 764 765 766 767 768 769 770 771 772 773 774 775 776 777 778 779 784 0
1 2 3 5 6 7 8 10 11 12 13 14 15 16 17 18 19 20 21 22 24 25 26 27 29 32 33 34 36 37 38 39 40 41 42 43 44 45 46 47 53 54 55 56 57 58 59 60 61 62 63 64 66 67 68 69 72 73 74 75 76 78 79 81 82 83 85 86 87 88 89 90 92 93 94 95 97 99 102 103 104 105 106 107 108 109 110 112 113 114 115 116 117 118 119 120 121 122 123 124 125 126 127 128 129 130 131 132 133 134 135 136 137 138 139 140 141 142 143 144 145 147 148 149 150 152 153 154 155 156 157 159 161 162 163 164 165 166 168 169 170 171 172 173 174 176 177 178 179 180 181 182 183 185 186 187 189 190 191 192 197 198 199 201 202 203 205 206 207 208 209 210 211 212 213 214 215 216 218 219 220 221 222 223 225 227 228 229 230 232 233 234 235 236 237 238 239 240 241 242 243 246 247 249 250 251 252 253 254 255 256 257 258 259 260 261 262 264 265 267 269 270 271 272 273 274 275 277 278 279 281 282 283 284 286 287 288 289 290 291 292 294 295 297 298 299 300 301 302 303 304 305 306 307 308 309 310 311 312 315 316 317 318 319 320 321 323 324 325 326 327 328 330 332 333 334 335 337 338 339 340 341 346 347 348 349 350 351 352 353 354 355 356 357 358 359 360 361 362 363 364 366 367 368 369 370 371 372 373 374 375 376 377 378 379 380 381 382 383 384 385 386 387 388 389 390 391 392 0
1 2 3 4 5 7 8 9 10 11 15 16 17 19 22 23 24 25 29 30 31 32 33 35 36 37 38 39 42 43 44 45 46 47 48 49 50 51 52 53 54 55 56 57 58 59 60 61 62 63 64 65 67 68 69 70 71 72 74 75 76 78 79 80 81 82 83 84 86 87 88 89 92 93 94 95 96 97 98 99 100 101 102 103 104 105 106 107 108 110 111 112 113 114 115 116 117 118 119 120 121 122 123 124 125 126 127 128 129 130 131 132 133 134 135 136 137 138 141 142 143 144 145 146 149 150 151 152 153 154 155 156 157 158 159 160 161 162 163 164 166 168 169 170 171 172 173 174 175 176 177 178 179 180 181 182 183 184 185 186 187 188 189 190 191 192 193 194 196 197 198 200 201 202 203 204 205 206 207 208 209 211 212 213 214 215 216 217 218 219 222 223 225 226 227 228 229 230 232 233 234 235 236 239 240 241 242 243 245 246 247 248 249 250 252 253 254 255 256 257 259 260 261 262 263 264 265 266 267 268 269 270 271 273 274 275 276 277 278 279 280 281 282 283 284 285 286 287 288 289 290 291 293 294 295 296 297 298 299 301 302 303 304 305 306 308 309 310 311 312 313 315 316 317 318 319 320 323 324 325 326 327 329 330 331 333 334 335 336 337 338 339 340 341 342 343 344 345 346 347 348 351 353 354 355 356 357 358 360 361 362 363 364 365 366 367 369 370 371 372 373 374 375 376 377 378 380 381 382 383 384 385 386 387 388 389 390 391 392 0
2 3 4 5 6 7 8 9 11 12 13 14 15 16 17 18 20 21 22 23 25 26 27 28 29 32 33 34 35 36 39 40 41 43 44 45 46 47 49 50 52 53 55 56 57 58 59 61 62 63 64 66 67 68 70 73 74 76 78 79 80 82 84 86 87 88 89 90 91 92 93 94 95 96 97 98 100 101 103 104 106 107 108 109 110 111 112 114 115 116 117 118 119 120 121 122 123 124 125 126 127 130 131 132 133 134 135 136 137 139 140 142 143 144 0
1 6 9 10 12 13 17 18 19 21 22 27 28 31 32 0

2
1 2 3 4 5 6 7 8 9 10 11 12 13 14 15 16 17 18 19 20 21 22 23 24 25 26 27 28 29 30 31 32 33 34 35 37 38 39 40 41 42 43 44 45 46 47 48 49 50 51 52 53 54 55 56 57 58 59 60 61 62 63 64 65 66 67 68 69 70 71 72 73 74 75 76 77 79 80 81 82 83 84 85 86 87 89 90 91 92 93 94 95 96 97 98 99 100 101 102 103 104 105 106 107 108 109 110 111 112 113 114 115 116 117 118 119 120 121 122 123 124 125 126 127 128 129 130 131 132 133 134 135 136 137 138 139 140 141 142 143 144 145 146 147 148 149 150 151 152 153 154 155 156 157 158 159 160 161 162 163 164 165 166 167 168 169 170 171 172 173 174 175 176 177 178 179 180 181 182 183 184 185 186 187 188 189 190 191 192 193 194 195 196 197 198 199 200 201 202 203 204 205 206 207 208 209 210 211 212 213 214 215 216 217 218 219 220 221 222 223 224 225 226 227 228 229 230 231 232 233 234 236 237 238 239 240 241 242 243 244 245 246 247 248 249 251 252 253 254 255 256 257 258 259 260 261 262 263 264 265 266 267 268 269 270 271 272 273 274 275 276 277 278 279 280 281 282 283 285 286 287 288 289 290 291 292 293 294 295 296 297 298 299 300 301 302 303 304 305 306 307 308 309 310 311 312 313 314 315 316 318 319 320 321 322 323 324 325 326 327 330 331 332 333 334 335 336 337 338 339 340 341 342 343 344 345 346 347 348 349 350 351 352 353 354 355 356 357 358 359 360 361 362 363 364 365 366 367 368 369 370 371 372 373 374 375 376 377 378 379 380 381 382 383 384 385 386 387 388 389 390 391 392 393 394 395 396 397 398 399 400 401 402 403 404 405 406 407 408 409 410 411 412 413 414 415 416 418 419 420 421 422 423 424 425 426 427 428 429 430 431 432 433 434 435 436 437 438 439 440 441 442 443 444 445 446 447 448 449 450 451 452 453 454 455 456 457 458 459 460 461 462 463 464 465 466 467 468 469 470 471 472 473 474 475 476 477 478 479 480 481 482 483 484 485 486 487 488 489 490 491 492 493 494 495 496 497 498 499 500 501 502 503 504 505 506 507 509 510 511 512 513 515 516 517 518 519 520 521 522 523 525 526 527 528 529 530 531 532 533 534 535 536 537 538 539 540 541 542 543 544 545 546 547 548 549 550 551 552 553 554 555 556 557 558 559 560 561 562 563 564 565 566 567 568 569 570 571 572 573 574 575 576 577 578 579 580 581 582 583 584 585 586 587 588 589 603 606 608 609 610 611 612 613 616 617 618 619 620 621 622 623 624 625 626 627 628 629 630 634 635 636 637 638 639 640 641 642 644 645 646 647 648 649 650 651 652 653 654 655 656 657 658 659 660 662 663 664 666 667 668 669 670 671 672 673 674 676 677 678 679 680 681 682 683 684 685 686 687 688 689 690 691 692 696 697 698 699 700 701 702 703 704 705 706 708 709 710 711 712 713 714 715 716 717 718 719 720 721 722 723 724 725 726 727 728 729 730 731 732 733 734 735 736 737 741 742 744 745 746 747 748 749 750 751 752 757 758 759 760 761 762 763 766 767 768 769 770 771 775 776 777 778 779 780 781 782 783 0
14 15 16 17 19 20 21 22 23 24 26 29 30 31 32 33 34 35 36 37 38 39 41 43 44 45 46 47 48 49 50 51 52 53 54 55 57 58 59 60 61 62 63 64 65 66 67 68 69 71 72 74 75 76 77 78 79 80 81 82 83 84 85 86 88 89 90 91 94 95 96 97 98 99 100 102 103 104 107 108 109 110 111 112 113 114 115 116 117 118 119 120 121 122 123 124 125 126 127 128 129 130 131 132 133 134 135 136 137 139 140 141 142 143 144 145 146 147 148 149 150 153 155 156 157 158 159 160 161 162 164 169 170 171 172 173 174 175 178 183 184 185 186 187 188 189 190 191 192 193 194 195 196 197 198 202 203 204 205 206 210 216 217 218 219 220 224 226 229 230 231 232 233 234 235 238 240 242 243 244 245 246 247 248 249 250 252 254 255 256 257 258 259 260 261 262 263 264 265 266 268 269 270 272 273 274 275 276 277 278 280 282 283 284 285 286 287 288 289 290 291 292 293 294 296 299 300 301 302 303 304 305 306 307 308 310 311 312 313 314 317 318 319 320 321 322 323 324 325 326 327 328 329 330 331 332 333 334 336 338 340 341 342 343 344 345 346 347 350 352 353 354 355 356 357 358 359 360 364 366 369 370 371 372 373 378 379 380 381 382 383 384 385 386 387 388 389 390 391 392 393 394 395 396 397 398 399 400 401 402 403 404 405 406 408 409 410 411 412 413 414 416 418 419 421 423 424 425 426 427 428 429 430 431 432 433 434 435 437 438 439 440 441 442 443 444 445 447 448 449 450 452 453 454 455 456 457 458 459 460 463 464 465 466 467 468 469 470 471 472 473 474 475 476 477 478 479 480 481 482 483 484 485 486 488 489 490 491 493 494 495 496 498 500 501 502 503 504 505 506 507 508 509 511 514 515 516 517 519 521 522 524 525 526 527 528 529 530 531 532 533 534 535 536 537 538 539 540 541 544 545 546 547 549 551 552 553 554 555 556 557 558 559 561 562 563 564 565 566 567 568 569 570 571 572 573 574 575 576 577 578 579 580 581 582 583 584 585 586 587 589 590 591 592 593 594 595 596 597 598 599 600 601 602 604 605 606 607 611 612 615 616 618 619 620 624 626 627 630 632 633 635 636 637 638 639 640 642 644 646 649 650 651 652 653 654 655 658 660 661 662 663 664 665 666 667 668 669 672 676 677 678 680 681 682 683 684 685 686 689 690 691 692 693 695 696 697 698 699 700 702 703 704 707 710 711 712 713 714 715 716 717 718 719 721 722 723 724 726 728 729 730 731 732 734 735 736 737 738 739 741 742 743 744 745 746 747 748 749 750 754 755 756 758 759 760 761 762 763 764 765 766 767 768 769 770 775 776 777 784 0
1 2 3 4 5 6 7 8 9 11 12 13 15 16 17 18 19 20 21 22 23 24 25 26 28 29 30 31 33 34 35 36 37 38 39 40 41 43 46 47 53 54 55 57 59 60 61 62 65 66 67 68 69 70 71 72 74 76 77 78 80 81 82 83 84 85 86 87 88 89 90 93 94 95 96 97 99 100 101 104 105 108 109 110 111 112 115 116 117 118 119 120 121 122 123 124 125 126 127 128 129 130 131 132 133 134 135 136 137 138 139 140 141 142 144 145 147 151 154 157 158 159 163 164 165 166 167 168 169 170 171 172 173 174 175 176 177 178 180 181 182 183 184 185 186 187 190 191 193 197 198 199 200 201 202 207 208 209 210 212 213 214 215 216 217 218 219 220 221 222 223 224 225 226 227 228 229 230 231 232 233 234 235 236 237 239 241 242 243 244 245 247 248 249 250 251 255 256 257 258 259 261 262 263 264 265 266 267 268 270 271 272 273 275 276 277 278 279 280 281 282 283 284 286 289 290 291 292 294 297 298 299 301 304 306 312 313 314 315 318 319 320 321 322 323 324 325 326 328 329 330 331 332 333 334 335 337 339 340 341 347 353 354 355 356 357 359 360 362 363 364 365 366 368 369 370 371 372 373 374 375 376 377 378 379 380 381 382 383 384 385 387 388 389 390 392 0
3 6 10 11 12 13 14 15 16 17 18 19 20 21 22 23 25 26 27 28 29 30 31 32 33 36 37 39 42 44 45 46 47 48 49 52 53 54 56 57 58 59 60 61 62 63 64 66 67 68 69 70 71 72 73 74 75 76 77 78 79 81 82 83 84 85 86 87 88 89 91 92 93 94 95 97 98 99 104 105 107 109 110 111 112 114 115 116 119 121 122 123 124 125 126 127 129 130 132 133 136 137 138 139 141 142 143 144 145 146 149 150 151 152 154 156 157 158 159 160 161 162 163 164 165 166 167 168 169 171 172 173 175 176 177 178 179 180 181 182 183 184 185 186 187 189 190 191 192 194 195 196 198 199 200 201 202 204 205 206 207 208 209 210 211 212 213 215 216 217 219 220 222 223 224 225 226 228 229 230 231 232 233 234 235 239 241 242 243 246 247 248 249 250 251 252 253 254 255 256 257 259 260 261 262 263 264 265 266 268 269 270 271 272 273 274 275 276 277 278 279 280 282 283 284 285 287 288 289 290 291 294 295 296 298 299 301 302 303 304 306 308 311 312 313 314 315 317 318 319 320 321 322 323 324 325 326 327 328 330 331 332 333 334 335 337 338 339 340 341 342 343 344 345 346 347 348 349 350 351 352 353 354 355 356 357 358 359 360 361 362 363 364 365 366 367 368 369 371 372 374 375 376 377 378 379 380 381 382 383 384 385 386 387 388 389 390 392 0
1 2 5 7 8 9 10 11 13 14 15 16 17 18 19 20 21 22 23 25 28 29 30 31 32 33 34 37 39 40 41 42 43 44 45 46 48 49 50 52 53 54 55 56 58 59 60 61 62 64 66 67 69 70 71 77 79 84 85 86 87 89 92 94 95 96 98 100 101 102 103 104 105 106 107 108 110 112 113 114 115 116 119 120 122 124 125 126 127 128 131 132 133 135 137 138 139 141 142 143 0
1 4 6 8 10 11 12 14 16 18 19 22 23 24 30 31 32 0

3
1 2 3 4 5 6 7 8 9 10 11 12 13 14 15 16 17 18 19 20 21 22 23 24 25 26 27 28 29 30 31 32 33 34 35 36 37 38 39 40 41 42 43 44 45 46 47 48 49 50 51 52 53 54 55 56 57 58 59 60 61 62 63 64 65 66 67 68 69 70 71 72 73 74 75 76 77 78 79 80 81 82 83 84 85 86 87 88 89 90 91 92 93 94 95 96 97 98 99 100 101 102 103 104 105 106 107 108 109 110 111 112 113 115 116 117 119 120 121 122 123 124 125 126 127 128 129 130 131 132 133 134 135 136 137 138 139 140 141 142 143 144 145 146 147 148 149 150 151 152 153 154 155 156 157 158 159 160 161 162 163 164 165 166 167 168 169 170 171 172 173 174 175 176 177 178 179 180 181 182 183 184 185 186 187 188 189 190 191 192 193 194 195 196 197 198 199 200 201 202 203 204 205 206 207 208 209 210 211 212 213 214 215 216 217 218 219 220 221 222 223 224 225 226 228 229 230 231 232 233 234 235 236 237 238 239 240 241 242 243 244 245 246 247 248 249 250 251 252 253 254 255 256 257 258 259 260 261 262 263 264 265 266 267 268 269 270 271 272 273 274 275 276 277 278 279 280 281 282 283 284 285 287 288 289 290 291 292 293 294 295 296 297 298 300 301 302 303 304 305 306 307 308 309 310 311 312 313 314 315 316 317 318 319 320 321 322 323 324 325 326 327 328 329 330 331 332 333 334 335 336 337 338 339 340 341 342 343 344 345 346 347 348 349 350 351 352 353 354 355 356 357 358 359 360 361 362 363 364 365 366 367 368 369 370 371 372 373 374 375 376 377 378 379 380 381 382 383 384 385 386 387 388 389 390 391 392 393 394 395 396 397 398 399 400 401 402 403 404 405 406 407 408 409 410 411 412 413 414 415 416 417 418 419 420 421 422 423 425 426 427 428 429 430 431 432 433 434 435 436 437 438 439 440 441 442 443 444 445 446 447 448 449 450 451 452 453 454 455 456 457 458 459 460 461 462 463 464 465 466 467 468 469 470 471 472 473 474 475 476 477 478 479 480 481 482 483 484 485 486 487 488 489 490 491 492 493 494 495 496 497 498 499 500 501 502 503 504 505 506 507 508 509 510 511 513 514 515 516 517 518 519 520 521 522 523 524 525 526 527 528 529 530 531 532 533 534 535 536 537 538 539 540 541 542 543 544 545 546 547 548 549 550 551 552 553 554 555 556 557 558 559 560 561 562 563 564 565 566 567 568 569 570 572 573 574 575 576 577 578 579 580 581 582 583 584 585 586 587 588 589 590 591 592 593 594 603 604 611 612 613 614 615 616 617 618 619 620 621 622 623 624 625 626 627 628 629 630 631 632 633 634 635 636 637 638 639 640 641 642 644 645 646 647 648 649 650 651 652 653 654 655 656 657 658 659 660 661 662 663 664 665 666 667 668 669 671 672 673 674 675 676 678 679 681 682 683 684 685 686 687 688 689 690 691 692 693 694 695 696 697 698 699 700 702 703 704 705 706 707 708 709 710 711 713 714 715 718 719 720 721 723 724 725 726 727 728 729 730 731 732 733 734 737 738 739 740 741 742 743 744 745 746 747 748 749 751 752 753 754 755 756 757 758 759 760 761 762 765 766 767 772 773 775 776 778 784 0
1 14 15 16 17 18 19 20 21 22 23 24 25 26 27 28 29 30 31 32 33 34 35 36 37 38 39 40 43 44 45 46 47 48 49 50 51 52 53 54 57 58 59 60 61 62 63 64 65 66 67 68 71 72 73 74 75 76 77 78 79 80 81 82 83 84 85 86 87 88 90 91 92 93 94 95 96 97 98 99 100 101 102 103 104 106 107 108 109 110 111 113 114 115 116 117 118 119 120 121 122 123 125 127 129 130 131 132 135 136 137 138 139 141 142 143 144 145 146 147 149 150 151 152 153 154 155 156 157 158 159 160 164 165 166 167 169 170 171 172 173 174 177 178 179 183 184 185 186 187 188 189 190 191 192 193 194 195 196 197 198 199 200 201 202 203 204 209 210 212 213 216 217 219 220 221 222 224 225 226 230 231 232 233 234 236 238 240 242 243 244 245 246 247 248 249 250 252 254 255 256 257 258 259 260 261 262 263 264 266 268 269 270 272 273 274 275 276 277 278 279 280 281 283 284 285 286 287 288 289 290 291 292 293 294 295 296 297 298 299 300 301 302 303 304 305 306 307 308 309 310 311 312 313 314 315 316 317 318 319 320 321 322 323 326 327 328 329 330 332 333 335 336 338 339 340 341 342 343 346 347 348 349 350 352 353 354 355 356 359 360 361 363 364 366 367 368 369 370 373 374 375 378 379 380 381 382 383 384 385 386 387 388 389 390 391 392 393 394 395 396 397 398 399 400 401 402 403 404 405 406 407 408 409 410 411 412 413 414 415 416 417 419 421 422 423 424 425 429 430 431 432 433 434 435 436 437 438 439 440 441 442 444 445 446 447 449 450 451 457 458 459 460 462 463 464 465 466 467 469 470 472 473 474 475 477 480 481 482 483 484 485 486 487 488 489 490 492 493 494 495 496 497 498 499 500 503 505 506 507 508 509 510 511 512 513 514 516 517 519 520 521 522 523 524 525 526 527 528 529 533 536 537 538 539 542 543 544 545 546 547 551 552 553 554 555 556 557 560 562 563 564 565 566 567 568 569 570 571 572 573 575 576 577 578 579 581 583 584 585 586 587 589 590 591 592 593 594 595 596 597 598 599 600 601 602 603 604 605 608 609 610 612 613 616 617 618 619 622 623 624 625 626 627 628 629 630 631 632 634 635 636 637 638 640 641 642 643 644 646 647 648 650 651 654 655 656 658 660 661 665 667 668 669 670 671 672 673 674 675 677 678 679 680 681 682 683 684 685 686 687 688 689 690 691 692 693 694 695 696 699 700 701 702 703 704 705 706 707 708 709 710 713 714 715 716 718 719 720 721 722 723 724 727 728 730 731 732 733 734 735 736 737 740 741 742 743 747 748 749 750 751 753 754 755 756 757 761 762 763 764 765 766 767 768 769 770 772 773 774 775 784 0
1 2 3 4 5 6 7 8 9 11 12 13 15 16 17 18 19 20 21 22 24 25 26 27 28 29 30 31 32 33 34 35 36 37 38 39 40 41 43 45 48 51 55 56 57 58 59 61 62 63 64 65 66 68 69 70 71 72 73 74 75 76 78 80 82 83 85 86 89 90 92 93 95 97 99 100 105 106 107 108 109 110 111 112 113 114 115 116 117 118 119 120 121 122 123 125 126 127 128 129 131 132 133 137 138 139 140 141 142 144 146 147 148 149 150 152 154 155 157 158 159 160 161 162 163 164 165 166 167 168 169 170 172 173 174 175 176 177 178 179 180 182 183 184 186 187 189 190 191 193 194 196 197 199 200 201 202 204 205 206 207 208 209 210 211 212 213 214 215 216 217 218 219 220 221 222 223 224 225 226 227 228 229 230 231 232 233 235 237 238 240 242 243 244 245 246 247 248 249 251 252 253 254 255 256 257 258 259 260 261 262 263 264 265 267 268 269 270 271 272 274 275 276 277 278 280 281 283 284 286 287 288 289 291 292 293 295 299 300 301 302 304 305 307 308 310 312 313 314 315 316 317 318 321 323 324 325 326 327 328 330 331 334 335 337 338 339 342 345 347 348 349 351 352 353 355 357 358 359 360 361 362 363 364 365 366 367 368 369 370 371 372 373 374 375 376 377 378 379 380 382 383 384 385 386 387 388 389 390 391 392 0
1 2 3 4 5 8 9 10 11 12 13 14 15 17 18 19 20 21 22 23 24 25 26 28 29 30 31 32 33 34 35 36 37 40 41 42 43 44 47 49 50 53 54 56 57 63 64 65 66 67 68 70 72 73 74 76 77 78 79 80 81 82 83 85 86 87 88 89 90 92 93 94 95 96 97 99 100 101 102 103 104 105 106 107 108 109 111 112 113 114 115 116 117 118 119 120 121 122 123 124 125 126 127 128 129 130 131 132 133 134 135 136 139 140 141 142 145 146 148 149 150 151 152 154 155 156 157 160 161 162 163 164 165 166 167 168 169 170 171 172 173 175 177 178 179 180 181 182 183 184 185 186 187 188 189 191 192 193 194 195 196 197 198 203 208 210 211 212 213 214 215 216 217 219 220 221 222 223 224 225 228 229 230 231 232 233 235 236 237 239 240 241 242 243 244 245 246 247 248 249 250 251 252 253 254 255 258 259 260 261 262 263 264 265 266 267 268 269 270 272 273 274 275 276 277 278 279 280 282 286 287 288 289 290 291 292 293 294 295 296 297 298 300 301 302 303 304 305 306 307 309 310 311 312 313 314 315 317 318 319 320 321 322 323 324 325 326 327 329 330 331 333 334 335 336 337 338 341 342 343 344 345 347 348 349 350 352 353 354 356 357 359 360 361 362 364 366 367 368 369 370 371 372 373 374 377 378 379 380 381 382 383 384 385 387 388 389 390 391 392 0
1 5 8 9 10 14 16 17 19 20 21 25 26 28 30 31 33 34 35 36 37 40 41 42 43 44 46 49 50 52 53 54 55 56 57 58 59 61 62 63 67 68 69 70 71 72 73 74 75 77 78 80 82 83 84 85 86 87 88 89 91 93 94 95 96 97 98 99 100 102 103 104 105 106 107 108 111 115 116 122 123 124 126 129 130 131 132 133 134 135 136 137 138 139 140 141 142 143 144 0
2 5 7 8 10 13 15 16 17 18 19 21 23 26 28 30 31 32 0

4
1 2 3 4 5 6 7 8 9 10 11 12 13 14 15 16 17 18 19 20 21 22 23 24 25 26 27 28 29 30 31 32 33 34 35 36 37 39 40 41 42 43 44 45 46 47 48 49 50 51 52 53 54 55 56 57 58 59 60 61 62 63 64 65 66 67 68 69 70 71 72 73 74 75 76 77 78 79 80 81 82 83 84 85 86 87 88 89 90 92 93 94 95 96 97 98 99 100 101 102 103 104 105 106 107 108 109 110 111 112 113 114 115 116 117 118 119 120 121 122 123 124 125 126 127 128 129 130 131 132 133 134 135 136 137 138 139 140 141 142 143 144 145 146 147 148 149 150 151 152 153 154 155 156 157 158 159 160 161 162 163 164 165 166 167 168 169 170 171 172 173 174 175 176 177 178 179 180 181 182 183 184 185 186 187 188 189 190 191 192 193 194 195 196 197 198 199 200 201 202 203 204 205 206 207 208 209 210 211 212 213 214 215 216 217 218 219 220 221 222 223 224 225 226 227 228 229 230 231 232 233 234 235 236 237 238 239 240 241 242 243 244 245 246 247 248 249 250 251 252 253 254 255 256 257 258 259 260 261 262 263 264 265 266 267 268 269 270 271 272 273 274 275 276 277 278 279 280 281 282 283 284 285 286 288 289 290 291 292 293 294 295 296 297 298 299 301 302 303 304 305 306 307 308 309 310 311 312 313 314 315 316 317 318 319 320 321 322 323 324 325 326 328 329 330 331 332 333 334 335 336 337 338 339 340 341 342 343 344 345 346 347 348 349 350 351 352 353 354 355 356 357 358 359 360 361 362 363 364 365 366 367 368 369 370 371 372 373 374 375 376 377 378 379 380 381 382 383 384 385 386 387 388 389 390 391 392 393 394 395 396 397 398 399 400 401 402 403 404 405 406 407 408 409 410 411 412 413 414 415 416 417 418 419 420 421 422 423 424 425 426 427 428 429 430 431 433 434 435 436 437 438 439 440 441 442 443 444 445 447 448 449 450 451 452 453 454 455 456 457 458 459 460 461 462 463 464 465 466 467 468 469 470 471 472 473 474 475 476 477 478 479 480 481 482 483 484 485 486 487 488 489 490 491 492 493 494 495 496 497 498 499 500 501 502 503 504 505 506 507 508 509 510 511 512 513 514 515 516 517 518 519 520 521 522 523 524 525 526 527 528 529 530 531 532 533 534 535 536 537 538 539 540 541 542 543 544 545 546 547 548 549 550 551 552 553 554 555 556 557 558 559 560 561 562 563 564 565 566 567 568 569 570 571 572 573 574 575 576 577 578 579 580 581 582 583 584 585 586 587 588 590 591 592 593 594 595 596 597 603 606 607 608 609 610 611 612 613 614 615 617 618 619 620 621 622 623 624 625 626 627 628 629 630 636 637 638 639 640 641 642 643 644 645 646 647 648 649 650 651 652 653 654 655 657 658 659 660 661 662 663 665 666 667 668 669 670 671 672 673 674 675 678 679 680 682 683 684 685 686 687 688 689 690 691 692 693 694 695 699 701 702 703 704 705 706 707 708 710 711 712 713 714 715 716 717 718 719 720 721 726 727 728 729 731 732 733 734 735 736 737 738 739 740 743 744 745 746 747 748 749 750 751 752 753 754 755 756 757 758 759 760 761 762 763 764 765 766 767 768 769 770 771 772 773 775 776 778 779 780 781 782 783 784 0
1 7 8 14 15 16 17 18 19 20 21 22 23 24 25 26 27 29 30 31 32 33 34 35 36 37 38 39 40 41 43 44 45 46 47 48 49 50 51 52 53 54 55 56 57 58 59 60 61 62 63 64 65 66 67 68 69 70 71 72 73 74 75 76 78 79 80 81 82 83 84 85 86 87 88 89 91 92 93 94 96 97 99 100 101 104 105 106 107 109 110 111 113 114 115 116 118 119 120 121 123 124 125 127 128 131 132 133 134 138 139 141 142 143 145 146 147 148 150 151 152 153 155 156 157 158 159 160 161 162 163 164 165 166 167 168 169 170 171 172 173 174 175 177 178 179 180 181 183 184 185 186 187 188 189 190 191 192 193 194 195 196 197 198 199 200 201 202 203 204 205 206 210 212 214 215 216 217 218 219 220 224 226 227 228 229 230 231 232 233 234 235 237 238 240 241 242 243 244 245 246 247 248 249 250 251 252 254 255 256 257 258 259 260 261 262 263 264 265 266 268 269 270 271 272 273 275 276 277 279 280 282 283 284 285 286 288 289 290 291 292 293 294 295 296 297 298 299 300 301 302 303 304 308 309 310 312 313 315 316 317 320 321 322 324 325 326 327 328 329 330 331 334 335 336 338 339 342 343 344 347 348 349 350 352 353 354 355 356 357 358 360 361 362 363 364 366 367 368 369 370 371 373 374 375 376 377 378 379 380 381 382 383 384 385 386 387 388 389 390 391 392 393 394 395 396 397 398 399 400 401 402 403 404 405 406 407 408 409 410 411 412 413 416 417 418 419 421 422 424 427 428 429 430 431 432 433 436 437 440 441 442 443 444 445 446 448 449 450 451 452 453 455 456 457 458 459 460 461 462 463 464 465 466 467 470 471 472 473 475 477 479 480 481 482 483 484 485 486 487 488 489 491 493 495 496 497 498 499 501 502 503 505 506 507 510 511 512 514 515 518 519 520 521 522 523 524 525 526 528 529 530 531 532 533 537 538 539 540 545 547 548 550 551 552 553 554 556 557 558 559 561 564 565 566 567 568 571 572 574 575 576 577 578 579 580 581 582 583 584 585 586 587 589 590 591 592 593 594 595 596 597 598 599 600 601 602 604 605 606 607 608 609 611 612 616 617 618 619 620 621 622 624 625 626 627 628 630 632 633 634 635 636 637 638 639 640 641 642 643 644 646 647 648 649 651 652 653 654 655 656 657 658 660 661 662 663 665 666 667 670 672 674 675 676 679 680 681 682 683 685 686 687 688 689 692 693 694 695 696 697 698 699 700 701 702 703 705 706 707 708 711 712 713 714 715 716 719 720 721 724 725 726 727 728 729 730 732 733 734 735 737 738 739 740 741 742 744 745 746 747 748 751 752 753 754 755 756 757 758 759 760 761 762 763 764 765 766 767 768 769 770 771 772 773 775 776 777 778 779 780 781 782 783 784 0
1 2 3 4 5 6 7 8 9 10 11 12 13 15 16 17 18 19 20 21 22 25 26 27 28 29 30 31 32 33 34 36 37 38 39 40 41 43 44 45 46 47 48 49 53 54 55 56 61 62 63 64 67 68 69 71 74 75 76 78 80 81 82 85 86 87 88 89 92 93 94 95 96 97 98 99 100 101 102 103 104 105 108 109 110 111 112 114 116 117 118 119 122 123 124 125 126 128 130 131 133 134 135 136 137 138 140 141 142 144 146 147 150 154 158 159 161 165 166 168 171 172 173 177 178 179 184 185 186 190 191 192 195 196 197 198 200 201 207 208 209 210 212 213 214 215 216 220 221 222 223 224 226 227 229 230 231 233 234 235 236 238 239 240 241 242 243 244 245 246 247 248 250 253 254 255 257 258 260 261 265 266 267 268 270 271 272 273 274 275 276 279 280 281 283 286 287 288 289 290 291 294 299 301 303 306 307 312 313 314 315 316 319 320 321 323 326 327 330 331 332 333 334 337 338 339 340 341 342 343 346 347 348 352 353 354 355 356 357 359 360 361 362 363 364 366 367 368 369 370 373 374 375 376 377 380 381 382 383 384 387 388 389 390 392 0
1 4 6 7 8 9 11 12 13 14 15 17 18 19 20 23 24 25 27 28 30 31 32 33 35 36 37 38 40 42 43 44 45 46 47 48 49 50 51 52 53 54 56 58 59 60 61 63 65 66 67 68 69 70 71 72 73 74 75 77 78 79 81 82 83 86 87 88 89 90 91 92 93 94 95 96 97 99 100 101 102 104 105 107 108 109 110 111 112 115 116 118 119 120 121 122 125 126 127 129 130 131 132 133 134 136 140 141 142 143 144 145 147 150 151 152 153 154 156 157 158 159 160 161 164 165 166 167 168 170 171 173 175 177 178 179 181 182 184 185 187 188 189 190 191 192 193 194 195 197 198 199 200 201 202 204 205 207 208 209 210 211 212 213 214 215 216 217 218 220 221 222 225 228 229 230 232 234 235 236 239 240 241 242 243 246 247 248 249 250 251 252 253 254 255 256 257 258 259 260 261 262 263 264 265 266 267 268 269 270 271 273 274 276 277 278 280 281 282 284 285 286 287 288 289 290 292 293 294 295 298 299 300 301 302 304 306 307 308 311 312 313 315 318 319 320 321 324 325 326 327 329 330 331 332 333 339 340 341 343 344 345 346 347 348 350 351 352 353 355 356 357 358 359 360 361 362 363 364 365 366 367 368 369 370 371 374 376 377 378 379 380 382 383 386 388 389 390 392 0
1 2 3 4 5 6 7 8 9 13 14 15 16 18 19 20 21 23 24 25 28 29 30 31 32 33 34 35 36 37 38 39 41 42 43 44 45 46 47 48 50 52 53 55 56 57 58 59 60 61 62 64 66 67 69 70 71 72 73 74 75 77 79 82 83 84 85 88 89 92 93 94 95 96 97 99 100 102 106 107 110 111 112 113 114 116 117 118 120 121 125 126 128 129 130 131 133 134 138 140 141 142 143 144 0
3 4 7 10 12 15 17 19 20 21 22 27 28 29 31 0

5
1 2 3 4 5 6 7 8 9 10 11 12 13 14 15 16 17 18 19 20 21 22 23 24 25 26 27 28 29 30 31 32 33 34 35 36 37 38 39 40 41 42 43 44 45 46 47 48 49 50 52 53 54 55 56 57 58 59 60 61 62 63 64 65 66 67 68 69 70 71 72 73 74 75 76 77 78 79 80 81 82 83 84 85 86 87 88 89 90 91 92 93 94 95 96 97 98 99 100 101 102 103 104 105 106 107 108 109 110 111 112 113 114 115 116 117 118 119 120 122 123 124 125 126 127 128 129 130 131 132 133 134 135 136 137 138 139 140 141 142 143 144 145 146 147 148 149 150 151 152 153 154 155 156 157 158 159 160 161 162 163 164 165 166 167 168 169 170 171 172 173 174 175 176 177 178 179 180 181 182 183 184 185 186 187 188 189 191 192 193 194 195 196 197 198 199 200 201 202 203 204 205 206 207 208 209 210 211 212 213 214 215 216 217 218 219 220 221 222 223 224 225 226 227 228 229 230 231 232 233 234 235 236 237 238 239 240 241 242 243 244 245 246 248 249 250 251 252 253 254 255 256 257 258 259 260 261 262 263 264 265 266 267 268 269 272 273 274 275 276 277 278 279 280 281 282 283 284 285 286 287 288 289 290 291 292 293 294 295 296 297 298 299 300 301 302 303 304 305 306 307 308 309 310 311 312 313 314 315 316 317 318 319 320 321 322 323 324 325 326 327 328 329 330 331 332 333 334 335 336 337 338 339 340 341 342 343 344 345 346 347 348 349 350 351 352 353 354 355 356 357 358 359 360 361 362 363 364 365 366 367 368 369 370 371 372 373 375 376 377 378 379 380 381 382 383 384 385 386 387 388 389 390 391 392 393 394 395 396 397 398 399 400 401 402 403 404 405 406 407 408 409 410 411 412 413 414 415 416 417 418 419 420 421 422 423 424 425 426 427 428 429 430 431 432 433 434 435 436 437 438 439 440 441 443 444 445 446 447 448 449 450 451 452 453 454 455 456 458 459 460 461 462 463 464 465 466 467 468 469 470 472 473 474 475 476 477 478 479 480 481 482 483 484 485 486 487 488 489 490 491 492 493 494 495 496 497 498 499 500 501 502 503 504 505 506 507 508 509 510 511 512 513 514 515 516 517 518 519 520 521 522 523 524 525 526 527 528 529 530 531 532 533 534 535 536 537 538 539 540 541 542 543 544 545 546 547 548 549 550 551 552 553 554 555 557 558 559 560 561 562 563 564 565 566 567 568 569 570 571 572 573 574 575 576 577 578 579 580 581 582 583 584 585 586 587 588 592 593 594 595 596 597 598 599 600 601 602 603 604 605 606 607 608 609 612 613 614 615 616 617 618 619 620 621 629 630 631 632 633 634 635 636 637 638 639 640 641 644 645 646 647 648 649 650 651 652 653 654 655 656 659 660 661 662 663 664 665 666 667 668 669 670 671 672 673 674 675 676 677 678 679 680 681 682 683 684 685 686 687 688 689 690 691 692 693 694 695 698 699 700 701 702 703 704 705 706 708 709 710 711 712 713 714 715 720 721 722 723 724 725 726 727 728 729 730 731 732 735 736 737 738 739 740 741 742 747 748 749 750 751 753 754 755 756 757 758 759 760 761 762 763 764 765 766 767 768 769 770 771 772 773 774 775 776 777 778 779 780 781 783 784 0
1 14 15 16 17 18 19 20 21 24 25 26 27 29 30 31 32 33 34 35 36 37 38 39 40 41 43 44 45 46 47 48 49 50 51 52 53 55 57 58 59 60 61 62 63 64 65 66 67 68 71 72 74 75 76 77 78 79 80 81 82 83 85 86 87 88 89 90 91 92 93 94 95 96 97 99 100 101 102 103 104 105 106 107 108 110 111 112 113 114 115 116 117 118 119 120 121 122 123 124 125 126 127 128 129 132 133 134 135 136 137 138 139 140 141 142 147 148 149 151 152 153 154 155 156 160 162 163 164 165 166 167 168 169 170 171 172 173 175 176 177 178 179 180 181 182 183 184 185 186 187 188 189 190 191 192 193 194 195 196 198 199 200 201 202 203 204 205 206 207 208 209 210 212 213 214 215 216 217 220 221 222 224 225 226 227 228 229 230 231 233 234 238 240 241 242 243 244 245 246 247 248 252 254 255 256 257 258 259 260 261 262 263 266 267 268 269 270 272 273 274 275 276 277 278 279 280 281 282 283 285 286 287 288 289 290 291 293 294 295 296 297 298 299 300 301 302 303 304 305 306 307 308 310 311 312 313 314 315 316 317 318 319 320 321 322 324 327 328 330 331 332 333 334 335 336 344 345 346 347 348 349 350 357 358 359 360 361 362 363 364 366 367 368 372 373 374 375 376 377 378 379 380 381 382 383 384 385 386 387 388 389 390 391 392 393 394 395 396 397 398 399 400 401 402 403 404 405 406 407 412 413 414 415 416 417 418 419 421 422 423 424 425 426 427 428 429 430 431 432 434 435 436 437 440 441 442 443 444 445 446 447 450 452 453 454 455 456 457 458 459 460 461 463 465 467 468 469 470 471 472 474 475 477 478 479 480 481 482 483 484 485 486 487 490 491 492 493 494 495 496 497 498 499 500 501 502 503 504 505 506 507 508 509 510 511 513 515 516 517 520 522 523 524 525 526 527 528 532 533 534 535 541 542 543 544 545 546 547 548 549 550 551 552 553 554 555 556 557 558 559 560 561 562 563 564 565 566 568 569 570 572 573 579 580 581 582 583 584 585 586 587 588 589 590 591 592 593 594 595 596 597 598 599 600 601 602 604 605 606 607 608 609 610 611 612 613 614 615 616 617 618 622 623 629 630 631 637 638 639 643 644 646 648 649 650 651 652 653 654 655 656 657 658 659 660 661 662 663 664 665 666 667 668 669 671 672 673 676 677 679 681 685 686 687 688 689 690 691 692 693 694 695 696 697 698 699 700 701 703 704 705 706 707 708 711 712 713 714 715 716 717 718 719 720 721 722 723 724 725 726 727 728 730 731 732 733 734 735 736 737 740 741 742 744 745 746 747 748 749 750 753 756 758 759 760 761 762 763 764 765 767 768 769 770 771 772 773 774 777 778 779 780 781 782 783 784 0
1 2 3 4 5 6 7 8 9 11 12 13 15 17 18 19 20 21 22 23 24 25 26 27 28 29 30 31 32 33 34 36 37 38 39 40 41 42 43 47 48 49 50 57 58 60 61 62 65 66 67 68 69 72 73 74 75 76 77 79 81 82 83 84 88 89 90 91 94 96 97 98 99 100 101 103 104 105 106 107 108 109 110 112 113 114 115 116 117 118 119 120 121 122 123 124 125 126 127 128 130 131 132 133 137 138 140 143 144 145 147 149 154 155 156 157 159 160 163 164 165 166 167 168 169 170 171 172 173 174 178 179 180 181 185 186 188 189 190 192 193 194 197 198 199 200 202 203 204 205 206 208 209 210 211 212 213 214 215 216 218 219 220 221 222 223 224 225 226 227 229 230 231 234 235 236 237 238 241 242 243 244 246 249 250 251 252 253 255 256 257 258 261 263 264 265 266 267 268 269 270 271 272 273 275 276 277 279 280 282 283 284 285 286 287 290 291 292 293 294 295 298 301 302 303 305 306 309 310 311 312 313 314 316 317 318 319 320 321 324 325 326 327 328 329 333 334 336 337 338 339 341 343 344 345 346 350 351 352 353 354 355 356 357 358 359 360 362 363 364 365 366 367 368 369 370 371 373 374 375 376 377 381 382 383 384 388 389 390 391 392 0
1 3 4 8 9 11 12 14 15 16 17 18 19 21 22 23 24 25 26 27 28 29 31 34 35 38 39 40 41 42 43 46 47 48 49 50 51 52 53 54 56 57 58 59 61 63 64 65 67 68 69 70 72 73 75 76 77 78 79 80 81 82 83 84 86 87 88 89 90 91 93 94 95 96 97 98 99 100 102 104 105 107 109 111 112 113 114 115 116 117 118 119 121 122 123 124 125 126 127 128 130 131 132 133 134 138 139 140 141 143 144 145 146 147 148 149 150 151 152 154 155 156 157 158 160 161 162 163 165 166 167 168 169 170 172 173 174 175 176 177 179 180 181 182 183 185 186 187 188 189 191 194 195 196 197 198 199 203 204 205 206 207 208 209 211 212 213 214 215 216 219 220 221 222 223 224 225 226 228 230 232 234 235 236 237 238 239 240 241 242 243 244 245 246 247 252 253 254 255 256 258 259 260 261 263 264 265 266 267 268 269 270 271 273 275 276 278 280 281 282 283 284 285 286 287 288 289 290 291 293 294 295 296 299 301 302 303 304 306 308 309 310 311 312 313 315 317 318 319 320 322 323 324 325 326 327 328 329 332 333 334 335 336 340 341 343 344 345 346 347 348 349 350 351 354 355 356 357 358 359 360 361 362 363 364 365 366 367 368 369 370 371 374 375 376 377 378 379 380 381 382 383 384 385 386 387 388 389 390 391 392 0
1 6 7 8 9 10 11 12 13 14 15 16 17 18 19 20 21 22 23 24 28 30 31 32 33 34 35 36 37 38 39 40 43 44 45 46 50 51 52 54 55 60 61 62 63 67 68 71 73 74 75 76 77 79 80 82 83 84 85 86 87 89 91 92 95 96 98 99 100 104 105 106 107 108 109 115 116 117 118 119 120 121 122 123 126 127 128 130 131 132 139 141 142 143 0
2 4 8 10 11 14 15 16 17 18 20 25 26 0

6
1 2 3 4 5 6 7 8 9 10 11 12 13 14 15 16 17 18 19 20 21 22 23 24 25 26 27 28 29 30 31 32 33 34 35 36 37 38 39 40 41 42 43 44 45 46 47 48 49 50 51 52 53 54 55 56 57 58 59 60 62 63 64 65 66 67 68 69 70 71 72 73 74 75 76 77 78 79 80 81 82 83 84 85 86 87 88 89 90 91 93 94 95 96 97 98 99 100 101 102 103 104 105 106 107 108 109 110 111 112 113 114 115 116 117 118 119 120 121 122 123 124 125 126 127 128 129 130 131 132 133 134 136 137 138 140 141 142 143 144 145 146 147 148 149 150 151 152 153 154 155 156 157 158 160 161 162 163 164 165 166 167 168 169 170 171 172 173 174 175 176 177 178 179 180 181 182 183 184 185 186 187 188 189 190 191 192 193 194 195 196 197 198 199 200 201 202 203 204 205 206 207 208 209 210 211 212 213 214 215 216 217 218 219 220 221 222 223 224 225 226 227 228 229 230 231 233 234 236 237 238 239 240 241 242 243 244 245 246 247 248 249 250 251 252 253 254 255 256 258 259 260 261 262 263 264 265 266 267 268 269 270 271 272 273 274 275 276 277 278 279 280 281 282 283 284 285 286 288 289 290 291 292 293 294 295 296 297 298 299 300 301 302 303 304 306 307 308 309 310 311 312 313 314 315 316 317 318 319 320 321 322 323 324 325 326 327 329 330 331 332 333 334 335 336 337 338 339 340 341 342 343 344 345 346 347 348 349 350 351 352 353 354 355 356 357 358 359 360 361 362 363 364 365 366 367 368 369 370 371 372 373 374 375 376 377 378 379 380 381 382 383 384 385 386 387 388 389 390 391 392 393 394 395 396 397 398 399 400 401 402 403 404 405 406 407 408 409 410 411 412 413 414 415 416 417 418 419 420 421 422 423 424 425 426 427 428 429 430 431 432 433 434 435 436 437 438 439 440 441 442 443 444 445 446 447 448 449 450 451 452 453 454 455 456 457 458 459 460 461 462 463 464 465 466 467 468 469 470 471 472 473 474 475 476 477 478 479 480 482 483 484 485 486 487 488 489 490 491 492 493 494 495 497 498 499 500 501 502 503 504 505 506 507 508 509 510 512 513 514 515 516 517 518 519 520 521 522 523 525 526 527 528 529 530 531 532 533 534 535 536 537 538 539 540 541 542 543 544 545 546 547 548 549 550 551 552 553 554 555 556 557 558 559 560 561 562 563 564 565 566 567 568 569 570 571 572 573 574 575 576 577 578 579 580 581 582 583 584 585 586 587 588 589 590 591 592 593 594 595 596 597 598 599 600 601 603 604 605 606 607 608 609 613 614 615 616 617 618 619 620 621 622 623 625 626 627 628 629 630 631 632 633 634 635 636 637 638 639 640 641 642 643 644 645 646 647 648 649 650 651 654 655 656 657 658 659 660 661 663 664 665 666 667 668 669 670 671 672 673 674 675 676 677 678 679 680 681 682 683 684 685 686 687 688 689 690 691 692 693 694 695 696 697 698 699 700 701 702 703 704 705 706 707 708 709 710 711 712 713 714 715 716 717 718 719 720 721 722 723 724 725 726 727 728 729 730 731 732 733 734 735 739 740 743 744 745 746 747 748 751 752 753 754 755 756 757 758 759 760 765 766 767 768 769 770 771 772 773 774 775 776 777 778 779 780 781 782 783 784 0
1 4 14 15 16 17 18 19 20 21 22 23 24 25 26 27 28 29 30 31 32 33 34 35 36 37 38 39 40 41 42 43 44 45 46 48 49 50 51 52 53 54 55 57 58 59 60 61 62 63 64 65 66 67 68 69 71 72 73 74 75 76 77 78 79 80 81 82 83 84 85 86 87 88 89 90 91 92 93 94 95 96 97 98 99 100 101 102 103 104 105 106 107 108 109 110 111 112 113 114 115 118 119 120 121 122 123 124 125 126 127 129 130 131 132 133 134 135 136 137 138 139 140 141 142 143 144 145 146 147 148 151 152 153 154 155 156 157 158 159 163 164 165 166 167 168 169 170 177 178 179 180 181 182 183 184 185 186 187 188 189 190 191 192 193 194 195 196 198 199 200 201 202 203 204 205 206 207 208 209 210 212 213 214 215 216 217 218 219 222 223 224 226 227 228 229 230 231 233 234 236 237 238 240 241 242 243 244 245 246 247 248 249 251 252 254 255 256 257 258 259 260 261 262 263 265 266 268 269 271 272 273 274 275 276 277 278 279 280 282 283 284 285 286 287 288 289 290 291 292 293 294 296 297 298 299 300 301 302 303 304 305 306 308 309 310 311 312 313 314 315 316 317 318 319 320 322 324 325 326 327 328 329 330 331 332 333 334 335 336 338 339 340 341 342 343 344 345 347 348 349 350 351 352 353 354 355 356 357 358 361 362 363 364 366 367 368 369 374 375 376 377 378 379 380 381 382 383 384 385 386 387 388 389 390 391 392 393 394 395 396 397 398 399 400 401 402 403 404 405 406 407 411 412 415 416 417 418 419 421 422 423 427 428 429 430 431 432 434 435 437 438 439 440 441 442 443 444 445 447 448 449 450 451 453 454 455 456 457 458 459 461 464 465 466 467 468 470 471 472 473 474 476 477 479 480 481 482 483 484 485 486 487 488 489 490 491 492 494 496 497 498 499 503 505 506 507 508 509 510 511 513 514 515 516 517 518 519 520 521 522 523 524 525 526 527 528 529 530 531 532 534 535 536 537 538 539 540 541 542 543 544 545 547 548 550 551 552 553 555 556 557 558 559 560 561 562 563 564 565 567 568 569 570 571 572 574 575 576 577 578 579 580 581 582 583 584 585 586 587 588 589 590 591 592 593 594 595 596 597 598 599 600 601 602 604 605 606 607 608 610 611 613 615 616 617 622 624 625 626 627 629 630 631 632 633 634 635 636 637 638 639 640 641 642 643 644 645 646 647 650 651 652 653 654 655 657 658 659 660 661 662 663 664 665 666 667 671 672 673 674 675 676 677 679 680 681 682 683 684 685 686 687 688 691 693 694 695 696 697 698 699 700 701 703 705 706 707 708 709 710 711 712 713 714 715 716 718 719 720 721 722 723 724 725 726 727 728 730 731 732 733 734 735 736 738 739 740 742 743 744 745 746 747 748 751 752 753 754 756 757 758 759 761 764 765 766 767 768 769 770 780 781 782 783 784 0
1 2 3 4 5 6 7 8 9 10 11 12 15 17 18 20 21 22 23 24 25 26 27 28 29 30 31 32 33 34 35 36 37 38 39 40 42 43 44 45 46 49 50 54 55 57 58 59 60 61 62 64 65 66 67 68 69 71 72 73 74 75 76 77 78 79 80 81 82 83 84 85 87 88 89 90 91 93 94 95 97 98 99 100 101 103 104 105 106 108 109 110 111 112 113 114 115 116 117 118 119 120 121 122 124 125 126 127 128 129 130 133 134 135 137 140 141 142 143 144 146 147 151 154 155 156 157 158 160 162 164 165 166 167 168 169 170 171 172 173 174 175 176 177 178 179 180 183 184 185 186 188 189 190 195 197 198 199 200 203 204 205 206 208 209 210 212 213 214 215 216 217 219 220 221 222 223 224 225 226 228 229 230 231 232 233 234 235 236 237 240 242 243 244 245 246 247 248 250 251 252 253 254 255 256 257 258 260 262 263 264 265 266 267 268 269 271 272 273 274 275 276 277 278 279 280 281 282 283 284 285 286 287 288 289 290 291 292 293 294 295 298 299 301 302 304 306 307 309 310 312 313 314 316 317 318 319 320 321 322 323 324 326 327 328 330 331 332 334 335 336 337 338 340 342 343 344 345 347 350 351 352 353 354 355 356 357 359 360 362 363 364 366 367 368 370 371 372 373 374 375 376 377 378 379 381 382 383 384 385 386 387 388 389 390 392 0
1 3 6 8 10 11 12 15 16 19 21 23 24 26 28 29 31 32 33 34 35 36 38 41 42 43 44 45 46 47 48 49 50 51 52 53 54 56 57 58 59 60 61 62 63 65 66 67 68 70 71 73 74 75 76 77 78 79 80 81 82 83 84 85 86 87 88 89 90 91 92 94 95 96 97 98 99 100 101 104 105 106 107 111 112 114 115 116 117 118 119 120 121 122 124 125 126 127 128 129 130 132 133 134 135 136 137 138 139 140 141 142 143 144 145 146 147 148 149 150 151 152 153 155 156 157 158 159 160 161 162 163 165 167 168 169 170 172 173 174 175 176 177 178 179 180 181 182 184 186 187 188 189 190 192 193 194 196 197 198 199 200 201 202 204 205 206 207 208 209 211 212 213 214 215 216 218 219 220 221 222 224 225 226 227 228 230 231 235 238 239 241 242 243 245 246 247 248 249 250 251 252 253 254 255 256 258 259 260 261 262 263 265 266 267 268 269 270 274 275 276 277 278 279 280 281 282 283 284 285 286 287 288 289 290 292 293 294 295 297 299 301 302 304 305 306 308 309 310 311 312 313 315 316 317 318 319 320 321 322 323 324 325 326 327 328 329 330 331 332 333 334 335 336 337 338 339 340 341 342 343 344 345 346 347 348 349 350 351 352 353 354 355 356 357 358 359 360 361 363 364 365 366 367 368 369 370 371 372 373 374 375 376 377 378 379 380 381 382 383 385 386 387 392 0
1 2 4 5 6 9 11 12 13 14 17 18 19 21 22 24 25 26 30 31 34 35 37 41 42 43 44 45 46 47 49 50 51 53 54 55 56 59 60 62 63 64 65 67 68 70 71 74 76 77 78 80 81 84 85 86 88 89 94 95 97 98 99 100 101 102 104 105 106 107 108 109 110 112 113 115 116 117 118 119 120 121 122 123 124 125 126 127 128 131 132 133 135 136 137 138 140 142 143 144 0
3 4 6 7 9 10 11 12 13 14 16 17 18 19 22 24 25 27 29 30 31 0

7
1 2 3 4 5 6 7 8 9 10 11 12 13 14 15 16 17 18 19 20 21 22 23 24 25 26 27 28 29 30 31 32 33 34 35 36 37 38 39 40 41 42 43 44 45 46 47 49 50 51 52 53 54 55 56 57 58 59 60 61 62 63 64 65 66 67 68 69 70 71 72 73 74 75 77 78 79 80 81 82 83 84 85 86 87 88 89 90 91 92 94 95 96 97 98 99 100 101 102 103 104 105 106 107 108 109 110 111 112 113 114 115 116 117 118 119 120 121 122 123 124 125 126 127 128 129 130 131 132 133 134 135 136 137 138 139 140 141 142 143 144 145 146 147 148 149 151 152 153 154 155 156 157 158 159 160 161 162 163 164 165 166 167 168 169 170 171 172 173 174 175 176 177 178 179 180 181 182 183 184 185 186 187 188 189 190 191 192 193 194 195 196 197 198 199 200 201 202 203 204 205 206 207 208 209 210 211 212 213 214 215 216 217 218 219 220 221 222 223 224 225 226 227 228 229 231 232 233 234 235 236 237 238 239 240 241 242 243 244 245 246 247 248 249 250 251 252 253 254 255 256 257 258 259 260 261 262 263 264 265 266 267 268 269 270 271 272 273 274 275 276 277 278 279 280 281 282 283 284 285 286 287 288 289 290 291 292 293 294 295 296 297 298 299 300 301 302 303 304 305 306 307 308 309 310 311 312 313 314 315 316 317 319 320 321 322 323 324 325 326 327 328 329 330 331 332 333 334 335 336 337 338 339 340 341 342 343 344 345 346 347 348 349 350 351 352 353 354 355 356 357 358 359 360 361 362 363 364 365 366 367 368 369 370 371 372 373 374 375 376 377 378 379 380 381 382 383 384 385 386 387 388 389 390 391 392 393 394 395 396 397 398 399 400 401 402 403 404 405 406 407 408 409 410 411 412 413 414 415 416 417 418 419 420 421 422 423 424 425 426 427 428 429 430 431 432 433 434 435 436 437 438 439 440 441 442 443 444 445 446 447 448 449 450 451 452 453 454 455 456 457 458 459 460 461 462 463 464 465 466 467 470 471 472 473 474 475 476 477 478 479 480 481 482 483 484 485 486 487 488 489 490 491 492 493 494 495 496 497 498 499 500 501 502 503 504 505 506 507 508 509 510 511 512 513 514 515 516 517 518 519 520 521 522 523 524 525 526 527 528 529 530 531 532 533 534 535 536 537 538 539 540 541 542 543 544 545 546 547 548 549 550 551 552 553 554 555 556 557 558 559 560 561 562 563 564 565 566 567 568 569 570 571 572 573 574 575 576 577 578 579 580 581 582 583 584 585 586 587 588 589 595 596 602 603 604 605 606 607 608 609 610 611 612 613 614 615 616 617 618 619 622 623 624 625 629 630 631 632 633 634 635 636 637 638 640 641 642 643 644 645 646 647 648 649 650 651 652 653 657 658 659 660 661 662 663 664 665 666 667 669 670 672 673 674 675 676 677 679 680 681 682 683 684 685 686 687 688 689 690 691 692 693 694 695 696 697 698 699 700 701 702 703 704 705 706 707 708 709 711 712 713 714 715 716 717 718 719 720 721 722 723 724 726 727 728 729 730 731 732 733 734 735 736 737 738 739 742 743 744 745 746 747 749 750 751 752 754 756 757 758 759 760 761 762 763 764 765 767 768 769 770 771 772 773 774 775 777 778 780 781 782 783 784 0
1 14 15 16 17 18 19 21 22 24 27 29 30 31 34 35 36 37 39 40 41 43 44 45 46 47 48 49 50 51 53 54 55 56 57 58 59 60 61 62 63 64 65 69 71 72 73 74 75 76 77 78 79 80 81 82 83 85 86 87 88 89 90 91 92 93 94 95 96 97 98 99 100 101 102 103 105 106 107 108 109 110 111 112 113 114 115 116 117 119 120 121 122 123 124 125 126 127 128 129 130 131 132 133 134 135 136 139 141 142 143 144 145 147 148 149 150 151 152 153 155 156 157 158 159 160 161 162 163 164 165 166 167 169 170 171 172 173 175 176 177 179 180 181 183 184 185 186 187 188 189 190 191 192 193 194 195 196 198 201 202 203 204 209 210 212 213 214 215 216 217 223 224 226 231 232 233 237 238 239 240 241 242 245 246 247 251 252 253 254 255 256 259 260 261 265 266 267 268 269 270 273 274 275 280 281 282 283 284 286 288 289 290 291 292 293 294 295 296 297 298 299 300 302 303 304 306 307 308 310 311 312 313 315 316 317 318 320 321 322 324 325 326 327 329 330 331 332 334 335 336 338 339 340 343 344 345 346 348 349 350 351 352 353 354 358 359 360 362 363 364 366 367 368 369 373 374 376 377 378 379 380 381 382 383 384 385 386 387 388 389 390 391 392 393 394 395 396 397 398 399 400 401 402 403 404 405 406 408 409 410 411 412 413 414 416 417 418 420 421 423 424 425 426 427 428 429 430 431 432 433 435 436 437 438 439 440 441 442 444 445 448 449 453 455 456 457 459 460 461 463 464 465 466 467 470 471 472 473 474 475 477 481 482 483 484 485 486 487 488 490 491 492 493 494 495 497 498 499 500 501 502 503 505 506 507 510 511 513 514 515 516 517 520 521 522 523 524 526 527 528 530 531 533 534 535 536 537 538 539 540 541 542 543 544 545 547 551 552 554 555 556 558 559 561 562 563 564 565 566 568 569 570 571 573 575 576 577 578 579 580 581 582 583 584 585 586 587 589 590 591 592 593 594 595 596 597 598 599 600 601 602 604 605 606 608 609 613 614 616 617 618 619 620 625 627 628 629 630 631 632 633 634 635 636 637 638 639 641 642 643 644 645 646 647 648 649 650 651 652 655 656 657 658 659 660 661 662 663 664 665 666 667 668 669 670 671 672 673 674 675 676 677 678 679 680 681 683 684 685 686 687 688 689 690 691 692 693 694 695 696 698 699 700 701 703 704 705 706 707 708 712 713 714 715 716 717 719 720 721 722 726 727 728 730 731 732 733 734 735 736 737 738 739 740 741 742 743 744 745 746 747 748 749 750 751 752 753 754 755 756 757 759 760 761 762 763 764 765 766 768 769 770 771 772 773 774 779 782 784 0
1 2 3 4 5 6 7 8 10 11 12 13 15 17 18 19 20 22 23 24 25 26 27 29 32 33 34 36 38 39 40 41 43 44 45 47 48 53 54 57 59 60 61 64 65 67 68 71 72 73 75 76 81 82 83 85 89 90 92 95 97 98 99 101 102 103 104 105 106 107 108 110 112 113 114 115 116 117 119 120 121 122 123 124 126 127 128 129 130 131 132 133 134 135 136 137 138 139 140 141 142 143 144 145 146 147 150 154 157 158 162 164 165 169 170 171 172 174 176 177 178 179 183 185 186 187 190 192 197 200 201 205 206 208 209 211 212 213 214 215 216 217 218 220 221 222 223 224 225 226 227 228 229 230 231 234 235 236 237 238 239 243 244 245 246 247 248 249 250 251 255 256 257 258 259 260 262 263 264 265 267 269 270 271 272 273 274 275 276 277 278 279 281 283 284 285 286 287 288 290 291 292 293 294 297 298 301 302 303 305 309 310 311 312 313 316 317 318 319 320 324 325 326 327 330 332 334 337 338 339 340 342 345 346 349 351 352 353 354 355 358 359 360 361 362 363 365 366 367 368 369 370 373 374 375 376 377 379 380 381 382 383 384 385 386 387 388 389 390 391 392 0
2 6 9 10 11 12 14 16 17 18 19 20 21 22 23 24 25 26 27 28 29 30 31 32 33 34 37 38 39 42 43 45 46 47 48 49 50 51 52 53 55 56 58 59 60 62 64 65 66 67 69 70 71 72 73 74 75 76 77 78 79 80 82 83 84 86 87 88 89 90 91 92 93 94 95 97 98 101 102 103 104 105 107 108 109 110 111 112 114 115 117 118 119 120 121 122 123 124 125 126 128 131 132 133 134 135 137 139 140 142 144 145 146 147 149 150 152 153 155 156 158 159 160 161 162 163 164 165 166 167 169 170 171 172 173 174 175 178 179 180 181 182 183 187 188 189 190 191 192 193 194 195 196 197 198 199 201 203 204 206 211 213 216 218 220 221 222 223 224 225 227 228 229 230 232 233 234 235 236 237 239 240 241 242 243 244 246 247 248 249 250 251 252 254 255 256 257 258 259 260 261 262 263 264 265 266 267 268 269 270 271 273 274 275 276 277 278 279 280 281 282 283 284 285 286 287 288 289 290 291 292 293 294 296 297 298 299 301 303 304 305 308 309 310 311 312 316 317 318 319 320 323 324 325 326 327 328 329 330 331 333 334 336 340 341 342 343 344 345 346 347 348 349 350 351 352 355 356 357 359 361 363 364 365 366 367 368 369 370 371 372 373 374 377 378 379 380 381 382 384 385 386 387 388 390 391 392 0
1 3 4 5 7 9 10 11 12 13 14 15 16 17 18 19 20 21 24 25 26 28 29 30 31 32 33 35 36 37 39 40 43 44 45 46 47 48 49 50 52 53 55 56 57 58 59 60 61 64 65 66 67 68 69 70 71 72 73 74 75 76 77 79 82 84 85 86 88 89 92 93 94 95 97 100 102 103 107 110 111 112 113 115 120 123 126 127 130 131 132 133 134 135 136 137 138 140 141 142 143 144 0
3 4 5 8 11 14 15 16 17 19 20 21 22 27 28 29 30 31 0

8
1 2 3 4 5 6 7 8 9 10 11 12 13 14 15 16 17 18 19 20 21 22 23 24 25 26 27 28 29 30 31 32 33 34 35 36 37 38 39 40 41 42 43 44 45 46 47 48 49 50 51 52 53 54 55 56 57 58 59 60 61 62 63 64 65 66 67 68 69 70 71 72 73 74 75 76 77 78 79 80 81 82 83 84 85 86 87 88 89 91 92 93 94 95 96 97 98 99 100 101 102 103 104 105 106 107 108 109 110 111 112 113 114 115 116 118 120 121 122 123 124 125 126 127 128 129 130 131 132 133 134 135 136 137 138 139 140 141 142 143 144 145 147 148 149 150 151 152 153 154 155 156 157 158 159 160 161 162 163 164 165 166 167 168 169 170 171 172 173 174 175 176 177 178 179 180 181 182 183 184 185 186 187 188 189 190 191 192 193 194 195 196 197 198 199 200 201 202 203 204 205 206 207 208 209 210 211 212 213 214 215 216 217 218 219 220 221 222 223 224 225 226 227 228 229 231 234 235 236 237 238 239 240 241 242 243 244 245 246 247 248 249 250 251 252 253 254 255 256 257 258 259 260 261 262 263 264 265 266 267 268 269 270 271 272 273 276 277 278 279 280 281 282 283 284 285 286 287 288 289 290 291 292 293 294 295 296 297 298 299 300 301 302 303 304 305 306 307 308 309 310 311 312 313 314 315 316 317 318 319 320 321 322 323 324 325 326 328 329 330 331 332 333 334 335 336 337 338 339 340 341 342 343 344 345 346 347 348 349 350 351 352 353 354 355 356 357 358 359 360 361 362 363 364 365 366 367 368 369 370 371 372 373 374 375 376 377 378 379 380 381 382 383 384 385 386 387 388 389 390 391 392 393 394 395 396 397 398 399 400 401 402 403 404 405 406 407 408 409 410 411 412 413 414 415 416 417 418 419 420 421 422 423 424 425 426 427 428 429 430 431 432 433 434 435 436 437 438 439 440 441 442 443 444 445 446 447 448 449 450 451 452 453 454 455 456 457 458 459 460 461 462 463 464 465 466 467 469 470 471 472 473 475 476 477 478 479 480 481 482 483 484 485 486 487 488 489 490 491 492 493 494 495 496 497 498 499 500 501 502 503 504 505 506 507 508 509 510 511 512 513 514 516 517 518 519 520 521 522 523 524 525 526 527 528 529 530 531 532 533 534 535 536 537 540 541 542 543 544 545 546 547 548 549 550 551 552 553 554 555 556 557 558 559 560 561 562 564 565 566 567 569 570 571 572 573 574 575 576 577 578 579 580 581 582 583 584 585 586 587 588 592 593 594 595 600 601 602 603 604 605 612 613 614 615 616 617 618 619 621 623 624 625 626 627 628 629 630 631 632 633 634 635 636 637 638 639 640 641 642 643 644 645 646 647 649 650 651 652 653 654 655 656 657 658 660 661 662 663 664 665 666 667 668 669 670 671 672 673 675 676 677 678 679 680 681 682 686 687 690 691 692 693 694 695 696 697 698 699 700 701 702 703 705 706 707 708 709 710 711 712 714 715 716 717 718 719 721 722 723 724 725 726 728 729 730 731 732 733 734 735 736 737 738 739 740 741 742 743 745 746 747 748 749 750 751 752 753 754 755 756 757 759 760 761 762 763 764 766 767 768 769 770 771 775 776 777 778 779 780 781 782 783 784 0
14 15 18 19 20 21 22 23 24 25 26 27 28 29 32 34 35 36 37 38 39 40 41 42 43 44 48 49 50 51 52 53 54 55 56 57 58 60 61 62 63 65 66 67 68 69 70 71 72 73 74 75 76 77 78 79 80 81 82 85 89 90 91 92 93 94 95 96 97 99 102 103 105 106 107 108 109 113 116 117 118 119 121 122 123 127 128 129 130 131 133 134 135 136 137 141 143 144 145 146 147 148 149 150 151 152 153 155 156 157 158 159 160 161 162 163 164 165 166 167 168 169 172 173 176 178 179 180 181 183 184 185 186 187 188 189 190 191 192 193 194 195 196 200 201 202 203 204 206 207 208 209 210 215 216 217 219 220 221 223 224 229 230 231 232 233 234 235 236 237 238 243 244 245 246 247 248 249 250 251 252 257 258 259 260 261 262 263 264 266 268 272 273 274 275 276 277 278 280 284 285 286 287 288 289 290 291 292 294 298 299 300 301 302 303 304 305 306 308 310 313 314 315 316 317 318 319 322 324 325 326 327 328 329 330 331 332 333 336 339 340 341 342 343 344 345 346 347 349 350 352 353 354 355 356 357 358 359 360 361 362 363 364 368 369 370 371 372 373 374 375 376 377 378 379 380 381 382 383 384 385 386 387 388 389 390 391 392 393 394 395 396 397 398 399 400 401 402 403 404 405 406 407 408 409 410 414 415 416 417 418 419 421 422 423 424 425 426 427 428 429 430 431 435 436 437 438 439 440 441 442 443 444 445 446 448 449 451 452 453 454 455 457 458 459 460 461 462 464 465 466 467 468 469 470 471 472 473 474 475 477 478 479 480 481 482 483 484 485 486 487 488 489 491 492 493 494 495 496 497 498 499 500 501 503 505 506 507 508 509 510 511 512 514 515 516 517 519 521 522 523 524 525 526 527 529 530 531 533 535 536 537 538 539 540 541 542 543 544 545 546 547 548 549 550 551 552 553 554 555 556 557 560 564 565 566 567 568 569 571 572 573 575 576 578 579 580 582 583 584 585 586 587 589 590 591 592 593 594 595 596 597 598 599 600 601 602 604 605 606 608 609 614 615 616 618 619 621 622 623 624 625 626 627 628 629 630 632 633 636 637 638 639 640 641 642 643 644 646 647 648 649 650 651 652 653 654 655 656 658 660 661 662 663 665 666 667 668 669 671 672 674 676 677 678 679 680 681 682 683 685 686 688 689 690 691 692 693 694 695 699 700 702 703 704 705 706 707 708 709 710 712 713 714 719 721 722 723 724 725 726 727 728 736 737 738 739 740 741 742 744 745 746 747 748 749 750 751 752 753 754 755 756 758 759 760 761 762 763 764 765 766 767 768 769 770 775 776 777 778 782 783 784 0
1 2 3 4 5 6 7 8 9 10 11 12 13 14 15 16 17 18 19 20 21 22 23 24 25 26 27 28 29 31 33 34 36 37 38 39 40 41 43 45 46 47 49 52 53 54 55 56 58 59 60 61 62 63 64 68 69 70 72 73 74 75 76 78 80 81 82 83 85 86 87 88 89 90 92 93 94 95 96 97 99 100 101 104 105 108 109 110 111 112 114 115 116 117 118 119 121 122 123 124 125 126 128 129 130 131 132 133 134 135 136 137 138 139 140 141 142 144 145 147 150 152 153 154 157 158 159 160 163 164 165 166 167 168 171 172 173 175 177 178 179 180 183 184 185 186 187 189 190 191 192 193 194 195 197 199 201 202 203 205 206 208 209 210 212 213 214 215 216 217 219 220 221 222 223 224 226 227 228 229 230 232 233 234 235 236 237 239 240 241 242 243 244 245 247 249 250 251 252 254 255 256 257 258 259 261 262 263 264 265 266 268 269 270 271 273 275 276 277 278 279 280 281 282 283 284 285 287 288 289 290 291 292 293 296 297 298 300 301 305 306 307 308 311 312 313 314 315 319 320 321 322 323 325 326 327 328 331 332 334 335 338 340 341 342 343 346 347 348 349 350 352 353 354 355 356 357 359 360 361 362 363 364 366 367 368 369 370 371 372 373 374 375 377 378 379 380 381 382 383 384 387 388 389 390 391 392 0
5 6 7 9 10 11 12 13 15 16 17 18 19 20 21 22 23 24 25 27 28 29 31 34 35 36 37 39 42 43 45 46 47 48 49 50 51 52 53 54 56 57 58 59 60 61 62 63 64 65 67 70 71 72 73 74 75 76 78 79 81 82 83 84 85 86 87 88 89 90 91 92 93 94 95 96 97 98 104 105 106 107 111 112 115 116 117 118 119 120 124 125 126 127 130 131 132 133 136 137 139 140 141 142 143 144 145 146 147 149 150 151 152 153 154 155 156 157 158 159 160 161 165 166 167 168 170 172 174 175 176 177 178 179 180 182 183 184 185 186 187 188 189 190 191 192 194 195 196 197 198 200 201 202 203 204 206 207 208 209 210 212 213 214 215 218 219 220 221 222 223 224 225 227 228 229 230 231 232 233 234 235 236 237 238 241 242 243 244 245 246 249 252 254 255 256 257 258 259 261 262 263 264 265 266 267 268 269 270 272 273 274 275 276 277 278 280 281 282 283 284 285 286 287 289 290 291 292 293 294 296 297 298 299 300 301 303 304 305 306 307 308 310 312 313 314 315 317 318 319 320 321 322 325 326 327 329 330 331 333 334 335 338 339 340 341 342 343 344 345 346 347 348 350 351 352 353 354 355 356 357 358 359 360 361 362 364 365 366 367 368 369 370 371 372 373 374 375 377 378 379 380 381 383 384 385 386 388 389 391 392 0
1 2 3 5 7 8 9 10 11 12 13 15 16 17 18 19 22 29 30 31 32 33 34 35 36 37 39 41 42 43 44 45 46 47 49 50 51 52 56 57 62 63 66 68 69 71 72 73 74 76 78 80 81 82 83 84 85 87 88 89 90 92 93 94 95 98 100 102 103 105 106 107 111 114 119 122 124 125 127 129 131 132 133 136 138 140 141 142 143 144 0
1 4 6 7 8 9 11 15 16 20 21 23 27 28 29 30 31 0

9
1 2 3 4 5 6 7 8 9 10 11 12 13 14 15 16 17 18 19 20 21 22 23 24 25 26 27 28 29 30 31 32 33 34 35 36 37 38 39 40 41 42 43 44 45 46 47 48 49 50 51 52 53 54 55 56 57 58 59 60 61 62 63 64 65 66 67 68 69 70 71 72 73 74 75 76 77 78 79 80 81 82 83 84 85 86 87 88 89 90 91 92 93 94 95 96 97 98 99 100 101 102 103 104 105 106 107 108 109 110 111 112 113 114 115 116 117 118 119 120 121 122 123 124 125 126 127 128 129 130 131 132 133 134 136 137 138 139 140 141 142 143 144 145 146 147 148 149 150 151 152 153 154 155 156 157 158 159 160 162 163 164 165 166 167 168 169 170 171 172 173 174 175 176 177 178 179 180 181 182 183 184 185 186 187 188 189 190 191 192 193 194 195 196 197 198 199 200 201 202 203 204 205 206 207 208 209 210 211 212 213 214 215 216 217 218 219 220 221 222 223 224 225 226 227 228 229 230 231 232 233 234 235 236 237 238 239 240 241 242 243 244 245 246 247 248 249 250 251 252 253 254 255 256 257 258 259 260 261 262 263 264 265 266 267 268 269 270 271 272 273 274 275 276 277 278 279 280 281 282 283 284 285 286 287 288 289 290 291 292 293 294 295 296 297 298 299 300 301 302 303 304 305 306 307 308 309 310 311 312 313 314 315 316 317 318 319 320 321 322 323 324 325 326 327 328 329 330 331 332 333 334 335 336 337 338 339 340 341 342 343 344 345 346 347 348 349 350 351 352 353 354 355 356 357 358 359 360 361 362 363 364 365 366 367 368 369 370 371 372 373 374 375 376 377 378 379 380 381 382 383 384 385 386 387 388 389 390 391 392 393 394 395 396 397 398 399 400 401 402 403 404 405 406 407 408 409 410 411 412 413 414 415 416 417 418 419 420 421 422 423 424 425 426 427 428 429 430 431 432 433 434 435 436 437 438 439 440 441 442 444 445 446 447 448 449 450 451 452 453 454 455 456 457 458 459 460 461 462 463 464 465 466 467 468 469 470 471 472 473 474 475 476 477 478 479 480 481 482 483 484 485 486 487 488 489 490 491 492 493 494 495 496 497 498 499 500 501 502 503 504 505 506 507 508 509 510 511 512 513 514 515 516 517 518 519 520 521 522 523 524 525 526 527 528 529 530 531 532 533 534 535 536 537 538 539 540 541 542 543 544 545 546 547 548 549 550 551 552 553 554 555 556 557 558 559 560 561 562 563 564 565 566 567 568 569 570 571 572 573 574 575 576 577 578 579 580 581 582 583 584 585 586 587 588 589 590 591 592 593 608 609 610 612 613 614 615 616 617 619 620 621 622 623 624 625 629 630 631 632 637 638 640 641 642 643 644 645 646 647 648 649 650 651 652 654 655 656 657 658 659 660 661 662 663 664 665 666 667 668 669 670 671 672 673 674 675 677 678 679 680 681 682 683 684 685 686 688 689 690 693 694 695 696 699 700 701 702 703 704 705 706 707 708 709 710 711 712 713 714 715 716 717 722 723 724 725 726 728 729 730 731 732 733 734 735 736 737 739 740 742 743 744 745 746 747 749 750 751 752 753 754 755 756 757 758 759 760 761 762 763 764 766 767 768 769 770 771 772 773 774 775 776 780 781 782 783 784 0
1 14 15 16 17 18 19 20 21 22 23 26 27 29 30 31 32 33 35 36 39 40 41 43 44 47 49 50 51 53 54 55 56 57 58 59 63 64 65 66 67 68 69 70 71 72 74 75 77 78 79 80 81 82 83 84 85 86 87 89 91 92 93 94 95 96 97 98 99 100 101 102 103 105 106 107 109 110 111 113 114 115 116 117 118 119 120 121 123 124 125 127 128 129 130 133 134 135 136 138 139 141 142 143 144 145 147 148 149 150 151 152 153 155 156 157 158 159 162 163 164 165 166 167 168 169 170 171 172 173 174 175 176 179 180 181 183 184 185 186 187 188 189 190 191 192 193 194 195 196 197 198 199 200 201 202 203 204 205 210 214 215 216 217 218 223 224 230 231 236 237 238 244 246 247 250 251 252 254 259 260 261 263 264 265 266 268 272 273 274 275 277 278 279 280 282 283 284 286 288 289 292 293 294 296 302 303 307 308 310 311 312 316 317 319 320 321 322 324 325 326 330 331 332 333 334 335 336 338 339 340 344 345 346 347 348 350 352 353 354 357 358 359 360 361 362 363 364 366 367 368 369 372 373 374 375 376 377 378 379 380 381 382 383 384 385 386 387 388 389 390 391 392 393 394 395 396 397 398 399 400 401 402 403 404 405 406 407 408 409 410 411 412 413 414 415 416 417 418 419 420 422 423 424 425 426 428 429 430 431 434 435 437 438 439 440 441 442 443 444 448 449 450 451 452 453 458 459 460 461 462 463 464 465 466 467 468 469 470 471 472 473 474 475 476 477 482 483 484 485 486 487 488 489 491 494 495 499 500 501 502 503 505 506 507 508 509 512 513 515 517 519 523 526 527 528 530 531 532 533 534 535 536 537 540 542 543 544 545 547 548 549 551 553 554 555 556 557 558 559 561 562 563 565 566 567 568 569 571 572 574 575 576 577 578 579 580 581 582 584 585 586 587 589 590 591 592 593 594 595 596 597 598 599 600 601 602 603 607 608 609 610 613 614 615 616 618 619 620 622 623 627 628 629 630 632 633 634 636 637 638 639 641 642 643 644 646 647 648 649 650 651 652 655 656 658 660 661 662 663 664 665 668 669 670 671 672 673 674 675 676 677 678 679 681 683 684 686 688 689 690 691 692 693 694 697 698 699 700 702 703 704 705 706 707 708 711 712 713 714 716 717 718 719 720 721 722 723 725 726 727 728 729 730 731 732 733 734 735 736 737 738 739 740 741 742 743 744 745 746 747 748 749 750 751 752 753 754 755 756 757 759 760 761 762 763 764 765 766 767 768 769 770 773 774 778 779 780 781 782 784 0
1 2 3 4 5 6 7 8 10 11 12 13 15 16 18 19 20 21 22 23 24 25 26 27 28 29 31 33 34 36 37 38 40 41 43 44 45 47 48 49 53 54 60 61 63 64 67 68 70 71 74 75 78 81 82 85 86 88 89 92 94 96 97 99 100 101 102 103 104 105 106 107 108 109 112 115 116 117 118 119 122 123 124 125 126 129 130 131 133 134 135 136 137 138 140 141 142 143 145 146 147 149 150 154 157 158 164 165 167 168 171 172 178 179 180 183 185 186 187 190 192 193 197 199 200 201 203 205 208 209 210 213 214 215 216 217 220 221 222 223 227 228 229 230 231 234 236 238 239 240 241 243 244 245 246 247 249 250 251 252 254 256 257 258 259 264 265 266 267 269 270 271 272 274 276 277 278 279 280 281 284 285 286 287 288 289 290 291 292 294 297 298 301 304 309 311 312 313 314 315 316 318 319 320 322 323 326 327 330 331 333 334 337 338 339 341 342 343 345 346 349 352 353 354 355 359 360 361 362 366 367 368 369 370 373 374 375 376 377 379 380 381 383 384 388 389 390 391 392 0
2 6 10 11 12 13 14 16 17 18 19 21 23 24 25 26 27 28 30 31 32 33 34 36 37 40 41 42 43 45 46 47 48 49 51 52 53 54 55 56 57 58 59 60 61 62 64 65 66 67 68 69 70 72 73 74 76 77 78 79 83 87 88 89 90 91 92 93 94 95 96 97 103 104 105 107 108 109 110 111 112 113 114 115 117 118 119 121 123 124 125 126 131 132 135 137 139 140 142 144 145 146 147 149 150 151 155 158 159 160 161 162 163 165 167 171 172 173 174 178 179 180 181 182 183 185 187 188 189 191 194 195 196 197 198 202 203 205 206 209 213 214 215 217 218 219 220 221 222 225 226 227 228 229 232 233 234 236 237 239 240 241 242 243 244 246 247 248 249 250 251 252 253 255 256 257 258 259 260 262 263 264 266 267 269 270 271 272 273 274 275 276 277 278 279 280 281 282 283 284 285 286 287 288 289 290 291 292 293 294 295 296 298 301 302 304 305 308 312 314 318 319 320 321 325 326 327 332 333 334 336 340 341 342 343 344 345 346 347 348 349 350 351 352 356 357 359 362 363 364 365 366 370 371 372 373 374 376 377 378 379 380 381 382 383 384 385 386 387 389 390 391 392 0
1 2 3 4 5 7 9 10 12 14 15 16 17 18 19 20 21 26 27 28 29 30 31 32 33 34 35 36 37 38 39 40 42 43 44 45 47 49 51 52 53 55 56 57 58 59 60 61 62 66 67 68 69 70 71 72 73 74 75 76 80 83 88 90 92 93 95 96 97 99 100 102 113 117 119 120 123 126 127 130 132 134 135 136 137 138 140 141 144 0
3 4 7 10 12 17 19 20 21 22 27 28 29 31 0

10
1 2 3 4 5 6 7 8 9 10 11 12 13 14 15 16 17 18 19 20 21 22 23 24 25 26 27 28 29 30 31 32 33 34 35 36 37 38 39 40 41 42 43 44 45 46 47 48 49 50 51 52 53 54 55 56 57 58 59 60 61 62 63 64 65 66 67 68 69 70 71 72 73 74 75 76 77 78 79 80 81 82 83 84 85 86 87 88 89 90 91 92 93 94 95 96 97 98 99 100 101 102 103 104 105 106 107 108 109 110 111 112 113 114 115 116 117 118 119 120 121 122 123 124 125 126 127 128 129 130 131 132 133 134 135 136 137 138 139 140 141 142 143 144 145 146 147 148 149 150 151 152 153 154 155 156 157 158 159 160 161 162 163 164 165 166 167 168 169 170 171 172 173 174 175 176 177 178 179 180 181 182 183 184 185 186 187 188 189 190 191 192 193 194 195 196 197 198 199 200 201 202 203 204 205 206 207 208 209 210 211 212 213 214 215 216 217 218 219 220 221 222 224 225 226 227 228 229 230 231 232 233 234 235 236 237 238 239 240 241 242 243 244 247 249 250 251 252 253 254 255 256 257 258 259 260 261 262 263 264 265 266 267 268 269 270 271 272 273 274 276 277 278 279 280 281 282 283 284 285 286 287 288 289 290 291 292 293 294 295 296 297 298 299 300 301 302 303 304 305 306 307 308 309 310 311 312 313 314 315 316 317 318 319 320 321 322 323 324 325 326 327 328 329 330 331 332 333 334 335 336 337 338 339 340 341 342 343 344 345 346 347 348 349 350 351 352 353 354 355 356 357 358 359 360 361 362 363 364 365 366 367 368 369 370 371 372 373 374 375 376 377 378 379 380 381 382 383 384 385 386 387 388 389 390 391 392 393 394 395 396 397 398 399 400 401 402 403 404 405 406 407 408 409 410 411 412 413 414 415 416 417 418 419 420 421 422 423 424 425 426 427 428 429 430 431 432 433 434 435 436 437 438 439 440 441 442 443 444 445 446 448 449 450 451 452 453 454 455 456 457 458 459 460 461 462 463 464 465 466 467 468 469 470 471 472 473 474 475 476 477 478 479 480 481 483 484 485 486 487 488 489 490 491 492 493 494 495 496 497 498 499 500 501 502 503 504 505 506 507 508 509 510 511 512 513 514 515 516 517 518 519 520 521 522 523 524 525 526 527 528 529 530 531 532 533 534 535 536 537 538 539 540 541 542 543 544 545 546 547 548 549 550 551 552 553 554 555 556 557 558 559 560 561 562 563 564 565 566 567 568 569 570 571 572 573 574 575 576 577 578 579 580 581 582 583 584 585 586 587 588 589 590 591 592 593 602 603 604 605 606 607 608 609 610 611 612 613 614 615 616 617 618 619 620 621 622 623 624 625 626 627 628 629 631 632 633 634 635 636 637 638 639 640 641 642 644 645 646 647 648 649 650 651 652 653 654 655 656 657 658 659 660 661 662 663 664 665 666 667 668 669 671 672 673 674 675 676 677 678 679 680 681 684 685 686 687 688 689 690 691 692 693 694 695 696 697 698 699 700 701 702 703 704 705 706 707 708 709 710 711 712 713 714 715 717 718 720 721 722 723 724 725 726 727 728 729 730 731 733 734 735 736 737 738 739 740 741 742 746 747 748 749 752 753 756 757 759 760 761 762 763 764 765 770 771 772 773 774 775 776 777 778 779 780 781 784 0
1 13 14 15 16 17 18 19 20 21 22 23 24 25 27 28 29 30 31 32 33 34 35 36 37 39 40 41 42 43 44 45 46 47 48 49 50 51 54 55 56 57 58 59 60 61 62 63 64 65 66 67 68 71 72 73 74 75 77 78 79 80 81 82 85 86 87 88 89 90 91 92 93 94 95 99 100 101 102 103 104 105 106 107 108 109 110 111 113 114 115 116 117 118 119 120 121 122 123 124 125 126 127 128 129 130 132 133 134 135 136 137 138 139 140 141 142 145 146 147 148 149 150 151 152 153 154 155 156 157 158 159 160 162 163 164 165 166 167 169 170 171 172 173 174 175 176 177 183 184 185 186 187 188 189 190 191 192 193 194 195 196 197 198 199 200 201 202 206 207 208 209 210 211 212 213 214 215 216 217 219 220 221 222 224 226 227 228 229 230 231 233 234 236 237 238 240 241 242 243 244 245 246 247 248 249 250 251 252 254 255 256 257 258 259 261 263 264 265 266 268 269 270 271 272 273 274 275 276 277 278 280 282 283 284 285 286 287 288 289 290 291 292 294 296 297 299 300 301 302 303 304 305 306 307 308 310 311 312 313 314 315 316 317 318 319 320 321 322 326 327 329 330 331 332 333 334 335 336 338 343 344 345 347 348 349 350 352 353 355 356 357 358 360 361 363 364 366 367 369 370 371 372 373 378 379 380 381 382 383 384 385 386 387 388 389 390 391 392 393 394 395 396 397 398 399 400 401 402 403 404 405 406 407 411 412 413 414 415 416 418 420 421 422 423 424 430 431 432 433 434 435 438 439 441 442 444 445 447 449 450 451 453 455 456 457 458 459 460 461 462 463 464 465 466 468 469 471 472 473 475 477 478 479 480 482 483 484 485 486 487 489 491 492 493 494 495 496 497 498 499 500 501 505 507 508 509 511 512 513 514 515 517 519 520 521 522 523 524 525 526 527 528 530 531 532 533 534 535 536 538 539 540 541 543 544 545 548 550 551 552 553 555 556 557 558 559 560 561 562 563 564 565 566 567 568 570 571 572 573 576 577 579 580 581 582 583 584 585 586 587 589 590 591 592 593 594 595 596 597 598 599 600 601 602 603 605 606 607 608 609 610 611 613 615 616 617 618 619 620 621 622 623 624 625 626 627 628 629 630 631 632 633 634 639 640 641 642 643 644 645 646 647 648 649 651 653 654 655 656 657 658 659 660 661 663 664 665 667 668 669 671 672 673 675 676 677 679 680 682 685 686 689 690 691 692 693 694 695 696 699 700 703 704 705 706 707 708 709 710 711 712 713 714 716 717 718 719 720 721 722 723 724 725 726 727 728 729 730 731 733 734 735 736 737 738 740 741 742 744 745 746 747 748 749 752 753 754 755 756 758 759 760 761 762 765 766 767 768 769 770 772 773 774 775 776 777 778 784 0
1 2 3 4 5 6 7 8 9 10 11 12 13 14 15 16 17 18 19 20 21 22 23 24 25 26 27 28 29 30 31 32 33 34 36 37 38 39 40 41 42 43 46 47 48 50 55 56 57 58 59 60 61 62 63 64 65 66 67 68 69 70 71 72 73 74 75 76 81 82 83 84 85 87 93 94 95 96 97 99 100 105 106 107 108 109 110 112 113 114 116 117 118 119 120 121 122 123 124 125 126 127 128 129 130 131 132 133 135 136 137 138 140 142 143 144 146 147 152 153 154 155 156 159 160 161 162 163 164 165 166 167 168 170 171 172 175 177 178 179 180 185 186 187 190 191 193 197 198 199 200 202 203 204 207 208 209 210 211 212 213 214 215 216 217 218 219 220 221 222 223 224 225 226 227 228 229 230 231 233 234 235 236 237 238 241 242 243 245 246 247 249 251 252 253 255 256 258 259 260 261 262 263 264 267 268 269 270 271 273 275 276 277 278 279 280 281 282 283 284 285 287 289 290 291 293 295 296 299 300 301 302 303 305 306 307 308 309 310 312 313 314 315 317 319 320 321 322 323 324 325 326 327 328 330 331 333 334 336 337 339 341 344 345 347 348 349 350 351 352 353 355 356 357 358 359 360 361 362 363 364 365 366 367 368 369 370 371 372 374 375 376 377 380 381 382 383 386 388 389 390 391 392 0
1 4 7 8 10 11 12 13 14 15 18 19 20 21 22 23 24 25 26 27 28 29 30 35 36 38 39 40 41 42 45 46 47 48 49 50 53 54 55 56 57 58 61 62 63 64 65 66 68 69 70 71 72 73 74 76 78 79 80 81 82 83 84 87 89 90 91 92 93 94 95 96 97 99 100 101 103 104 105 106 107 108 109 110 111 112 113 114 116 117 118 119 120 122 123 124 125 127 128 129 130 131 134 137 141 143 144 145 147 148 149 150 151 152 153 154 155 156 157 159 160 161 163 164 165 166 167 168 171 172 173 174 175 176 177 178 179 182 183 186 187 188 189 190 191 192 194 195 197 198 199 200 201 202 204 205 206 208 210 211 212 213 214 215 217 218 219 220 221 222 223 224 227 228 229 230 232 234 235 236 237 239 240 241 242 243 244 246 247 248 249 250 251 252 253 254 255 256 258 259 260 261 262 263 264 265 266 268 269 273 275 276 277 278 279 280 281 283 284 285 286 287 288 289 291 292 293 294 295 296 298 300 301 302 304 305 306 307 308 310 311 312 313 314 316 317 318 319 320 323 325 326 327 328 331 332 333 334 336 339 340 341 343 344 345 346 348 349 350 351 352 357 358 359 362 364 366 367 368 370 371 372 373 374 375 376 377 378 379 380 381 382 383 385 387 388 389 390 391 392 0
1 2 3 5 6 7 8 9 10 12 13 14 15 16 17 18 19 20 21 24 28 29 30 32 33 35 36 37 38 40 43 44 45 46 47 48 49 50 51 52 53 54 55 56 57 61 62 63 64 66 67 68 69 72 73 74 75 76 77 78 83 84 85 89 90 91 92 93 98 100 102 103 104 105 106 108 109 112 114 115 116 117 118 122 123 126 127 130 131 132 137 138 140 141 142 143 0
2 3 5 7 8 9 10 13 15 16 17 18 23 26 28 0

11
1 2 3 4 5 6 7 8 9 10 11 12 13 14 15 16 17 18 19 20 21 22 23 24 25 26 27 28 29 30 31 32 33 34 35 36 37 38 39 40 41 42 43 44 45 46 47 48 49 50 51 52 53 54 55 56 57 58 59 60 61 62 63 64 65 66 67 68 69 70 71 72 73 74 75 76 77 78 79 80 81 82 83 84 85 86 87 88 89 90 91 92 93 95 96 97 98 99 100 101 102 103 104 105 106 107 108 109 110 111 112 113 114 115 116 117 118 119 121 122 123 124 125 126 127 128 129 130 131 132 133 134 135 136 137 138 139 140 141 142 143 144 145 146 147 148 149 150 151 152 153 154 155 156 157 158 159 160 161 162 163 164 165 166 167 168 169 170 171 172 173 174 175 176 177 178 179 180 181 182 183 184 185 186 187 188 189 190 191 192 193 194 195 196 197 198 199 200 201 202 203 204 205 206 207 208 209 210 211 212 213 214 215 216 217 218 219 220 221 222 223 224 225 226 227 228 230 231 232 233 234 235 237 238 239 240 241 242 243 244 245 246 247 248 249 250 251 252 253 254 255 256 257 258 259 260 261 262 263 264 265 266 267 268 269 270 271 274 275 276 277 278 279 280 281 282 283 284 286 287 288 289 290 291 292 293 294 295 296 297 298 299 300 301 302 303 304 305 306 307 308 309 310 311 312 313 314 315 316 317 318 319 320 321 322 323 324 325 327 328 329 330 331 332 333 334 335 336 337 338 339 340 341 342 343 344 345 346 347 348 349 350 351 352 353 354 355 356 357 358 359 360 361 362 363 364 365 366 367 368 369 370 371 372 373 374 375 376 377 378 379 380 381 382 383 384 385 386 387 388 389 390 391 392 393 394 395 396 397 398 399 400 401 402 403 404 405 406 407 408 409 410 411 412 413 414 415 416 417 418 419 420 421 422 423 424 425 426 427 428 429 430 431 432 433 434 435 436 437 438 439 440 441 442 443 444 445 446 447 448 449 450 451 452 453 454 455 456 457 458 459 460 461 462 463 464 465 466 467 468 469 470 471 472 473 474 475 476 477 478 479 480 481 482 483 484 485 486 487 488 489 490 491 492 493 494 495 496 497 498 499 500 501 502 503 504 505 506 507 508 509 510 511 512 513 514 515 516 517 518 519 520 521 522 523 524 525 526 527 528 529 530 531 532 533 534 535 536 537 538 539 540 541 543 544 545 546 547 548 549 550 551 552 553 554 555 556 557 558 559 560 561 562 563 564 566 567 568 569 570 571 572 573 574 575 576 577 578 579 580 581 582 583 584 585 586 587 588 589 590 591 592 593 596 597 600 601 602 603 604 605 606 607 608 609 610 611 612 613 614 615 616 617 618 619 620 621 622 623 624 625 626 627 628 629 630 631 635 636 637 638 639 640 642 643 644 645 646 647 650 652 653 654 655 656 657 658 662 663 664 665 666 667 668 670 673 675 677 678 679 680 681 682 683 684 686 687 688 689 690 691 692 693 694 695 696 697 698 699 700 701 703 704 705 706 707 708 709 710 711 712 714 715 716 717 718 719 720 721 722 723 724 725 726 727 728 729 730 731 732 733 734 735 736 737 739 740 741 742 743 744 745 746 747 748 749 750 751 752 753 754 755 756 757 758 759 760 761 762 763 764 765 766 769 770 779 784 0
1 7 8 9 14 15 16 17 18 19 20 21 22 23 24 25 26 27 28 29 30 31 32 33 34 35 36 37 38 39 40 41 42 43 44 45 46 47 49 50 51 52 54 55 56 57 58 59 64 65 66 67 68 69 71 76 77 78 79 80 81 85 86 87 89 91 92 93 94 95 99 100 101 102 103 104 105 106 107 108 109 110 113 115 116 117 120 121 122 123 124 125 127 128 129 130 131 132 133 134 135 136 137 138 139 141 142 143 144 145 146 147 148 149 150 151 152 153 155 156 157 158 159 160 161 162 163 166 167 168 169 170 173 174 175 176 177 180 181 182 183 184 185 186 187 188 190 191 192 193 194 195 196 197 198 199 200 201 202 203 206 207 208 209 210 211 212 213 214 215 216 218 219 221 222 223 224 225 226 227 228 229 230 231 232 233 235 236 237 238 240 242 243 244 245 246 247 248 250 251 252 254 255 258 259 260 261 262 263 265 266 268 269 272 273 274 275 276 277 278 280 285 286 287 288 289 290 291 294 300 301 302 303 304 305 308 310 311 312 315 316 317 318 319 320 322 325 326 327 328 329 330 331 332 333 334 335 336 339 340 341 342 343 344 345 346 347 348 349 350 352 354 355 356 357 358 359 360 362 363 364 366 369 370 371 372 373 376 377 378 379 380 381 382 383 384 385 386 387 388 389 390 391 392 393 394 395 396 397 398 399 400 401 402 403 404 405 406 407 410 412 413 414 415 417 418 419 420 421 426 427 428 429 430 431 433 434 435 436 437 438 439 440 441 442 443 444 445 446 447 450 451 455 456 457 458 459 460 461 463 464 465 466 467 468 469 470 471 472 473 474 475 477 481 482 483 484 485 486 487 488 489 491 492 494 495 496 497 498 499 500 501 503 506 507 508 509 510 511 512 513 514 517 519 520 521 523 524 525 526 527 528 529 530 532 533 534 535 536 537 538 539 540 541 542 543 546 547 548 549 550 551 552 553 554 555 556 557 558 559 561 563 564 565 566 567 568 569 570 571 572 573 574 575 576 577 578 579 580 581 582 583 584 585 586 587 589 590 591 592 593 594 595 596 597 598 599 600 601 602 603 604 605 609 610 614 615 616 617 620 621 622 624 625 627 630 631 632 633 634 635 636 637 638 639 640 641 642 643 644 646 647 648 649 650 651 652 653 656 657 658 660 661 664 665 666 667 668 670 671 672 674 675 676 677 678 679 680 681 685 686 688 689 690 691 692 693 694 695 699 700 703 704 705 706 707 708 709 710 712 713 714 717 718 719 721 722 723 724 726 727 728 730 731 732 733 734 735 736 737 738 740 741 742 744 745 746 747 748 749 750 751 752 756 757 759 760 761 762 763 764 765 767 768 769 770 771 777 778 783 784 0
1 2 3 4 5 6 7 8 10 11 12 14 15 16 17 18 19 20 22 23 24 25 26 27 29 31 33 34 36 37 38 39 40 41 42 43 44 45 46 47 50 52 53 54 59 60 61 62 64 67 68 69 73 74 75 76 78 79 80 81 82 83 86 87 88 89 90 91 92 93 94 95 96 97 99 100 102 103 104 105 106 107 108 109 110 111 112 114 115 116 117 118 119 121 122 123 124 125 126 128 129 130 131 132 133 134 135 136 137 138 139 140 141 142 143 144 145 147 150 151 152 153 154 157 158 159 160 164 165 166 171 172 173 177 179 180 182 184 185 186 187 188 189 190 191 192 197 198 199 200 201 203 204 205 206 208 209 212 213 214 215 216 217 219 220 221 222 223 224 227 229 230 231 232 233 234 235 236 237 240 241 242 243 244 245 246 248 249 250 251 252 253 254 255 256 257 258 261 262 263 264 265 267 269 270 272 273 274 275 276 277 278 279 280 282 283 284 286 287 289 290 291 292 295 296 297 298 299 300 301 303 305 306 307 308 311 312 313 314 319 320 321 324 325 326 327 328 331 332 334 335 336 337 338 339 340 341 342 344 346 347 348 349 350 352 353 354 355 356 359 360 361 362 363 366 367 368 369 370 372 373 374 375 376 377 379 380 381 382 383 384 386 387 388 389 390 391 392 0
1 2 4 5 7 8 9 10 11 13 14 16 17 18 19 20 22 23 24 25 26 27 29 30 31 32 33 34 35 36 37 38 39 42 44 45 46 47 48 49 50 51 52 53 54 55 56 58 59 60 62 63 64 65 69 70 72 73 74 75 77 78 79 80 81 82 84 85 86 87 88 89 90 91 92 93 94 97 98 99 100 103 104 105 106 110 111 112 116 118 119 120 123 124 125 126 127 129 130 131 132 133 134 137 138 139 140 141 142 143 144 145 146 147 149 150 151 152 153 155 156 157 158 159 160 161 163 164 166 168 170 171 172 174 175 176 177 178 179 180 181 182 183 184 185 186 188 189 190 191 192 193 194 195 196 197 198 199 200 201 202 203 204 206 207 208 209 212 213 214 215 216 218 220 222 223 225 226 227 228 229 230 232 233 234 235 236 237 238 239 240 241 242 243 244 246 250 252 253 254 255 256 257 258 259 260 261 262 263 264 265 266 267 269 270 271 272 273 274 275 276 277 278 279 280 281 282 283 284 287 288 289 290 291 292 293 294 295 296 297 298 300 301 302 303 304 305 306 307 308 309 311 312 313 314 315 318 319 320 321 322 324 326 327 328 329 331 333 334 336 337 338 339 340 341 342 343 344 345 346 347 348 349 350 351 352 354 355 356 357 358 359 360 361 362 363 364 365 366 367 368 369 370 371 372 373 374 375 376 377 378 379 380 381 382 383 384 385 386 387 389 390 391 392 0
2 3 5 6 8 9 10 11 12 13 14 15 17 18 19 20 21 22 26 27 28 29 30 33 34 35 36 37 39 40 41 42 43 44 45 47 48 49 50 51 56 57 58 60 61 62 63 64 65 66 67 68 69 70 71 72 73 74 76 77 78 79 80 81 82 83 84 85 87 88 89 90 92 93 94 95 98 99 100 102 103 104 105 106 107 108 110 111 113 114 117 119 120 122 123 124 126 127 129 131 132 133 134 135 136 137 139 140 142 143 144 0
1 3 5 6 12 14 16 20 23 26 27 28 30 31 0

12
1 2 3 4 5 6 7 8 9 10 11 12 13 14 15 16 17 18 19 20 21 22 23 24 25 26 27 28 29 30 31 32 33 34 35 36 37 38 39 40 41 42 43 44 45 46 47 48 49 50 51 52 53 54 55 56 57 58 59 60 61 62 63 64 65 66 67 68 69 70 71 72 73 74 75 76 77 78 79 80 81 82 83 84 85 86 87 88 89 90 91 92 93 94 95 96 97 98 99 100 101 102 103 104 105 106 107 108 109 110 111 112 113 114 115 119 120 121 122 123 124 125 126 127 128 129 130 131 132 133 135 136 137 138 139 140 141 142 143 144 145 146 148 149 150 151 152 153 154 155 156 157 158 159 160 161 162 163 164 165 166 167 168 169 170 171 172 173 174 175 176 177 178 179 180 181 182 183 184 185 186 187 188 189 190 191 192 193 194 195 196 197 198 199 200 201 202 203 204 205 206 207 208 209 210 211 212 213 214 215 216 217 218 219 220 221 222 223 224 225 226 227 228 229 230 231 232 233 234 235 236 237 238 239 240 241 242 243 244 245 246 247 248 249 250 251 253 254 255 256 257 258 259 261 262 263 264 265 266 267 268 269 270 271 272 273 274 275 276 277 278 279 280 281 282 283 284 285 287 288 289 290 291 292 293 294 295 296 297 298 300 301 302 303 304 305 306 307 308 309 310 311 312 313 314 315 316 317 318 319 320 321 322 323 324 325 326 327 329 330 331 332 333 334 335 336 337 338 339 340 341 342 343 344 345 346 347 348 349 350 351 352 353 354 355 356 357 358 359 360 361 362 363 364 365 366 367 368 369 370 371 372 373 374 375 376 377 378 379 380 381 382 383 384 385 386 387 388 389 390 391 392 393 394 395 396 397 398 399 400 401 402 403 404 405 406 407 408 409 410 411 412 413 414 415 416 417 418 419 420 421 422 423 424 425 426 427 428 429 430 431 432 433 434 435 436 437 438 439 440 441 442 443 444 445 446 447 448 449 450 451 452 453 454 455 456 457 458 459 460 461 462 463 464 465 466 467 468 469 470 471 472 473 474 475 476 477 478 479 480 481 482 483 484 485 486 487 488 489 490 491 492 493 494 495 496 497 498 499 500 501 502 503 504 505 506 507 508 509 510 512 513 514 515 516 517 518 519 520 521 523 525 526 527 528 529 530 531 532 533 534 535 536 537 538 539 540 541 542 543 544 545 546 547 548 549 550 551 552 553 554 555 556 557 558 559 560 561 562 563 564 565 566 567 568 569 570 571 572 573 574 575 576 577 578 579 580 581 582 583 584 585 586 587 588 595 596 597 598 599 600 603 604 606 607 608 609 612 613 614 615 616 619 620 625 626 627 628 629 630 631 632 634 635 637 638 639 640 641 642 643 644 645 646 647 648 649 650 651 652 653 654 655 656 657 658 659 660 661 662 663 664 665 666 667 668 669 670 673 674 676 678 679 680 681 682 684 685 686 687 688 689 690 691 692 693 694 695 696 697 698 699 700 701 702 703 704 705 706 707 708 710 711 712 713 714 715 716 717 718 719 720 721 722 723 724 725 726 727 728 729 731 732 733 734 735 736 737 738 739 740 741 742 743 744 745 746 747 748 749 750 751 752 753 754 755 756 757 759 760 761 762 763 764 765 766 767 768 769 770 771 772 773 774 775 776 777 778 780 781 782 783 784 0
1 14 15 21 22 23 24 25 26 27 28 29 30 31 32 35 36 37 38 39 40 41 42 43 44 46 47 48 49 50 51 52 53 54 55 56 57 60 61 62 63 64 65 66 68 69 70 71 72 74 75 79 80 84 85 86 87 88 89 90 91 92 99 100 101 103 105 106 107 108 109 113 114 115 116 117 118 119 120 121 122 123 124 125 127 128 129 130 131 132 133 134 135 136 137 138 139 140 141 142 143 144 145 146 147 148 149 150 151 152 153 154 155 156 157 158 159 160 161 162 163 164 165 166 167 168 169 171 172 173 174 175 176 177 178 179 180 181 182 183 184 185 186 187 188 189 190 191 192 193 194 195 196 198 202 203 204 205 206 207 208 209 210 216 217 218 219 220 221 222 223 224 232 233 234 235 236 238 245 246 247 248 249 250 251 252 254 257 258 259 261 262 263 264 265 266 268 269 270 271 272 273 274 275 276 277 278 279 280 282 283 284 285 286 287 288 289 290 291 294 296 297 298 299 300 301 302 303 308 310 312 313 314 315 316 317 318 319 320 321 322 324 325 326 327 328 329 330 331 332 333 334 335 336 338 340 341 342 343 344 345 346 347 348 349 350 352 355 356 357 358 359 360 361 362 363 364 369 370 371 372 373 374 375 376 377 378 379 380 381 382 383 384 385 386 387 388 389 390 391 392 393 394 395 396 397 398 399 400 401 402 403 404 405 406 408 409 410 411 412 413 414 415 416 417 418 419 421 422 423 424 425 426 427 429 430 431 432 434 435 440 443 444 445 446 447 449 450 451 452 453 455 456 457 458 459 460 461 462 463 464 465 466 468 469 470 471 472 473 474 475 476 477 481 482 483 484 485 486 487 488 489 491 492 493 495 496 499 500 501 502 503 505 507 508 509 511 512 513 514 517 519 520 521 522 523 524 526 527 532 533 534 535 537 538 539 540 541 543 544 545 546 547 548 549 550 551 552 553 554 555 556 557 558 559 561 562 566 567 568 569 570 571 572 573 574 575 576 577 578 579 580 581 582 583 584 585 586 587 589 590 591 592 593 594 595 596 597 598 599 600 601 602 604 605 606 607 608 609 610 611 613 614 615 616 618 619 620 621 622 623 624 625 626 627 628 629 630 632 633 634 635 636 638 640 641 642 643 644 646 647 648 649 650 652 653 654 655 656 657 658 660 661 662 664 666 667 668 669 670 671 672 674 675 676 677 679 680 681 682 683 686 689 690 691 692 693 694 695 697 698 699 700 703 704 705 706 707 708 709 710 711 712 713 714 716 717 718 719 720 721 722 723 724 725 726 727 728 730 731 732 733 734 735 736 737 740 741 742 744 745 746 748 749 750 752 753 754 755 756 758 759 765 766 767 768 769 770 777 778 779 780 781 782 783 784 0
1 2 3 4 5 6 7 8 9 10 11 13 14 15 16 18 19 20 21 22 23 24 25 26 27 28 29 30 31 32 33 34 36 37 38 39 40 41 42 43 45 47 48 49 57 61 62 63 67 68 69 70 71 72 73 74 75 78 79 80 81 82 83 85 86 87 88 90 91 92 95 96 97 98 99 100 101 102 103 104 105 109 110 111 112 115 116 117 118 119 122 123 124 125 126 128 129 130 131 132 133 134 135 136 137 138 139 140 141 142 145 146 147 153 154 160 161 165 166 167 168 171 172 177 178 179 183 184 186 187 188 189 190 191 192 193 194 195 197 200 201 202 203 205 207 208 209 210 212 214 215 216 217 219 220 221 222 225 226 227 228 229 231 232 233 234 235 236 237 238 240 241 242 243 244 245 246 247 248 249 250 251 252 254 255 256 257 258 259 261 262 263 264 265 268 269 270 271 272 273 274 275 276 277 278 280 281 282 283 284 285 286 287 289 290 292 293 294 300 301 307 308 311 312 313 314 315 319 320 323 325 326 327 328 331 332 333 334 335 336 337 339 341 342 343 347 348 349 350 352 354 355 356 357 360 361 362 363 364 366 367 368 369 370 371 372 373 374 375 376 380 381 382 383 386 388 389 390 391 392 0
5 6 7 8 9 11 12 13 14 15 17 18 19 21 22 25 28 29 30 31 32 33 34 35 36 38 39 40 41 42 43 44 45 46 47 48 49 50 51 52 53 54 55 56 57 59 60 61 62 63 64 65 67 68 69 70 71 72 73 74 75 76 77 78 79 80 81 82 84 85 86 87 89 90 91 93 94 95 96 97 98 102 103 104 105 107 108 110 111 112 116 119 120 125 126 127 131 134 136 137 138 139 141 142 143 145 146 147 149 150 152 153 156 158 159 160 161 165 166 167 168 169 171 174 175 176 177 178 179 180 181 182 183 184 185 186 187 189 190 191 192 193 194 195 198 200 201 204 205 206 207 208 209 210 212 213 214 215 216 217 218 219 220 221 222 223 226 227 228 229 230 232 234 235 236 237 238 240 241 242 243 246 247 252 253 256 257 258 259 260 261 262 263 264 265 266 268 269 271 272 273 274 275 276 277 280 282 283 284 285 287 288 289 290 291 292 293 294 296 298 299 300 301 302 304 305 307 312 313 314 315 319 320 326 327 328 329 332 333 334 336 338 339 340 341 343 344 345 346 347 348 349 350 351 353 356 357 358 359 360 361 362 363 364 365 366 367 369 370 371 372 373 374 375 376 377 378 379 381 382 383 384 385 386 387 388 390 392 0
1 2 4 5 7 8 10 11 12 13 14 15 17 18 19 21 22 23 24 25 27 28 34 35 36 39 40 41 43 44 45 47 48 49 50 51 52 53 55 56 61 63 65 68 69 70 71 72 73 74 77 78 79 80 82 83 84 85 86 89 90 95 96 97 98 100 101 102 104 106 107 108 111 113 114 116 117 118 120 121 122 123 124 125 126 127 128 129 130 131 132 133 134 135 140 141 142 144 0
1 2 3 4 7 8 9 11 13 14 16 22 23 25 0

13
1 2 3 4 5 6 7 8 9 10 11 12 13 14 15 16 17 18 19 20 21 22 23 24 25 26 27 28 29 30 31 32 33 35 36 37 38 39 40 41 42 43 44 45 46 47 48 49 50 51 52 53 54 55 56 57 60 61 62 63 64 65 66 67 68 69 70 71 72 73 74 75 76 77 78 79 80 81 82 83 84 85 86 87 88 89 90 91 92 93 94 95 96 97 98 99 100 101 102 103 104 105 106 107 108 109 110 111 112 113 114 115 116 117 118 119 120 121 122 123 124 125 126 127 128 129 130 131 132 133 134 135 136 137 139 140 141 142 143 145 146 147 148 149 150 151 152 153 154 155 156 157 158 159 160 161 162 163 164 165 166 167 168 169 170 171 172 173 174 175 176 177 178 179 180 181 182 183 184 185 186 187 188 189 190 191 192 193 194 195 196 197 198 199 200 201 202 203 204 205 206 207 208 209 210 211 212 213 214 215 216 217 218 219 220 221 222 223 224 225 226 227 228 229 230 231 232 233 235 236 237 238 239 240 241 242 243 244 245 246 247 248 249 250 251 252 253 254 255 256 257 258 259 260 261 262 263 264 265 266 267 268 269 270 271 272 274 275 276 277 278 279 280 281 282 283 284 286 287 288 289 290 291 292 293 294 295 296 297 298 299 300 301 302 303 304 305 307 308 309 310 311 312 313 314 315 316 317 318 319 320 321 322 323 324 325 326 327 329 330 331 332 333 334 335 336 337 338 339 340 341 342 343 344 345 346 347 348 349 350 351 352 353 354 355 356 357 358 359 360 361 362 363 364 365 366 367 368 369 370 371 372 373 374 375 376 377 378 379 380 381 382 383 384 385 386 387 388 389 390 391 392 393 394 395 396 397 398 399 400 401 402 403 404 405 406 407 408 409 410 411 412 413 414 415 416 417 418 419 420 421 422 423 424 425 428 429 430 431 432 433 434 435 436 437 438 439 440 441 442 443 444 445 446 447 448 449 450 451 452 453 454 455 456 457 458 459 460 461 462 463 464 465 466 467 468 469 470 471 472 473 474 475 476 477 478 479 480 481 482 483 484 485 486 487 488 489 490 491 492 493 494 496 497 498 499 500 501 502 503 504 505 506 507 508 509 510 512 513 514 515 516 517 518 519 520 521 522 523 524 525 526 527 528 529 530 531 532 533 534 535 536 537 538 539 540 541 542 543 544 545 546 547 548 549 550 551 552 553 554 555 556 557 558 559 560 561 562 563 564 565 566 567 568 569 570 571 572 573 574 575 576 577 578 579 580 581 582 583 584 585 586 587 588 589 598 599 600 601 603 604 605 606 607 608 609 610 611 612 613 614 616 617 619 620 621 622 623 624 627 628 629 630 631 632 633 634 635 636 637 638 639 640 641 642 643 644 646 647 648 649 650 651 652 653 654 655 656 659 660 661 662 663 664 665 666 667 668 673 677 678 679 680 681 682 684 686 687 688 689 691 692 693 695 696 697 698 699 701 702 703 704 705 706 707 708 709 710 711 712 713 715 716 717 718 719 720 721 723 724 725 726 727 728 729 730 731 732 733 734 735 736 737 738 739 740 741 742 746 747 748 749 750 751 752 753 754 755 756 757 759 760 761 762 763 764 765 766 767 768 769 770 771 776 777 778 779 780 781 782 783 784 0
1 14 15 16 17 18 19 20 21 22 23 24 25 26 27 28 29 30 31 32 33 34 35 36 37 39 40 41 42 43 44 45 46 47 48 49 50 51 52 54 55 56 57 58 59 60 61 62 63 64 65 66 67 68 69 71 75 76 77 78 79 80 82 85 89 90 91 92 93 94 95 99 100 103 104 105 107 108 109 110 113 114 119 120 121 122 123 124 125 127 128 129 130 131 132 133 134 135 136 137 138 139 141 142 144 145 146 147 148 149 150 151 152 155 156 157 158 159 160 161 162 163 164 165 167 169 172 173 174 175 176 177 178 179 180 181 182 183 184 185 186 187 188 189 190 191 192 193 194 195 196 198 201 205 206 207 208 209 210 211 212 213 215 216 217 218 219 221 222 223 224 226 228 229 230 231 232 233 235 236 237 238 239 240 241 242 243 244 245 246 247 248 249 250 251 252 253 254 255 256 257 258 259 260 261 262 263 264 266 267 269 270 274 275 276 277 280 285 286 287 288 289 290 291 294 300 301 302 303 304 305 306 308 310 311 315 316 317 318 319 320 322 324 325 326 328 329 332 333 334 335 336 338 340 341 342 343 344 345 346 347 348 349 350 353 354 355 356 357 358 359 360 361 362 363 364 369 370 371 372 373 374 375 377 378 379 380 381 382 383 384 385 386 387 388 389 390 391 392 393 394 395 396 397 398 399 400 401 402 403 404 405 406 408 409 410 411 412 413 414 415 416 417 418 419 421 422 424 425 426 427 428 429 430 431 434 435 436 437 438 439 440 441 442 443 444 445 446 447 449 450 451 452 453 454 455 456 457 458 459 460 461 463 464 465 466 467 468 469 470 471 472 474 475 477 478 479 480 481 482 483 484 485 486 487 488 489 491 493 494 495 496 497 498 499 500 501 502 503 505 506 509 510 511 512 513 514 515 516 519 521 522 523 524 525 526 527 528 529 530 531 533 536 537 538 540 541 542 543 544 545 548 549 550 551 552 553 554 555 557 558 560 561 562 565 566 567 568 569 570 571 572 573 575 576 577 579 580 581 582 583 584 585 586 587 588 589 590 591 592 593 594 595 596 597 598 599 600 601 602 604 605 606 612 614 615 616 617 618 619 620 621 622 623 624 628 629 630 631 632 633 634 635 636 637 638 640 644 645 646 647 648 649 650 651 652 653 654 655 656 657 658 659 660 663 664 666 667 668 669 672 674 675 677 678 679 680 681 682 686 688 689 690 691 692 693 694 695 696 697 700 702 704 705 706 708 709 710 711 712 713 714 716 721 722 723 724 725 726 728 729 730 732 737 738 739 740 742 744 745 746 747 748 749 750 751 752 753 756 758 759 760 761 762 763 764 765 766 767 768 769 770 776 777 778 779 780 781 782 783 784 0
1 5 6 7 8 9 10 11 12 13 14 15 16 17 18 19 20 21 22 23 24 25 26 27 29 33 34 35 36 37 38 39 40 41 42 43 45 47 48 51 52 53 54 57 58 59 60 61 62 63 64 65 67 68 69 71 73 74 75 76 77 78 81 82 83 84 85 86 87 88 89 90 91 93 94 95 96 97 98 100 101 102 103 105 106 107 108 109 111 112 113 114 115 116 117 118 119 122 123 124 125 126 128 129 131 132 133 135 136 137 139 140 141 142 143 145 146 147 148 151 152 153 154 155 156 157 159 160 161 162 163 164 165 166 171 172 174 177 179 180 181 182 184 185 187 188 189 190 191 192 193 194 195 197 198 199 200 201 202 203 204 205 206 207 208 209 211 213 215 216 219 220 221 222 223 224 227 229 230 231 232 233 234 235 236 237 238 239 240 241 242 243 244 245 246 247 248 249 250 251 252 254 255 256 257 258 259 260 261 262 263 264 265 269 270 271 272 275 277 278 280 281 282 283 284 285 286 287 289 290 291 292 293 294 295 296 297 300 301 302 303 304 305 307 308 309 310 311 312 313 319 320 321 324 326 328 329 331 332 333 334 335 336 337 340 341 342 344 345 347 348 349 350 351 352 353 354 355 356 359 360 362 366 367 368 369 370 371 373 374 375 376 377 378 379 380 381 382 383 384 385 386 387 388 389 390 391 392 0
1 2 3 4 5 7 8 9 11 12 13 14 15 21 23 24 25 26 27 28 29 30 31 32 33 34 35 36 37 38 39 40 42 43 44 45 46 47 48 49 50 51 52 53 54 55 56 57 58 59 60 61 62 63 64 66 67 68 70 73 74 75 76 77 78 79 80 81 84 85 86 87 89 90 91 92 93 94 95 96 97 98 100 101 102 104 105 106 110 111 112 114 116 118 119 120 124 125 126 127 130 131 132 133 136 137 138 140 141 142 143 144 145 146 147 148 149 150 151 152 153 154 155 156 157 158 159 160 161 167 168 170 171 172 173 174 175 176 177 179 180 181 182 183 184 185 186 187 189 190 191 192 193 194 195 196 197 199 200 201 203 204 205 206 207 208 209 211 212 213 214 215 216 217 218 220 221 222 223 224 225 226 228 229 230 233 234 235 236 237 238 239 241 242 243 244 245 246 247 248 252 253 254 255 256 257 258 259 261 262 263 264 265 266 268 269 270 271 272 273 274 275 276 277 278 279 280 282 283 284 285 287 288 289 290 291 292 293 294 295 296 297 298 299 300 301 302 303 304 305 306 307 309 310 311 312 313 314 315 317 318 319 322 326 327 328 329 331 332 333 334 335 336 338 339 340 341 342 343 344 346 347 348 349 352 353 354 355 356 357 358 359 360 361 362 363 364 365 368 369 370 371 372 373 374 375 376 378 379 380 381 382 383 384 385 386 387 388 389 390 391 392 0
1 2 3 4 5 6 7 8 9 10 13 16 18 21 27 28 29 30 31 32 33 34 35 36 37 38 39 40 41 42 43 44 45 47 49 50 52 55 56 58 60 62 63 65 66 68 69 70 71 72 73 74 77 78 79 80 81 82 83 84 85 86 87 88 89 90 91 92 94 95 98 102 103 105 106 107 108 110 112 113 116 118 119 120 121 122 123 124 125 126 127 129 133 135 136 137 140 142 143 0
1 3 7 9 12 13 14 16 19 20 21 26 28 30 31 0

14
1 2 3 4 5 6 7 8 9 10 11 12 13 14 15 16 17 18 19 20 21 22 23 24 25 26 27 28 29 30 31 32 33 34 35 36 37 38 39 40 41 42 43 44 45 46 47 48 49 50 51 52 53 54 55 56 57 58 59 60 61 62 63 64 65 66 67 68 69 70 71 72 73 74 75 76 78 79 80 81 82 83 84 85 86 87 88 89 90 92 93 94 95 96 97 98 99 100 101 103 104 105 106 107 108 109 110 111 112 113 114 115 116 117 118 119 120 121 122 123 124 125 126 127 128 129 130 131 132 133 134 135 136 137 138 139 140 141 142 143 144 145 146 147 148 149 150 151 152 153 154 155 156 157 158 159 160 161 162 163 164 165 166 167 168 169 170 171 172 173 174 175 176 177 178 179 180 181 182 183 184 185 186 187 188 189 190 191 192 193 194 195 196 197 198 199 200 201 202 203 204 205 206 207 208 209 210 211 212 213 214 215 216 217 218 219 220 221 222 223 224 225 226 227 228 229 230 231 232 233 234 235 236 237 238 239 240 241 242 243 245 246 247 248 249 250 251 252 253 254 255 256 258 259 260 261 262 263 264 265 266 267 268 269 270 271 272 273 274 275 277 278 279 280 281 282 283 284 285 286 287 289 290 291 293 294 295 296 297 298 299 300 301 302 303 304 305 306 307 308 309 310 311 312 313 314 315 316 317 318 319 320 321 322 323 324 325 326 327 328 329 330 331 332 333 334 335 336 337 338 339 340 341 342 343 344 345 346 347 348 349 350 351 352 353 354 355 356 357 358 359 360 361 362 363 364 365 366 367 368 369 370 371 372 373 374 375 376 377 378 379 380 381 382 383 384 385 386 387 388 389 390 391 392 393 394 395 396 397 398 399 400 401 402 403 404 405 406 407 408 409 410 411 412 413 414 415 416 417 418 419 420 421 422 423 424 425 426 427 428 429 430 431 432 433 434 435 436 437 438 439 440 441 442 443 444 445 446 447 448 449 450 451 452 453 454 455 456 457 458 459 460 461 462 463 464 465 466 467 468 469 470 471 472 473 474 475 476 477 478 479 480 481 482 483 484 485 486 487 488 489 490 491 492 493 494 495 496 497 498 499 500 501 502 503 504 505 506 507 508 509 510 511 512 513 514 515 516 517 518 519 520 521 522 523 524 525 526 527 528 529 530 531 532 533 534 535 536 537 538 539 540 541 542 543 544 545 546 547 548 549 550 551 552 553 554 555 556 557 558 559 560 561 562 563 564 565 566 567 568 569 570 571 572 573 574 575 576 577 578 579 580 581 582 583 584 585 586 587 588 589 590 591 592 593 596 597 598 599 600 601 602 603 604 605 606 607 609 610 611 612 613 614 615 616 617 618 622 623 624 625 626 629 630 631 632 633 634 635 636 637 638 640 641 645 646 647 649 650 651 652 653 655 656 657 658 659 660 661 662 663 664 665 666 667 668 669 671 672 673 674 675 676 677 678 679 680 681 682 683 684 685 686 687 688 689 690 691 692 693 694 695 696 697 698 699 700 701 702 703 704 705 706 707 708 709 710 711 712 713 714 715 716 717 718 719 720 721 722 724 725 726 727 728 729 730 731 732 733 734 735 736 737 738 739 740 741 742 743 747 748 749 750 751 752 753 754 755 756 757 758 759 764 765 774 775 776 777 778 779 780 781 782 783 784 0
1 2 3 7 8 9 10 11 12 13 14 15 16 17 18 19 20 21 22 23 24 25 26 27 28 29 30 31 32 33 35 36 37 38 39 40 41 43 44 45 46 49 50 51 57 58 59 61 62 63 64 65 66 67 71 72 73 74 75 76 77 78 79 80 81 85 86 87 89 90 91 92 93 94 95 96 99 100 102 103 104 105 106 107 108 109 110 113 114 115 116 117 118 119 120 121 123 124 125 126 127 128 129 130 131 132 133 134 135 136 137 138 139 140 141 142 143 144 145 146 147 148 149 150 151 152 153 154 155 156 157 158 159 160 161 162 163 164 165 166 167 169 170 176 177 178 179 180 183 184 185 186 187 188 189 190 191 192 193 194 195 196 197 198 199 200 201 202 203 204 205 207 208 209 210 211 212 213 214 215 216 217 219 220 222 223 224 226 227 228 229 230 232 233 234 235 237 238 240 241 242 243 245 246 247 248 252 253 254 255 256 257 259 260 261 262 266 267 268 269 270 271 272 273 274 275 276 277 280 281 282 283 284 286 287 288 289 290 291 292 294 295 296 297 298 299 300 301 302 303 304 305 306 307 308 309 310 313 314 315 316 317 318 319 320 321 322 324 326 327 328 329 330 331 332 333 334 335 336 338 340 341 342 343 344 345 346 347 348 349 350 352 355 356 357 358 359 361 362 363 364 372 373 374 375 378 379 380 381 382 383 384 385 386 387 388 389 390 391 392 393 394 395 396 397 398 399 400 401 402 403 404 405 406 407 408 409 410 411 412 413 414 415 416 417 418 419 420 421 422 423 424 426 427 428 429 431 432 433 434 436 437 438 439 440 441 442 443 444 445 446 447 449 452 454 455 456 457 458 459 460 461 463 464 465 466 467 468 469 470 472 473 474 475 477 479 482 484 485 486 487 488 491 492 494 495 496 497 498 499 500 502 504 505 506 507 508 509 510 511 512 515 516 518 519 523 524 525 526 527 528 529 531 532 534 535 536 537 538 539 540 542 543 544 545 547 548 550 551 552 553 554 555 557 558 559 561 562 563 564 567 568 569 570 571 572 573 575 576 577 578 579 580 581 582 583 584 585 586 587 589 590 591 592 593 594 595 596 597 598 599 600 601 602 603 604 606 610 611 612 613 616 617 620 623 624 625 626 628 630 632 633 636 637 638 639 642 643 644 645 646 647 648 650 651 653 658 659 660 663 664 665 666 667 668 672 673 674 675 676 677 678 679 681 682 685 686 687 689 690 691 692 693 694 695 696 697 698 699 700 701 702 703 704 705 706 707 708 709 710 711 713 714 715 716 717 718 719 720 721 722 723 724 725 726 728 729 730 731 732 733 734 735 736 737 738 739 741 742 744 745 746 747 748 749 750 751 752 753 754 755 756 757 758 759 760 761 762 763 764 765 766 767 768 769 770 784 0
1 2 3 4 5 6 7 8 9 10 11 12 13 14 15 16 17 18 19 20 22 23 24 25 26 28 29 30 31 32 33 34 35 36 38 39 40 41 42 43 45 46 47 50 53 54 55 59 60 61 62 64 65 66 67 68 69 73 74 75 76 77 78 79 80 81 82 83 84 86 87 88 89 91 92 96 97 99 100 101 102 103 104 105 106 107 108 109 110 111 112 113 115 116 117 119 120 121 123 125 126 127 128 129 130 131 132 133 134 135 136 137 138 139 140 142 144 147 148 150 151 152 153 154 155 157 158 159 162 163 164 165 169 170 171 172 173 174 175 177 178 179 180 181 182 184 185 186 187 190 197 198 199 200 201 202 203 206 207 208 209 212 213 214 215 216 218 219 220 221 222 223 224 225 226 227 228 229 230 232 233 234 235 236 237 238 241 242 243 246 247 249 250 251 252 253 254 256 257 258 260 261 262 263 264 265 266 267 268 269 272 274 275 276 277 278 279 280 282 283 284 285 289 290 291 293 294 295 297 298 299 300 301 302 303 305 306 307 309 310 311 312 313 316 317 318 319 320 321 323 324 325 326 327 328 329 331 332 334 335 336 337 344 346 347 348 349 350 351 352 353 354 355 358 359 360 362 363 364 365 366 367 368 369 370 371 372 373 374 375 376 377 378 381 382 383 386 387 388 389 390 391 392 0
1 2 3 4 6 7 8 9 10 11 15 16 17 18 19 20 21 22 23 24 25 26 27 28 29 30 32 33 34 35 36 37 38 39 40 41 42 45 46 47 48 49 51 52 53 54 55 56 57 58 59 60 61 63 64 65 66 68 69 70 71 72 74 75 76 77 78 79 80 81 82 83 85 86 87 88 90 91 92 94 95 96 97 99 100 101 102 103 104 105 106 107 108 110 111 112 113 116 117 118 119 120 122 123 124 125 126 127 129 130 131 133 137 138 139 141 142 143 144 145 147 148 149 150 151 153 154 155 156 157 158 161 162 163 164 165 166 167 168 169 170 171 172 173 174 175 176 177 179 180 182 183 184 185 186 187 188 189 190 191 192 193 194 195 196 197 198 199 200 201 204 205 206 207 208 210 211 212 215 216 218 219 220 221 222 223 224 225 228 230 231 232 233 234 235 237 239 240 244 246 247 248 249 250 251 252 253 257 258 259 260 262 263 265 266 267 268 269 270 271 273 275 276 277 278 279 280 281 282 283 284 285 287 288 290 291 292 293 294 295 296 297 301 303 305 306 308 309 310 311 312 313 314 315 316 317 319 320 321 322 323 326 327 328 330 331 332 333 334 336 339 340 341 342 343 344 345 346 347 348 349 350 351 352 353 354 355 356 357 358 359 361 364 365 366 367 368 369 370 371 372 373 374 375 376 377 378 379 380 381 382 383 384 385 386 387 388 389 390 391 392 0
1 3 4 7 8 9 10 13 14 15 16 17 18 19 20 21 22 23 24 25 27 28 29 31 32 33 34 35 37 41 42 43 44 45 46 47 48 49 50 53 54 55 56 57 58 60 62 63 64 66 67 71 72 73 77 78 82 83 86 87 88 89 91 92 93 94 95 97 98 99 100 102 104 105 106 107 108 109 110 111 112 113 115 116 117 120 122 123 124 125 130 131 132 135 136 137 138 140 142 143 144 0
1 2 4 6 9 10 13 18 21 22 23 24 25 26 27 28 31 0

15
1 2 3 4 5 6 7 8 9 10 11 12 13 14 15 16 17 18 19 20 21 22 23 24 25 26 27 28 29 30 31 32 33 34 35 36 37 38 39 40 41 42 43 44 45 46 47 49 51 52 53 54 55 56 57 58 59 60 61 62 63 64 65 66 67 68 69 70 71 72 73 74 75 76 77 78 79 80 81 82 83 84 85 86 87 88 89 90 91 92 93 94 95 96 97 98 99 100 101 102 103 104 105 106 107 108 109 110 111 112 113 114 115 116 117 118 119 120 121 122 123 124 125 126 127 128 129 130 131 132 133 134 135 136 137 138 139 140 141 142 143 144 145 146 147 148 149 150 151 152 153 154 155 156 157 158 159 160 161 162 163 164 165 166 167 168 169 170 171 172 173 174 176 177 178 179 180 181 182 183 184 185 186 187 188 189 190 191 192 193 194 195 196 197 198 199 200 201 202 203 204 205 206 207 208 209 210 211 212 213 214 215 216 217 218 219 220 221 222 223 224 225 226 227 228 229 230 231 232 233 234 235 236 237 238 239 240 241 242 243 244 245 246 247 248 249 250 251 252 253 254 255 256 257 258 259 260 262 263 264 265 266 267 268 269 270 271 272 273 274 275 276 277 278 279 280 281 282 283 284 285 286 287 288 289 290 291 292 293 294 295 296 297 298 299 300 301 302 303 304 305 306 307 308 309 310 311 312 313 314 315 316 317 318 319 320 321 322 323 324 325 326 327 328 329 330 331 332 333 334 335 336 337 338 339 340 341 342 343 344 345 346 347 348 349 350 351 352 353 354 355 356 357 358 359 360 361 362 363 364 365 366 367 368 369 370 371 372 373 374 375 376 377 378 379 380 381 382 383 384 385 386 387 388 389 390 391 392 393 394 395 396 397 398 399 400 401 402 403 404 405 406 407 408 409 410 411 412 413 414 415 416 417 418 419 420 421 422 423 424 425 426 427 428 429 430 431 432 433 434 435 436 437 438 439 440 441 442 443 444 445 446 447 448 449 450 451 452 453 454 455 456 458 459 460 461 462 463 464 465 466 467 468 469 470 471 472 473 474 475 476 477 478 479 480 481 482 483 484 485 486 487 488 489 490 491 492 493 494 495 496 497 498 499 500 501 502 503 504 505 506 507 508 509 510 511 512 514 515 516 517 518 519 520 521 522 523 524 525 526 527 528 529 530 531 532 533 534 535 536 537 538 539 540 541 542 543 544 545 546 547 548 549 550 551 552 553 554 555 556 557 558 559 560 561 562 563 564 565 566 568 569 570 571 572 573 574 575 576 577 578 579 580 581 582 583 584 585 586 587 588 602 603 604 605 606 607 608 609 610 611 612 614 615 616 617 621 622 623 624 627 628 630 631 632 633 636 637 638 639 640 641 642 643 644 645 646 647 648 649 650 651 652 653 654 657 658 659 660 661 664 665 666 667 668 669 670 671 672 673 674 675 676 679 680 681 682 683 684 685 686 688 689 690 693 694 695 700 701 704 705 706 707 708 710 711 712 714 715 716 717 718 721 722 723 724 726 727 728 729 730 731 732 733 734 735 736 737 738 739 740 742 743 744 745 746 747 748 750 751 752 753 754 755 756 758 759 760 761 762 763 764 766 767 768 769 770 771 773 774 775 780 781 782 783 784 0
1 5 14 15 16 17 18 19 20 21 22 23 26 27 29 32 34 35 36 37 39 40 41 43 46 47 48 49 50 51 52 53 54 55 56 57 58 61 62 63 64 65 66 67 68 69 70 71 76 77 78 79 80 81 82 83 84 85 86 87 88 91 92 93 95 96 97 98 99 100 103 105 106 107 110 111 113 114 115 119 120 121 123 124 125 127 128 129 130 133 134 135 136 139 141 142 143 144 145 147 148 149 150 151 152 153 155 156 157 158 159 160 161 162 163 165 166 167 168 169 170 171 172 173 174 175 176 178 179 180 181 183 184 185 186 187 188 189 190 191 192 193 194 195 196 200 201 202 203 204 205 210 215 216 217 224 229 230 231 232 236 237 238 244 245 246 247 249 250 251 252 258 259 260 261 263 264 265 266 268 272 273 274 275 276 277 278 279 280 282 283 287 288 289 291 292 293 294 296 301 302 303 308 310 314 315 316 317 322 324 325 329 330 331 334 335 336 338 339 340 343 344 345 347 348 349 350 351 352 353 354 355 357 358 359 361 362 363 364 366 367 368 369 370 371 372 373 374 375 376 377 378 379 380 381 382 383 384 385 386 387 388 389 390 391 392 393 394 395 396 397 398 399 400 401 402 403 404 405 406 408 409 410 411 412 413 415 416 417 418 419 420 421 422 423 424 426 427 428 430 431 435 436 437 438 439 440 441 442 443 444 448 449 450 451 452 453 454 455 456 458 459 460 461 462 463 464 465 466 470 471 472 473 474 475 476 477 482 483 484 485 486 487 488 489 491 494 495 499 500 501 502 503 505 506 507 508 509 510 511 512 513 514 515 516 517 518 519 522 523 525 526 529 530 531 533 534 535 537 540 541 542 543 545 547 551 552 553 554 555 560 562 565 566 567 568 569 570 571 572 573 575 576 577 578 579 580 581 582 583 584 585 586 587 589 590 591 592 593 594 595 596 597 598 599 600 601 602 604 605 606 608 609 612 613 614 615 616 618 619 620 621 622 623 626 627 628 629 630 632 633 634 635 636 637 638 641 642 643 644 646 647 648 649 650 651 655 656 658 660 661 662 663 664 665 666 667 668 669 670 671 672 674 675 676 677 678 679 680 683 686 688 689 690 691 692 693 696 697 698 699 700 702 703 704 705 706 707 711 712 713 714 716 717 718 719 720 721 722 725 726 727 728 729 730 731 732 733 734 735 736 738 739 740 741 742 743 744 745 746 747 748 749 750 751 752 753 754 755 756 757 760 761 762 763 764 765 767 768 769 770 773 774 775 778 779 780 781 782 784 0
1 2 3 4 5 6 7 8 9 10 11 13 15 16 17 19 20 21 22 23 25 26 28 29 30 32 33 34 36 37 38 40 41 43 44 46 47 48 49 53 59 60 61 63 64 67 68 70 71 74 75 78 81 82 85 86 88 89 92 93 94 95 96 97 99 100 101 102 103 104 105 108 109 110 112 115 116 117 118 119 122 123 124 125 126 128 129 130 131 133 134 135 136 137 138 139 140 141 142 143 144 145 146 147 150 154 157 158 164 165 167 168 171 172 178 179 183 185 186 190 192 193 197 199 201 202 203 206 207 208 209 210 212 213 214 215 216 220 221 222 223 227 228 229 230 231 232 234 235 236 238 239 240 241 243 244 245 246 247 248 249 250 251 254 255 256 257 258 259 262 263 264 265 266 267 268 269 270 271 272 274 276 277 279 280 281 283 284 285 286 287 288 289 290 291 292 294 297 298 301 305 306 311 312 313 315 319 320 322 323 326 327 330 331 332 333 334 335 337 338 339 341 343 345 346 349 352 353 354 355 359 360 361 362 366 367 368 369 370 373 374 375 376 379 380 381 382 383 384 388 389 390 391 392 0
2 3 9 10 11 12 13 14 16 17 18 20 21 23 24 25 26 28 30 31 32 33 34 35 36 37 38 39 40 42 43 45 46 47 48 49 51 52 53 54 55 56 57 60 61 62 65 66 67 68 69 70 71 72 73 75 76 77 79 80 82 83 87 88 90 92 93 94 95 96 97 98 104 105 107 108 109 110 111 113 114 115 117 118 119 120 121 124 125 126 130 131 132 133 135 138 139 142 144 145 146 147 149 150 151 152 155 158 159 160 161 162 170 172 173 174 178 180 181 182 183 185 186 187 188 191 192 193 194 195 196 197 198 202 203 206 209 212 213 217 218 219 220 221 222 225 226 228 232 234 235 236 237 239 240 241 242 243 244 246 248 249 250 251 252 253 256 257 258 259 260 263 264 265 266 267 270 271 272 273 274 275 276 277 278 279 280 281 282 283 284 285 286 287 288 289 291 292 293 294 295 296 297 298 300 301 302 304 305 308 312 318 319 320 321 322 326 332 333 340 341 343 344 345 346 347 348 349 350 351 352 353 355 356 357 358 359 360 362 363 364 365 367 370 371 372 377 378 379 383 384 385 386 388 389 390 391 392 0
1 3 4 6 7 9 10 12 13 14 15 16 18 19 20 21 23 24 28 29 30 31 32 33 34 35 36 37 38 39 40 42 44 45 46 49 51 53 55 56 57 58 59 60 61 62 63 64 67 68 69 70 71 73 74 75 76 78 79 83 84 88 90 92 93 95 96 97 100 102 105 108 110 113 115 116 118 119 123 127 130 133 134 137 138 140 141 143 144 0
3 4 7 10 12 15 17 20 21 22 27 28 29 31 0

16
1 2 3 4 5 6 7 8 9 10 11 12 13 14 15 16 17 18 19 20 21 22 23 24 25 26 27 28 29 30 31 32 33 34 35 36 37 38 39 40 41 42 43 44 45 46 47 48 49 50 52 53 54 55 56 57 58 59 60 61 62 63 64 65 66 67 68 69 70 71 72 73 74 75 76 77 79 80 81 82 83 84 85 86 87 88 89 90 91 92 93 94 95 96 97 98 99 100 101 102 104 105 106 107 108 109 110 111 112 113 114 115 116 117 118 119 120 121 122 123 124 125 126 127 128 129 130 131 132 133 134 135 136 137 138 139 140 141 142 143 144 145 146 147 149 150 151 152 153 154 155 156 157 158 159 160 161 162 163 164 165 166 167 168 169 170 171 172 173 174 175 176 177 178 179 180 181 182 183 184 185 186 187 188 189 190 191 192 193 194 195 196 197 198 199 200 201 202 203 204 205 206 207 208 209 210 211 212 213 214 215 216 217 218 219 220 221 222 223 224 225 226 227 228 229 230 231 232 233 234 235 236 237 238 239 240 241 242 243 244 245 246 247 248 249 250 251 252 253 254 255 256 257 260 261 262 263 264 265 266 267 268 269 270 271 272 273 274 275 276 277 278 279 280 281 282 284 285 286 287 288 289 290 291 292 293 294 295 296 297 298 299 300 301 302 303 304 305 306 307 308 309 310 311 312 313 314 315 316 317 318 319 320 321 322 323 324 325 326 327 329 330 331 332 333 334 335 336 337 338 339 340 341 342 343 344 345 346 347 348 349 350 351 352 353 354 355 356 357 358 359 360 361 362 363 364 365 366 367 369 370 371 372 373 374 375 376 377 378 379 380 381 382 383 384 385 386 387 388 389 390 391 392 393 394 395 396 397 398 399 400 401 402 403 404 405 406 407 408 409 410 411 412 413 414 415 416 417 418 419 420 421 422 423 424 425 426 427 428 429 430 431 432 433 434 435 436 437 438 439 440 441 442 443 444 445 446 447 448 449 450 451 452 453 455 456 457 458 459 460 461 462 463 464 465 466 467 468 469 470 471 472 473 474 475 476 477 478 479 480 481 482 483 484 485 486 487 488 489 490 491 492 493 494 495 496 497 498 499 500 501 502 503 504 505 506 507 508 509 510 511 512 513 514 515 516 517 518 519 520 521 522 523 524 526 527 528 529 530 531 532 533 534 535 536 537 538 539 540 541 542 543 544 545 546 547 548 549 550 551 552 553 554 555 556 557 558 559 560 561 562 563 564 565 566 567 568 569 570 571 572 573 574 575 576 577 578 579 580 581 582 583 584 585 586 587 588 589 590 597 598 604 605 606 607 608 609 610 611 612 613 616 617 618 619 620 624 625 626 627 628 629 630 633 634 635 636 637 638 639 640 641 642 643 644 645 646 647 649 650 651 652 653 654 655 656 657 658 659 660 661 662 663 664 665 666 667 668 669 670 671 672 673 674 675 676 677 678 679 681 682 683 684 685 686 687 689 690 691 692 693 694 695 696 697 698 699 700 701 702 703 704 705 707 708 709 710 711 712 713 714 715 716 717 718 719 720 721 722 725 726 727 728 729 734 735 736 739 740 741 742 743 744 747 748 750 751 756 757 758 759 760 761 762 765 766 769 770 771 772 773 774 775 776 777 778 779 784 0
1 14 15 16 17 18 19 20 21 22 23 24 25 26 27 29 30 31 32 35 36 37 38 39 40 43 44 45 46 47 48 49 50 51 52 53 54 55 57 58 59 60 61 62 63 64 65 66 67 68 70 71 72 73 74 75 76 77 78 79 80 81 82 85 86 87 88 89 90 91 92 93 94 95 96 99 100 101 102 103 104 105 106 107 108 109 110 111 113 114 115 116 119 120 121 122 123 124 125 126 127 128 129 130 132 133 134 135 136 137 138 139 141 145 146 147 148 149 151 152 153 155 156 158 159 160 161 162 166 167 169 170 171 172 173 174 175 177 180 181 183 184 185 186 187 188 189 190 191 192 193 194 195 196 197 198 199 203 204 205 206 207 210 212 213 214 218 219 220 221 224 226 227 228 230 231 232 234 235 238 240 241 242 243 245 246 247 248 249 250 251 252 253 254 255 256 258 259 260 261 262 263 264 265 266 268 269 270 271 272 273 274 275 276 277 278 280 283 284 285 286 287 288 289 290 291 292 294 298 299 300 302 303 304 305 306 307 308 316 317 318 319 320 321 322 325 326 327 328 330 331 332 333 334 335 336 339 340 341 343 344 345 346 348 349 350 352 356 357 358 359 362 363 364 366 368 369 370 371 372 373 376 378 379 380 381 382 383 384 385 386 387 388 389 390 391 392 393 394 395 396 397 398 399 400 401 402 403 404 405 406 408 409 410 411 412 413 414 415 416 417 418 419 421 425 426 427 428 429 430 431 433 434 435 436 438 439 440 441 442 443 444 445 447 449 451 452 453 454 455 456 457 458 459 460 462 463 464 466 467 468 469 471 472 474 475 477 478 479 480 481 482 483 484 485 486 487 488 489 491 492 493 495 496 497 498 499 500 501 502 505 507 508 509 511 512 513 514 515 516 517 518 519 520 521 522 523 525 526 527 529 530 531 532 533 534 535 536 537 538 539 540 541 543 544 545 547 548 549 551 552 553 554 556 557 558 559 560 561 564 565 566 567 568 569 570 571 574 575 576 577 578 579 580 581 582 583 584 585 586 587 589 590 591 592 593 594 595 596 597 598 599 600 601 602 604 605 606 607 608 609 610 611 612 613 614 615 616 617 618 619 620 621 622 623 624 625 626 630 631 632 634 635 637 638 639 640 642 644 645 646 647 648 649 650 651 652 653 654 655 656 657 658 659 663 664 665 666 667 668 669 670 671 672 675 676 677 678 680 681 682 683 684 685 686 688 689 690 691 692 693 694 695 696 697 699 700 702 703 705 706 707 708 709 710 711 712 713 714 716 717 720 721 722 723 724 727 728 730 731 734 735 736 740 741 742 744 747 748 749 752 753 754 755 756 758 760 761 762 763 765 766 767 768 769 770 772 774 775 777 784 0
1 2 3 4 5 6 7 8 9 11 12 13 15 16 17 18 19 21 22 23 25 26 27 28 29 31 32 33 34 35 36 37 38 39 40 41 42 43 44 45 46 47 54 57 58 59 60 61 62 64 65 66 67 68 69 70 74 76 79 81 82 83 84 86 87 88 89 93 94 95 96 97 102 104 105 106 107 108 109 110 112 114 115 116 117 118 119 120 121 123 124 125 126 127 129 130 131 132 133 135 136 137 138 140 141 142 143 144 147 151 152 154 159 160 163 164 165 166 167 168 170 171 172 173 175 178 179 180 181 185 186 190 191 192 193 197 198 201 202 203 205 207 208 209 210 212 213 214 216 217 218 219 220 221 223 224 226 227 228 229 230 231 233 234 236 237 238 240 241 242 243 246 247 248 249 250 252 254 255 256 257 258 259 260 261 262 263 264 265 266 267 268 269 270 271 272 273 275 276 277 278 280 282 285 286 287 289 290 291 292 294 298 299 301 302 303 304 306 307 311 312 313 314 316 317 318 319 320 321 322 324 326 327 328 329 332 333 334 337 338 339 340 341 347 351 352 353 354 355 356 357 358 359 360 361 362 363 364 365 367 368 370 371 373 374 375 376 377 378 380 381 382 383 385 388 389 390 392 0
3 4 5 7 10 12 13 14 15 16 17 18 19 22 23 26 27 28 29 30 34 35 36 37 40 43 45 46 48 49 50 51 52 53 54 56 57 58 59 60 61 62 63 64 65 66 67 68 69 70 71 72 73 74 75 76 77 79 80 81 82 83 84 85 86 87 90 91 92 93 94 95 96 97 104 105 106 107 108 109 111 112 113 116 117 118 119 120 121 122 123 124 125 129 130 131 132 133 138 139 141 142 143 144 145 147 150 151 155 156 157 158 159 160 161 163 164 165 166 167 168 169 170 171 172 173 174 175 176 177 178 180 182 184 185 186 187 188 189 190 192 193 194 195 197 198 202 203 204 206 207 208 209 210 211 212 213 214 215 217 218 219 220 221 222 223 224 225 226 227 228 229 230 232 234 235 236 237 239 240 241 242 244 246 247 250 252 253 254 255 256 257 258 259 260 261 262 263 264 265 266 268 269 270 271 272 273 274 276 277 278 279 280 282 284 285 287 288 290 292 293 294 296 298 300 301 302 303 304 305 306 307 308 309 310 311 312 313 314 315 316 317 318 319 320 321 322 323 325 326 327 328 329 332 333 334 339 340 343 344 345 346 347 348 349 350 351 354 355 356 357 359 360 361 362 363 364 365 366 367 368 369 370 371 373 375 376 377 378 380 381 382 383 384 385 386 387 388 389 390 391 392 0
1 2 3 4 6 7 8 9 11 13 14 15 16 17 18 19 21 22 24 27 28 29 30 32 33 34 35 36 37 38 39 40 41 42 43 44 45 46 47 49 50 51 52 54 56 59 60 61 62 65 66 67 68 69 72 74 75 76 77 78 79 82 83 84 85 86 87 88 89 90 91 92 93 94 95 97 98 101 102 103 104 105 111 112 113 114 116 117 118 119 120 121 122 124 126 127 128 130 131 132 137 138 139 141 143 0
1 6 7 8 9 10 11 20 24 26 27 28 29 30 32 0

17
1 2 3 4 5 6 7 8 9 10 11 12 13 14 15 16 17 18 19 20 21 22 23 24 25 26 27 28 29 30 31 32 33 34 35 36 37 38 39 40 41 42 43 44 45 46 47 48 49 50 51 52 53 54 55 56 57 58 59 60 61 63 64 65 66 67 68 69 70 71 72 73 74 75 76 77 78 79 80 81 82 83 84 85 86 87 88 89 90 91 92 93 94 95 96 97 98 99 100 101 102 103 104 105 106 107 108 109 110 111 112 113 114 115 116 117 118 119 120 121 122 123 124 125 126 127 128 129 130 131 132 133 134 135 136 137 138 139 140 141 142 143 144 145 147 148 149 150 151 152 153 154 155 156 157 158 159 160 161 162 163 164 165 166 167 168 169 170 171 172 173 174 175 176 177 178 179 180 181 182 183 184 185 186 187 188 189 190 191 192 193 194 195 196 197 198 199 200 201 202 203 204 205 206 207 208 209 210 211 212 213 214 215 216 217 218 219 220 221 222 223 224 225 226 227 228 229 230 231 232 233 235 236 237 238 239 240 241 242 244 245 246 247 248 249 250 251 252 253 254 255 256 257 258 259 260 261 262 264 265 266 267 268 269 270 271 272 273 274 275 276 277 278 279 280 281 282 283 284 285 286 287 288 289 290 291 292 293 294 295 296 297 298 299 301 302 303 304 306 307 308 309 310 311 312 313 314 315 316 317 318 319 320 321 322 323 324 325 326 327 328 329 330 331 332 333 334 335 336 337 338 339 340 341 342 343 344 345 346 347 348 349 350 351 352 353 354 355 356 357 358 359 360 361 362 363 364 365 366 367 368 369 370 371 372 373 374 375 376 377 378 379 380 381 382 383 384 385 386 387 388 389 390 391 392 393 394 395 396 397 398 399 400 401 402 403 404 405 406 407 408 409 410 411 412 413 414 415 416 417 418 419 420 421 422 423 424 425 426 429 430 431 432 433 434 435 436 437 438 439 440 441 442 443 444 445 446 447 448 449 450 451 452 453 454 455 456 457 458 460 461 462 463 464 465 466 467 468 469 470 471 472 473 474 475 476 477 478 479 480 481 482 483 484 485 486 487 488 489 490 491 492 493 494 495 496 497 498 499 500 501 502 503 504 505 506 507 508 509 510 511 512 513 514 515 516 517 518 519 520 521 523 524 525 526 527 528 529 530 531 532 533 534 535 536 537 538 539 540 541 542 543 544 545 546 547 548 550 551 552 553 554 555 556 557 558 559 560 561 562 563 564 565 566 567 568 569 570 571 572 573 574 575 576 577 578 579 580 581 582 583 584 585 586 587 588 589 590 591 604 605 606 607 608 609 610 611 612 613 614 615 616 617 618 619 620 621 622 623 624 625 626 627 630 631 632 633 634 635 636 637 638 639 640 641 642 643 644 645 647 649 650 651 652 653 654 655 656 659 660 661 662 663 666 667 668 669 670 671 672 673 677 678 679 680 681 682 683 684 685 686 687 688 689 690 691 692 693 695 696 697 698 699 700 701 702 703 704 705 706 707 708 709 711 712 713 714 715 716 717 718 719 720 721 722 724 725 726 727 728 729 730 731 732 733 734 735 737 739 740 741 742 743 744 745 746 747 748 749 750 756 757 758 759 760 761 762 763 764 766 767 769 770 771 772 773 774 775 776 777 778 779 780 781 782 783 784 0
1 14 15 16 17 18 19 20 21 22 23 24 25 27 28 29 30 31 32 33 34 35 36 37 38 39 41 42 43 44 45 46 47 48 50 51 52 54 57 58 59 60 61 62 63 64 65 66 67 68 69 71 72 73 74 75 76 78 79 80 81 82 83 84 85 86 87 88 89 90 91 92 93 94 95 96 97 98 99 100 101 102 103 104 105 106 107 108 109 110 111 112 113 114 115 116 117 118 119 120 121 122 123 124 126 127 128 129 130 131 132 133 134 135 136 139 141 142 143 144 145 146 147 148 149 152 153 155 156 157 158 159 160 161 165 166 167 169 170 177 178 179 180 181 183 184 185 186 187 188 189 190 191 192 193 194 195 196 197 198 199 200 201 205 209 210 212 213 214 215 216 218 224 226 227 228 229 231 232 233 234 238 240 241 243 244 245 246 247 248 251 252 254 255 256 257 258 259 260 261 262 263 265 266 268 269 270 271 272 273 274 275 276 277 278 279 280 282 283 284 285 286 287 289 290 291 292 293 294 296 297 298 299 300 301 302 303 304 305 306 307 308 309 310 311 313 314 315 316 317 318 319 320 321 322 323 324 326 327 328 329 330 331 332 333 334 335 336 339 340 341 342 343 344 345 346 348 349 350 352 353 354 355 356 357 358 359 361 362 363 364 366 369 370 371 372 375 376 378 379 380 381 382 383 384 385 386 387 388 389 390 391 392 393 394 395 396 397 398 399 400 401 402 403 404 405 406 407 409 411 412 413 414 415 416 417 418 419 421 425 426 427 428 429 430 431 432 433 436 438 439 440 441 442 443 444 445 446 447 448 450 452 453 454 455 456 457 458 461 463 464 465 466 467 468 471 472 473 477 479 480 481 482 483 484 486 487 488 489 490 491 493 494 495 500 501 502 503 504 505 506 507 508 509 510 511 512 513 514 515 516 517 519 520 521 522 523 524 526 527 528 529 530 531 532 533 534 535 536 537 538 539 540 541 542 547 548 549 551 552 553 554 555 556 557 558 559 561 562 563 564 565 566 567 568 571 572 573 575 576 577 578 579 580 581 582 583 584 585 586 587 588 589 590 591 592 593 594 595 596 597 598 599 600 601 602 604 605 606 607 608 609 614 615 616 617 618 619 622 626 628 629 630 631 634 636 637 638 639 641 643 644 646 648 649 650 651 652 653 654 657 658 660 661 662 663 664 665 666 667 670 671 672 674 675 676 678 679 680 681 684 685 686 688 689 690 691 692 693 694 695 697 698 699 700 701 702 703 704 706 707 708 709 710 711 712 713 714 715 716 717 718 719 720 721 722 723 724 725 726 727 728 729 730 731 732 734 735 736 737 738 740 741 742 744 745 746 747 748 749 750 753 754 755 756 757 758 759 761 762 763 764 765 766 767 768 769 770 781 784 0
1 2 3 6 7 8 9 10 11 12 13 15 16 17 18 19 20 21 22 23 24 25 26 27 28 29 30 31 32 33 34 35 36 37 38 40 41 43 44 45 46 47 50 52 53 54 57 58 59 60 61 62 65 66 67 68 69 71 73 74 75 76 77 78 79 80 81 82 83 84 85 86 87 88 89 92 93 94 95 96 97 99 100 101 102 103 104 105 107 108 109 110 112 114 115 116 117 118 119 121 122 123 124 125 126 127 128 129 130 132 133 134 135 136 137 138 139 140 141 142 143 144 147 150 151 154 155 157 158 164 165 166 167 168 169 170 171 173 174 175 177 178 179 180 181 182 183 184 185 190 197 198 199 200 201 204 205 206 207 208 209 212 213 214 215 216 217 219 220 221 222 223 224 225 226 227 228 229 230 231 232 233 234 235 236 237 238 240 241 242 243 246 248 249 250 251 253 256 257 258 260 261 262 263 264 265 266 267 268 269 270 272 273 274 275 276 277 278 279 280 282 283 284 285 286 287 289 290 291 292 294 295 296 297 298 301 303 304 305 306 307 310 311 313 318 319 320 321 323 324 325 326 327 329 330 331 332 334 335 337 338 339 341 345 346 347 352 353 355 356 359 362 363 364 365 366 367 369 370 371 372 373 374 375 376 377 378 379 380 381 382 383 385 386 387 388 389 390 392 0
2 3 4 5 6 9 10 11 12 13 14 15 16 18 19 21 22 23 24 25 26 27 28 29 30 31 34 35 36 37 38 39 42 43 44 45 46 47 48 49 50 51 52 53 54 56 57 58 59 60 61 62 63 64 65 66 68 69 70 71 72 73 74 76 77 78 80 81 82 83 84 85 86 87 88 89 90 91 92 93 94 95 96 97 98 99 100 104 105 106 107 108 109 110 111 112 113 114 115 116 117 118 119 121 122 123 124 125 126 128 129 130 134 135 137 138 139 140 141 142 143 144 145 149 150 151 153 155 156 158 159 160 161 162 163 164 166 167 168 169 170 171 172 173 174 175 176 177 178 179 180 181 182 183 184 185 186 188 189 190 192 193 194 195 196 197 198 200 201 202 203 204 205 206 207 208 209 211 213 214 215 216 217 218 220 221 222 223 224 225 226 227 228 229 230 232 233 234 235 236 239 240 241 242 243 244 246 248 249 252 253 254 255 256 259 260 261 262 263 264 265 266 267 268 269 270 271 272 273 274 275 276 277 278 279 280 281 282 283 284 287 288 289 290 291 292 293 294 295 296 297 299 301 303 304 306 310 311 312 313 315 317 318 319 320 321 322 323 324 325 326 327 328 329 330 331 332 333 334 335 336 337 338 339 340 341 342 343 344 345 348 349 350 351 352 353 355 356 357 358 359 360 361 363 365 366 367 368 369 371 372 373 374 375 376 377 378 380 381 382 383 385 387 389 390 391 392 0
1 2 4 5 6 7 9 11 13 14 15 17 18 19 21 22 23 24 25 27 28 29 30 31 32 34 35 36 37 38 39 41 42 43 44 45 46 47 48 49 50 51 52 53 54 55 56 58 60 61 62 63 64 65 66 67 68 69 70 71 73 74 75 76 79 80 81 82 86 88 89 93 94 95 98 99 100 102 103 105 106 107 110 111 115 116 117 119 121 122 124 127 128 130 131 132 133 134 135 136 137 138 140 141 142 143 144 0
1 3 4 5 6 7 9 14 16 17 19 21 24 25 27 28 30 31 0

18
1 2 3 4 5 6 7 8 9 10 11 12 13 14 15 16 17 18 19 20 21 22 23 24 25 26 27 28 29 30 31 32 33 34 35 36 37 38 39 40 41 42 43 44 45 46 47 48 49 50 51 52 53 54 55 56 57 58 59 60 61 62 63 64 65 66 67 68 69 70 71 72 73 74 75 76 77 78 79 80 81 82 83 84 85 86 87 88 89 90 91 92 93 94 95 96 97 98 99 100 101 102 103 104 105 106 108 109 110 111 112 113 114 115 116 118 119 120 121 122 123 124 125 126 127 128 129 130 131 132 133 134 135 136 137 138 139 140 141 142 143 144 145 146 147 148 149 150 151 152 153 154 155 156 157 158 159 160 161 162 163 164 165 166 167 168 169 170 171 172 173 174 175 176 177 178 179 180 181 182 183 184 185 186 187 188 189 190 191 192 193 194 195 196 197 198 199 200 201 202 203 204 205 206 207 208 209 210 211 212 213 214 215 216 217 218 219 220 221 222 223 224 225 226 227 228 229 230 231 232 234 237 238 239 240 241 242 243 244 245 246 247 249 250 251 252 253 254 255 256 257 258 259 260 261 262 263 264 265 266 267 268 269 270 271 272 273 274 275 276 277 278 279 280 281 282 283 284 285 286 287 288 289 290 291 292 293 294 295 296 297 298 299 300 301 302 303 304 305 306 307 308 309 310 311 312 314 315 316 317 318 319 320 321 322 323 324 325 327 328 329 330 331 332 333 334 335 336 337 338 339 340 341 342 343 344 345 346 347 348 349 350 351 352 353 354 355 356 357 358 359 360 361 362 363 364 365 366 367 368 369 370 371 372 373 374 375 376 377 378 379 380 381 382 383 384 385 386 387 388 389 390 391 392 393 394 395 396 397 398 399 400 401 402 403 404 405 406 407 408 409 410 411 412 413 414 415 416 417 418 419 420 421 422 423 424 425 426 427 428 429 430 431 432 433 434 435 436 437 438 439 440 441 443 444 445 446 447 448 449 450 451 452 453 454 455 456 457 458 459 460 461 462 463 464 465 466 467 468 469 470 471 472 473 474 475 476 477 478 479 480 481 482 483 484 485 486 487 488 489 490 491 492 493 494 495 496 497 498 499 500 501 502 503 504 505 506 507 508 509 510 511 512 513 514 515 516 517 518 519 520 521 522 523 524 525 526 527 528 529 530 531 532 533 534 535 536 537 538 539 540 542 543 544 545 546 547 548 549 550 551 552 553 554 555 556 557 558 559 560 561 562 563 564 565 566 567 568 569 570 571 572 573 574 575 576 577 578 579 580 581 582 583 584 585 586 587 588 589 590 591 592 595 596 597 598 599 606 607 610 611 612 613 614 615 616 617 619 622 624 625 626 627 628 629 630 631 633 634 635 636 637 638 639 640 641 642 643 644 645 646 647 648 650 651 652 653 654 655 656 657 658 659 660 661 662 663 664 665 666 667 668 669 670 671 672 673 674 675 676 677 678 679 680 682 683 684 685 686 687 688 689 690 691 692 693 694 695 700 701 702 703 705 706 707 708 709 711 712 715 716 717 718 719 720 721 722 723 724 728 729 730 731 732 733 734 735 736 738 739 740 741 742 743 744 745 746 747 748 749 750 751 752 753 756 757 758 759 760 761 762 763 764 765 766 767 768 769 770 771 772 773 774 775 776 780 781 782 783 784 0
1 14 15 16 17 18 19 20 21 22 23 24 25 26 27 29 30 31 32 34 35 36 37 38 39 40 41 43 44 45 46 47 48 49 50 51 52 53 54 57 58 59 60 61 62 63 64 65 66 67 68 69 70 71 72 73 74 75 76 77 78 79 80 81 82 83 84 85 86 87 88 90 91 92 93 94 95 96 97 98 99 100 101 102 103 104 105 106 107 108 110 111 113 114 115 116 117 118 119 120 121 123 127 128 130 132 133 134 135 141 142 143 144 145 146 147 148 149 155 156 157 158 159 160 161 162 164 165 166 167 169 170 171 172 173 174 175 177 178 179 180 181 183 184 185 186 187 188 189 190 191 192 193 194 195 196 197 198 199 200 203 204 205 206 207 208 210 212 213 214 217 218 219 220 221 224 226 227 228 229 230 231 232 233 234 235 236 238 240 241 242 243 244 246 247 248 249 250 251 252 254 255 256 257 258 259 260 261 262 263 264 265 266 268 269 270 271 272 273 274 275 276 277 278 279 280 282 283 284 285 287 288 289 290 291 293 294 296 297 298 299 301 302 303 304 305 308 310 311 312 314 315 316 317 318 322 324 325 326 327 328 329 330 331 336 338 339 340 341 342 343 344 345 350 351 352 354 355 356 357 358 359 361 362 363 364 366 367 368 369 370 371 372 375 376 377 378 379 380 381 382 383 384 385 386 387 388 389 390 391 392 393 394 395 396 397 398 399 400 401 402 403 404 405 406 407 408 409 410 411 412 417 418 419 421 427 428 429 430 431 433 434 435 436 437 438 439 440 441 442 443 444 445 448 449 452 454 455 456 457 458 459 460 461 462 463 464 465 466 467 468 469 470 471 472 473 474 475 476 477 478 479 480 481 482 483 484 485 486 487 488 489 490 491 495 496 497 498 499 500 502 503 505 506 507 508 509 510 511 513 515 516 517 519 520 521 522 523 524 525 527 528 529 530 531 533 535 536 537 538 539 540 541 542 547 548 549 550 551 552 553 554 556 557 558 559 561 562 563 564 566 567 568 574 575 576 577 578 579 580 582 583 584 585 586 587 589 590 591 592 593 594 595 596 597 598 599 600 601 602 604 605 606 607 608 609 610 611 612 613 616 618 619 620 622 623 624 625 626 627 630 632 633 637 638 639 640 641 642 643 644 646 647 649 650 651 652 653 654 655 658 660 661 662 663 664 666 667 668 669 670 672 674 675 676 677 678 679 680 681 682 683 684 686 688 691 692 693 694 695 696 698 699 700 702 705 706 707 708 709 711 712 713 714 716 717 718 719 720 721 722 723 724 725 726 727 728 730 731 732 733 734 735 736 737 738 739 740 741 742 744 745 746 747 748 749 750 752 753 754 755 756 757 759 760 761 762 763 765 766 767 768 769 770 771 772 773 774 775 776 777 784 0
1 2 3 4 5 6 7 8 10 12 13 14 15 16 17 18 19 20 21 22 24 25 26 27 29 31 32 33 34 36 37 39 40 41 43 44 46 47 49 54 55 56 57 59 60 61 62 63 66 67 68 69 70 71 72 74 75 76 78 79 80 81 82 85 86 87 88 89 92 93 94 95 96 97 99 100 101 102 103 104 105 109 110 111 112 114 115 116 117 118 119 122 123 124 125 126 128 129 130 131 133 134 135 136 137 138 140 141 142 143 144 145 146 147 154 157 159 160 161 164 165 166 167 168 170 171 172 173 177 178 179 183 184 185 186 190 191 192 197 198 199 200 201 203 206 208 209 210 212 213 214 215 216 217 219 220 221 222 223 226 227 228 229 232 233 234 235 236 238 239 240 242 243 244 245 246 247 248 249 250 251 252 253 254 255 256 257 258 260 261 262 263 264 265 266 267 268 269 270 271 272 274 277 278 281 282 283 285 287 289 290 291 292 293 294 298 299 301 304 305 306 310 311 312 313 314 315 318 319 320 321 326 327 330 331 332 333 334 337 338 339 340 341 343 346 347 348 352 353 354 355 356 357 359 360 361 362 363 364 366 367 368 369 370 371 372 373 374 376 379 380 382 383 387 388 389 390 392 0
8 9 10 12 13 14 16 17 18 19 23 24 25 26 27 29 30 31 32 33 34 36 37 40 42 43 44 45 46 47 48 49 51 52 53 54 56 57 58 59 60 61 62 63 64 65 66 67 68 69 70 71 72 73 74 75 77 78 79 80 82 83 85 86 87 88 89 90 92 93 94 95 96 97 99 100 104 105 108 109 111 112 115 116 117 119 123 126 127 128 129 132 133 134 135 136 137 138 140 141 142 143 144 145 147 149 150 151 152 153 155 156 157 158 159 160 161 163 164 165 166 167 168 169 170 171 172 173 174 175 176 177 178 179 181 182 183 184 185 187 188 190 191 192 193 194 195 196 197 198 199 201 202 204 205 207 208 209 210 211 213 214 215 216 218 220 222 225 227 228 229 232 233 234 235 236 237 239 240 241 242 246 247 248 249 250 251 252 253 255 256 257 259 260 262 263 264 265 266 267 270 271 273 274 275 277 278 280 281 282 283 284 287 288 289 290 291 292 293 294 295 296 298 300 301 302 305 306 307 308 310 311 312 313 314 315 318 319 320 322 324 325 326 329 330 331 332 333 334 336 337 338 339 340 341 343 344 345 346 347 348 349 350 351 352 354 355 356 357 358 359 360 361 362 363 364 365 367 368 369 370 371 372 373 374 375 376 377 378 379 380 381 382 383 384 385 386 387 388 389 390 392 0
1 4 6 7 8 9 10 11 13 15 16 17 18 19 20 21 23 24 25 26 27 28 30 31 32 33 34 35 36 37 38 39 40 43 44 45 47 49 50 51 52 53 58 59 61 63 64 65 67 68 70 71 73 77 79 80 81 82 84 86 88 89 90 91 94 97 98 100 101 102 104 105 106 107 108 110 111 112 113 114 115 116 117 118 119 120 121 122 123 125 126 127 128 129 130 131 133 134 138 139 142 144 0
1 2 4 6 9 13 17 18 19 21 22 23 24 25 26 31 32 0

19
1 2 3 4 5 6 7 8 9 10 11 12 13 14 15 16 17 18 19 20 21 22 23 24 25 26 27 28 29 30 31 32 33 34 35 36 37 38 39 40 41 42 43 44 45 46 47 48 49 50 51 52 53 54 55 56 57 58 59 60 61 62 63 64 65 66 67 68 69 70 71 72 73 74 75 76 77 78 79 80 81 82 83 84 85 86 87 88 89 90 91 92 93 94 95 96 97 98 99 100 101 102 103 104 106 107 108 109 110 111 112 113 114 115 116 117 118 119 120 121 122 123 124 125 126 127 128 129 130 131 132 133 134 135 136 137 138 139 140 141 142 143 144 145 146 147 148 149 151 152 153 154 155 156 157 158 159 160 161 162 163 164 165 166 167 168 169 170 171 172 173 174 175 176 177 178 179 180 181 182 183 184 185 186 187 188 189 190 191 192 193 194 195 196 197 198 199 200 201 202 203 204 205 206 207 208 209 210 211 212 213 214 215 216 217 218 219 221 222 223 224 225 226 227 228 229 230 231 233 234 235 236 237 238 239 240 241 242 243 244 245 246 247 248 249 250 251 252 253 254 255 256 257 259 260 261 262 263 264 265 266 267 268 269 270 271 272 273 274 276 277 278 279 280 281 282 283 285 286 287 288 289 291 292 293 294 295 296 297 298 299 300 301 302 303 304 305 306 307 308 309 310 311 312 313 314 315 316 317 318 319 320 321 322 323 324 325 326 327 328 329 330 332 333 334 335 336 337 338 339 340 341 342 343 344 345 346 347 348 349 350 351 352 353 354 355 356 357 358 359 360 361 362 363 364 365 366 367 368 369 370 371 372 373 374 375 376 377 378 379 380 381 382 383 384 385 386 387 388 389 390 391 392 393 394 395 396 397 398 399 400 401 402 403 404 405 406 407 408 409 410 411 412 413 414 415 416 417 418 419 420 421 422 423 424 425 426 427 428 429 430 431 432 433 434 435 436 437 438 439 440 441 442 443 444 445 446 447 448 449 450 451 452 453 454 455 456 457 458 459 460 461 462 463 464 465 466 467 468 469 470 471 472 473 474 475 476 477 478 479 480 481 482 483 484 486 488 489 490 491 492 493 494 495 496 498 499 500 501 502 503 504 505 506 507 508 509 510 512 513 514 515 516 517 518 519 520 521 522 523 524 526 527 528 529 530 531 532 533 534 535 536 538 539 540 541 542 543 544 545 546 547 548 549 550 551 552 553 554 555 556 557 558 559 560 561 562 563 564 565 566 567 568 569 570 571 572 573 574 575 576 577 578 579 580 581 582 583 584 585 586 587 588 589 590 591 592 593 594 597 598 599 600 601 602 603 604 605 606 607 608 609 610 611 612 613 614 615 616 617 618 619 620 624 625 626 627 628 629 630 631 632 633 634 635 636 637 638 639 640 644 645 646 647 648 650 651 652 655 659 660 661 662 663 664 666 669 670 672 673 674 675 676 677 678 679 680 681 682 683 684 685 686 687 688 689 690 691 692 693 694 695 696 697 698 699 700 701 702 703 704 705 706 707 708 709 710 711 712 713 714 715 716 717 718 719 720 721 722 723 724 725 726 727 728 729 730 731 732 733 734 735 736 737 738 739 740 741 742 743 744 745 746 747 748 749 750 751 753 754 755 756 758 759 760 761 762 763 764 765 766 769 770 771 772 775 776 777 778 779 780 781 782 783 784 0
1 8 9 10 11 12 13 14 15 16 17 18 19 20 21 22 23 24 25 26 27 28 29 30 31 32 33 34 35 36 37 38 39 40 41 42 43 44 45 46 47 48 49 51 55 57 58 59 60 62 63 64 71 72 73 74 75 76 77 78 79 85 86 87 88 90 91 92 93 94 96 97 99 100 101 102 104 105 107 108 109 110 111 113 114 115 116 117 119 121 122 123 124 125 126 127 128 129 130 131 132 133 134 135 136 137 138 139 140 141 142 143 144 145 146 147 148 149 151 152 153 154 155 156 157 158 159 160 161 162 163 165 166 167 169 170 171 173 174 175 176 177 178 179 180 181 183 184 185 186 187 188 189 190 191 192 193 194 195 196 197 198 199 200 201 202 203 204 205 206 207 208 209 210 211 212 213 214 215 216 217 218 219 220 221 222 223 224 225 226 227 228 229 230 231 232 233 234 236 237 238 240 241 242 243 244 246 247 248 252 253 254 255 256 259 260 261 266 267 268 269 270 271 273 274 275 280 281 282 283 284 285 286 287 288 289 290 293 294 295 296 297 298 299 300 301 302 303 304 305 307 308 309 310 311 312 313 314 315 316 317 318 319 320 321 322 324 325 327 328 329 330 331 332 333 334 335 336 338 339 341 342 343 344 345 346 347 348 349 350 352 353 355 356 357 358 359 360 361 362 363 364 366 367 369 370 371 372 373 375 376 377 378 379 380 381 382 383 384 385 386 387 388 389 390 391 392 393 394 395 396 397 398 399 400 401 402 403 404 405 406 407 412 413 414 415 416 417 418 419 420 421 422 423 424 425 428 429 430 431 432 433 434 435 436 437 438 440 441 442 443 444 445 446 447 449 453 454 455 456 458 459 460 461 463 464 465 467 468 469 470 471 472 473 474 475 477 478 480 482 483 484 485 486 487 488 489 490 491 492 493 497 498 499 500 501 504 505 506 508 509 510 511 512 513 515 518 519 520 521 525 526 530 531 532 534 535 536 537 538 539 540 541 542 543 544 545 547 548 549 550 551 552 553 554 555 556 557 558 559 560 561 562 563 564 565 566 567 568 569 571 572 573 575 576 577 578 579 580 581 582 583 584 585 586 587 588 589 590 591 592 593 594 595 596 597 598 599 600 601 602 603 604 605 606 607 609 610 611 612 613 614 615 616 617 621 624 625 626 627 630 631 632 633 634 637 638 639 640 641 642 643 644 645 646 647 648 649 650 651 656 657 658 659 660 661 663 664 667 671 672 673 676 677 678 679 681 683 685 686 687 688 689 691 692 693 694 695 696 699 700 701 702 704 705 706 707 708 709 710 712 713 714 715 716 717 718 719 720 721 722 723 724 725 726 727 728 730 731 732 733 734 735 736 737 738 739 741 742 743 744 745 746 747 748 749 750 751 752 753 754 756 757 758 759 760 761 762 763 764 765 766 767 768 769 770 772 776 777 778 779 780 781 782 783 784 0
1 2 3 4 5 6 7 8 10 11 12 13 14 15 16 17 19 22 23 24 25 26 27 29 31 32 34 35 36 38 39 40 41 42 43 46 47 48 50 53 54 55 60 61 62 64 65 66 67 68 69 71 72 73 74 75 76 80 81 82 83 84 85 86 87 88 89 90 91 95 96 97 98 99 100 101 102 103 104 105 106 107 108 109 112 113 114 116 117 119 120 121 123 126 127 128 130 131 132 133 134 135 136 137 138 139 140 142 143 144 145 147 148 151 152 153 154 155 156 157 158 159 162 164 165 169 170 171 172 173 176 177 178 179 180 181 182 184 185 186 189 190 192 193 194 197 198 199 200 201 202 203 204 206 207 208 209 211 212 213 215 216 218 219 220 221 222 223 224 225 226 227 228 229 230 231 233 234 235 236 237 238 241 242 243 246 248 249 250 251 252 253 254 256 257 258 260 261 262 263 264 267 268 269 270 271 272 273 274 275 276 278 279 280 282 283 284 285 287 288 289 290 291 294 295 297 298 299 300 301 302 303 306 307 308 309 310 311 312 313 316 317 319 320 321 324 325 326 328 330 331 333 335 337 339 340 341 342 344 345 346 347 348 349 350 351 352 353 354 355 356 358 359 360 361 362 365 366 367 368 369 370 371 373 374 375 376 377 378 380 382 383 384 385 386 387 388 389 390 392 0
1 2 3 4 5 8 10 14 16 17 18 19 20 21 22 23 24 25 26 28 29 30 31 32 34 35 36 37 38 39 40 41 44 45 46 47 48 49 51 52 53 54 55 56 57 58 60 61 63 64 65 66 67 68 69 70 71 73 74 75 76 77 78 79 80 81 82 83 85 86 87 88 89 92 93 94 95 96 97 98 99 100 101 104 105 106 107 108 109 110 111 112 113 115 116 117 118 119 121 122 123 124 125 126 127 128 129 131 137 140 141 142 143 144 145 146 147 148 150 151 152 153 154 155 156 157 158 159 160 161 162 163 164 165 167 168 170 171 172 173 174 175 177 178 179 180 182 184 185 186 187 188 189 190 191 192 193 194 195 196 197 198 199 200 201 204 206 207 210 211 212 213 215 216 218 219 222 223 225 227 229 230 232 233 234 236 237 239 240 241 242 243 244 245 246 247 248 249 250 251 252 253 257 259 260 262 263 264 265 266 267 273 274 275 276 277 278 279 280 281 283 284 285 286 287 288 289 290 291 292 293 294 295 296 297 299 301 303 304 305 306 308 309 310 311 312 313 315 316 317 318 319 320 323 324 325 326 327 328 329 330 332 334 335 336 338 339 340 341 342 343 344 345 346 347 348 349 350 351 352 354 356 357 358 359 363 364 365 368 369 370 371 372 373 374 375 376 377 378 379 380 381 382 383 384 385 386 388 390 392 0
1 4 5 6 7 8 9 11 12 14 16 17 18 19 20 21 23 24 26 27 28 29 31 33 35 36 37 39 41 43 47 49 53 55 56 57 58 60 62 63 67 68 69 70 71 72 73 75 77 79 82 85 87 88 89 93 94 96 97 98 100 101 102 103 104 106 107 109 110 111 112 113 114 115 116 117 119 120 122 123 125 126 127 128 130 131 133 136 138 139 140 141 142 143 144 0
1 2 4 6 9 13 18 19 21 22 23 24 25 26 27 31 0

20
1 2 3 4 5 6 7 8 9 10 11 12 13 14 15 16 17 18 19 20 21 22 23 24 25 26 27 28 29 30 31 32 33 34 35 36 37 38 39 40 41 42 43 44 45 46 47 48 49 50 51 52 53 54 55 56 57 58 59 60 61 62 63 64 65 66 67 68 69 70 71 72 73 74 75 76 77 78 79 80 81 82 83 84 85 86 87 88 89 90 91 92 93 94 95 96 97 98 99 100 101 102 103 104 105 106 107 108 109 110 111 112 113 114 115 116 117 118 119 120 121 122 123 124 125 126 127 128 129 130 131 132 133 134 135 136 137 138 139 140 141 142 143 144 145 146 147 148 149 150 151 152 153 154 155 156 157 158 159 160 161 162 163 164 165 166 167 168 169 170 171 172 173 174 175 176 177 178 179 180 181 182 183 184 185 186 187 188 189 190 191 192 193 194 195 196 197 198 199 200 201 202 203 204 205 206 207 208 209 210 211 212 213 214 215 216 217 218 219 220 221 222 223 224 225 226 227 228 229 230 231 232 233 234 235 236 237 238 239 240 241 242 243 244 245 246 248 250 251 252 253 254 255 256 257 259 260 261 262 263 264 265 266 267 268 269 270 271 272 273 274 275 276 277 278 279 280 281 282 283 284 285 286 287 288 289 290 291 292 293 294 295 296 297 298 299 300 301 302 303 304 305 306 307 308 309 310 311 312 313 314 315 316 317 318 319 320 321 322 323 324 325 326 327 328 329 330 331 332 333 334 335 336 337 338 339 340 341 343 344 345 346 347 348 349 350 351 352 353 354 356 357 358 359 360 361 362 363 364 365 366 367 368 369 370 371 372 373 374 375 376 377 378 379 380 381 382 383 384 385 386 387 388 389 390 391 392 393 394 395 396 397 398 399 400 401 402 403 404 405 406 407 408 409 410 411 412 413 414 415 416 417 418 419 420 421 422 423 424 425 426 427 428 429 430 431 432 433 434 435 436 437 438 439 440 441 442 443 444 445 446 447 448 449 450 451 452 453 454 456 457 458 459 460 461 462 463 464 465 466 467 468 469 470 471 472 473 474 475 476 477 478 479 480 481 482 483 484 485 486 487 488 489 490 491 492 493 494 495 496 497 498 499 500 501 502 503 504 505 506 507 508 509 510 511 512 513 514 515 516 517 518 519 520 521 522 523 524 525 526 527 528 529 530 531 532 533 534 535 536 537 538 539 540 541 542 543 544 545 546 547 548 549 550 551 552 553 554 555 556 557 558 559 560 561 562 563 564 566 567 568 569 570 571 572 573 574 575 576 577 578 579 580 581 582 583 584 585 586 587 588 591 592 593 594 595 596 597 598 599 600 601 602 603 604 605 606 607 608 609 610 611 612 613 617 618 619 620 621 630 631 632 633 634 635 636 637 638 639 640 641 642 643 644 645 646 647 648 649 650 651 652 653 654 655 658 659 660 661 662 663 664 665 666 668 669 670 672 674 675 676 677 678 679 680 681 682 684 685 686 687 688 689 690 691 692 693 694 695 696 697 698 699 700 701 702 703 704 705 706 707 708 709 710 711 712 713 714 715 716 720 721 722 723 727 728 729 730 731 734 735 736 737 738 739 740 741 742 743 744 747 748 751 752 753 754 755 756 757 758 759 760 761 762 763 764 769 770 771 772 773 774 775 776 777 778 779 780 781 782 784 0
1 14 15 16 17 18 19 20 21 22 23 24 25 26 27 29 30 31 32 33 34 35 36 37 38 39 40 41 43 44 45 46 47 48 49 50 51 52 53 54 57 58 59 60 62 63 65 66 67 71 72 73 74 75 76 77 78 79 80 81 82 85 86 87 88 89 90 91 92 93 94 95 97 99 100 101 102 103 104 105 106 107 108 109 110 111 113 114 116 117 119 120 121 122 123 124 125 126 127 128 129 132 133 134 135 137 138 139 140 141 142 143 144 146 147 148 149 151 152 153 154 155 156 159 160 161 162 166 167 169 170 171 172 174 175 178 179 180 181 182 183 184 185 186 187 188 189 190 191 192 193 194 195 196 198 199 200 201 202 203 204 205 206 207 208 209 210 212 213 214 215 216 217 218 219 220 221 222 223 224 226 227 228 229 230 231 232 233 234 238 240 241 242 243 244 245 246 247 248 249 252 253 254 255 256 257 258 259 260 261 262 263 266 267 268 269 270 271 272 273 274 275 276 277 280 282 283 284 285 286 287 288 289 290 291 293 294 296 297 298 300 301 302 303 304 305 306 307 308 310 311 312 314 315 316 317 318 319 320 321 322 324 327 328 330 331 334 335 336 338 339 340 341 343 344 345 348 349 350 352 353 354 356 357 358 359 361 362 363 364 366 368 369 370 371 372 373 374 375 376 377 378 379 380 381 382 383 384 385 386 387 388 389 390 391 392 393 394 395 396 397 398 399 400 401 402 403 404 405 406 407 411 412 413 415 416 417 418 419 421 422 423 424 425 426 427 428 429 430 431 432 433 436 437 438 439 440 441 442 443 444 445 447 449 453 454 455 456 457 458 459 460 461 463 464 465 466 467 468 469 470 471 472 473 474 475 477 478 479 482 483 484 485 486 488 489 490 492 493 494 495 496 497 498 500 501 505 506 507 508 509 510 511 512 513 514 515 516 518 519 520 521 522 523 524 526 527 528 529 530 531 532 533 536 538 539 540 541 542 543 545 547 548 550 551 552 553 555 556 557 558 559 560 561 562 564 565 566 567 568 569 570 571 572 573 575 577 578 580 583 584 585 586 587 588 589 590 591 592 593 594 595 596 597 598 599 600 601 602 604 605 607 608 609 610 611 612 613 614 616 617 621 623 624 626 629 630 632 633 634 637 638 639 641 643 644 645 646 647 648 649 651 652 653 654 656 657 658 659 662 663 664 665 666 667 668 669 670 671 672 673 676 677 678 679 680 681 682 683 685 686 688 691 692 693 694 695 698 699 700 702 703 704 705 706 707 708 709 710 713 714 716 717 718 720 721 722 723 724 725 726 727 728 729 730 731 734 735 736 739 740 741 742 744 747 748 749 752 753 756 758 760 761 762 763 765 766 767 768 769 770 771 772 774 775 776 777 778 779 780 781 782 783 784 0
1 2 3 4 5 6 7 8 9 10 11 12 13 15 17 18 19 20 22 23 24 26 27 28 29 32 33 34 35 36 37 38 39 40 41 43 44 45 46 47 50 58 60 61 62 64 65 66 67 68 69 74 75 76 80 81 82 84 85 87 88 89 91 93 94 95 96 97 98 99 100 101 105 106 107 108 109 110 112 113 114 115 116 117 118 119 120 121 122 123 124 125 126 128 129 130 131 133 136 137 138 140 141 142 143 144 147 154 155 156 159 162 163 164 165 166 167 168 169 170 171 172 175 178 179 180 181 185 186 190 191 192 193 197 198 199 200 201 204 205 206 207 208 209 210 211 212 213 214 215 216 218 220 222 223 224 227 228 229 230 231 233 234 235 236 237 238 240 241 242 243 246 248 249 250 251 253 254 255 256 257 258 259 260 261 262 263 264 265 267 268 269 270 272 273 276 277 278 279 280 281 282 286 287 289 290 291 294 295 298 301 302 303 305 306 307 309 310 313 314 317 318 319 320 321 325 326 327 328 329 330 332 333 334 336 337 338 340 341 344 345 346 350 351 352 353 354 355 358 359 360 361 362 363 364 366 367 368 369 370 371 373 374 375 376 377 380 381 382 383 388 389 390 391 392 0
1 2 3 4 8 10 11 12 14 15 16 17 18 19 21 22 23 24 25 27 28 30 34 35 37 40 42 43 45 46 48 49 50 51 52 53 54 56 58 59 60 61 63 64 65 66 67 68 69 70 72 73 74 75 76 77 81 82 83 84 85 89 90 92 93 94 95 96 97 99 100 101 102 104 105 107 108 109 111 112 113 114 115 117 118 119 121 122 125 127 130 132 133 134 140 142 143 144 145 147 148 149 150 151 152 153 155 156 157 158 160 161 162 163 164 165 166 167 168 170 171 172 173 174 175 177 178 182 185 186 188 189 190 191 192 194 195 196 197 198 199 200 203 204 205 206 207 208 209 211 213 214 215 216 218 220 221 222 223 224 226 227 228 229 232 233 234 235 236 237 239 240 241 242 243 246 247 252 253 255 256 258 259 260 261 262 263 265 266 267 270 273 274 275 276 278 280 281 282 284 285 286 287 288 289 292 293 294 295 296 297 299 301 302 303 304 306 309 310 311 313 315 316 317 318 319 320 323 324 325 326 327 328 331 332 333 334 339 340 343 344 345 346 347 348 349 350 351 352 353 355 356 357 358 359 360 361 362 363 364 365 367 368 369 370 371 372 373 374 375 376 377 378 379 380 381 383 384 385 386 387 388 389 390 392 0
1 2 4 5 7 11 12 13 14 15 16 17 18 19 21 22 23 24 28 30 31 33 35 36 37 38 39 40 41 44 45 46 49 50 52 54 55 59 60 61 62 64 65 67 68 70 72 73 74 75 76 77 78 82 84 85 86 87 89 96 100 103 104 106 108 109 113 114 116 117 118 119 120 122 123 124 127 128 131 132 134 135 139 140 141 143 0
2 8 10 11 14 15 16 17 18 20 25 26 29 0

21
1 2 3 4 5 6 7 8 9 10 11 12 13 14 15 16 17 18 19 20 21 22 23 24 25 26 27 28 29 30 31 32 33 34 35 36 37 38 39 40 41 42 43 44 45 46 47 48 49 50 51 52 53 54 55 56 57 58 59 60 61 62 63 64 65 66 67 68 69 70 71 72 73 74 75 76 77 78 79 80 81 82 83 84 85 86 87 88 89 90 91 92 93 94 95 96 97 98 99 100 101 102 103 104 105 106 107 108 109 110 111 112 113 114 115 116 117 118 119 120 121 122 123 124 125 126 127 128 129 130 131 132 133 134 135 136 137 138 139 140 141 142 143 144 145 146 147 148 149 150 151 152 153 154 155 156 157 158 159 160 161 162 163 164 165 166 167 168 169 170 171 172 173 174 175 176 177 178 179 180 181 182 183 184 185 186 187 188 189 190 191 192 193 194 195 196 197 198 199 200 201 202 203 204 205 206 207 208 209 210 211 212 213 214 215 216 217 218 219 220 221 222 223 224 225 226 227 228 229 230 231 232 233 234 236 237 238 239 240 241 242 243 244 245 246 247 248 249 250 251 252 253 254 255 256 258 259 261 262 263 264 265 266 267 268 269 270 271 272 273 275 276 277 278 279 280 281 282 283 284 285 286 287 288 289 290 291 292 293 294 295 296 297 298 299 300 301 302 303 304 305 306 307 308 309 310 311 312 313 314 315 316 317 318 319 320 321 322 323 324 325 326 327 328 329 330 331 332 333 335 336 337 338 339 340 341 342 343 344 345 346 347 348 349 350 351 352 353 354 355 356 357 358 359 360 361 362 363 364 365 366 367 368 369 370 371 372 373 374 375 376 377 378 379 380 381 382 383 384 385 386 387 388 389 390 391 392 393 394 395 396 397 398 399 400 401 402 403 404 405 406 407 408 409 410 411 412 413 414 415 416 417 418 419 420 421 422 423 424 425 426 427 428 429 430 431 432 433 434 435 436 437 438 440 441 442 443 444 445 446 447 448 449 450 451 452 453 454 455 456 457 458 459 460 461 462 463 466 467 469 470 471 472 473 474 475 476 477 478 479 480 481 482 483 484 485 486 487 488 489 490 491 492 493 494 495 496 497 498 499 500 501 502 503 504 505 506 507 508 509 510 511 512 513 514 515 516 517 518 519 520 521 522 523 524 525 526 527 528 529 530 531 532 533 534 535 536 537 538 539 540 541 542 543 544 545 546 547 548 549 550 551 552 553 554 556 557 558 559 560 561 562 563 564 565 566 567 568 569 570 571 572 573 574 575 576 577 578 579 580 581 582 583 584 585 586 587 588 589 603 604 605 606 607 608 609 610 611 612 613 614 615 616 617 618 619 620 621 622 623 624 625 626 627 628 629 630 631 632 633 634 635 636 637 638 640 641 645 646 647 648 649 650 651 652 653 654 655 656 657 658 659 660 661 662 663 664 665 666 667 668 669 670 671 672 673 674 675 676 677 678 679 680 681 682 683 684 685 686 687 688 689 691 692 693 694 695 696 697 698 699 700 701 702 703 704 705 706 707 708 709 710 711 713 714 715 718 719 720 721 723 724 725 729 730 731 733 734 735 736 737 738 739 740 741 742 743 744 745 746 747 748 749 750 751 752 753 754 755 756 757 758 759 760 761 762 763 764 765 766 767 768 769 771 772 773 774 778 783 784 0
1 11 14 15 16 17 18 19 20 21 22 25 26 27 28 29 30 31 33 34 35 37 38 39 40 41 43 44 45 46 48 49 50 51 52 53 57 58 59 60 61 62 63 64 65 66 67 68 69 71 72 73 74 75 76 77 78 79 80 81 82 83 85 86 87 88 89 90 91 92 93 94 95 97 99 100 101 102 103 104 105 106 107 108 109 110 111 112 113 114 115 116 117 118 119 120 121 122 123 124 125 127 128 129 130 131 132 133 134 135 136 137 138 139 141 142 143 146 147 148 149 150 151 152 155 156 157 158 159 160 161 162 163 164 165 166 167 169 170 171 172 173 174 175 176 177 178 179 180 183 184 185 186 187 188 189 190 191 192 193 194 195 196 198 199 200 201 202 204 205 206 208 209 210 211 212 213 215 216 217 218 219 224 225 226 228 230 231 232 234 235 237 238 239 240 241 242 244 245 246 247 248 249 252 253 254 255 256 257 259 260 261 262 263 264 266 267 269 270 271 272 275 276 277 278 279 280 281 282 283 284 285 286 287 288 289 290 291 292 293 294 296 297 298 299 300 301 302 303 304 305 306 307 308 312 313 314 315 316 317 318 319 320 321 322 326 327 328 329 330 331 332 333 334 336 341 342 343 345 346 347 348 350 354 355 356 357 359 360 361 362 364 366 367 368 369 370 371 375 376 378 379 380 381 382 383 384 385 386 387 388 389 390 391 392 393 394 395 396 397 398 399 400 401 402 403 404 405 406 408 409 410 411 412 413 414 415 416 417 420 421 422 423 429 430 431 433 436 437 438 440 441 443 444 445 447 449 450 451 452 453 454 455 456 457 458 459 460 461 462 464 466 467 468 471 472 473 475 477 478 479 480 481 482 483 484 485 486 488 490 491 492 493 494 495 496 497 498 499 500 501 503 507 508 509 510 511 513 514 515 517 518 519 520 521 522 523 524 525 526 527 528 529 531 533 534 535 536 537 538 539 540 541 542 543 544 547 548 549 550 551 552 555 556 557 558 559 560 561 565 566 567 570 571 572 573 575 576 577 578 579 580 581 582 584 585 586 587 589 590 591 592 593 594 595 596 597 598 599 600 601 602 604 605 608 609 611 615 616 617 618 619 620 621 622 623 625 627 629 630 631 632 633 635 638 639 640 643 644 645 646 647 648 650 651 652 653 654 655 657 658 659 660 661 662 664 665 666 667 668 671 672 673 674 675 676 678 679 680 681 682 683 684 686 687 688 689 690 691 692 693 694 695 696 700 701 702 703 704 705 706 707 708 709 710 714 716 717 718 719 720 721 723 724 728 730 731 732 733 734 736 737 738 739 741 742 744 745 746 747 748 749 750 751 752 753 754 755 756 758 759 762 763 764 765 766 767 768 770 773 774 775 776 777 780 781 784 0
1 2 3 4 5 6 7 9 10 11 12 14 15 16 17 18 19 20 21 22 23 24 25 26 27 28 29 30 31 32 33 34 35 36 37 38 39 40 41 42 43 47 48 49 51 54 55 57 58 59 61 62 64 65 66 67 68 69 71 72 73 74 75 76 78 79 80 81 82 83 84 85 87 88 90 91 92 93 94 95 96 97 98 103 104 105 106 107 109 110 111 112 113 114 115 116 117 118 119 120 121 122 123 124 125 126 127 128 129 130 131 132 133 135 137 138 139 140 141 142 143 144 145 146 147 148 149 150 153 154 155 156 157 158 159 161 162 163 164 165 166 167 168 169 170 171 172 173 174 175 176 177 178 179 180 185 186 187 189 190 191 193 196 197 198 199 200 201 202 204 205 206 207 208 209 211 213 214 215 216 218 219 220 221 222 223 224 225 226 228 229 230 231 233 234 235 236 237 238 240 241 243 244 245 246 247 248 250 251 252 254 255 256 257 258 260 261 262 263 264 266 267 268 269 270 271 272 274 275 276 277 278 279 282 283 284 285 286 287 289 290 291 292 293 294 295 297 298 299 300 301 302 303 304 305 306 309 310 311 312 313 314 316 317 318 319 320 321 324 325 326 327 328 332 333 334 335 337 339 340 342 343 344 345 346 347 349 351 352 353 354 355 356 357 358 359 360 361 362 363 364 365 366 367 368 370 371 373 374 375 376 377 378 380 381 382 383 384 385 388 390 391 392 0
1 2 3 4 5 6 8 9 10 11 12 13 14 15 16 17 18 19 20 21 22 23 24 25 26 27 28 29 30 32 33 34 36 37 38 40 42 43 44 45 46 47 48 49 50 51 52 53 54 56 57 60 63 65 66 68 69 70 71 72 73 74 75 76 77 78 79 80 81 82 83 84 85 88 89 90 91 93 94 95 96 97 98 99 100 101 102 103 104 105 106 107 108 109 110 111 112 113 114 115 116 117 118 119 120 121 122 123 124 125 126 128 129 130 131 132 133 134 136 137 138 139 140 141 142 143 144 145 146 147 148 149 151 152 153 154 155 156 157 159 160 161 162 163 165 167 168 169 170 171 172 173 174 175 177 178 179 180 181 182 183 186 187 188 189 191 193 194 195 196 197 200 202 203 204 206 207 211 213 214 215 216 217 218 219 220 221 222 223 224 225 226 227 228 229 230 231 232 233 234 235 236 237 239 240 241 242 243 244 245 246 247 248 249 250 251 252 254 256 257 258 259 260 262 263 264 265 266 267 268 269 270 271 272 273 274 275 276 277 278 279 280 281 282 283 284 285 286 287 288 289 290 291 292 293 294 295 296 297 298 299 301 302 303 304 305 306 308 309 310 311 312 313 315 316 317 318 319 320 322 325 326 327 328 329 332 334 335 336 338 341 342 343 344 345 346 347 348 349 350 352 354 357 358 359 360 361 362 364 365 366 367 368 369 370 371 372 373 374 375 376 377 378 379 380 381 382 383 384 385 387 389 390 391 392 0
1 2 4 5 6 7 8 9 10 11 12 13 14 17 18 19 20 21 22 23 26 27 30 31 32 33 34 35 36 37 38 40 42 43 45 46 47 49 50 51 53 54 55 56 57 59 60 62 63 64 65 67 68 69 70 71 72 73 74 75 76 77 78 79 80 82 83 84 85 86 87 88 89 91 93 94 95 96 97 98 100 101 102 103 104 106 110 111 113 115 116 117 118 122 124 125 126 127 130 131 132 133 135 136 137 138 141 142 143 144 0
2 4 5 7 8 9 12 13 15 16 17 18 19 21 23 26 28 30 32 0

22
1 2 3 4 5 6 7 8 9 10 11 12 13 14 15 16 17 18 19 20 21 22 23 24 25 26 27 28 29 30 31 32 33 34 35 36 37 38 39 40 41 42 43 44 45 46 47 48 49 50 51 52 53 54 55 56 57 58 59 60 61 62 63 64 65 66 67 68 69 70 71 72 73 74 75 76 77 78 79 80 81 82 83 84 85 86 87 88 89 90 91 92 93 95 96 97 98 99 100 101 102 103 104 105 106 107 108 109 110 111 112 113 114 115 116 117 118 119 120 121 122 123 124 125 126 127 128 129 130 131 132 133 134 135 136 137 138 139 140 141 142 143 144 145 146 147 148 149 150 151 152 153 154 155 156 157 158 159 160 161 162 163 164 165 166 167 168 169 170 171 172 173 174 175 176 177 178 179 180 181 182 183 184 185 186 187 188 189 190 191 192 193 194 195 196 197 198 199 200 201 202 203 204 205 206 207 208 209 210 211 212 213 214 215 216 217 218 219 220 221 222 223 224 225 226 227 228 229 230 231 232 233 234 235 237 238 239 240 241 242 243 244 245 246 247 248 249 250 251 252 253 254 255 256 257 258 259 260 261 262 263 264 265 266 267 268 269 270 272 273 274 275 276 277 278 279 280 281 282 283 284 285 286 287 288 289 290 291 292 293 294 295 296 297 298 299 300 301 302 303 304 305 306 307 308 309 310 311 312 313 314 315 316 317 318 319 320 321 322 323 324 325 326 327 328 329 330 331 332 333 334 335 336 337 338 339 340 341 342 343 344 345 346 347 348 349 350 351 352 353 354 355 356 357 358 359 360 361 362 363 364 365 366 367 368 369 370 371 372 373 374 375 376 377 378 379 380 381 382 383 384 385 386 387 388 389 390 391 392 393 394 395 396 397 398 399 400 401 402 403 404 405 406 407 408 409 410 411 412 413 414 415 416 417 418 419 420 421 422 423 424 425 426 427 428 429 430 431 432 433 434 435 436 437 438 439 440 441 442 443 444 445 446 447 448 449 450 451 452 453 454 455 456 457 458 459 460 461 462 463 464 465 466 467 468 469 470 471 472 473 474 475 476 477 478 479 480 481 482 483 484 485 486 487 488 489 490 491 492 493 494 495 496 497 498 499 500 501 502 503 504 505 506 507 508 509 510 511 512 513 514 515 516 517 518 519 520 521 522 523 524 525 526 527 528 529 530 531 532 533 534 535 536 537 538 539 540 541 542 543 544 545 546 547 548 549 550 551 552 553 554 555 556 557 558 559 560 561 562 563 564 565 566 567 568 569 570 571 572 573 574 575 576 577 578 579 580 581 582 583 584 585 586 587 588 589 590 594 595 596 597 598 603 605 606 607 609 610 611 612 613 616 617 618 619 621 622 623 624 625 626 627 629 632 634 635 636 637 638 639 640 641 642 643 644 645 646 647 648 649 650 651 652 653 654 655 656 657 658 659 660 661 662 663 664 666 667 668 669 670 671 672 673 676 677 678 679 680 681 682 683 684 685 686 687 688 689 690 691 692 693 694 695 696 697 698 699 700 701 702 703 704 705 709 710 711 712 713 714 717 718 719 720 721 722 723 724 725 729 730 731 733 734 735 736 737 738 740 741 742 743 744 745 746 747 748 749 750 751 757 758 759 761 762 763 764 766 767 768 769 771 775 777 778 779 780 781 782 783 784 0
1 8 9 14 15 16 20 21 22 23 24 25 26 27 29 30 33 34 35 36 37 38 39 40 41 43 44 47 48 49 50 51 52 53 54 57 58 59 60 61 62 63 64 65 66 67 68 71 72 74 75 76 77 78 79 80 81 82 83 84 85 86 88 89 90 92 93 94 95 96 97 98 99 101 102 103 104 105 107 108 109 110 112 113 115 116 117 118 119 120 121 122 123 124 125 126 127 128 129 130 131 132 133 134 135 136 137 138 140 141 142 143 144 145 146 147 148 149 150 153 155 156 157 158 159 160 161 162 163 165 166 169 170 174 175 183 184 185 186 187 189 190 191 192 193 194 195 196 197 198 202 203 204 205 206 210 216 217 218 219 221 224 229 230 231 232 233 234 235 238 242 243 244 245 246 247 248 249 250 252 255 256 257 258 259 260 261 262 263 264 265 266 268 269 270 272 273 274 275 276 277 278 279 280 282 283 285 286 287 288 289 290 291 292 294 296 297 298 299 300 301 304 305 306 307 308 312 313 314 318 319 320 321 322 325 326 327 328 329 330 331 332 333 334 336 339 340 341 342 343 344 345 346 347 348 350 353 354 355 356 357 358 359 360 361 364 369 370 371 372 373 378 379 380 381 382 383 384 385 386 387 388 389 390 391 392 393 394 395 396 397 398 399 400 401 402 403 404 405 406 408 409 410 411 414 415 416 417 419 421 422 423 424 425 426 427 428 429 430 431 433 434 435 438 439 440 441 442 443 444 445 446 447 449 450 452 453 454 455 456 457 458 460 461 462 463 464 465 466 467 468 469 470 471 472 473 474 475 476 477 480 481 482 484 485 486 487 488 490 491 492 493 494 495 496 497 498 499 500 501 502 503 504 506 507 508 509 511 512 514 515 516 517 518 519 520 521 522 523 525 526 527 528 529 530 531 533 534 535 536 537 538 539 540 541 542 543 545 546 547 548 549 550 551 552 553 554 555 556 558 559 561 563 564 565 566 567 568 570 571 572 573 575 576 577 578 579 580 581 582 583 584 585 586 587 589 590 591 592 593 594 595 596 597 598 599 600 601 602 604 605 606 607 608 609 610 612 616 618 619 620 622 623 624 625 626 628 630 632 633 637 639 640 641 642 643 644 646 649 650 651 652 653 654 655 656 658 660 661 662 663 664 665 666 667 668 669 670 671 672 676 677 678 679 680 681 682 683 684 685 686 688 689 690 691 692 694 695 696 697 698 699 700 702 703 704 707 709 710 711 712 714 716 717 718 719 720 721 722 723 724 725 726 728 730 731 732 733 735 736 737 738 739 741 742 744 745 746 747 748 749 750 751 752 754 755 756 758 759 760 761 762 763 764 765 767 768 769 770 784 0
1 2 3 4 5 6 7 8 9 10 11 12 13 15 16 17 18 20 21 22 23 24 25 26 27 28 29 30 31 32 33 34 35 36 37 38 39 40 41 42 43 44 45 46 47 54 55 57 59 60 61 62 63 64 65 66 67 68 69 70 71 72 74 75 76 77 78 79 80 81 82 83 84 85 87 88 89 90 94 96 97 99 100 101 102 104 105 109 110 111 112 114 115 116 117 118 119 120 121 122 123 124 125 126 127 128 129 130 131 132 133 134 135 136 137 138 139 140 142 143 144 145 147 151 152 154 157 158 159 161 163 164 165 166 167 168 169 170 171 172 173 174 175 176 177 179 180 181 182 183 184 185 186 187 190 191 192 197 198 199 200 202 208 209 210 212 213 214 215 216 217 218 219 220 221 223 224 225 226 227 228 229 230 231 232 233 234 235 236 237 241 242 243 244 245 246 247 248 250 251 252 255 256 257 258 259 261 262 263 264 265 266 267 268 270 271 272 273 276 277 278 279 282 283 284 286 287 289 290 291 292 293 294 298 299 301 304 306 307 310 312 313 314 315 316 318 319 320 321 322 323 324 325 327 328 329 330 331 332 334 335 336 337 339 341 342 346 347 348 353 354 355 356 357 358 359 360 361 362 363 364 365 366 367 368 369 370 371 372 373 374 376 377 378 380 381 382 383 384 385 387 388 389 390 391 392 0
6 7 12 13 14 16 17 18 19 20 21 22 23 27 28 29 30 35 36 37 39 42 43 44 45 46 47 48 49 52 53 54 55 56 57 58 59 60 61 63 64 66 67 68 69 70 71 72 73 74 76 77 78 81 82 83 84 85 86 87 88 89 90 91 92 93 94 97 98 104 105 107 108 109 110 111 112 114 115 116 117 118 119 120 121 122 123 124 125 126 127 129 130 132 133 134 135 137 138 139 141 142 143 144 145 146 149 150 151 152 153 156 157 158 159 160 161 162 163 164 165 166 167 168 169 171 172 175 176 177 178 179 180 181 182 183 184 185 186 187 188 189 190 191 192 194 195 196 198 199 201 202 203 204 205 206 207 208 209 211 212 213 214 215 216 217 219 220 222 223 224 226 228 229 230 231 232 233 234 235 239 241 243 244 245 246 247 248 249 250 251 252 253 254 255 256 258 259 260 262 263 264 265 266 269 270 271 272 273 274 275 276 277 278 279 280 281 282 283 284 285 286 287 288 289 290 291 292 294 295 296 297 298 299 300 301 302 303 304 305 306 307 308 311 313 314 315 317 318 320 321 322 323 325 326 327 328 329 331 332 333 334 335 336 338 339 340 341 342 343 344 345 346 347 348 349 350 351 352 353 354 356 357 358 359 360 361 362 363 364 366 367 368 369 370 371 372 374 375 377 378 379 381 382 383 384 385 387 388 389 392 0
1 2 4 5 8 11 13 14 15 17 19 20 21 23 25 28 30 33 34 37 39 40 42 43 44 45 46 49 51 52 53 54 55 56 58 59 60 61 64 65 66 67 68 69 70 73 74 76 80 81 83 84 85 86 87 90 91 93 94 95 98 99 100 101 102 103 104 106 107 108 111 112 113 114 115 116 117 119 120 122 123 124 125 126 127 128 129 130 131 132 133 135 137 138 140 141 142 143 144 0
1 4 6 10 12 14 18 21 22 23 24 29 30 31 32 0

23
1 2 3 4 5 6 7 8 9 10 11 12 13 14 15 16 17 18 19 20 21 22 23 24 25 26 27 28 29 30 31 32 33 34 35 36 37 38 39 40 41 42 43 44 45 46 47 48 49 50 51 52 53 54 55 56 57 58 59 60 61 62 63 64 65 66 67 68 69 70 71 72 73 74 75 76 77 78 79 80 81 82 83 84 85 86 87 88 89 90 91 92 93 94 95 96 97 98 99 100 101 102 103 104 105 106 107 108 109 110 111 112 113 114 115 116 117 118 119 120 121 122 123 124 125 126 127 128 129 130 131 132 133 134 135 136 137 138 139 140 141 142 143 144 145 147 148 149 150 151 152 153 154 155 156 157 158 159 160 161 162 163 164 165 166 167 168 169 170 171 172 174 175 176 177 178 179 180 181 182 183 184 185 186 187 188 189 190 191 192 193 194 195 196 197 198 199 200 201 202 203 204 205 206 207 208 209 210 211 212 213 214 215 216 217 218 219 220 221 222 223 224 225 226 227 228 229 230 231 232 234 236 237 238 239 240 241 242 243 244 245 246 247 248 249 250 251 252 253 254 255 256 257 258 259 260 261 262 263 264 265 266 267 268 269 270 271 273 274 275 276 277 278 279 280 281 282 283 284 285 286 287 289 290 291 292 293 294 295 296 297 298 299 300 301 302 303 304 305 306 307 308 309 310 311 312 313 314 315 316 317 318 319 320 321 322 323 324 325 326 327 328 329 330 331 332 333 334 335 336 337 338 339 340 341 343 344 345 346 347 348 349 350 351 352 353 354 355 356 357 358 359 360 361 362 363 364 365 366 367 368 369 370 371 372 373 374 375 376 377 378 379 380 381 382 383 384 385 386 387 388 389 390 391 392 393 394 395 396 397 398 399 400 401 402 403 404 405 406 407 408 409 410 411 412 413 414 415 416 417 418 419 420 421 422 423 424 425 426 427 428 429 430 431 432 433 434 435 436 437 438 439 440 441 442 443 444 445 446 447 448 449 450 451 452 453 454 455 456 458 459 460 461 462 463 464 465 466 467 468 469 470 471 472 473 474 475 476 477 478 479 480 481 482 483 484 485 486 487 488 489 490 491 492 493 494 495 496 498 499 500 501 502 503 504 505 506 507 508 510 511 512 513 514 515 516 517 518 519 520 521 522 523 524 526 527 528 529 530 531 532 533 534 535 536 537 538 539 540 541 542 543 544 545 546 547 548 549 550 551 553 554 555 556 557 558 559 560 561 562 563 564 565 566 567 568 569 570 571 572 573 574 575 576 577 578 580 581 582 583 584 585 586 587 588 589 590 591 592 593 594 595 596 597 598 599 600 601 602 603 604 605 607 608 609 610 611 612 614 615 616 617 618 619 620 621 622 624 625 628 629 630 634 636 637 638 639 640 641 644 645 646 647 650 651 652 653 654 655 656 659 663 664 667 668 669 672 673 674 675 676 677 678 679 680 681 682 683 684 685 686 687 688 689 690 691 693 694 695 696 697 698 699 701 702 703 704 705 706 707 709 711 712 713 714 715 716 717 718 719 720 721 723 724 725 726 727 728 734 736 737 738 739 740 741 742 743 744 745 746 747 748 749 750 752 753 754 755 756 757 758 759 760 761 762 763 764 765 766 767 768 769 770 771 772 773 774 775 776 777 778 779 780 781 782 783 784 0
1 14 15 16 17 18 19 20 21 22 23 24 25 26 27 28 29 30 31 32 33 34 35 37 38 39 40 41 42 43 44 46 47 48 49 50 51 52 53 55 57 58 62 64 65 66 67 68 69 71 72 73 74 75 76 77 78 79 80 81 83 85 86 87 88 91 92 93 94 95 96 97 99 100 101 102 103 104 105 106 107 108 110 111 113 114 115 116 117 118 119 120 121 122 123 124 125 126 127 128 129 130 132 133 134 135 136 137 138 139 140 141 142 143 145 146 147 148 150 151 152 153 154 155 156 157 158 159 160 161 162 163 164 165 166 167 168 169 170 171 172 173 174 175 177 178 179 180 181 182 183 184 185 186 187 188 189 190 191 192 193 194 195 196 197 198 199 200 201 202 203 204 205 206 207 208 209 210 212 213 214 215 216 217 218 219 220 222 223 224 226 227 228 230 231 232 233 234 236 237 238 240 243 244 245 246 247 248 249 250 251 252 254 258 259 260 261 262 263 266 268 270 271 273 274 275 276 277 280 282 283 284 285 286 287 288 289 290 291 292 293 294 296 297 300 301 302 303 304 305 306 307 308 310 311 313 314 315 316 317 318 319 320 321 322 324 325 327 328 329 330 331 332 333 334 335 336 338 339 340 343 344 345 346 347 348 349 350 352 353 356 357 358 360 361 362 363 364 366 367 370 371 372 373 374 375 376 377 378 379 380 381 382 383 384 385 386 387 388 389 390 391 392 393 394 395 396 397 398 399 400 401 402 403 404 405 406 407 409 410 411 412 414 417 418 419 421 422 424 425 426 427 428 429 430 431 432 433 434 435 436 437 438 440 441 442 443 444 445 447 449 450 451 452 454 455 456 457 458 459 461 463 464 465 468 470 471 472 474 475 477 480 481 482 483 485 486 488 489 491 492 493 494 495 496 497 498 499 500 501 504 506 507 508 509 510 511 512 513 515 516 517 519 522 523 524 525 526 527 532 534 535 538 539 540 542 543 544 545 546 547 550 551 552 553 555 556 557 558 559 561 562 563 564 565 566 567 574 575 576 577 578 580 581 582 583 584 585 586 587 589 590 591 592 593 594 595 596 597 598 599 600 601 602 603 604 605 606 607 608 609 610 611 612 613 614 615 616 617 618 619 620 621 622 623 624 625 626 629 630 632 633 634 635 636 639 640 641 642 643 644 646 647 648 650 651 652 653 654 655 657 658 660 661 664 665 666 667 669 670 671 672 674 675 677 678 680 681 682 685 686 687 690 691 692 693 694 695 696 697 699 700 702 703 704 705 706 707 708 711 712 713 714 715 718 719 720 721 722 725 726 727 728 730 731 732 734 735 736 737 742 744 745 747 748 752 753 754 755 756 757 758 759 760 761 762 763 765 766 770 771 772 773 774 775 776 777 778 779 780 781 782 783 784 0
1 2 3 4 5 6 7 8 9 10 12 13 15 16 17 18 20 21 22 23 24 25 26 27 28 29 31 32 33 34 36 37 39 40 41 42 43 45 46 47 48 49 54 55 60 61 62 64 66 67 68 69 71 73 74 75 76 81 82 84 88 89 91 92 93 94 95 96 97 98 99 100 101 102 103 104 105 109 110 112 116 117 118 119 120 121 122 123 124 125 126 127 128 129 130 131 133 134 135 136 137 138 139 140 141 142 143 144 146 147 154 158 164 165 166 167 168 169 170 171 172 173 175 177 178 179 181 185 186 187 188 189 190 191 192 194 195 197 198 199 200 201 202 203 205 206 207 208 209 210 213 214 215 216 219 220 221 222 223 226 227 228 229 230 231 233 234 235 236 237 238 240 241 242 243 244 245 246 247 248 249 250 251 252 253 254 257 258 260 261 263 264 265 267 268 269 270 271 272 273 274 275 276 277 278 280 281 282 283 285 286 287 288 289 290 291 294 298 299 301 304 306 309 311 313 314 316 317 318 319 320 321 324 325 326 327 329 330 331 333 334 335 336 337 338 339 340 341 342 343 347 349 350 352 353 354 357 359 360 361 363 364 365 366 367 368 369 370 371 373 374 375 376 377 380 381 382 383 388 389 390 392 0
6 8 10 11 16 17 18 19 23 24 25 26 27 28 30 32 34 35 39 40 41 42 43 44 45 46 48 49 50 52 53 54 56 58 59 61 63 64 65 66 67 68 70 71 72 73 74 75 76 77 79 80 81 82 83 84 85 87 88 89 90 91 92 93 94 96 97 98 99 100 104 105 106 107 108 109 111 112 113 114 115 116 118 119 120 121 123 124 125 126 128 129 130 131 132 134 135 136 137 139 141 142 143 144 145 146 147 148 149 150 151 152 153 155 156 157 158 159 160 161 163 165 166 167 168 169 170 171 172 173 174 175 177 178 179 180 181 182 183 184 185 186 188 191 192 193 194 195 196 197 198 199 200 201 202 204 205 206 207 208 209 211 213 215 217 218 219 220 221 222 223 224 225 227 228 229 230 231 232 233 234 235 236 238 239 240 241 242 243 244 246 247 248 249 250 251 252 253 254 255 258 259 260 262 263 265 266 268 269 270 273 274 275 276 278 279 280 281 282 283 284 285 286 287 288 289 292 293 294 295 297 300 301 302 303 304 305 306 307 308 309 310 312 313 315 317 320 323 324 325 326 327 328 330 331 332 333 336 339 340 341 343 344 345 346 347 348 349 350 351 352 353 354 355 356 357 358 359 360 361 362 363 364 365 367 368 369 370 371 372 374 375 376 377 378 379 380 381 382 383 385 386 388 389 390 392 0
1 2 4 5 7 8 9 15 16 17 18 19 20 21 23 24 28 30 31 32 33 35 36 37 41 43 45 46 47 48 49 50 51 52 53 54 55 56 57 60 61 62 64 65 67 68 70 72 73 74 75 76 77 79 83 84 86 87 90 92 93 94 95 96 97 99 100 102 104 106 108 112 114 115 116 119 122 127 128 129 130 132 134 138 140 143 144 0
2 8 10 11 13 15 16 17 18 19 21 26 32 0

24
1 2 3 4 5 6 7 8 9 10 11 12 13 14 15 16 17 18 19 20 21 22 23 24 25 26 27 28 29 30 31 32 33 34 35 36 37 38 39 40 41 42 43 44 45 46 47 48 49 50 51 52 53 54 55 56 57 58 59 60 61 62 63 64 65 66 67 68 69 70 71 72 73 74 75 76 77 78 79 80 81 82 83 84 85 86 87 88 89 90 92 93 94 95 96 97 98 99 100 101 102 103 104 105 106 107 108 109 110 111 112 113 114 115 116 117 118 119 120 121 122 123 124 125 126 127 128 129 130 132 133 134 135 136 137 138 139 140 141 142 143 144 145 146 147 148 149 150 151 152 153 154 155 156 157 158 159 160 161 162 163 164 165 166 167 168 169 170 171 172 173 174 175 176 177 178 179 180 181 182 183 184 185 186 187 188 189 190 191 192 193 194 195 196 197 198 199 200 201 202 203 204 205 206 207 208 209 210 211 212 213 214 215 216 217 218 219 220 221 222 223 224 225 226 227 228 229 230 231 232 233 234 235 237 238 239 240 241 242 243 244 245 246 247 248 249 250 251 252 253 254 255 256 257 258 259 260 261 262 263 264 265 266 267 268 269 270 271 272 273 274 275 276 277 278 279 280 281 282 283 284 285 286 288 289 290 291 292 293 294 295 296 297 298 299 301 302 303 304 305 306 307 308 309 310 311 312 313 314 315 316 317 318 319 320 321 322 323 324 325 326 327 328 329 330 331 332 333 334 335 336 337 338 339 340 341 342 343 344 345 346 347 348 349 350 351 352 353 355 356 357 358 359 360 361 362 363 364 365 366 367 368 369 370 371 372 373 374 375 376 377 378 379 380 381 382 383 384 385 386 387 388 389 390 391 392 393 394 395 396 397 398 399 400 401 402 403 404 405 406 407 408 409 410 411 412 413 414 415 416 417 418 419 420 421 422 423 424 425 426 427 428 429 430 431 433 434 435 436 437 438 439 440 441 442 443 444 445 447 448 449 450 451 452 453 454 455 456 457 458 459 460 461 462 463 464 465 466 467 468 469 470 471 472 473 474 475 476 477 478 479 480 481 482 483 484 485 486 487 488 489 490 491 492 493 494 495 496 497 498 499 500 501 502 503 504 505 506 507 508 509 510 511 512 513 514 515 516 517 518 519 520 521 522 523 524 525 526 527 528 529 530 531 532 533 534 535 536 537 538 539 540 541 542 543 544 545 546 547 548 549 550 551 552 553 554 555 556 557 558 559 560 561 562 563 564 565 566 567 568 569 570 571 572 573 574 575 576 577 578 579 580 581 582 583 584 585 586 587 588 592 593 594 595 603 604 605 606 607 608 609 610 611 612 613 616 624 625 626 627 628 629 630 631 632 634 638 639 640 641 642 643 644 645 646 647 648 649 650 651 652 653 654 655 657 658 659 660 661 665 666 667 668 669 670 671 672 673 674 675 678 679 680 681 682 683 684 685 686 687 688 689 691 692 693 694 695 701 702 703 704 705 706 707 708 710 711 712 713 714 716 717 718 719 720 721 722 723 726 727 728 729 731 732 733 734 735 738 739 740 743 744 745 746 747 748 749 750 751 752 753 754 755 756 757 758 759 760 761 762 764 765 766 767 768 769 770 771 772 773 774 775 776 777 779 780 781 782 783 784 0
1 6 7 14 15 16 17 19 20 21 22 23 24 25 26 27 29 32 33 34 35 36 37 38 39 40 41 43 44 46 47 48 49 51 52 53 54 55 56 57 58 61 62 64 65 66 67 68 69 70 71 72 78 79 80 81 82 83 84 85 86 89 91 92 93 94 96 97 98 99 100 101 104 105 106 107 108 109 110 111 113 114 115 117 118 119 120 121 123 124 125 127 128 129 131 132 133 134 138 139 141 142 143 145 146 147 148 150 151 152 155 156 157 158 159 160 161 163 164 165 166 167 169 170 171 172 173 174 175 176 177 178 179 180 181 183 184 185 186 187 188 189 190 191 192 193 194 195 196 198 199 200 201 202 203 204 205 206 207 210 216 217 218 219 220 221 224 231 232 233 234 235 237 238 245 246 248 249 250 251 252 258 259 260 261 262 263 264 265 266 268 273 275 276 277 278 279 280 282 283 288 289 290 291 292 293 294 295 296 298 299 300 301 302 303 304 308 310 313 315 316 317 318 322 324 328 329 330 331 334 335 336 338 339 340 342 343 344 347 348 349 350 352 353 354 355 356 357 358 360 361 362 363 364 365 366 367 368 369 370 371 373 374 375 376 377 378 379 380 381 382 383 384 385 386 387 388 389 390 391 392 393 394 395 396 397 398 399 400 401 402 403 404 405 406 407 408 411 412 413 414 415 416 417 418 419 421 422 423 424 425 426 427 428 429 431 432 434 435 436 437 439 440 441 442 443 444 445 446 448 449 450 451 452 453 454 455 456 457 458 459 460 461 462 464 465 466 467 468 469 470 471 472 473 474 475 476 477 480 482 483 484 485 486 487 488 489 491 495 497 498 499 501 502 503 505 506 507 510 511 512 515 516 517 520 521 523 524 525 526 527 528 529 530 533 534 535 536 537 538 539 541 542 545 547 550 551 552 553 554 558 559 561 563 564 565 566 567 568 569 570 574 575 576 577 578 579 580 581 582 583 584 585 586 587 589 590 591 592 593 594 595 596 597 598 599 600 601 602 604 605 609 611 612 616 618 619 620 621 622 623 624 625 626 627 630 632 633 634 635 636 638 639 640 641 642 643 644 646 647 648 649 650 651 652 653 654 655 658 660 661 662 663 665 666 667 668 671 672 674 675 676 679 680 681 682 683 686 687 688 689 692 693 694 695 696 697 698 699 700 701 702 703 706 707 708 711 712 713 714 716 717 719 720 721 724 725 726 727 728 730 732 733 734 737 738 739 740 741 742 744 745 746 747 748 751 752 753 754 755 756 757 759 760 761 762 763 764 765 766 767 768 769 770 771 772 773 774 775 776 777 778 779 780 781 782 783 784 0
1 2 3 4 5 7 8 11 12 13 15 16 18 19 20 21 22 23 25 26 27 28 29 31 32 33 34 36 37 38 39 40 41 43 44 45 46 47 49 54 55 56 61 62 64 67 68 69 70 71 74 75 76 78 80 81 82 85 86 88 89 92 93 94 95 96 97 99 100 101 102 103 104 105 109 110 111 112 116 117 118 119 122 123 124 125 126 129 130 131 133 134 135 136 137 138 140 141 142 143 144 146 147 152 154 158 159 161 165 166 167 168 171 172 173 177 178 179 184 185 186 190 191 192 195 196 197 201 206 208 209 210 214 216 217 220 221 222 223 226 227 228 229 230 231 233 234 235 236 238 239 240 242 243 244 245 246 247 248 250 251 254 255 257 258 265 266 268 270 271 274 275 276 277 280 281 283 287 288 289 290 291 294 298 299 301 306 307 309 313 314 315 316 319 320 321 323 325 326 327 330 331 332 333 334 337 338 339 340 341 342 343 346 348 352 354 355 356 357 359 360 361 362 363 364 366 367 368 369 370 373 374 376 379 380 381 382 383 384 387 388 389 390 392 0
4 6 7 11 12 13 14 17 18 19 20 23 24 25 27 28 30 31 33 36 37 38 40 42 43 44 45 46 47 48 49 52 53 54 56 59 61 63 64 65 67 69 70 71 72 74 75 77 78 81 82 83 86 87 88 89 90 92 93 94 95 96 104 105 108 109 110 111 112 115 116 118 119 120 122 125 126 127 129 133 134 135 136 138 140 141 142 143 144 145 147 150 151 152 153 154 155 156 159 160 161 162 163 165 166 167 168 170 171 173 174 175 177 178 179 181 182 184 185 186 187 188 190 191 192 193 194 195 197 198 202 204 205 206 207 208 209 210 211 212 213 214 215 216 218 220 222 223 225 227 228 229 230 232 234 235 236 239 240 241 242 243 246 247 248 249 250 251 252 253 254 255 256 257 258 259 260 261 262 263 264 265 266 267 268 269 270 271 273 274 276 277 278 280 281 282 284 286 287 288 289 290 292 293 294 295 296 299 301 302 304 305 306 307 308 312 313 315 319 320 324 325 326 329 330 331 332 333 339 340 341 343 344 345 346 347 348 349 350 351 352 353 354 355 356 357 358 359 360 361 363 364 365 366 367 368 369 370 371 374 376 377 378 379 380 382 383 386 387 388 389 390 392 0
1 2 3 4 5 6 7 8 9 10 11 13 14 15 16 18 19 20 21 23 24 25 28 29 30 31 32 33 34 35 36 37 38 39 40 42 44 45 46 49 52 53 55 56 57 58 59 60 61 62 65 66 67 68 70 71 72 73 74 75 76 77 79 82 83 84 85 88 89 92 93 94 95 96 97 99 100 101 102 106 108 111 113 114 116 117 120 121 126 127 129 130 133 137 138 140 141 142 144 0
3 4 7 10 12 17 20 22 27 28 29 31 0

25
1 2 3 4 5 6 7 8 9 10 11 12 13 14 15 16 17 18 19 20 21 22 23 24 25 26 27 28 29 30 31 32 33 34 35 36 37 38 39 40 41 42 43 44 45 46 47 48 49 50 51 52 53 54 55 56 57 58 59 60 61 62 63 64 65 66 67 68 69 70 71 72 73 74 75 76 77 78 79 80 81 82 83 84 85 86 87 88 89 90 91 92 93 94 95 96 97 98 99 100 101 102 103 104 105 106 107 108 109 110 111 112 113 114 115 116 117 118 119 120 121 122 123 124 125 126 127 128 129 130 131 132 133 134 135 136 137 138 139 140 141 142 143 144 145 146 147 148 149 150 151 152 153 154 155 156 157 158 159 160 161 162 163 164 165 166 167 168 169 170 171 172 173 174 175 176 177 178 179 180 181 182 183 184 185 186 187 188 189 190 191 192 193 194 195 196 197 198 199 200 201 202 203 204 205 206 207 208 209 210 211 212 213 214 215 216 217 218 219 220 221 222 223 224 225 226 227 228 229 230 231 232 233 234 235 236 237 238 239 240 241 242 243 244 246 247 248 249 250 251 252 253 254 255 256 257 258 259 260 261 262 263 264 265 266 267 268 269 271 272 273 274 275 276 277 278 279 280 281 282 283 284 285 286 287 288 289 290 291 292 293 294 295 296 297 298 299 300 301 302 303 304 305 306 307 308 309 310 311 312 313 314 316 317 318 319 320 321 322 323 324 325 326 327 328 329 330 331 332 333 334 335 336 337 338 340 341 342 343 344 345 346 347 348 349 350 351 352 353 354 355 356 357 358 359 360 361 362 363 364 365 366 367 368 369 370 371 372 373 374 375 376 377 378 379 380 381 382 383 384 385 386 387 388 389 390 391 392 393 394 395 396 397 398 399 400 401 402 403 404 405 406 407 408 409 410 411 412 413 414 415 416 417 418 419 420 421 422 423 424 425 426 427 428 429 430 431 432 433 434 435 436 437 438 439 440 441 443 444 445 446 447 448 449 450 451 452 453 454 455 456 457 458 459 460 461 462 463 464 465 466 467 468 469 470 471 472 473 474 475 476 477 478 479 480 481 482 483 484 485 486 487 488 489 490 491 492 493 494 495 496 497 498 499 500 501 502 503 504 505 506 507 508 509 510 511 512 513 514 515 516 517 518 519 520 521 522 523 524 525 526 527 529 530 531 532 533 534 535 536 537 538 539 540 541 542 543 544 545 546 547 548 549 550 551 552 553 554 555 556 557 558 559 560 561 562 563 564 565 566 567 568 569 570 571 572 573 574 575 576 577 578 579 580 581 582 583 584 585 586 587 588 589 590 591 592 593 594 595 596 597 598 599 600 601 602 603 604 605 607 608 610 611 612 613 614 615 616 617 618 619 620 621 622 623 624 625 626 627 628 629 630 631 632 633 634 635 636 637 638 639 640 641 642 643 644 645 646 647 648 649 650 651 652 653 655 656 657 658 659 660 661 662 663 664 665 666 667 668 669 671 673 674 677 678 679 680 681 682 683 684 685 687 688 689 690 691 692 693 694 695 696 697 698 701 702 703 707 708 709 710 711 713 715 718 719 720 721 722 723 724 725 726 728 729 731 732 733 734 735 736 737 738 739 740 741 742 743 744 745 746 747 748 750 751 752 753 756 757 758 759 762 763 764 765 766 767 768 769 770 771 772 773 774 775 776 777 778 779 780 781 782 783 784 0
1 7 8 9 10 11 12 14 15 16 17 18 19 20 22 23 24 25 26 27 28 29 30 31 32 33 34 35 36 37 38 40 41 42 43 44 45 46 47 49 50 51 52 54 55 56 57 58 59 60 61 62 63 64 65 66 67 68 69 70 71 72 73 74 75 76 77 78 79 80 81 82 85 86 87 88 89 91 92 93 94 95 96 99 100 101 102 104 106 107 108 110 111 113 114 117 118 120 121 122 123 127 130 131 132 133 134 135 136 137 138 139 141 142 143 144 145 146 147 149 150 152 153 155 156 157 158 159 163 164 165 166 167 168 169 170 171 176 177 178 179 180 181 182 183 184 185 186 187 188 189 190 191 192 193 194 195 196 197 198 199 200 201 202 203 204 205 207 208 209 210 212 213 214 215 216 217 218 219 220 221 222 223 224 226 227 228 229 230 231 232 233 234 235 236 237 238 240 241 242 243 244 245 246 247 248 250 251 252 254 255 256 257 258 259 260 261 262 264 265 266 268 269 270 271 272 273 274 275 276 278 279 280 282 284 285 286 287 288 289 290 291 294 299 300 301 302 303 304 305 308 310 311 312 313 315 316 317 318 319 322 324 325 326 328 329 330 331 332 333 336 339 340 341 342 343 344 345 346 347 348 349 350 352 354 355 356 357 358 359 360 361 364 366 369 370 375 376 377 378 379 380 381 382 383 384 385 386 387 388 389 390 391 392 393 394 395 396 397 398 399 400 401 402 403 404 405 406 407 408 409 410 411 412 414 415 416 417 418 419 421 422 423 424 425 427 428 429 430 431 432 433 434 436 437 438 440 441 442 443 445 446 447 448 449 451 454 455 456 457 459 460 461 463 464 465 466 467 468 469 470 471 472 473 474 475 477 478 479 480 481 482 483 484 485 486 488 489 491 492 494 495 496 497 500 501 502 503 505 506 507 509 510 511 513 515 517 519 521 522 523 524 525 526 527 528 529 530 531 533 535 536 537 538 539 540 541 542 543 544 546 547 549 550 551 552 553 554 555 556 557 559 561 562 563 564 565 566 567 568 569 570 571 572 573 574 575 576 577 578 579 580 581 582 583 584 585 586 587 589 590 591 592 593 594 595 596 597 598 599 600 601 602 603 604 607 609 610 611 613 615 616 617 621 623 624 625 626 627 628 629 630 632 633 634 637 638 639 640 641 644 646 648 650 652 654 655 657 658 659 661 662 663 664 665 666 667 668 670 671 672 673 674 675 676 677 678 679 680 684 685 686 688 689 690 691 692 694 696 697 700 702 703 704 705 707 708 709 710 711 714 719 720 721 722 723 724 725 726 727 728 730 731 732 733 734 735 736 737 738 739 740 741 742 744 745 746 747 748 749 750 751 752 753 754 755 756 758 759 760 761 764 765 766 767 768 769 770 782 783 784 0
1 2 3 4 6 7 8 10 11 12 13 14 15 16 17 18 19 20 21 22 23 24 25 26 27 29 30 32 34 36 37 38 39 40 41 42 43 44 45 46 47 49 50 53 54 55 59 60 61 62 63 65 66 67 68 69 74 75 76 78 79 80 81 82 83 85 86 87 88 89 90 93 97 99 100 101 102 103 104 105 106 107 108 110 111 112 113 114 115 117 118 119 121 122 123 124 125 126 129 131 132 133 134 135 136 137 138 139 140 141 142 143 144 145 147 148 149 151 152 153 154 155 156 157 158 159 164 165 166 171 172 173 178 179 180 181 182 185 186 187 189 190 197 198 199 200 201 202 203 205 206 207 208 209 210 212 213 214 215 216 218 219 220 222 223 224 226 228 229 230 231 232 233 234 235 236 237 241 242 243 244 245 246 247 249 250 251 252 253 254 256 257 258 259 260 261 262 263 264 265 268 269 270 271 272 273 275 276 277 278 279 280 281 282 283 284 285 286 287 288 289 290 291 292 294 295 296 297 298 299 300 301 303 304 305 306 308 309 310 312 313 317 318 319 320 325 327 328 330 333 334 336 337 338 340 341 344 345 346 347 348 349 350 352 353 354 355 356 358 359 360 361 362 363 367 368 369 371 373 374 375 376 377 378 379 381 382 383 384 385 386 387 388 389 390 392 0
1 3 4 5 6 7 8 9 11 12 13 14 15 16 17 18 19 20 22 24 25 26 27 31 32 35 36 37 40 41 42 43 44 45 46 47 48 49 51 52 53 54 55 56 57 58 60 62 63 64 65 66 67 68 70 71 72 74 75 76 77 78 79 80 81 82 83 84 85 86 87 88 89 90 91 92 94 95 96 97 98 99 100 101 102 103 104 105 106 107 108 109 110 111 112 113 115 116 117 118 119 120 122 123 124 125 126 130 131 132 133 135 137 138 139 140 141 142 143 144 145 146 147 150 151 153 155 157 158 159 161 162 163 164 165 166 167 168 172 173 174 175 176 177 179 180 181 182 183 184 185 186 187 188 190 193 194 195 196 197 198 200 201 202 204 205 206 207 208 212 213 214 215 217 219 220 221 225 226 227 228 229 230 232 233 234 235 236 238 239 241 242 243 244 246 247 248 249 250 251 252 253 254 255 257 258 259 261 262 263 264 265 266 267 268 269 270 271 272 273 275 276 277 278 279 280 282 283 284 285 286 287 288 289 290 291 292 293 294 295 296 297 298 299 300 301 302 305 306 307 308 310 311 312 313 314 316 317 318 319 320 324 325 326 327 329 331 332 333 334 335 337 339 340 341 342 343 344 345 346 347 348 349 350 351 352 354 356 357 358 359 360 361 362 363 364 365 366 367 368 369 370 371 373 374 375 376 377 378 379 380 381 382 383 384 385 386 387 388 389 390 391 392 0
2 4 5 7 8 10 11 12 13 14 15 16 17 18 19 21 22 29 30 31 33 34 35 36 37 39 40 41 42 43 44 46 50 51 53 54 56 60 62 64 65 66 67 68 69 71 72 73 74 75 76 78 83 84 85 86 87 89 90 91 92 93 95 96 97 98 100 101 102 105 106 107 108 110 111 114 118 120 121 124 125 126 127 129 130 131 133 134 136 137 138 140 141 142 143 144 0
3 4 5 6 7 8 9 10 11 12 13 15 16 17 19 22 23 26 27 29 30 32 0

26
1 2 3 4 5 6 7 8 9 10 11 12 13 14 15 16 17 18 19 20 21 22 23 24 25 26 27 28 29 30 31 32 33 34 35 36 37 38 39 40 41 42 43 44 45 46 47 48 49 50 51 52 53 55 56 57 58 59 60 61 62 63 64 65 66 67 69 70 71 72 73 74 75 76 77 79 80 81 82 83 84 85 86 87 88 89 90 91 92 93 94 95 96 97 98 99 100 101 102 103 104 105 106 107 108 109 110 111 112 113 114 115 116 117 118 119 120 121 122 123 124 125 126 127 128 129 130 131 132 133 134 135 136 137 138 139 140 141 142 143 144 145 146 147 148 149 150 151 152 153 154 155 156 157 158 159 160 161 162 163 165 166 167 168 169 170 171 172 173 174 175 176 177 178 179 180 181 182 183 184 185 186 187 188 189 190 191 192 193 194 195 196 197 198 199 200 201 202 203 204 205 206 207 208 209 210 211 212 213 214 215 216 217 218 219 221 222 223 224 225 226 227 228 230 231 232 233 234 235 237 238 239 240 241 243 244 245 246 247 248 249 250 251 252 253 254 255 256 257 258 259 260 261 262 263 264 265 266 267 268 269 270 271 272 273 274 275 276 277 278 279 280 281 282 284 285 288 289 290 291 292 293 294 295 296 297 298 299 300 301 302 303 304 305 306 307 308 309 310 311 312 313 314 315 316 317 318 319 320 321 322 323 324 325 326 327 328 329 330 331 332 333 334 335 336 337 338 339 340 341 342 343 344 345 346 347 348 349 350 351 352 353 354 355 356 357 358 359 360 361 362 363 364 365 366 367 368 369 370 371 372 373 374 375 376 377 378 379 380 381 382 383 384 385 386 387 388 389 390 391 392 393 394 395 396 397 398 399 400 401 402 403 404 405 406 407 408 409 410 411 412 413 414 415 416 417 418 419 420 421 422 423 424 425 426 427 428 429 430 431 432 433 434 435 436 437 438 439 440 441 442 443 444 445 446 447 448 449 450 451 452 453 454 455 456 457 458 459 460 462 463 464 465 466 467 468 469 470 471 472 473 474 475 476 477 478 479 480 481 482 483 484 485 486 487 488 489 490 491 492 493 494 495 496 497 498 499 500 501 502 503 504 505 506 507 508 509 510 511 512 513 514 515 516 517 518 519 520 521 522 523 524 525 526 527 528 529 530 531 532 533 534 536 537 538 539 540 541 542 543 544 545 546 547 548 549 551 552 553 554 555 556 557 559 560 561 562 563 564 565 566 567 568 570 571 572 573 574 575 576 577 578 579 580 581 582 583 584 585 586 587 588 589 590 591 592 599 600 601 602 603 604 605 606 607 608 609 610 611 612 613 614 619 620 621 622 623 624 625 626 627 629 630 631 632 634 635 636 637 638 639 640 641 642 644 645 646 647 648 649 650 651 652 653 654 655 656 657 658 659 660 661 662 663 664 666 667 668 669 670 671 672 673 674 675 678 679 680 681 682 683 684 685 686 687 688 689 690 691 692 693 694 695 696 697 698 699 700 701 702 703 704 705 706 707 708 710 711 712 713 714 715 716 717 718 719 720 721 722 723 724 725 726 727 728 729 730 731 732 733 734 735 736 737 738 739 742 743 744 745 746 747 748 749 750 751 752 753 755 756 757 758 759 760 761 762 763 764 765 767 768 769 770 771 772 773 774 775 776 777 778 781 782 783 784 0
1 8 9 10 14 15 16 17 18 19 20 21 22 23 24 25 26 27 29 30 31 32 33 34 35 36 37 38 39 40 41 43 44 45 46 47 48 49 50 51 52 53 54 57 58 59 60 61 62 63 64 65 66 67 68 69 71 72 73 74 75 76 77 78 79 80 81 82 85 86 87 88 89 90 91 92 93 94 95 96 97 98 99 100 101 102 103 104 105 106 107 109 110 111 112 113 114 115 116 117 118 119 120 121 122 123 124 126 127 128 129 130 131 132 133 134 135 136 137 138 139 140 141 142 143 144 145 146 147 148 149 150 151 152 153 154 155 156 157 158 159 160 161 162 163 165 169 170 171 172 173 174 175 176 180 181 182 183 184 185 186 187 188 189 190 191 192 193 194 195 196 197 198 199 200 201 202 203 204 205 206 207 208 209 210 211 212 213 214 215 216 218 219 220 221 224 226 227 228 229 230 231 232 233 234 235 238 240 241 242 243 244 245 246 247 248 249 250 252 254 255 256 257 258 259 260 261 262 263 264 265 266 267 268 269 270 271 272 273 274 275 276 277 278 279 280 282 283 284 285 286 287 288 289 290 291 292 293 294 296 297 298 299 300 301 302 303 304 305 306 307 308 309 310 311 312 313 314 315 316 317 318 319 320 321 322 325 326 327 328 329 330 331 332 333 334 335 336 338 339 340 341 342 343 344 345 346 347 348 349 350 351 352 353 354 355 356 357 358 359 360 361 362 363 364 365 366 367 368 369 370 371 372 373 374 377 378 379 380 381 382 383 384 385 386 387 388 389 390 391 392 393 394 395 396 397 398 399 400 401 402 403 404 405 406 407 409 411 412 414 415 416 418 419 421 422 423 424 425 426 427 428 429 430 431 432 433 435 438 439 440 441 442 443 444 445 446 449 450 451 452 453 454 455 456 457 458 459 460 461 462 463 465 466 467 468 469 470 471 472 473 474 476 477 478 479 481 483 484 485 486 487 488 491 492 493 494 495 496 497 498 499 500 501 502 503 504 505 507 508 509 510 511 512 513 515 516 517 518 519 520 521 522 523 524 525 527 528 529 530 531 532 534 535 536 537 538 539 540 541 542 543 544 545 547 548 549 550 551 552 553 554 555 556 557 558 561 562 563 564 565 566 567 568 569 570 571 574 575 576 577 578 579 580 581 582 583 584 585 586 587 588 589 590 591 592 593 594 595 596 597 598 599 600 601 602 603 604 605 606 607 610 611 612 613 614 616 617 618 621 622 623 625 626 630 631 632 633 634 635 636 637 638 639 640 641 642 643 644 646 647 648 649 650 651 652 653 654 655 656 657 658 659 660 661 662 663 664 665 666 667 668 669 670 672 673 676 678 680 681 682 684 686 687 688 692 693 694 695 696 697 699 700 701 703 705 706 707 709 710 711 712 713 714 715 716 717 718 719 720 721 722 723 725 726 727 728 730 731 732 733 734 735 736 737 738 739 740 741 742 743 744 745 746 747 748 749 750 751 752 753 756 757 758 759 760 761 762 763 764 769 770 771 772 773 774 775 776 777 782 783 784 0
1 2 3 4 5 6 7 8 10 11 12 13 14 15 16 17 18 19 20 21 22 23 24 25 26 27 28 29 30 31 32 33 34 35 37 38 39 40 42 43 44 45 46 47 48 50 52 53 54 55 56 57 58 59 60 61 62 63 64 65 66 68 69 70 71 73 74 75 76 78 79 80 81 82 83 84 85 87 88 89 90 91 92 93 94 95 96 97 98 99 101 102 103 104 105 106 107 108 109 110 111 112 113 114 115 116 117 118 119 120 121 122 123 124 125 126 127 128 129 130 131 133 134 135 136 137 138 139 140 141 142 143 144 145 146 147 150 152 153 154 155 156 157 158 159 160 164 165 166 167 168 169 171 172 173 174 175 176 177 178 179 180 181 183 184 185 186 187 188 189 190 191 192 197 198 200 201 202 203 205 206 207 208 209 210 211 212 213 214 215 216 217 219 220 221 222 223 224 225 226 228 229 230 231 232 233 234 235 236 237 238 239 240 242 243 244 245 246 248 249 250 251 253 254 255 256 257 258 259 261 262 263 264 267 268 270 271 272 273 274 275 276 277 278 279 280 281 282 283 284 285 286 288 289 290 291 292 293 294 295 296 297 298 299 301 302 303 304 305 306 307 309 310 311 312 313 314 315 316 317 318 319 320 321 323 324 325 326 327 328 329 330 331 332 333 334 335 336 337 338 339 340 341 342 345 346 348 351 352 353 354 355 356 357 358 359 360 361 362 363 364 365 366 367 368 369 370 371 372 373 374 375 376 377 378 379 380 381 382 383 384 385 386 387 388 389 390 391 392 0
1 3 4 5 6 8 9 10 11 12 15 16 17 18 19 20 21 22 23 24 25 27 28 29 30 31 32 33 35 36 37 38 39 42 43 44 45 46 47 48 49 50 51 52 53 54 57 58 59 60 61 62 63 64 65 68 69 70 71 72 73 74 75 76 77 78 79 80 81 82 83 84 85 86 87 88 89 90 91 92 93 94 97 98 99 100 101 102 103 104 105 106 107 108 109 111 112 113 114 115 116 117 118 119 120 121 122 123 124 125 126 127 128 129 132 133 134 135 136 137 138 139 140 141 142 143 144 145 146 147 148 149 150 151 152 153 155 157 158 159 160 161 163 165 166 167 169 170 171 172 173 174 175 176 177 179 180 181 182 183 184 185 186 187 188 190 192 193 194 195 196 197 198 200 201 202 204 205 206 207 208 209 211 212 213 214 215 216 217 218 219 220 221 222 223 224 225 226 227 228 229 230 231 234 235 236 238 239 241 242 243 244 246 247 248 249 250 252 253 254 255 256 257 258 259 260 261 262 263 264 265 266 267 268 269 270 271 272 273 274 275 276 277 278 279 280 281 282 283 284 285 287 288 289 290 291 292 293 294 295 296 297 298 301 302 303 304 305 306 307 308 309 310 311 312 313 314 315 316 317 319 320 321 322 323 324 325 326 327 328 329 331 333 334 335 336 337 338 339 340 341 342 343 344 345 346 347 348 349 350 351 352 353 354 355 356 357 358 359 360 361 362 363 364 365 366 367 368 369 370 371 372 373 374 375 376 378 379 380 381 382 383 384 385 386 387 388 389 392 0
2 3 4 5 6 7 8 9 10 11 12 13 14 15 16 17 20 22 23 24 25 26 27 28 29 30 31 32 33 34 35 36 37 38 39 41 42 43 44 45 46 47 48 49 50 51 52 53 55 56 57 58 59 60 61 62 63 65 66 67 69 70 71 73 74 76 77 78 79 80 81 82 83 84 85 86 87 88 89 90 91 92 93 94 95 96 97 98 99 100 101 102 103 104 106 107 108 109 110 111 113 115 116 117 118 119 120 121 122 123 124 125 126 127 128 130 131 132 133 135 136 137 139 140 141 142 143 144 0
1 2 4 5 6 7 8 9 13 14 15 16 17 20 21 23 24 25 26 27 28 29 30 32 0

27
1 2 3 4 5 6 7 8 9 10 11 12 13 14 15 16 17 18 19 20 21 22 23 24 25 26 27 28 29 30 31 32 33 34 35 36 37 38 39 40 41 42 43 44 45 46 47 48 49 50 51 52 53 54 55 56 57 58 59 60 61 62 63 64 65 67 68 69 70 71 72 73 74 75 76 77 78 79 80 81 82 83 84 85 86 87 88 89 90 91 92 93 95 96 97 98 99 100 101 102 104 105 106 107 108 109 110 111 112 113 114 115 116 117 118 119 120 121 122 123 124 125 126 127 128 129 130 131 132 133 134 135 136 137 138 139 140 141 142 143 144 145 146 147 148 149 150 151 152 153 154 155 156 157 158 159 160 161 162 163 164 165 166 167 168 169 170 171 172 173 174 175 176 177 178 179 180 181 182 183 184 185 186 187 188 189 190 191 192 193 194 195 196 197 198 199 200 201 202 203 204 205 206 207 208 209 210 211 212 213 214 215 216 217 218 219 220 221 222 223 224 225 226 227 228 229 230 231 232 233 234 235 236 237 238 239 240 241 242 243 244 245 246 247 248 249 250 251 252 253 254 255 256 257 258 259 260 261 262 263 264 265 266 267 268 269 270 271 272 273 274 275 276 277 278 279 280 281 282 283 284 285 286 287 288 289 290 291 292 293 294 295 296 297 298 299 300 301 302 303 304 305 306 307 308 309 310 311 312 313 314 315 316 317 318 319 320 321 322 323 324 325 326 327 328 329 330 331 332 333 334 335 336 337 338 339 340 341 342 343 344 345 346 347 348 349 350 351 352 353 354 355 356 357 358 359 360 361 362 363 364 365 366 367 368 369 370 371 372 373 374 375 376 377 378 379 380 381 382 383 384 385 386 387 388 389 390 391 392 393 394 395 396 397 398 399 400 401 402 403 404 405 406 407 408 409 410 411 412 413 414 415 416 417 418 419 420 421 422 423 424 425 426 427 428 429 430 431 432 433 434 435 436 437 438 439 440 441 442 443 444 446 447 448 449 450 451 452 453 454 456 457 458 459 460 461 462 463 464 465 466 467 468 469 470 471 472 473 474 475 476 477 478 479 480 481 482 483 484 485 486 487 488 489 490 491 492 493 494 496 497 498 499 500 501 502 503 504 505 506 507 508 509 510 511 512 513 514 515 516 517 518 519 520 521 522 523 524 525 526 527 528 529 530 531 532 533 534 535 536 537 538 539 540 541 542 543 544 545 546 547 548 549 550 551 552 553 554 555 556 557 558 559 560 561 562 563 564 565 566 567 568 569 570 571 572 573 574 575 576 577 578 579 580 581 582 583 584 585 586 587 588 589 590 591 592 601 602 604 605 606 609 610 611 613 614 615 616 617 618 621 622 623 624 625 626 627 628 629 630 631 632 633 634 635 637 638 639 640 642 643 644 645 646 647 648 649 650 652 653 654 655 656 657 658 659 660 661 662 663 664 665 666 667 668 669 670 671 672 673 674 675 676 677 678 681 682 683 684 685 686 687 691 693 694 695 696 697 698 699 700 701 702 703 704 705 706 707 708 709 711 712 713 714 715 716 717 718 719 720 721 722 723 724 725 728 729 730 731 732 733 734 735 736 737 738 739 740 741 742 743 744 745 746 747 748 749 750 751 752 753 755 756 757 758 759 760 761 763 764 767 772 773 774 775 776 777 778 780 781 782 0
1 14 15 16 17 18 19 20 21 22 23 24 25 26 27 28 29 30 31 32 33 34 35 36 37 40 41 42 43 44 45 46 47 48 50 51 52 53 54 55 56 57 58 59 61 62 63 64 65 66 67 68 69 70 71 72 73 74 75 76 77 78 79 80 81 82 83 84 85 86 87 88 89 90 91 92 93 94 95 96 97 99 100 101 102 103 104 105 106 107 108 109 110 111 113 114 115 116 117 118 119 120 121 122 123 124 125 127 128 129 130 131 132 133 134 135 136 137 138 139 141 142 143 144 145 146 147 148 149 150 151 152 153 155 156 157 158 159 161 162 163 165 166 167 169 170 171 172 173 174 175 176 177 178 179 183 184 185 186 187 188 189 190 191 192 193 194 195 196 197 198 199 200 201 202 203 204 205 209 210 212 213 214 217 218 219 222 223 224 226 227 228 229 230 232 233 236 237 238 240 241 242 243 248 250 251 252 254 255 256 258 260 261 262 263 264 265 266 268 269 271 272 273 275 276 277 278 279 280 282 283 285 286 287 288 289 290 291 292 293 294 296 299 300 301 302 303 304 305 306 307 308 310 311 313 314 315 316 317 318 320 321 322 324 325 326 327 328 329 330 331 332 333 334 335 336 338 339 340 341 342 343 344 345 346 347 348 349 350 352 353 354 355 356 358 359 361 364 366 367 368 369 370 371 372 373 374 378 379 380 381 382 383 384 385 386 387 388 389 390 391 392 393 394 395 396 397 398 399 400 401 402 403 404 405 406 407 411 412 413 414 415 416 417 418 420 421 422 423 425 426 427 428 429 431 434 435 436 438 439 440 441 443 444 445 446 447 450 451 452 453 454 455 456 457 458 459 461 463 464 465 466 467 468 469 470 471 472 474 475 477 478 479 480 481 482 483 484 485 486 488 489 491 493 494 496 497 498 499 504 505 506 507 508 509 510 511 512 513 514 515 516 517 519 523 524 525 526 527 530 531 533 534 535 536 537 538 539 540 541 542 543 544 545 546 547 548 549 550 551 552 553 554 555 556 557 558 559 560 562 565 566 567 568 569 570 571 572 573 575 576 577 578 579 580 581 582 583 584 585 586 587 588 589 590 591 592 593 594 595 596 597 598 599 600 601 602 603 604 605 607 608 609 610 611 612 615 616 617 618 619 621 622 624 625 626 627 628 630 631 632 633 634 635 636 637 638 639 641 642 643 644 646 649 650 651 652 653 655 656 658 659 660 661 662 663 666 667 669 671 672 674 675 676 677 678 679 680 681 683 684 685 686 687 688 689 690 691 692 693 694 695 696 698 699 700 702 703 704 705 706 707 708 709 710 712 713 714 716 717 718 719 720 721 722 723 725 726 727 728 730 734 735 736 737 738 739 740 741 742 743 744 745 746 747 748 749 750 751 753 754 755 756 757 758 759 760 761 762 763 764 767 768 769 770 772 773 774 776 777 779 784 0
1 2 3 4 5 6 7 8 9 10 11 12 13 14 15 16 17 18 19 20 21 22 23 25 27 29 30 31 32 33 34 36 37 39 40 41 43 44 45 47 48 50 55 57 59 60 61 62 63 65 66 67 68 69 70 73 74 75 76 77 78 79 80 81 82 83 84 85 89 92 94 96 97 99 100 101 104 105 106 107 108 109 110 111 112 113 114 116 117 118 119 121 122 123 124 125 126 128 129 130 131 132 133 135 136 137 138 140 141 142 143 145 147 154 155 156 157 159 160 161 163 164 165 166 168 170 171 172 175 178 179 180 183 184 185 186 187 190 191 192 193 197 198 199 200 201 203 205 206 207 208 209 210 212 213 214 216 217 219 220 221 222 223 224 226 227 228 229 230 231 232 233 234 235 236 237 238 240 241 242 243 245 246 247 248 249 251 252 253 255 256 257 258 259 261 262 264 265 266 267 269 270 271 272 273 274 275 276 277 279 280 281 283 285 286 287 288 289 290 291 292 294 295 299 301 302 303 305 307 308 310 311 312 313 314 315 317 318 319 320 321 324 325 326 327 328 330 331 332 333 334 337 338 339 340 341 342 346 349 350 352 354 356 359 360 361 362 363 364 366 367 368 369 370 373 374 375 376 377 378 379 380 381 382 386 387 388 389 390 392 0
1 3 5 6 7 8 9 10 13 14 15 16 18 19 20 22 23 24 25 27 29 31 32 33 34 36 37 38 39 41 42 43 46 49 51 52 53 54 55 56 57 58 62 63 64 65 66 67 69 70 71 72 73 74 75 76 77 78 79 80 81 86 87 88 89 90 91 93 94 95 97 99 100 101 102 103 104 105 106 108 109 110 111 112 113 114 115 116 118 119 121 124 125 126 127 128 129 130 131 133 134 135 136 137 138 140 144 145 147 148 149 150 151 152 153 155 156 157 159 160 161 162 163 164 165 166 167 168 169 170 171 172 173 174 175 176 178 179 181 182 183 186 187 188 189 190 191 192 193 195 196 197 198 199 200 202 204 207 208 212 213 214 215 216 218 219 220 221 222 223 224 225 226 227 228 229 230 232 233 234 235 236 237 239 241 242 243 244 246 247 248 249 250 251 252 253 255 256 257 258 259 260 261 263 264 265 266 267 268 269 270 271 272 273 274 275 276 277 278 279 280 281 282 283 284 285 286 287 288 289 290 291 292 293 294 295 298 299 300 301 303 304 306 309 310 311 312 313 314 315 317 318 320 321 322 324 325 326 327 329 331 332 333 334 338 339 340 341 342 343 344 345 346 347 348 349 350 351 352 353 354 355 356 357 358 360 361 363 364 365 366 368 369 370 371 372 374 375 376 377 378 379 380 381 382 383 384 385 386 387 388 389 390 391 392 0
1 2 3 5 6 7 9 13 14 16 17 18 19 20 21 22 23 24 26 27 28 29 30 32 33 35 36 40 41 42 43 45 49 50 52 53 54 55 56 57 58 59 60 61 62 63 67 68 70 72 73 74 75 79 80 81 83 84 85 87 88 89 91 93 95 96 98 99 100 102 103 104 105 107 108 111 114 115 116 117 118 119 120 122 123 124 125 126 127 129 130 132 133 134 135 136 138 140 141 142 143 144 0
2 5 6 8 10 13 15 17 18 19 21 22 24 26 27 30 31 32 0

28
1 2 3 4 5 6 7 8 9 10 11 12 13 14 15 16 17 18 19 20 21 22 23 24 25 26 27 28 29 30 31 32 33 34 35 36 38 39 40 41 42 43 44 45 46 47 48 49 50 51 52 53 54 55 56 57 58 59 60 61 62 63 64 65 66 67 68 69 70 71 72 73 74 75 76 78 79 80 81 82 83 84 85 86 87 88 89 90 91 92 93 94 95 96 97 98 99 100 101 102 103 104 105 106 107 108 110 111 112 113 114 115 116 117 118 119 121 122 123 124 125 126 127 128 129 130 131 132 133 134 135 136 137 138 139 140 141 142 143 144 145 146 147 148 149 150 152 153 154 155 156 157 158 159 160 161 162 163 165 166 167 168 169 170 172 173 174 175 176 177 178 179 180 181 182 183 184 185 186 187 188 189 190 191 192 193 194 195 196 197 198 199 200 201 202 203 204 205 206 207 208 209 210 211 212 213 214 215 216 217 218 219 220 221 222 223 224 225 226 227 229 230 231 232 234 235 236 237 238 239 240 242 243 244 245 246 247 248 249 250 251 252 253 254 255 256 257 258 259 260 261 262 263 264 265 266 267 268 269 270 271 272 273 274 275 276 277 278 279 280 281 282 283 284 285 286 287 288 289 290 291 292 293 294 295 296 297 298 299 300 301 302 303 304 305 306 307 308 309 310 311 312 313 314 315 316 317 318 319 320 321 322 323 324 326 328 329 330 331 332 333 334 335 336 337 338 339 340 341 342 343 344 345 346 347 348 349 350 351 352 353 354 355 356 357 358 359 360 361 362 363 364 365 366 367 368 369 370 371 372 373 374 375 376 377 378 379 380 381 382 383 384 385 386 387 388 389 390 391 392 393 394 395 396 397 398 399 400 401 402 403 404 405 406 407 408 409 410 411 412 413 414 415 416 417 418 419 420 421 422 423 424 425 426 427 428 429 430 431 433 434 435 436 437 438 439 440 441 442 443 444 445 446 447 448 449 450 451 452 453 454 455 456 457 458 459 460 462 463 464 465 468 469 470 471 472 473 474 475 476 477 478 479 480 481 482 483 484 485 486 487 488 489 490 491 492 493 494 495 496 497 498 499 500 501 502 503 504 505 506 507 508 509 511 512 514 515 517 518 519 520 521 522 523 524 525 526 527 528 529 530 531 532 533 534 535 536 537 538 539 540 541 542 543 544 545 546 547 548 549 550 551 552 553 554 555 556 557 558 559 560 561 562 563 564 565 566 567 568 569 570 571 572 573 574 575 576 577 578 579 580 581 582 583 584 585 586 587 588 589 590 591 602 603 604 605 606 607 608 609 610 612 613 614 617 618 619 620 621 622 623 624 625 626 627 628 629 630 631 633 634 635 636 637 638 639 640 641 642 643 644 645 647 648 649 650 651 652 653 654 655 656 657 658 659 660 661 662 663 664 665 666 667 668 669 670 671 672 673 675 676 678 679 680 681 682 683 687 690 691 692 693 694 695 696 697 699 700 701 702 703 704 705 706 707 708 709 710 711 712 715 716 717 719 721 722 723 724 725 726 727 729 730 731 732 733 734 735 736 737 738 739 740 741 742 743 744 745 746 747 748 749 750 751 752 753 754 755 756 757 758 759 760 761 762 763 764 765 766 767 768 769 770 771 772 775 776 777 778 779 780 781 782 783 784 0
1 14 15 16 17 18 19 20 21 22 23 24 25 26 29 30 33 34 35 36 37 38 39 40 41 43 44 45 46 47 48 49 50 51 52 53 54 55 57 58 59 60 61 63 64 65 66 67 68 69 71 72 73 76 77 78 79 80 81 82 83 85 86 90 91 92 93 94 95 99 103 104 105 106 107 108 109 110 111 113 117 119 120 121 122 123 124 127 129 130 131 132 133 134 135 136 137 138 141 143 144 145 146 147 148 149 150 151 152 153 154 155 156 157 158 159 160 161 162 163 164 166 167 169 171 172 173 174 175 176 177 178 179 180 181 182 183 184 185 186 187 188 189 190 191 192 193 194 195 196 197 198 199 200 204 205 206 208 209 210 211 212 213 214 215 218 219 220 224 226 227 228 229 230 231 232 233 234 235 236 238 240 241 242 243 244 245 246 247 248 249 250 252 253 254 255 256 257 258 259 260 261 262 263 264 265 266 268 270 271 272 273 274 275 276 277 278 279 280 286 287 288 289 290 291 292 294 300 301 302 303 304 305 306 308 310 311 313 315 316 317 318 319 320 322 324 325 327 328 329 331 332 333 334 336 337 339 340 341 342 343 344 345 346 347 348 349 350 351 352 353 354 355 356 357 358 359 360 361 362 363 364 365 367 368 369 370 371 372 373 374 375 376 377 378 379 380 381 382 383 384 385 386 387 388 389 390 391 392 393 394 395 396 397 398 399 400 401 402 403 404 405 406 407 409 410 411 412 413 414 415 416 417 418 419 421 422 423 424 425 426 427 428 429 430 431 433 435 437 438 439 440 441 442 443 444 445 446 447 448 449 450 451 452 453 454 455 456 457 458 459 460 461 462 463 464 465 466 467 468 469 470 471 472 473 474 475 477 478 479 480 481 482 483 484 485 486 487 488 492 493 494 495 496 497 498 499 500 501 503 505 507 508 510 511 512 513 514 515 516 517 519 520 521 522 523 524 525 526 527 528 529 530 533 535 536 537 538 539 540 541 543 544 545 548 549 550 551 552 553 554 555 556 557 560 561 564 565 566 567 568 569 570 571 572 573 575 576 577 578 579 580 581 583 584 585 586 587 588 589 590 591 592 593 594 595 596 597 598 599 600 601 602 603 604 605 606 607 608 609 616 617 618 619 620 621 622 623 630 631 633 635 636 637 638 639 640 641 642 644 645 646 647 648 649 650 651 652 653 654 655 656 657 658 659 660 661 662 663 664 665 667 668 669 670 671 672 674 675 678 679 680 681 682 683 684 685 686 688 689 690 691 692 693 694 695 697 700 702 703 704 705 706 707 708 709 710 711 712 713 714 722 723 724 725 727 728 730 731 733 735 736 737 738 739 741 742 744 745 746 747 748 749 750 751 752 753 754 756 758 759 760 761 762 763 764 765 766 767 769 770 775 776 777 778 779 780 781 782 783 784 0
1 2 3 6 7 8 9 10 11 12 13 15 16 17 18 19 20 21 22 23 25 26 27 28 29 33 34 35 36 37 38 39 41 42 43 45 46 47 48 49 50 52 53 54 55 57 58 59 60 61 62 63 64 65 67 68 69 70 73 74 75 76 77 78 79 80 81 82 83 84 85 86 87 88 89 90 92 93 94 95 96 97 98 99 101 103 104 105 106 107 108 109 110 112 113 114 115 117 118 119 122 123 124 125 126 128 129 131 132 133 134 135 136 137 138 139 140 141 142 144 145 146 147 154 157 158 159 160 162 163 164 165 166 167 168 171 172 173 174 176 179 180 181 182 183 184 185 186 187 189 190 191 192 193 194 195 196 197 198 199 200 201 202 204 205 206 207 208 209 210 211 212 213 215 216 217 219 220 221 222 223 224 227 229 230 231 232 233 234 235 236 237 239 240 241 242 243 244 245 246 247 248 249 250 251 253 254 255 256 257 258 259 260 261 262 263 264 265 266 269 270 271 272 273 275 277 278 279 280 283 284 285 286 287 288 289 290 291 292 293 294 295 296 297 298 301 302 303 304 305 306 307 309 310 311 313 314 315 319 320 321 322 323 324 326 327 328 331 332 334 335 336 337 338 339 340 341 342 343 344 345 346 351 352 353 354 355 356 357 360 361 362 363 364 366 367 368 369 370 371 372 373 374 375 376 377 378 379 380 381 382 383 384 385 386 387 388 389 390 391 392 0
2 3 4 7 8 9 10 11 12 14 15 16 19 20 23 24 25 26 27 29 30 31 32 33 34 35 36 37 39 40 41 42 43 45 46 47 48 49 50 51 52 53 54 55 56 57 58 59 60 61 63 64 68 69 70 73 75 77 78 79 80 81 82 83 84 85 86 87 89 90 91 92 93 94 95 96 97 98 99 102 104 105 106 110 111 112 113 118 119 120 124 125 126 127 130 131 132 133 134 135 136 137 139 140 141 142 143 144 145 146 147 149 150 151 152 153 154 155 157 158 159 160 161 163 164 165 166 168 169 171 172 174 175 176 177 178 180 181 182 183 184 185 186 187 188 189 190 191 192 193 194 195 196 197 198 200 201 202 203 204 205 206 207 208 209 210 212 213 214 215 216 217 218 219 220 221 222 224 225 226 227 228 229 230 231 232 233 234 235 236 237 240 241 242 243 244 246 247 248 252 253 254 255 256 257 259 261 262 263 264 265 266 267 269 270 272 273 275 276 277 278 280 281 282 283 284 285 286 287 288 289 290 291 292 294 295 296 297 298 299 301 302 303 304 305 306 307 308 309 310 311 312 313 315 316 317 318 319 320 321 322 326 327 328 329 330 331 333 334 335 336 338 339 340 341 342 343 344 345 347 348 349 350 351 352 353 354 355 356 357 358 360 361 362 364 366 367 368 369 370 371 372 373 374 375 376 377 378 379 380 381 382 383 384 385 386 388 389 390 392 0
2 4 5 6 7 8 9 10 11 12 13 15 16 17 18 28 29 30 32 33 34 35 36 37 38 39 41 43 45 46 47 49 50 55 56 62 63 65 66 67 68 69 70 71 72 73 74 76 78 79 80 81 82 83 84 86 88 89 90 92 93 94 95 98 99 105 106 107 108 111 114 116 118 119 120 122 123 124 125 126 127 131 133 136 137 139 143 144 0
1 3 7 9 10 12 13 16 19 20 21 26 28 30 31 32 0

30
1 2 3 4 5 6 7 8 9 10 11 12 13 14 15 16 17 18 19 20 21 22 23 24 25 26 27 28 29 30 31 32 33 34 35 36 37 38 39 40 41 42 43 44 45 46 47 48 49 50 51 52 53 54 55 56 57 58 59 60 61 62 63 64 65 66 67 68 69 70 71 72 73 74 75 76 77 78 79 80 81 82 83 84 85 86 87 88 89 90 92 93 94 95 96 97 98 99 100 101 102 103 104 106 107 108 109 110 111 112 113 114 115 116 117 118 119 120 121 122 123 124 125 126 127 128 129 130 131 132 133 134 135 136 137 138 139 140 141 142 143 144 145 146 147 148 149 150 151 152 153 154 155 156 157 158 159 160 161 162 163 164 165 166 167 168 169 170 171 172 173 174 175 176 177 178 179 180 181 182 183 184 185 186 187 188 189 190 191 192 193 194 195 196 197 198 199 200 201 202 203 204 205 206 207 208 209 210 211 212 213 214 215 216 217 218 219 220 221 222 223 224 225 226 227 228 229 230 231 232 233 234 235 236 237 238 239 240 241 242 243 244 245 246 247 249 250 251 252 253 254 255 256 257 259 260 261 262 263 264 265 266 267 268 269 270 271 272 273 274 275 276 277 278 279 280 281 282 283 284 285 286 287 288 289 290 291 292 293 294 295 296 297 298 299 300 302 303 304 305 306 307 308 309 310 311 312 313 315 316 317 318 319 320 321 322 323 324 325 326 328 329 330 331 332 333 334 335 336 337 338 339 340 341 342 343 344 345 346 347 348 349 350 351 352 353 354 355 356 357 358 359 360 361 362 363 364 365 366 367 368 369 370 371 372 373 374 375 376 377 378 379 380 381 382 383 384 385 386 387 388 389 390 391 392 393 394 395 396 397 398 399 400 401 402 403 404 405 406 407 408 409 410 411 412 413 414 415 416 417 418 419 420 421 422 423 424 425 426 427 428 429 430 431 432 433 434 435 436 437 438 439 440 441 442 443 444 445 446 447 448 449 450 451 452 453 454 455 456 457 458 459 460 461 462 463 464 465 466 467 468 469 470 471 472 473 474 475 476 477 478 479 480 481 482 483 484 485 486 487 488 489 490 491 492 493 494 495 496 497 498 499 500 501 502 503 504 505 506 507 508 509 510 511 512 513 514 515 516 517 518 519 520 521 522 523 524 525 526 527 528 529 530 531 532 533 534 535 536 537 538 539 540 541 542 543 544 545 546 547 548 549 550 551 552 553 554 555 556 557 558 559 560 561 562 563 564 565 566 567 568 569 570 571 572 573 574 575 576 577 578 579 580 581 582 583 584 585 586 587 588 589 592 593 594 595 602 603 604 605 606 607 608 612 615 616 617 618 619 620 621 622 623 624 625 626 627 628 629 630 631 632 633 634 635 636 637 638 643 644 645 647 648 649 650 651 652 653 654 655 656 659 660 661 662 663 664 665 666 667 668 669 670 671 673 674 675 676 677 678 679 680 681 682 683 684 685 686 687 688 689 690 691 692 693 694 695 696 697 698 699 700 701 702 705 706 707 708 709 710 711 712 713 714 718 719 720 724 725 726 727 728 729 730 731 732 733 734 735 736 737 738 739 740 741 742 746 747 748 749 750 753 754 755 756 757 758 759 760 761 762 763 764 765 766 768 769 771 772 773 776 777 778 779 784 0
1 14 15 16 17 18 19 20 21 22 23 24 25 26 27 29 30 31 32 33 34 35 36 37 39 40 41 42 43 44 45 46 47 48 49 50 53 54 55 57 58 59 60 61 62 63 64 65 66 67 69 71 72 73 74 75 76 77 78 79 80 81 82 85 86 87 88 89 90 91 92 93 94 95 99 100 101 102 105 106 107 108 109 110 111 113 114 115 116 118 119 120 121 122 123 124 125 126 127 128 129 131 132 133 134 136 137 138 139 141 142 144 146 147 149 150 151 152 153 155 157 158 159 160 161 162 163 164 165 166 167 169 170 174 175 176 177 178 179 180 181 183 184 185 186 187 188 189 190 191 192 193 194 195 196 198 199 200 201 202 203 204 208 209 210 212 213 214 215 216 217 224 226 227 228 229 230 236 237 238 240 241 242 243 244 245 247 248 251 252 253 254 255 256 257 258 259 260 261 262 266 268 269 270 271 272 273 274 275 276 277 278 280 281 282 283 284 285 286 287 288 289 290 291 292 293 294 295 296 297 298 300 301 302 303 304 305 306 307 308 310 311 312 313 315 316 317 318 319 320 321 322 324 326 327 328 329 330 331 332 333 334 335 336 338 340 341 342 343 344 345 346 347 348 349 350 352 355 356 357 359 360 361 362 363 364 370 372 373 374 375 376 378 379 380 381 382 383 384 385 386 387 388 389 390 391 392 393 394 395 396 397 398 399 400 401 402 403 404 405 406 408 409 410 411 412 413 414 415 416 417 418 419 420 421 425 426 427 428 429 430 431 432 433 435 436 437 438 439 440 441 442 443 444 445 446 447 449 450 453 454 455 456 457 458 459 460 461 463 464 465 466 467 468 469 470 471 472 473 474 475 477 478 479 480 481 482 483 484 485 486 487 488 489 491 492 493 494 495 496 497 498 499 500 501 505 506 507 509 510 511 512 513 514 515 516 518 520 521 522 523 524 525 526 528 529 530 531 532 533 535 536 537 538 539 540 543 544 545 547 548 549 550 552 553 555 556 557 558 560 561 563 564 565 566 567 568 569 570 571 574 575 576 577 578 579 580 581 582 583 584 585 586 587 589 590 591 592 593 594 595 596 597 598 599 600 601 602 604 605 606 607 608 609 610 611 612 613 614 615 616 617 618 619 620 621 622 623 624 625 626 629 630 631 632 634 635 636 637 643 644 645 646 647 650 651 652 653 657 658 659 660 661 662 664 665 666 667 668 669 670 671 672 673 674 676 677 678 679 680 681 682 683 685 686 687 688 690 691 692 693 694 695 696 699 700 701 707 708 710 711 712 713 714 716 719 720 721 722 723 725 726 728 730 732 733 734 735 738 739 740 741 742 744 745 746 747 748 749 750 751 752 753 754 755 756 758 759 760 762 763 764 765 766 767 769 770 784 0
1 2 3 4 5 6 7 8 9 11 12 15 16 17 18 19 20 22 23 24 26 27 28 29 31 32 33 34 35 36 38 39 40 41 42 43 45 47 57 58 59 60 61 62 64 65 66 67 68 69 71 72 74 75 76 80 81 82 83 84 85 88 92 95 96 97 99 101 102 103 105 106 107 108 109 112 113 114 115 116 117 118 119 120 121 122 124 125 126 127 129 130 131 132 133 135 136 137 138 140 141 142 144 145 147 149 154 155 156 162 163 164 165 166 168 169 171 172 173 174 175 178 179 180 181 190 192 193 197 198 199 200 203 204 206 208 209 210 211 212 213 214 215 216 218 219 220 221 222 223 224 226 227 228 229 230 231 233 235 236 238 240 241 242 243 244 245 246 247 248 249 250 251 252 253 255 257 258 260 261 262 263 264 265 267 268 269 270 271 273 274 275 276 278 280 283 285 286 287 289 291 292 293 294 301 302 303 304 307 309 310 311 312 313 317 318 320 321 326 327 328 329 331 333 334 337 339 341 344 345 349 350 351 352 353 354 355 356 358 359 360 361 362 363 364 368 369 370 371 373 374 375 376 377 380 381 382 384 385 386 387 388 389 390 391 392 0
1 5 8 9 10 11 12 14 15 16 17 18 19 22 23 25 27 28 30 35 36 38 39 40 42 45 46 47 48 49 50 51 52 53 54 56 57 58 59 60 61 62 63 64 65 66 67 69 70 71 72 73 74 75 76 77 78 80 81 82 83 84 85 86 87 88 89 90 91 92 95 96 97 101 104 105 107 108 109 111 112 113 114 115 116 117 118 119 121 122 123 124 127 131 133 134 136 137 138 139 140 141 143 145 147 148 150 151 152 154 156 157 158 159 160 161 164 165 166 167 168 170 171 172 173 176 178 180 181 182 184 185 186 187 188 189 190 191 192 194 195 197 198 203 204 205 206 207 208 209 211 212 213 214 215 216 217 218 219 220 221 222 223 224 225 226 227 228 229 234 235 236 237 239 240 243 246 247 252 253 254 255 256 259 260 261 262 263 264 265 266 267 269 270 271 272 273 274 275 276 277 280 281 282 284 286 287 288 289 291 292 293 294 296 298 301 302 304 305 306 310 311 313 315 316 317 319 320 322 323 324 325 326 327 328 329 330 332 333 334 336 339 340 341 343 344 345 346 347 348 349 350 351 352 355 357 358 360 361 363 364 365 366 367 368 369 370 371 373 374 375 376 377 378 379 380 381 382 383 385 386 387 388 389 390 392 0
1 2 4 5 6 7 10 11 12 14 15 16 18 19 22 24 25 27 30 33 35 37 39 42 43 44 46 47 50 52 54 59 60 61 62 63 64 65 66 67 68 69 72 74 75 76 77 78 79 81 83 84 85 86 87 88 89 94 95 98 99 100 103 105 106 108 109 110 113 114 117 118 121 124 126 127 128 130 131 132 135 136 138 139 140 141 142 143 0
3 6 7 9 10 11 13 14 20 24 25 26 27 29 30 31 32 0

31
1 2 3 4 5 6 7 8 9 10 11 12 13 14 15 16 17 18 19 20 21 22 23 24 25 26 27 28 29 30 31 32 33 34 35 36 37 38 39 40 41 42 43 44 45 46 47 48 49 50 51 52 53 54 55 56 57 58 59 60 61 62 63 64 65 66 67 68 69 70 71 72 73 74 75 76 77 78 79 80 81 82 83 84 85 86 87 88 89 90 91 92 93 94 95 96 97 98 99 100 101 102 103 104 105 106 107 108 109 110 111 112 113 114 115 116 117 118 119 120 121 122 123 124 125 126 127 128 129 130 131 132 133 134 135 136 137 138 139 140 141 142 143 144 145 146 147 148 149 150 151 152 153 154 155 156 157 158 159 160 161 163 164 165 166 167 168 169 170 171 172 173 174 175 176 177 178 179 180 181 182 183 184 185 186 187 188 189 190 191 192 193 194 195 196 197 198 199 200 201 202 203 204 205 206 207 208 209 210 211 212 213 214 215 216 217 218 219 220 221 222 223 224 225 226 227 228 229 230 231 232 233 234 235 236 237 238 239 240 241 242 243 244 245 246 247 248 249 250 251 252 253 254 255 256 257 258 259 260 261 262 263 264 265 266 267 268 269 270 271 272 273 274 275 276 277 278 279 280 281 282 283 284 285 286 287 288 289 290 291 292 293 294 295 296 297 298 299 300 301 302 303 304 305 307 308 309 310 311 312 313 314 315 316 317 318 319 320 321 322 323 324 325 326 327 328 329 330 331 332 333 334 335 336 337 338 339 340 341 342 343 344 345 346 347 348 349 350 351 352 353 354 355 356 357 358 359 360 361 362 363 364 365 366 367 368 369 370 371 372 373 374 375 376 377 378 379 380 381 382 383 384 385 386 387 388 389 390 391 392 393 394 395 396 397 398 399 400 401 402 403 404 405 406 407 408 409 410 411 412 413 414 415 416 417 418 419 420 421 422 423 424 425 426 427 428 429 430 431 432 433 434 435 436 437 438 439 440 441 442 443 444 445 446 447 448 449 450 451 452 453 454 455 456 457 459 460 461 462 463 464 465 466 467 468 469 470 471 472 473 474 475 476 477 478 479 480 481 482 483 484 485 486 487 488 489 490 491 492 493 494 495 496 497 498 499 500 501 502 503 504 505 506 507 508 509 511 512 513 514 516 517 518 519 520 521 522 523 524 525 526 527 528 529 530 531 532 533 534 535 536 537 538 539 540 541 542 543 544 545 546 547 548 549 550 551 552 554 555 556 557 558 559 560 561 562 563 564 565 566 567 568 569 570 571 572 573 574 575 576 577 578 579 580 581 582 583 584 585 586 587 588 589 590 591 592 593 594 595 601 602 603 604 605 606 607 608 609 610 611 612 613 614 615 616 617 618 619 623 624 625 626 627 628 629 630 631 632 634 635 636 637 638 639 640 641 642 643 644 645 646 647 648 649 650 651 652 653 654 655 656 657 658 659 660 661 662 663 664 665 666 667 671 672 673 677 678 679 680 681 682 683 687 688 689 690 691 692 693 695 696 697 698 700 701 702 703 705 706 707 709 710 711 712 713 714 715 717 718 719 720 721 722 723 724 725 726 727 728 729 733 734 735 736 737 738 739 742 743 744 745 748 749 750 751 752 753 754 755 756 757 758 759 760 761 764 765 766 767 768 769 770 771 773 774 775 776 777 778 779 780 781 782 783 784 0
1 14 15 16 17 18 19 20 21 22 23 24 25 26 27 28 29 30 31 32 33 34 35 36 37 38 39 40 41 42 45 46 47 48 49 50 51 52 53 54 55 56 57 58 61 62 63 64 65 66 67 68 69 70 71 72 73 76 77 78 79 80 81 82 83 85 89 90 91 92 93 94 95 97 99 100 101 102 103 104 106 107 108 109 110 113 114 118 119 120 122 123 124 125 127 128 129 130 132 133 134 135 136 137 138 139 141 142 146 147 148 149 150 151 152 153 155 156 157 158 159 160 161 162 163 164 165 166 167 168 169 170 171 172 173 174 175 176 177 178 179 180 181 182 183 184 185 186 187 188 189 190 191 192 193 194 195 196 197 198 199 200 201 202 203 204 205 206 207 208 209 210 211 212 213 214 215 216 217 218 219 220 221 222 223 224 225 226 227 230 231 232 234 235 236 237 238 239 240 241 242 243 244 245 246 247 248 249 250 251 252 253 254 255 256 257 258 259 260 261 262 263 264 265 266 267 268 269 270 271 272 273 274 275 276 279 280 281 283 284 285 286 287 288 289 290 291 294 296 297 299 300 301 302 303 304 305 306 308 310 311 315 316 317 318 319 320 322 329 330 331 332 333 334 335 336 343 344 345 346 347 348 349 350 352 358 359 360 361 362 364 366 373 374 375 377 378 379 380 381 382 383 384 385 386 387 388 389 390 391 392 393 394 395 396 397 398 399 400 401 402 403 404 405 406 407 408 411 412 413 414 415 416 417 420 421 422 424 425 426 427 432 433 434 435 438 439 440 441 442 443 444 445 446 447 449 450 451 452 453 454 455 456 457 458 459 460 461 463 464 465 466 467 468 469 470 471 472 473 474 475 477 478 479 480 481 482 483 484 485 486 487 488 489 491 494 495 496 497 498 499 500 501 502 505 509 510 511 512 513 514 515 516 517 519 520 521 522 524 525 527 528 530 532 533 534 535 536 537 538 539 540 541 542 543 544 545 547 548 549 550 551 554 555 556 557 558 559 560 561 566 567 568 569 570 571 574 575 576 577 578 579 580 581 582 583 584 585 586 587 589 590 591 592 593 594 595 596 597 598 599 600 601 602 604 605 606 607 608 609 610 611 612 613 614 615 616 617 619 620 623 624 625 626 627 630 631 632 633 634 635 636 637 638 639 640 641 642 643 644 646 647 648 649 650 651 652 653 654 658 659 660 661 662 663 664 665 666 667 669 670 671 672 673 674 679 680 681 682 686 688 689 690 691 692 693 694 695 696 697 698 700 702 703 704 705 706 708 709 710 711 713 714 716 717 718 719 720 721 722 723 724 725 726 728 730 731 732 733 734 735 736 737 738 739 740 742 744 745 746 747 748 749 750 751 752 753 756 758 759 760 761 762 763 764 765 766 767 768 770 778 779 780 781 782 783 784 0
1 2 3 4 5 6 7 8 9 10 11 12 13 14 15 16 17 18 19 21 22 23 25 26 27 29 32 34 35 36 37 39 40 41 42 43 46 47 48 50 52 57 58 59 60 61 62 63 64 65 66 67 68 69 71 73 74 75 76 77 82 83 84 85 89 90 91 93 96 97 98 99 102 105 106 107 108 109 111 112 113 114 115 117 118 119 120 122 124 125 126 129 131 132 133 136 137 138 139 140 142 143 144 145 146 147 153 154 155 157 158 159 160 161 162 163 164 165 166 167 171 172 173 178 179 180 181 182 185 186 187 188 189 190 194 195 196 197 198 199 200 201 202 203 205 206 207 208 209 210 211 212 213 214 215 216 219 220 221 222 223 224 226 227 228 229 230 231 234 235 236 237 238 241 242 243 244 245 246 248 249 251 252 253 254 255 256 257 258 259 260 261 262 263 264 265 267 268 269 270 271 272 273 275 276 277 278 280 283 284 285 287 290 291 292 293 294 295 296 298 301 302 304 305 306 307 308 311 312 313 314 315 316 319 320 321 327 328 335 336 337 339 341 342 343 347 348 349 350 351 352 353 354 355 356 357 359 360 361 362 365 368 369 370 371 373 374 375 376 377 378 380 381 382 383 384 385 386 388 389 390 391 392 0
1 3 4 5 6 7 9 10 12 14 15 16 21 23 24 25 26 27 28 30 31 32 35 37 38 40 41 42 43 44 45 46 47 48 49 50 51 52 53 54 55 56 57 59 62 64 65 66 67 68 71 73 75 76 77 79 80 81 82 83 84 85 86 87 88 89 90 91 92 93 94 95 96 97 98 99 100 103 104 105 106 110 111 112 115 117 118 119 120 121 122 123 124 125 126 127 132 133 134 139 140 141 143 144 145 146 147 148 149 150 151 152 154 155 156 157 158 159 160 161 163 164 165 167 168 169 170 172 174 175 177 179 180 181 182 183 185 186 187 188 189 191 194 195 196 197 198 199 200 201 202 203 205 206 207 208 209 210 211 212 213 214 215 216 217 219 220 221 222 223 224 225 226 228 229 230 231 232 235 236 237 238 239 240 242 244 245 246 250 251 252 253 254 255 256 259 260 261 262 264 265 266 268 269 270 272 273 274 276 277 278 279 280 281 283 284 285 286 287 288 289 290 291 292 294 295 296 297 298 299 300 301 303 304 305 306 307 308 309 310 311 312 314 315 318 319 320 321 322 326 327 328 329 334 335 336 340 341 342 343 344 345 346 347 348 349 350 351 352 353 354 355 357 359 360 361 362 363 364 365 366 367 368 369 370 371 372 373 374 375 376 377 378 379 380 381 382 383 384 385 386 387 389 391 392 0
5 7 8 9 10 12 13 15 16 18 21 26 28 31 33 34 35 36 37 39 40 41 42 43 44 46 47 48 49 50 52 57 58 61 63 65 66 67 68 72 73 74 76 77 79 80 82 83 84 85 87 89 90 93 94 95 98 99 100 102 104 105 107 108 109 114 118 119 121 122 123 124 125 126 127 129 130 131 132 135 136 138 142 143 0
1 4 7 8 9 11 12 16 20 21 23 24 26 29 30 31 0

32
1 2 3 4 5 6 7 8 9 10 11 12 13 14 15 16 17 18 19 20 21 22 23 24 25 26 27 28 29 30 31 32 33 34 35 37 38 39 40 41 42 43 44 45 46 47 48 49 50 51 52 53 54 55 56 57 58 59 60 61 62 63 64 66 67 68 69 70 71 72 73 74 75 76 77 78 79 80 81 82 83 84 85 86 87 88 89 90 91 92 93 94 95 96 97 98 99 100 101 102 103 104 105 106 107 108 109 110 111 112 113 114 115 116 117 118 119 120 121 122 123 124 125 126 127 128 129 130 131 132 133 134 135 136 137 138 139 140 141 142 143 144 145 146 147 148 149 150 151 152 153 154 155 156 157 158 159 160 161 162 163 164 165 166 167 168 169 170 171 172 173 174 175 176 177 178 179 180 181 182 183 184 185 186 187 188 189 190 191 192 193 194 195 196 197 198 199 200 201 202 203 204 205 206 207 208 209 210 211 212 213 214 215 216 217 218 219 220 221 222 223 224 225 226 227 228 229 230 231 232 235 237 238 239 240 241 242 243 244 245 246 247 248 249 250 251 252 253 254 255 256 257 258 259 260 261 262 263 264 265 266 267 268 269 270 271 272 273 274 275 276 277 278 279 280 281 282 283 284 285 286 287 288 289 290 291 292 293 294 295 296 297 298 300 301 302 303 304 305 306 307 308 309 310 311 312 313 314 315 316 317 318 319 320 321 322 323 324 325 326 327 328 329 330 331 332 333 334 335 336 337 338 339 340 341 342 343 344 345 346 347 348 349 350 351 352 353 354 355 356 357 358 359 360 361 362 363 364 365 366 367 368 369 370 371 372 373 374 375 376 377 378 379 380 381 382 383 384 385 386 387 388 389 390 391 392 393 394 395 396 397 398 399 400 401 402 403 404 405 406 407 408 409 410 411 412 413 414 415 416 417 418 419 420 421 422 423 424 425 426 427 428 430 431 432 433 434 435 436 437 438 439 440 441 442 443 444 445 446 447 448 449 450 451 452 453 454 455 456 457 458 459 460 461 462 463 464 465 466 467 468 469 470 471 472 473 474 475 476 477 478 479 480 481 482 483 484 485 486 487 488 489 490 491 492 493 494 495 496 497 498 499 500 501 502 503 504 505 506 507 508 509 510 511 512 513 514 515 516 517 518 519 520 521 522 523 524 525 526 527 528 529 530 531 532 533 534 535 536 537 538 539 540 541 542 543 544 545 546 547 548 549 550 551 552 553 554 555 556 557 558 559 560 561 562 564 565 566 567 568 569 570 571 572 573 574 575 576 577 578 579 580 581 582 583 584 585 586 587 588 592 593 594 595 596 597 598 599 600 603 604 605 606 607 608 609 614 615 616 617 618 619 620 621 623 624 625 626 627 629 630 631 632 633 634 635 636 637 638 639 640 641 642 643 644 645 646 647 648 649 650 651 652 653 655 656 657 658 659 662 663 664 665 666 667 668 669 672 673 674 675 676 677 678 679 680 681 682 683 686 687 688 689 690 691 692 693 694 695 696 697 701 702 704 705 706 707 708 709 711 712 713 714 715 716 718 719 720 721 722 723 724 725 726 728 729 730 731 732 733 734 735 736 738 739 740 741 742 743 744 745 746 747 748 749 750 751 752 753 754 755 756 757 758 759 760 761 762 763 764 765 766 767 768 769 770 771 772 773 774 775 780 781 782 783 784 0
14 15 16 17 18 19 21 22 23 24 25 26 27 28 29 30 31 32 33 35 36 37 38 39 41 43 44 45 46 47 49 50 51 52 53 54 55 56 57 58 59 60 61 62 63 64 65 66 67 68 69 70 71 72 73 74 75 76 77 78 79 80 81 82 83 84 85 86 87 88 89 90 91 92 93 94 95 99 100 101 102 103 104 105 106 107 113 114 116 117 118 119 120 121 123 127 128 129 130 131 132 133 134 135 136 137 141 142 143 144 145 146 147 148 149 150 151 152 155 156 157 158 159 160 161 162 164 165 166 167 169 170 171 172 173 178 179 180 181 183 184 185 186 187 188 189 190 191 192 193 194 195 196 200 201 202 203 204 205 206 207 209 210 213 214 215 216 217 218 220 221 223 224 226 227 228 229 230 231 232 233 234 235 236 237 238 240 241 242 243 244 245 246 247 248 249 250 252 254 255 256 257 258 259 260 261 262 263 264 265 266 268 269 270 271 272 273 274 275 276 277 278 279 280 282 283 284 285 286 287 288 289 290 291 292 293 294 296 297 298 299 300 301 302 303 304 305 308 310 311 312 313 314 315 316 317 318 322 324 325 326 327 328 329 330 331 336 338 340 341 342 343 344 345 346 347 350 353 354 355 356 357 358 359 360 361 362 363 364 365 366 367 368 369 370 371 372 374 375 376 377 378 379 380 381 382 383 384 385 386 387 388 389 390 391 392 393 394 395 396 397 398 399 400 401 402 403 404 405 406 407 408 409 410 411 415 416 417 418 419 421 426 427 428 429 430 431 432 434 435 436 437 438 441 442 443 444 445 446 447 448 449 450 451 454 455 456 457 458 459 460 462 463 464 465 466 467 469 470 471 472 473 474 475 476 477 480 481 482 484 485 486 487 488 491 492 493 494 495 496 497 499 500 501 502 503 505 507 509 510 511 512 513 515 516 517 519 520 522 523 524 531 533 534 535 536 537 538 539 540 541 542 544 545 547 548 549 550 551 552 553 554 556 560 561 562 563 564 565 566 567 568 569 570 574 575 576 577 578 579 580 582 583 584 585 586 587 589 590 591 592 593 594 595 596 597 598 599 600 601 602 604 605 606 607 609 610 616 618 619 620 621 622 623 624 625 626 630 632 633 634 635 637 638 639 640 641 643 644 646 647 648 649 650 651 652 653 654 655 656 657 658 660 661 662 664 665 667 668 669 670 671 672 674 675 678 679 680 681 682 683 684 685 686 687 688 691 692 693 694 695 696 697 699 700 701 703 704 705 706 707 709 711 712 713 714 717 718 719 720 721 722 723 724 725 726 727 728 731 732 733 735 736 737 738 739 740 741 742 743 744 745 746 747 748 749 750 752 753 754 755 756 757 758 759 760 761 762 763 770 771 772 773 774 775 776 777 783 784 0
1 2 3 4 5 6 7 8 9 11 12 13 15 16 18 19 20 21 22 23 25 27 28 29 30 31 32 33 34 36 37 38 39 40 41 43 44 45 46 47 48 49 53 54 55 56 57 60 61 62 63 66 67 68 69 70 71 73 74 75 76 79 80 81 82 85 86 87 88 89 90 92 93 94 95 96 97 98 99 100 101 104 105 109 110 112 115 116 117 118 119 122 123 124 125 126 127 128 129 130 131 132 133 134 135 137 138 139 140 141 142 143 144 145 146 147 154 157 158 159 160 164 165 166 167 168 171 172 173 175 176 177 178 179 183 184 185 186 190 191 192 193 195 196 197 198 199 200 203 206 207 208 209 210 213 214 215 216 217 220 221 222 223 224 226 227 228 229 232 233 234 235 236 238 239 240 241 242 243 244 245 246 247 249 250 251 253 254 255 256 257 258 259 260 261 262 263 264 265 266 267 268 269 270 271 272 273 274 277 279 280 281 282 283 284 285 287 288 289 290 291 292 293 294 297 298 299 301 305 306 307 311 312 313 314 315 317 318 319 320 321 322 323 324 325 326 327 330 331 332 333 334 335 337 338 339 340 341 342 343 346 347 352 353 354 355 356 357 359 360 361 363 364 366 367 368 369 370 371 372 373 374 375 376 379 380 381 382 383 386 387 388 389 390 392 0
2 3 5 7 8 10 11 12 14 15 16 17 18 19 20 23 26 29 30 31 32 33 35 36 37 40 42 43 44 45 46 48 49 50 51 52 53 54 55 56 58 59 60 61 62 63 64 65 66 67 68 69 70 71 72 74 75 76 77 78 79 80 81 82 83 84 85 86 87 88 89 90 91 92 93 94 96 98 99 100 101 102 104 105 106 108 109 110 111 112 113 114 115 116 117 118 119 122 123 124 125 126 127 128 129 131 133 134 135 136 137 138 140 141 142 143 144 145 147 148 150 151 152 153 154 156 157 158 160 161 164 165 166 167 168 169 170 172 173 174 175 176 177 178 179 180 181 182 183 184 187 188 190 192 193 194 195 196 197 198 199 200 201 202 204 205 207 208 209 210 211 212 214 215 216 217 218 220 221 222 223 225 226 227 228 229 230 232 234 235 236 237 239 240 241 242 243 246 247 248 249 252 253 258 259 260 261 262 263 264 265 266 267 268 270 272 273 274 275 276 277 279 280 281 282 283 284 287 288 289 290 291 292 293 294 295 296 297 298 299 300 301 302 305 307 308 311 312 313 314 315 319 320 321 325 326 327 330 331 332 333 334 337 338 339 340 341 343 344 345 346 347 348 350 351 352 353 354 355 356 357 358 359 360 361 362 363 364 365 367 368 369 370 371 372 373 374 376 377 378 379 380 381 382 383 384 385 386 387 388 389 390 392 0
1 4 5 7 8 11 12 13 14 15 16 17 18 19 20 21 22 23 24 25 26 27 28 31 32 33 34 35 36 37 39 40 41 43 44 45 47 49 50 52 53 55 58 59 61 62 63 64 66 67 68 70 71 72 77 79 80 81 82 83 84 85 86 87 88 89 92 95 97 98 100 101 102 104 106 107 108 110 112 113 114 115 116 117 118 119 120 121 122 124 125 128 129 130 131 132 133 134 136 139 140 142 143 0
1 2 4 6 7 9 10 13 15 18 19 20 21 22 23 24 25 26 31 32 0

33
1 2 3 4 5 6 7 8 9 10 11 12 13 14 15 16 17 18 19 20 21 22 23 24 25 26 27 28 29 30 31 32 33 34 35 36 37 38 39 40 41 42 43 44 45 46 47 48 49 51 52 53 54 55 56 57 58 59 60 61 62 63 64 65 66 67 68 69 70 71 72 73 74 75 76 77 78 79 80 81 82 83 84 85 86 87 88 89 90 91 92 93 94 95 96 97 98 99 100 101 102 103 104 105 106 107 108 109 110 111 112 113 114 115 116 117 118 119 120 121 122 123 124 125 126 127 128 129 130 131 132 133 134 135 136 137 138 139 140 141 142 143 144 145 146 147 148 149 150 151 152 153 154 155 156 157 158 159 160 161 162 163 164 165 166 167 168 169 170 171 172 173 174 175 176 177 178 179 180 181 182 183 184 185 186 187 188 189 190 191 192 193 194 195 196 197 198 199 200 201 202 203 204 205 206 207 208 209 210 211 212 213 214 215 216 217 218 219 220 221 222 223 224 225 227 228 229 230 231 232 233 234 235 236 237 238 239 240 241 242 243 244 245 246 247 248 249 250 251 252 253 254 255 256 257 258 259 260 261 262 263 264 265 266 267 268 269 270 271 272 273 274 275 276 277 278 279 280 281 282 283 284 285 286 287 288 289 290 291 293 294 295 296 297 299 300 301 302 303 304 305 306 307 308 309 310 311 312 313 314 315 316 317 318 319 320 321 322 323 324 325 326 327 328 329 330 331 332 333 334 335 336 337 338 339 340 341 342 343 344 345 346 347 348 349 350 351 352 353 354 355 356 357 358 359 360 361 362 363 364 365 366 367 368 369 370 371 372 373 374 375 376 377 378 379 380 381 382 383 384 385 386 387 388 389 390 391 392 393 394 395 396 397 398 399 400 401 402 403 404 405 406 407 408 409 410 411 412 413 414 415 416 417 418 419 420 421 422 423 424 425 426 427 428 429 430 431 432 433 434 435 436 437 438 439 440 441 442 443 444 445 446 447 448 449 450 451 452 453 454 455 456 457 458 459 460 461 462 463 464 465 466 467 468 469 470 471 472 473 474 475 476 477 478 479 480 481 482 483 485 486 487 488 489 490 491 492 493 494 495 496 497 498 499 501 502 503 504 505 506 507 508 509 510 511 512 513 514 515 517 518 519 520 521 522 523 524 525 526 527 528 529 530 531 532 533 534 535 536 537 538 539 540 541 542 543 544 545 546 547 548 549 550 551 552 553 554 555 556 557 558 559 560 561 562 563 564 565 566 567 568 569 570 571 572 573 574 575 576 577 578 579 580 581 582 583 584 585 586 587 588 589 590 591 592 593 594 595 596 597 598 599 600 601 602 603 604 605 606 607 609 610 611 612 613 614 615 616 617 618 622 623 624 625 626 627 628 629 630 631 632 633 634 635 636 637 638 645 646 647 648 650 651 652 658 659 660 661 662 664 665 666 667 668 669 670 672 673 674 675 676 677 678 679 680 681 684 685 686 687 688 689 690 691 692 693 694 695 696 697 698 699 700 704 706 707 708 709 710 711 712 713 714 715 716 717 718 720 721 722 723 724 725 726 727 728 729 730 731 732 733 734 735 736 737 738 741 742 743 748 749 750 751 752 753 755 756 757 758 759 760 763 764 765 766 767 768 771 772 773 774 775 776 777 778 779 780 781 784 0
1 2 3 6 8 9 10 13 14 15 16 17 18 19 21 22 24 25 26 27 28 29 30 31 32 33 34 35 36 37 39 40 41 43 44 45 46 48 49 50 51 53 57 58 59 60 62 63 64 71 72 73 74 75 76 77 78 79 80 81 82 85 86 87 88 89 90 91 92 93 94 95 96 97 99 100 101 102 103 105 106 107 108 109 110 111 113 114 115 116 117 118 119 120 121 122 123 124 125 126 127 128 129 130 131 132 133 134 135 136 137 138 139 140 141 142 143 144 145 146 147 148 149 150 153 154 155 156 157 160 161 162 163 164 165 166 167 169 170 177 178 179 183 184 185 186 187 188 189 190 191 192 193 194 195 196 197 198 199 200 201 202 203 204 205 206 207 208 209 210 211 212 213 214 215 216 217 218 219 220 221 222 223 224 226 227 228 229 230 232 233 234 236 237 238 240 241 242 245 246 247 252 253 254 255 256 259 260 261 266 267 268 269 270 271 272 273 274 275 276 280 281 282 283 284 285 286 287 288 289 290 291 294 296 297 298 299 300 301 302 303 304 305 306 307 308 310 311 313 314 315 316 317 318 319 320 321 322 324 325 327 328 329 330 331 332 333 334 335 336 338 339 342 343 344 345 346 347 348 349 350 352 356 357 358 359 360 364 366 372 373 374 375 378 379 380 381 382 383 384 385 386 387 388 389 390 391 392 393 394 395 396 397 398 399 400 401 402 403 404 405 406 407 408 409 412 413 414 415 416 417 418 419 420 421 422 423 424 427 428 429 430 431 432 433 436 437 438 439 440 441 442 444 445 446 447 449 453 454 455 456 457 458 459 460 461 463 464 465 466 468 469 470 471 472 473 474 475 477 478 479 480 481 485 486 487 489 491 492 494 495 496 497 498 499 500 501 502 504 506 507 510 511 512 514 515 518 519 524 525 526 528 529 530 531 532 534 535 536 538 539 540 541 542 543 545 547 548 549 552 553 554 555 556 557 558 559 560 561 562 563 564 566 567 569 570 571 572 573 575 576 577 578 579 580 581 582 583 584 585 586 587 589 590 591 592 593 594 595 596 597 598 599 600 601 602 603 604 606 608 610 611 612 613 614 615 616 617 620 623 624 625 627 630 632 633 634 636 637 639 641 642 643 644 645 646 647 649 650 651 653 654 655 656 657 658 659 661 663 664 667 668 669 672 673 674 675 677 678 681 682 683 686 687 690 691 692 693 694 695 696 697 698 699 700 702 703 704 705 707 708 709 710 711 712 713 714 716 717 718 719 720 721 722 723 724 725 728 730 731 732 733 734 735 736 737 738 740 741 742 744 745 746 747 748 749 750 751 752 754 755 756 757 758 759 760 761 762 763 764 765 766 767 768 769 770 779 780 784 0
1 2 3 4 5 6 7 8 9 10 11 12 13 14 15 17 18 19 20 22 24 25 26 27 29 31 32 33 34 35 36 38 39 40 41 42 43 46 47 50 53 54 55 59 60 61 62 64 65 67 68 69 73 74 75 76 77 80 81 82 83 84 87 88 89 90 92 97 99 100 101 104 105 106 107 108 110 112 113 114 116 117 119 120 121 122 123 124 126 127 128 129 130 131 132 133 135 136 137 138 139 140 141 142 143 145 147 148 150 151 152 153 154 155 157 158 162 163 164 165 169 170 171 172 175 176 177 178 179 180 181 182 184 185 190 193 194 197 198 199 200 201 202 203 206 207 208 209 212 213 214 215 218 219 220 221 222 223 224 226 227 228 229 230 233 234 235 236 237 241 242 243 245 246 247 249 250 251 252 253 254 257 258 260 261 262 267 269 270 271 272 274 275 277 278 279 280 282 283 284 285 286 290 291 294 295 297 298 299 300 301 302 303 305 306 309 310 312 313 317 318 319 320 321 324 325 326 328 329 332 333 335 337 340 341 344 346 347 348 349 350 351 352 353 354 355 358 359 360 361 364 366 367 368 369 370 371 372 373 374 376 377 378 380 381 382 383 385 386 388 389 392 0
1 2 3 4 6 8 9 10 11 12 14 16 17 18 19 21 23 24 25 26 28 29 30 31 32 36 37 38 39 40 41 45 46 47 48 49 51 52 53 54 55 56 57 58 59 60 61 66 68 69 71 72 73 75 76 77 78 79 80 81 82 83 84 85 86 87 88 89 91 92 93 94 95 96 97 98 99 100 101 102 103 104 106 108 109 111 112 116 118 119 121 123 125 126 127 128 129 130 133 137 138 139 141 142 143 144 145 147 148 149 150 153 154 155 156 157 158 159 160 162 163 164 165 167 168 170 171 172 173 174 175 177 178 179 180 181 182 183 185 186 187 188 189 190 191 192 194 195 196 197 198 199 200 204 206 208 210 211 212 214 216 218 220 221 222 223 225 228 229 230 233 234 235 237 239 240 241 244 245 246 247 248 249 250 251 252 253 256 257 258 259 260 262 263 264 265 266 267 268 270 271 273 274 275 276 277 278 279 280 281 282 283 284 285 287 288 289 290 291 292 293 294 295 296 297 298 299 300 301 303 304 305 306 308 309 310 311 312 313 315 316 317 318 320 321 322 323 325 326 327 328 329 330 333 334 335 338 339 340 341 342 343 344 345 346 347 348 349 350 351 352 353 354 355 356 357 358 359 360 361 362 363 364 367 368 370 371 372 374 375 376 377 378 379 381 382 383 384 385 386 387 388 389 390 391 392 0
1 3 4 7 8 9 10 12 13 14 16 18 19 20 21 23 24 25 26 28 29 30 31 32 33 34 35 37 39 40 41 42 43 46 47 48 52 53 55 56 57 58 62 64 67 68 70 72 73 75 78 81 82 85 86 87 88 89 90 91 92 96 98 99 100 101 102 103 104 105 106 107 108 109 110 112 113 114 115 116 117 120 122 123 124 125 127 130 131 132 136 137 138 139 141 142 143 144 0
1 2 4 6 9 10 13 18 19 21 22 23 24 25 26 27 28 31 32 0

34
1 2 3 4 5 6 7 8 9 10 11 12 13 14 15 16 17 18 19 20 21 22 23 24 25 26 27 28 29 30 31 32 33 34 35 36 37 38 39 40 41 42 43 44 45 46 47 48 49 50 51 52 53 54 55 56 57 58 59 60 61 62 63 64 65 66 67 68 69 70 71 72 73 74 75 76 77 78 79 80 81 82 83 84 85 86 87 88 89 90 91 92 93 94 95 96 97 98 99 100 101 102 103 104 105 106 107 109 110 111 112 113 114 115 116 117 118 120 121 122 123 124 125 126 127 128 129 130 131 132 133 134 135 136 137 138 139 140 141 142 143 144 145 146 147 148 149 150 151 152 153 154 155 156 157 158 159 160 161 162 163 164 165 166 167 168 169 170 171 172 173 174 175 176 177 178 179 180 181 182 183 184 185 186 187 188 189 190 191 192 193 194 195 196 197 198 199 200 201 202 203 204 205 206 207 208 209 210 211 212 213 214 215 216 217 218 219 220 221 222 223 224 225 226 227 228 229 230 231 232 233 234 235 236 237 238 239 240 241 242 243 244 246 247 249 251 252 253 254 255 256 257 258 259 260 261 262 263 264 265 266 267 268 269 270 271 272 273 274 275 276 277 278 279 280 281 282 283 284 285 286 287 288 289 290 291 292 293 294 295 296 297 298 299 300 301 302 303 304 305 306 307 308 309 310 311 312 313 314 316 317 318 319 320 321 322 323 324 325 326 327 329 330 331 332 333 334 335 336 337 338 339 340 341 342 343 344 345 346 347 348 349 350 351 352 353 354 356 357 358 359 360 361 362 363 364 365 366 367 369 370 371 372 373 374 375 376 377 378 379 380 381 382 383 384 385 386 387 388 389 390 391 392 393 394 395 396 397 398 399 400 401 402 403 404 405 406 407 408 409 410 411 412 413 414 415 416 417 418 419 420 421 422 423 424 425 426 427 428 429 430 431 432 433 434 435 436 437 438 439 440 441 442 443 444 445 447 448 449 450 451 452 453 454 455 456 457 458 459 460 461 462 463 464 465 466 467 468 469 470 471 472 473 474 475 476 477 478 479 480 481 483 484 485 486 487 488 489 490 491 492 493 494 495 496 497 498 499 500 501 502 503 504 505 506 507 508 509 510 511 512 513 514 515 516 517 518 519 520 521 522 523 524 525 526 527 528 529 530 531 532 533 534 535 536 537 538 539 540 541 542 543 544 545 546 547 548 549 550 551 552 553 554 555 556 557 558 559 560 561 562 563 564 565 566 568 569 570 571 572 573 574 575 576 577 578 579 580 581 582 583 584 585 586 587 588 589 590 591 592 593 594 595 596 597 598 599 600 601 602 603 604 605 606 607 608 609 610 611 613 615 616 619 620 625 631 634 635 636 637 638 639 640 641 642 643 644 645 646 647 648 649 650 651 652 653 654 655 656 659 660 661 662 663 664 665 666 667 668 669 673 674 676 677 678 679 680 681 682 683 684 685 686 687 688 691 692 693 694 695 696 697 698 699 700 701 702 703 704 705 707 708 710 711 712 713 714 715 716 717 718 720 721 722 726 727 728 729 733 734 735 737 738 739 740 741 742 743 744 746 747 748 749 750 751 752 753 754 755 756 757 758 759 760 761 762 763 766 767 769 770 771 772 773 774 775 776 777 778 779 780 782 784 0
1 2 3 4 14 15 16 17 18 19 20 21 22 23 24 26 27 29 30 31 32 33 34 35 36 37 38 39 40 43 44 45 46 47 48 49 50 51 52 53 55 57 59 60 62 63 64 65 66 67 68 71 72 73 74 75 76 77 78 79 80 81 82 83 85 87 88 89 90 91 92 93 94 95 97 99 100 101 102 103 104 105 106 107 108 109 110 111 113 114 115 116 118 119 120 121 122 124 125 127 128 129 132 133 134 135 137 138 139 140 141 142 143 144 145 146 147 148 149 151 152 153 154 155 156 157 158 159 160 161 162 166 167 169 170 171 172 173 174 175 177 178 179 180 181 183 184 185 186 187 188 189 190 191 192 193 194 195 196 197 198 199 200 201 202 203 204 205 206 207 208 209 210 212 213 214 215 216 217 218 219 220 221 222 223 224 226 227 228 229 230 231 232 234 235 238 241 242 243 244 245 246 247 248 249 252 256 257 258 259 260 261 262 263 264 266 269 270 272 273 274 275 276 277 278 280 284 286 287 288 289 290 291 292 294 300 301 302 303 304 305 307 308 310 311 312 315 316 317 318 319 320 321 322 324 325 326 327 329 330 331 332 334 335 336 338 339 340 341 343 344 345 348 349 350 352 353 354 355 356 357 358 361 362 363 364 366 368 369 370 371 372 373 374 375 376 377 378 379 380 381 382 383 384 385 386 387 388 389 390 391 392 393 394 395 396 397 398 399 400 401 402 403 404 405 406 407 408 409 410 411 412 413 414 415 416 417 418 419 422 423 424 425 428 429 430 431 432 433 435 436 437 438 439 440 441 442 443 444 445 446 447 449 450 451 453 454 455 456 457 458 459 460 462 463 464 465 466 467 468 469 470 471 472 473 474 475 477 478 479 480 481 482 483 484 485 486 487 489 490 491 492 493 494 496 497 500 502 503 505 506 507 508 510 512 513 514 515 519 522 523 525 526 527 529 530 531 534 536 537 538 540 542 543 544 545 546 547 549 550 551 552 553 554 556 557 558 559 560 561 562 564 565 566 567 569 571 572 573 575 576 577 578 579 580 581 582 583 584 585 586 587 588 589 590 591 592 593 594 595 596 597 598 599 600 601 602 603 607 608 609 610 611 612 613 614 615 616 617 618 620 621 622 623 624 630 632 633 634 637 638 639 640 644 646 647 648 649 650 651 652 653 654 655 656 657 658 660 661 662 663 664 666 667 668 669 670 671 672 674 677 678 679 680 681 682 685 686 688 689 690 691 692 693 694 695 696 699 700 702 703 704 705 706 707 708 709 710 711 713 714 715 716 717 720 721 722 723 724 725 726 727 728 730 733 734 735 738 739 740 741 742 748 749 752 753 754 756 760 761 762 765 766 767 768 769 770 771 772 773 774 775 776 777 778 779 780 781 782 783 784 0
1 2 3 4 5 6 7 8 9 10 12 13 15 16 17 18 19 20 21 22 23 24 25 26 27 28 29 30 32 33 34 36 37 38 39 40 41 43 44 46 47 54 60 61 62 66 67 68 69 70 73 74 75 76 78 81 82 83 84 86 87 88 89 93 95 96 97 99 100 101 104 105 107 108 109 110 112 114 115 116 117 118 119 121 122 123 124 125 126 129 130 131 132 133 135 137 138 140 141 142 143 144 147 148 149 154 159 160 164 165 166 167 168 171 172 173 175 178 179 181 185 186 191 192 193 197 198 199 200 201 205 206 208 209 212 213 214 215 216 217 219 220 221 222 223 227 228 229 230 231 233 234 235 236 237 238 239 240 242 243 246 247 248 249 250 251 253 254 255 256 257 258 261 262 263 264 265 266 269 270 271 272 273 275 277 280 281 282 284 286 288 289 290 291 294 295 296 298 301 303 304 305 306 307 310 311 312 313 314 318 319 320 321 322 323 324 326 327 328 333 334 337 338 339 340 341 344 346 350 352 353 354 356 357 359 360 361 363 364 366 367 368 369 370 371 373 374 375 376 377 380 381 382 383 386 387 388 389 390 391 392 0
1 3 4 8 10 11 12 16 17 18 19 23 24 27 28 34 35 40 42 43 45 46 47 48 49 51 52 53 54 56 57 58 59 60 61 62 63 64 66 67 68 69 70 71 72 73 74 76 77 78 79 80 81 82 83 84 85 88 90 91 92 93 95 96 97 99 100 101 102 103 104 105 107 109 110 111 112 113 114 115 116 118 119 120 121 122 123 124 125 126 128 130 131 133 134 138 140 141 142 143 144 145 147 149 150 151 152 156 157 158 160 161 164 165 166 167 168 171 172 173 174 175 177 178 180 181 182 185 186 188 189 190 192 193 194 195 197 198 201 203 204 205 206 207 208 209 211 213 214 215 216 217 220 221 223 227 228 229 230 232 234 235 236 237 239 240 241 242 244 246 247 252 253 255 256 257 258 259 260 261 262 263 264 265 266 267 268 269 270 273 274 275 276 278 279 280 281 284 285 286 287 288 289 290 292 293 294 295 296 297 301 302 303 305 306 307 308 310 311 312 313 315 317 318 319 320 321 322 326 327 332 333 338 339 340 343 344 345 346 347 348 349 350 351 352 353 355 356 357 358 359 361 362 363 364 365 368 369 370 371 372 374 375 376 377 378 380 381 383 385 386 387 388 389 390 392 0
1 2 4 6 7 8 11 12 13 14 15 16 17 18 19 22 23 24 28 29 30 32 33 35 36 39 40 41 42 43 44 45 46 47 50 53 54 56 59 61 62 63 64 65 66 67 68 69 70 71 72 74 75 76 77 78 82 83 84 85 86 87 89 95 97 100 104 105 106 112 114 116 117 119 120 122 126 127 128 129 130 131 132 135 139 140 141 143 0
2 6 8 11 14 16 17 20 25 26 0

35
1 2 3 4 5 6 7 8 9 10 11 12 13 14 15 16 17 18 19 20 21 22 23 24 25 26 27 28 29 30 31 32 33 34 35 36 37 39 40 41 42 43 44 45 46 47 48 50 51 52 53 54 55 56 57 58 59 60 61 62 63 64 65 66 67 68 69 70 71 72 73 74 75 76 77 78 79 80 81 82 83 84 85 86 87 88 89 90 91 94 95 96 97 98 99 100 101 102 103 104 105 106 107 108 109 110 111 112 113 114 115 116 117 118 119 120 121 122 123 124 125 126 127 128 129 130 131 132 134 135 136 137 138 139 140 141 142 143 144 145 146 147 148 149 150 151 152 153 154 155 156 157 158 159 160 161 162 163 164 165 166 167 168 169 170 171 172 173 174 175 176 177 178 179 180 181 182 183 184 185 186 187 188 189 190 191 192 193 194 195 196 197 198 199 200 201 202 203 204 205 206 207 208 209 210 211 212 213 214 215 216 217 218 219 220 221 222 223 224 225 226 227 228 229 230 231 232 233 235 236 237 238 239 240 241 242 243 244 245 246 247 248 249 250 251 252 253 254 255 256 257 258 259 260 261 262 263 264 265 266 267 268 269 270 271 272 273 274 275 276 277 278 279 280 281 282 283 284 285 286 287 288 289 290 291 292 293 294 295 296 297 298 299 300 301 302 303 304 305 306 307 308 309 310 311 312 313 314 315 317 318 319 320 321 322 323 324 325 326 327 328 329 330 331 332 333 334 335 336 337 338 339 340 341 342 343 344 345 346 347 348 349 350 351 352 353 354 355 356 357 358 359 360 361 362 363 364 365 366 367 368 369 370 371 372 373 374 375 376 377 378 379 380 381 382 383 384 385 386 387 388 389 390 391 392 393 394 395 396 397 398 399 400 401 402 403 404 405 406 407 408 409 410 411 412 413 414 415 416 417 418 419 420 421 422 423 424 425 426 427 428 430 431 432 433 434 435 436 437 438 439 440 441 442 443 444 445 446 447 448 449 450 451 452 453 454 455 456 457 458 459 460 461 462 463 464 465 466 467 468 469 470 471 472 473 474 475 476 477 478 479 480 481 483 484 485 486 487 488 489 490 491 492 493 494 495 496 497 499 500 501 503 504 505 506 507 508 509 510 511 512 513 514 515 516 517 518 519 520 521 522 523 524 525 526 527 528 529 530 531 532 533 534 535 536 537 538 539 540 541 542 543 544 545 546 547 548 549 550 551 552 553 554 555 556 557 558 559 560 561 562 563 564 566 567 568 569 570 571 572 573 574 575 576 577 578 579 580 581 582 583 584 585 586 587 588 589 594 596 597 598 599 607 608 609 610 611 616 617 618 619 620 621 622 623 624 625 626 627 629 631 632 633 634 635 636 637 638 639 640 641 643 644 645 646 647 648 649 650 651 652 653 654 655 656 657 658 659 661 662 663 664 665 666 667 668 669 670 671 672 673 674 675 677 678 679 680 681 682 683 684 685 686 687 688 691 692 693 695 696 697 699 700 701 702 703 704 705 706 707 708 709 710 711 712 713 714 715 716 717 718 719 720 721 722 723 724 729 730 731 732 733 734 735 736 737 738 739 741 742 743 744 745 746 747 748 749 750 751 752 753 754 755 756 757 758 759 760 761 762 763 764 767 768 769 770 771 775 776 778 781 782 783 784 0
14 15 19 20 21 22 23 24 25 26 29 30 31 32 33 34 35 36 37 38 39 41 43 46 47 49 50 51 52 53 54 57 58 60 61 62 63 64 65 66 67 68 69 71 72 76 77 78 79 80 81 82 83 84 85 86 87 90 91 92 93 94 95 96 97 98 99 100 103 104 105 106 107 108 109 110 111 112 113 114 115 117 118 119 120 121 122 123 124 125 127 128 129 131 132 133 134 135 136 137 141 142 143 145 146 147 148 149 150 155 156 157 158 159 160 161 162 163 165 166 167 169 170 171 172 173 174 175 179 180 181 183 184 185 186 187 188 189 190 191 192 193 194 195 196 197 198 203 204 205 206 207 210 216 217 218 220 221 224 229 230 231 232 233 234 235 238 242 243 244 245 246 247 248 249 250 252 256 257 258 259 260 261 262 263 264 265 266 270 271 273 274 275 276 277 278 279 280 282 284 285 286 287 288 289 290 291 292 293 294 296 297 298 299 300 301 302 303 304 305 306 307 308 310 314 315 316 317 318 319 320 322 323 324 327 328 329 330 331 332 333 336 338 339 341 342 343 344 345 346 347 350 352 353 354 355 356 357 358 359 360 362 364 366 367 369 370 371 372 373 375 377 378 379 380 381 382 383 384 385 386 387 388 389 390 391 392 393 394 395 396 397 398 399 400 401 402 403 404 405 406 408 409 410 411 413 414 415 416 417 418 419 421 422 423 424 426 427 428 429 430 431 432 433 434 435 439 440 441 442 443 444 445 447 448 449 450 451 453 454 455 456 457 458 459 460 461 463 465 467 468 469 470 471 472 473 476 477 478 479 481 482 483 484 485 486 488 489 490 491 494 495 496 497 499 500 502 503 505 506 508 509 510 511 512 513 514 515 516 517 519 520 521 522 523 525 526 527 528 530 531 533 535 536 537 538 539 540 541 542 544 545 547 550 551 552 553 555 556 557 559 561 562 563 564 567 568 569 570 573 575 576 577 578 579 580 581 582 583 584 585 586 587 589 590 591 592 593 594 595 596 597 598 599 600 601 602 604 605 606 607 609 610 611 612 616 618 619 620 623 624 625 630 632 633 634 636 637 638 639 640 641 642 644 646 647 649 650 651 652 653 654 655 656 658 660 661 662 663 664 665 666 667 668 669 672 674 675 677 678 679 680 681 682 683 684 686 688 691 692 693 694 695 696 697 698 699 700 702 704 705 706 707 708 709 710 712 714 715 716 717 718 719 720 722 723 724 726 727 728 729 730 731 732 733 734 735 736 737 738 740 741 742 743 744 745 746 747 748 749 750 751 753 754 755 756 757 758 759 760 761 762 763 765 767 768 769 770 772 776 777 778 784 0
1 2 3 4 5 6 7 8 9 11 12 13 15 17 18 19 20 21 22 24 25 26 27 28 29 30 31 32 33 34 35 36 37 38 39 40 41 43 46 47 48 53 54 55 57 60 61 62 66 67 68 69 70 71 74 75 76 77 78 80 81 82 83 85 86 87 88 89 90 92 93 94 96 97 99 100 101 104 105 109 110 111 112 115 116 117 118 119 123 124 125 126 127 128 129 130 131 132 133 134 135 136 137 138 139 140 142 143 144 145 147 151 154 157 158 160 164 165 166 167 168 170 171 172 173 174 175 177 178 179 180 182 184 185 186 187 190 191 192 197 198 199 200 205 206 207 208 209 210 213 214 215 216 217 219 220 221 222 223 224 226 227 228 229 230 232 233 234 235 236 237 238 240 241 242 243 244 245 246 247 249 250 251 257 258 263 264 265 269 270 271 272 273 274 275 276 277 278 281 282 283 284 286 287 288 289 290 291 292 293 294 297 298 299 301 305 306 307 313 314 316 318 319 320 321 322 323 325 326 327 328 329 330 331 332 333 334 335 337 338 339 340 341 342 347 353 354 355 356 357 359 360 361 362 363 364 366 367 368 369 370 371 372 373 374 375 376 377 378 379 380 381 382 383 384 386 387 388 389 390 391 392 0
3 8 9 10 11 12 14 16 17 18 19 20 22 23 24 25 26 27 28 29 30 31 32 33 34 36 37 38 40 41 42 43 44 45 46 47 48 49 52 53 54 55 56 58 59 60 61 62 63 64 65 66 67 68 69 70 71 72 73 74 75 76 77 78 79 81 82 83 84 85 86 87 88 89 91 92 93 94 95 96 97 98 99 102 104 105 107 108 109 110 111 112 115 116 117 118 119 120 121 122 123 124 126 127 128 129 130 132 133 134 136 137 138 140 141 142 143 144 145 146 150 151 152 155 156 157 158 159 160 161 163 165 169 170 172 173 174 175 176 177 178 179 180 181 182 183 184 185 186 187 188 189 190 191 192 194 195 196 197 198 199 200 201 202 204 205 206 207 208 209 211 213 214 215 217 218 219 220 221 222 223 224 225 226 227 228 229 230 231 232 233 235 236 237 239 240 241 242 243 244 246 247 248 249 250 251 252 253 254 255 256 259 260 261 263 264 265 266 267 268 269 270 271 272 273 275 276 277 278 279 280 281 282 283 284 285 286 287 288 289 290 291 292 293 294 295 296 298 299 301 302 304 305 306 308 313 314 315 318 319 320 321 322 323 324 325 326 327 328 329 330 331 333 334 337 339 340 341 342 343 344 345 346 347 348 349 350 351 352 353 354 355 356 357 358 359 360 361 363 364 365 368 369 370 371 372 374 375 376 377 378 379 381 382 383 384 385 386 387 388 389 390 391 392 0
1 2 4 5 6 7 8 9 10 13 14 15 16 17 18 19 20 21 23 24 26 27 28 30 31 32 33 34 35 36 37 39 40 41 42 43 44 45 46 47 48 49 50 53 54 55 58 59 60 63 64 65 67 68 70 74 76 77 79 81 82 83 84 85 86 87 89 90 92 94 95 96 97 98 100 101 102 104 105 106 107 108 110 112 113 114 115 116 117 118 119 120 122 123 126 127 128 130 131 133 135 137 138 139 141 143 0
1 4 6 8 10 11 12 14 16 18 19 22 23 24 30 31 32 0

36
1 2 3 4 5 6 7 8 9 10 11 12 13 14 15 16 17 18 19 20 21 22 23 24 25 26 27 28 29 30 31 32 33 34 35 36 37 38 39 40 41 42 43 44 45 46 47 48 49 50 51 52 53 54 55 56 57 58 59 60 61 62 63 64 65 66 67 69 70 71 72 73 74 75 76 77 78 79 80 81 82 83 84 85 86 87 88 89 90 91 92 94 95 96 97 98 99 100 101 102 103 104 106 107 108 109 110 111 112 113 114 115 116 117 118 119 120 121 122 123 124 125 126 127 128 131 132 133 134 135 136 137 138 139 140 141 142 143 144 145 146 147 148 149 150 151 152 153 154 155 156 157 158 159 160 161 162 163 164 165 166 167 168 169 170 171 172 173 174 175 176 177 178 179 180 181 182 183 184 185 186 187 188 189 190 191 192 193 194 195 196 197 198 199 200 201 202 203 204 205 206 207 208 209 210 211 212 213 214 215 216 217 218 219 220 221 222 223 224 225 226 227 228 229 230 231 232 233 234 235 236 237 238 239 240 241 242 243 244 245 246 247 248 249 250 251 252 253 254 255 256 257 258 259 260 261 262 263 264 265 266 267 268 269 270 271 272 273 274 275 276 277 278 279 280 281 282 283 284 285 286 287 288 289 290 291 292 293 294 295 296 297 298 299 300 301 302 303 304 305 306 307 308 309 310 311 312 313 314 315 316 317 318 319 320 321 322 323 324 325 327 328 329 330 331 332 333 334 335 336 337 338 339 340 341 342 343 344 345 346 347 348 349 350 351 352 353 354 355 356 357 358 359 360 361 362 363 364 365 366 367 368 369 370 371 372 373 374 375 376 377 378 379 380 381 382 383 384 385 386 387 388 389 390 391 392 393 394 395 396 397 398 399 400 401 402 403 404 405 406 407 408 409 410 411 412 413 414 415 416 417 418 419 420 421 422 423 424 425 426 427 428 429 430 431 432 433 434 435 436 437 438 439 440 441 442 443 444 445 446 447 448 449 450 451 452 453 454 455 456 457 458 459 460 461 462 463 464 465 466 467 468 469 470 471 472 473 474 475 476 477 478 479 480 481 482 483 484 485 486 487 488 489 490 491 492 493 494 495 496 497 498 499 502 503 504 505 506 507 509 510 511 513 514 515 516 517 518 519 520 521 522 524 525 526 527 528 529 530 531 532 533 534 535 536 537 538 539 541 542 543 544 545 546 547 548 549 550 551 552 553 554 555 556 557 558 559 560 561 562 563 564 565 566 567 568 569 570 571 572 573 574 575 576 577 578 579 580 581 582 583 584 585 586 587 588 592 593 594 595 596 597 598 599 601 602 603 604 605 606 607 608 613 614 615 616 617 618 619 620 621 622 623 624 625 626 627 628 629 630 631 632 636 637 638 639 640 641 642 643 644 645 646 647 648 649 650 651 652 653 654 655 656 659 660 661 662 665 666 667 668 669 670 672 673 674 675 676 677 678 679 680 681 685 686 687 691 692 693 694 695 697 698 699 700 701 702 703 705 706 707 708 709 710 711 712 713 714 716 717 718 720 721 722 723 724 725 726 727 728 729 730 731 732 733 734 735 736 737 738 739 740 741 742 743 744 745 746 747 748 749 752 753 754 755 756 757 760 762 763 764 765 769 770 771 772 773 774 775 776 777 778 779 782 783 784 0
1 12 14 15 16 17 18 19 20 21 22 23 25 26 27 28 29 30 31 32 33 34 35 36 37 38 39 40 41 42 43 44 45 46 47 48 49 50 51 52 53 54 55 56 57 58 59 60 61 63 64 65 66 67 68 70 71 72 73 74 75 76 77 78 79 80 85 86 87 88 89 90 91 92 93 94 95 96 99 100 102 103 104 105 106 107 108 110 111 113 114 116 117 118 119 120 121 122 123 124 125 127 129 130 131 132 133 134 135 137 138 139 140 141 142 143 144 145 147 148 149 150 151 152 153 154 155 156 157 158 159 160 161 164 165 166 167 168 169 170 174 175 176 177 180 181 182 183 184 185 186 187 188 189 190 191 192 193 194 195 196 198 199 200 201 202 203 204 205 206 207 208 209 210 212 213 214 215 216 217 218 220 221 222 223 224 226 227 228 229 230 231 232 233 235 236 237 238 243 244 245 246 247 248 249 250 251 252 254 257 258 259 260 261 262 263 264 265 266 268 269 270 271 272 273 274 275 276 277 278 280 282 283 284 285 286 287 288 289 290 294 296 298 299 300 301 302 303 304 308 310 311 313 314 315 316 317 318 319 320 321 322 324 325 326 327 328 329 330 331 332 333 334 335 336 338 339 340 341 342 343 344 345 347 348 349 350 354 355 356 357 358 359 360 361 362 363 364 371 372 373 375 376 377 378 379 380 381 382 383 384 385 386 387 388 389 390 391 392 393 394 395 396 397 398 399 400 401 402 403 404 405 406 407 412 413 414 415 418 419 420 421 422 423 424 425 426 428 429 430 432 433 434 436 437 438 439 440 441 442 444 445 446 447 448 449 450 451 452 453 455 456 457 458 459 463 464 465 466 469 470 471 472 473 474 475 476 477 478 479 480 481 482 483 484 485 487 488 489 491 492 493 494 495 496 497 499 500 501 503 505 507 508 509 510 511 512 513 514 518 519 521 522 524 525 526 527 532 533 534 535 536 537 538 539 540 541 542 543 544 545 548 550 551 552 553 555 556 557 558 559 561 562 563 566 567 568 569 570 571 572 573 574 576 577 578 579 580 581 582 583 584 585 586 587 588 589 590 591 592 593 594 595 596 597 598 599 600 601 602 604 605 606 609 610 611 612 613 614 615 616 617 618 622 623 624 625 627 628 629 630 632 633 634 635 636 637 638 639 640 641 642 643 644 646 647 648 650 652 653 654 655 656 657 658 660 661 662 664 665 666 667 668 669 670 671 672 673 674 675 678 679 680 684 685 686 688 689 690 691 692 693 694 696 697 698 699 700 703 704 705 709 710 711 712 713 714 715 718 720 721 722 723 726 727 728 729 730 731 732 733 734 735 736 737 739 742 744 745 746 747 748 749 750 751 752 756 758 759 761 763 764 765 766 767 770 778 782 783 784 0
1 2 3 4 5 6 7 8 12 13 14 15 17 18 19 21 22 23 24 25 26 27 29 30 31 32 33 34 36 37 38 39 40 41 42 43 44 45 47 49 55 56 60 61 62 63 64 66 67 68 69 70 72 73 74 75 78 79 80 81 82 83 84 86 87 88 89 91 92 95 96 97 98 99 100 101 102 103 105 106 107 108 109 110 111 112 113 114 115 116 117 118 119 121 122 124 125 126 128 129 130 131 133 134 135 136 137 138 139 140 141 143 146 147 150 153 154 156 157 158 160 161 164 165 166 167 168 171 172 180 181 183 184 185 186 187 188 190 197 198 199 200 201 203 205 206 207 208 209 210 212 213 214 215 216 217 219 220 221 222 223 225 227 228 229 230 231 232 233 234 235 236 237 238 240 241 242 244 246 247 248 249 250 251 252 253 254 256 257 258 259 262 264 265 266 268 270 273 274 275 276 279 280 281 282 283 284 286 287 289 290 291 293 294 297 299 300 301 305 306 307 308 309 310 311 312 313 314 315 318 319 320 323 324 327 328 330 332 334 335 336 337 343 344 345 346 347 348 350 352 353 354 355 356 357 360 361 362 363 364 365 366 367 368 369 370 371 372 373 374 375 376 377 379 380 381 382 383 384 385 387 388 389 392 0
1 2 4 5 6 7 8 9 10 12 13 14 15 17 18 19 21 25 26 28 29 31 32 33 35 36 37 38 39 40 42 45 46 47 48 49 52 53 54 55 57 58 59 60 61 62 63 64 65 67 68 69 70 71 74 75 76 78 82 83 85 86 87 88 90 91 92 94 95 96 97 98 99 100 101 102 103 105 108 109 111 112 115 116 117 119 122 123 125 127 131 136 137 138 140 141 142 143 144 145 146 147 151 152 153 155 157 160 161 163 164 165 166 167 170 174 175 176 177 178 179 180 181 183 185 186 187 188 190 191 192 193 194 195 196 197 198 199 200 201 202 203 204 205 206 207 208 209 210 211 213 214 215 217 219 220 221 226 227 228 229 230 232 234 235 237 238 239 241 243 244 245 246 247 249 252 253 254 255 256 257 258 259 260 261 263 264 265 266 268 269 270 271 272 273 274 275 276 277 278 280 282 283 284 285 286 287 288 289 290 291 292 293 294 295 297 299 301 302 304 305 306 307 308 310 311 312 313 314 315 317 319 320 322 324 325 326 327 328 331 332 333 334 338 339 340 343 344 345 346 347 348 350 351 352 353 356 357 358 359 361 362 363 364 365 366 367 368 369 371 373 374 375 376 377 378 379 380 381 382 383 384 385 387 388 389 390 391 392 0
1 2 3 6 7 8 9 10 11 12 13 14 15 16 18 19 21 22 23 24 28 29 33 34 37 38 39 40 43 44 46 47 49 50 52 54 56 59 60 63 67 68 69 71 73 74 75 76 77 81 82 83 84 85 86 88 89 90 92 93 94 95 97 98 99 100 101 102 104 105 106 107 108 109 110 111 113 114 116 117 118 119 120 123 124 125 127 128 129 130 132 133 135 137 139 142 143 0
1 2 4 5 9 12 13 15 19 21 23 25 29 31 0

37
1 2 3 4 5 6 7 8 9 10 11 12 13 14 15 16 17 18 19 20 21 22 23 24 25 26 27 28 29 30 31 32 33 34 36 37 38 39 40 41 42 43 44 45 46 47 48 49 50 51 52 53 54 55 56 57 58 59 60 61 62 63 64 65 66 67 68 69 70 71 72 73 74 75 76 77 78 79 80 81 82 83 84 85 86 87 88 90 91 92 93 94 95 96 97 98 99 100 101 102 103 104 105 106 107 108 109 110 111 112 113 114 115 116 117 118 119 120 121 122 123 124 125 126 127 128 129 130 131 132 133 134 135 136 137 138 139 140 141 142 143 144 145 146 147 148 149 150 151 152 153 154 155 156 157 158 159 160 161 162 163 164 165 166 167 168 169 170 171 172 173 174 175 176 177 178 179 180 181 182 183 184 185 186 187 188 189 190 191 192 193 194 195 196 197 198 199 200 201 202 203 204 205 206 207 208 209 210 211 212 213 214 215 216 217 219 220 221 222 223 224 225 226 227 228 229 230 232 233 234 235 236 237 238 239 240 241 242 243 245 246 247 248 249 250 251 252 253 254 255 256 257 258 259 260 261 262 263 264 265 266 267 268 269 270 271 272 273 274 275 276 277 278 279 280 281 282 283 284 285 286 287 288 289 290 291 292 293 294 295 296 297 298 299 300 301 302 303 304 305 306 307 308 309 310 311 312 313 314 315 316 317 318 319 320 321 322 323 324 325 326 327 328 329 330 331 332 333 334 335 336 337 338 339 340 341 342 343 344 345 346 347 348 349 350 351 352 353 354 355 356 357 358 359 360 361 362 363 364 365 366 367 368 369 370 371 372 373 374 375 376 377 378 379 380 381 382 383 384 385 386 387 388 389 390 391 392 393 394 395 396 397 398 399 400 401 402 403 404 405 406 407 408 409 410 411 412 413 414 415 416 417 418 419 420 421 422 423 424 425 426 427 428 429 430 431 432 433 434 435 436 437 438 439 440 441 442 443 444 445 446 447 448 449 450 451 452 453 454 455 456 457 458 459 460 461 462 463 464 465 466 467 468 469 470 471 472 473 474 475 476 477 478 479 480 481 482 483 484 485 486 487 488 489 490 491 492 493 494 495 496 497 498 499 500 501 502 503 504 505 506 507 508 509 510 511 512 513 514 515 516 517 518 519 520 521 522 523 524 525 526 527 528 529 530 531 532 533 534 535 536 538 539 540 541 542 543 544 545 546 547 548 549 550 551 552 553 554 555 556 557 558 559 560 561 562 563 564 565 566 567 568 569 570 571 572 573 574 575 576 577 578 579 580 581 582 583 584 585 586 587 588 589 590 591 592 593 596 597 598 599 600 601 602 603 604 605 606 607 610 611 612 613 614 615 616 617 618 619 620 621 623 624 625 626 627 628 629 630 631 632 633 634 635 636 637 638 639 640 645 646 647 648 650 651 652 653 655 656 658 659 660 661 662 663 664 665 667 668 671 672 673 674 675 676 677 678 679 680 681 682 683 684 685 686 687 688 689 690 691 692 693 694 695 696 698 699 700 701 702 703 704 705 706 707 708 710 711 713 714 715 716 717 718 719 720 721 722 723 724 725 726 727 728 729 730 731 733 734 735 736 737 738 739 741 742 743 744 748 749 750 751 752 755 756 760 761 762 763 764 765 767 770 771 773 774 775 776 777 778 779 780 783 784 0
1 2 3 6 7 9 10 11 12 13 14 15 16 17 18 19 21 22 23 24 25 26 27 28 29 30 31 32 33 35 36 37 38 40 41 42 43 44 45 46 48 49 50 51 52 57 58 59 60 62 63 64 65 71 72 73 74 76 77 78 79 85 86 87 88 89 90 91 92 93 94 95 96 97 99 100 101 102 103 104 105 106 107 108 109 110 111 113 114 115 116 117 118 119 120 121 122 123 124 125 127 128 129 130 131 132 133 134 135 136 137 138 139 140 141 142 143 144 145 146 147 148 149 150 151 152 153 154 155 156 157 158 159 160 161 162 163 164 166 167 169 170 171 176 177 178 181 183 184 185 186 187 188 189 190 191 192 193 194 195 196 197 198 199 200 201 202 203 204 205 206 207 208 209 210 211 212 213 214 215 216 217 219 221 222 223 224 226 227 228 229 230 232 233 234 236 237 238 240 241 242 243 244 246 247 248 252 253 254 255 256 257 259 260 261 262 266 267 268 269 270 271 272 273 274 275 276 280 281 282 283 284 285 286 287 288 289 290 294 295 296 297 298 299 300 301 302 303 304 305 307 308 309 310 311 312 313 314 315 316 317 318 319 320 321 322 324 325 327 328 329 330 331 332 333 334 335 336 338 339 342 343 344 345 346 347 348 349 350 352 353 357 358 359 360 361 362 363 364 366 372 373 374 378 379 380 381 382 383 384 385 386 387 388 389 390 391 392 393 394 395 396 397 398 399 400 401 402 403 404 405 406 407 408 409 410 411 413 414 415 416 417 418 419 421 422 423 424 426 427 428 429 430 431 432 433 436 437 438 439 440 441 442 443 444 445 446 447 449 452 454 455 456 457 459 460 461 463 464 465 466 467 468 469 470 471 472 473 474 475 477 478 479 480 481 482 483 484 485 486 487 489 491 492 493 494 495 497 498 499 500 501 502 504 505 506 507 508 509 510 511 512 513 514 515 517 518 519 520 521 523 524 525 526 527 528 529 530 531 534 535 536 538 539 540 541 542 543 545 546 547 549 552 553 554 555 556 557 559 560 561 562 563 564 565 566 567 568 569 570 571 572 573 575 576 577 578 579 580 581 582 583 584 585 586 587 589 590 591 592 593 594 595 596 597 598 599 600 601 602 603 604 605 606 607 609 610 611 612 613 616 617 620 623 624 625 626 627 629 630 631 632 633 634 636 637 638 639 640 641 642 644 645 646 647 650 651 652 655 656 657 658 659 661 663 664 665 671 672 673 674 675 677 678 679 680 681 686 687 688 689 690 691 692 693 694 695 696 700 701 702 704 705 706 707 708 709 710 711 712 713 714 715 716 717 718 719 720 721 722 723 724 725 726 727 728 730 731 732 733 734 735 736 737 738 739 741 742 743 744 745 746 747 748 749 750 751 752 753 754 755 756 757 758 759 760 761 762 764 765 766 767 768 769 770 778 779 784 0
1 2 3 4 6 7 8 9 10 11 12 13 14 15 16 17 18 19 20 22 23 24 25 26 29 31 32 33 34 35 36 38 39 41 42 43 46 47 48 50 53 54 55 58 59 60 61 62 64 65 66 67 68 69 71 72 73 74 75 76 80 81 82 83 84 85 87 88 89 90 92 95 96 97 99 100 101 102 103 104 105 106 107 108 109 110 112 113 114 115 116 117 118 119 120 121 122 123 124 125 126 127 128 129 130 131 132 133 135 136 137 138 139 140 142 143 144 145 146 147 148 150 151 152 153 154 155 157 158 159 162 164 165 169 170 171 172 173 174 176 177 178 179 180 181 182 184 185 186 187 189 190 193 194 197 198 199 200 201 202 203 204 206 207 208 209 211 212 213 214 215 216 218 219 220 222 223 224 225 226 227 228 229 230 231 233 234 235 236 237 241 242 243 244 245 246 249 250 251 252 253 256 257 258 260 261 262 267 268 269 270 271 272 273 274 275 276 277 278 279 280 282 283 284 285 286 288 290 291 292 293 295 296 297 298 300 301 302 303 304 305 306 308 309 310 312 313 316 317 318 319 320 321 324 325 326 327 328 329 331 332 333 334 335 336 337 340 341 342 344 346 347 348 349 350 351 352 353 354 355 356 358 359 360 361 362 365 366 367 368 369 370 371 373 374 375 376 377 378 381 382 383 384 385 386 388 389 390 391 392 0
1 2 3 4 6 7 8 9 10 11 13 16 17 18 19 21 22 23 24 25 26 27 29 30 31 32 33 35 37 38 39 40 41 45 46 47 48 49 50 51 52 53 55 56 57 58 60 61 62 63 64 65 66 68 69 70 71 72 73 74 75 76 77 78 79 80 81 82 83 84 85 86 87 88 89 90 93 95 96 97 98 99 100 101 102 103 104 105 106 107 108 109 110 111 112 113 115 116 117 118 119 120 121 122 123 124 125 126 127 128 129 130 131 132 133 137 138 140 141 142 143 144 145 146 147 148 149 150 151 152 153 155 156 157 158 159 160 161 163 164 165 166 167 168 170 171 172 173 174 175 177 178 179 180 181 182 183 184 185 186 187 188 189 190 191 192 194 195 196 197 198 199 200 201 202 204 206 207 208 211 212 213 214 216 218 220 221 222 223 224 225 227 228 229 230 232 233 234 235 236 237 238 239 241 242 243 244 245 246 247 248 249 250 251 252 253 254 257 258 259 260 262 263 264 265 266 267 268 270 271 273 274 275 276 277 278 279 280 281 283 284 285 287 288 289 290 291 292 293 294 295 296 297 299 300 301 304 305 307 308 309 310 311 312 313 314 315 316 317 318 319 320 322 323 324 326 327 328 329 330 334 335 336 338 339 340 341 342 343 344 345 346 347 348 349 350 351 352 353 354 355 356 357 359 360 362 363 364 365 366 367 368 369 370 371 372 373 374 375 376 377 378 379 380 381 382 383 384 385 386 388 389 390 391 392 0
1 3 5 6 7 8 9 10 11 12 13 14 16 17 19 20 21 23 26 27 28 29 30 31 32 33 35 36 37 39 40 41 42 43 44 45 46 47 48 50 51 52 53 54 55 56 57 58 60 62 63 67 68 70 71 72 73 77 78 79 82 86 87 88 89 91 92 94 97 98 99 100 101 102 104 105 106 107 109 110 111 112 113 115 117 120 122 123 125 127 130 131 132 133 134 136 137 138 140 141 142 143 144 0
1 2 4 6 9 10 13 18 19 21 22 23 24 25 26 27 28 31 0

38
1 2 3 4 5 6 7 8 9 10 11 12 13 14 15 16 17 18 19 20 21 22 23 24 25 26 27 28 29 30 31 32 33 34 35 37 38 39 40 41 42 43 44 45 46 47 48 49 50 51 52 53 54 55 56 57 58 59 60 61 62 63 64 65 66 67 68 69 70 71 72 73 74 75 76 77 78 79 80 81 82 83 84 85 86 87 88 89 90 91 92 93 94 95 97 98 99 100 101 102 103 104 105 106 107 108 109 110 111 112 113 114 115 116 117 118 119 120 121 122 123 124 125 126 127 128 129 130 131 132 134 135 136 137 138 139 140 141 142 143 144 145 146 147 148 149 150 151 152 153 154 155 156 157 159 160 161 162 163 164 165 166 167 168 169 170 171 172 173 174 175 176 177 178 179 180 181 182 183 184 185 186 187 188 189 190 191 192 193 194 195 196 197 198 199 200 201 202 203 204 205 206 207 208 209 210 211 212 213 214 215 216 217 218 219 220 221 222 223 224 225 226 227 228 229 230 231 232 233 234 235 236 237 238 239 240 241 242 243 244 245 246 247 248 250 251 252 253 254 255 256 257 258 259 260 261 262 263 264 265 266 267 268 269 270 271 272 273 274 275 276 277 278 279 280 281 282 283 284 285 286 287 288 289 290 291 292 293 294 295 296 297 298 299 300 301 302 303 304 305 306 307 308 309 310 311 312 313 314 315 316 318 319 320 321 322 323 324 325 326 327 328 329 330 331 332 333 334 335 336 337 338 339 340 341 342 343 344 345 346 347 348 349 350 351 352 353 354 355 356 357 358 359 360 361 362 363 364 365 366 367 368 369 370 371 372 373 374 375 376 377 378 379 380 381 382 383 384 385 386 387 388 389 390 391 392 393 394 395 396 397 398 399 400 401 402 403 404 405 406 407 408 409 410 411 412 413 414 415 416 417 418 419 420 421 422 423 424 425 426 427 428 430 431 432 433 434 435 436 437 438 439 440 441 442 443 444 445 446 447 448 449 450 451 452 453 454 455 456 457 458 459 460 461 462 463 464 465 466 467 469 470 471 472 473 474 475 476 477 478 479 480 481 482 483 484 485 487 488 489 490 491 492 493 494 495 496 497 498 499 500 501 502 503 504 505 506 507 508 509 510 511 512 513 514 515 516 517 518 519 520 521 522 523 524 526 527 528 530 531 532 533 534 535 536 537 538 539 540 541 542 543 544 545 546 547 548 549 550 551 552 553 554 555 556 557 558 559 560 561 562 563 564 565 566 567 568 569 570 571 572 573 574 575 576 577 578 579 580 581 582 583 584 585 586 587 588 589 594 598 603 604 605 606 607 608 609 610 611 612 613 614 616 617 618 619 623 624 625 626 627 629 630 633 634 635 636 637 638 639 640 641 642 643 644 645 647 648 649 650 651 652 653 654 655 656 657 658 659 660 661 662 663 664 665 666 667 668 669 670 671 672 673 674 675 676 677 678 680 681 682 683 684 685 686 687 688 690 691 692 693 695 696 697 698 699 700 701 702 703 704 705 706 707 708 709 710 711 712 713 714 715 716 717 718 719 720 721 722 723 724 725 726 727 728 729 730 731 732 733 734 735 736 737 741 742 743 744 745 746 747 748 749 750 751 752 753 759 761 762 763 766 767 768 770 771 772 773 774 775 777 778 779 780 781 782 783 0
1 8 14 15 16 20 21 22 23 24 29 30 31 32 33 34 35 36 37 38 39 40 41 43 44 45 46 47 48 49 50 51 52 53 55 57 58 59 60 61 62 63 64 65 66 67 68 69 70 71 72 75 76 77 78 79 80 81 82 83 84 85 86 89 90 91 92 93 94 95 96 97 98 99 100 102 103 104 105 106 107 108 109 110 113 114 116 117 118 119 120 121 122 123 124 125 126 127 128 130 131 132 133 134 135 136 137 139 140 141 142 143 145 146 147 148 149 150 151 153 155 156 157 158 159 160 161 162 163 164 169 170 171 173 174 175 178 183 184 185 186 187 188 189 190 191 192 193 194 195 198 202 203 204 205 210 215 216 217 218 219 220 224 226 229 230 231 232 233 234 235 238 240 242 243 244 245 246 247 248 249 251 252 256 257 258 259 260 261 262 263 264 265 266 268 270 271 272 273 274 275 276 277 278 279 280 282 283 284 286 287 288 289 290 291 292 293 294 296 299 300 301 302 303 304 305 306 307 308 310 313 314 315 316 317 318 319 320 322 324 325 327 328 329 330 331 332 333 334 335 336 338 340 341 342 343 344 345 346 347 350 352 353 354 355 356 357 358 359 360 364 366 368 369 370 371 372 373 378 379 380 381 382 383 384 385 386 387 388 389 390 391 392 393 394 395 396 397 398 399 400 401 402 403 404 405 406 408 409 410 411 413 414 415 416 418 419 421 422 425 426 427 428 429 430 431 432 433 434 435 440 441 442 443 444 445 446 448 449 451 453 454 455 456 457 458 459 460 461 463 464 465 466 467 468 469 470 472 473 474 475 476 477 478 480 481 482 483 484 485 486 487 488 489 490 491 493 494 495 496 497 498 499 501 502 503 505 506 507 508 509 510 513 514 515 516 517 519 522 523 524 525 526 527 528 529 530 531 533 535 536 537 538 539 540 543 544 545 546 547 550 551 552 553 554 555 556 557 558 559 562 563 565 566 567 568 570 571 572 573 575 576 577 579 580 581 582 583 584 585 586 587 588 589 590 591 592 593 594 595 596 597 598 599 600 601 602 604 605 606 607 608 610 611 615 616 618 619 620 621 622 623 624 625 626 627 630 632 633 634 635 636 637 638 639 640 642 644 646 647 649 650 652 653 654 655 656 657 658 660 662 663 664 665 666 667 668 669 670 671 672 674 677 678 679 680 681 682 683 684 686 688 690 691 692 693 694 695 696 697 698 700 702 703 704 705 706 708 709 710 712 714 715 716 717 718 719 720 722 723 724 725 726 727 728 729 730 731 732 733 734 735 736 737 738 740 741 742 743 745 746 747 748 749 750 751 754 755 756 757 758 759 760 761 762 763 764 765 767 768 769 770 772 776 777 784 0
1 2 3 4 5 6 7 8 9 11 12 13 15 17 18 19 20 21 22 24 25 26 27 28 29 30 31 32 33 34 35 36 37 38 39 40 41 43 45 46 47 53 54 55 57 60 61 62 66 67 68 69 70 72 73 74 75 76 77 78 80 81 82 83 85 86 87 88 89 90 92 93 94 95 96 97 99 100 101 104 105 109 110 111 112 115 116 117 118 119 121 122 123 124 125 126 128 129 130 131 132 133 134 135 136 137 138 139 140 141 142 143 144 145 147 151 154 158 159 160 164 165 166 170 171 172 173 174 175 177 178 179 180 182 184 185 186 187 190 191 193 197 198 200 201 202 207 208 209 212 213 214 215 216 217 219 220 221 222 223 224 225 226 227 228 229 230 231 232 233 234 235 236 237 241 242 243 244 245 247 248 249 250 251 254 256 257 258 259 262 263 264 265 266 267 271 272 273 274 275 276 277 278 280 281 282 283 284 286 288 289 290 291 292 294 298 299 301 306 307 312 313 314 315 318 319 320 321 322 323 325 326 327 328 329 330 331 332 333 334 335 337 339 340 341 346 347 353 354 355 356 357 359 360 361 363 364 365 366 367 368 369 370 371 372 373 374 375 376 377 378 379 380 382 383 384 386 387 388 389 390 391 392 0
3 4 6 8 10 11 12 13 14 16 17 18 19 20 21 22 23 24 25 26 27 28 29 30 31 32 34 36 37 42 43 44 45 46 47 48 49 50 51 52 53 54 56 58 59 60 61 63 64 65 66 67 68 69 70 71 72 73 74 75 76 77 78 79 80 81 82 83 84 85 86 87 88 89 91 92 93 94 95 96 97 99 102 103 104 105 109 110 111 112 114 115 116 117 118 119 120 121 122 123 124 125 126 127 129 130 131 132 133 134 137 138 139 140 141 142 143 144 145 146 149 150 151 152 153 154 156 157 158 159 160 161 162 163 164 165 166 167 168 169 170 171 172 173 174 175 176 177 178 179 180 181 182 183 184 186 187 188 189 190 192 194 195 196 198 199 200 202 204 205 206 207 209 210 211 213 214 215 217 218 219 220 222 223 224 225 226 228 229 230 231 232 233 234 235 239 240 241 242 243 245 246 247 248 249 250 251 252 253 254 255 256 257 260 261 263 265 266 267 268 269 270 271 272 273 274 275 276 277 278 279 280 282 283 284 285 286 287 288 289 290 291 292 294 295 296 297 298 299 301 302 303 305 306 308 311 312 313 314 315 318 320 321 322 323 324 325 326 327 328 329 330 331 332 333 334 338 339 340 341 342 343 344 345 346 347 348 349 350 351 352 353 354 355 356 357 358 359 360 361 363 364 365 366 368 369 371 374 375 376 377 378 379 381 382 383 384 385 386 387 388 389 390 391 392 0
1 3 4 5 6 7 8 9 10 11 13 14 15 16 17 18 19 20 21 23 24 28 29 30 31 32 33 34 35 36 37 39 40 42 43 44 45 46 48 49 50 51 52 53 54 55 56 58 59 60 61 63 64 66 67 68 69 70 76 77 79 84 85 86 87 88 90 92 93 94 95 96 98 100 101 103 104 105 106 107 108 109 110 111 112 113 114 115 116 117 118 120 122 123 125 126 127 128 130 131 132 133 135 136 137 138 139 141 142 143 0
4 6 8 10 11 12 14 16 18 19 22 23 24 30 31 32 0

39
1 2 3 4 5 6 7 8 9 10 11 12 13 14 15 16 17 18 19 20 21 22 23 24 25 26 27 28 29 30 31 32 33 34 35 36 37 38 39 40 41 42 43 44 45 46 47 48 49 50 51 52 53 54 55 56 57 58 59 60 61 62 63 64 65 66 67 68 69 70 71 72 73 74 75 76 77 79 80 81 82 83 84 85 86 87 88 89 90 91 92 93 94 95 96 97 98 99 100 101 102 103 104 105 106 107 108 109 110 111 112 113 114 115 117 118 119 120 121 122 123 124 125 126 127 128 129 130 131 132 133 134 135 136 137 138 139 140 141 142 143 144 145 146 147 148 149 150 151 152 153 154 155 156 157 158 159 160 161 162 163 164 165 166 167 168 169 170 171 172 173 174 175 176 177 178 179 180 181 182 183 184 185 186 187 188 189 190 191 192 193 194 195 196 197 198 199 200 201 202 203 204 205 206 207 208 209 210 211 212 213 214 215 216 217 218 219 220 221 222 223 224 225 226 227 228 229 230 231 232 233 234 235 236 237 238 239 240 241 242 243 244 245 246 247 248 249 250 251 252 253 254 255 256 257 258 259 260 261 262 263 264 265 266 267 268 269 270 271 272 273 274 275 276 277 278 279 280 281 282 283 284 285 286 287 288 289 290 294 295 296 297 298 299 300 301 303 304 305 306 307 308 309 310 311 312 313 314 315 316 317 318 319 320 321 322 323 324 325 326 327 328 329 330 331 332 333 334 335 336 337 338 339 340 341 342 343 344 345 346 347 348 349 350 351 352 353 354 355 356 357 358 359 360 361 362 363 364 365 366 367 368 369 370 371 372 373 374 375 376 377 378 379 380 381 382 383 384 385 386 387 388 389 390 391 392 393 394 395 396 397 398 399 400 401 402 403 404 405 406 407 408 409 410 411 412 413 414 415 416 417 418 419 420 421 422 423 424 425 426 427 428 429 430 431 432 433 434 435 436 437 438 439 440 441 443 444 445 446 447 448 449 450 451 452 453 454 455 456 457 458 459 460 461 462 463 464 465 466 467 468 469 470 471 472 473 474 475 476 477 478 479 480 481 482 483 484 485 486 487 488 490 491 492 493 494 495 496 497 499 500 501 502 503 504 505 506 507 508 509 510 511 512 513 514 515 516 517 518 519 520 521 522 523 524 525 527 528 529 530 531 532 533 534 535 538 539 540 541 542 543 544 545 546 547 548 549 550 551 552 553 554 555 556 557 558 559 560 561 562 563 564 565 566 567 568 569 570 571 572 573 574 575 576 577 578 579 580 581 582 583 584 585 586 587 588 593 594 595 596 597 598 599 600 601 602 603 604 605 608 609 610 611 612 613 614 615 616 617 619 620 621 624 625 626 627 628 629 630 631 632 633 635 636 637 638 639 640 641 642 643 644 645 646 647 648 649 650 651 652 653 654 655 656 657 658 661 662 663 664 665 666 667 668 672 673 674 680 681 682 683 684 685 686 687 688 689 690 691 693 694 695 696 697 698 699 700 701 702 703 704 705 706 707 708 709 710 711 712 714 715 718 719 720 721 722 723 724 725 726 727 728 729 730 731 732 733 734 735 736 737 738 739 740 741 742 743 746 747 748 749 750 751 752 753 754 755 756 757 758 759 760 761 762 763 764 765 766 767 770 771 772 773 774 775 776 777 778 779 780 782 783 784 0
7 8 9 10 14 15 16 17 18 19 21 22 23 24 25 26 27 28 29 30 31 32 33 34 35 36 37 38 39 40 41 42 43 44 45 46 47 48 49 50 51 52 53 54 55 56 57 58 59 60 61 62 63 64 65 66 67 68 69 70 71 72 73 74 75 76 77 78 79 80 81 82 83 85 86 90 92 93 94 95 96 97 99 103 104 105 106 107 108 109 110 111 112 113 114 116 117 118 119 120 121 122 123 126 127 128 129 130 131 133 134 135 136 137 138 139 140 141 145 146 147 148 149 150 151 152 153 155 156 157 158 159 160 161 162 163 164 165 166 167 168 169 170 171 172 173 174 175 176 177 179 180 181 182 183 184 185 186 187 188 189 190 191 192 193 194 195 196 201 202 203 204 205 206 207 208 209 210 215 216 217 218 219 220 221 222 223 224 226 227 228 230 231 232 233 234 235 236 237 238 240 241 242 243 244 245 246 247 248 249 250 251 252 255 256 257 258 259 260 261 262 263 264 265 266 270 271 272 273 274 275 276 277 278 280 289 290 291 292 294 296 298 300 301 302 303 304 305 306 307 308 310 312 313 314 315 316 317 318 319 320 321 322 324 325 326 327 328 329 330 331 332 333 334 335 336 341 342 343 344 345 346 347 348 349 350 356 357 358 359 360 361 362 363 364 366 367 368 369 370 371 372 373 374 375 376 377 378 379 380 381 382 383 384 385 386 387 388 389 390 391 392 393 394 395 396 397 398 399 400 401 402 403 404 405 406 407 408 411 412 413 414 415 416 417 418 419 420 421 422 425 426 427 428 429 430 434 435 436 437 438 439 440 441 442 443 444 445 446 447 449 450 451 452 453 454 455 456 457 458 459 460 461 464 466 467 468 469 470 471 472 474 475 476 477 478 483 484 486 487 488 489 490 491 492 493 494 495 496 497 498 499 500 501 502 503 504 505 506 508 509 510 511 512 513 514 515 519 521 522 523 524 525 527 528 529 530 533 534 536 537 538 539 540 541 542 543 544 548 551 552 553 554 556 557 558 559 561 567 568 569 574 575 576 577 578 579 580 581 583 584 585 586 587 588 589 590 591 592 593 594 595 596 597 598 599 600 601 602 604 605 606 607 611 612 613 614 615 616 619 620 621 624 625 626 627 628 630 633 634 635 636 637 638 639 641 642 643 644 645 646 647 648 649 650 651 652 653 654 657 658 660 661 662 663 664 665 666 667 672 674 675 678 679 680 681 683 684 686 688 691 692 693 694 695 696 697 698 699 700 705 706 707 708 709 710 711 712 713 714 716 717 718 719 720 721 722 723 724 725 726 728 730 731 732 735 736 737 738 742 744 745 746 748 749 750 751 752 753 754 755 756 758 759 760 763 764 765 766 767 768 769 770 772 773 774 775 776 778 779 783 784 0
1 2 3 4 5 6 7 8 9 10 11 12 14 15 16 17 18 19 20 21 22 23 24 25 27 28 29 30 31 32 33 34 35 36 38 39 40 41 42 43 45 46 47 48 55 57 58 59 60 61 62 63 65 66 67 68 69 70 71 73 74 75 76 77 78 79 80 81 82 83 84 85 86 87 88 89 90 92 95 96 97 98 99 100 103 105 106 107 108 109 110 111 112 113 114 115 116 117 118 119 120 123 124 125 126 128 129 130 132 133 134 135 137 138 139 140 141 142 143 144 145 146 147 151 152 153 154 156 157 158 159 160 163 164 165 166 167 172 173 175 178 179 180 181 182 186 188 190 191 192 193 197 198 199 202 203 204 205 206 207 208 209 210 211 212 213 214 215 216 219 220 221 222 223 224 225 226 227 228 229 230 233 234 235 236 237 238 240 241 243 244 245 246 247 248 249 250 251 252 253 254 255 256 257 258 259 261 262 263 264 265 266 269 270 271 272 273 275 276 277 278 279 280 282 283 284 285 286 287 289 291 292 293 294 298 299 300 301 303 304 305 306 307 308 310 311 312 313 314 315 320 321 327 328 329 332 334 337 338 339 340 342 347 348 349 350 351 352 353 354 355 356 359 360 361 362 363 366 367 368 369 370 371 372 373 374 375 376 377 378 380 381 382 383 384 389 390 391 392 0
3 4 5 6 7 10 11 12 14 15 16 17 18 19 23 24 26 27 28 29 30 33 34 35 37 38 39 40 41 42 43 44 45 46 47 48 49 50 51 52 53 55 56 57 58 59 60 62 64 65 66 68 69 71 72 73 74 75 76 77 78 79 80 81 82 83 84 85 86 88 89 90 91 94 95 96 97 99 101 103 104 105 106 108 109 111 112 113 114 115 116 117 118 119 120 121 122 123 124 125 126 131 132 135 136 137 138 140 143 144 145 147 149 150 151 152 154 155 157 159 160 161 163 164 165 167 168 169 171 174 175 176 178 179 180 181 182 183 184 185 186 187 188 189 190 192 193 194 195 196 197 198 199 200 202 203 204 205 206 207 208 209 210 212 213 214 215 216 217 219 220 221 222 223 224 226 227 228 229 230 231 232 234 235 238 239 240 241 242 243 244 246 250 251 252 253 254 255 256 258 259 261 262 263 264 265 266 268 269 270 271 273 274 275 276 277 278 279 280 281 282 283 284 285 287 288 291 293 294 295 296 297 298 299 300 301 302 304 305 307 309 310 312 313 314 315 316 317 318 319 320 321 322 324 325 326 327 328 329 332 333 334 338 339 340 341 342 343 344 345 346 347 348 349 350 351 352 353 354 355 357 358 359 361 362 363 364 366 367 368 369 370 371 372 373 374 375 376 377 378 379 380 381 382 383 385 387 388 390 391 392 0
3 4 5 7 12 13 17 18 27 28 29 30 31 32 34 35 36 37 38 40 41 42 43 45 46 47 48 49 50 51 52 54 55 56 57 59 60 61 64 66 67 68 70 71 72 74 76 77 78 79 80 81 82 83 84 85 87 89 90 92 93 94 95 96 97 98 99 100 102 105 107 108 109 110 114 117 118 119 121 123 124 126 127 129 132 135 136 137 139 140 144 0
1 3 4 6 7 9 11 12 13 14 16 19 20 23 24 30 31 32 0

40
1 2 3 4 5 6 7 8 9 10 11 12 13 14 15 16 17 18 19 20 21 22 23 24 25 26 27 28 29 30 31 32 33 34 35 36 37 38 39 40 41 42 43 44 45 46 47 48 49 50 51 52 53 54 55 56 57 58 59 60 61 62 63 64 65 66 67 68 69 70 71 72 73 74 75 76 77 78 79 80 81 82 83 84 85 86 87 88 89 90 92 93 94 95 96 97 98 99 100 101 102 103 104 105 106 107 108 109 110 111 112 113 114 115 116 117 118 119 120 121 122 123 124 125 126 127 128 129 130 131 132 133 134 135 136 137 138 139 140 141 142 143 144 146 147 148 149 150 151 152 153 154 155 156 157 158 159 160 161 162 163 164 165 166 167 168 169 170 171 172 173 174 175 176 177 178 179 180 181 182 183 184 185 186 187 188 189 190 191 192 193 194 195 196 197 198 199 200 201 202 203 204 205 206 207 208 209 210 211 212 213 214 215 216 217 218 219 220 221 222 223 224 225 226 227 228 229 230 231 232 233 234 235 236 237 238 239 240 241 242 243 245 246 247 248 249 250 251 252 253 254 255 256 257 258 259 260 261 262 263 264 265 266 267 268 269 270 271 272 273 274 275 276 277 278 279 280 281 282 283 284 285 286 287 289 290 291 292 293 294 295 296 297 298 299 300 301 302 303 304 305 306 307 308 309 310 311 312 313 314 316 317 318 319 320 321 322 323 324 325 326 327 328 329 330 331 332 333 334 335 336 337 338 339 340 341 342 343 344 345 346 347 348 349 350 351 352 353 354 355 356 357 358 359 360 361 362 363 364 365 366 367 368 369 370 371 372 373 374 375 376 377 378 379 380 381 382 383 384 385 386 387 388 389 390 391 392 393 394 395 396 397 398 399 400 401 402 403 404 405 406 407 408 409 410 411 412 413 414 415 416 417 418 419 420 421 422 423 424 425 426 427 428 429 430 431 432 433 434 435 436 437 438 439 440 441 442 443 444 445 446 447 448 449 450 451 452 453 454 455 456 457 458 459 460 461 462 463 464 465 466 467 468 469 470 471 472 473 474 475 476 477 478 479 480 481 482 483 484 485 486 487 488 489 490 491 492 493 494 495 496 497 498 499 500 501 502 503 504 505 506 507 508 509 510 511 513 514 515 516 517 518 519 520 521 522 523 524 525 526 527 528 529 530 531 532 533 534 535 536 538 539 540 541 542 543 544 545 546 547 548 549 550 551 553 554 555 556 557 558 559 560 561 562 563 564 565 566 567 568 569 570 571 572 573 574 575 576 577 578 579 580 581 582 583 584 585 586 587 588 589 591 592 593 594 595 596 597 598 599 600 601 602 603 604 605 606 607 608 609 610 611 612 613 614 615 616 617 619 620 621 622 623 624 625 626 627 628 629 630 631 632 633 634 635 636 637 638 644 645 646 647 648 649 650 651 652 656 657 659 660 661 662 663 664 665 666 667 668 669 672 677 678 679 680 681 682 683 684 685 687 688 689 690 691 692 693 694 695 696 697 698 700 701 702 703 704 705 706 707 708 709 710 711 712 713 714 715 716 717 718 720 721 722 723 724 725 726 727 728 729 730 731 732 733 734 735 736 737 738 739 740 741 742 743 744 745 746 747 748 749 753 754 755 756 757 758 759 760 761 762 763 764 768 769 770 771 772 773 774 776 777 778 779 780 781 783 784 0
1 6 7 8 9 10 13 14 15 16 17 18 19 20 21 22 24 25 26 27 28 29 30 31 32 33 34 35 36 37 38 39 40 41 42 43 44 45 46 48 49 50 51 52 53 54 55 57 58 59 60 61 62 63 64 65 66 67 68 71 72 73 74 75 76 77 78 79 80 81 85 86 87 89 90 91 92 93 94 95 96 99 100 103 104 105 106 107 108 109 110 111 113 114 115 117 118 119 120 121 122 123 124 125 127 128 129 130 131 132 133 134 135 136 137 138 139 140 141 142 143 144 145 146 147 148 149 150 151 152 153 155 156 157 158 159 160 161 163 165 166 167 168 169 170 171 172 173 174 176 180 181 182 183 184 185 186 187 188 189 190 191 192 193 194 195 196 198 199 200 201 202 203 204 205 206 207 208 209 210 212 213 214 215 216 217 218 219 220 221 222 223 224 226 227 228 229 230 231 232 233 234 235 236 237 238 240 241 242 243 244 245 246 247 248 249 250 251 252 254 255 256 257 258 259 260 261 266 268 269 270 271 272 273 274 275 276 277 280 284 285 286 287 288 289 290 291 292 294 300 301 302 303 304 305 306 308 310 311 313 314 315 316 317 318 319 320 321 322 323 324 325 327 328 329 330 331 332 333 334 335 336 338 339 340 341 342 343 344 345 346 347 348 349 350 352 353 354 355 356 357 358 359 360 362 363 364 366 367 368 369 370 372 373 376 377 378 379 380 381 382 383 384 385 386 387 388 389 390 391 392 393 394 395 396 397 398 399 400 401 402 403 404 405 406 407 412 413 414 415 416 417 418 419 421 422 423 424 427 428 429 430 431 432 433 435 436 437 439 440 441 442 443 444 445 446 447 448 449 450 451 453 454 455 456 457 458 459 460 461 463 464 465 466 468 469 470 471 472 473 475 477 478 479 481 482 483 484 485 486 487 489 490 492 493 495 496 497 498 499 500 501 502 503 505 507 508 509 510 511 512 513 514 515 518 519 523 524 525 526 527 528 529 530 531 533 534 535 536 537 538 539 540 541 542 543 546 547 548 549 550 551 552 553 554 555 556 557 558 559 561 562 563 564 566 567 568 570 571 572 573 574 575 576 577 578 579 580 581 582 583 584 585 586 587 589 590 591 592 593 594 595 596 597 598 599 600 601 602 604 605 606 607 608 610 611 612 613 615 616 617 620 623 624 625 626 627 628 629 630 632 633 635 636 637 638 639 640 641 644 646 649 650 651 652 653 654 658 659 660 662 663 664 665 666 667 668 672 673 676 677 678 679 680 681 682 683 684 686 688 690 691 692 694 695 696 699 700 702 703 704 705 706 707 708 709 710 711 712 713 714 715 716 717 718 719 720 721 722 723 724 725 727 728 729 731 732 733 734 735 736 737 738 739 742 743 744 745 746 747 748 749 750 751 752 753 756 757 758 759 760 761 762 763 766 767 768 769 770 783 784 0
1 2 3 4 5 6 7 8 10 11 12 14 15 17 18 19 20 22 24 25 26 27 28 29 30 31 32 33 34 35 36 38 39 40 41 42 43 44 45 46 47 49 53 54 57 58 59 60 61 65 66 67 68 69 74 75 76 77 78 79 80 81 82 83 86 87 88 89 90 91 92 94 95 96 97 98 99 100 101 102 103 104 105 106 107 108 109 110 112 113 114 115 116 117 119 120 121 122 123 124 125 126 127 128 129 130 131 132 133 134 135 136 138 139 140 141 142 143 144 145 147 150 151 152 153 154 155 156 157 158 159 162 163 164 165 170 171 172 173 174 175 176 177 178 179 180 181 182 183 184 185 186 187 188 189 190 192 197 198 199 200 201 202 203 204 205 206 207 208 209 210 211 212 213 215 216 219 220 221 222 223 224 226 227 228 229 230 231 232 233 234 235 236 237 238 243 244 245 246 249 250 251 252 253 255 256 257 258 260 262 264 265 270 271 272 274 275 276 277 278 279 280 281 282 283 284 285 287 290 291 292 293 297 298 299 300 301 303 305 306 307 310 311 312 313 318 319 320 321 323 324 325 326 327 328 331 332 333 334 335 336 337 338 339 341 343 344 345 346 348 349 350 351 352 353 354 355 357 359 360 362 364 366 367 368 369 370 371 372 373 374 375 376 377 378 380 381 382 383 384 385 388 389 390 391 392 0
1 2 4 6 8 9 10 11 12 14 15 16 17 18 19 20 22 23 24 25 26 27 29 30 31 32 33 34 35 37 38 39 42 43 44 45 46 47 48 49 50 51 52 53 55 56 58 59 60 61 64 65 66 67 68 69 70 71 72 73 74 75 76 77 80 82 83 84 85 86 87 88 91 92 93 94 95 96 97 98 99 102 103 104 105 106 107 108 109 110 111 112 113 115 116 117 118 119 120 122 123 124 125 126 128 130 131 132 133 134 135 136 137 138 141 142 143 144 145 146 147 148 149 150 151 152 153 154 155 156 157 158 159 160 161 163 165 166 167 168 169 170 171 172 173 174 175 176 177 178 179 180 182 183 184 185 186 188 189 190 192 193 194 195 196 197 198 201 203 204 205 206 208 211 212 213 214 215 216 218 219 220 221 222 223 225 226 227 228 229 230 231 232 235 236 237 238 239 240 241 242 243 244 245 246 247 248 249 250 251 252 253 254 255 256 257 258 259 260 261 262 263 264 265 266 267 268 269 270 271 272 273 274 275 276 277 278 280 281 282 283 284 285 286 287 288 289 290 291 293 294 295 296 298 299 300 301 302 303 305 306 307 310 311 312 313 315 316 317 318 320 321 322 324 325 326 327 328 329 330 331 332 333 334 335 337 338 339 340 341 342 343 344 345 346 347 348 349 350 351 352 353 354 355 356 357 359 360 362 364 365 367 370 371 372 373 374 375 376 377 378 381 382 383 384 385 386 387 388 389 390 391 392 0
1 2 3 5 7 8 9 10 11 13 14 16 17 18 19 20 21 22 23 24 25 26 28 29 30 31 32 33 34 36 37 38 39 40 44 45 46 47 48 49 52 53 54 55 56 57 58 59 60 61 62 63 65 66 67 68 69 70 71 73 74 75 76 77 78 79 80 81 82 83 84 85 86 87 90 91 92 93 94 95 96 97 98 99 100 102 104 105 106 107 108 111 112 113 114 116 117 122 123 125 126 127 128 129 130 131 132 134 135 136 137 138 139 140 141 142 143 144 0
2 3 5 9 10 11 12 13 14 18 19 20 21 23 26 28 29 30 32 0

41
1 2 3 4 5 6 7 8 9 10 11 12 13 14 15 16 17 18 19 20 21 22 23 24 25 26 27 28 29 30 31 32 33 34 35 36 37 38 39 40 41 42 43 44 45 46 47 48 49 50 51 52 53 54 55 56 57 58 59 60 61 62 64 65 66 67 68 69 70 71 72 73 74 75 76 77 78 79 80 81 82 83 84 85 86 87 88 89 90 91 92 94 95 96 97 98 99 100 101 102 103 104 105 106 107 108 109 110 111 112 113 114 115 116 117 118 119 120 121 122 123 124 125 126 127 128 129 130 131 132 133 134 135 136 137 138 139 140 141 142 143 144 145 146 147 148 149 150 151 152 153 154 155 156 157 158 159 160 161 162 163 164 165 166 167 168 169 170 171 172 173 174 175 176 177 178 179 180 181 182 183 184 185 186 187 188 189 190 191 192 193 194 195 196 197 198 199 200 201 202 203 204 205 206 207 208 209 210 211 212 213 214 215 216 217 218 219 220 221 222 223 224 225 226 227 228 229 230 231 232 233 234 235 236 237 238 239 240 241 242 243 244 245 246 247 248 249 250 251 252 253 254 255 256 257 258 259 260 261 262 263 264 265 266 267 268 269 270 271 272 273 274 275 276 277 278 279 280 281 282 283 284 285 286 287 288 289 290 291 292 293 294 295 296 297 298 299 300 301 302 303 304 305 306 307 308 309 310 311 312 313 314 315 316 317 318 319 320 321 322 323 324 325 326 327 328 329 330 331 332 333 334 335 336 337 338 339 340 341 342 343 344 345 346 347 348 349 350 351 352 353 354 355 356 357 358 359 360 361 362 363 364 365 366 367 368 369 370 371 372 373 374 375 376 377 378 379 380 381 382 383 384 385 386 387 388 389 390 391 392 393 394 395 396 397 398 399 400 401 402 403 404 405 406 407 408 409 410 411 412 413 414 415 416 417 418 419 420 421 422 423 424 425 426 427 428 429 430 431 432 433 434 435 436 437 438 439 440 441 442 443 444 445 446 447 448 449 450 451 452 453 454 455 456 457 458 459 460 461 462 463 464 465 466 467 468 469 470 471 472 473 474 475 476 477 478 479 480 481 482 483 484 485 486 487 488 489 490 491 492 493 494 495 496 497 498 499 500 501 502 503 504 505 506 507 508 509 510 511 512 513 514 515 516 517 518 519 520 521 522 523 524 525 526 527 528 529 530 531 532 533 534 535 536 537 538 539 540 541 542 543 544 545 546 547 548 549 550 551 552 554 556 557 558 559 560 561 562 563 564 565 566 567 568 569 570 571 572 573 574 575 576 577 578 579 580 581 582 583 584 585 586 587 588 602 603 604 606 607 608 609 610 611 612 615 616 617 618 619 620 621 622 623 624 625 626 627 628 629 630 631 638 639 640 641 642 643 644 645 646 647 648 649 650 651 652 653 654 655 656 657 658 659 660 661 665 666 667 668 670 671 672 673 674 677 678 679 680 681 682 683 684 685 686 688 693 694 695 696 700 701 702 703 704 705 706 707 708 709 711 712 714 715 716 717 718 721 722 723 724 725 726 727 728 729 730 731 732 733 734 735 736 737 739 740 742 743 744 745 746 747 748 749 750 751 752 753 754 755 756 757 758 759 760 761 762 763 764 766 767 768 769 770 771 772 773 774 775 776 777 778 779 780 781 782 783 784 0
1 14 15 16 17 18 19 20 21 22 23 24 25 26 27 29 31 32 33 35 36 37 40 41 43 44 47 48 49 50 51 52 54 55 56 57 58 63 64 65 66 67 68 69 70 71 77 78 79 80 81 82 83 84 85 89 91 92 93 94 95 96 97 99 100 101 103 105 106 107 109 111 113 114 115 116 119 120 121 124 125 127 128 129 133 134 135 137 139 141 142 143 144 146 147 148 149 150 151 152 153 155 156 157 158 159 160 162 163 164 165 166 167 168 169 170 171 172 173 174 175 176 177 178 179 180 181 182 183 184 185 186 187 188 189 190 191 192 193 194 195 196 200 201 202 203 204 205 210 215 216 217 218 224 226 229 230 231 233 237 238 244 245 246 247 248 250 251 252 258 259 260 261 262 263 264 265 266 268 273 274 275 276 278 279 280 282 288 289 290 291 292 293 294 296 302 303 304 308 310 311 316 317 318 322 323 324 325 326 330 331 334 335 336 338 339 343 344 345 347 348 349 350 351 352 353 354 356 357 358 359 360 361 362 363 364 366 367 368 369 371 372 373 374 375 376 377 378 379 380 381 382 383 384 385 386 387 388 389 390 391 392 393 394 395 396 397 398 399 400 401 402 403 404 405 406 407 408 409 410 411 412 413 414 416 417 418 419 420 421 422 423 424 425 427 428 429 430 431 434 435 436 437 438 439 440 441 442 443 444 445 448 449 450 451 452 453 454 455 456 458 460 461 462 463 464 465 466 467 470 471 472 473 474 475 476 477 481 482 483 484 485 486 487 488 489 491 494 495 498 499 502 503 505 506 507 508 509 510 511 512 513 514 515 516 517 518 519 522 523 527 528 532 533 536 539 540 541 545 547 548 551 552 553 554 555 556 559 560 561 562 566 567 568 569 570 571 572 574 575 576 577 578 579 580 581 582 583 584 585 586 587 589 590 591 592 593 594 595 596 597 598 599 600 601 602 604 605 606 607 609 610 614 615 616 618 619 620 621 622 623 624 625 628 629 630 632 633 634 635 636 637 638 639 641 642 643 644 646 647 648 649 650 651 652 655 656 658 660 661 662 663 664 665 666 667 668 672 674 675 676 678 679 680 681 683 684 685 686 688 689 690 692 693 694 695 696 697 698 699 700 702 703 704 705 706 707 708 711 712 713 714 716 717 718 719 720 721 722 723 725 726 727 728 729 730 731 732 734 735 736 738 739 740 741 742 743 744 745 746 747 748 749 750 751 752 753 754 755 756 757 760 761 762 763 764 765 767 768 769 770 773 774 775 778 779 780 781 782 783 784 0
1 2 3 4 6 7 8 11 12 13 15 16 18 19 20 22 23 24 25 26 28 29 32 33 34 36 37 38 39 40 41 43 44 45 46 47 48 49 53 54 60 61 64 68 69 70 71 75 78 81 82 85 86 87 88 89 92 93 94 96 97 98 99 100 101 103 104 105 107 108 109 110 112 115 116 117 119 122 123 124 126 129 130 131 133 134 135 136 137 138 140 141 142 143 144 145 146 147 151 154 157 158 164 165 166 167 168 171 172 173 178 179 183 185 186 188 190 192 193 195 196 197 200 202 203 205 206 207 208 209 210 213 214 215 216 220 221 222 223 227 228 229 230 231 233 234 236 238 239 240 241 242 243 244 245 246 247 249 250 251 254 257 258 259 263 264 265 266 268 269 270 272 274 276 277 279 280 281 283 284 285 286 287 288 289 290 291 292 293 294 297 298 301 304 305 312 313 315 319 320 323 326 327 330 331 333 334 335 337 338 339 341 342 343 345 347 352 353 354 355 356 359 360 361 362 363 366 367 368 369 370 373 374 375 376 377 380 381 383 384 388 389 390 392 0
2 3 6 10 11 12 13 14 16 17 18 19 20 21 23 24 25 27 28 30 31 32 33 34 35 37 40 41 42 43 45 46 47 48 49 51 52 53 54 56 59 60 61 62 63 68 69 72 73 77 79 80 81 82 83 88 90 92 93 94 95 96 97 98 104 105 107 108 109 110 111 112 117 118 119 120 121 122 124 125 126 130 131 132 133 137 138 142 143 144 145 147 149 150 151 155 158 159 160 161 162 163 168 170 171 172 174 177 180 181 183 185 187 188 191 193 194 195 196 197 198 201 203 204 206 207 209 210 212 213 214 215 217 218 219 220 221 222 225 226 227 228 229 230 232 234 235 236 237 239 240 241 242 243 244 246 247 248 249 250 251 252 253 256 257 258 259 260 261 263 264 265 266 267 268 269 270 271 272 273 274 275 276 277 278 279 280 281 282 283 284 285 287 288 289 291 292 293 294 295 296 301 302 304 305 306 308 312 313 315 318 319 320 322 325 326 327 332 333 334 336 340 341 343 344 345 346 347 348 349 350 351 352 353 354 356 357 358 359 361 362 363 364 365 366 367 370 371 372 373 374 377 378 379 380 381 382 383 384 385 386 388 389 390 391 392 0
1 2 3 4 5 6 7 9 10 12 15 16 17 18 19 20 21 23 26 28 29 30 31 32 33 35 36 37 38 39 40 42 45 46 48 49 53 55 56 57 58 59 60 61 62 63 65 66 67 68 69 70 71 73 74 75 76 77 80 83 88 90 92 93 95 97 99 100 102 105 108 110 113 115 116 119 126 127 130 132 133 134 137 138 140 141 143 144 0
3 4 7 10 12 15 17 19 20 21 22 27 28 29 31 0

42
1 2 3 4 5 6 7 8 9 10 11 12 13 14 15 16 17 18 19 20 21 22 23 24 25 26 27 28 29 30 31 32 33 34 35 36 37 38 39 40 41 42 43 44 45 46 47 48 49 50 51 52 53 54 55 56 57 58 59 60 61 62 63 64 65 66 67 68 69 70 71 72 73 74 75 76 77 78 79 80 81 82 83 84 85 86 87 88 89 90 91 92 93 94 95 96 97 98 99 100 101 102 103 104 105 106 107 108 109 110 111 112 113 114 115 116 117 118 119 120 121 122 123 124 125 126 127 128 129 130 131 132 133 134 135 136 137 138 139 140 141 142 143 144 145 146 148 149 150 151 152 153 154 155 156 157 159 160 161 162 163 164 165 166 167 168 169 170 171 172 173 174 175 176 177 178 179 180 181 182 183 184 185 186 187 188 189 190 191 192 193 194 195 196 197 198 199 200 201 202 203 204 205 206 207 208 209 210 211 212 213 214 215 216 217 218 219 220 221 223 224 225 226 227 228 229 230 231 232 233 234 235 236 237 238 239 240 241 242 243 245 246 247 248 249 250 251 252 253 254 255 256 257 258 259 260 261 262 263 264 265 266 267 268 269 270 271 272 273 274 275 276 277 278 279 280 281 282 283 284 285 286 287 288 289 290 291 292 293 294 295 296 297 298 299 300 301 302 303 305 306 307 308 309 310 311 312 313 314 315 316 317 318 319 320 321 322 323 324 325 326 327 328 329 330 331 332 333 334 335 336 337 338 339 340 341 342 343 344 345 346 347 348 349 350 351 352 353 354 355 356 357 358 359 360 361 362 363 364 365 366 367 368 369 370 371 372 373 374 375 376 377 378 379 380 381 382 383 384 385 386 387 388 389 390 391 392 393 394 395 396 397 398 399 400 401 402 403 404 405 406 407 408 409 410 411 412 413 414 415 416 418 419 420 421 422 423 424 425 426 427 428 429 430 431 432 433 434 435 436 437 438 439 440 441 442 443 444 445 446 447 448 449 450 451 452 453 454 455 456 457 458 459 460 461 462 463 464 465 466 467 468 469 470 471 472 473 474 475 476 477 478 479 480 481 482 483 484 485 486 487 488 489 490 491 492 493 494 495 496 497 498 499 500 501 502 503 504 505 506 507 508 509 511 512 513 514 515 516 517 518 519 520 521 522 523 524 525 526 527 528 529 530 531 532 533 534 535 536 537 538 539 540 541 542 543 544 545 546 547 548 549 550 551 552 553 554 555 556 557 558 559 560 561 562 563 564 565 566 567 568 569 570 571 572 573 574 575 576 577 578 579 580 581 582 583 584 585 586 587 588 590 591 592 593 594 595 596 597 598 599 600 601 602 603 605 606 607 608 609 610 611 612 613 614 615 616 617 622 623 626 627 628 629 630 631 632 633 634 635 636 637 638 639 640 641 642 643 644 645 646 647 648 649 650 651 652 653 654 655 656 657 658 659 660 661 662 663 664 665 666 667 670 671 672 673 674 675 676 677 678 679 680 682 684 685 686 687 688 689 690 691 692 693 694 695 696 697 698 699 700 701 702 703 704 705 706 707 708 709 710 711 712 713 714 715 716 717 719 720 721 722 723 724 725 726 727 728 729 730 731 732 733 734 735 736 737 740 741 742 743 744 745 746 747 748 749 750 753 754 755 756 757 758 759 760 761 762 763 766 768 770 771 772 773 774 775 776 777 778 779 780 781 782 783 784 0
1 4 5 6 7 8 9 10 11 12 13 14 15 17 18 19 20 21 22 23 24 25 26 27 28 29 33 34 35 36 37 38 39 40 41 42 43 44 45 46 48 49 50 51 52 53 54 55 56 57 58 59 60 61 62 63 64 65 66 67 68 69 70 71 72 73 74 75 76 77 78 79 80 81 83 84 85 86 87 88 89 90 91 92 93 94 96 97 98 99 100 101 102 104 105 106 107 108 109 110 111 112 113 114 115 116 117 118 119 120 121 122 123 124 125 126 127 128 129 130 131 132 133 134 135 136 138 139 140 141 142 143 144 145 146 147 148 149 150 152 153 154 155 156 157 158 159 160 161 162 163 165 166 167 168 169 170 171 172 173 174 175 176 183 184 185 186 187 188 189 190 191 192 193 194 195 196 198 199 200 201 202 203 204 205 206 207 208 209 210 214 215 216 217 218 219 220 221 222 223 224 229 230 231 232 233 234 235 236 237 238 240 241 242 243 244 245 246 247 248 249 250 251 252 253 254 255 256 257 258 259 260 261 262 263 264 265 266 268 269 270 271 272 273 274 275 276 277 278 279 280 282 283 284 285 286 287 288 289 290 291 292 293 294 296 297 298 299 300 301 302 303 304 306 307 308 310 311 312 313 315 316 317 318 319 320 321 322 323 324 325 326 328 329 330 331 332 333 334 335 336 337 338 341 342 343 344 345 346 348 349 350 351 352 353 354 355 356 357 358 359 360 362 363 364 365 366 367 368 369 370 371 372 373 377 378 379 380 381 382 383 384 385 386 387 388 389 390 391 392 393 394 395 396 397 398 399 400 401 402 403 404 405 406 408 409 410 411 412 414 415 417 418 419 421 422 423 424 425 427 428 429 430 431 432 434 435 436 437 438 439 440 441 442 443 444 445 446 447 449 452 454 455 456 457 458 459 461 462 463 464 465 466 467 468 469 470 471 472 473 474 475 476 478 479 480 481 482 483 484 485 486 487 488 489 491 492 493 495 496 497 498 500 501 502 503 504 505 506 507 508 510 511 512 513 514 516 517 519 521 522 523 524 525 526 527 528 529 530 532 533 534 535 536 537 538 539 540 541 543 544 545 546 547 549 550 551 552 553 554 555 556 557 558 560 561 563 564 565 566 567 568 569 570 571 572 573 575 576 577 578 579 580 581 582 583 584 585 586 587 589 590 591 592 593 594 595 596 597 598 599 600 601 602 604 605 608 609 610 611 612 613 614 615 616 618 619 620 623 624 625 627 628 630 632 633 637 638 639 640 641 642 643 644 646 647 648 649 650 651 652 653 654 655 657 658 659 662 663 664 665 666 667 668 669 670 672 673 674 675 676 677 678 679 680 681 683 684 685 686 687 688 689 690 691 692 693 694 695 698 699 700 702 705 706 707 708 709 710 711 713 714 715 717 719 720 721 722 723 724 727 728 729 730 732 733 734 735 736 737 739 740 742 743 744 745 746 747 748 749 750 751 753 756 757 759 760 761 762 763 766 767 768 770 771 772 773 775 776 777 784 0
1 2 3 4 5 6 7 8 9 10 11 12 13 14 15 16 17 18 19 20 21 22 23 24 25 26 27 29 31 32 33 34 35 36 37 38 39 40 41 42 43 44 45 46 47 49 53 54 55 56 57 59 60 61 62 63 64 65 66 67 68 69 72 73 74 75 76 77 78 80 81 82 83 84 85 86 87 88 89 90 91 92 93 94 95 96 97 99 100 101 103 104 105 107 108 109 110 111 112 113 114 115 116 117 118 119 120 121 122 123 124 125 126 127 128 129 130 131 132 133 134 135 136 137 138 139 140 141 142 143 144 145 147 150 151 152 153 154 157 158 159 160 161 162 163 164 165 166 167 168 169 170 171 172 173 174 176 177 178 179 180 181 183 184 185 186 190 191 192 197 200 201 202 203 205 206 207 208 209 210 211 212 213 214 215 216 219 220 221 222 223 224 226 227 228 229 230 231 232 233 234 235 236 237 238 239 241 242 243 244 245 246 247 248 249 250 251 252 254 255 256 257 258 259 260 261 262 263 264 265 266 267 268 269 270 271 273 274 276 277 278 279 280 281 282 283 284 286 287 288 289 290 291 292 298 299 300 301 302 304 305 306 307 308 309 310 311 312 313 314 315 316 317 318 319 320 321 323 325 326 327 328 329 330 331 332 333 334 335 336 337 338 339 340 341 345 347 348 349 352 353 354 355 356 357 358 359 360 362 363 364 366 367 368 369 370 371 372 373 374 376 377 378 379 380 381 382 383 384 387 388 389 390 391 392 0
3 4 5 6 7 8 9 10 11 12 13 15 16 17 18 19 20 23 25 26 27 28 29 30 31 32 33 34 35 36 37 38 42 43 44 45 46 47 48 49 51 52 53 54 55 56 57 58 59 60 61 62 63 64 65 66 67 69 70 71 72 73 74 75 77 78 79 80 81 82 84 85 86 87 88 89 91 92 93 94 97 102 103 104 105 106 107 108 109 111 112 114 118 119 121 122 123 124 125 126 127 128 129 130 132 133 134 135 136 137 139 140 141 142 143 144 145 146 147 149 150 151 152 153 154 156 158 159 160 161 162 163 164 165 166 167 168 169 170 171 172 173 175 176 177 178 179 180 181 182 184 185 186 187 188 190 191 193 194 195 196 197 198 199 200 201 202 203 204 205 206 207 208 209 210 211 212 213 214 215 216 217 218 220 222 223 225 226 228 229 230 231 232 236 237 238 239 240 242 243 244 246 247 248 249 250 251 252 253 254 255 256 257 258 259 261 262 263 264 265 266 267 268 269 271 272 273 274 275 276 277 278 279 280 281 282 283 284 286 287 288 289 290 291 293 294 295 298 299 300 301 303 304 306 307 308 310 311 312 313 315 316 317 318 319 320 321 322 323 324 326 327 328 329 330 331 332 333 334 336 337 338 339 340 341 342 343 344 345 346 347 348 349 350 351 352 353 354 356 357 358 360 361 362 363 364 365 367 368 369 370 371 373 374 375 376 377 378 379 381 383 384 385 386 387 388 389 390 391 392 0
1 2 4 5 6 8 9 11 12 13 14 15 16 19 20 21 23 24 25 27 28 30 32 33 34 35 36 39 41 42 43 44 45 46 48 49 50 51 52 53 54 56 57 58 59 60 62 63 65 66 67 68 69 70 74 75 76 77 78 79 80 81 82 83 84 87 89 90 92 93 94 95 97 98 99 100 103 104 105 106 107 108 110 111 112 114 116 117 119 120 121 122 123 124 125 126 127 128 129 130 131 133 134 137 138 139 141 142 143 144 0
1 2 3 7 9 10 12 13 14 15 16 17 19 20 21 22 24 25 26 27 28 30 31 32 0

43
1 2 3 4 5 6 7 8 9 10 11 12 13 14 15 16 17 18 19 20 21 22 23 24 25 26 27 28 29 30 31 32 33 34 35 36 37 38 39 40 41 42 43 44 45 46 47 48 49 50 52 53 54 55 56 57 58 59 60 61 62 63 64 65 66 67 68 69 70 71 72 73 75 76 77 78 79 80 81 82 83 84 85 86 87 88 89 90 91 92 93 94 95 96 97 98 99 100 101 102 103 104 105 106 107 108 109 110 111 112 113 114 115 116 117 118 119 120 121 122 123 124 125 126 127 128 129 130 131 132 133 134 135 136 137 138 139 140 141 142 143 144 145 146 147 148 149 150 151 152 153 154 155 156 157 158 159 160 161 162 163 164 165 166 167 168 169 170 171 172 173 174 175 176 177 178 179 180 181 182 183 184 185 186 187 188 189 190 191 192 193 194 195 196 197 198 199 200 201 202 203 204 205 206 207 208 209 210 211 212 213 214 215 216 217 218 219 220 221 222 223 224 225 226 227 228 229 230 231 232 233 234 235 236 237 238 239 240 241 242 243 244 246 247 249 250 251 252 253 254 255 256 257 258 259 260 261 262 263 264 265 266 267 268 269 270 271 272 273 274 275 276 277 278 279 280 281 282 283 284 285 286 287 288 289 290 291 292 293 294 295 296 297 298 299 300 301 302 303 304 305 306 307 308 309 310 311 312 313 314 315 316 317 318 319 320 321 322 323 324 325 326 327 328 329 330 331 332 333 334 335 336 337 338 339 340 341 342 343 344 345 346 347 348 349 350 351 352 353 354 355 356 357 358 359 360 361 362 363 364 365 366 367 368 369 370 371 372 373 374 375 376 377 378 379 380 381 382 383 384 385 386 387 388 389 390 391 392 393 394 395 396 397 398 399 400 401 402 403 404 405 406 407 408 409 410 411 412 413 414 415 416 417 418 419 420 421 422 423 424 425 426 427 428 429 430 431 432 433 434 435 436 437 438 439 440 441 442 443 444 445 446 447 448 449 450 451 452 453 455 456 457 458 459 460 461 462 463 464 465 466 467 468 469 470 471 472 473 474 475 476 477 478 479 481 482 483 484 485 486 487 488 489 490 491 492 493 494 495 496 497 499 500 501 502 503 504 505 506 507 508 509 510 511 512 513 514 515 516 517 518 519 520 521 522 523 524 525 526 527 528 529 530 531 532 533 534 535 536 537 538 539 540 541 542 543 544 545 546 547 548 549 550 551 552 553 554 555 556 557 558 559 560 561 562 563 564 565 566 567 568 569 570 571 572 573 574 575 576 577 578 579 580 581 582 583 584 585 586 587 588 589 602 603 604 605 606 607 608 611 612 613 614 615 616 617 618 619 620 621 623 624 625 628 629 630 631 632 633 634 635 636 637 638 639 640 641 643 644 645 646 648 649 650 651 652 653 654 655 656 659 660 661 662 663 664 665 666 667 668 669 670 671 672 673 674 675 676 677 678 680 681 685 686 687 688 689 690 691 694 695 696 697 698 699 700 701 702 703 704 705 706 707 708 709 711 712 713 714 715 716 717 718 719 720 721 722 723 724 725 726 727 728 729 730 731 732 733 734 735 736 737 738 739 740 741 742 743 748 749 750 752 755 756 757 758 759 760 761 762 763 764 766 770 771 772 773 774 775 776 777 778 779 784 0
1 14 15 16 17 18 19 20 21 22 23 24 25 26 27 29 30 31 32 34 35 36 37 38 41 43 44 45 46 47 49 50 51 52 53 54 55 57 58 59 60 61 62 63 64 65 66 68 69 71 72 73 74 75 77 78 79 80 82 83 85 86 87 88 89 91 92 93 94 96 97 99 100 101 102 106 107 108 109 110 111 113 114 115 116 117 118 119 120 121 122 123 124 125 126 127 128 129 130 131 132 133 134 135 137 138 139 141 143 144 145 147 148 149 151 152 153 155 156 157 158 159 161 162 163 165 166 167 169 170 171 172 173 174 175 176 177 178 180 183 184 185 186 187 188 189 190 191 192 193 194 195 196 198 201 202 208 209 210 212 213 214 215 221 222 223 224 226 227 228 229 230 231 236 237 238 240 241 242 243 245 246 247 248 250 251 252 254 256 257 258 259 260 261 262 264 265 266 268 270 271 272 273 274 275 276 278 280 282 283 284 285 286 287 288 289 290 293 294 295 296 297 298 299 302 303 304 305 306 307 308 310 311 312 313 314 315 316 317 318 319 320 321 322 324 325 326 327 328 329 330 331 332 333 334 335 336 338 339 340 341 342 343 344 345 347 348 349 350 352 354 355 358 359 360 362 363 364 366 368 371 372 373 378 379 380 381 382 383 384 385 386 387 388 389 390 391 392 393 394 395 396 397 398 399 400 401 402 403 404 405 406 408 409 410 411 412 413 414 415 416 419 420 421 427 428 429 430 431 432 433 434 435 436 438 439 440 441 442 443 446 447 449 451 452 453 454 455 456 457 458 462 464 465 466 467 468 469 470 471 473 474 475 477 479 480 481 482 483 484 485 486 487 488 489 491 492 493 494 495 496 497 498 501 504 505 506 510 511 513 517 518 520 521 522 524 525 526 528 529 530 531 532 533 534 535 536 538 539 540 542 543 544 545 547 548 549 550 551 552 553 554 555 556 557 558 559 560 561 564 566 567 568 570 571 572 575 576 577 578 579 580 581 582 583 584 585 586 587 589 590 591 592 593 594 595 596 597 598 599 600 601 602 604 605 606 607 608 609 610 611 612 613 614 615 616 618 619 620 621 622 623 624 628 629 630 631 632 634 635 637 638 639 640 642 643 644 645 646 648 649 650 651 652 653 654 655 656 657 658 660 661 662 663 664 665 666 667 668 669 670 671 672 674 675 676 677 678 679 680 681 682 683 684 685 686 687 688 689 690 693 694 697 698 699 700 701 702 703 704 705 707 708 709 710 711 712 713 714 716 717 719 720 721 722 725 728 730 731 733 734 735 736 737 740 741 742 744 745 746 748 749 750 752 753 754 755 756 757 758 759 760 762 763 766 767 768 769 770 776 777 778 779 784 0
1 2 3 4 5 6 7 8 9 11 12 13 15 17 18 19 20 22 23 25 26 27 29 30 31 32 33 34 36 37 38 39 40 42 43 44 45 47 57 59 60 61 62 64 65 66 67 68 69 71 72 74 75 76 79 80 82 84 89 92 93 95 96 97 99 103 104 105 107 108 109 112 114 115 116 117 118 119 120 121 122 123 124 125 126 127 128 129 130 131 133 135 136 137 138 140 141 142 143 144 145 147 154 159 164 165 166 171 172 173 177 178 179 180 181 185 186 190 192 193 194 197 198 199 200 203 205 207 208 209 210 211 212 213 214 215 216 219 220 221 222 223 224 225 226 227 228 229 230 231 233 234 235 236 237 238 241 242 243 245 246 247 248 249 250 251 252 255 256 257 258 260 261 262 263 264 265 267 268 269 270 271 272 273 274 275 276 277 279 280 282 286 287 289 291 293 294 298 301 302 303 304 305 309 310 312 313 316 317 318 319 320 321 324 325 326 327 332 333 334 337 338 339 340 341 346 349 350 351 352 353 355 356 358 359 360 361 362 363 366 368 369 370 374 375 376 377 380 381 382 383 389 390 392 0
3 4 10 12 13 14 15 16 17 20 21 25 27 28 29 30 32 34 35 37 41 43 44 45 46 49 51 52 53 54 56 57 58 62 63 64 65 66 67 68 69 70 71 72 73 74 76 77 78 79 81 82 83 84 85 86 87 88 89 91 92 93 94 95 96 97 104 105 106 107 108 109 111 112 113 118 119 120 121 122 123 125 126 127 129 130 131 133 137 138 139 140 143 144 145 147 150 151 152 154 155 156 159 160 161 164 165 166 167 168 171 172 174 175 176 178 179 181 182 183 184 185 186 188 190 191 193 194 195 197 198 203 204 206 207 208 209 210 211 212 213 214 215 218 219 220 221 223 225 226 227 228 229 230 231 232 233 234 235 236 237 239 241 242 243 244 246 247 252 254 255 256 258 259 261 262 263 264 265 266 267 268 269 270 271 272 273 274 276 277 278 279 280 281 284 285 286 287 288 289 290 291 292 293 294 296 298 299 301 302 304 305 306 308 310 311 312 313 317 318 319 320 323 324 326 327 330 331 333 334 336 340 341 343 344 345 346 347 348 349 350 351 352 353 355 356 357 358 359 360 361 362 363 364 365 366 367 368 369 370 371 372 373 374 375 376 377 378 379 380 381 383 384 385 386 387 388 389 390 391 392 0
1 2 4 6 7 9 11 12 14 15 16 18 19 21 24 27 28 30 32 33 34 35 36 37 40 42 43 44 45 46 47 49 50 52 54 56 58 59 61 62 64 65 66 67 68 69 70 71 72 74 76 78 79 82 84 85 86 87 88 89 90 92 93 94 95 97 99 102 104 105 108 110 111 115 116 117 118 119 121 124 126 127 130 131 132 135 136 137 142 143 0
1 6 7 8 11 14 16 20 24 26 27 28 29 30 0

44
1 2 3 4 5 6 7 8 9 10 11 12 13 14 15 16 17 18 19 20 21 22 23 24 25 26 27 28 29 30 31 32 33 34 35 36 37 38 39 40 41 42 43 44 45 46 47 48 50 51 52 53 54 55 56 57 58 59 60 61 62 63 64 65 66 67 68 69 70 71 72 73 74 75 76 77 78 79 80 81 82 83 84 85 86 87 88 89 90 91 92 93 94 95 96 97 98 99 100 101 102 103 104 105 106 107 108 109 110 111 112 113 114 115 116 117 118 119 120 121 122 123 124 125 126 127 128 129 130 131 132 133 134 135 136 137 138 139 140 141 142 143 144 145 146 147 148 149 150 151 152 153 154 155 156 157 158 159 160 161 162 163 164 165 166 167 168 169 170 171 172 173 174 176 177 178 179 180 181 182 183 184 185 186 187 188 189 190 191 192 193 194 195 196 197 198 199 200 201 202 203 204 205 206 207 208 209 210 211 212 213 214 215 216 217 218 219 220 221 222 223 224 225 226 227 228 229 230 231 233 234 235 236 237 238 239 240 241 242 243 244 245 246 247 248 249 250 251 252 253 254 255 256 257 258 259 260 261 262 263 264 265 266 267 268 269 270 271 272 273 275 276 277 278 279 280 281 282 283 284 285 286 287 288 289 290 291 292 293 294 295 296 297 298 299 300 301 302 303 304 305 306 307 308 309 310 311 312 313 314 316 317 318 319 320 321 322 323 324 325 326 327 328 329 330 331 332 333 334 335 336 337 338 339 340 341 343 344 345 346 347 348 349 350 351 352 353 354 355 356 357 358 359 360 361 362 363 364 365 366 367 368 370 371 372 373 374 375 376 377 378 379 380 381 382 383 384 385 386 387 388 389 390 391 392 393 394 395 396 397 398 399 400 401 402 403 404 405 406 407 408 409 410 411 412 413 414 415 416 417 418 419 420 421 422 423 424 425 426 427 428 430 431 432 433 434 435 436 437 438 439 440 441 442 443 444 445 446 447 448 449 450 451 452 453 454 455 456 457 458 460 461 462 463 464 465 466 467 468 469 470 471 472 473 474 475 476 477 478 479 480 481 482 483 484 485 486 487 488 489 490 491 492 493 494 495 496 497 498 499 500 501 502 503 504 505 506 507 508 509 510 511 512 513 514 515 516 517 518 519 520 521 522 523 524 525 526 527 528 529 530 531 532 533 534 535 536 537 538 539 540 541 542 543 544 545 546 547 548 549 550 551 552 553 554 555 556 557 558 559 560 561 562 563 564 565 566 567 568 569 570 571 572 573 574 575 576 577 578 579 580 581 582 583 584 585 586 587 588 589 590 591 592 593 594 595 596 597 598 599 600 601 602 603 604 605 606 607 608 609 612 613 614 615 616 617 618 619 620 621 622 623 624 625 630 631 632 633 634 635 636 637 638 639 640 641 644 645 646 647 648 649 650 651 652 653 655 656 657 659 660 661 662 663 664 665 666 667 668 669 670 671 673 674 675 676 677 678 679 680 681 682 685 686 687 688 689 690 691 692 693 695 696 697 698 699 701 702 703 704 707 708 710 711 712 713 714 715 721 722 723 726 727 728 729 730 731 734 735 736 737 738 739 740 741 742 743 744 745 746 748 749 753 754 755 756 757 758 759 761 762 763 764 765 766 767 768 769 770 771 772 773 774 775 776 777 778 782 784 0
1 2 3 4 14 15 16 17 18 19 20 21 22 23 24 25 26 27 29 30 31 32 33 34 35 36 37 38 41 43 44 45 46 47 48 49 50 51 52 53 57 58 59 60 61 62 63 64 65 66 67 69 71 72 73 74 75 76 77 78 79 80 81 82 83 85 86 87 88 89 90 91 92 93 94 95 96 99 100 101 102 103 104 106 107 108 109 110 111 113 114 115 116 118 119 120 121 122 123 124 125 126 127 128 129 133 134 135 137 138 139 140 141 142 143 146 147 148 149 151 152 153 154 155 156 159 160 161 162 165 166 167 168 169 170 171 172 173 174 175 176 178 179 180 181 182 183 184 185 186 187 188 189 190 191 192 193 194 195 196 197 198 199 200 201 202 203 204 205 206 207 208 209 210 211 212 213 214 215 216 217 218 222 224 225 226 227 228 229 230 231 233 234 238 239 240 241 242 243 244 245 246 247 248 249 252 253 254 255 256 257 258 259 260 261 262 263 265 266 267 268 269 270 271 272 273 274 275 276 277 280 281 282 283 284 285 286 287 288 289 290 291 294 296 297 299 301 302 303 304 306 307 308 310 311 312 315 316 317 318 320 321 322 327 328 330 331 332 334 335 336 338 339 340 341 343 344 345 347 348 349 350 352 353 356 357 358 359 361 362 363 364 366 367 369 370 371 372 374 375 376 377 378 379 380 381 382 383 384 385 386 387 388 389 390 391 392 393 394 395 396 397 398 399 400 401 402 403 404 405 406 407 409 410 411 413 414 415 416 417 420 421 422 423 424 426 427 429 430 432 433 435 439 440 441 442 443 444 445 446 447 448 449 450 451 452 453 454 455 456 457 458 459 460 461 462 463 464 465 466 467 468 469 470 471 472 473 475 477 478 479 480 481 482 483 484 485 486 487 488 489 491 492 493 496 498 499 501 502 503 506 507 508 509 510 511 512 513 514 518 519 520 521 522 524 525 526 527 528 529 530 531 532 533 534 535 537 538 539 540 542 545 547 551 552 553 554 555 556 557 558 559 560 561 563 564 565 566 569 571 572 573 575 576 577 578 580 581 583 584 585 586 587 588 589 590 591 592 593 594 595 596 597 598 599 600 601 602 603 609 610 611 616 617 618 619 620 624 625 626 629 630 631 632 633 634 635 636 637 638 639 640 641 642 643 644 645 646 647 648 649 650 651 652 653 654 655 656 657 658 659 660 661 662 663 664 665 666 667 668 670 671 672 673 674 676 677 678 679 680 681 682 683 684 685 686 687 690 691 692 693 694 696 697 698 699 700 701 702 703 704 705 706 707 708 713 714 716 717 718 720 721 722 725 726 727 728 730 731 734 735 736 739 740 741 742 744 745 749 752 753 755 756 757 758 759 760 761 762 763 765 766 767 768 769 770 771 772 773 774 775 778 779 780 781 782 783 784 0
1 2 3 4 5 6 7 8 10 11 12 13 15 16 17 18 19 20 22 23 24 25 26 27 29 31 33 34 36 37 38 39 40 41 43 45 46 47 49 50 54 55 57 58 59 60 61 62 64 65 66 67 68 69 72 73 74 75 76 81 82 83 84 85 87 88 89 91 93 94 95 96 97 98 99 100 101 103 104 105 106 107 108 109 110 112 113 114 115 116 117 118 119 120 121 122 123 124 125 126 127 128 129 130 131 132 133 136 137 138 140 141 142 143 144 145 147 148 149 154 155 156 157 158 162 163 164 165 166 167 168 169 170 171 172 173 178 179 180 181 185 186 190 191 197 198 199 200 202 203 204 205 206 207 208 209 211 212 213 214 215 216 218 219 220 221 222 223 224 227 228 229 230 231 233 234 236 237 238 240 241 242 243 244 246 247 248 249 250 251 253 255 256 257 258 260 261 262 263 264 265 266 267 268 269 270 271 272 273 276 277 279 280 281 282 284 286 287 288 289 290 291 293 294 295 296 298 299 301 302 303 305 306 309 310 311 312 313 314 317 318 319 320 321 324 327 329 330 333 334 336 337 338 339 340 341 344 345 347 351 352 353 354 357 358 359 360 361 362 363 366 367 368 369 370 373 374 375 376 377 380 381 382 383 384 386 387 388 389 390 391 392 0
1 2 4 8 10 11 14 16 17 18 19 20 21 22 23 24 27 28 31 34 35 37 38 40 42 43 45 46 47 48 49 50 51 52 53 54 57 58 59 60 61 63 64 65 67 68 69 70 71 72 73 75 76 77 78 79 80 81 82 84 85 89 90 92 93 94 96 97 99 100 101 102 104 105 106 107 111 112 114 115 117 118 119 120 121 122 123 125 126 128 130 131 132 133 138 139 140 141 142 143 144 145 147 148 150 151 152 154 155 156 157 159 160 161 162 163 164 165 166 168 170 171 173 174 175 176 177 178 180 181 182 185 186 188 189 192 193 194 195 197 198 199 200 201 204 205 206 207 208 209 211 212 213 214 215 217 218 221 223 226 227 228 229 230 231 232 234 235 236 237 239 240 241 242 243 244 246 247 250 252 253 254 255 256 258 259 260 261 262 263 264 265 266 267 268 269 270 271 273 274 276 277 278 280 281 282 283 285 286 287 288 289 292 293 294 295 296 297 301 302 303 304 305 306 308 309 310 311 312 313 315 316 317 318 319 320 321 323 324 326 327 328 333 334 339 340 341 343 344 345 346 347 348 349 350 351 352 353 355 356 357 358 359 360 361 362 363 364 365 368 369 370 371 372 373 374 375 376 377 378 379 380 381 383 384 385 386 387 388 389 390 392 0
1 2 4 7 11 12 13 14 15 16 17 18 19 20 21 22 23 24 28 30 33 35 36 37 38 39 43 44 45 46 47 49 52 54 60 61 62 63 64 66 67 68 70 71 72 73 74 76 77 82 84 85 86 87 88 89 91 94 95 100 102 103 104 105 106 108 110 112 114 116 119 120 122 123 124 126 127 128 130 131 132 135 139 140 141 143 0
2 3 8 11 12 14 16 17 18 20 25 26 29 32 0

45
1 2 3 4 5 6 7 8 9 10 11 12 13 14 15 16 17 18 19 20 21 22 23 24 25 26 27 28 29 30 31 32 33 34 35 36 37 38 39 40 41 42 43 44 45 46 47 48 49 50 51 52 53 54 55 56 57 58 59 60 61 62 63 64 65 66 67 68 69 70 71 72 73 74 75 76 77 78 79 80 81 82 83 84 85 86 87 88 89 90 91 92 93 94 95 96 97 98 99 100 101 102 103 104 105 106 107 108 109 110 111 112 113 114 115 116 117 118 119 120 121 122 123 124 125 126 127 128 129 130 131 132 133 134 135 136 137 138 139 140 141 142 143 144 145 146 147 148 149 150 151 152 153 154 155 156 157 158 159 160 161 162 163 164 165 166 167 168 169 170 171 172 173 174 175 176 177 178 179 180 181 182 183 184 185 186 187 188 189 190 191 192 193 194 195 196 197 198 199 200 201 202 203 204 206 207 208 209 210 211 212 213 214 215 216 217 218 219 220 221 222 223 224 225 226 227 228 233 234 235 236 237 238 239 240 242 243 244 245 246 247 248 249 250 251 252 253 254 255 256 257 258 259 260 261 262 263 264 265 266 267 268 269 270 271 272 273 274 275 276 277 278 279 280 281 282 283 284 285 286 288 289 290 291 292 293 294 295 296 297 298 299 300 301 302 303 304 305 306 307 308 309 310 311 312 313 314 315 316 317 318 319 320 321 322 323 324 325 326 327 328 329 330 331 332 333 334 335 336 337 338 339 340 341 342 343 345 346 347 348 349 350 351 352 353 354 355 356 357 358 359 360 361 362 363 364 365 366 367 368 369 370 371 372 373 374 375 376 377 378 379 380 381 382 383 384 385 386 387 388 389 390 391 392 393 394 395 396 397 398 399 400 401 402 403 404 405 406 407 408 409 410 411 412 413 414 415 416 417 418 419 420 421 422 423 424 426 427 428 429 430 431 432 433 434 435 436 437 438 440 441 442 443 444 445 446 447 448 449 450 451 452 453 454 455 456 457 458 459 460 461 462 463 464 465 466 467 468 469 470 471 472 473 474 475 476 477 478 479 480 481 482 483 484 485 486 487 488 489 490 491 492 493 494 495 496 497 498 499 500 501 502 503 504 505 506 507 508 509 510 511 512 513 514 515 516 517 518 519 520 521 522 523 524 525 526 527 528 529 530 531 532 533 534 535 536 537 538 539 540 541 542 543 544 545 546 547 548 549 550 551 552 553 554 555 556 557 558 559 560 561 562 563 564 565 566 567 568 569 570 571 572 573 574 575 576 577 578 579 581 582 583 584 585 586 587 588 589 591 592 593 594 596 597 598 599 600 601 602 608 609 611 612 613 614 615 616 617 618 619 623 625 626 627 628 629 630 631 632 633 634 635 636 637 638 639 640 641 642 643 644 645 647 648 649 650 651 652 653 654 655 656 657 658 659 662 663 665 666 667 669 670 671 672 673 674 675 678 679 680 686 687 688 689 690 691 692 693 694 696 700 701 702 703 704 705 706 707 708 709 710 711 712 713 722 723 724 725 728 729 730 733 734 736 737 738 739 740 741 742 743 744 748 749 750 751 752 753 754 755 756 757 758 759 760 761 762 763 764 765 766 767 768 769 771 772 773 774 775 776 777 778 779 780 781 782 783 784 0
1 10 11 12 13 14 15 16 17 18 19 20 21 22 23 24 25 26 27 28 29 30 32 33 36 37 38 39 40 41 42 43 44 45 46 47 48 49 50 51 52 53 54 55 56 57 58 59 60 61 63 64 65 66 67 68 69 70 71 76 77 78 79 80 82 83 85 90 91 92 93 95 96 97 99 103 104 105 106 107 108 110 111 113 114 117 118 119 120 121 122 123 127 134 135 136 137 139 141 142 148 149 150 151 153 155 156 157 158 160 161 162 163 164 165 166 167 169 170 171 172 173 174 175 176 177 179 180 181 182 183 184 185 186 187 188 189 190 191 192 193 194 195 196 197 198 199 200 201 202 203 204 205 206 207 208 209 210 212 213 214 220 221 222 223 224 228 229 230 231 232 233 235 236 237 238 241 242 243 244 245 246 247 248 249 250 251 252 256 257 258 259 260 261 262 263 264 265 266 271 272 273 274 275 276 278 279 280 288 289 290 294 299 300 301 302 303 304 308 310 314 315 316 317 318 319 322 324 330 331 332 333 336 345 346 347 349 350 352 353 357 358 359 360 361 362 363 364 366 367 370 371 372 373 374 375 376 377 378 379 380 381 382 383 384 385 386 387 388 389 390 391 392 393 394 395 396 397 398 399 400 401 402 403 404 405 406 407 411 412 413 414 415 416 417 418 419 420 422 424 425 426 427 428 429 430 431 432 433 434 435 436 437 438 439 440 441 442 443 444 445 446 447 449 450 451 452 453 454 455 456 457 458 459 460 461 463 466 467 468 469 470 471 472 473 474 475 477 478 479 481 482 483 484 485 486 487 488 489 491 492 493 494 495 496 497 498 499 500 501 502 503 505 507 508 509 510 511 512 513 514 515 517 519 520 523 524 525 526 527 528 529 530 531 533 534 535 536 539 541 542 543 546 547 550 551 552 553 554 555 556 557 558 559 561 565 566 567 568 569 570 574 575 576 577 578 579 580 581 582 583 584 585 586 587 588 589 590 591 592 593 594 595 596 597 598 599 600 601 602 603 606 607 609 610 614 615 616 620 626 627 628 630 632 633 634 635 636 637 638 639 640 641 642 643 644 646 647 648 649 650 651 652 653 654 655 658 660 661 662 664 667 668 669 670 672 674 675 676 677 678 679 680 685 686 688 689 690 691 692 693 694 695 699 700 702 703 704 705 706 707 708 709 710 711 712 713 714 716 717 718 719 720 722 723 724 725 726 727 728 730 731 732 733 734 736 737 738 741 742 744 745 746 750 751 752 754 755 756 758 759 760 761 762 763 764 765 766 769 770 775 776 777 778 779 782 783 784 0
1 2 3 4 5 6 7 8 9 10 11 12 13 14 15 16 17 18 20 21 22 23 25 26 29 31 33 34 36 37 38 40 41 42 43 45 46 47 48 49 51 52 53 54 55 57 58 59 60 61 63 64 65 66 67 68 69 70 73 74 75 76 78 81 82 83 85 87 88 89 90 93 95 96 97 98 99 101 102 103 105 106 107 108 109 110 111 112 113 114 115 117 119 124 125 126 129 130 131 132 133 137 138 139 140 142 143 144 145 147 152 153 154 158 159 160 161 162 163 164 165 166 171 172 178 179 180 182 186 187 189 190 192 193 194 195 197 198 200 201 202 203 204 205 206 207 208 209 210 211 212 213 214 215 216 217 219 220 222 223 226 227 228 229 230 234 235 236 237 241 242 243 244 245 246 247 248 249 250 251 252 253 254 255 256 257 258 259 260 261 262 263 264 265 268 270 271 272 275 276 277 278 279 280 283 284 287 290 291 292 294 296 299 300 301 304 305 307 308 310 311 312 313 315 319 320 327 328 334 335 337 340 341 342 343 345 348 349 350 351 352 353 354 355 356 357 359 360 361 362 364 366 367 368 369 373 374 375 377 378 380 381 382 383 384 385 386 388 389 390 391 392 0
1 2 4 5 6 7 8 9 11 12 13 14 15 16 21 23 24 27 30 35 37 38 39 40 41 42 44 45 46 47 48 49 50 51 52 53 54 55 56 58 59 60 61 62 64 65 66 68 71 72 73 74 77 78 79 80 81 82 83 84 85 86 87 88 90 91 92 93 94 96 97 98 103 104 105 106 110 111 112 113 115 116 117 118 119 120 125 126 127 130 132 133 134 139 140 141 142 143 144 145 146 147 148 149 150 151 152 154 155 157 158 159 160 161 163 164 165 166 167 168 169 171 172 174 175 177 179 180 181 182 184 185 186 188 189 192 195 196 197 198 200 202 203 205 206 207 208 209 212 213 214 215 216 217 218 219 220 221 222 223 225 226 227 228 232 235 236 237 238 239 242 243 244 245 246 251 252 254 255 256 257 258 259 261 262 263 264 265 266 268 269 272 273 274 276 277 279 280 281 282 283 284 285 287 288 289 294 295 296 297 299 300 301 302 303 304 306 307 308 310 312 313 314 315 318 319 320 322 326 327 329 333 334 340 341 342 343 344 345 346 347 348 349 350 351 352 353 354 355 356 357 358 359 360 361 363 364 366 367 369 370 371 372 373 374 377 378 379 380 381 382 383 384 385 386 387 388 389 390 392 0
3 5 6 7 8 9 10 11 12 14 16 17 18 27 28 30 32 33 35 36 37 38 40 41 44 46 47 48 50 52 56 61 66 70 73 74 76 79 80 81 82 83 84 85 86 88 89 90 92 95 98 99 100 102 104 105 107 114 118 119 121 122 123 125 127 129 137 139 142 0
1 4 7 8 9 11 16 20 27 28 30 0

46
1 2 3 4 5 6 7 8 9 10 11 12 13 14 15 16 17 18 19 20 21 22 23 24 25 26 27 28 29 30 31 32 33 34 35 36 37 38 39 40 41 42 43 44 45 46 47 48 49 50 51 52 53 54 55 56 57 58 59 60 61 62 63 64 65 66 67 68 69 70 71 72 73 74 75 76 77 78 79 80 81 82 83 84 85 86 87 88 89 90 91 92 93 94 95 96 97 98 99 100 101 102 103 104 105 106 107 109 110 111 112 113 114 115 116 117 118 119 120 121 122 123 124 125 126 127 128 129 130 131 132 133 134 135 136 137 138 139 140 141 142 143 144 145 146 147 148 149 150 151 152 153 154 155 156 157 158 159 160 161 162 163 164 165 166 167 168 169 170 171 172 173 174 175 176 177 178 179 180 181 182 183 184 185 186 187 188 189 190 191 192 193 194 195 196 197 198 199 200 201 202 203 204 205 206 207 208 209 210 211 212 213 214 215 216 217 218 219 220 221 222 223 224 225 226 227 228 229 230 231 232 233 234 235 236 237 238 239 240 241 242 243 244 245 246 247 248 249 250 251 252 253 254 255 256 259 260 261 262 263 264 265 266 267 268 269 270 271 272 273 274 275 276 277 278 279 280 281 282 283 284 285 286 287 288 289 290 291 292 293 294 295 296 297 298 299 300 301 302 303 304 305 306 307 308 309 310 311 312 313 314 315 316 317 318 319 320 321 322 323 324 325 326 327 328 329 330 331 332 333 334 335 336 337 338 339 340 341 342 343 344 345 346 347 348 349 350 351 352 353 354 355 357 358 359 360 361 362 363 364 365 366 367 368 369 370 371 372 373 374 375 376 377 378 379 380 381 382 383 384 385 386 387 388 389 390 391 392 393 394 395 396 397 398 399 400 401 402 403 404 405 406 407 408 409 410 411 412 413 414 415 416 417 418 419 420 421 422 423 424 425 426 427 428 429 430 431 432 433 434 435 436 437 438 439 440 441 442 443 444 445 446 447 448 449 450 451 452 453 454 455 456 457 458 459 460 461 462 463 464 465 466 467 468 469 470 471 472 473 474 475 476 477 478 479 480 481 482 483 484 485 486 488 489 490 491 492 493 494 495 496 497 498 499 500 501 502 503 504 505 506 507 508 509 510 511 512 513 514 515 516 517 518 519 520 521 522 523 524 525 526 527 528 529 530 531 532 533 534 535 536 537 538 539 540 541 542 543 544 545 546 547 548 549 550 551 552 554 555 556 557 558 559 560 561 562 563 564 565 566 567 568 569 570 571 572 573 574 575 576 577 578 579 580 581 582 583 584 585 586 587 588 589 590 591 592 593 594 595 596 597 598 599 600 601 602 603 604 605 606 607 608 609 610 611 612 613 615 616 619 620 621 622 623 624 628 630 631 632 636 637 638 639 640 641 644 645 646 649 650 651 652 653 654 655 656 659 660 661 662 663 665 666 667 668 670 673 674 675 676 679 680 681 682 685 686 687 688 689 691 692 693 694 695 696 697 698 699 700 701 702 703 704 705 706 707 708 709 710 712 713 714 715 716 717 720 721 722 723 724 725 726 727 728 729 731 732 733 735 736 737 739 740 741 742 743 744 745 746 747 748 749 750 752 753 754 755 756 757 758 759 760 762 763 764 765 768 769 770 771 772 773 774 775 776 777 778 779 780 781 782 783 784 0
1 2 3 4 14 15 16 17 18 19 20 21 22 24 25 26 27 29 30 31 32 33 34 35 36 37 38 39 40 41 43 44 47 48 49 50 51 52 53 57 58 61 62 64 65 66 67 68 71 72 73 74 75 76 77 78 79 80 81 85 86 87 88 89 90 91 92 93 94 95 96 97 99 100 101 102 103 104 105 106 107 108 109 111 113 114 115 116 117 118 119 120 121 122 124 125 126 127 128 129 133 134 135 136 137 138 139 141 142 143 144 147 148 149 150 151 152 153 154 155 156 160 161 162 163 165 166 167 169 170 171 172 173 175 176 177 178 179 180 181 183 184 185 186 187 188 189 191 192 193 194 195 196 197 198 199 200 201 202 203 204 205 206 207 208 209 210 212 213 214 215 216 217 218 219 220 224 226 227 228 229 230 231 233 234 238 240 241 242 243 244 245 246 247 248 252 254 255 256 257 258 259 260 261 262 263 266 267 268 269 270 272 273 274 275 276 277 278 280 281 282 283 284 285 286 287 288 289 290 291 294 296 297 298 299 300 301 302 303 304 305 307 308 310 311 313 314 315 316 317 318 319 320 321 322 324 327 328 329 330 331 332 334 335 336 338 339 344 345 346 347 348 349 350 352 355 356 358 359 361 362 363 364 366 367 368 370 371 372 373 374 375 376 377 378 379 380 381 382 383 384 385 386 387 388 389 390 391 392 393 394 395 396 397 398 399 400 401 402 403 404 405 406 407 408 409 410 411 412 413 414 415 416 417 418 419 420 422 423 424 425 428 429 430 431 432 433 435 437 438 440 441 442 443 444 445 446 447 449 451 454 455 456 457 458 459 460 461 463 464 465 467 468 469 470 471 472 473 474 475 477 480 481 482 483 484 485 488 489 491 492 493 494 496 497 498 499 500 501 504 506 507 508 509 510 511 512 513 514 515 516 517 518 519 521 522 523 524 526 527 528 533 534 535 539 540 542 543 544 545 547 549 550 551 553 554 555 556 557 558 559 560 561 562 563 565 566 567 568 569 570 571 572 573 575 576 577 578 579 580 581 584 585 586 587 588 589 590 591 592 593 594 595 596 597 598 599 600 601 602 603 606 607 608 609 610 611 612 613 614 615 616 617 618 619 620 622 623 624 629 630 632 633 634 635 636 637 638 639 643 644 645 646 650 651 652 653 654 655 656 657 658 659 660 663 664 665 666 667 668 671 672 673 674 676 677 678 679 680 681 684 685 686 687 689 690 691 692 693 694 695 698 699 700 702 703 704 705 706 707 708 712 713 714 715 716 717 718 720 721 722 724 725 728 730 731 732 734 735 736 737 739 740 741 742 744 745 748 749 753 756 758 759 761 762 763 764 766 767 768 769 770 772 773 774 775 776 777 778 779 780 781 782 783 784 0
1 2 3 4 5 6 7 8 9 10 11 12 13 15 17 18 19 20 21 22 23 24 25 26 27 28 29 30 31 32 33 34 36 37 38 39 40 41 42 43 44 45 46 47 49 53 59 60 61 62 64 65 66 67 68 69 71 72 73 74 75 76 79 80 81 82 83 84 85 88 89 91 94 95 96 97 98 99 100 101 103 104 105 107 108 109 110 112 114 115 116 117 118 119 120 121 122 123 124 125 126 127 128 130 131 132 133 137 138 140 142 143 144 145 147 149 150 154 157 159 163 164 165 166 167 168 169 170 171 172 173 178 179 180 181 185 186 190 193 194 197 199 200 201 202 203 205 207 208 209 212 213 214 215 216 218 219 220 221 222 223 225 226 228 229 230 231 234 235 236 237 238 240 241 242 243 244 246 247 248 249 250 251 255 256 257 258 260 261 262 263 264 265 267 268 269 270 271 273 275 276 277 278 279 280 281 282 283 284 286 287 288 290 291 292 293 294 296 297 298 301 306 309 310 312 313 314 316 317 318 319 320 321 324 325 326 327 328 330 333 334 336 337 338 339 340 341 344 345 346 350 352 353 354 356 357 358 359 360 361 363 364 365 366 367 368 369 370 371 373 374 376 377 380 381 382 383 384 386 387 388 389 390 391 392 0
1 3 4 10 11 12 15 16 17 18 19 22 23 24 25 26 27 28 31 34 35 40 41 42 43 44 45 46 47 48 49 51 52 53 54 56 57 58 59 61 63 64 65 66 67 68 69 70 72 73 74 75 76 77 78 79 80 81 82 85 86 87 88 89 90 91 92 93 94 96 97 99 100 101 102 104 105 106 107 108 109 110 111 112 115 116 118 119 121 122 123 124 125 126 127 128 129 130 131 132 134 137 139 140 141 142 143 144 145 147 149 150 151 152 154 155 156 157 158 160 161 162 163 164 165 166 167 168 169 170 172 173 174 175 176 177 178 179 180 181 182 183 185 186 188 191 192 193 195 196 197 198 203 204 205 206 207 208 209 211 212 213 214 215 216 218 219 220 221 222 223 225 226 229 230 231 232 234 235 236 237 238 239 240 241 242 243 244 246 247 252 253 254 256 258 259 260 261 263 264 265 266 267 268 269 270 271 272 273 274 275 277 278 280 281 282 283 285 286 287 288 289 292 293 294 295 301 302 303 304 306 308 309 310 311 312 313 315 317 318 319 320 322 323 324 325 326 327 330 332 333 334 335 339 340 341 343 344 345 346 347 348 349 350 351 352 354 355 356 357 358 359 360 361 363 364 365 366 367 368 369 370 371 372 374 375 376 377 378 380 381 382 383 384 385 386 387 388 389 390 391 392 0
1 2 4 5 6 7 8 9 11 12 14 17 18 19 21 22 23 24 28 29 30 31 33 35 36 38 39 40 41 43 44 45 46 49 50 52 53 54 58 59 60 61 62 65 66 67 68 69 70 73 74 76 77 78 83 84 85 87 88 94 95 96 98 100 103 104 105 106 108 115 116 117 118 119 120 122 123 124 127 128 130 131 132 135 139 141 142 143 0
2 8 11 14 16 17 18 20 25 26 0

47
1 2 3 4 5 6 7 8 9 10 11 12 13 14 15 16 17 18 19 20 21 22 23 24 25 26 27 28 29 30 31 32 33 34 35 37 38 39 40 41 42 43 44 45 46 47 48 49 50 51 52 53 54 55 56 57 58 59 60 61 62 63 64 65 66 67 68 69 70 71 72 73 74 75 76 77 78 79 80 81 82 83 84 85 86 87 88 89 90 91 92 93 94 95 96 97 98 99 100 101 102 103 104 105 106 107 108 109 110 111 112 113 114 115 116 117 118 119 120 121 122 123 124 125 126 127 128 129 130 131 132 133 134 135 136 137 138 139 140 141 142 143 144 145 146 147 148 149 151 152 153 154 155 156 157 158 159 160 162 163 164 165 166 167 168 169 170 171 172 173 174 175 176 177 178 179 180 181 182 183 184 185 186 187 188 189 190 191 192 193 194 195 196 197 198 199 200 201 202 203 204 205 206 207 208 209 210 211 212 213 214 215 216 217 218 219 220 221 222 223 224 225 226 227 228 229 230 231 232 233 234 235 236 237 238 239 240 241 242 243 244 245 246 247 248 250 251 252 253 254 255 256 258 259 260 261 262 263 264 265 266 267 268 269 270 271 272 273 274 275 276 277 278 279 280 281 282 283 284 285 286 288 289 290 291 292 293 294 295 296 297 298 299 300 301 302 304 305 306 307 308 309 310 311 312 313 314 315 316 317 318 319 320 321 322 323 324 325 326 327 328 329 330 331 332 333 334 335 336 337 338 339 340 341 342 343 344 345 346 347 348 349 350 351 352 353 354 355 356 357 358 359 360 361 362 363 364 365 366 367 368 369 370 371 372 373 374 375 376 377 378 379 380 381 382 383 384 385 386 387 388 389 390 391 392 393 394 395 396 397 398 399 400 401 402 403 404 405 406 407 408 409 410 411 412 413 414 415 416 417 418 419 420 421 422 423 424 425 426 427 428 429 430 431 432 433 434 435 436 437 438 439 440 441 442 443 444 445 446 447 448 449 450 451 452 453 454 455 456 457 458 459 460 461 462 463 464 465 466 467 468 469 470 471 472 473 474 475 476 477 478 479 480 481 482 483 484 485 487 488 489 490 491 492 493 494 495 496 497 498 499 500 501 502 503 504 505 506 507 508 509 510 511 512 513 514 515 516 517 518 519 520 521 522 523 524 525 526 527 528 529 530 531 532 533 534 535 536 537 538 539 540 541 542 543 544 545 546 547 548 549 550 551 553 554 555 556 557 558 559 560 561 562 563 564 566 567 568 569 570 571 572 573 574 575 576 577 578 579 580 581 582 583 584 585 586 587 588 590 591 592 593 594 595 596 597 598 599 600 601 602 603 605 606 609 610 611 612 613 614 615 616 617 621 622 623 624 625 626 627 628 629 630 631 632 633 634 635 636 637 638 639 640 641 642 643 644 645 646 647 648 649 650 651 652 653 654 655 656 657 658 659 660 661 662 663 664 665 666 667 668 670 671 672 673 674 675 676 677 678 679 680 681 682 683 684 685 686 687 688 689 690 691 692 693 694 695 696 697 698 699 700 701 702 703 704 705 706 707 708 709 710 711 712 713 714 715 716 717 718 719 720 721 722 723 724 725 726 727 728 729 730 731 732 733 734 735 736 737 738 743 744 745 746 747 748 749 750 751 752 757 758 759 760 761 762 763 764 765 768 769 771 772 773 774 775 776 777 780 782 783 784 0
1 4 5 7 8 9 10 11 13 14 15 16 18 19 20 21 22 23 24 25 26 27 28 29 30 31 32 33 34 35 36 37 38 39 40 41 42 43 44 45 46 47 48 49 50 51 52 53 54 55 56 57 58 59 60 61 62 63 64 65 66 67 69 70 71 72 73 74 75 76 77 78 80 81 82 83 84 85 86 87 88 89 90 91 92 93 94 95 96 97 98 99 100 101 102 103 105 106 107 108 109 110 111 112 113 114 115 116 117 118 119 120 121 122 123 124 125 126 127 128 129 131 132 133 134 135 136 138 139 140 141 142 143 144 145 146 147 148 149 150 151 153 155 156 157 158 159 160 161 162 163 164 165 167 169 170 171 172 173 174 175 176 183 184 185 186 187 188 189 190 191 192 193 194 195 198 199 200 201 202 203 204 205 206 207 208 209 210 213 214 215 216 217 218 219 220 221 222 223 224 226 227 228 229 230 232 233 234 235 236 237 238 240 241 242 243 244 245 246 247 248 249 250 251 252 253 254 255 256 257 258 259 260 261 262 263 264 265 266 268 270 271 272 273 274 275 276 277 278 279 280 282 283 284 285 286 287 288 289 290 291 292 293 294 296 297 298 299 300 301 302 303 304 305 306 307 308 310 311 312 313 314 315 316 317 318 319 320 321 322 324 325 326 327 328 329 330 331 332 333 334 335 336 338 339 342 343 344 345 346 347 350 352 353 355 356 357 358 359 360 361 364 366 367 368 369 370 371 372 373 374 378 379 380 381 382 383 384 385 386 387 388 389 390 391 392 393 394 395 396 397 398 399 400 401 402 403 404 405 406 407 408 409 410 411 412 413 414 415 416 417 418 419 420 421 422 423 425 426 427 428 429 430 431 432 433 435 438 439 440 441 442 443 444 445 447 448 449 451 452 453 454 455 456 457 458 459 460 461 463 464 465 466 467 468 469 470 471 472 474 475 476 478 479 480 481 482 483 484 485 486 487 489 490 491 493 494 495 496 497 498 499 500 501 502 503 504 506 507 509 510 511 512 513 514 516 517 519 522 523 524 525 526 527 528 530 531 533 534 535 536 537 538 539 540 541 542 544 545 547 550 551 552 553 554 555 556 557 558 559 562 563 564 565 566 567 568 569 570 572 573 574 575 576 577 579 580 581 582 584 585 586 587 589 590 591 592 593 594 595 596 597 598 599 600 601 602 604 609 610 611 612 613 615 616 618 619 621 622 624 625 626 627 628 629 630 632 635 636 637 638 639 640 643 644 645 646 647 648 649 650 651 652 653 654 655 656 657 658 659 661 662 663 664 665 666 667 668 669 671 672 674 675 676 677 678 679 680 681 683 684 686 687 690 691 692 693 694 695 696 697 700 702 703 705 706 707 708 709 710 711 714 715 718 719 720 721 722 723 724 725 726 727 728 729 730 731 732 733 734 735 736 737 738 740 742 743 745 746 747 748 749 750 751 752 753 754 755 756 757 758 759 760 761 762 763 764 765 768 769 770 771 772 773 774 776 777 778 779 784 0
1 2 3 4 5 6 7 8 9 11 12 13 14 15 16 17 18 19 20 21 22 23 24 25 26 27 28 29 30 31 32 33 35 36 37 38 39 40 41 43 44 45 46 47 48 53 54 55 57 59 60 61 62 63 64 65 66 67 68 69 70 72 73 74 75 76 77 81 82 83 84 85 87 88 89 90 92 93 94 95 96 97 99 100 101 102 103 104 105 106 107 108 109 110 112 113 114 115 116 117 118 119 120 121 122 124 125 126 127 128 129 130 131 132 133 134 135 136 137 138 139 140 141 142 143 144 145 146 147 151 152 153 154 157 158 159 160 162 163 164 165 166 167 168 169 170 171 172 173 174 175 176 177 178 179 180 181 183 184 185 186 187 190 191 192 193 194 197 198 201 202 203 206 207 208 209 210 211 212 213 214 215 216 217 218 219 220 221 222 223 224 226 227 228 229 230 233 234 235 236 237 240 241 242 243 244 245 246 247 249 250 251 252 253 255 256 257 258 259 260 261 262 263 264 265 266 267 268 269 270 271 272 273 274 276 277 278 279 280 281 283 284 285 286 288 289 290 291 292 297 298 299 300 301 302 303 304 305 306 307 308 309 310 311 312 313 314 316 317 318 319 320 321 322 323 324 325 326 327 328 329 330 331 332 333 334 335 337 338 339 340 341 342 346 347 348 349 350 351 352 353 354 355 356 357 358 359 360 361 362 363 364 367 368 369 370 373 374 375 376 377 379 380 381 382 384 386 387 388 389 390 391 392 0
3 4 5 7 8 9 10 11 13 15 16 17 19 20 21 22 23 24 26 27 28 29 30 31 32 33 35 36 37 38 39 44 45 46 47 49 51 52 53 54 55 56 57 58 59 60 61 62 63 64 66 67 68 69 70 71 72 73 74 75 76 77 78 79 80 81 82 85 86 87 88 89 90 91 92 93 94 95 96 97 99 100 101 102 103 104 105 106 108 109 110 111 112 114 115 116 117 118 119 121 125 126 128 129 130 131 132 133 134 136 137 138 139 140 141 142 143 144 145 146 149 150 151 152 153 155 159 160 161 163 164 165 166 167 168 169 170 171 172 173 174 175 176 177 178 179 180 181 182 183 184 185 186 187 188 189 190 191 192 193 194 195 196 197 198 201 202 203 204 205 206 207 208 209 211 212 213 214 215 216 217 218 219 220 221 222 223 224 225 226 227 229 230 231 232 233 235 236 237 238 239 240 241 242 243 244 245 246 247 248 249 250 252 253 254 255 256 257 258 259 260 261 262 263 264 265 266 267 268 269 270 271 272 273 274 275 276 277 278 279 280 281 282 283 284 285 286 287 288 290 291 292 293 294 295 296 297 298 300 301 302 303 304 305 306 307 308 309 310 312 313 314 315 316 317 318 319 320 321 323 324 325 326 327 328 329 330 331 334 336 337 338 339 340 341 342 343 344 345 346 347 348 349 350 351 353 354 355 356 357 358 359 360 361 362 363 364 365 366 367 368 369 370 371 372 373 374 375 376 377 378 379 381 382 383 384 385 386 387 388 389 390 391 392 0
1 2 3 4 6 8 9 12 13 14 15 16 18 19 20 21 22 24 25 26 27 28 30 31 32 35 36 38 39 40 41 42 44 45 46 49 50 51 52 54 56 57 58 59 60 61 62 63 66 67 68 69 70 71 72 73 74 75 76 77 78 79 80 81 82 83 84 85 86 87 88 89 90 91 92 93 94 95 97 98 99 100 101 102 104 105 106 107 108 110 111 112 113 114 115 116 117 118 119 120 121 122 123 124 125 127 128 129 130 131 132 133 134 135 138 139 140 141 142 143 144 0
1 2 3 7 9 10 12 13 14 15 16 17 19 20 21 22 24 25 26 28 30 31 32 0

48
1 2 3 4 5 6 7 8 9 10 11 12 13 14 15 16 17 18 19 20 21 22 23 24 25 26 27 28 29 30 31 32 33 34 35 36 37 38 39 40 41 42 43 44 45 46 47 48 49 50 51 52 53 54 55 56 57 58 59 60 61 62 63 64 65 66 67 68 69 70 71 72 73 74 75 76 77 78 79 80 81 82 83 84 85 86 87 88 89 90 91 92 93 94 95 96 97 98 99 100 101 102 103 104 105 106 107 108 109 110 111 112 113 114 115 116 117 118 119 120 121 122 123 124 125 126 127 128 129 130 131 132 134 135 136 137 138 139 140 141 142 143 144 145 146 147 148 150 151 152 153 154 155 156 158 159 160 161 162 163 164 165 166 167 168 169 170 171 172 173 174 175 176 177 178 179 180 181 182 183 184 185 186 187 188 189 190 191 192 193 194 195 196 197 198 199 200 201 202 203 204 205 206 207 208 209 210 211 212 213 214 215 216 217 218 219 220 221 222 223 224 225 226 227 228 229 230 231 232 233 234 235 236 237 238 239 240 241 242 243 244 245 247 248 249 250 251 252 253 254 255 256 257 258 260 261 262 263 264 265 266 267 268 269 270 272 273 274 275 276 277 278 279 280 281 282 283 284 285 286 287 288 289 290 291 292 293 294 295 296 297 298 299 300 301 302 304 305 306 307 308 309 310 311 312 313 314 315 316 317 318 319 320 321 322 323 324 325 326 327 328 329 330 331 332 333 334 335 336 337 338 339 340 341 343 344 345 346 347 348 349 350 351 352 353 354 355 356 357 358 359 360 361 362 363 364 365 366 367 368 369 370 371 372 373 374 375 376 377 378 379 380 381 382 383 384 385 386 387 388 389 390 391 392 393 394 395 396 397 398 399 400 401 402 403 404 405 406 407 408 409 410 411 412 413 414 415 416 417 418 419 420 421 422 423 424 425 426 427 428 429 430 431 432 433 434 435 436 437 438 439 440 441 442 443 444 445 446 447 448 449 450 451 452 453 454 455 456 457 458 459 460 461 462 463 464 465 466 467 468 469 470 471 472 473 474 475 476 477 478 479 480 481 482 483 484 485 486 487 488 489 490 491 492 493 494 495 496 497 498 499 500 501 502 503 504 505 506 507 508 509 510 511 512 513 514 515 516 517 518 519 520 521 522 523 524 525 526 527 528 529 530 531 532 533 534 535 536 537 538 539 540 541 542 543 544 545 546 547 548 549 550 551 552 553 554 555 556 557 558 559 560 561 562 563 564 565 566 567 568 569 570 571 572 573 574 575 576 577 578 579 580 581 582 583 584 585 586 587 588 590 591 592 593 594 595 597 598 599 600 601 602 603 607 608 613 614 615 616 617 618 619 620 621 622 623 624 625 626 627 628 629 630 631 632 636 637 638 639 640 641 642 643 644 645 646 647 648 649 650 651 652 653 654 655 656 657 658 659 660 663 664 665 666 667 668 669 670 675 677 678 679 680 682 683 686 687 688 689 690 691 692 693 694 695 698 699 700 701 702 703 705 706 707 708 709 710 711 712 713 714 715 716 718 719 720 722 723 724 725 726 727 728 729 730 731 732 733 734 735 736 737 739 740 741 742 743 744 745 746 747 748 749 750 751 752 754 755 756 757 758 759 760 761 762 764 765 766 767 771 772 773 774 775 776 777 778 779 781 782 784 0
1 5 11 12 13 14 15 17 18 19 20 21 22 23 24 25 26 27 28 29 30 31 32 33 34 35 36 37 38 39 40 41 42 43 46 47 48 50 51 52 53 54 55 56 57 58 59 60 61 62 63 64 65 67 68 69 70 71 72 73 75 76 77 78 79 80 85 86 87 89 90 91 92 99 100 101 102 103 105 106 107 109 110 111 113 114 116 117 118 120 121 122 123 124 125 126 127 129 131 132 133 134 135 136 137 138 139 140 141 142 143 144 145 146 147 148 149 150 151 152 153 154 155 156 157 158 159 160 161 162 166 167 169 170 171 172 173 174 175 176 177 178 179 180 181 183 184 185 186 187 188 189 190 191 192 193 194 195 196 198 199 200 201 202 203 204 205 206 207 208 209 210 214 215 216 217 218 219 220 221 222 223 224 228 229 230 231 232 233 235 236 237 238 243 244 245 246 247 248 249 250 251 252 254 256 257 258 259 260 261 262 263 264 265 266 268 270 271 272 273 274 275 276 277 278 279 280 285 286 287 288 289 294 298 299 300 301 302 308 311 312 314 315 316 317 319 320 321 322 324 325 326 327 328 329 330 331 332 333 334 335 336 338 339 340 341 342 343 344 345 346 347 348 349 350 353 354 355 356 357 358 359 362 363 364 368 369 370 371 372 374 375 376 377 378 379 380 381 382 383 384 385 386 387 388 389 390 391 392 393 394 395 396 397 398 399 400 401 402 403 404 405 406 407 409 410 411 412 413 414 417 418 419 420 422 423 424 425 426 427 428 431 432 433 434 435 436 437 438 439 440 441 442 443 444 445 446 447 448 449 450 451 452 453 454 455 456 457 458 459 460 461 462 463 466 467 468 469 470 471 472 473 474 475 476 478 479 480 481 482 483 486 487 488 489 491 492 493 494 495 496 497 498 499 501 502 503 505 506 507 508 509 510 511 512 513 514 518 519 520 521 522 523 524 525 526 527 528 532 533 535 536 537 538 539 541 542 543 544 545 547 548 549 550 551 552 553 554 555 556 557 558 559 561 562 564 565 566 567 568 569 570 571 572 573 575 576 577 578 579 580 581 582 583 584 585 586 587 589 590 591 592 593 594 595 596 597 598 599 600 601 602 603 608 609 610 611 612 613 614 615 616 618 619 620 621 622 624 626 627 628 629 630 632 633 634 635 636 637 638 639 641 642 643 644 646 647 649 650 651 652 653 654 655 656 657 658 659 660 661 662 663 664 665 666 667 669 670 671 672 674 675 676 677 678 679 681 684 685 686 688 689 690 691 692 693 697 698 699 700 702 703 704 705 706 707 708 710 711 712 713 714 718 719 721 722 723 724 728 731 732 733 734 735 736 737 738 739 741 742 744 745 746 747 748 749 750 751 752 753 754 755 756 758 759 760 761 763 764 765 766 767 768 769 770 775 777 778 782 783 784 0
1 2 3 4 5 6 7 8 12 13 14 15 16 17 18 19 20 21 22 23 24 26 27 28 29 31 32 33 34 36 37 38 39 40 41 42 43 44 46 47 55 56 60 61 62 63 64 66 67 68 69 70 72 73 74 75 78 79 81 82 83 84 85 86 87 88 89 91 92 93 94 95 96 97 99 100 101 102 104 105 107 108 109 110 111 112 115 116 117 119 121 122 124 125 126 128 129 130 131 133 134 135 136 137 138 140 141 142 144 145 147 149 150 151 153 154 157 158 160 161 164 166 167 168 171 172 173 177 178 179 180 181 184 185 190 191 197 199 200 201 202 203 205 206 207 208 209 210 212 213 214 215 216 217 219 220 221 222 223 226 227 228 229 230 231 232 233 234 235 236 237 238 239 241 242 243 244 246 247 248 249 251 252 254 255 256 257 258 259 262 264 265 266 268 269 270 271 272 273 275 276 277 278 279 280 281 282 283 284 285 286 288 289 290 291 292 294 297 299 300 301 304 305 306 307 308 311 312 313 315 318 319 320 325 326 327 328 332 334 336 337 338 339 340 341 345 346 348 349 350 353 354 355 356 357 359 360 361 362 363 364 366 367 368 369 370 371 372 373 374 376 377 379 380 381 382 383 384 385 387 388 389 390 391 392 0
3 4 5 6 7 10 11 12 13 14 16 17 18 21 22 23 24 25 27 28 29 33 35 36 37 38 39 42 43 45 46 47 48 49 52 53 54 55 56 59 60 61 62 63 64 65 66 67 68 69 70 71 72 73 74 75 76 77 78 79 80 81 82 83 84 85 86 87 89 91 92 93 94 96 97 101 102 103 105 106 109 110 111 112 113 114 119 120 124 129 130 131 132 138 139 140 141 142 143 144 145 146 147 151 152 153 154 155 158 159 160 161 163 165 166 167 168 170 171 173 174 175 176 178 179 180 181 183 184 185 186 187 188 190 194 195 196 197 198 201 202 203 205 207 208 209 210 212 213 214 215 216 217 219 220 221 222 225 226 227 228 232 233 234 235 236 239 240 241 242 243 244 246 247 249 252 253 254 255 256 257 258 260 261 262 263 264 265 268 269 270 271 272 273 275 276 277 278 280 281 282 283 284 286 287 288 289 290 291 292 293 294 295 296 297 298 299 300 301 302 303 308 310 311 312 314 315 316 317 318 322 325 326 327 328 331 333 334 336 339 340 341 342 343 344 345 346 347 348 350 351 352 353 355 356 357 359 360 361 362 363 364 365 366 367 369 370 371 372 373 374 375 376 377 378 379 380 381 382 383 384 385 386 387 388 390 391 392 0
1 2 4 5 6 7 8 9 10 11 12 13 15 17 18 19 21 22 28 29 33 34 36 37 38 39 40 41 43 44 46 47 48 49 50 51 54 55 57 62 67 68 71 73 76 77 78 79 81 82 83 84 85 86 88 89 92 93 94 96 97 98 99 100 102 104 105 106 108 109 110 111 112 113 114 117 118 119 120 122 123 124 125 126 127 128 129 130 131 135 137 138 140 141 142 0
1 2 4 5 8 9 10 12 13 15 19 21 23 25 29 32 0

49
1 2 3 4 5 6 7 8 9 10 11 12 13 14 15 16 17 18 19 20 21 22 23 24 25 26 27 28 29 30 31 32 33 34 35 36 37 38 39 40 41 42 43 44 45 46 47 48 49 50 51 52 53 54 55 56 57 58 59 60 61 62 63 64 65 66 67 68 69 70 71 72 73 74 75 76 77 78 79 80 81 82 83 84 85 86 87 88 89 90 91 92 93 94 95 96 97 98 99 100 101 102 103 104 105 106 107 108 109 110 111 112 113 114 115 116 117 118 119 120 121 122 123 124 125 126 127 128 129 130 131 132 133 134 135 137 138 139 140 141 142 143 144 145 146 147 148 149 150 151 152 153 154 155 156 157 158 159 160 161 162 163 164 165 166 167 168 169 170 171 172 173 174 176 177 178 179 180 181 182 183 184 185 186 187 188 189 190 191 192 193 194 195 196 197 198 199 200 201 202 203 204 205 206 207 208 209 210 211 212 213 214 215 216 217 218 219 220 221 222 223 224 225 226 227 228 229 230 231 232 233 234 235 236 237 238 239 240 241 242 243 244 245 246 248 249 250 251 252 253 254 255 256 257 258 259 260 261 262 263 264 265 266 267 268 269 270 271 272 273 274 275 276 277 278 279 280 281 282 283 284 285 286 287 288 289 290 291 292 293 294 295 296 297 298 299 300 301 302 303 304 305 306 307 308 309 310 311 312 313 314 315 316 317 318 319 320 321 322 323 324 325 326 327 328 329 330 331 332 333 334 335 336 337 338 339 340 341 343 344 345 346 347 348 349 350 351 352 353 354 355 356 357 358 359 360 361 362 363 364 365 366 367 368 369 370 371 372 373 374 375 376 377 378 379 380 381 382 383 384 385 386 387 388 389 390 391 392 393 394 395 396 397 398 399 400 401 402 403 404 405 406 407 408 409 410 411 412 413 414 415 416 417 418 419 420 421 422 423 424 425 426 427 428 429 430 431 432 433 434 435 436 437 438 439 440 441 442 443 444 445 446 447 448 449 450 451 452 453 454 455 456 457 458 459 460 461 462 463 464 465 466 467 468 469 470 471 472 473 474 475 476 477 478 479 480 481 482 483 484 485 487 488 489 490 491 492 493 494 495 496 499 500 501 502 503 504 505 506 507 508 509 510 511 512 513 514 516 517 518 519 520 521 522 523 524 525 526 527 528 529 530 531 532 533 534 535 536 537 538 539 540 541 542 543 544 545 546 547 548 549 550 551 552 553 554 555 556 557 558 559 560 561 562 563 564 565 566 567 568 569 570 571 572 573 574 575 576 577 578 579 580 581 582 583 584 585 586 587 588 589 590 591 592 593 594 595 599 600 601 602 603 604 605 606 607 608 609 610 611 612 614 615 616 617 618 619 620 622 623 624 626 628 629 630 631 632 633 634 635 636 637 638 639 640 642 643 644 645 646 647 648 649 650 651 652 653 654 659 660 661 662 664 665 666 667 670 672 673 674 675 676 677 678 679 680 681 682 683 685 686 687 688 689 690 691 692 693 694 695 696 697 698 699 700 701 702 703 704 708 709 710 711 712 713 714 718 721 722 723 724 725 726 727 728 729 730 731 732 733 734 735 737 738 739 740 741 742 743 744 746 747 748 749 750 751 752 753 754 755 756 757 758 759 762 763 764 765 766 767 768 769 770 771 772 773 774 775 776 777 778 779 780 783 784 0
1 2 3 4 5 13 14 15 16 17 18 19 20 21 22 23 26 27 28 29 30 31 32 33 34 35 36 37 38 39 40 41 42 43 44 45 46 47 48 49 50 51 52 53 54 55 57 58 59 60 61 62 63 64 65 71 72 73 74 75 76 77 78 79 85 86 87 88 89 90 91 92 93 94 95 99 100 101 102 106 107 108 109 110 111 113 114 115 116 117 120 121 122 124 125 126 127 128 129 130 133 134 135 136 137 138 139 140 141 142 143 144 146 147 148 149 150 151 152 153 154 155 156 157 159 160 161 162 163 164 165 166 167 168 169 170 171 172 174 175 176 177 178 179 180 181 182 183 184 185 186 187 188 189 190 191 192 193 194 195 196 197 198 199 200 201 202 203 204 205 206 207 208 209 210 211 212 213 214 215 216 217 222 223 224 225 226 227 228 229 230 231 232 237 238 239 240 241 242 243 244 245 246 247 251 252 253 254 255 256 257 258 259 260 261 266 267 268 269 270 271 272 273 274 275 280 281 282 283 284 285 286 287 288 289 290 294 295 296 297 300 301 302 303 304 307 308 310 311 312 317 318 320 321 322 324 325 326 327 328 330 331 332 333 334 335 336 338 339 340 342 343 344 345 346 347 348 349 350 352 353 354 355 356 357 358 359 360 361 362 363 364 366 367 368 371 372 373 374 376 377 378 379 380 381 382 383 384 385 386 387 388 389 390 391 392 393 394 395 396 397 398 399 400 401 402 403 404 405 406 407 408 409 410 411 412 416 417 418 419 420 421 422 423 424 425 426 427 430 431 432 433 435 436 437 438 439 440 441 442 445 446 447 448 449 450 451 454 455 456 457 458 459 460 461 463 464 465 466 467 469 470 471 473 474 475 477 478 479 480 481 482 483 484 485 486 487 488 489 491 492 493 495 496 497 499 500 501 502 504 505 506 507 508 510 511 512 513 514 515 518 520 521 522 523 524 527 528 529 530 531 532 533 536 537 538 539 541 542 543 544 545 547 551 552 553 554 555 557 558 559 561 562 563 564 566 567 568 569 570 571 572 573 574 575 576 577 578 579 580 581 582 583 584 585 586 587 588 589 590 591 592 593 594 595 596 597 598 599 600 601 602 603 604 606 607 608 612 613 616 617 618 620 621 622 623 624 627 628 629 630 631 632 633 635 636 637 639 641 642 644 645 646 647 648 649 650 651 652 653 655 656 657 658 659 660 661 662 663 664 665 666 670 671 672 673 676 677 678 679 680 682 684 685 686 687 688 690 691 692 693 694 695 698 699 700 701 704 705 706 707 708 709 712 713 714 716 717 719 720 721 722 723 725 728 730 731 734 736 737 738 739 740 742 743 744 745 746 747 748 749 750 751 752 753 755 756 757 758 759 760 761 762 763 764 765 766 767 770 772 773 778 779 780 781 782 783 784 0
1 2 3 4 5 6 7 8 9 10 11 12 13 15 16 17 18 19 20 22 24 25 26 27 29 31 34 36 37 39 41 42 43 46 47 48 49 50 51 52 53 57 58 59 60 61 64 65 66 67 68 71 72 73 74 75 76 82 83 84 85 87 88 89 90 91 93 94 95 96 97 98 99 100 102 103 104 105 106 107 108 110 112 113 114 115 116 117 119 120 121 122 123 124 126 127 129 130 131 132 133 136 137 138 139 140 142 143 144 145 146 147 148 150 154 155 156 157 162 163 164 165 169 170 171 172 173 179 180 181 185 186 187 188 190 192 193 194 197 198 199 201 203 204 205 206 207 208 209 210 211 212 213 214 215 216 218 219 220 221 222 223 224 227 228 229 230 231 233 234 236 237 238 241 242 243 244 246 247 248 249 250 251 253 254 255 256 257 258 260 262 263 264 265 267 268 269 270 271 272 273 274 277 278 279 280 281 282 283 284 285 286 287 288 289 290 291 292 293 294 295 296 297 301 302 303 304 305 306 309 310 311 312 313 317 318 319 320 324 327 328 330 331 334 335 336 337 339 340 341 342 343 344 345 346 349 350 351 352 353 355 356 358 359 360 361 362 369 370 373 374 375 376 377 380 381 382 383 384 385 386 387 388 389 390 391 392 0
1 2 3 9 10 15 16 17 18 19 23 27 28 29 31 33 34 35 36 37 38 39 40 41 42 43 44 46 47 48 49 50 51 52 53 54 56 57 58 59 60 63 65 66 67 68 69 70 71 72 73 74 76 77 78 79 80 81 82 83 84 85 86 87 88 89 90 91 92 93 94 95 96 97 98 100 102 103 104 105 106 108 109 110 111 112 113 114 115 116 117 118 119 120 121 122 125 126 130 131 132 133 134 136 138 139 140 141 142 143 144 145 146 147 149 150 151 153 155 156 157 159 160 161 162 163 164 165 166 167 170 171 172 173 174 175 176 177 178 179 180 181 182 184 185 186 187 188 191 192 194 195 196 197 198 200 202 203 204 205 206 208 211 212 213 214 215 216 218 220 223 226 228 229 230 232 234 235 236 237 238 239 244 246 247 248 249 250 252 253 254 256 257 259 260 261 262 264 265 266 267 268 269 270 271 273 274 276 277 278 279 280 281 283 284 285 286 287 288 289 290 291 292 293 294 295 296 301 302 303 304 305 306 309 310 311 312 313 315 316 317 318 319 320 321 323 324 326 327 328 329 332 333 334 336 340 341 342 343 344 345 346 348 349 350 351 352 353 354 355 356 357 358 359 360 361 362 363 364 365 367 368 369 370 371 373 374 375 376 377 378 379 380 381 382 383 384 385 386 387 389 390 391 392 0
1 2 5 7 8 9 10 11 13 14 15 19 20 21 28 29 32 33 35 36 38 40 43 44 46 47 48 50 52 55 56 60 61 62 63 64 65 66 67 68 69 71 73 74 75 76 77 79 81 82 84 85 87 88 89 90 91 92 93 94 95 97 98 99 100 101 102 103 104 108 111 119 120 123 124 125 127 128 129 130 133 135 137 138 139 140 141 142 143 144 0
1 2 5 13 14 15 17 20 25 26 31 32 0

50
1 2 3 4 5 6 7 8 9 10 11 12 13 14 15 16 17 18 19 20 21 22 23 24 25 26 27 28 29 30 31 32 33 34 35 36 37 38 39 40 41 42 43 44 45 46 47 48 49 50 51 52 53 54 55 56 57 58 59 60 61 62 63 64 65 66 67 68 69 70 71 72 73 74 75 77 78 79 80 81 82 83 84 85 86 87 88 89 90 91 92 93 94 95 96 97 98 99 100 101 102 103 104 105 106 107 108 109 110 111 112 113 114 115 116 117 118 119 120 121 122 123 124 125 126 127 128 129 130 131 132 133 134 135 136 137 138 139 140 141 142 143 144 145 147 148 149 150 151 152 153 154 155 156 157 158 159 160 161 162 163 164 165 166 167 168 169 170 171 172 173 174 175 176 177 178 179 180 181 182 183 184 185 186 187 188 189 190 191 192 193 194 195 196 197 198 199 200 201 202 203 204 205 206 207 208 209 210 211 212 213 214 215 216 217 218 219 220 221 222 223 224 225 226 227 228 229 230 231 232 233 234 235 237 238 239 240 242 244 245 246 247 248 249 250 251 252 253 254 255 256 257 258 259 260 261 262 263 264 265 266 267 268 269 270 271 273 274 275 276 277 278 279 280 281 282 283 284 286 287 288 289 290 291 292 293 294 295 296 297 298 299 300 301 302 303 304 305 306 307 308 309 310 311 312 313 314 315 316 317 318 319 320 321 322 323 324 325 326 327 328 330 331 332 333 334 335 336 337 338 339 340 341 342 343 344 345 346 347 348 349 350 351 352 353 354 355 356 357 358 359 360 361 362 363 364 365 366 367 368 369 370 371 372 373 374 375 376 377 378 379 380 381 382 383 384 385 386 387 388 389 390 391 392 393 394 395 396 397 398 399 400 401 402 403 404 405 406 407 408 409 410 411 412 413 414 415 416 417 418 419 420 421 422 423 424 425 426 427 428 429 430 431 432 433 434 435 436 437 438 439 440 441 442 443 444 445 446 447 448 449 450 451 452 453 454 455 456 457 458 459 460 461 462 463 464 465 466 467 468 470 471 472 473 474 475 476 477 478 479 480 481 482 483 484 485 486 487 488 489 490 491 492 493 494 495 496 497 498 499 500 501 502 503 504 505 506 507 508 509 510 512 513 514 515 516 517 518 519 520 521 522 523 524 525 526 527 528 529 530 531 532 533 534 535 536 537 538 539 540 541 542 543 544 545 546 547 548 549 550 551 552 553 554 555 557 558 559 560 561 562 563 564 565 566 567 569 570 571 572 573 574 575 576 577 578 579 580 581 582 583 584 585 586 587 588 589 590 591 595 596 602 603 604 605 606 607 608 609 610 611 612 614 615 616 617 623 624 625 626 627 628 629 630 631 633 634 635 636 637 638 639 640 641 642 644 645 646 647 649 650 651 653 654 655 656 657 658 659 660 661 662 663 664 665 666 667 668 669 670 671 672 673 675 676 677 678 679 681 682 683 684 685 686 687 688 689 691 692 693 694 695 696 697 698 699 700 701 703 704 705 707 708 709 710 711 712 713 714 715 716 717 718 719 720 721 722 723 724 725 726 727 728 729 730 731 732 733 734 735 736 737 738 740 741 742 743 744 745 746 747 748 749 750 751 753 754 756 757 759 760 761 762 763 764 765 767 769 770 771 774 775 776 777 778 779 781 782 783 784 0
1 8 14 15 16 17 18 19 20 21 22 23 24 25 26 27 29 30 31 34 35 36 37 38 39 41 42 43 44 46 48 49 50 51 52 53 54 57 58 59 61 62 63 64 65 66 67 68 71 72 75 76 77 78 80 81 82 83 84 85 86 87 89 90 91 92 93 94 95 96 97 98 99 100 101 102 103 104 105 106 107 108 110 111 112 113 114 115 116 117 119 120 121 122 123 124 125 126 127 128 129 130 131 134 135 136 137 139 141 142 143 144 145 146 147 148 149 150 151 152 153 155 156 157 158 159 160 161 162 163 166 167 169 170 172 173 174 175 176 177 179 180 183 184 185 186 187 188 189 190 191 192 193 194 195 197 198 199 202 203 204 205 210 212 213 214 215 216 217 219 220 221 224 226 229 230 232 233 234 235 238 239 242 243 244 245 246 247 248 249 250 251 252 253 254 255 258 259 260 261 262 263 264 266 268 272 273 274 275 276 277 278 279 280 285 286 287 288 289 290 291 292 293 294 300 301 302 303 304 305 306 307 308 310 311 312 316 317 318 319 320 321 322 324 325 326 327 328 329 331 332 333 334 335 336 339 340 341 342 343 344 345 346 347 348 349 350 353 354 355 356 357 358 359 360 361 362 364 367 368 369 370 371 372 373 374 375 376 378 379 380 381 382 383 384 385 386 387 388 389 390 391 392 393 394 395 396 397 398 399 400 401 402 403 404 405 406 407 409 410 411 413 414 415 416 417 418 419 420 421 422 423 424 425 427 428 429 430 431 433 434 435 436 437 438 439 440 441 442 443 444 445 446 447 450 451 452 453 454 455 456 457 458 459 460 461 463 464 465 467 468 469 470 471 472 473 474 476 478 479 481 482 483 484 485 486 487 488 489 490 491 493 494 495 496 498 499 500 501 502 503 504 505 506 507 508 509 510 511 512 513 514 515 516 517 519 520 521 522 524 525 526 528 529 530 531 532 533 535 536 537 538 539 540 541 542 543 544 545 548 549 550 551 552 553 554 555 556 557 558 559 561 562 563 565 567 568 569 570 571 572 573 576 578 579 580 581 582 583 584 585 586 587 589 590 591 592 593 594 595 596 597 598 599 600 601 602 603 604 605 606 607 608 609 616 617 618 621 622 623 624 625 629 630 636 637 638 639 640 641 642 643 644 645 646 647 648 649 650 651 652 653 654 655 656 658 659 660 662 663 664 665 666 667 668 669 670 671 672 674 675 676 677 678 679 680 681 682 683 684 685 686 688 689 690 691 692 693 694 695 696 697 698 700 702 703 704 705 706 707 708 709 712 713 714 717 718 724 725 726 727 728 729 730 731 732 733 734 736 737 738 741 742 743 744 745 746 747 748 749 750 751 752 753 754 755 756 758 759 760 761 762 763 765 766 767 768 769 770 772 775 776 777 778 779 784 0
1 2 3 4 5 6 7 8 9 10 11 12 13 14 15 16 17 18 19 20 21 22 23 24 26 27 28 29 33 34 35 36 37 38 39 40 41 43 45 46 47 48 53 54 55 56 58 59 60 61 62 63 64 65 66 67 68 69 70 73 74 75 76 77 78 79 80 81 82 83 85 86 87 88 89 90 92 93 94 96 97 99 100 101 102 104 105 108 109 110 111 112 114 115 117 118 119 121 122 123 124 125 126 128 129 131 132 133 134 135 136 137 138 139 140 141 142 144 145 147 150 152 153 154 157 158 160 161 163 164 165 166 167 168 171 172 173 174 175 177 179 180 181 182 184 185 186 187 189 190 191 192 193 194 197 198 199 200 201 202 203 206 207 208 209 210 211 212 213 214 215 216 217 219 220 221 222 223 226 227 229 230 231 232 233 234 235 236 237 238 239 240 241 242 243 244 245 246 247 249 250 251 252 253 254 255 256 257 258 259 261 262 263 264 265 267 269 270 271 272 273 275 277 278 279 281 283 284 285 287 288 289 290 291 292 293 294 297 298 301 302 304 305 306 308 309 311 312 313 314 315 319 320 321 322 323 325 326 327 328 329 330 331 332 334 335 337 338 339 340 341 342 347 349 351 352 353 354 355 356 357 359 360 361 362 363 364 366 367 368 369 370 371 373 374 375 376 377 378 379 380 381 382 383 384 385 387 388 389 390 391 392 0
4 5 6 7 9 10 11 12 13 14 15 16 17 18 19 21 22 23 24 26 27 28 29 30 31 36 37 38 39 40 43 45 46 47 48 49 50 51 52 53 54 55 56 57 58 59 60 62 63 64 65 68 69 70 71 72 73 76 78 79 80 81 82 83 85 86 87 88 89 92 93 94 95 96 97 98 99 103 104 105 106 110 111 112 116 117 118 119 120 121 123 124 125 127 128 129 130 131 132 133 134 136 137 138 140 141 142 143 144 145 146 149 150 151 152 153 154 155 156 157 158 159 160 161 165 166 168 169 170 171 172 173 174 175 176 177 178 179 180 181 182 183 184 185 186 187 188 190 191 192 193 194 195 196 197 198 199 201 202 203 204 206 207 208 209 210 211 212 213 214 215 216 217 218 221 222 223 224 225 227 228 229 230 231 232 233 234 235 236 237 240 241 242 243 246 252 254 255 256 257 259 261 262 263 264 265 266 267 268 269 270 271 272 273 274 275 276 277 279 280 281 282 283 284 285 286 287 288 289 290 291 292 293 294 295 296 297 298 299 301 303 304 305 306 308 310 311 312 313 314 315 317 318 319 320 321 322 326 327 328 329 330 331 332 333 334 335 336 337 338 339 340 341 342 343 344 345 346 347 348 350 351 353 355 357 359 360 361 362 363 364 365 366 367 368 369 370 371 372 373 374 375 376 377 378 379 380 381 382 383 384 385 386 387 388 389 390 392 0
5 6 7 8 9 12 13 14 15 16 17 19 21 22 25 27 29 31 33 34 35 36 37 39 41 44 46 50 52 53 54 57 58 60 61 62 64 65 66 67 68 69 70 71 72 73 74 75 76 78 79 80 81 82 83 84 87 88 89 90 92 93 94 95 98 99 100 104 106 107 108 111 114 116 117 119 120 122 123 124 125 126 127 129 131 132 133 134 135 136 137 141 142 143 0
1 6 9 10 11 12 13 18 19 21 22 24 27 28 31 0

51
1 2 3 4 5 6 7 8 9 10 11 12 13 14 15 16 17 18 19 20 21 22 23 24 25 26 27 28 29 30 31 32 33 34 35 36 37 38 39 40 41 42 43 44 45 46 47 48 49 50 51 52 53 54 55 56 57 58 59 60 61 62 63 64 65 66 67 68 69 70 71 72 73 74 75 76 77 78 80 81 82 83 84 85 86 87 88 89 90 91 92 93 94 95 96 97 98 99 100 101 102 103 104 105 106 108 109 110 111 112 113 114 115 116 117 118 119 120 121 122 123 124 125 126 127 128 129 130 131 132 133 134 135 136 137 138 139 140 141 142 143 144 145 146 147 148 149 151 152 153 154 155 156 157 158 159 160 161 162 164 165 166 167 168 169 170 171 172 173 174 175 176 177 178 179 180 181 182 183 184 185 186 187 188 189 190 191 192 193 194 195 196 197 198 199 200 201 202 203 204 205 206 207 208 209 210 211 212 213 214 215 216 218 219 220 221 222 223 224 225 226 227 228 229 230 231 232 233 235 236 237 238 239 240 241 242 243 244 245 246 247 248 249 250 251 252 253 254 255 256 257 258 259 261 262 263 264 265 266 267 268 269 270 271 273 274 275 276 277 278 279 280 281 282 283 284 285 286 287 288 289 290 291 292 293 294 295 296 297 298 299 300 301 302 303 304 305 306 307 308 309 310 311 312 313 314 315 316 317 318 319 320 321 322 323 324 325 326 327 329 330 331 332 333 334 335 336 337 338 339 340 341 342 343 344 345 346 347 348 349 350 351 352 353 354 355 356 357 358 359 360 361 362 363 364 365 366 367 368 369 370 371 372 373 374 375 376 377 378 379 380 381 382 383 384 385 386 387 388 389 390 391 392 393 394 395 396 397 398 399 400 401 402 403 404 405 406 407 408 409 410 411 412 413 414 415 416 417 418 419 420 421 422 423 424 425 427 428 429 430 431 432 433 434 435 436 437 438 439 440 441 443 444 445 446 447 448 449 450 451 452 453 454 455 456 457 459 460 461 462 463 464 465 466 467 468 469 470 471 472 473 474 475 476 477 478 479 480 481 482 483 484 485 486 487 488 489 490 491 492 493 494 495 496 497 498 499 500 501 502 503 504 505 506 507 508 509 510 511 512 513 514 515 516 517 518 519 520 521 522 523 524 525 526 527 528 529 530 531 532 533 534 535 536 537 538 539 541 542 543 544 545 546 547 548 549 551 552 553 554 555 556 557 558 559 560 561 562 563 564 566 567 568 569 570 571 572 573 574 575 576 577 578 579 580 581 582 583 584 585 586 587 588 591 592 602 603 604 607 608 609 610 612 614 615 616 617 618 619 620 621 622 623 624 625 626 627 628 629 630 631 634 635 636 637 638 639 640 641 642 643 644 645 646 648 649 652 654 655 658 659 660 661 663 664 665 666 667 668 673 674 675 676 677 678 679 680 681 682 683 684 686 687 688 689 690 691 692 693 695 696 697 698 699 700 701 702 704 705 706 707 708 709 710 711 712 713 714 717 718 719 721 722 723 724 725 726 727 728 729 730 731 732 733 734 735 736 737 738 739 740 741 742 743 744 746 747 748 749 750 751 754 755 757 761 762 763 764 766 767 768 769 770 771 772 774 775 776 777 778 779 780 781 782 783 784 0
1 14 15 16 17 18 19 21 22 23 24 25 26 27 29 30 31 33 34 35 36 37 38 39 40 41 43 44 46 47 48 50 51 52 54 55 57 58 63 64 65 66 69 71 72 76 77 78 79 80 85 86 89 90 91 92 93 94 95 96 99 100 101 105 107 108 109 110 111 113 114 116 117 120 121 122 123 124 125 126 127 128 129 130 131 132 133 134 135 136 137 138 139 140 141 142 143 144 145 146 147 148 149 150 151 152 153 154 155 157 158 159 160 161 162 163 164 165 166 167 169 173 174 175 176 177 178 179 180 181 182 183 184 185 186 187 188 189 190 191 192 193 194 195 196 198 199 200 201 202 203 208 209 210 212 213 214 215 217 218 219 222 223 224 226 227 229 230 231 232 233 234 235 236 237 238 240 242 243 244 245 246 247 248 249 250 251 252 254 258 259 260 261 262 266 268 273 274 275 276 277 280 282 286 287 288 289 290 291 294 295 296 297 301 302 303 304 305 307 308 310 311 317 318 319 321 322 324 328 329 330 331 332 333 334 335 336 338 340 341 342 343 344 345 346 347 348 349 350 352 354 355 356 357 358 359 360 361 362 363 364 370 371 372 373 374 375 376 377 378 379 380 381 382 383 384 385 386 387 388 389 390 391 392 393 394 395 396 397 398 399 400 401 402 403 404 405 406 407 408 409 410 411 413 414 415 417 418 419 420 421 422 424 425 426 427 428 429 431 434 435 436 437 438 439 440 441 442 443 444 445 446 447 449 450 451 452 453 454 455 457 458 459 460 461 463 465 466 467 469 470 471 473 474 475 477 479 480 481 482 483 484 485 486 487 488 489 491 493 494 495 496 497 498 499 500 501 502 503 505 506 507 508 509 511 512 513 514 516 518 520 522 523 524 525 526 527 528 530 531 533 535 536 537 538 539 540 541 542 543 544 545 548 549 550 551 552 553 554 555 556 557 558 559 560 561 562 565 566 567 568 569 570 572 573 575 576 577 578 579 580 581 582 583 584 585 586 587 588 589 590 591 592 593 594 595 596 597 598 599 600 601 602 604 606 607 609 610 614 615 616 618 621 622 623 624 625 626 628 629 630 631 632 633 634 635 636 637 638 639 640 641 642 643 644 646 647 648 649 653 654 656 657 658 660 661 664 666 667 668 671 672 674 675 677 678 679 680 681 682 683 685 686 688 689 690 691 692 693 694 695 696 698 699 700 701 704 705 708 709 710 713 714 716 719 720 722 724 725 726 727 728 730 731 732 733 734 735 736 737 738 741 742 744 745 746 747 748 749 750 751 752 753 754 755 756 758 759 760 761 762 763 764 765 766 767 768 769 770 776 777 781 782 783 784 0
1 2 3 4 5 6 7 8 10 11 12 13 15 16 19 20 22 23 24 25 26 27 29 32 34 35 36 37 38 39 41 42 43 46 47 48 52 53 54 58 59 60 61 62 64 67 68 69 71 74 75 76 80 81 82 83 86 87 88 89 90 91 94 96 98 99 100 101 103 104 105 107 108 109 110 112 114 117 118 119 121 122 123 124 125 126 128 131 132 133 134 135 136 137 138 139 140 141 142 143 144 145 147 150 152 154 157 158 159 160 165 172 173 175 180 181 182 184 185 186 187 189 190 191 192 194 197 198 199 200 201 202 203 205 206 207 208 209 210 212 213 215 216 219 220 221 222 223 226 227 228 229 230 231 232 233 234 235 236 237 238 240 241 242 243 244 246 247 248 249 250 251 252 255 256 257 258 259 261 262 263 264 265 269 270 271 272 273 274 275 276 277 278 279 280 282 283 284 285 287 289 290 291 294 296 297 298 301 305 306 307 308 309 313 316 319 320 321 323 324 327 328 330 331 332 334 335 337 339 340 341 342 345 346 347 348 349 350 352 353 354 355 356 359 360 361 362 366 367 368 369 370 371 372 373 374 375 377 378 379 380 381 382 383 384 385 386 387 388 389 390 391 392 0
2 3 6 7 8 9 10 12 14 16 20 21 23 28 29 31 32 36 37 38 39 40 45 46 47 48 49 50 51 52 53 54 55 56 57 58 59 62 63 64 65 66 67 68 70 72 73 74 75 76 77 78 79 80 81 82 83 84 85 86 87 88 89 92 93 94 98 104 105 106 109 110 111 112 116 118 119 123 124 125 126 127 131 136 137 140 141 142 143 144 145 146 147 148 149 150 151 152 153 154 155 156 157 158 159 160 161 164 165 167 170 171 173 174 175 176 177 178 179 181 183 184 185 186 187 188 189 190 191 192 193 194 196 197 198 200 201 202 203 206 207 208 209 211 212 213 214 215 216 218 220 221 222 225 227 228 229 230 231 234 235 236 237 239 241 242 243 244 245 246 247 248 251 252 254 255 256 257 258 259 260 261 262 263 265 266 267 269 270 271 272 273 274 275 276 277 278 279 280 281 282 283 284 285 286 287 288 289 290 291 293 294 295 296 297 299 300 301 303 305 306 309 310 311 312 313 314 315 318 320 321 322 327 328 329 331 332 333 334 335 338 339 340 341 342 343 344 347 348 349 350 351 353 355 356 357 358 359 360 361 362 364 365 366 368 369 370 371 374 375 376 377 378 379 381 382 383 384 385 386 387 388 389 390 392 0
2 5 6 7 8 9 13 15 18 19 21 28 30 32 33 34 35 36 37 39 41 42 44 49 50 54 56 57 62 64 65 66 67 68 69 70 71 72 73 74 79 80 82 83 84 85 86 87 88 90 92 94 95 96 98 102 104 105 106 111 114 118 120 122 125 127 129 133 137 139 140 0
1 3 7 9 10 12 13 14 16 19 20 21 26 30 31 0

52
1 2 3 4 5 6 7 8 9 10 11 12 13 14 15 16 17 18 19 20 21 22 23 24 25 26 27 28 29 30 31 32 33 34 35 36 37 38 39 40 41 42 43 44 45 46 47 49 50 51 52 53 55 56 57 58 59 60 61 62 63 64 65 66 67 69 70 71 72 73 74 75 76 77 78 79 80 81 83 84 85 86 87 88 89 90 91 92 93 94 95 97 98 99 100 101 102 103 104 105 106 107 108 109 111 112 113 114 115 116 117 118 119 120 121 122 123 124 125 126 127 128 129 130 131 132 133 134 135 136 137 138 139 140 141 142 143 144 145 146 147 148 149 150 151 152 153 154 155 156 157 158 159 160 161 162 163 164 165 166 167 168 169 170 171 172 173 174 175 176 177 178 179 180 181 182 183 184 185 186 187 188 189 190 191 192 193 194 195 196 197 198 199 200 201 202 203 204 205 206 207 208 209 210 211 212 213 214 215 216 217 218 219 220 221 222 223 224 225 226 227 228 229 230 232 233 235 236 237 238 239 240 241 242 243 244 245 246 247 248 249 250 251 252 253 254 255 256 257 258 259 260 261 262 263 264 265 266 267 268 269 270 271 272 273 274 275 276 277 278 279 280 281 282 283 284 285 286 287 288 289 290 291 292 293 294 295 296 297 298 299 300 301 302 303 304 305 306 307 308 309 310 311 312 313 314 315 316 317 318 319 320 321 322 323 324 325 326 327 328 329 330 331 332 333 334 335 336 337 338 339 340 341 342 343 344 345 346 347 348 349 350 351 352 353 354 355 356 357 358 359 360 361 362 363 364 365 366 367 368 369 370 371 372 373 374 375 376 377 378 379 380 381 382 383 384 385 386 387 388 389 390 391 392 393 394 395 396 397 398 399 400 401 402 403 404 405 406 407 408 409 410 411 412 413 414 415 416 417 418 419 420 421 422 423 424 425 426 427 428 429 430 431 432 433 434 435 436 437 438 439 440 441 442 443 444 445 446 447 448 449 450 451 452 453 454 455 456 457 458 459 460 461 462 463 464 465 466 467 468 469 470 471 473 474 475 476 477 478 479 480 481 482 484 485 486 487 488 489 490 491 492 493 494 495 496 497 498 499 500 501 502 503 504 505 506 507 508 509 510 511 512 513 514 515 516 517 518 519 520 521 522 523 524 525 526 527 528 529 530 531 532 533 534 535 536 537 538 539 540 541 542 543 545 546 547 548 549 550 551 552 553 554 555 556 557 558 559 560 561 562 563 564 565 566 567 568 569 570 571 572 573 574 575 576 577 578 579 580 581 582 583 584 585 586 587 588 595 596 598 599 603 606 607 608 611 614 615 616 617 618 619 620 622 623 624 625 626 627 628 629 631 635 636 637 638 639 640 641 642 643 644 648 649 650 651 652 653 654 655 656 657 658 659 660 661 662 663 664 665 666 667 669 670 671 672 675 676 677 678 679 680 681 682 683 684 685 686 687 688 689 690 691 692 693 695 696 697 698 699 700 701 702 703 704 705 709 710 711 712 713 714 715 716 718 719 720 721 722 723 724 725 726 729 730 731 732 733 734 735 736 737 738 741 742 743 744 745 746 747 748 749 750 751 752 753 754 755 756 757 758 759 760 761 762 763 764 765 769 770 776 777 778 779 780 781 782 783 784 0
1 14 15 16 17 21 22 23 24 25 26 27 29 30 31 32 33 35 36 37 38 39 40 41 43 44 47 48 49 50 51 52 53 54 55 57 58 60 61 62 63 64 65 66 67 68 69 70 71 73 74 75 76 77 78 79 80 81 82 83 84 85 88 89 90 91 93 94 95 96 97 98 99 100 101 102 103 104 106 107 108 109 110 111 112 113 115 116 117 118 119 120 121 122 123 124 125 126 127 128 129 130 131 132 133 135 136 137 138 139 141 142 143 144 145 146 147 148 149 150 151 152 153 155 156 157 158 159 160 161 162 163 164 167 168 169 170 171 172 173 174 175 181 183 184 185 186 187 188 189 190 191 192 193 194 195 196 198 202 203 204 205 206 207 210 216 217 219 220 221 224 226 228 229 230 232 233 234 235 236 238 242 243 245 246 247 248 249 250 252 256 258 259 260 261 262 263 264 265 266 269 271 272 273 274 275 276 277 278 279 280 282 283 284 285 286 287 288 289 290 291 292 293 294 296 297 298 299 300 301 302 303 305 306 307 308 310 311 312 313 314 316 317 319 320 321 322 324 325 326 327 328 331 332 333 334 335 336 337 338 339 340 341 342 343 344 345 346 347 348 350 352 353 354 355 356 357 358 359 360 361 362 363 364 367 368 369 370 371 372 373 374 375 377 378 379 380 381 382 383 384 385 386 387 388 389 390 391 392 393 394 395 396 397 398 399 400 401 402 403 404 405 406 408 409 410 411 412 413 414 415 416 417 418 419 421 422 423 424 425 426 427 428 429 430 431 433 434 435 438 439 440 441 442 443 444 445 446 447 450 453 454 455 456 457 458 459 460 461 462 463 465 466 467 468 469 470 472 473 474 475 476 477 479 480 481 482 483 484 485 486 487 488 491 492 493 494 495 496 497 498 499 500 501 502 503 505 506 508 509 510 511 513 514 515 517 518 520 521 523 525 526 527 528 529 530 531 533 534 535 536 537 538 539 540 541 542 544 545 547 548 549 550 551 552 553 554 555 556 557 558 560 562 563 565 566 567 568 569 570 572 573 575 576 578 579 580 581 582 584 585 586 587 589 590 591 592 593 594 595 596 597 598 599 600 601 602 604 605 606 607 608 609 610 616 618 619 620 621 623 624 629 630 631 633 634 635 636 637 638 639 640 641 642 643 644 646 649 650 651 652 653 654 655 656 658 662 663 664 665 666 667 668 669 671 672 675 676 677 678 681 682 683 685 686 689 690 691 692 694 695 696 697 700 701 702 703 704 705 706 707 708 709 710 711 712 713 714 716 717 718 722 723 724 725 726 727 728 729 730 731 732 733 734 735 737 738 739 740 741 742 743 744 745 746 747 748 749 750 751 752 753 754 755 756 757 758 759 760 761 762 763 764 765 766 767 768 770 774 775 776 777 778 779 784 0
1 2 3 4 5 6 7 8 9 11 12 13 14 15 17 18 19 21 22 23 24 25 26 27 28 29 30 31 32 33 34 35 36 38 39 40 41 42 43 44 45 46 47 48 53 54 55 56 57 59 60 61 62 63 65 66 67 68 69 70 72 73 75 76 77 80 81 82 83 84 85 86 87 88 89 90 92 93 94 95 96 97 99 100 101 104 105 108 109 110 111 112 113 114 115 116 117 118 119 120 121 122 123 124 125 126 127 129 130 131 132 133 134 135 136 137 139 140 141 142 143 144 145 146 147 150 153 154 157 158 159 160 163 164 165 166 167 168 169 170 171 172 173 174 175 176 177 180 181 182 183 184 185 187 189 190 191 192 193 194 197 198 200 201 202 205 206 208 209 210 212 213 214 216 217 218 219 221 222 223 224 225 226 227 228 229 230 231 232 233 234 235 236 237 238 239 240 241 242 243 244 245 246 247 249 250 251 255 256 257 258 259 262 263 264 266 268 269 270 271 272 273 274 275 276 277 279 280 281 282 283 284 285 287 288 289 290 291 292 293 297 298 299 301 303 305 306 309 312 313 314 315 317 318 319 320 321 322 323 324 325 326 327 328 329 330 331 332 334 335 336 337 338 339 340 341 342 346 347 349 352 353 354 355 356 357 358 359 360 361 363 364 365 366 367 368 369 370 371 372 373 374 375 376 377 378 379 380 381 382 383 384 385 386 387 388 389 390 391 392 0
2 4 7 9 10 11 12 14 15 16 17 18 19 20 21 22 23 24 25 26 27 28 29 30 31 32 33 35 36 37 38 40 41 42 43 45 46 47 49 50 51 52 53 54 55 56 57 58 59 60 61 62 63 64 65 66 67 68 69 70 73 74 75 76 77 78 79 80 81 82 83 84 85 86 87 88 89 90 92 93 94 95 96 97 98 104 105 106 107 108 109 110 111 112 113 114 115 116 117 118 119 121 123 124 125 126 127 128 129 130 131 132 133 134 135 136 137 138 140 141 142 143 144 145 146 147 149 150 151 152 154 155 156 157 158 159 160 161 162 164 165 166 167 169 171 172 174 175 176 177 178 179 180 181 182 183 184 185 186 187 188 189 190 192 193 194 195 196 197 201 202 203 204 205 206 207 208 209 210 212 213 214 215 216 217 218 219 220 221 222 223 224 225 226 227 228 229 230 231 232 234 235 236 237 238 239 240 241 242 243 244 245 246 247 248 252 253 255 256 257 259 260 262 263 264 265 266 267 268 269 271 272 273 274 275 277 278 279 280 281 282 283 284 285 287 288 289 290 291 292 294 298 299 301 302 304 305 306 307 308 309 311 312 313 314 315 316 317 318 320 321 322 323 324 325 326 327 328 329 330 331 332 333 334 335 336 337 338 339 340 341 342 343 344 345 346 347 348 350 351 353 354 355 356 357 358 359 360 361 363 364 366 368 369 370 371 372 374 375 377 378 379 380 381 382 383 384 385 387 388 389 390 392 0
1 3 4 5 6 7 8 9 10 11 12 13 14 15 16 17 18 19 20 21 23 24 25 26 27 28 29 30 31 32 33 34 35 36 37 38 39 40 41 42 43 44 46 47 48 49 50 51 52 53 54 55 56 57 58 59 60 61 62 63 64 67 68 69 70 71 73 74 75 77 78 79 80 81 82 83 84 85 86 87 88 89 90 91 92 93 94 95 97 98 99 100 101 102 103 104 105 106 107 108 109 112 113 114 115 116 117 118 119 120 122 123 125 126 127 128 131 132 133 135 138 139 140 141 142 144 0
4 5 7 10 11 12 13 14 16 18 20 21 22 23 24 26 27 28 29 30 31 32 0

53
1 2 3 4 5 6 7 8 9 10 11 12 13 14 15 16 17 18 19 20 21 22 23 24 25 26 27 28 29 30 31 32 33 34 35 36 37 38 39 40 41 42 43 44 45 46 47 48 49 51 52 53 54 55 56 57 58 60 61 62 63 64 65 66 67 68 69 70 71 72 73 74 75 76 77 78 79 80 81 82 83 84 85 86 87 88 89 90 91 92 93 94 95 96 97 98 99 100 101 102 103 104 105 106 107 108 109 110 111 112 113 114 115 116 117 118 119 120 121 122 123 124 125 126 127 128 129 130 131 132 133 134 135 136 137 138 139 140 141 142 143 144 145 146 147 148 149 150 151 152 153 154 155 156 157 158 159 160 161 162 164 165 166 167 168 169 170 171 172 173 175 176 177 178 179 180 181 182 183 184 185 186 187 189 190 191 192 193 194 195 196 197 198 199 200 201 202 203 204 205 206 207 208 209 210 211 212 213 214 215 216 217 218 219 220 221 222 223 224 225 226 227 228 229 230 231 232 233 234 235 236 237 238 239 240 241 242 243 244 245 246 247 248 250 251 252 253 254 255 256 257 258 259 260 261 262 263 264 265 266 267 268 269 270 271 272 273 274 275 276 277 278 279 280 281 282 283 284 285 286 287 288 289 290 291 292 293 294 295 296 297 298 299 300 301 302 304 305 306 307 308 309 310 311 312 313 314 315 317 318 319 320 321 322 323 324 325 326 327 328 329 330 331 332 333 334 335 336 337 338 339 340 341 342 343 344 345 346 347 348 349 350 351 352 353 354 355 356 357 358 359 360 361 362 363 364 365 366 367 368 369 370 371 372 373 374 375 376 377 378 379 380 381 382 383 384 385 386 387 388 389 390 391 392 393 394 395 396 397 398 399 400 401 402 403 404 405 406 407 408 409 410 411 412 413 414 415 416 417 418 419 420 421 422 423 424 425 426 427 428 429 430 431 432 433 434 435 436 437 438 439 440 441 442 443 444 445 446 447 448 449 450 451 452 453 454 455 456 457 458 459 460 461 462 463 464 466 467 468 469 470 471 472 473 474 475 476 477 478 480 481 482 483 484 485 486 487 488 489 490 491 492 493 494 495 496 497 498 499 500 501 502 503 504 505 506 507 508 509 510 511 512 513 514 515 516 517 518 519 520 521 522 523 524 525 526 527 528 529 530 531 532 533 534 535 536 537 538 539 540 541 542 543 544 545 546 547 548 549 550 551 552 553 554 555 556 557 558 559 560 561 562 563 564 565 566 568 569 571 572 573 574 575 576 577 578 579 580 581 582 583 584 585 586 587 588 589 590 596 603 604 605 606 607 608 609 610 611 612 616 617 618 619 620 622 623 624 625 626 627 628 629 630 631 632 633 635 636 637 638 639 640 641 642 643 644 645 646 647 648 649 650 651 652 653 654 655 657 658 659 660 661 662 663 664 665 666 667 668 669 670 671 672 673 674 675 676 677 678 680 682 683 684 685 686 687 688 689 690 691 692 693 694 695 696 697 698 699 701 708 709 712 713 714 715 716 717 718 720 722 723 724 725 726 728 729 730 731 733 735 736 737 743 744 745 746 748 749 750 751 752 756 757 758 759 760 761 762 763 764 765 767 770 771 772 773 774 775 776 777 778 779 780 781 782 783 784 0
1 14 15 16 17 19 20 21 22 23 24 29 30 31 32 33 34 35 36 37 38 39 43 44 46 47 48 49 50 51 52 54 55 57 58 59 60 61 62 63 64 65 66 67 68 69 70 71 72 73 74 75 76 78 79 80 81 82 83 85 86 87 88 89 90 91 92 93 94 95 96 97 99 100 101 102 103 104 107 108 109 110 111 113 114 120 121 122 123 124 125 126 127 128 132 134 135 136 137 138 139 141 142 147 148 149 150 152 155 156 160 161 162 163 164 169 170 171 172 173 174 176 177 178 183 184 185 186 187 188 189 190 191 193 194 195 196 198 199 202 203 204 205 209 210 212 213 216 217 218 219 224 225 226 227 228 231 232 233 234 238 240 241 242 243 244 245 246 247 248 249 252 255 256 257 258 259 260 261 262 263 265 266 268 269 270 271 272 273 274 275 276 277 278 279 280 284 285 286 287 288 289 290 291 292 293 294 296 298 299 300 302 303 304 305 306 307 308 310 315 316 317 318 319 320 321 322 329 331 332 333 335 336 342 343 344 345 346 347 350 352 353 356 358 359 360 364 365 366 367 368 370 371 372 373 374 378 379 380 381 382 383 384 385 386 387 388 389 390 391 392 393 394 395 396 397 398 399 400 401 402 403 404 405 406 407 408 409 410 411 412 416 417 418 419 421 423 424 425 426 427 428 429 430 431 432 433 435 436 437 438 439 440 441 442 443 444 445 447 449 451 452 453 454 455 456 457 458 459 461 462 463 464 465 466 467 468 469 471 472 473 474 475 476 477 479 480 481 482 483 484 485 486 487 488 489 491 492 493 494 495 496 497 498 499 500 501 502 504 505 506 507 510 512 513 514 515 517 520 521 522 523 526 527 528 529 530 531 532 533 534 535 536 537 538 539 540 541 542 543 544 545 547 550 551 552 553 554 555 557 558 559 561 563 564 565 566 567 568 569 570 571 572 573 575 576 577 578 579 580 581 582 583 584 585 586 587 589 590 591 592 593 594 595 596 597 598 599 600 601 602 604 605 606 607 608 609 610 611 612 613 614 615 616 617 618 619 620 621 629 630 631 632 634 635 636 637 638 639 644 645 649 650 651 652 653 654 658 660 661 662 663 664 665 666 667 668 669 670 672 674 675 676 677 678 680 681 682 683 684 685 686 688 689 690 691 692 693 694 695 696 700 701 704 705 706 707 708 709 710 711 712 713 714 716 717 718 719 722 723 724 725 728 730 731 732 735 736 737 738 739 740 741 742 744 745 746 748 749 750 751 753 754 755 756 757 758 759 760 761 762 763 764 765 766 767 768 769 770 771 772 773 775 776 777 778 784 0
1 2 3 4 5 6 7 8 9 10 11 12 13 15 16 17 18 19 20 22 23 24 25 26 27 28 29 31 32 33 34 35 36 37 38 39 40 41 43 45 46 47 48 57 58 59 60 61 62 64 65 66 67 68 69 70 71 72 75 76 77 81 82 83 85 87 88 89 90 93 94 95 96 97 99 103 105 107 108 109 110 112 113 114 115 116 117 118 119 120 121 122 123 124 125 126 128 129 131 132 133 137 138 139 140 141 142 143 144 145 147 151 154 156 157 158 159 160 162 163 164 165 166 167 169 170 172 173 174 175 179 180 182 185 186 187 190 192 193 194 197 198 200 201 206 207 208 209 210 211 212 213 214 215 216 217 218 219 220 221 222 223 224 227 228 230 234 235 236 237 241 243 244 246 247 248 249 250 251 253 254 255 256 257 258 259 260 261 262 263 264 265 266 267 268 269 270 271 272 273 277 278 279 280 283 284 285 288 290 291 292 294 298 301 304 305 306 307 309 311 312 313 314 315 316 317 318 319 320 321 322 326 327 328 329 330 333 334 335 337 338 339 340 341 342 345 346 351 352 353 354 355 356 357 358 359 360 361 362 363 364 365 366 367 368 369 370 371 374 375 376 377 378 380 381 382 383 384 387 389 390 391 392 0
3 4 5 11 12 14 15 16 17 18 19 20 21 22 24 25 26 28 30 31 34 37 38 39 40 41 43 44 45 46 47 48 49 50 51 52 53 54 56 57 58 59 60 61 62 63 64 65 66 67 68 69 70 71 72 73 74 75 76 77 78 79 80 81 82 83 84 86 87 88 89 91 92 93 94 95 96 103 104 105 106 108 110 111 112 113 115 116 117 118 119 120 121 122 123 124 125 126 130 131 132 133 134 135 136 137 138 139 140 141 142 143 144 145 149 150 152 155 157 158 160 161 162 163 164 165 166 167 168 170 171 172 173 174 175 176 177 178 179 180 181 182 187 188 189 193 195 196 197 198 203 204 205 206 207 208 209 210 211 212 213 214 215 216 217 218 220 221 222 223 224 226 227 228 229 230 231 232 233 234 237 239 240 241 242 243 244 246 247 252 253 254 255 256 257 258 259 260 261 262 263 264 265 266 268 269 270 271 272 273 275 277 278 279 280 281 282 283 285 286 287 288 291 294 298 299 301 303 304 306 309 310 311 312 313 315 317 318 319 320 321 322 323 324 325 326 327 329 333 335 336 339 340 341 342 343 344 345 346 347 348 349 350 352 353 354 355 357 358 359 360 361 362 363 364 366 367 368 369 370 371 372 373 374 376 377 378 379 381 382 384 385 386 387 388 389 390 391 392 0
1 2 3 4 5 6 10 11 12 14 15 16 17 21 22 24 27 28 29 30 31 32 33 34 35 36 37 38 39 40 41 42 43 44 45 46 47 48 51 52 56 59 60 61 62 63 64 65 66 67 68 69 70 71 72 74 75 76 79 81 82 83 84 85 86 87 88 89 90 91 92 93 94 95 96 97 98 99 101 102 103 104 105 108 112 113 114 117 118 119 121 122 123 124 126 127 128 130 131 132 134 135 136 137 138 139 140 141 142 143 0
1 3 6 7 8 9 11 14 20 24 29 30 32 0

54
1 2 3 4 5 6 7 8 9 10 11 12 13 14 15 16 17 18 19 20 21 22 23 24 25 26 27 28 29 30 31 32 33 34 35 36 37 38 39 40 41 42 43 44 45 46 47 48 49 50 51 52 53 54 55 56 57 58 59 60 61 62 64 65 67 68 69 70 71 72 73 74 75 76 77 78 79 80 81 82 83 84 85 86 87 88 89 90 91 92 93 94 95 96 97 98 99 100 101 102 103 104 105 106 107 108 109 110 111 112 113 114 115 116 117 118 119 120 121 122 123 124 125 126 127 128 129 130 131 132 133 134 135 136 137 138 139 140 141 142 143 144 145 146 147 148 149 150 151 152 153 154 155 156 157 158 159 160 161 162 163 164 165 166 167 168 169 170 171 172 173 174 175 176 177 178 179 180 181 182 183 184 185 186 187 188 189 190 191 192 193 194 195 196 197 198 199 200 201 202 203 204 205 206 207 208 209 210 211 212 213 214 215 216 217 218 219 220 221 222 223 224 225 226 227 228 229 230 231 232 233 234 235 236 237 238 239 240 241 242 243 244 245 246 247 248 249 252 253 254 255 256 257 258 259 261 262 263 264 265 266 267 268 269 270 271 272 273 274 275 276 277 278 279 280 281 282 283 284 285 286 287 288 289 290 291 293 294 295 296 297 298 299 300 301 302 303 304 305 306 307 308 309 310 311 312 313 314 315 316 317 318 319 320 321 322 323 324 325 326 327 329 330 331 332 333 334 335 336 337 338 339 340 341 342 343 344 345 346 347 348 349 350 351 352 353 354 356 357 358 359 360 361 362 363 364 365 366 367 368 369 370 371 372 373 374 375 376 377 378 379 380 381 382 383 384 385 386 387 388 389 390 391 392 393 394 395 396 397 398 399 400 401 402 403 404 405 406 407 408 409 410 411 412 413 414 415 416 417 418 419 420 421 422 423 424 425 426 427 428 429 430 431 432 433 434 435 436 437 438 439 440 441 442 443 444 445 446 447 448 449 450 451 452 453 454 455 457 458 459 460 461 462 463 464 465 466 467 468 469 470 471 472 473 474 475 476 477 478 479 480 481 482 483 484 485 486 488 489 490 491 492 493 494 495 496 497 498 499 500 501 502 503 504 505 506 507 508 509 510 511 512 513 514 515 516 517 518 519 520 521 522 523 524 525 526 527 528 529 530 531 532 533 534 535 536 537 538 539 541 542 543 544 545 546 547 548 549 550 551 552 553 554 555 556 557 558 559 560 561 562 563 564 565 566 567 568 569 570 571 572 573 574 575 576 577 578 579 581 582 583 584 585 586 587 588 589 590 591 592 593 594 595 596 597 598 599 600 606 607 608 609 616 617 618 619 620 621 624 625 626 627 628 629 630 631 632 633 634 635 636 637 638 639 640 641 642 643 644 645 646 647 648 649 650 651 652 653 655 656 657 658 659 660 661 662 663 664 665 666 669 671 673 674 675 676 677 678 679 680 681 682 683 685 686 688 689 690 691 692 693 694 695 696 697 698 699 700 701 704 705 706 707 708 709 710 711 712 713 714 715 716 720 721 722 723 724 728 729 730 731 732 734 738 739 740 741 742 743 744 745 746 747 748 749 753 754 755 756 759 760 761 764 765 769 770 771 772 773 774 775 776 777 778 779 781 782 783 784 0
1 9 14 15 16 17 18 19 20 21 22 23 24 25 26 27 28 29 30 31 32 33 34 35 36 37 38 39 40 41 42 43 44 45 46 47 48 49 50 51 52 53 54 55 56 57 58 59 60 61 62 63 64 65 66 67 71 72 73 74 75 76 77 78 79 80 82 84 85 86 87 88 89 90 91 92 93 94 95 96 99 100 101 102 103 104 105 106 107 108 109 110 111 113 114 115 116 117 118 121 122 123 124 125 126 127 128 129 132 133 134 135 136 137 138 139 141 142 143 144 145 146 147 148 150 151 152 153 155 156 159 161 162 169 170 171 172 175 177 179 180 181 183 184 185 186 187 188 189 190 191 192 193 194 195 196 197 198 199 200 201 202 203 204 205 206 207 208 209 210 212 213 214 215 216 217 218 221 222 223 224 226 227 228 229 230 231 232 233 234 235 236 237 238 240 241 242 243 244 245 247 248 250 251 252 253 254 255 256 257 258 260 261 262 263 266 267 268 269 270 271 272 273 274 275 276 277 278 279 280 281 282 283 284 285 286 287 288 289 290 291 292 293 294 296 297 298 299 300 301 302 303 304 305 306 308 312 313 314 315 316 317 318 319 320 322 326 327 328 329 330 331 333 334 336 338 339 340 343 344 345 350 352 353 354 356 357 358 362 363 364 366 367 369 370 371 373 375 376 377 378 379 380 381 382 383 384 385 386 387 388 389 390 391 392 393 394 395 396 397 398 399 400 401 402 403 404 405 406 407 410 411 412 413 414 415 416 417 418 419 422 423 426 428 429 430 431 432 435 436 437 438 440 442 443 444 445 446 447 448 449 452 453 454 455 456 457 458 459 460 461 462 463 464 465 467 468 469 470 471 472 473 474 475 476 477 478 479 480 481 482 483 484 486 487 488 489 490 492 493 494 495 496 497 498 499 500 501 502 503 504 506 507 509 510 511 512 513 514 515 516 519 520 521 522 525 526 527 528 529 533 537 538 539 540 541 542 543 544 545 547 548 549 551 552 553 555 556 557 558 559 561 562 563 564 565 566 567 568 569 570 571 572 573 575 576 577 578 579 581 582 583 584 585 586 587 588 589 590 591 592 593 594 595 596 597 598 599 600 601 602 603 604 606 607 608 609 613 614 615 616 618 619 620 621 622 623 624 625 628 629 630 632 633 634 635 636 637 638 639 640 643 644 645 646 647 648 651 652 653 654 655 656 657 658 659 660 661 662 663 665 666 667 669 670 671 672 673 676 677 678 679 680 681 682 683 686 687 690 691 692 693 694 695 696 697 698 699 700 702 703 704 705 706 707 708 709 710 711 712 713 714 716 717 720 721 722 723 724 725 727 728 730 731 733 734 735 736 737 738 739 740 742 744 747 748 751 752 753 754 755 756 758 760 761 762 765 766 767 768 769 770 772 773 774 775 781 782 783 784 0
1 2 3 4 5 6 7 8 9 11 12 13 14 15 16 17 18 19 22 23 24 25 27 29 30 31 32 33 34 35 36 37 38 39 40 42 43 46 47 50 59 60 61 62 64 65 66 67 68 69 70 73 74 75 76 77 80 81 84 85 87 88 89 94 95 96 97 98 99 100 101 103 105 106 107 108 109 110 111 112 113 114 115 116 117 118 119 120 121 122 123 124 126 128 129 130 131 132 133 136 137 138 139 140 142 143 144 147 148 149 152 153 154 155 156 157 158 159 160 161 162 163 164 165 166 167 168 169 170 171 172 173 174 175 178 179 180 182 184 185 186 190 191 192 193 197 198 199 200 202 203 204 205 208 209 210 211 213 214 215 216 218 219 220 221 222 223 224 227 228 229 230 231 233 234 235 236 237 238 240 242 243 246 247 249 250 251 252 253 254 256 257 258 259 260 261 262 264 265 266 267 268 269 270 271 272 276 277 278 279 280 281 283 286 287 288 289 290 291 294 295 296 300 301 302 303 304 307 308 309 310 311 313 314 315 317 318 319 320 321 325 326 328 329 330 332 333 334 337 338 339 340 341 344 345 347 348 350 351 352 353 354 357 358 359 360 361 362 364 366 367 368 369 370 371 373 374 375 376 377 378 380 381 382 383 384 386 387 388 389 390 391 392 0
1 4 5 7 8 9 10 11 12 13 14 15 16 17 18 19 20 21 22 23 24 25 26 27 28 30 31 34 35 36 37 42 43 45 46 47 49 52 53 54 56 57 58 59 62 63 64 65 66 67 68 69 70 72 73 74 75 76 77 80 81 82 83 85 87 89 90 91 92 93 96 99 100 101 102 103 104 105 108 109 110 111 112 114 115 116 117 118 119 120 121 122 123 124 125 126 127 128 129 130 131 132 133 143 144 145 148 149 151 152 153 154 155 156 157 160 161 162 163 164 165 167 168 170 171 172 173 174 175 176 177 178 179 180 181 182 184 185 186 187 188 190 191 192 194 195 197 198 199 200 203 204 205 206 207 208 209 211 212 213 214 215 216 217 218 219 220 221 222 223 227 228 229 231 232 233 235 236 239 240 241 242 243 246 247 249 250 251 252 253 257 258 259 260 261 262 264 265 266 267 268 269 270 271 272 273 274 275 276 277 278 279 280 281 282 283 284 285 286 287 288 289 291 292 293 294 295 296 297 298 299 300 301 302 303 304 305 306 307 308 310 311 312 313 314 315 316 317 318 319 323 324 325 326 327 328 331 332 333 336 339 340 343 344 345 346 347 348 349 351 352 353 355 356 357 358 360 361 362 364 365 366 367 368 370 371 372 373 374 376 377 378 379 380 381 383 384 385 386 388 389 390 392 0
1 2 3 4 5 6 7 8 10 11 12 13 15 16 17 18 19 21 22 23 24 27 30 32 34 35 36 39 43 44 45 46 48 51 52 53 54 56 57 58 60 61 62 63 64 65 67 68 69 70 72 73 74 75 76 78 82 83 84 85 86 87 89 91 93 96 100 102 103 104 105 106 108 109 112 113 114 116 117 118 119 120 123 124 126 127 128 130 132 134 135 136 138 139 140 141 143 144 0
2 8 9 11 13 15 16 17 18 26 27 30 0

55
1 2 3 4 5 6 7 8 9 10 11 12 13 14 15 16 17 18 19 20 21 22 23 24 25 26 27 28 29 30 31 32 33 34 35 36 37 38 39 40 41 42 43 44 45 46 47 49 50 51 52 53 54 55 56 57 58 59 60 61 62 63 64 65 66 67 68 69 70 71 72 73 74 75 76 77 78 79 80 81 82 83 84 85 86 87 88 89 90 91 92 93 94 95 96 97 98 99 100 101 102 103 104 105 106 107 108 109 110 111 112 113 114 115 116 117 118 119 120 121 122 123 124 125 126 127 128 129 130 131 132 134 135 136 137 138 139 140 141 142 143 144 145 146 147 148 149 150 151 152 153 154 155 156 157 158 159 160 161 162 163 164 165 166 167 168 169 170 171 172 173 174 175 176 177 178 179 180 181 182 183 184 185 186 187 188 189 190 191 192 193 194 195 196 197 198 199 200 201 202 203 204 205 206 207 208 209 210 211 212 213 214 215 216 217 218 219 220 221 222 223 224 225 226 227 228 229 230 231 232 233 234 235 236 237 238 239 240 241 242 243 244 246 247 248 249 250 252 253 254 255 256 257 258 259 260 261 263 264 265 266 267 268 270 271 272 273 274 275 276 277 278 279 280 281 282 283 284 285 286 287 288 289 290 291 292 293 294 295 296 297 298 299 300 301 302 303 304 305 306 307 308 309 310 311 312 313 314 315 316 317 318 319 320 321 322 323 324 325 326 327 328 329 330 331 332 333 334 335 336 337 338 339 340 341 342 343 344 345 346 347 348 349 350 351 352 353 354 355 356 357 358 359 360 361 362 363 364 365 366 367 368 369 370 371 372 373 374 375 376 377 378 379 380 381 382 383 384 385 386 387 388 389 390 391 392 393 394 395 396 397 398 399 400 401 402 403 404 405 406 407 408 409 410 411 412 413 414 415 416 417 418 419 420 421 422 423 424 425 426 427 428 429 430 431 432 433 434 435 436 437 438 439 440 441 442 443 444 445 446 447 448 449 450 451 452 453 454 455 456 457 458 459 460 461 462 463 464 465 466 467 468 469 470 471 472 473 474 475 476 477 478 479 480 483 484 485 486 487 488 489 490 491 492 493 494 495 496 497 498 499 500 501 502 503 504 505 506 507 508 509 511 512 513 514 515 516 517 518 519 520 521 522 523 524 525 526 527 528 529 530 531 532 533 534 535 536 537 538 539 540 541 542 543 544 545 546 547 548 549 550 551 552 553 554 556 557 558 559 560 561 562 563 564 565 566 567 568 569 570 571 572 573 574 575 576 577 578 579 580 581 582 583 584 585 586 587 588 589 590 591 592 593 594 595 596 597 598 599 600 601 602 603 604 605 606 607 608 609 611 612 613 614 616 617 618 619 620 621 623 628 630 631 634 635 636 637 638 639 640 641 642 644 645 648 649 651 652 653 654 655 656 659 660 661 662 663 664 665 666 667 668 671 672 673 674 675 676 677 678 679 680 681 682 683 684 685 686 687 688 689 690 691 692 693 694 695 696 697 698 699 700 701 702 703 704 705 706 708 709 710 711 712 713 714 715 719 720 721 722 723 724 725 726 727 728 729 730 731 732 733 734 735 736 737 739 740 741 742 743 744 745 746 748 749 750 752 753 754 755 756 757 758 759 760 761 762 763 764 765 766 767 768 769 770 771 772 773 774 775 776 777 778 779 780 782 783 784 0
1 14 15 16 17 18 19 20 21 22 23 24 25 26 27 29 30 31 32 33 34 35 36 37 38 39 40 41 43 45 46 47 48 49 50 51 53 54 55 57 59 60 62 63 64 65 66 67 68 69 70 71 74 75 76 77 78 79 80 81 82 83 85 86 87 88 89 90 91 92 93 94 95 96 97 99 100 101 102 103 104 105 106 107 108 109 110 111 113 114 115 119 120 121 122 124 125 126 127 128 129 130 133 134 135 136 137 138 139 141 142 147 148 149 151 152 153 155 156 157 159 161 162 163 166 167 168 169 170 171 172 173 174 175 176 177 179 180 181 183 184 185 186 187 188 189 190 191 192 193 194 195 196 197 198 199 200 201 202 203 204 205 206 207 208 209 210 212 213 214 215 216 217 218 219 220 221 222 223 224 226 227 228 229 230 231 232 234 235 236 238 240 241 242 243 244 245 247 248 250 252 255 256 257 258 259 260 261 263 264 265 266 269 270 271 272 273 274 275 276 277 278 279 280 283 284 285 286 287 288 289 290 291 292 294 295 296 297 298 299 300 301 302 303 304 305 306 307 308 310 312 313 314 315 316 317 318 319 320 321 322 324 325 328 329 330 331 332 334 335 336 338 344 345 346 348 349 350 352 357 358 359 362 363 364 366 367 368 370 371 372 373 374 375 376 377 378 379 380 381 382 383 384 385 386 387 388 389 390 391 392 393 394 395 396 397 398 399 400 401 402 403 404 405 406 407 412 413 414 415 416 418 419 421 422 423 426 427 428 430 433 434 436 437 438 439 440 441 442 443 444 445 446 447 448 449 451 452 453 454 455 456 457 458 459 460 461 463 464 465 466 467 468 469 470 471 472 473 474 477 478 479 480 481 482 483 484 485 486 487 488 490 491 492 493 494 495 496 497 498 499 500 501 502 504 505 506 507 508 509 510 511 512 513 514 516 517 520 521 522 525 526 527 528 531 533 535 536 538 540 541 543 544 545 547 549 550 551 552 553 554 556 557 558 559 561 562 563 564 565 566 567 568 569 570 571 572 574 575 576 577 578 579 580 581 583 584 585 586 587 588 589 590 591 592 593 594 595 596 597 598 599 600 601 602 603 604 605 606 607 608 609 610 611 612 613 614 615 616 617 618 621 622 626 627 628 630 631 633 634 635 636 637 641 642 643 644 647 648 649 650 651 652 653 655 656 657 658 661 662 663 664 665 666 667 668 669 670 672 674 675 676 677 678 679 680 681 682 686 688 689 690 691 692 693 694 695 696 697 698 700 701 703 704 706 707 708 712 713 714 715 716 717 718 719 721 722 723 724 725 726 727 728 730 731 732 734 735 736 739 740 741 742 744 745 746 748 749 753 754 755 756 758 759 760 761 762 763 764 765 766 767 768 769 770 771 772 773 776 777 778 779 780 781 782 783 784 0
1 2 3 4 5 6 7 8 9 10 11 15 16 17 18 19 20 21 22 23 24 25 26 27 28 29 31 32 33 34 36 37 38 39 40 41 42 43 45 46 47 50 58 59 60 61 62 63 64 65 66 67 68 69 70 71 72 73 74 75 76 80 82 83 85 87 88 89 93 95 96 97 98 99 100 102 103 104 105 107 108 112 114 115 117 118 119 120 121 122 123 124 125 126 127 128 130 131 132 133 136 137 138 140 141 142 143 144 145 147 154 156 158 162 163 164 165 166 167 168 169 170 171 172 173 175 178 179 180 181 185 186 190 192 193 194 197 198 199 201 202 203 204 205 207 208 209 210 211 212 213 214 215 216 217 218 219 220 221 222 223 224 227 228 229 230 231 234 235 236 237 238 241 242 243 244 246 249 250 251 252 253 254 255 256 257 258 259 260 262 263 264 265 266 268 269 270 271 272 273 274 275 276 277 278 280 284 286 287 288 290 291 294 295 297 301 303 304 305 307 310 313 314 315 316 317 318 319 320 321 322 324 325 327 328 330 333 334 337 338 339 340 341 344 345 348 350 351 352 353 354 355 356 357 358 359 360 361 362 364 366 367 368 369 370 371 374 375 376 377 380 381 382 383 384 387 389 390 392 0
1 3 6 8 9 10 11 14 15 16 17 18 20 21 22 23 24 26 27 29 30 31 34 35 37 40 41 42 43 44 46 47 48 49 51 52 53 54 56 57 58 59 60 62 63 64 66 67 68 69 70 71 72 73 74 75 76 77 80 81 83 84 86 87 88 90 92 93 94 95 96 97 99 100 101 103 105 106 107 109 110 111 112 113 115 116 117 118 119 120 121 124 125 126 128 129 130 131 132 133 138 139 140 141 142 143 144 145 148 149 150 151 152 153 154 155 156 157 158 159 160 161 162 163 164 165 166 167 168 169 170 172 173 174 175 176 177 178 179 180 181 182 185 186 188 189 193 194 195 196 197 198 199 203 204 205 206 207 208 209 212 213 214 215 216 217 218 220 221 222 223 224 225 226 227 228 230 232 234 235 236 237 239 240 241 242 243 244 246 247 251 252 253 255 258 259 260 261 262 263 264 265 266 267 268 269 270 273 274 275 276 277 278 280 281 282 283 284 285 286 287 288 289 292 293 294 295 296 297 298 300 301 302 303 305 306 307 309 310 311 312 313 314 315 316 317 319 320 321 322 323 325 326 327 329 330 331 332 333 335 340 341 343 344 345 346 347 348 349 350 351 352 353 354 355 356 357 358 359 360 361 362 363 364 365 366 367 368 369 370 371 373 374 376 377 378 379 380 381 383 384 385 386 387 388 389 390 391 392 0
1 4 5 6 10 11 15 16 17 18 19 21 22 24 30 31 33 34 35 36 37 38 41 42 43 44 45 46 51 52 53 54 57 58 60 61 62 63 64 67 68 69 70 71 72 73 74 75 76 77 78 79 83 84 85 86 87 89 90 93 94 95 96 97 98 100 101 103 105 106 107 108 111 113 114 116 117 118 119 120 121 122 123 124 125 126 127 128 129 130 131 132 135 138 139 141 142 143 0
2 6 8 10 11 15 16 17 18 19 21 25 26 27 0

56
1 2 3 4 5 6 7 8 9 10 11 12 13 14 15 16 17 18 19 20 21 22 23 24 25 26 27 28 29 30 31 32 33 34 35 36 37 38 39 40 41 42 43 44 45 46 47 48 49 50 51 52 53 54 55 56 57 58 59 60 61 62 63 64 65 66 67 68 69 70 71 72 73 74 75 76 77 78 79 80 81 82 83 84 85 86 87 88 89 90 91 92 93 94 95 96 97 98 99 100 101 102 103 104 105 106 107 108 109 110 111 112 113 114 115 116 117 118 119 120 121 122 123 124 125 126 127 128 129 130 131 132 133 134 135 136 137 138 139 140 141 142 143 144 145 146 147 148 149 150 151 152 153 154 155 156 157 158 159 160 161 162 163 164 165 166 167 168 169 170 171 172 173 174 175 176 177 178 179 180 181 182 183 184 185 186 187 188 189 190 191 192 193 194 195 196 197 198 199 200 201 202 203 204 205 206 207 208 209 210 211 212 213 214 215 216 217 218 219 220 221 222 223 224 225 226 227 228 229 230 231 232 233 234 235 236 238 239 240 241 242 243 245 246 247 248 249 250 251 252 253 254 255 256 257 259 260 261 262 263 264 265 266 267 268 269 270 271 272 273 274 275 276 277 278 279 280 281 282 283 284 285 286 287 288 289 290 291 292 293 294 295 296 297 298 299 300 301 302 303 304 305 306 307 308 309 310 311 312 313 314 315 316 317 318 319 320 321 322 323 324 325 326 327 328 329 330 331 332 333 334 335 336 337 338 339 340 341 342 343 344 345 346 347 348 349 350 351 352 353 354 355 356 358 359 360 361 362 363 364 365 366 367 368 369 370 371 372 373 374 375 376 377 378 379 380 381 382 383 384 385 386 387 388 389 390 391 392 393 394 395 396 397 398 399 400 401 402 403 404 405 406 407 408 409 410 411 412 413 414 415 416 417 418 419 420 421 422 423 424 425 426 427 428 429 430 431 433 434 435 436 437 438 439 440 441 442 443 444 445 446 447 448 449 450 451 452 453 454 455 456 457 458 459 460 461 462 463 464 465 466 467 468 469 470 471 472 473 474 475 476 477 478 479 480 482 483 484 485 486 487 488 489 490 491 492 493 494 495 497 498 499 500 501 502 503 504 505 506 507 508 509 510 511 512 513 514 515 516 517 518 519 520 521 522 523 524 525 526 527 528 529 530 531 532 533 534 535 536 538 539 540 541 542 543 544 545 546 547 548 549 550 551 552 553 554 555 556 557 558 559 560 561 562 563 565 566 567 568 569 570 571 572 573 574 575 576 577 578 579 580 582 583 584 585 586 587 588 591 592 593 595 596 597 598 599 600 601 602 603 604 605 606 610 611 612 613 614 615 616 617 622 623 624 625 626 627 628 629 630 631 632 633 634 635 636 637 638 639 640 641 642 643 644 645 646 647 648 649 650 651 652 653 654 655 656 658 659 660 661 662 663 664 666 667 668 670 672 673 674 675 676 677 678 679 680 681 682 685 686 687 688 689 690 691 692 693 694 696 697 698 699 700 701 702 703 704 705 706 707 708 709 710 711 712 713 714 715 716 717 718 719 720 721 722 723 724 725 726 727 728 729 730 731 732 733 734 735 736 737 739 740 741 742 743 744 745 746 747 748 749 750 751 754 755 756 757 758 759 760 761 762 763 764 766 768 769 770 771 772 773 774 775 776 777 779 780 781 782 0
1 8 9 10 11 14 15 16 17 18 19 20 21 22 23 24 25 26 27 28 29 31 32 33 34 35 36 37 38 39 40 41 42 43 44 45 46 47 48 49 50 51 52 53 54 55 56 57 58 59 60 61 62 63 64 65 66 67 68 69 70 71 72 73 74 75 76 77 78 79 80 81 82 85 86 87 88 89 90 91 92 93 94 95 97 98 99 100 101 102 103 105 106 107 108 110 111 112 113 114 115 116 117 118 119 120 121 122 123 124 125 126 127 128 129 130 131 132 133 134 135 136 137 138 139 140 141 142 144 145 146 147 148 149 150 151 152 153 154 155 156 157 158 159 160 161 162 163 164 165 166 167 168 169 170 171 172 173 174 175 176 177 179 180 181 183 184 185 186 187 188 189 190 191 192 193 194 195 196 197 198 199 200 201 202 203 204 205 206 207 208 209 210 212 213 214 215 216 217 218 219 220 221 222 224 228 229 230 231 233 234 235 236 238 241 242 243 244 245 246 247 248 249 250 251 252 254 255 256 257 258 259 260 261 262 263 264 265 266 268 269 271 272 273 274 275 276 277 278 279 280 282 283 285 286 287 288 289 290 291 292 293 294 296 297 298 299 300 301 302 303 304 305 306 307 308 310 311 312 313 314 315 316 317 318 320 321 322 324 325 326 328 329 330 331 332 333 334 335 336 338 339 340 341 342 343 344 345 346 347 348 349 350 352 354 355 356 357 358 359 360 362 363 364 366 368 369 370 371 372 373 375 376 377 378 379 380 381 382 383 384 385 386 387 388 389 390 391 392 393 394 395 396 397 398 399 400 401 402 403 404 405 406 408 410 411 412 414 415 416 417 418 419 420 422 423 424 426 427 428 429 430 432 433 434 435 436 437 439 440 441 442 443 444 445 446 447 448 449 452 453 454 455 456 457 458 459 460 461 463 464 465 466 467 468 469 470 471 473 474 475 478 479 480 481 482 483 484 485 486 487 488 489 490 491 494 495 496 497 498 499 500 502 504 506 507 509 510 511 512 513 514 516 517 519 522 523 524 525 526 527 528 529 530 531 532 533 534 536 537 538 539 540 542 543 544 545 546 547 548 549 550 551 552 553 555 556 557 558 560 561 562 563 564 565 566 567 568 569 570 571 572 573 576 577 578 579 580 581 582 583 584 585 586 587 589 590 591 592 593 594 595 596 597 598 599 600 601 602 603 604 609 610 611 612 614 615 616 618 619 620 622 624 625 626 627 628 630 632 633 636 637 638 639 640 641 642 643 644 646 647 648 649 650 651 652 653 654 655 656 657 658 659 662 663 664 665 666 668 669 670 671 672 674 675 676 677 678 679 680 681 682 683 685 686 687 690 691 692 693 694 695 699 700 702 703 705 706 707 708 712 713 714 715 716 718 719 720 721 722 723 724 727 728 729 730 731 732 733 734 735 736 737 738 739 740 741 742 743 744 745 746 747 748 749 750 751 753 756 758 759 760 761 762 763 764 767 768 770 771 772 773 774 775 776 778 779 780 781 784 0
1 2 3 4 5 6 7 8 9 11 12 13 14 15 16 17 18 19 20 21 22 23 24 25 26 27 28 29 30 31 32 33 34 36 37 38 39 40 41 42 43 44 45 46 47 48 49 54 55 56 59 60 61 62 63 64 65 66 67 68 69 70 72 73 74 75 76 77 78 80 81 82 83 84 85 86 87 88 89 91 93 94 95 96 97 99 100 101 104 105 106 107 108 109 110 111 112 113 114 115 116 117 118 119 120 121 122 123 124 125 126 127 128 129 130 131 132 133 134 135 136 137 138 140 141 142 143 144 145 147 152 153 157 158 159 160 161 162 163 164 165 166 167 168 169 170 171 172 173 175 176 177 178 179 180 181 184 185 186 187 188 190 191 192 193 194 197 198 200 201 202 203 206 207 208 209 210 211 212 213 214 216 217 219 220 221 222 223 224 225 227 228 229 230 231 232 233 234 235 236 237 238 239 240 241 242 243 244 245 246 247 248 250 251 255 256 257 258 259 260 261 262 263 264 265 266 267 268 269 270 271 272 273 274 276 277 278 279 280 281 282 283 284 285 286 287 289 290 291 292 298 299 301 305 306 307 308 309 310 311 312 313 314 315 316 317 318 319 320 321 322 323 324 325 326 327 329 330 331 332 333 334 336 337 338 339 340 341 342 347 348 349 350 352 353 354 355 356 357 358 359 360 361 362 363 364 366 367 368 369 370 371 372 373 374 375 376 377 379 380 381 382 383 384 386 387 388 389 390 391 392 0
1 3 4 5 6 7 8 9 13 14 15 16 17 18 19 20 22 23 24 25 26 27 28 31 32 33 34 35 36 37 38 39 41 42 43 44 45 46 47 48 49 51 52 53 54 55 56 57 58 60 61 62 63 64 65 66 67 68 69 70 71 72 73 74 75 76 77 78 79 80 81 83 84 85 87 88 90 91 92 93 94 95 96 97 99 100 101 102 103 104 105 106 107 109 110 111 112 114 115 116 117 118 119 121 122 124 125 126 127 128 130 131 132 134 136 137 138 139 140 141 142 143 144 145 146 147 149 150 151 152 153 154 155 158 159 160 161 162 163 165 166 167 168 169 170 171 172 173 174 175 176 177 178 179 180 181 182 183 184 186 187 188 189 190 191 192 193 194 195 196 197 198 200 201 202 203 204 205 206 207 208 209 210 211 212 213 214 215 217 218 219 220 221 222 223 225 226 227 228 229 230 231 233 235 236 237 238 239 240 242 244 246 247 250 251 252 253 254 255 256 257 258 259 261 262 263 264 265 266 267 268 269 270 271 273 274 275 276 277 278 279 280 281 282 283 284 286 287 288 289 290 291 293 294 295 296 297 300 301 302 303 304 305 306 307 308 310 311 312 313 314 315 316 317 318 319 320 322 323 324 325 326 327 328 329 330 331 332 333 334 335 336 337 338 339 340 341 342 343 344 345 346 347 348 349 350 351 352 354 355 356 357 358 360 361 362 363 364 365 367 368 369 370 371 372 373 374 376 377 378 379 380 381 382 383 384 385 386 387 388 389 390 391 392 0
1 2 3 4 5 6 7 8 9 11 12 13 14 15 16 17 18 19 20 21 22 24 25 26 27 28 29 30 33 34 35 36 37 39 41 42 44 45 46 47 48 50 51 52 53 54 56 57 58 59 60 61 62 63 64 65 66 67 68 69 71 74 75 76 77 78 79 80 81 83 84 85 86 87 89 90 91 92 93 94 95 96 98 100 102 104 105 106 107 108 110 111 112 114 115 117 118 119 120 121 122 123 124 125 126 127 128 129 131 132 133 134 135 137 139 141 142 143 144 0
1 3 7 9 10 12 13 14 16 19 20 21 24 25 26 27 28 30 31 0

57
1 2 3 4 5 6 7 8 9 10 11 12 13 14 15 16 17 18 19 20 21 22 23 24 25 26 27 28 29 30 31 32 33 34 37 38 39 40 41 42 43 44 45 46 47 48 49 50 51 52 53 54 55 56 57 58 59 60 61 62 63 64 65 66 67 68 69 70 71 72 73 74 75 76 77 78 79 80 81 82 83 84 85 86 87 88 89 90 91 92 93 94 95 96 97 98 99 100 102 103 104 105 106 107 108 109 110 111 112 113 114 115 116 117 118 119 120 121 122 123 124 125 126 127 128 129 130 131 132 133 134 135 136 137 138 139 140 141 142 143 144 145 146 147 148 149 150 151 153 154 155 156 157 158 159 160 161 162 163 164 165 166 167 168 169 170 171 172 173 174 175 176 177 178 179 180 181 182 183 184 185 186 187 188 189 190 191 192 193 194 195 196 197 198 199 200 201 202 203 204 205 206 207 208 209 210 211 212 213 214 215 216 217 218 219 220 221 222 223 224 225 226 227 228 229 230 231 233 234 236 237 238 239 240 241 242 243 244 245 246 247 248 249 251 252 253 254 255 257 258 259 260 261 262 263 264 265 266 267 268 269 270 271 272 273 274 275 276 277 278 279 280 281 282 283 284 285 286 287 288 289 290 291 292 293 294 295 296 297 298 299 300 301 302 303 304 305 306 307 308 309 310 311 312 313 314 315 316 317 318 319 320 321 322 323 324 325 326 327 328 329 330 331 332 333 334 335 336 337 338 339 340 341 342 343 344 345 346 347 348 349 350 351 352 353 354 355 356 357 358 359 360 361 362 363 364 365 366 367 368 369 370 371 372 373 374 375 376 377 378 379 380 381 382 383 384 385 386 387 388 389 390 391 392 393 394 395 396 397 398 399 400 401 402 403 404 405 406 407 408 409 410 411 412 413 414 415 416 417 418 419 420 421 422 423 424 425 426 427 428 430 432 433 434 435 436 437 438 439 440 441 442 443 444 445 446 447 448 449 450 451 452 453 454 455 456 457 458 459 460 461 462 463 464 465 466 467 468 469 470 471 472 473 474 475 476 477 478 479 480 481 482 483 484 485 486 487 488 489 490 491 492 493 494 495 496 497 498 499 500 502 503 504 505 506 507 508 509 510 511 512 513 514 515 516 517 518 519 520 521 522 523 524 525 526 527 528 529 530 531 532 533 534 535 536 537 538 539 540 541 542 543 544 545 546 547 548 549 550 551 552 553 554 555 556 557 558 559 560 561 562 563 564 565 566 567 568 569 570 571 572 573 574 575 576 577 578 579 580 581 582 583 584 585 586 587 588 603 604 612 613 614 615 616 617 618 619 620 621 623 624 628 630 631 632 633 635 636 637 638 639 640 641 642 643 645 646 647 648 649 650 651 652 653 654 655 656 657 658 659 660 661 662 663 664 665 666 667 668 669 670 671 672 673 675 676 677 678 679 681 682 683 684 685 686 687 689 690 691 692 693 694 695 696 697 698 699 700 701 702 703 704 705 706 707 709 710 711 712 713 714 715 716 717 718 719 720 721 722 723 724 725 726 727 728 729 730 731 732 733 734 735 736 737 738 739 740 743 744 745 746 747 748 749 750 751 752 756 757 758 759 760 761 762 763 764 765 766 768 770 771 772 777 778 779 780 781 782 784 0
1 14 15 16 17 18 19 20 21 22 23 24 25 29 30 31 32 34 35 36 37 38 40 43 44 45 47 48 49 50 51 52 53 54 55 57 58 59 60 61 62 63 64 65 66 67 68 69 71 72 74 75 76 77 78 79 81 82 83 84 85 87 88 89 90 91 92 95 96 97 98 99 100 101 102 103 104 105 106 107 108 109 110 111 112 113 114 115 116 117 118 119 120 121 122 123 124 125 126 127 128 129 130 131 132 133 134 135 136 137 138 139 140 141 142 143 144 146 147 148 149 150 151 152 153 154 155 156 157 158 159 160 161 162 163 164 165 166 169 170 171 174 175 176 177 183 184 185 186 187 188 189 190 191 192 193 194 195 198 204 210 215 216 219 224 226 227 228 229 230 231 232 233 234 235 238 240 241 242 243 244 245 246 247 248 249 252 254 255 256 257 258 259 260 261 262 263 264 266 268 269 270 271 272 273 274 275 276 277 278 279 280 283 285 286 287 288 289 290 291 292 293 294 296 297 298 299 300 301 302 303 304 305 306 307 308 311 312 313 314 315 316 317 318 319 320 321 322 324 325 326 327 328 329 332 333 334 335 336 337 338 340 341 342 343 344 345 346 347 348 349 350 351 352 354 355 356 357 358 359 360 361 362 363 364 366 369 370 371 372 373 374 375 376 378 379 380 381 382 383 384 385 386 387 388 389 390 391 392 393 394 395 396 397 398 399 400 401 402 403 404 405 406 408 409 411 412 413 414 415 416 417 418 419 421 422 423 424 425 426 427 428 429 430 432 433 435 438 439 440 441 442 443 444 445 447 450 452 453 454 455 456 457 458 459 460 461 463 464 465 466 467 468 469 470 471 472 473 474 475 476 477 478 480 481 482 483 484 485 486 487 488 489 490 492 493 494 495 496 497 499 500 501 502 503 504 505 506 507 508 509 511 512 513 514 515 516 517 518 519 521 523 524 525 527 528 529 530 531 532 533 535 536 537 538 539 540 541 542 543 544 547 551 552 553 554 555 556 557 558 561 563 564 565 566 567 568 569 570 571 573 575 576 577 578 579 581 582 583 584 585 586 587 589 590 591 592 593 594 595 596 597 598 599 600 601 602 604 605 606 607 608 609 615 616 618 619 622 623 630 631 632 633 634 635 636 637 638 639 640 642 644 645 646 648 649 650 651 652 653 654 655 656 658 662 663 664 665 666 667 668 669 670 672 673 674 675 676 677 678 679 680 681 682 683 686 688 689 690 691 693 695 696 697 698 699 700 702 703 704 705 706 707 708 709 710 711 712 713 714 716 717 718 720 723 724 725 726 727 728 729 730 731 732 733 734 735 736 737 738 739 740 742 743 744 745 746 747 748 749 750 751 752 753 756 757 758 759 760 761 762 763 764 765 766 769 770 771 772 777 778 779 780 781 784 0
1 2 3 6 7 8 10 11 12 13 15 16 17 18 19 20 21 22 23 24 25 26 27 28 29 30 31 32 33 34 35 36 38 39 40 41 42 43 44 46 47 48 52 53 54 55 57 59 60 61 62 65 66 67 68 69 70 71 72 73 75 76 77 78 79 80 81 82 83 84 85 86 87 88 89 90 91 94 95 96 97 99 101 102 103 104 105 106 107 108 109 110 112 113 114 115 117 118 119 121 122 123 124 125 126 127 128 129 130 131 132 133 134 135 136 137 138 139 140 141 142 143 144 145 146 147 150 154 157 158 159 160 163 164 165 166 167 168 169 170 171 173 174 175 176 177 179 180 181 182 183 184 185 186 188 189 190 191 192 193 194 195 197 198 199 200 201 206 207 208 209 210 212 213 214 215 216 217 218 219 220 221 222 223 224 225 226 227 228 229 230 231 232 233 234 235 236 237 238 241 242 243 244 245 246 247 248 249 250 251 255 256 257 258 259 261 262 263 264 265 266 268 269 270 271 272 273 275 276 277 278 279 280 282 283 284 285 286 287 288 289 290 291 292 293 294 297 298 301 302 303 304 305 306 307 311 312 313 314 315 317 318 319 320 321 322 323 324 325 326 327 328 329 330 331 332 333 334 335 336 337 339 340 341 342 343 346 351 352 353 354 355 356 357 358 359 360 361 362 363 364 365 366 367 368 371 372 373 374 375 376 377 378 379 380 381 382 385 387 388 389 390 391 392 0
2 3 4 9 10 11 14 15 16 17 18 19 20 21 22 23 24 25 26 27 28 29 30 31 32 33 34 35 36 37 38 40 42 43 44 45 46 47 48 49 50 51 52 53 54 56 57 58 59 60 61 62 63 64 65 66 67 68 69 70 71 72 73 74 75 76 79 80 81 82 83 84 85 86 87 88 89 90 92 93 94 95 96 97 98 104 105 106 107 108 109 110 111 112 113 115 116 117 118 119 120 121 123 124 125 126 127 128 129 130 131 132 133 134 135 136 137 138 139 140 141 142 143 144 145 146 147 149 150 151 152 154 155 156 158 160 161 162 163 164 165 167 168 169 170 171 172 173 174 175 176 177 178 179 180 181 182 183 184 185 186 187 188 189 190 191 192 193 195 196 197 198 200 201 202 203 204 205 206 207 208 209 210 212 213 214 215 216 217 218 219 220 221 222 223 224 225 226 227 228 229 230 231 232 233 234 235 236 237 238 239 241 242 243 244 245 246 247 248 252 253 255 256 259 260 262 263 264 265 266 269 270 271 273 274 275 276 277 278 279 280 281 282 283 284 285 287 288 289 290 291 292 293 294 297 298 299 301 302 304 306 308 311 312 313 315 316 317 318 319 320 321 322 323 324 325 326 327 328 329 330 332 333 334 335 336 337 338 339 340 341 342 343 344 345 346 347 348 349 350 351 353 354 355 356 357 358 360 361 362 363 364 366 367 368 369 370 371 374 375 376 377 378 380 381 382 383 384 385 386 387 389 390 391 392 0
1 2 4 5 6 8 9 10 11 12 13 14 15 16 18 20 21 23 24 25 26 27 29 30 31 32 33 34 35 36 37 38 39 40 41 42 43 44 46 47 48 49 50 51 53 54 55 56 58 60 61 62 64 66 67 68 69 70 71 72 76 77 78 80 81 82 83 84 85 86 87 88 89 90 91 93 94 95 96 98 99 101 102 103 104 105 106 107 108 109 111 112 113 115 116 118 119 120 121 122 125 126 127 128 131 132 133 134 136 137 138 139 140 141 142 144 0
1 3 4 5 11 12 14 16 17 19 21 22 23 24 27 28 29 30 31 32 0

58
1 2 3 4 5 6 7 8 9 10 11 12 13 14 15 16 17 18 19 20 21 22 23 24 25 26 27 28 29 30 31 32 33 34 35 36 37 38 39 40 41 42 43 44 45 46 47 48 49 50 51 52 53 54 55 56 57 58 59 60 61 62 63 64 65 66 67 68 69 70 71 72 73 74 76 77 78 79 80 81 82 83 84 85 86 87 88 89 90 91 92 93 94 95 96 97 98 99 100 101 102 103 104 105 106 107 108 109 110 111 112 113 114 115 116 117 118 119 120 121 122 123 124 125 126 127 128 129 130 131 132 133 134 135 136 137 138 139 140 141 142 143 144 145 146 147 148 149 150 151 152 153 154 155 156 157 158 159 160 161 162 163 164 165 166 167 168 169 170 171 172 173 174 175 176 177 178 179 180 181 182 183 184 185 186 187 188 189 190 191 192 193 194 195 196 197 198 199 200 201 202 203 204 205 206 207 208 209 210 211 212 213 214 215 216 217 218 219 220 221 222 223 224 225 226 227 228 229 230 231 232 233 234 235 236 237 238 239 240 241 242 243 244 245 246 247 248 249 250 251 252 253 254 255 256 257 258 259 260 261 262 263 264 265 266 267 268 269 270 271 272 273 274 275 276 277 278 279 280 281 282 283 284 285 286 288 289 290 291 292 293 294 295 296 297 298 299 300 301 302 303 304 305 306 307 308 309 310 311 312 313 314 315 316 317 318 319 320 321 322 323 324 325 326 327 328 330 331 332 333 334 335 336 337 338 339 340 341 343 344 345 346 347 348 349 350 351 352 353 354 355 356 357 358 359 360 361 362 363 364 365 366 367 368 369 370 371 372 373 374 375 376 377 378 379 380 381 382 383 384 385 386 387 388 389 390 391 392 393 394 395 396 397 398 399 400 401 402 403 404 405 406 407 408 409 410 411 412 413 414 415 416 417 418 419 420 421 422 423 424 425 426 427 428 429 430 431 432 433 434 435 436 437 438 439 440 441 442 443 444 445 446 447 448 449 450 451 452 453 454 455 456 457 458 459 460 461 462 463 464 465 466 467 468 469 470 471 472 473 474 475 476 477 478 479 480 481 482 483 484 485 486 487 488 489 490 491 492 493 494 495 496 497 498 499 500 501 502 503 504 505 506 507 508 509 510 511 513 514 515 516 517 518 519 520 521 522 523 524 525 526 527 528 529 530 531 532 533 534 535 536 537 538 539 540 541 542 543 544 545 546 547 548 549 550 551 553 554 555 556 557 558 559 560 561 562 563 564 565 566 567 568 569 570 571 572 573 574 575 576 577 578 579 580 581 582 583 584 585 586 587 588 589 590 591 592 593 594 595 596 597 598 599 600 601 602 603 604 605 606 607 608 609 610 611 612 613 615 616 617 618 619 620 621 622 627 628 629 630 631 634 635 636 638 639 640 641 644 645 649 650 651 652 653 654 655 659 660 663 664 665 666 667 668 669 672 673 674 675 676 677 678 679 680 681 682 683 684 685 686 687 688 689 690 691 692 693 694 695 696 699 700 701 702 703 704 705 706 707 708 709 710 711 712 713 714 715 716 717 720 721 722 724 725 726 727 728 729 730 734 735 736 738 739 740 741 742 743 744 745 747 748 749 750 751 752 753 754 755 756 757 758 759 760 761 762 763 764 765 769 770 771 772 773 774 775 776 777 778 779 780 781 782 783 784 0
1 6 7 14 15 16 17 18 19 20 21 22 23 24 25 26 27 29 30 31 32 33 34 35 36 37 38 39 40 41 42 43 44 47 48 49 50 51 52 53 57 58 61 62 63 65 66 67 68 71 72 73 74 76 77 78 79 80 81 83 85 86 87 89 90 91 92 93 94 95 96 97 98 99 100 101 102 103 104 105 106 107 108 109 110 111 113 114 115 116 117 118 119 120 121 122 123 124 125 126 127 128 129 132 133 134 135 136 137 138 139 140 141 142 143 146 147 148 149 151 152 153 154 155 156 157 159 160 161 162 165 166 167 168 169 170 171 172 173 174 175 176 177 178 179 180 181 182 183 184 185 186 187 188 189 190 191 192 193 194 195 196 197 198 199 200 201 202 203 204 205 206 207 208 209 210 212 213 214 215 216 217 218 219 220 221 222 223 224 226 227 228 229 230 231 232 234 237 238 240 241 242 243 244 245 246 247 248 249 252 254 257 259 260 261 262 263 266 268 272 273 274 275 276 277 278 280 281 282 283 285 286 287 288 289 290 291 292 293 294 295 296 297 299 300 301 302 303 304 305 307 308 310 311 312 313 314 315 316 317 318 319 320 321 322 324 325 329 330 331 332 334 335 336 338 339 340 343 344 345 347 348 349 350 352 353 354 355 357 358 359 360 361 362 363 364 365 366 367 369 370 371 372 373 374 375 376 377 378 379 380 381 382 383 384 385 386 387 388 389 390 391 392 393 394 395 396 397 398 399 400 401 402 403 404 405 406 408 409 410 411 412 415 416 417 418 420 421 422 425 427 428 429 430 431 432 433 434 435 436 437 438 439 440 441 442 443 444 445 447 449 450 451 453 454 455 456 457 458 459 460 461 463 464 465 467 468 470 471 472 473 474 475 477 480 481 482 483 484 485 486 487 490 491 494 495 496 497 498 499 500 501 502 503 505 506 507 508 510 511 512 513 515 516 517 520 521 523 524 525 526 527 528 532 533 534 535 537 538 539 540 542 543 544 545 546 547 550 551 552 553 554 555 556 557 558 559 560 561 562 563 564 565 566 567 568 571 572 573 575 576 577 578 579 580 581 582 583 584 585 586 587 588 589 590 591 592 593 594 595 596 597 598 599 600 601 602 603 604 605 606 607 608 609 610 611 612 613 616 617 618 619 620 622 623 624 629 630 631 632 633 634 636 637 638 639 643 644 646 647 649 650 651 652 653 654 655 656 657 658 660 661 663 664 665 666 667 669 671 672 674 675 676 677 678 679 680 681 684 685 686 687 688 689 690 691 692 693 694 695 696 697 700 701 704 705 706 707 708 709 710 712 713 714 715 716 717 718 719 723 725 726 727 728 730 731 734 735 736 739 740 741 742 743 744 745 747 748 749 752 753 756 757 758 759 760 761 762 763 765 766 767 768 769 770 771 772 773 774 775 776 777 778 779 780 781 782 783 784 0
1 2 3 4 5 6 7 8 9 10 11 12 13 15 16 17 18 19 20 21 22 23 24 25 26 27 28 29 30 31 32 33 34 35 36 37 38 40 41 43 45 46 47 49 57 59 60 61 62 66 67 68 69 71 72 73 74 75 76 79 80 81 82 83 85 87 88 89 91 93 94 95 96 97 98 99 100 101 104 105 109 110 112 115 116 117 118 119 120 121 122 123 124 125 126 127 128 129 130 131 132 133 136 137 138 140 141 142 143 144 145 147 149 150 154 159 160 163 164 165 166 167 168 169 170 171 172 173 174 175 177 178 179 180 181 185 186 188 190 191 192 193 197 199 200 201 202 203 205 206 208 209 212 213 214 215 216 219 220 221 222 223 225 226 227 228 229 230 231 233 234 235 236 237 238 240 241 242 243 244 246 247 248 249 250 251 252 253 255 256 257 258 260 261 262 263 264 265 266 267 268 269 270 271 272 273 274 275 276 277 280 281 282 283 284 286 287 288 289 290 291 293 294 298 301 304 305 306 309 311 312 313 314 316 317 318 319 320 321 324 325 327 328 329 330 333 334 336 337 338 340 341 345 350 352 353 354 357 359 360 361 363 364 365 366 367 368 369 370 371 374 375 376 377 380 381 383 384 386 387 388 389 390 391 392 0
1 15 16 17 18 19 21 22 23 24 25 26 27 28 31 32 34 35 37 40 42 43 45 46 48 49 50 52 53 54 56 57 58 59 61 63 64 65 67 68 69 70 71 72 73 75 76 77 78 79 80 81 83 85 87 88 89 90 92 93 94 95 96 97 98 99 100 101 102 104 105 106 108 111 112 113 114 115 118 119 121 123 125 126 127 128 129 130 131 132 133 134 138 140 141 142 143 144 145 147 149 150 151 152 154 155 156 157 158 160 161 163 165 166 167 168 170 171 172 173 174 175 176 177 178 179 180 181 182 183 185 186 188 192 193 194 195 196 197 198 199 200 201 203 204 205 206 207 208 209 211 213 214 215 216 218 219 220 221 222 223 224 225 226 227 228 229 230 232 234 235 236 237 238 239 240 241 242 243 244 246 247 248 252 253 254 258 259 260 261 262 263 264 265 266 267 268 269 270 273 274 275 276 277 278 280 281 282 283 284 285 286 287 288 289 292 293 294 295 297 298 299 301 302 303 304 305 306 308 309 310 311 312 313 315 317 318 319 320 322 323 324 325 326 327 330 331 333 334 339 340 341 343 344 345 346 347 348 349 350 351 352 353 354 355 356 357 359 360 361 363 364 365 366 367 368 369 370 371 374 375 376 377 378 379 380 381 383 384 385 386 388 389 390 391 392 0
1 4 5 6 7 9 11 16 17 18 19 21 22 23 24 28 30 31 33 35 36 37 40 43 44 45 49 50 52 53 54 55 58 60 61 62 64 65 67 68 69 70 74 77 78 82 84 87 95 96 97 98 100 102 104 105 106 107 108 115 116 117 119 122 124 127 128 129 130 131 132 134 135 140 142 143 0
2 8 16 17 18 25 26 32 0

59
1 2 3 4 5 6 7 8 9 10 11 12 13 14 15 16 17 18 19 20 21 22 23 24 25 26 27 28 29 30 31 32 33 34 35 36 38 39 40 41 42 43 44 45 46 47 48 49 51 52 53 54 55 56 57 58 59 60 61 62 63 64 65 66 67 68 69 70 71 72 73 74 75 76 77 78 79 80 81 82 83 84 85 86 87 88 89 90 91 92 93 94 95 96 97 98 99 100 101 102 103 104 105 106 107 108 109 110 111 112 113 114 115 116 117 118 119 120 121 122 123 124 125 126 127 128 129 130 131 132 133 134 135 136 137 138 139 140 141 142 143 144 145 146 147 148 149 150 151 152 153 154 155 156 157 158 159 160 161 162 163 164 165 166 167 168 169 170 171 172 173 174 175 176 177 178 179 180 181 182 183 184 185 186 187 188 189 190 191 192 193 194 195 196 197 198 199 200 201 202 203 204 205 206 207 208 209 210 211 212 213 214 215 216 217 218 219 220 221 222 223 224 225 226 227 228 230 231 232 233 234 235 236 237 238 239 240 241 242 243 245 246 247 248 249 250 251 252 253 254 255 256 257 258 259 260 261 262 263 264 265 266 267 268 269 270 271 272 273 274 275 276 277 278 279 280 281 282 283 284 285 286 288 289 290 291 292 293 294 295 296 297 298 299 300 301 302 303 304 305 306 307 308 309 310 311 312 313 314 315 316 317 318 319 320 321 322 323 324 325 326 327 328 329 330 331 332 333 334 335 336 337 338 339 340 341 342 343 344 345 346 347 348 349 350 351 352 353 354 355 356 357 358 359 360 361 362 363 364 365 366 367 368 369 370 371 372 373 374 375 376 377 378 379 380 381 382 383 384 385 386 387 388 389 390 391 392 393 394 395 396 397 398 399 400 401 402 403 404 405 406 407 408 409 410 411 412 413 414 415 416 417 418 419 420 421 422 423 424 425 426 427 428 429 430 431 432 433 434 435 436 437 438 439 440 441 442 444 445 446 447 448 449 450 451 452 453 454 455 456 457 458 459 460 461 462 463 464 465 466 467 468 469 470 471 472 473 474 475 476 477 478 479 480 481 482 483 484 485 486 487 488 489 490 491 492 493 494 495 496 497 498 499 500 501 502 503 504 505 506 507 508 509 510 511 512 513 514 515 516 517 518 519 520 521 522 523 524 525 526 527 528 529 530 531 532 533 534 535 536 537 538 539 540 541 542 543 544 545 546 547 548 549 550 551 552 553 554 555 556 557 558 559 560 561 562 563 564 565 566 567 568 569 570 571 572 573 574 575 576 577 578 579 580 581 582 583 584 585 586 587 588 589 590 591 592 593 602 603 604 609 610 611 612 613 614 615 616 617 618 619 620 621 622 623 624 625 626 628 629 630 631 632 633 634 635 636 638 639 640 641 642 643 644 645 646 647 648 649 650 651 652 653 654 655 656 657 658 659 660 661 662 663 664 665 666 667 668 669 670 671 672 673 674 675 676 677 678 679 680 681 682 683 684 685 689 690 691 692 693 694 695 696 697 698 699 700 701 703 704 705 706 707 708 709 710 711 712 713 714 715 716 717 718 719 720 721 723 724 725 726 727 728 729 730 731 732 733 734 736 737 738 739 741 743 744 745 746 747 748 750 751 752 753 756 757 758 759 760 761 762 763 764 765 766 768 772 773 774 775 776 777 778 779 780 781 782 783 784 0
1 14 15 16 17 18 19 20 21 22 23 24 25 26 27 28 29 30 31 32 33 34 35 36 37 38 39 40 41 42 43 44 45 46 47 48 49 51 52 53 54 55 56 57 58 59 60 61 62 64 65 66 67 69 70 71 72 74 75 76 77 78 79 80 81 83 85 86 87 88 89 90 91 92 93 94 95 96 97 98 99 100 101 102 103 104 105 106 107 108 109 110 111 112 113 114 115 116 117 118 119 120 121 122 123 124 125 127 128 129 130 131 132 133 134 135 136 137 138 139 140 141 142 143 144 145 146 147 148 149 150 151 153 155 156 157 158 159 160 161 162 163 164 165 167 169 170 171 172 173 174 175 176 177 183 184 185 186 187 188 189 190 191 192 193 194 195 196 197 198 199 200 201 202 205 206 207 208 209 210 212 213 214 215 216 217 218 219 220 222 223 224 225 226 227 228 229 231 232 234 235 236 237 238 240 241 242 243 247 248 249 250 251 252 254 255 256 257 258 259 260 261 262 263 265 266 268 269 270 271 272 273 274 275 276 277 279 280 282 283 284 285 286 287 288 289 290 291 293 294 297 298 299 300 301 302 303 304 305 306 307 308 312 313 314 315 316 317 318 319 320 321 322 324 327 328 329 330 331 332 333 335 336 338 339 340 341 342 343 345 346 347 350 352 353 354 355 357 358 359 360 361 364 366 367 368 369 370 371 372 373 374 375 378 379 380 381 382 383 384 385 386 387 388 389 390 391 392 393 394 395 396 397 398 399 400 401 402 403 404 405 406 407 408 410 411 412 413 414 415 420 421 422 423 424 425 427 428 429 430 431 433 434 435 437 439 440 442 443 444 445 446 447 448 451 452 453 454 455 456 457 458 459 460 461 462 463 464 465 467 469 470 471 473 474 475 480 481 482 483 484 485 489 491 493 494 495 496 497 498 499 503 504 505 506 507 508 509 510 511 512 513 514 515 517 518 519 521 522 523 524 525 526 528 529 530 531 533 535 536 537 538 539 540 541 542 543 544 545 546 547 551 552 553 554 555 556 557 558 559 561 562 563 564 565 566 567 568 569 570 572 573 575 576 577 578 579 581 582 583 584 585 586 587 588 589 590 591 592 593 594 595 596 597 598 599 600 601 602 603 606 607 610 611 613 615 616 617 618 620 622 623 624 625 626 627 628 630 631 632 633 634 635 636 638 639 640 641 642 644 647 648 649 650 651 652 653 654 655 657 658 659 660 661 662 664 665 666 667 668 671 672 673 674 675 676 677 678 679 680 681 682 683 684 685 686 687 688 689 690 691 692 693 694 695 696 697 699 700 701 702 703 704 705 706 707 708 709 711 713 714 716 717 718 719 720 721 722 723 724 725 726 727 728 730 731 732 733 734 735 736 737 738 739 741 742 743 745 746 747 748 749 750 751 752 753 754 755 756 757 758 760 761 762 763 764 765 766 769 770 772 773 774 775 776 777 778 779 780 784 0
1 2 3 4 5 6 7 8 9 10 11 12 13 14 15 16 17 18 19 20 21 22 23 24 25 26 27 28 29 31 32 33 34 36 37 38 41 42 43 45 46 47 48 50 54 55 58 59 60 61 62 63 64 65 66 67 68 69 71 72 73 74 75 76 77 78 79 80 81 82 83 84 85 86 88 89 90 92 93 94 95 96 97 99 100 104 105 106 107 108 109 110 111 112 115 116 117 118 119 120 121 122 124 125 126 127 128 129 130 131 132 133 134 135 136 137 138 139 140 141 142 143 144 145 146 147 148 151 152 153 154 155 156 157 158 159 160 161 162 163 164 165 166 168 169 170 171 172 173 174 175 176 177 178 179 180 182 183 184 186 187 189 190 191 192 193 194 196 197 198 199 200 201 202 203 206 207 208 209 210 211 212 213 214 215 216 217 218 219 220 221 222 223 224 225 226 227 228 229 230 231 234 235 237 240 242 243 244 245 246 247 248 250 251 252 253 254 255 257 258 259 261 262 263 264 265 267 268 269 270 271 272 273 274 275 276 277 278 279 280 281 282 283 285 286 288 289 290 291 292 293 294 295 296 298 299 300 301 303 304 305 306 307 308 309 310 311 312 313 314 316 317 318 319 320 321 324 325 326 327 328 331 332 333 334 335 337 338 339 340 341 342 345 347 348 349 350 351 352 354 355 356 357 358 359 360 361 362 363 364 365 366 367 369 370 371 373 374 377 378 379 380 381 382 384 385 386 389 390 391 392 0
1 3 4 5 6 7 8 10 11 12 15 16 17 18 19 20 22 23 24 25 26 27 30 31 32 33 34 36 39 40 41 43 46 47 48 49 50 51 52 53 54 56 57 58 59 61 62 63 64 65 66 67 68 70 71 72 73 74 75 76 77 78 79 80 81 83 84 85 86 87 88 90 91 93 94 95 96 99 100 101 102 103 104 105 106 107 108 109 110 111 112 113 115 116 117 118 119 120 121 122 123 124 125 126 127 128 129 130 131 132 133 134 135 136 139 140 141 142 144 145 146 147 148 149 150 151 152 155 156 157 159 160 161 162 163 164 166 167 168 169 170 171 172 173 174 175 176 178 179 180 181 182 183 184 185 186 187 188 189 192 195 196 197 198 200 202 203 204 205 207 208 209 212 214 215 216 217 218 219 220 221 222 223 225 226 227 228 230 231 232 234 235 236 237 239 240 241 242 243 244 245 246 247 248 249 250 251 252 253 255 257 258 259 261 262 263 264 265 266 267 268 269 270 271 272 273 275 276 277 278 279 280 281 282 283 284 285 286 287 288 289 290 291 292 294 295 297 299 300 301 303 304 305 306 307 308 309 310 311 312 313 314 315 316 317 318 319 320 321 322 324 325 326 327 328 329 331 332 333 334 335 336 338 340 341 342 343 344 345 346 347 348 349 350 351 353 354 355 356 357 358 359 360 361 362 363 364 365 366 367 368 369 370 371 372 373 374 375 376 377 378 380 381 382 383 384 385 386 387 388 389 390 391 392 0
1 4 5 6 7 8 10 13 17 18 19 20 21 22 24 25 26 27 28 29 30 31 32 33 34 36 40 41 42 43 44 46 47 49 50 52 53 54 55 56 58 59 60 61 62 67 68 69 70 72 74 75 77 78 79 80 82 83 84 85 86 87 88 89 90 91 93 95 96 97 98 99 100 102 103 104 105 106 107 113 114 115 116 117 118 119 122 123 125 126 127 129 130 131 132 133 134 135 136 138 139 140 141 142 143 144 0
2 5 6 8 10 13 15 16 17 18 19 21 22 24 26 27 30 32 0

60
1 2 3 4 5 6 7 8 9 10 11 12 13 14 15 16 17 18 19 20 21 22 23 24 25 26 27 28 29 30 31 32 33 34 35 36 37 38 39 40 41 42 43 44 45 46 47 48 49 50 51 52 54 55 56 57 58 59 60 61 62 63 64 65 66 67 68 69 70 71 72 73 74 75 76 77 78 79 80 81 82 83 84 85 86 87 88 89 90 91 92 93 94 95 96 97 98 99 100 101 102 103 104 105 106 107 108 109 110 111 112 113 114 115 116 117 118 119 121 122 123 124 125 126 127 128 129 130 131 132 133 134 135 136 137 138 139 140 141 142 143 144 145 146 147 148 149 150 151 152 153 154 155 156 157 158 159 160 162 163 164 165 166 167 168 169 170 171 172 173 174 175 176 177 178 179 180 181 182 183 184 185 186 187 188 189 190 191 192 193 194 195 196 197 198 199 200 201 202 203 204 205 206 207 208 209 210 211 212 213 214 215 216 217 218 219 220 221 222 223 224 225 226 227 228 229 230 231 232 233 234 235 236 237 238 239 240 241 242 243 244 245 246 247 248 249 250 251 252 253 254 255 256 257 258 259 260 261 262 263 264 265 266 267 268 269 270 271 272 274 275 276 277 278 279 280 281 282 283 284 285 286 287 288 289 290 291 292 293 294 295 296 297 298 299 300 301 302 303 304 305 306 307 308 309 310 311 312 313 314 315 316 317 318 319 320 321 322 323 324 325 326 328 329 330 331 332 333 334 335 336 337 338 339 340 341 342 343 344 345 346 347 348 349 350 351 352 353 354 355 356 357 358 359 360 361 362 363 364 365 366 367 368 369 370 371 372 373 374 375 376 377 378 379 380 381 382 383 384 385 386 387 388 389 390 391 392 393 394 395 396 397 398 399 400 401 402 403 404 405 406 407 408 409 410 411 412 413 414 415 416 417 418 419 420 421 422 423 424 425 426 427 428 429 430 431 432 433 434 435 436 437 438 439 440 441 442 443 444 445 446 447 448 449 450 451 452 453 454 455 456 457 458 459 460 461 462 463 464 465 466 467 468 469 470 471 472 473 474 475 476 477 478 479 480 481 482 483 484 485 486 487 488 489 490 491 492 493 494 495 496 497 498 499 500 501 502 503 504 505 506 507 508 509 510 511 512 513 514 515 516 517 518 519 520 521 522 523 524 525 526 527 528 529 530 531 532 533 534 535 536 537 538 539 540 541 542 543 544 545 546 547 548 549 550 551 552 553 554 555 556 557 558 559 560 561 562 563 564 565 566 567 568 569 570 571 572 573 574 575 576 577 578 579 580 581 582 583 584 585 586 587 588 592 593 594 595 603 604 605 606 607 608 609 610 611 612 613 614 616 617 618 619 620 621 622 623 624 625 626 627 628 629 630 634 635 636 638 639 640 641 642 643 644 645 646 647 648 649 650 651 652 653 654 656 657 658 659 660 661 662 663 665 666 667 668 669 670 671 672 673 674 675 677 678 679 680 682 683 684 685 686 687 688 689 690 691 692 693 694 695 696 697 698 699 701 702 703 705 706 707 708 712 713 715 716 717 718 719 720 721 723 724 725 727 728 729 730 731 732 733 734 735 736 737 738 739 743 744 745 746 747 748 749 751 752 753 754 755 756 760 761 762 763 766 767 768 769 770 771 772 773 776 777 778 779 780 781 782 783 784 0
1 5 6 14 15 16 17 18 19 20 21 22 23 24 25 29 30 31 32 33 34 35 36 37 38 39 40 41 43 44 45 46 47 48 49 51 52 53 54 55 56 57 58 59 60 61 62 63 64 65 66 67 68 69 70 71 72 73 74 75 77 78 79 80 81 82 83 84 85 86 87 88 89 91 92 93 94 95 96 97 99 100 101 102 104 105 106 107 109 110 111 113 114 115 118 119 120 121 123 124 125 126 127 128 129 131 132 133 134 137 138 141 142 143 144 145 146 147 148 149 150 151 152 155 156 157 158 159 160 161 162 163 164 165 166 167 169 170 171 172 173 174 175 177 178 179 180 181 183 184 185 186 187 188 189 190 191 192 193 194 195 196 198 199 200 201 202 203 204 205 206 207 210 212 214 215 216 217 218 219 220 224 226 227 228 229 230 231 232 233 234 235 237 238 240 241 242 243 244 245 246 248 249 250 251 252 254 255 256 257 258 259 260 261 262 263 264 265 266 268 269 270 271 272 273 275 276 277 278 279 280 282 283 284 285 286 288 289 290 292 293 294 296 297 298 299 300 301 302 303 304 308 310 312 313 315 316 317 321 322 323 324 325 327 328 329 330 331 334 335 336 338 339 341 342 343 344 346 347 348 349 350 351 352 353 354 355 356 357 358 359 360 361 362 363 364 366 367 368 369 370 371 372 373 374 375 376 377 378 379 380 381 382 383 384 385 386 387 388 389 390 391 392 393 394 395 396 397 398 399 400 401 402 403 404 405 406 407 408 409 410 411 412 413 414 415 417 419 421 424 425 426 428 429 430 431 432 433 435 439 440 443 444 445 448 449 450 451 452 453 454 456 457 458 459 460 461 462 463 464 465 468 469 470 471 472 473 475 476 477 478 479 480 483 484 485 486 487 488 489 491 493 495 496 497 498 499 501 502 503 505 506 507 509 510 512 514 515 516 517 519 522 523 524 525 526 527 528 529 532 533 534 536 537 538 539 540 542 544 545 547 550 551 552 553 554 555 559 561 562 563 564 565 566 567 568 569 571 572 574 575 576 577 578 579 580 581 582 583 584 585 586 587 589 590 591 592 593 594 595 596 597 598 599 600 601 602 604 605 606 608 609 612 613 615 616 618 619 620 621 622 624 625 626 628 629 630 632 633 634 635 637 638 639 640 641 643 644 646 647 648 649 652 653 654 657 658 660 661 662 663 664 665 666 667 668 669 672 674 675 676 679 680 681 682 683 686 688 689 691 692 693 694 695 696 698 699 700 701 702 703 705 706 707 711 712 713 714 715 716 719 720 721 724 725 726 727 728 729 730 732 733 734 735 736 737 738 739 740 741 742 743 744 745 746 747 748 749 750 751 752 753 754 755 756 757 758 759 760 761 762 765 766 767 768 769 770 772 773 776 777 778 779 780 781 782 784 0
1 2 3 4 5 6 7 8 9 11 12 13 14 15 16 18 19 20 21 22 24 25 26 27 28 29 30 31 32 33 34 36 37 38 39 40 41 43 44 46 47 49 54 55 56 57 61 62 67 68 69 70 71 73 74 75 76 78 81 82 85 86 87 88 89 92 93 94 95 96 97 98 99 100 101 102 103 104 105 108 109 111 112 114 115 116 117 118 119 122 123 124 125 126 128 129 130 131 133 134 135 136 137 138 140 142 143 144 146 147 150 152 154 158 159 160 161 165 166 167 168 171 172 173 174 177 178 179 185 187 190 191 195 196 197 198 199 200 202 206 207 208 209 212 213 214 215 216 220 221 222 223 224 226 227 229 230 231 233 234 235 236 238 240 241 242 243 244 245 246 247 248 249 250 251 253 254 257 258 259 260 261 265 266 267 270 271 272 274 275 279 280 281 283 284 285 287 288 289 290 291 294 297 298 299 301 305 306 307 311 312 313 314 319 320 321 323 326 327 330 331 332 333 334 335 337 338 339 340 341 342 343 346 347 348 352 353 354 355 356 357 359 360 361 363 364 366 367 368 369 370 373 374 375 376 380 381 382 383 384 386 387 388 389 390 392 0
4 6 8 9 11 12 13 14 15 17 18 19 20 21 23 24 25 27 28 30 31 33 36 37 39 42 43 44 45 46 47 48 49 51 52 53 54 56 58 59 60 62 63 65 66 67 68 69 71 72 75 76 77 78 79 80 81 83 85 86 87 88 92 93 94 95 96 99 100 101 102 103 104 105 106 107 108 110 111 112 115 116 117 118 119 120 122 125 126 127 131 133 134 138 140 141 142 143 144 145 146 147 148 149 150 151 152 153 154 156 157 158 159 160 161 164 165 167 168 170 173 174 175 177 179 181 182 184 185 187 188 190 192 193 194 195 197 198 199 200 202 204 205 207 208 209 210 211 212 213 214 215 216 217 218 220 221 222 223 225 226 228 229 230 232 233 234 235 236 239 240 241 242 243 246 247 248 249 250 251 252 253 254 255 256 257 258 259 260 261 262 263 264 265 266 267 268 269 270 271 273 274 275 277 278 280 281 282 283 284 285 286 287 288 289 290 292 293 294 295 299 300 301 302 304 305 306 308 311 312 313 315 319 320 322 324 325 326 327 329 330 331 332 333 337 338 339 340 341 343 344 345 346 347 348 349 350 351 352 353 355 356 357 358 359 360 361 363 364 365 366 367 368 369 370 371 373 374 376 377 378 379 382 383 386 388 389 390 392 0
1 2 3 4 5 6 7 9 10 13 14 15 16 17 19 20 21 22 24 25 28 29 30 31 32 33 34 35 36 37 38 39 41 42 43 44 45 46 47 48 50 52 53 55 56 57 58 59 60 63 64 66 67 69 70 71 73 74 77 79 82 83 84 85 92 93 94 95 96 97 99 100 101 102 105 106 107 108 110 111 112 113 114 116 117 118 120 121 126 128 129 130 131 133 135 137 138 140 141 142 143 0
3 4 7 10 12 15 17 19 20 21 22 27 28 29 31 0

61
1 2 3 4 5 6 7 8 9 10 11 12 13 14 15 16 17 18 19 20 21 22 23 24 25 26 27 28 29 30 31 32 33 34 35 36 37 38 39 40 41 42 43 44 45 46 47 48 49 50 51 52 53 54 55 56 57 58 59 60 61 62 63 64 65 66 67 69 70 71 72 73 74 75 76 77 78 79 80 81 82 83 84 85 86 87 88 89 90 91 92 93 94 95 96 97 98 99 100 101 102 103 104 105 107 108 109 110 111 112 113 114 115 116 117 118 119 120 121 122 123 124 125 126 127 128 129 130 131 132 133 134 135 136 137 138 139 140 141 142 143 144 145 146 147 148 149 150 151 152 153 154 155 156 157 158 159 160 161 162 163 164 165 166 167 168 169 170 171 172 173 174 175 176 177 178 179 180 181 182 183 184 185 186 187 188 189 190 191 192 193 194 195 196 197 198 199 200 201 202 203 204 205 206 207 208 209 210 211 212 213 214 215 216 217 218 219 220 221 222 223 224 225 226 227 228 229 230 231 232 233 235 236 237 238 239 240 241 242 243 244 245 246 247 248 249 250 251 252 253 254 255 256 257 258 259 260 261 262 263 264 265 266 267 268 269 270 271 272 273 274 275 276 277 278 279 280 281 282 283 284 285 286 287 288 289 290 291 292 293 294 295 296 297 298 299 300 301 302 303 304 305 306 307 308 309 310 311 312 313 314 315 316 317 318 319 320 321 322 323 324 325 326 327 328 329 330 331 332 333 334 335 336 337 338 339 340 341 342 343 344 345 346 347 348 349 350 351 352 353 354 355 356 357 358 359 360 361 362 363 364 365 366 367 368 369 370 371 372 373 374 375 376 377 378 379 380 381 382 383 384 385 386 387 388 389 390 391 392 393 394 395 396 397 398 399 400 401 402 403 404 405 406 407 408 409 410 411 412 413 414 415 416 417 418 419 420 421 422 423 424 425 426 427 428 429 430 431 432 433 434 435 436 437 438 439 440 441 442 443 444 445 446 447 448 449 450 451 452 453 454 455 456 457 458 459 460 461 462 463 464 465 466 467 468 469 470 471 472 473 474 475 476 477 478 479 480 481 482 483 484 485 486 487 488 489 490 491 492 493 494 495 496 497 500 501 502 503 504 505 506 507 508 509 510 511 512 513 514 515 516 517 518 519 520 521 522 523 524 525 526 527 528 529 530 531 532 533 534 535 536 537 538 539 540 541 542 543 544 545 546 547 548 549 550 551 552 553 554 555 556 557 558 559 560 561 562 563 564 565 566 567 568 569 570 571 572 573 574 575 576 577 578 579 580 581 582 583 584 585 586 587 588 589 603 604 607 608 609 610 611 613 614 615 616 617 618 619 620 621 624 625 628 629 630 631 632 633 634 635 636 639 640 641 642 643 644 647 648 649 651 652 653 654 655 656 657 658 659 660 661 662 664 665 666 667 668 669 670 672 673 674 675 676 677 680 681 682 683 684 685 686 687 688 689 690 691 692 693 694 695 696 697 698 699 701 702 703 704 705 706 707 708 709 710 711 713 714 717 718 719 720 721 722 723 724 725 726 727 728 729 731 732 733 734 735 736 737 738 739 740 741 742 743 744 745 746 747 748 749 750 751 752 753 754 755 756 757 759 760 761 762 763 764 765 766 767 768 769 770 771 772 773 774 775 776 777 778 780 781 782 783 784 0
1 14 15 16 17 18 19 20 21 22 23 24 25 26 27 29 30 31 33 34 36 37 38 39 40 41 43 44 46 47 48 49 50 52 53 54 55 57 58 59 60 61 62 63 64 66 67 68 71 73 74 75 76 78 79 80 81 82 83 84 85 86 87 88 89 91 92 93 94 95 96 97 98 99 100 101 102 103 104 105 106 107 108 109 110 111 112 113 114 115 116 117 118 119 120 121 122 123 124 125 126 127 128 129 130 131 132 133 134 135 136 137 138 139 141 142 143 144 145 146 147 148 149 150 151 152 153 154 155 156 157 158 159 160 161 162 163 164 165 166 167 168 169 170 171 172 173 174 175 176 177 178 179 180 181 182 183 184 185 186 187 188 189 190 191 192 193 194 195 196 197 198 210 212 214 215 218 219 220 224 225 226 227 228 229 232 233 234 235 238 239 240 241 242 243 244 248 249 250 252 254 255 257 258 259 262 263 264 266 267 268 269 270 271 272 273 274 276 277 278 279 280 281 282 283 284 285 286 287 288 289 290 291 292 293 294 295 297 298 299 300 301 302 303 304 305 306 307 308 309 310 311 312 313 314 315 316 317 318 319 320 321 322 323 325 326 327 328 329 330 331 332 333 334 335 336 341 342 343 344 345 347 348 349 350 353 354 355 356 357 358 359 360 361 362 363 364 367 368 369 370 371 372 373 374 375 376 377 378 379 380 381 382 383 384 385 386 387 388 389 390 391 392 393 394 395 396 397 398 399 400 401 402 403 404 405 406 407 408 409 411 412 413 414 415 416 417 418 419 421 424 425 426 427 428 429 432 434 435 437 438 439 440 441 442 443 444 445 446 449 450 451 452 453 455 456 457 458 459 460 461 462 463 464 465 466 467 468 470 471 472 473 474 477 478 479 480 481 482 483 484 485 486 487 488 490 491 492 494 495 497 498 499 500 501 502 503 504 505 506 507 508 509 510 511 512 513 514 515 516 519 521 522 523 524 525 526 527 528 529 530 531 532 533 535 536 537 538 539 540 541 542 543 544 545 546 547 551 552 553 554 555 556 557 558 559 560 561 562 563 564 565 566 567 568 572 574 575 576 577 578 579 580 581 582 583 584 585 586 587 589 590 591 592 593 594 595 596 597 598 599 600 601 602 604 605 606 607 608 610 611 612 613 615 616 618 621 622 625 626 627 628 629 630 631 633 636 637 638 639 640 641 642 644 645 646 647 648 649 650 652 653 654 655 658 659 661 662 663 664 665 666 667 668 669 672 673 674 675 676 681 682 683 684 685 686 687 688 689 690 691 692 693 694 696 697 698 699 700 701 702 703 704 705 706 707 708 709 710 711 712 714 715 716 717 718 719 720 721 722 723 724 725 726 728 730 731 733 734 735 736 737 738 739 740 741 742 744 745 750 751 752 754 755 756 758 760 761 762 763 765 766 767 768 769 770 773 774 775 776 779 780 781 782 783 784 0
1 2 3 4 5 6 7 8 9 10 11 12 13 15 16 17 18 19 20 21 22 23 24 25 26 27 28 29 30 31 32 33 34 35 36 37 38 39 40 41 42 43 45 46 47 48 49 52 55 57 58 59 60 61 62 64 65 66 67 69 70 71 72 73 74 75 76 77 78 79 80 81 82 83 84 85 86 87 88 89 91 92 93 94 97 98 99 101 102 105 107 108 109 110 111 112 113 115 116 117 118 119 120 121 122 123 124 125 126 127 128 129 130 131 132 133 135 136 137 138 139 140 142 143 144 145 146 147 152 154 156 159 160 161 162 163 164 165 166 167 169 170 171 172 174 175 176 177 178 179 180 181 182 185 186 187 188 189 190 191 194 195 196 197 198 200 201 202 205 206 207 209 210 211 212 213 214 215 216 217 218 219 220 221 222 223 224 225 226 227 228 229 230 231 233 234 235 236 237 238 240 241 242 243 244 245 246 248 249 250 251 252 254 255 256 258 260 261 262 263 264 265 266 267 268 269 270 271 272 273 274 275 276 277 278 279 280 282 283 284 285 286 287 289 291 294 295 296 297 299 301 304 306 307 308 309 311 312 313 314 315 316 317 318 319 320 321 322 323 325 326 327 328 329 331 332 333 334 335 336 337 340 341 342 343 345 347 348 349 351 352 353 354 355 356 357 358 359 360 361 362 363 364 365 366 367 368 370 371 373 374 375 376 377 378 379 380 381 382 383 384 385 388 390 391 392 0
3 4 7 9 10 11 12 13 14 15 16 18 19 20 21 22 23 24 25 26 27 28 29 31 32 33 34 36 37 38 39 40 41 42 43 44 45 46 47 48 49 50 51 52 53 54 56 57 58 59 60 61 64 65 67 69 70 71 72 74 76 77 78 79 80 81 82 83 84 85 86 87 88 89 90 91 92 93 94 95 96 97 98 99 102 104 105 106 107 108 109 110 111 112 113 114 115 116 117 118 119 120 121 122 123 125 126 129 130 131 132 133 134 135 136 137 138 139 140 141 142 143 144 145 146 147 148 149 150 151 153 154 155 157 158 159 160 161 162 163 164 165 167 169 170 171 172 173 174 175 176 177 178 179 180 181 182 183 185 186 187 188 189 190 191 193 197 198 203 204 205 206 207 208 210 211 212 213 214 215 217 218 219 220 221 222 223 224 225 226 227 228 229 231 232 234 235 236 237 238 239 240 241 242 243 244 245 246 247 248 249 250 251 252 253 254 255 256 258 259 260 261 262 263 264 265 266 267 268 269 270 271 272 273 274 275 276 277 278 279 280 282 283 284 285 286 287 288 289 290 291 292 293 294 295 298 299 300 301 302 303 304 305 306 307 308 309 310 311 312 314 315 318 319 321 322 325 327 328 329 331 332 333 335 336 337 338 339 340 341 342 343 344 345 346 347 348 349 350 351 353 354 355 358 359 360 361 364 365 366 367 368 369 371 372 373 374 375 376 377 378 379 380 381 382 383 384 385 386 387 388 389 390 391 392 0
1 2 3 5 6 7 8 10 13 14 15 16 17 18 19 20 21 23 24 26 27 28 29 30 31 32 33 35 36 37 38 39 40 41 43 44 45 46 50 51 52 53 54 55 56 57 59 61 63 68 70 71 72 73 74 75 76 77 79 80 81 82 83 84 85 86 87 88 89 90 91 92 93 94 95 96 97 98 99 100 103 104 105 106 107 108 111 113 114 115 116 117 118 119 120 122 123 124 126 130 131 133 134 135 136 137 138 139 141 142 143 144 0
2 3 5 9 10 11 12 13 14 15 17 18 20 21 23 26 27 28 29 30 31 32 0

62
1 2 3 4 5 6 7 8 9 10 11 12 13 14 15 16 17 18 19 20 21 22 23 24 25 26 27 28 29 30 31 32 33 34 35 36 37 38 39 40 41 42 43 44 45 46 47 48 49 50 51 52 53 54 55 56 57 58 59 60 61 62 63 64 65 66 67 68 69 70 71 72 73 74 75 76 77 78 79 81 82 83 84 85 86 87 88 89 90 91 92 93 94 95 96 97 98 99 100 101 102 103 104 105 106 107 108 109 110 111 112 113 114 115 116 117 118 119 120 121 122 123 124 125 126 127 128 129 130 131 132 133 134 135 136 137 138 139 140 141 142 143 144 145 146 147 148 149 150 151 152 153 154 155 156 157 158 159 160 161 162 163 164 165 166 167 168 169 170 171 172 173 175 176 177 178 179 180 181 182 183 184 185 186 187 188 189 190 191 192 193 194 195 196 197 198 199 200 201 202 203 204 205 206 207 208 209 210 211 212 213 214 215 216 217 218 219 220 221 222 223 224 225 226 227 228 229 230 231 232 233 234 235 236 237 238 239 240 241 242 243 244 245 246 247 248 249 250 251 252 253 254 255 256 257 258 259 260 262 263 264 265 266 267 268 269 270 271 273 274 275 276 277 278 279 280 281 282 283 284 285 286 287 288 289 290 292 293 294 295 296 297 298 299 300 301 302 303 304 305 306 307 308 309 310 311 312 313 314 315 316 317 318 319 320 321 322 323 324 325 326 327 328 329 330 331 332 333 334 335 336 337 338 339 340 341 342 343 344 345 346 347 348 349 350 351 352 353 354 355 356 357 358 359 360 361 362 363 364 365 366 367 368 369 370 371 372 373 374 375 376 377 378 379 380 381 382 383 384 385 386 387 388 389 390 391 392 393 394 395 396 397 398 399 400 401 402 403 404 405 406 407 408 409 410 411 412 413 414 415 416 417 418 419 420 421 422 423 424 425 426 427 428 429 430 432 433 434 435 436 437 438 439 440 441 442 443 444 445 446 447 448 449 450 451 452 453 454 455 456 457 458 459 460 461 462 463 464 465 466 467 468 469 471 472 473 474 475 476 477 478 479 480 481 482 483 485 486 487 488 489 490 491 492 493 494 495 496 497 498 499 500 501 502 503 504 505 506 507 508 509 510 511 512 513 514 515 516 517 518 519 520 521 522 523 524 525 527 528 529 530 531 532 533 534 535 536 537 538 539 540 541 542 543 544 545 546 547 548 549 550 551 552 553 554 555 556 557 558 559 560 561 562 563 564 565 566 567 568 569 570 571 572 573 574 575 576 577 578 579 581 582 583 584 585 586 587 588 591 592 593 595 596 597 602 603 604 605 606 607 608 609 610 612 613 614 615 616 617 618 619 620 621 622 624 625 626 627 628 629 630 631 632 633 634 635 636 637 638 639 640 641 642 643 644 645 646 647 648 649 650 651 652 653 654 655 656 657 658 659 660 661 662 663 664 665 666 667 668 669 670 672 673 674 675 676 677 678 679 680 681 682 684 685 686 687 688 689 690 691 692 693 694 695 696 697 698 699 700 701 703 704 705 706 707 708 709 710 711 712 713 714 715 716 717 720 721 722 723 724 725 726 727 728 729 730 731 732 733 734 735 736 737 738 739 740 741 742 743 744 745 746 747 748 752 753 754 755 756 757 758 759 760 761 762 763 764 765 769 770 771 772 773 774 775 776 777 778 779 781 782 784 0
1 7 14 15 16 17 18 19 20 21 22 23 24 25 26 27 28 29 30 31 32 33 34 35 36 37 39 41 42 43 44 45 46 47 48 49 50 51 52 53 54 55 57 58 59 60 61 62 63 64 65 66 67 68 69 71 72 73 74 76 77 78 79 80 81 83 85 86 87 88 89 90 91 92 93 94 96 97 98 99 100 101 102 103 104 105 106 107 108 109 110 111 112 113 114 115 116 117 118 119 120 121 122 123 124 125 126 127 128 129 131 132 133 134 135 136 137 138 139 140 141 142 143 144 145 146 147 148 149 150 151 152 153 155 156 157 159 160 161 163 164 165 166 167 169 170 171 172 173 175 176 177 178 179 180 181 183 184 185 186 187 188 189 190 191 192 193 194 195 196 198 199 200 201 202 203 204 205 208 209 210 212 213 214 215 216 217 219 220 223 224 226 227 228 229 230 231 232 233 234 237 238 240 241 242 243 244 245 247 249 251 252 253 254 255 256 257 258 260 261 262 263 264 266 267 268 269 270 271 272 273 274 275 276 277 278 279 280 281 282 283 284 285 286 287 288 289 290 291 292 293 294 296 297 298 299 300 301 302 303 304 306 307 308 312 313 314 315 316 317 318 320 321 322 324 327 329 330 331 332 334 335 336 338 339 340 342 343 344 345 346 347 348 349 350 352 353 355 356 357 360 361 362 363 364 366 367 369 370 371 372 373 374 375 376 377 378 379 380 381 382 383 384 385 386 387 388 389 390 391 392 393 394 395 396 397 398 399 400 401 402 403 404 405 406 407 416 417 418 420 421 422 423 424 425 426 427 428 429 430 431 432 433 434 436 437 438 440 441 442 443 444 445 446 447 449 453 454 455 456 457 458 459 461 463 464 465 466 467 468 469 470 471 472 473 475 477 478 479 480 481 482 483 484 485 486 488 489 492 493 494 495 496 497 498 500 501 502 503 504 506 507 508 509 511 512 513 514 515 517 518 519 520 522 523 524 525 526 527 528 530 531 532 533 536 537 539 541 542 543 544 545 547 548 549 550 551 552 553 554 555 556 557 558 559 561 564 565 567 568 569 570 571 572 573 575 576 577 578 579 580 581 582 583 584 585 587 588 589 590 591 592 593 594 595 596 597 598 599 600 601 602 604 605 606 607 608 611 612 613 616 617 621 622 623 626 627 628 629 630 632 633 634 636 637 638 639 640 641 642 643 644 645 646 647 649 650 651 652 653 654 655 656 658 659 660 664 665 666 667 668 671 672 673 675 676 677 678 679 680 681 682 683 685 686 687 690 691 692 693 694 695 696 697 698 699 700 702 703 704 705 706 707 708 709 710 711 712 713 714 716 717 718 719 720 721 723 724 725 726 727 728 730 731 733 734 736 739 740 741 742 744 746 747 748 749 750 751 752 753 754 755 756 757 758 759 760 761 762 763 764 765 766 767 768 769 770 772 773 774 775 779 780 781 782 783 784 0
1 2 3 4 5 6 7 8 11 12 13 14 15 17 18 19 20 21 22 23 24 25 26 27 29 30 31 33 34 36 38 39 40 42 43 45 46 50 55 56 60 61 62 63 64 65 66 67 68 69 72 73 74 75 76 77 80 81 82 83 84 85 86 87 88 93 94 95 96 97 98 99 100 101 102 103 105 106 107 108 109 110 111 112 113 114 115 116 117 118 119 120 121 122 123 124 125 126 128 129 130 131 132 133 135 136 137 138 139 140 141 142 143 144 147 153 154 155 156 157 158 159 160 161 162 163 164 165 166 167 168 169 170 171 172 173 177 178 179 180 181 184 185 190 191 192 193 197 198 199 200 201 202 203 205 206 207 209 210 211 213 214 215 216 217 218 219 220 221 222 223 224 226 227 229 230 231 233 234 235 236 237 238 240 241 242 246 248 249 250 251 252 253 254 255 256 257 258 259 260 261 262 263 264 265 266 267 268 269 270 271 272 273 275 276 277 278 279 280 281 282 283 284 286 288 289 290 291 293 294 295 296 299 300 301 302 303 304 308 309 310 312 314 315 317 318 319 320 321 324 325 326 328 330 332 333 334 335 337 338 339 340 344 345 346 347 348 349 351 352 353 354 355 357 358 359 360 361 362 363 364 366 367 368 369 370 371 373 375 376 377 380 381 382 383 384 386 387 388 389 391 392 0
1 2 3 5 6 7 8 9 10 11 13 14 15 16 18 19 20 22 23 24 25 26 27 28 29 30 31 34 35 36 37 41 42 43 45 46 47 49 50 51 52 53 54 55 56 57 58 59 62 63 64 65 66 67 68 69 70 71 72 73 74 75 76 77 79 80 81 82 83 85 86 87 88 89 90 91 92 93 94 95 96 99 100 101 102 103 105 106 107 108 109 111 112 113 114 116 117 118 119 120 121 123 124 125 126 127 128 129 130 131 134 141 142 143 144 145 147 148 149 151 152 153 154 155 156 157 159 160 161 162 163 164 165 166 167 170 171 172 174 175 176 177 180 181 182 183 184 185 186 189 190 191 192 193 194 195 196 197 198 199 203 204 205 206 207 208 210 211 212 213 214 215 216 217 218 219 220 221 222 223 227 228 229 231 232 234 235 237 239 240 241 242 243 246 247 248 249 250 251 252 253 258 259 260 261 264 265 266 268 269 270 271 272 273 274 276 277 278 279 280 281 282 283 284 286 287 288 289 291 292 293 294 295 296 297 299 300 301 302 303 304 305 306 307 308 309 310 311 312 313 315 316 317 319 320 322 323 324 325 326 327 331 332 333 336 339 340 344 345 346 347 348 349 350 351 352 353 356 357 359 360 363 364 365 367 368 370 371 372 373 374 375 376 377 378 380 381 385 386 387 388 389 390 391 392 0
1 3 4 5 6 7 8 9 10 11 13 14 15 17 18 19 21 23 24 26 28 30 31 32 33 35 36 37 38 39 43 45 46 48 51 52 53 54 56 57 59 60 61 62 63 64 65 67 68 69 70 71 72 73 74 75 76 78 79 83 84 85 86 87 89 90 91 93 94 98 99 100 102 103 104 105 106 108 109 111 113 114 115 116 117 118 119 120 122 123 127 130 131 132 135 136 137 138 139 141 142 143 0
2 8 9 11 13 15 16 17 18 23 24 26 27 28 0

63
1 2 3 4 5 6 7 8 9 10 11 12 13 14 15 16 17 18 19 20 21 22 23 24 25 26 27 28 29 30 31 32 33 34 35 36 37 38 39 40 41 42 43 44 45 46 47 48 49 50 51 52 53 54 55 56 57 58 59 60 61 63 64 65 66 67 68 69 70 71 72 73 74 75 76 77 79 80 81 82 83 84 85 86 87 88 89 90 91 93 94 95 96 97 98 99 100 101 102 103 104 105 106 107 108 109 110 111 112 113 114 115 116 117 118 119 120 121 122 123 124 125 126 127 128 129 130 131 132 133 134 135 136 137 138 139 140 141 142 143 144 145 146 147 148 149 150 151 152 153 154 155 156 157 158 159 160 161 162 163 164 165 166 167 168 169 170 171 172 173 174 175 176 177 178 179 180 181 182 183 184 185 186 187 188 189 190 191 192 193 194 195 196 197 198 199 200 201 202 203 204 205 206 207 208 209 210 211 212 213 214 215 216 217 218 219 220 221 222 223 224 225 226 227 229 230 231 232 233 234 235 236 237 238 239 240 241 242 243 244 246 247 248 249 250 251 252 253 254 255 256 257 258 259 260 261 262 263 264 265 266 267 268 269 270 271 272 273 274 275 276 277 278 279 280 281 282 283 284 286 287 289 290 292 293 294 295 296 297 298 299 300 301 302 303 304 305 306 307 308 309 310 311 312 313 314 315 316 317 318 319 320 321 322 323 324 325 326 327 328 329 330 331 332 333 334 335 336 337 338 339 340 341 342 343 344 345 346 347 348 349 350 351 352 353 354 355 356 357 358 359 360 361 362 363 364 365 366 367 368 369 370 371 372 373 374 375 376 377 378 379 380 381 382 383 384 385 386 387 388 389 390 391 392 393 394 395 396 397 398 399 400 401 402 403 404 405 406 407 408 409 410 411 412 413 414 415 416 417 418 419 420 421 422 423 424 425 426 427 428 429 430 431 432 433 434 435 436 437 438 439 440 441 442 443 444 445 446 447 448 449 450 451 452 453 454 455 456 457 458 459 460 461 462 463 464 465 466 467 468 469 470 471 472 473 474 475 476 477 478 479 480 481 482 483 486 487 488 489 490 491 492 493 494 495 496 497 498 499 500 501 502 503 504 505 506 507 508 509 510 511 512 513 514 515 516 517 518 519 520 521 522 523 524 525 526 527 528 529 530 531 532 533 534 535 536 538 539 540 541 542 543 544 545 546 547 548 549 550 552 553 554 555 556 557 558 559 560 561 562 563 564 565 566 567 568 569 570 571 572 573 574 575 576 577 578 579 580 581 582 583 584 585 586 587 588 591 592 593 596 597 598 599 600 601 602 603 604 605 606 607 608 609 610 611 612 613 614 615 616 617 618 619 620 623 624 625 626 627 628 629 630 631 632 633 634 635 636 637 638 639 640 641 644 645 646 647 648 650 651 652 653 654 655 656 659 660 661 662 664 665 667 672 673 674 675 676 677 678 679 680 681 682 684 685 686 687 688 689 690 691 692 693 694 695 696 697 698 699 700 701 702 703 704 705 706 707 708 709 710 711 712 713 714 715 716 717 718 719 720 721 722 723 724 725 726 727 728 729 730 731 732 733 734 735 736 737 738 739 740 741 742 743 744 747 748 749 750 751 752 754 755 756 758 759 760 761 762 763 764 765 770 771 772 773 774 776 777 778 779 780 781 782 0
1 8 9 10 11 12 13 14 15 16 17 18 19 20 21 23 24 25 26 27 28 29 30 31 32 33 34 35 36 37 38 39 40 41 42 43 44 45 46 47 48 49 50 51 52 53 55 57 58 59 60 62 63 64 65 66 71 72 73 74 75 76 77 78 79 81 85 86 87 89 90 91 92 93 94 95 96 97 99 100 101 102 103 104 105 106 107 108 109 110 111 112 113 114 115 117 118 119 120 121 122 123 124 125 126 127 128 129 130 131 132 133 134 135 136 137 138 139 140 141 142 143 144 145 146 147 148 149 150 151 152 153 154 155 156 158 159 160 161 162 163 164 165 166 167 168 169 170 171 175 176 177 178 181 183 184 185 186 187 188 189 190 191 192 193 194 195 196 198 199 200 201 202 203 204 205 206 207 208 209 210 211 212 213 214 215 216 217 218 219 220 222 223 224 225 226 227 228 229 230 231 233 234 235 236 237 238 240 241 242 243 244 246 247 248 249 251 252 253 254 255 256 257 258 259 260 261 262 263 266 267 268 269 270 271 272 273 274 275 276 277 280 281 282 283 284 285 286 287 288 289 290 291 294 295 296 297 298 299 300 301 302 303 304 305 307 308 310 311 312 313 314 315 316 317 318 319 320 321 322 324 325 327 328 329 330 331 332 333 334 335 336 338 339 341 342 343 344 345 346 347 348 349 350 352 356 357 358 359 360 361 362 363 364 366 371 372 373 374 378 379 380 381 382 383 384 385 386 387 388 389 390 391 392 393 394 395 396 397 398 399 400 401 402 403 404 405 406 407 411 412 414 415 416 417 418 419 421 422 423 424 427 428 429 430 431 433 434 435 436 437 438 440 441 442 443 444 445 446 447 449 452 453 454 455 456 457 458 460 461 463 464 465 467 468 470 471 472 473 474 475 477 478 480 483 484 485 486 488 489 490 491 492 493 494 495 497 498 499 500 501 502 504 505 510 511 512 513 514 515 517 518 520 521 522 523 525 526 527 528 529 530 531 532 533 534 535 536 538 539 540 541 542 543 545 546 547 548 549 550 552 553 554 555 556 558 559 560 561 562 563 565 566 567 568 569 570 571 572 573 575 576 577 578 579 580 581 582 583 584 585 586 587 589 590 591 592 593 594 595 596 597 598 599 600 601 602 604 605 606 607 609 610 611 612 613 614 615 616 617 622 623 624 626 627 630 631 632 633 634 637 638 639 640 641 642 644 645 646 647 649 650 651 652 653 654 657 658 659 660 661 663 664 665 666 667 668 669 671 672 673 676 677 678 680 681 683 685 686 687 688 689 690 691 692 693 694 695 696 698 699 700 701 704 705 706 707 708 709 710 711 712 714 716 717 718 719 720 721 722 724 725 727 728 730 731 732 733 734 735 736 737 738 739 740 742 743 744 745 746 747 748 749 750 751 752 753 756 758 759 760 761 762 764 765 766 767 768 769 770 777 778 779 784 0
1 2 3 4 5 6 7 8 10 11 12 14 15 16 17 18 19 20 21 22 23 24 25 26 27 29 31 32 34 35 36 37 38 39 40 41 42 43 46 47 49 50 53 54 55 57 59 60 61 62 64 65 66 68 69 71 73 74 75 76 81 82 83 84 85 87 88 89 90 91 95 96 97 99 100 101 102 103 104 105 106 107 108 109 110 111 112 113 114 115 116 117 118 119 120 121 122 123 124 125 126 127 128 129 130 131 132 133 135 136 138 139 140 142 143 144 145 146 147 151 152 153 154 155 156 157 158 159 161 162 164 165 168 169 170 171 172 174 175 177 178 179 180 181 182 184 185 186 187 189 190 192 193 194 197 198 199 200 201 202 203 205 207 208 209 211 212 213 214 215 216 219 220 221 222 223 226 227 228 229 230 231 233 234 235 236 237 241 242 243 244 245 246 249 250 251 252 253 255 256 257 258 260 261 262 263 265 267 268 269 270 271 272 273 274 276 277 278 279 280 282 283 284 285 289 290 291 292 293 295 297 298 299 300 301 302 303 304 305 306 308 309 310 312 313 316 317 318 319 320 321 324 325 326 327 328 329 331 332 333 334 335 336 337 340 341 342 344 345 347 348 349 350 351 352 353 354 356 357 358 359 360 361 362 363 365 366 367 368 369 370 371 373 374 375 376 377 378 380 382 383 384 385 386 387 388 389 390 391 392 0
1 2 3 4 5 6 7 8 10 11 14 15 16 17 18 19 21 22 23 24 25 26 27 29 30 32 33 34 35 36 37 38 39 40 45 46 47 48 49 50 51 52 53 54 55 56 57 58 60 61 62 63 64 65 66 67 68 69 70 71 72 73 74 75 76 77 78 79 81 82 83 84 85 86 87 88 91 92 93 94 96 97 98 99 100 101 102 103 104 105 106 108 109 110 111 112 113 115 116 117 118 119 121 122 123 124 125 126 127 128 129 130 131 133 137 139 140 141 142 143 144 145 146 147 148 149 150 151 152 153 154 155 156 157 158 159 160 161 162 163 164 165 166 167 168 169 170 171 172 173 174 175 177 178 179 180 181 182 183 184 185 186 187 189 190 191 192 193 194 195 196 197 198 199 200 201 202 203 204 206 207 210 211 212 213 214 215 216 217 218 219 220 221 222 223 225 227 228 229 230 233 234 235 237 238 239 240 241 242 244 245 246 247 248 249 250 251 252 253 256 257 258 259 260 263 264 265 266 267 268 269 270 271 273 275 276 277 278 279 280 281 282 283 284 285 287 288 289 290 291 292 293 294 295 296 297 299 300 301 302 303 304 305 307 308 309 310 311 312 313 315 316 317 318 319 320 323 324 325 326 327 328 329 330 332 333 334 335 336 337 338 339 340 341 342 343 344 345 346 347 348 349 350 351 352 353 354 355 356 357 358 359 360 363 364 365 367 368 369 370 371 373 374 375 376 377 378 379 381 382 383 384 385 386 388 389 390 391 392 0
1 4 5 6 7 8 9 10 11 12 13 14 16 17 18 19 20 21 23 26 27 28 29 31 32 33 34 35 36 37 39 40 41 42 43 44 45 47 48 49 50 51 52 53 54 55 56 57 58 60 63 64 66 67 68 70 71 72 73 74 77 78 79 82 85 87 88 89 91 92 93 94 95 97 98 99 100 101 102 104 105 106 107 108 109 110 111 112 113 114 115 117 119 120 122 123 125 126 127 128 130 131 133 136 137 138 139 140 141 142 143 144 0
1 2 4 6 9 13 18 19 21 22 23 24 25 26 27 28 29 31 32 0

64
1 2 3 4 5 6 7 8 9 10 11 12 13 14 15 16 17 18 19 20 21 22 23 24 25 26 27 28 29 30 31 32 33 34 35 36 37 38 39 40 41 42 43 44 45 46 47 48 49 50 51 52 53 54 55 56 57 58 59 60 61 62 63 64 65 66 67 68 69 70 71 72 73 74 75 76 77 78 79 80 81 82 83 84 85 86 87 88 89 90 91 92 93 94 95 96 97 98 99 100 101 102 103 104 105 106 107 108 109 110 111 112 113 114 115 116 117 118 119 120 121 122 123 124 125 126 127 128 129 130 131 132 133 134 135 136 137 138 139 140 141 142 143 144 145 146 147 148 149 150 151 152 153 154 155 156 157 158 159 160 161 162 164 165 166 167 168 169 170 171 172 173 174 175 176 177 178 179 180 181 182 183 184 185 186 187 188 189 190 191 192 193 194 195 196 197 198 199 200 201 202 203 204 205 206 207 208 209 210 211 212 213 214 215 216 217 218 219 220 221 222 223 224 225 226 227 228 229 230 231 232 234 236 237 238 239 240 241 242 243 244 245 246 247 248 249 251 252 253 254 255 256 258 259 260 261 262 263 264 265 266 267 268 269 270 271 272 273 274 275 276 277 278 279 280 281 282 283 285 286 287 288 289 290 291 292 293 294 295 296 297 298 299 300 301 302 303 304 305 306 307 308 309 310 311 312 313 314 315 316 317 318 319 320 321 322 323 324 325 326 327 328 329 330 331 332 333 334 335 336 337 338 339 340 341 342 343 344 345 346 347 348 349 350 351 352 353 354 355 356 357 358 359 360 361 362 363 364 365 366 367 368 369 370 371 372 373 374 375 376 377 378 379 380 381 382 383 384 385 386 387 388 389 390 391 392 393 394 395 396 397 398 399 400 401 402 403 404 405 406 407 408 409 410 411 412 413 414 415 416 417 418 419 420 421 422 423 424 425 426 427 428 429 430 431 432 433 434 435 436 437 438 439 440 441 442 443 444 445 446 447 448 449 450 451 452 453 454 455 456 457 458 459 460 461 462 463 464 465 466 467 468 469 470 471 472 473 474 475 476 477 478 479 480 481 482 483 484 485 486 487 488 489 490 491 492 493 494 495 496 497 498 499 500 501 502 503 504 505 506 507 508 509 510 511 512 513 514 515 516 517 518 519 520 521 522 523 524 525 526 527 528 529 530 531 532 533 534 535 536 537 538 539 540 541 542 543 544 545 546 547 548 549 550 551 552 553 554 555 556 557 558 559 560 561 562 563 564 565 566 567 568 569 570 571 572 573 574 575 576 577 578 579 580 581 582 583 584 585 586 587 588 589 593 594 595 600 601 602 603 604 605 606 609 610 611 612 613 614 617 618 619 620 621 622 623 624 625 626 631 632 633 635 636 637 638 639 640 641 642 643 644 645 646 647 649 650 651 652 653 654 655 656 657 658 659 662 663 664 665 666 667 668 669 670 671 672 676 677 678 679 680 681 682 683 684 686 687 688 690 691 692 693 694 696 697 698 700 701 703 704 705 706 707 708 709 710 711 712 713 714 716 717 718 719 720 721 723 724 725 726 727 728 729 730 731 732 733 735 736 737 738 739 740 741 742 743 744 745 746 747 748 749 750 751 752 755 756 758 759 760 761 762 763 764 774 775 776 777 778 779 784 0
1 14 15 16 17 18 19 20 21 22 23 24 25 26 27 29 30 31 33 34 35 36 37 38 40 41 43 44 45 48 49 50 51 52 53 54 57 58 59 61 62 63 64 65 66 67 68 69 71 72 75 76 77 78 79 80 81 82 83 85 86 88 89 90 91 93 94 95 96 97 99 100 101 102 103 104 105 106 108 109 110 111 112 113 114 115 116 117 118 119 120 121 122 123 124 125 126 127 128 129 130 131 132 133 134 135 136 137 138 139 141 142 143 144 145 146 147 148 149 150 151 152 153 154 155 156 157 159 160 161 162 163 164 165 166 167 169 171 172 173 174 179 183 184 185 186 187 188 189 190 191 192 193 194 195 196 198 200 201 202 203 207 208 209 210 216 217 218 220 223 224 226 227 229 230 231 232 233 234 235 238 240 241 242 243 245 246 247 248 249 252 253 254 255 256 257 258 259 260 261 262 263 264 266 268 269 270 272 273 274 275 276 277 278 279 280 282 283 284 285 286 287 288 289 290 291 292 293 294 296 297 299 300 301 302 303 304 305 306 307 308 310 312 313 314 315 319 320 321 322 325 326 327 328 329 331 332 333 334 335 336 337 339 340 341 342 343 344 345 346 347 348 349 350 351 352 353 354 355 356 357 358 359 360 361 362 363 364 365 368 369 370 371 372 373 374 378 379 380 381 382 383 384 385 386 387 388 389 390 391 392 393 394 395 396 397 398 399 400 401 402 403 404 405 406 408 409 410 411 413 414 415 416 417 418 419 421 423 424 425 427 428 429 430 431 432 433 435 436 437 438 439 440 441 442 443 444 445 446 447 449 451 452 453 454 455 456 457 458 459 460 461 463 464 465 466 467 468 469 470 471 472 473 474 475 476 477 479 480 481 483 484 485 486 487 488 489 490 491 492 493 494 495 496 497 498 499 500 501 503 504 505 506 507 508 509 510 511 512 513 514 515 516 517 518 520 521 522 523 525 526 527 528 529 530 531 532 533 535 536 537 538 540 541 542 543 545 547 548 549 550 551 552 553 554 555 556 557 558 559 560 561 562 563 564 565 566 567 568 569 570 571 572 573 575 576 578 579 580 581 583 584 585 586 587 589 590 591 592 593 594 595 596 597 598 599 600 601 602 604 605 606 607 609 610 615 616 618 619 620 621 622 624 625 627 630 632 633 636 637 638 639 640 642 644 645 646 647 650 651 652 653 654 655 656 658 659 660 662 663 664 665 666 667 668 669 670 672 676 677 678 679 680 681 682 683 684 685 686 690 691 692 693 694 695 696 697 698 700 701 702 704 705 706 707 710 711 712 713 714 716 717 718 719 720 721 722 723 724 725 726 727 728 730 731 732 733 734 735 736 737 738 739 740 741 742 743 744 745 746 747 748 749 750 751 752 753 754 755 756 757 758 759 760 761 762 763 764 765 766 767 768 769 770 775 776 777 778 784 0
1 2 3 4 6 7 8 9 11 12 13 14 15 16 17 18 19 20 21 22 24 25 26 27 28 29 30 31 32 33 34 35 36 37 38 39 40 41 42 43 44 45 46 47 48 53 54 55 57 59 60 61 62 64 66 67 68 69 70 71 72 73 74 76 77 78 79 80 81 82 83 84 85 86 87 88 89 90 92 93 94 95 96 97 99 100 101 102 104 105 108 109 110 111 112 115 116 117 118 119 120 121 122 123 124 125 126 128 129 130 131 132 133 134 135 138 139 140 141 142 143 144 145 147 151 152 153 154 157 158 159 163 164 165 166 167 169 170 171 172 173 174 175 176 177 178 179 180 181 182 183 184 186 187 190 191 192 193 196 197 200 201 202 206 207 208 209 210 212 213 214 215 216 217 219 220 221 222 223 224 225 226 227 228 229 230 231 232 233 234 235 236 237 238 239 240 241 242 243 244 245 246 247 249 250 251 254 255 256 257 258 262 263 264 265 266 268 269 270 271 272 273 274 276 277 280 282 283 284 285 286 287 288 289 290 291 292 293 297 298 301 302 304 305 306 307 312 313 314 316 318 319 320 321 322 324 325 326 328 329 330 331 332 333 334 335 336 337 338 339 341 342 347 348 349 350 352 353 354 355 356 357 359 360 361 362 363 364 365 366 367 368 369 370 371 372 373 374 375 376 377 378 379 380 381 382 383 384 385 386 387 388 389 390 391 392 0
4 5 9 10 11 12 14 15 16 17 18 19 20 21 22 23 24 25 26 27 29 30 33 36 37 39 42 43 44 45 46 47 49 50 51 52 53 54 56 57 58 59 60 61 62 63 64 66 67 68 69 70 71 73 74 75 76 77 78 80 81 82 83 84 85 86 87 88 89 91 92 93 94 95 96 97 98 103 104 105 106 107 108 109 110 111 112 113 115 116 117 118 119 120 121 122 123 124 125 126 127 128 129 130 131 132 133 134 135 136 137 138 139 140 141 142 143 144 145 146 147 149 151 152 153 154 155 156 157 160 161 162 163 164 165 167 168 169 170 171 172 173 174 175 176 177 178 179 180 182 183 184 185 186 187 188 189 190 192 193 194 195 196 197 201 202 203 206 207 208 209 210 211 212 213 214 215 216 217 219 221 222 223 224 226 227 228 229 230 231 232 234 235 236 237 239 240 241 242 243 244 246 247 248 249 250 251 252 253 255 256 257 258 259 260 262 263 264 265 266 267 269 270 271 273 274 275 277 278 279 280 281 282 283 284 285 287 289 290 291 292 293 294 296 298 299 301 302 303 304 305 306 308 310 311 312 313 315 317 318 320 321 322 323 324 325 326 327 328 329 332 334 335 336 337 338 339 340 341 343 344 345 346 347 348 349 350 351 352 355 356 357 358 359 360 361 362 363 364 366 367 368 369 370 371 372 373 374 375 376 377 378 379 380 381 382 383 384 385 386 388 389 390 392 0
1 2 3 4 5 6 7 8 9 10 11 12 13 14 15 16 18 19 20 21 23 25 28 29 30 32 33 34 36 37 38 39 40 42 43 44 46 47 49 51 53 54 55 57 58 59 60 62 63 66 67 68 69 70 71 78 79 81 83 84 86 87 88 89 90 91 93 94 95 96 97 98 99 101 102 103 104 105 106 107 108 109 110 111 112 113 114 115 116 117 119 120 122 124 125 126 127 128 130 131 133 137 138 139 140 141 142 144 0
1 3 4 5 6 7 11 14 15 18 19 20 22 23 24 27 29 31 32 0

65
1 2 3 4 5 6 7 8 9 10 11 12 13 14 15 16 17 18 19 20 21 22 23 24 25 26 27 28 29 30 31 32 33 34 36 37 38 39 40 41 42 43 44 45 46 47 48 49 51 52 53 54 55 56 57 58 59 60 61 62 63 64 65 66 67 68 69 70 71 72 73 74 75 76 78 79 80 81 82 83 84 85 86 87 88 89 90 91 92 93 94 95 96 97 98 99 100 101 102 103 104 105 106 107 108 109 110 111 112 113 114 115 116 117 118 119 120 121 122 123 124 125 126 127 128 129 130 131 132 133 134 135 136 137 138 139 140 141 142 143 145 146 147 148 149 150 151 152 153 154 155 156 157 158 159 160 161 162 163 164 165 166 167 168 169 170 171 172 173 174 175 176 178 179 180 181 182 183 184 185 186 187 188 189 190 191 192 193 194 195 196 197 198 199 200 201 202 203 204 205 206 207 208 209 210 211 212 213 214 215 216 217 218 219 220 221 222 223 224 225 226 227 228 229 230 232 233 234 235 236 237 238 239 240 241 242 243 244 245 246 247 248 249 250 251 252 253 254 255 256 257 258 259 260 261 262 263 264 265 266 267 268 269 270 272 273 274 275 276 277 278 279 280 281 282 283 285 286 287 288 289 290 291 292 293 294 295 296 297 298 299 300 301 303 304 305 306 307 308 309 310 311 312 313 314 315 316 317 318 319 320 321 322 323 324 325 326 327 328 329 330 331 332 333 334 335 336 337 338 339 340 341 342 343 344 345 346 347 348 349 350 351 352 353 354 355 356 357 358 359 360 361 362 363 364 365 366 367 368 369 370 371 372 373 374 375 376 377 378 379 380 381 382 383 384 385 386 387 388 389 390 391 392 393 394 395 396 397 398 399 400 401 402 403 404 405 406 407 408 409 410 411 412 413 414 415 416 417 418 419 420 421 422 423 424 425 426 427 428 429 430 431 432 434 435 436 437 438 439 440 441 442 443 444 445 446 447 448 449 450 451 452 453 454 455 456 457 458 460 461 462 463 464 465 466 467 468 469 470 471 472 473 474 475 476 477 478 479 480 481 482 484 485 486 487 488 489 490 491 492 493 494 495 496 497 498 499 500 501 502 503 504 505 506 507 508 509 510 511 512 513 514 515 516 517 518 519 520 521 522 523 524 525 526 527 528 529 530 531 532 533 534 535 536 537 538 539 540 541 542 543 544 545 546 547 548 549 550 551 552 553 554 555 556 557 558 559 560 561 562 563 564 565 566 567 568 569 570 571 572 573 574 575 576 577 578 579 580 581 582 583 584 585 586 587 588 589 590 591 603 604 605 606 607 612 613 614 615 616 617 618 619 620 621 622 623 624 625 626 628 629 630 631 632 633 634 635 636 637 638 639 640 641 642 643 645 646 647 648 649 650 651 652 653 655 656 657 658 660 661 663 664 665 666 667 668 669 670 671 672 673 674 676 677 678 679 680 681 682 683 684 685 686 688 690 694 695 696 697 698 699 700 701 702 703 704 705 706 707 708 709 710 711 712 713 715 716 717 718 719 720 722 723 724 725 726 728 729 731 732 733 734 735 736 737 738 741 742 743 744 745 746 747 748 749 750 751 752 753 754 756 757 758 759 760 763 764 765 766 767 769 770 771 772 773 774 775 776 781 782 783 784 0
1 14 15 16 17 18 19 20 21 22 23 24 25 26 27 28 29 30 31 32 33 34 35 36 39 40 43 44 45 46 47 48 49 50 51 53 54 55 56 57 58 59 60 61 62 63 64 67 68 69 70 71 72 73 74 75 76 77 78 79 80 81 82 83 85 86 88 89 90 91 93 94 95 96 97 98 99 100 101 102 103 104 105 106 107 108 109 110 111 113 114 116 117 118 119 120 121 122 123 125 127 128 129 130 131 132 133 134 135 136 137 141 142 143 144 145 146 147 148 149 150 152 155 156 161 162 163 164 166 169 170 171 172 173 174 175 176 177 178 179 180 183 184 185 186 187 188 189 190 191 192 193 194 195 196 197 198 199 200 201 210 211 212 213 214 215 216 220 221 224 225 226 227 228 229 230 232 234 235 238 240 241 242 243 245 246 248 250 251 252 253 254 255 256 257 259 260 261 262 263 264 265 266 268 269 270 271 272 273 274 275 276 277 278 279 280 282 283 284 286 287 289 290 291 292 293 294 296 297 299 300 301 302 303 304 305 306 307 308 310 311 312 313 314 315 316 317 318 319 320 321 322 324 325 326 327 328 329 330 331 332 333 336 340 341 342 343 344 345 346 347 348 350 355 356 357 358 359 360 364 366 367 372 373 374 375 376 378 379 380 381 382 383 384 385 386 387 388 389 390 391 392 393 394 395 396 397 398 399 400 401 402 403 404 405 406 407 411 412 413 414 415 417 418 419 420 421 422 423 425 426 427 428 429 430 431 432 434 435 436 437 438 439 440 441 442 443 444 445 446 447 448 449 453 454 455 456 457 459 460 461 463 465 467 468 469 471 472 473 474 475 476 477 478 479 480 481 482 483 484 486 487 488 489 491 492 493 494 495 496 499 500 501 503 505 507 508 509 511 512 513 514 515 516 517 519 520 521 522 523 524 525 526 527 528 529 531 533 534 535 536 537 538 539 540 541 542 544 545 547 549 550 551 552 553 554 556 557 558 559 561 564 565 566 567 568 569 570 573 575 576 577 578 579 580 581 582 583 584 585 586 587 589 590 591 592 593 594 595 596 597 598 599 600 601 602 603 604 605 606 608 609 613 614 616 617 618 619 620 623 626 627 628 630 631 632 633 636 637 638 639 641 643 644 645 646 647 648 649 650 651 653 654 655 657 658 659 661 662 663 664 667 668 669 672 673 675 676 677 678 681 682 683 685 686 687 690 691 693 694 696 699 700 701 703 704 705 706 707 708 709 710 713 714 715 716 717 718 719 720 721 722 723 724 725 726 727 728 729 730 731 732 733 734 735 736 737 738 739 740 741 742 744 745 746 747 748 749 750 752 754 755 756 758 759 760 761 762 763 764 765 766 767 768 769 770 772 773 779 780 784 0
1 2 3 4 5 6 8 9 10 11 12 13 14 15 16 17 18 19 20 21 22 23 24 25 26 27 28 29 30 31 32 33 34 35 36 39 40 41 43 45 46 47 48 50 53 55 56 57 58 59 60 61 62 63 64 67 68 69 70 71 72 73 74 75 76 77 78 79 80 81 82 83 85 86 87 88 89 90 93 95 96 97 99 100 101 102 103 105 106 107 108 110 112 116 117 118 119 122 123 124 125 126 127 128 129 130 131 132 133 134 135 137 138 139 140 141 144 145 146 147 148 150 154 155 157 158 159 160 161 163 164 165 166 167 168 169 170 171 172 173 174 175 176 177 178 179 180 182 183 186 187 190 193 194 197 198 199 201 202 206 207 208 209 210 211 212 213 214 215 216 217 219 220 221 222 223 224 225 226 227 228 229 230 232 233 236 237 238 242 243 244 246 249 251 253 255 256 257 258 259 260 262 263 265 267 268 269 270 271 272 273 274 275 276 277 278 280 282 283 284 285 286 287 290 291 292 294 295 297 298 300 301 302 303 305 307 311 312 314 315 317 318 319 320 321 322 323 325 326 327 328 329 330 331 332 333 334 335 337 338 339 340 341 342 346 348 349 351 352 353 354 355 356 357 359 360 361 362 363 364 365 366 367 368 369 370 371 372 373 374 375 376 377 378 380 381 382 383 386 389 390 391 392 0
1 2 5 6 7 8 9 10 11 12 13 14 15 16 17 18 19 20 21 22 23 25 26 27 28 29 30 32 34 35 38 39 40 41 43 44 45 46 47 48 49 50 51 52 53 54 55 56 57 59 60 63 64 65 66 67 68 69 70 71 72 73 74 75 76 78 79 80 81 82 84 85 86 87 88 91 95 96 97 99 100 102 105 106 107 108 109 110 111 112 113 114 116 117 118 119 120 121 122 123 124 126 127 128 129 130 131 136 137 138 140 141 142 143 144 145 146 148 149 150 151 152 153 155 156 157 158 159 160 161 163 164 166 167 168 169 170 171 172 173 174 175 176 177 179 180 181 182 183 185 186 187 188 189 190 192 193 194 195 196 197 198 201 203 204 205 206 207 209 210 211 213 214 215 216 217 218 219 220 221 222 223 224 225 226 227 228 230 231 232 233 234 235 236 237 239 240 242 243 244 246 247 248 249 250 251 252 253 254 255 256 257 258 259 260 261 262 263 264 265 266 269 272 273 274 275 276 277 279 280 281 282 283 284 285 286 287 288 290 292 293 294 295 296 298 300 301 302 304 305 306 307 308 311 312 313 314 315 317 318 319 320 321 322 324 325 326 327 331 332 333 334 338 339 340 341 342 343 344 345 346 347 348 349 351 352 353 355 356 357 358 360 361 362 364 365 366 367 368 369 370 371 372 374 375 376 377 378 379 380 381 382 384 385 386 387 389 390 391 392 0
1 2 3 4 5 6 7 8 13 14 15 16 17 18 19 20 21 22 23 25 28 29 30 31 33 34 36 37 38 39 40 42 43 44 45 46 47 50 51 52 53 54 55 56 57 58 60 62 63 64 68 69 70 71 72 73 74 75 76 77 79 80 82 83 84 86 87 88 89 90 91 92 93 94 95 96 97 98 99 100 102 103 104 105 106 107 108 109 113 115 116 117 118 119 121 122 123 124 126 127 128 129 130 131 132 133 134 135 136 137 138 139 140 141 142 143 144 0
2 3 5 9 10 11 12 13 14 15 17 18 19 20 21 23 26 28 29 30 32 0

66
1 2 3 4 5 6 7 8 9 10 11 12 13 14 15 16 17 18 19 20 21 22 23 24 25 26 27 28 29 30 31 32 33 34 35 36 37 38 39 40 41 42 43 44 45 46 47 48 49 50 51 52 53 54 55 56 57 58 59 60 61 62 63 64 65 66 67 68 69 70 71 72 73 74 75 76 77 78 79 80 81 82 83 84 85 86 87 88 89 90 91 92 93 94 95 96 97 98 99 100 101 102 103 104 105 106 107 108 109 110 111 112 113 114 115 116 117 119 120 121 122 123 124 125 126 127 128 129 130 131 133 134 135 136 137 138 139 140 141 142 143 144 145 146 147 148 149 150 151 152 153 154 155 156 157 158 159 160 161 162 163 164 165 166 167 168 169 170 171 172 173 174 175 176 177 178 179 180 181 182 183 184 185 186 187 188 189 190 191 192 193 194 195 196 197 198 199 200 201 202 203 204 205 206 207 208 209 210 211 212 213 214 215 216 217 218 219 220 221 222 223 224 225 226 227 228 229 230 231 232 233 234 235 236 237 238 239 240 241 242 243 244 245 246 247 248 249 250 251 252 253 254 255 256 257 258 259 261 262 263 264 265 266 267 268 269 270 271 272 273 274 275 276 277 278 279 280 281 282 283 284 285 286 287 288 289 290 291 292 293 294 295 296 297 298 299 300 301 302 303 304 305 306 307 308 309 310 311 312 313 314 315 316 317 318 319 320 321 322 323 324 326 327 328 329 330 331 332 333 334 335 336 337 338 339 340 341 342 343 344 345 346 347 348 349 350 351 352 353 354 355 356 357 358 359 360 361 362 363 364 365 366 367 368 369 370 371 372 373 374 375 376 377 378 379 380 381 382 383 384 385 386 387 388 389 390 391 392 393 394 395 396 397 398 399 400 401 402 403 404 405 406 407 408 409 410 411 412 413 414 415 416 417 418 419 420 421 422 423 424 425 426 427 428 429 430 431 432 433 434 435 436 437 438 439 440 441 442 443 444 445 446 447 448 449 450 451 452 453 454 455 456 457 458 459 460 461 462 463 464 465 466 467 468 469 470 471 472 473 474 475 476 477 478 479 480 481 482 483 484 485 486 487 488 489 490 491 492 493 494 495 496 497 498 499 500 501 502 503 504 505 506 507 508 510 511 512 513 514 515 516 517 518 519 520 521 522 523 524 525 526 527 528 529 530 531 532 533 534 535 536 537 538 539 540 541 542 543 544 545 546 547 548 549 550 551 552 553 554 555 556 557 558 559 560 561 562 563 564 565 566 567 568 569 570 571 572 573 574 575 576 577 578 579 580 581 582 583 584 585 586 587 588 591 592 593 594 596 597 598 599 600 602 603 604 608 609 610 613 614 615 616 617 618 619 620 621 622 628 629 630 631 632 636 637 638 639 640 641 643 644 645 646 647 648 649 650 651 652 653 654 655 656 657 658 659 660 663 664 665 666 667 668 669 670 671 673 674 675 676 677 678 679 680 681 682 683 684 685 687 688 689 690 691 692 693 694 698 699 700 706 707 708 709 710 711 712 713 715 716 717 718 719 720 721 722 723 726 727 728 729 730 731 732 733 734 735 737 738 739 740 741 742 746 747 748 749 750 751 752 753 754 755 756 757 762 763 764 765 766 767 768 769 770 771 772 774 775 776 777 778 781 782 784 0
1 10 11 14 15 16 17 18 19 20 21 22 23 24 25 26 27 28 29 31 32 33 34 35 36 37 38 39 40 41 42 43 44 46 47 48 49 50 51 52 54 55 56 57 58 59 60 61 62 63 64 65 66 67 68 69 70 71 72 73 74 76 77 78 79 80 84 85 86 87 88 89 90 91 92 99 100 101 102 103 104 105 106 107 110 113 114 118 119 120 121 122 123 124 125 127 128 129 130 131 132 133 134 135 136 137 138 139 140 141 142 143 144 145 146 147 148 149 150 151 152 153 155 156 158 159 160 161 162 163 164 165 166 169 175 176 177 178 179 180 181 183 184 185 186 187 188 189 190 191 192 193 194 195 196 198 199 200 201 202 203 204 205 206 207 208 209 210 214 215 216 217 218 219 220 221 222 223 224 228 229 230 231 234 235 236 237 238 243 244 245 246 247 249 250 251 252 254 256 257 258 259 261 262 263 264 265 266 270 271 272 273 274 275 276 277 278 279 280 282 283 286 287 288 289 290 291 292 293 294 296 297 299 300 301 302 303 308 310 311 312 314 315 316 317 319 320 321 322 326 327 328 329 330 331 332 333 334 335 336 339 340 341 342 343 344 345 346 347 348 349 350 354 355 356 357 358 360 361 362 363 364 371 372 373 374 375 376 378 379 380 381 382 383 384 385 386 387 388 389 390 391 392 393 394 395 396 397 398 399 400 401 402 403 404 405 406 407 409 410 411 412 413 414 415 416 417 418 419 422 423 424 428 429 430 432 434 435 436 437 438 439 440 442 443 444 445 446 447 449 450 451 452 455 456 457 458 459 460 461 462 463 465 467 469 470 471 472 473 474 475 477 478 479 481 482 483 484 485 486 487 488 489 490 491 494 495 496 497 498 500 501 502 503 505 506 507 508 509 510 511 512 514 515 518 519 521 522 523 525 526 532 533 534 535 536 537 538 540 541 542 543 544 545 550 551 552 553 554 555 556 557 558 559 561 562 565 567 568 569 570 571 573 575 576 577 578 579 580 581 582 583 584 585 586 587 588 589 590 591 592 593 594 595 596 597 598 599 600 601 602 604 605 606 607 608 609 610 614 615 616 618 619 620 624 625 626 627 628 629 630 632 633 634 635 636 637 638 639 641 642 643 644 646 647 648 649 650 651 652 653 654 655 656 657 658 660 661 663 664 665 666 667 668 669 670 671 672 674 675 677 678 679 680 681 682 683 684 685 686 688 689 690 691 692 693 694 695 697 698 699 700 704 705 706 707 710 711 712 713 714 718 719 720 721 722 724 725 726 727 728 729 730 731 732 733 734 735 736 738 739 740 741 742 743 744 745 746 747 748 751 752 753 754 755 756 758 759 760 761 762 763 764 765 766 767 768 769 770 779 780 781 782 784 0
1 2 3 4 5 6 7 8 12 13 14 15 17 18 19 20 21 22 23 24 25 26 27 28 29 31 32 33 34 36 37 38 39 40 41 43 45 46 61 62 63 64 66 67 68 69 70 71 72 73 74 75 78 79 80 81 82 85 87 88 89 92 95 96 98 99 100 102 103 105 107 108 109 110 111 112 115 116 117 118 119 121 122 123 124 125 126 128 129 130 131 133 134 135 136 137 138 140 142 144 147 149 150 153 154 157 161 164 165 166 167 168 171 172 173 177 178 179 183 184 185 190 193 197 199 202 203 205 207 208 209 210 212 213 214 215 216 217 219 220 221 222 223 225 226 228 229 231 232 233 234 235 236 237 238 240 241 242 243 246 247 248 249 250 251 252 254 255 257 258 259 261 262 263 264 265 266 268 269 271 272 273 274 275 276 277 278 280 282 283 286 287 289 290 291 292 293 294 300 301 304 305 306 308 309 311 312 313 314 315 317 319 320 322 325 326 327 330 331 332 333 334 337 340 345 346 349 350 354 355 356 357 360 361 363 364 366 367 368 369 370 371 372 373 375 376 379 381 382 383 384 387 388 389 390 391 392 0
1 2 4 5 6 7 10 11 12 13 14 16 18 19 21 22 23 24 25 26 28 29 31 32 35 36 37 38 39 40 42 45 46 47 48 49 52 53 54 55 56 57 58 59 60 61 62 63 64 65 67 68 69 70 71 72 73 74 75 76 77 78 83 84 85 86 87 89 90 91 92 94 95 96 102 103 104 105 106 109 110 111 112 116 117 118 119 120 121 122 125 126 127 137 138 139 140 141 142 143 144 145 147 150 151 152 153 155 159 160 161 162 163 165 166 167 168 170 171 172 174 175 176 178 180 181 182 183 186 187 190 191 192 193 194 195 196 197 198 201 205 207 208 209 210 213 214 215 216 217 218 219 220 221 222 224 225 226 227 228 229 232 234 236 237 239 243 246 247 252 253 255 256 257 258 259 260 261 262 263 264 265 266 267 268 269 271 272 273 274 275 276 278 279 280 283 284 286 287 288 290 291 292 293 294 295 297 298 300 301 302 303 304 305 306 307 308 311 312 314 315 317 318 319 320 321 322 325 326 327 329 332 333 338 339 340 341 343 344 345 346 347 348 349 350 351 352 353 354 357 360 361 362 364 365 366 367 368 369 370 371 372 373 374 375 376 377 378 379 381 382 383 384 385 387 388 389 390 392 0
1 3 4 5 6 7 8 9 10 11 12 13 14 15 17 18 19 22 24 25 29 32 34 38 39 40 44 45 46 47 48 49 50 51 54 57 59 63 65 67 68 69 71 73 76 78 82 83 84 85 86 88 89 92 93 94 96 98 100 101 102 104 105 106 109 110 113 114 116 117 118 121 123 124 125 127 128 129 130 132 133 135 137 138 140 141 142 143 0
2 4 5 8 9 10 12 13 15 23 25 29 32 0

67
1 2 3 4 5 6 7 8 9 10 11 12 13 14 15 16 17 18 19 20 21 22 24 25 26 27 28 29 30 31 32 33 34 35 37 38 39 40 41 42 43 44 45 46 47 48 49 50 51 52 53 54 55 56 57 58 59 60 61 62 63 64 65 66 67 68 69 70 71 72 73 74 75 76 77 78 79 80 81 82 83 84 85 86 87 88 89 90 91 92 93 94 95 96 97 98 99 100 101 102 103 104 105 106 107 108 109 110 111 112 113 114 115 117 118 119 120 121 122 123 124 125 126 127 128 129 130 131 132 133 134 135 136 137 138 139 140 141 142 143 144 145 146 147 148 149 150 151 152 153 154 155 156 157 158 159 160 161 162 163 164 165 166 167 168 169 170 171 172 173 174 175 176 177 178 179 180 181 182 183 184 185 186 187 188 189 190 191 192 193 194 195 196 197 199 200 201 202 203 204 205 206 207 208 209 210 211 212 213 214 215 216 217 218 219 220 221 222 223 224 225 226 227 228 229 230 231 232 233 234 235 236 237 238 239 240 241 242 243 244 245 246 247 248 249 250 251 252 253 254 255 256 257 258 259 260 261 262 263 264 265 266 267 268 269 270 271 272 273 274 275 276 278 279 280 281 282 283 284 286 287 288 289 290 291 293 294 295 296 297 298 299 300 301 302 303 304 305 306 307 308 309 310 311 312 313 314 315 316 317 318 319 320 321 322 323 324 325 326 327 328 329 330 331 332 333 334 335 336 337 338 339 340 341 342 343 344 345 346 347 348 349 350 351 352 353 354 355 356 357 358 359 360 361 362 363 364 365 366 367 368 369 370 371 372 373 374 375 376 377 378 379 380 381 382 383 384 385 386 387 388 389 390 391 392 393 394 395 396 397 398 399 400 401 402 404 405 406 407 408 409 410 411 412 413 414 415 416 417 418 419 420 421 422 423 424 425 426 427 428 429 430 431 432 433 434 435 436 437 438 439 440 441 442 443 444 445 446 447 448 449 450 451 452 453 454 455 456 457 458 459 460 461 462 463 464 465 466 467 468 469 470 471 473 474 475 476 477 478 479 480 481 482 483 484 485 486 487 488 489 490 491 492 493 494 495 496 497 498 499 500 501 502 503 504 505 506 507 508 509 510 512 513 514 515 516 517 518 519 520 521 522 523 524 525 526 527 528 529 530 531 532 533 534 535 536 537 538 539 540 541 542 543 544 545 546 547 548 549 550 551 552 553 554 555 556 557 558 559 560 561 562 563 564 565 566 567 568 569 570 571 572 573 574 575 576 577 578 579 580 581 582 583 584 585 586 587 588 589 590 593 594 597 598 599 600 601 602 603 604 605 606 607 609 610 611 612 613 614 615 616 617 618 619 623 624 625 626 629 630 631 632 633 634 635 636 637 638 640 641 645 646 647 648 650 651 652 653 654 655 658 659 660 661 662 663 664 665 666 667 669 670 671 672 673 674 675 676 677 678 679 680 681 682 683 685 686 687 688 689 690 691 692 693 694 695 697 699 700 701 702 703 704 705 706 707 709 710 711 712 713 714 715 716 717 718 719 720 721 722 723 724 725 726 727 728 729 730 731 732 733 734 735 736 737 738 739 740 741 742 743 747 748 749 750 751 752 755 756 758 760 764 765 766 767 771 772 773 774 775 776 777 778 779 780 784 0
1 9 10 11 12 13 14 15 16 17 18 19 20 21 22 23 24 25 26 27 28 29 30 31 32 33 34 36 37 38 39 41 43 44 45 46 47 49 50 51 52 57 58 59 60 62 63 65 71 72 73 74 75 76 77 78 79 80 82 85 86 87 88 89 90 91 92 93 94 95 96 97 99 100 101 102 103 104 105 106 107 108 109 110 111 113 114 115 116 117 118 119 120 121 122 123 124 125 126 127 128 129 130 131 132 133 134 135 136 137 138 139 140 141 142 143 144 145 146 147 148 149 150 151 152 153 154 155 156 159 160 161 162 163 164 165 166 167 169 170 176 177 178 179 183 184 185 186 187 188 189 190 191 192 193 194 195 197 198 199 200 201 202 203 204 205 206 207 208 209 210 212 213 214 215 216 217 218 220 222 223 224 226 227 228 230 231 233 234 235 237 238 240 241 242 243 244 246 247 248 249 252 253 254 255 256 257 258 259 260 261 262 266 267 268 269 270 271 273 274 275 276 277 280 281 282 283 284 285 286 287 288 289 290 291 294 296 297 298 300 301 302 303 304 305 306 307 308 310 311 313 314 315 316 317 318 319 320 321 322 324 326 327 328 329 330 331 332 333 334 335 336 338 339 341 342 343 344 345 346 347 348 349 350 352 356 357 358 359 360 361 362 363 364 366 372 373 374 375 378 379 380 381 382 383 384 385 386 387 388 389 390 391 392 393 394 395 396 397 398 399 400 401 402 403 404 405 406 408 409 410 411 413 414 415 416 417 418 419 421 425 426 427 428 429 430 432 433 436 437 438 440 441 442 443 444 445 446 447 449 453 454 455 456 457 458 459 460 461 463 464 465 468 469 470 471 472 473 474 475 477 478 479 480 482 483 484 485 486 487 489 491 492 493 494 495 496 497 498 499 500 501 504 506 507 508 509 510 511 512 513 514 515 516 518 519 522 523 524 525 526 527 528 529 530 531 534 535 536 537 538 539 540 541 542 544 545 547 548 550 552 553 554 555 556 557 558 559 560 561 563 568 569 570 571 572 573 575 576 577 578 579 580 581 582 583 584 585 586 587 589 590 591 592 593 594 595 596 597 598 599 600 601 602 604 605 606 607 608 611 612 613 614 616 617 620 621 624 625 626 630 632 633 634 637 638 639 642 643 644 645 646 647 649 650 651 652 653 657 658 659 660 661 664 665 666 667 668 672 673 674 676 677 678 679 680 681 682 683 684 686 687 689 691 692 693 694 695 696 697 698 699 700 702 704 705 708 709 711 712 713 714 715 716 717 718 719 720 721 722 723 724 725 726 728 729 730 731 732 733 734 735 736 737 739 740 741 742 744 745 746 747 748 749 750 751 752 753 754 756 758 759 760 761 762 763 764 765 766 767 768 769 770 779 784 0
1 2 3 4 5 6 7 8 11 12 13 14 15 16 17 18 19 20 22 23 24 25 26 27 29 30 31 32 33 34 35 36 37 38 39 40 41 42 43 45 46 47 48 53 54 55 56 57 60 61 62 64 65 66 67 68 69 73 74 75 76 77 79 80 81 82 83 84 86 88 89 90 97 101 103 104 105 106 107 108 109 110 111 112 113 114 115 116 117 118 119 120 121 122 123 124 125 126 127 128 129 130 131 132 133 134 135 136 137 138 139 140 142 143 144 145 147 148 149 151 152 153 154 155 158 159 161 162 164 165 169 170 171 172 173 175 177 178 179 180 181 182 184 185 186 190 193 194 197 199 200 201 202 203 206 207 208 209 211 213 214 215 216 218 219 220 221 222 223 224 225 226 227 228 229 230 231 233 234 235 236 237 241 242 243 245 246 247 248 249 250 251 253 256 257 258 260 261 262 263 264 265 266 267 270 272 274 275 276 277 279 280 282 283 284 286 289 290 291 292 295 298 299 301 302 303 306 307 309 310 312 313 317 319 320 321 323 324 325 326 328 329 331 332 333 334 335 337 341 344 347 348 349 350 351 352 353 354 355 356 357 358 359 360 361 362 363 364 366 367 368 369 370 371 372 373 374 375 376 377 378 381 382 383 385 386 387 388 389 391 392 0
1 3 4 5 6 7 8 10 11 13 15 16 17 18 19 20 21 23 24 25 26 27 28 29 30 31 32 34 35 36 37 38 39 40 41 42 45 46 47 48 49 51 52 53 54 55 56 57 58 59 60 62 63 65 66 67 70 71 72 73 74 75 76 77 78 79 80 81 82 83 84 85 86 87 88 89 91 92 94 95 96 97 100 101 103 104 105 106 107 108 109 110 111 112 113 115 116 117 118 119 120 122 123 124 125 126 127 128 129 130 131 137 138 139 141 142 143 144 145 147 148 150 151 153 154 156 157 158 159 161 162 163 164 165 166 167 168 169 170 171 172 173 174 175 176 177 178 179 180 181 182 183 184 185 186 188 189 190 191 193 194 196 197 198 200 201 204 206 207 210 211 212 213 214 215 216 218 219 221 222 223 226 227 228 229 230 231 232 233 234 235 237 239 244 245 246 247 248 249 250 251 252 253 257 258 259 260 263 264 265 266 267 268 270 271 273 275 276 277 278 279 280 281 282 283 284 285 287 288 290 291 292 293 294 296 298 301 303 304 305 306 308 309 310 311 312 313 316 317 318 319 320 321 322 323 326 327 328 329 330 332 333 334 335 336 338 339 340 341 342 343 344 345 346 347 348 349 350 352 354 356 357 358 359 361 362 364 365 366 367 368 370 371 372 374 375 376 377 378 380 381 382 383 384 385 386 387 388 389 390 391 392 0
1 3 4 5 7 8 9 11 12 13 14 16 17 18 19 20 21 23 24 25 28 29 31 33 34 35 37 38 40 41 42 43 44 46 47 48 50 51 53 55 56 57 58 59 60 62 63 67 68 70 71 72 73 77 78 79 81 82 83 86 87 88 89 91 92 93 95 96 98 99 100 102 103 104 105 106 107 109 111 112 113 114 115 116 117 120 122 123 124 125 126 127 128 129 130 131 132 134 135 137 138 139 140 143 144 0
1 2 4 6 9 10 13 18 21 22 23 24 25 26 27 28 29 31 32 0

68
1 2 3 4 5 6 7 8 9 10 11 12 13 14 15 16 17 18 19 20 21 22 23 24 25 26 27 28 29 30 31 32 33 34 35 36 37 38 39 40 41 42 43 44 45 46 47 48 49 50 51 53 54 55 56 57 58 59 60 61 62 63 64 65 66 67 68 69 70 71 72 73 74 75 76 77 78 79 80 81 82 83 84 85 86 87 88 89 90 91 92 93 94 95 96 97 98 99 100 101 102 103 104 105 106 107 108 109 110 111 112 113 114 115 116 117 118 119 120 121 122 123 124 125 126 127 128 129 130 131 132 133 135 136 137 138 139 140 141 142 143 144 145 146 147 148 149 150 151 152 153 154 155 156 157 158 159 160 161 162 163 164 165 166 167 168 169 170 171 172 173 174 175 176 177 178 179 180 181 182 183 184 185 186 187 188 189 190 191 192 193 194 195 196 197 198 199 200 201 202 203 204 205 206 207 208 209 210 211 212 213 214 215 216 217 218 219 220 221 222 223 224 225 226 227 228 230 231 232 233 236 237 238 239 240 241 242 243 244 245 246 247 248 249 250 251 252 253 254 255 256 257 258 259 260 261 262 263 264 265 266 267 268 269 270 271 272 273 274 275 276 277 278 279 280 281 282 283 284 285 286 287 288 289 290 291 292 293 294 295 296 297 298 299 300 301 302 303 304 305 306 307 308 309 310 311 312 313 314 315 316 317 318 319 320 321 322 323 324 325 326 327 328 329 330 331 332 333 334 335 336 337 338 339 340 341 342 343 344 345 346 347 348 349 350 351 352 353 354 355 356 357 358 359 360 361 362 363 364 365 366 367 368 369 370 371 372 373 374 375 376 377 378 379 380 381 382 383 384 385 386 387 388 389 390 391 392 393 394 395 396 397 398 399 400 401 402 403 404 405 406 407 408 409 410 411 412 413 414 415 416 417 418 419 420 421 422 423 424 425 426 427 428 429 430 431 432 433 434 435 436 437 438 439 440 441 442 443 445 446 447 448 449 450 451 452 453 454 455 456 457 458 459 460 461 462 463 464 465 466 467 468 469 470 471 472 474 475 476 477 478 479 480 481 482 483 484 485 486 487 488 489 490 491 492 493 494 495 496 497 498 499 500 501 502 503 504 505 506 507 508 509 510 511 512 513 514 515 516 517 518 519 520 521 522 523 524 525 526 527 529 530 531 532 533 534 535 536 537 538 539 540 541 542 543 544 545 546 547 548 549 550 551 552 553 554 555 556 557 558 559 560 561 562 563 564 565 566 567 568 569 570 571 572 573 574 575 576 577 578 579 580 581 582 583 584 585 586 587 588 589 590 597 598 599 600 601 603 604 605 606 607 608 609 610 611 612 613 614 615 616 617 618 619 620 621 622 623 624 625 626 627 628 629 630 631 632 633 634 635 636 637 638 640 641 642 643 644 645 646 647 648 649 651 652 653 654 655 659 660 661 662 663 664 665 666 668 670 671 672 673 674 675 676 677 678 679 680 681 682 683 684 685 686 687 688 689 690 691 692 693 694 695 696 697 698 699 700 701 702 703 704 706 707 708 710 711 712 713 714 715 716 717 718 719 720 721 722 724 726 727 728 729 730 731 732 733 734 735 737 738 739 740 741 742 743 744 745 746 747 748 749 751 752 753 754 755 756 757 758 759 760 761 762 763 767 768 769 771 772 773 774 775 776 778 779 780 781 783 784 0
1 9 10 11 14 15 16 17 18 19 20 24 25 26 27 29 30 31 32 33 34 38 39 40 41 42 43 44 45 46 47 48 50 51 52 53 57 58 59 60 62 63 64 65 66 67 69 71 72 73 74 75 77 78 79 80 81 82 83 84 85 86 87 88 89 90 91 92 93 94 95 96 97 98 99 100 101 102 104 105 106 107 108 109 110 111 112 113 114 115 116 117 118 119 120 121 122 124 125 126 127 128 129 130 132 133 134 135 136 137 138 139 140 141 142 143 144 145 146 147 148 150 151 152 153 154 155 156 157 158 159 160 161 162 163 164 165 166 167 169 170 171 172 173 174 179 180 181 183 184 185 186 187 189 190 191 192 193 194 195 196 197 198 199 200 204 205 206 207 208 209 210 211 212 213 214 222 223 224 225 226 227 228 230 231 233 234 236 237 238 239 240 241 242 247 248 249 251 252 253 254 255 256 259 260 261 262 263 266 267 268 269 270 271 274 275 276 277 279 280 281 282 283 284 285 286 287 288 289 290 292 293 294 295 296 297 298 299 300 301 302 303 304 305 306 307 308 309 310 311 312 313 314 315 316 317 318 320 321 322 323 324 325 326 327 329 330 331 332 334 335 336 337 338 339 340 341 342 343 344 345 348 349 350 352 353 355 356 357 358 360 361 362 363 364 366 367 370 371 372 375 376 377 378 379 380 381 382 383 384 385 386 387 388 389 390 391 392 393 394 395 396 397 398 399 400 401 402 403 404 405 406 407 408 409 410 411 412 413 414 415 416 417 418 419 421 426 427 428 429 430 431 432 433 434 435 436 437 438 439 440 441 442 443 444 445 446 448 449 450 454 456 457 458 459 460 461 463 464 465 466 467 469 470 471 472 473 474 476 477 478 479 480 481 482 483 484 485 486 487 490 491 492 493 495 496 497 498 499 500 501 502 503 505 506 507 508 509 510 511 512 513 519 520 521 523 524 525 526 527 528 529 530 531 532 533 534 535 538 539 540 541 542 543 544 545 547 548 549 551 552 553 554 555 556 559 561 562 563 564 565 566 567 569 570 571 572 573 575 576 577 578 579 580 581 582 583 584 585 586 587 589 590 591 592 593 594 595 596 597 598 599 600 601 602 603 604 605 607 608 611 612 613 615 616 617 618 619 620 621 622 623 624 625 629 630 631 632 633 634 635 636 637 638 639 640 641 642 644 645 647 648 649 652 653 654 655 656 657 658 659 660 661 662 664 665 666 667 668 669 670 671 672 673 674 675 676 678 679 680 681 682 683 686 687 688 690 691 692 693 694 695 699 700 701 703 704 705 706 707 708 709 710 711 712 714 715 716 717 719 720 721 722 723 724 725 726 727 728 729 731 733 734 736 737 738 739 740 741 742 743 744 745 747 748 749 751 753 755 756 757 758 759 760 761 762 763 765 766 767 768 769 770 772 773 776 777 781 784 0
1 2 5 6 7 8 10 11 12 13 14 15 16 17 18 19 20 21 22 24 26 27 29 30 31 32 33 34 36 37 38 39 40 41 43 44 45 46 47 50 52 53 54 55 57 58 59 60 61 62 64 65 67 68 69 71 72 75 76 77 78 79 81 82 83 84 85 87 88 92 93 94 95 96 97 99 101 102 103 104 105 106 107 108 109 110 111 112 113 114 115 116 117 118 119 120 121 122 123 124 125 126 127 128 129 130 131 132 133 134 135 136 137 138 140 141 142 143 144 147 148 152 153 154 155 158 159 162 164 165 166 168 169 170 171 172 174 176 178 179 180 181 182 183 185 186 189 190 191 192 197 198 199 200 201 202 203 204 205 206 207 208 209 211 213 214 215 216 218 220 221 222 223 224 225 226 227 228 229 230 231 232 233 234 235 236 237 238 240 241 242 243 246 248 249 250 251 252 253 255 256 257 258 260 261 262 263 265 266 267 269 270 272 273 274 276 277 278 279 280 281 282 283 284 286 287 288 289 290 291 292 293 294 295 297 298 299 300 301 302 303 304 306 307 308 309 310 312 313 314 316 317 318 319 320 321 322 323 324 325 326 327 328 329 331 333 337 338 339 340 341 344 346 347 348 349 350 351 352 353 354 355 356 357 358 359 360 361 362 363 364 365 366 367 368 369 370 371 372 373 374 375 376 377 378 380 381 382 383 386 387 388 389 390 391 392 0
4 5 6 7 8 10 12 13 14 15 16 17 18 19 20 21 22 23 24 25 26 27 28 30 31 32 33 34 35 36 37 38 39 40 41 42 44 45 46 47 48 49 50 51 52 53 54 55 56 57 59 63 64 65 68 69 70 71 72 73 74 75 76 77 78 79 80 81 85 86 88 89 92 93 94 96 100 102 104 105 107 110 111 112 114 115 116 117 118 119 121 122 123 124 125 126 127 128 129 131 132 133 135 141 142 143 144 145 147 150 151 152 153 154 155 156 158 159 160 161 162 164 165 166 167 168 169 170 171 172 173 174 175 176 177 178 179 180 181 182 184 185 186 187 188 189 190 191 192 194 196 197 198 200 201 202 203 204 206 207 208 209 211 213 214 216 217 218 219 220 221 222 224 225 228 229 231 232 234 235 236 237 239 240 241 242 243 244 246 248 249 250 251 252 253 254 255 257 258 259 260 264 265 266 267 268 269 270 271 272 273 274 276 277 278 279 280 281 283 284 286 287 288 289 291 292 293 294 296 297 298 299 301 303 305 306 308 309 310 311 312 313 314 315 316 317 319 320 321 323 324 325 326 329 330 331 332 333 334 337 338 339 340 341 343 344 345 347 348 349 351 352 354 355 356 357 359 361 362 363 364 365 366 367 369 370 371 372 373 374 376 377 378 379 380 381 383 385 386 388 389 390 391 392 0
1 2 4 5 6 7 8 9 10 11 12 13 14 15 16 17 18 19 20 21 23 24 25 27 28 30 31 32 33 34 35 36 37 38 39 40 43 44 45 47 48 49 50 51 53 55 56 57 58 59 61 62 65 66 67 68 70 71 72 73 74 75 76 77 78 82 83 84 85 87 91 94 97 99 100 102 103 105 106 107 109 110 111 113 114 116 117 119 120 121 123 127 128 130 131 132 133 134 135 137 139 141 143 144 0
2 4 5 8 10 11 13 14 15 16 17 19 20 22 24 26 27 28 29 30 31 32 0

69
1 2 3 4 5 6 7 8 9 10 11 12 13 14 15 16 17 18 19 20 21 22 23 24 25 26 27 28 29 30 31 32 33 34 35 36 37 38 39 40 41 42 43 44 45 46 47 48 49 50 51 52 53 54 55 56 57 58 59 60 61 62 63 64 65 66 67 69 70 71 72 73 74 75 76 77 78 79 80 81 82 83 84 85 86 87 88 89 90 91 92 93 94 95 96 98 99 100 101 102 103 104 105 106 107 108 109 110 111 112 113 114 115 116 117 118 119 120 121 122 123 124 125 126 127 128 129 130 131 132 133 134 135 136 137 138 139 140 141 142 143 144 145 146 147 148 149 150 151 152 153 154 155 156 157 158 159 160 161 162 163 164 165 166 167 168 169 170 171 172 173 174 175 176 177 178 179 180 181 182 183 184 185 186 187 188 189 190 191 192 193 194 195 196 197 198 199 200 201 202 203 204 205 206 207 208 209 210 211 212 213 214 215 216 217 218 219 220 221 222 223 224 225 226 227 228 229 230 231 232 233 234 235 236 237 238 239 240 241 242 243 244 245 246 247 248 249 251 252 253 254 256 257 258 259 260 261 262 263 266 267 268 269 270 271 272 273 274 275 276 277 278 279 280 281 282 283 284 285 286 287 288 289 290 291 292 293 294 295 296 297 298 299 300 301 302 303 304 305 306 307 308 309 310 311 312 313 314 315 316 317 318 319 320 321 322 323 324 325 326 327 328 329 330 331 332 333 334 335 336 337 338 339 340 341 342 343 344 345 346 348 349 350 351 352 353 354 355 356 357 358 359 360 361 362 363 364 365 366 367 368 369 370 371 372 373 374 375 376 377 378 379 380 381 382 383 384 385 386 387 388 389 390 391 392 393 394 395 396 397 398 399 400 401 402 403 404 405 406 407 408 409 410 411 412 413 414 415 416 417 418 419 420 421 422 423 424 425 426 427 428 429 430 431 432 433 434 435 436 437 438 439 440 441 442 444 445 446 447 448 449 450 451 452 453 454 455 456 457 458 460 461 462 463 464 465 466 467 468 469 470 471 472 473 475 476 477 478 479 480 481 482 483 484 485 486 487 488 489 490 491 492 493 494 495 496 497 498 499 500 501 502 503 504 505 506 507 508 509 510 511 512 513 514 515 516 517 518 519 520 521 523 524 525 526 527 528 529 530 531 532 533 534 535 536 537 539 540 541 542 543 544 545 546 547 548 549 550 551 552 553 554 555 556 557 558 559 560 561 562 563 564 565 566 567 568 569 570 571 572 573 574 575 576 577 578 579 580 581 582 583 584 585 586 587 588 596 597 598 599 603 604 606 609 610 611 615 616 617 619 620 621 622 623 624 625 630 631 632 633 634 635 636 637 638 639 640 641 642 643 645 647 648 649 650 651 652 653 654 655 656 657 658 659 660 661 662 663 664 665 666 667 668 669 670 671 672 673 674 675 676 677 678 679 680 681 682 683 684 685 686 687 688 689 690 691 692 693 694 695 698 699 700 701 702 703 704 705 706 707 708 709 710 711 712 713 714 715 716 717 718 719 720 722 723 724 725 726 727 728 729 730 731 732 733 734 735 736 737 738 739 740 743 744 745 746 747 748 749 750 751 752 753 754 756 757 758 759 760 761 763 764 765 766 768 770 771 773 775 776 777 778 784 0
14 15 17 18 19 20 21 22 23 24 25 26 29 30 31 32 33 34 35 36 37 38 40 43 44 46 47 48 49 50 51 52 53 54 55 56 57 60 62 63 64 65 66 67 68 69 70 71 73 74 75 76 77 78 79 80 81 82 83 84 85 86 87 88 89 90 91 92 93 94 95 96 97 98 99 100 101 102 103 104 105 106 107 108 110 111 112 113 114 115 116 117 119 120 121 122 123 124 125 126 127 128 129 131 132 134 135 136 137 138 139 140 141 142 143 144 145 146 147 148 149 150 151 152 153 154 155 156 157 158 159 160 161 162 163 165 166 169 170 171 172 174 175 176 183 184 185 186 187 188 189 190 191 192 193 194 195 198 202 203 204 205 206 207 208 210 214 215 216 218 219 224 227 228 229 230 231 232 233 234 235 238 240 241 243 244 245 246 247 248 249 250 252 254 255 256 257 258 259 260 261 262 263 264 266 270 271 272 273 274 275 276 277 278 279 280 282 283 284 285 286 287 288 289 291 292 293 294 295 296 297 298 299 300 301 302 303 305 306 307 308 309 310 311 312 313 315 316 317 318 319 320 321 322 323 324 325 326 327 328 332 333 334 335 336 337 338 339 340 341 342 343 344 345 346 347 348 349 350 352 354 355 356 357 358 359 360 361 362 363 364 366 367 369 370 371 372 373 374 375 376 378 379 380 381 382 383 384 385 386 387 388 389 390 391 392 393 394 395 396 397 398 399 400 401 402 403 404 405 406 408 409 411 413 414 415 417 418 419 421 422 423 424 425 426 427 428 429 430 431 432 433 435 437 438 439 440 441 442 443 444 445 446 448 449 450 451 452 453 454 455 456 458 459 460 461 462 463 464 465 466 467 468 469 470 471 472 473 474 475 476 477 478 479 480 481 482 483 484 485 486 487 488 489 490 491 492 493 494 495 496 497 498 499 501 502 504 505 506 507 508 509 510 511 512 513 514 515 516 518 519 520 521 522 523 524 525 526 527 528 529 530 531 533 534 535 536 537 538 539 540 541 542 543 545 548 549 550 551 552 553 554 555 556 557 558 562 563 565 566 567 568 569 570 571 572 573 575 576 577 578 579 580 583 584 585 586 587 589 590 591 592 593 594 595 596 597 598 599 600 601 602 604 605 607 609 610 614 615 616 618 619 622 623 624 630 633 634 635 636 637 638 639 640 642 644 646 647 648 649 650 651 652 653 654 655 656 657 658 661 662 663 664 665 666 667 668 669 670 671 672 674 675 676 677 679 681 682 683 684 685 686 687 688 689 690 693 694 695 696 697 698 699 700 701 702 703 704 705 707 708 709 711 712 713 714 715 716 717 718 719 720 724 725 726 727 728 729 730 731 732 733 734 735 736 737 738 739 740 741 742 743 744 745 746 747 748 749 750 751 752 753 754 756 757 758 759 760 761 762 763 764 765 766 770 775 784 0
1 2 3 4 6 7 8 10 11 12 13 15 16 17 18 19 20 22 23 24 26 27 28 29 30 31 32 34 35 36 37 38 39 40 41 42 43 46 47 48 49 52 53 54 55 57 58 59 60 61 62 64 65 66 67 69 70 72 73 75 76 77 78 79 80 81 83 84 85 86 87 88 89 90 91 92 94 95 96 97 99 100 101 102 103 104 105 107 108 109 110 112 113 114 115 116 117 118 119 120 121 122 123 124 125 126 127 128 131 132 133 134 135 136 137 138 140 141 142 143 146 147 150 152 154 156 157 158 159 160 162 163 164 165 166 167 169 170 171 172 173 174 175 176 177 178 179 181 182 183 184 185 186 189 190 192 193 194 197 199 200 201 202 205 206 207 208 209 210 211 212 214 215 216 217 218 219 220 221 222 223 224 225 226 227 228 229 230 231 232 233 234 235 236 237 238 240 242 244 245 246 247 248 249 250 251 254 256 257 258 259 261 262 263 264 265 266 267 269 270 271 272 273 274 275 276 277 278 279 280 281 282 283 284 285 286 287 290 291 292 293 294 296 297 298 301 302 304 305 306 307 311 312 313 314 315 316 317 318 319 320 321 322 323 324 325 326 327 328 329 331 332 333 335 336 337 339 340 343 345 346 347 348 351 352 353 354 355 356 357 358 359 360 361 363 364 365 366 367 370 371 372 373 374 375 376 377 378 379 380 381 382 383 384 385 386 387 388 389 390 391 392 0
2 3 4 7 9 10 11 13 14 15 16 17 18 19 21 22 23 24 25 26 28 29 30 31 32 33 35 36 37 38 40 43 44 45 46 47 48 49 50 51 52 53 54 56 57 58 59 60 61 62 63 64 65 66 67 68 69 70 71 72 73 74 76 77 78 80 81 82 83 85 86 87 88 89 90 91 92 93 94 95 96 98 101 102 104 105 106 109 110 111 112 113 114 115 116 117 118 119 120 121 122 123 124 125 126 127 128 129 130 132 133 134 135 136 137 138 139 140 141 142 143 144 145 146 147 148 149 150 151 153 154 155 156 157 158 160 161 162 163 164 165 166 168 169 170 171 172 173 174 175 176 177 178 179 180 181 182 184 185 186 187 188 189 190 191 192 193 195 196 197 198 200 201 202 203 204 205 206 207 208 209 210 211 212 213 214 215 216 217 218 219 221 222 223 224 225 226 227 228 229 230 231 232 233 234 235 236 237 238 239 240 241 242 243 244 245 246 247 248 249 252 253 254 255 256 257 260 261 263 264 266 268 269 270 271 272 273 274 275 276 277 278 279 280 281 282 283 284 285 286 287 288 289 290 291 292 293 294 296 297 298 299 301 302 303 304 305 306 308 310 311 312 313 314 315 316 317 318 319 321 322 323 324 325 326 327 328 330 331 332 333 334 335 337 338 339 340 341 342 343 344 345 346 347 348 350 351 353 354 355 356 358 360 362 364 366 368 369 370 371 372 373 374 376 377 378 379 380 381 382 384 385 386 387 388 392 0
1 2 3 4 5 6 7 8 9 10 11 12 13 15 16 18 19 20 21 23 24 25 26 27 29 30 31 32 33 34 35 36 37 38 40 41 42 44 46 47 48 49 50 51 52 53 54 55 57 58 60 61 63 64 67 68 69 70 72 73 74 75 76 77 78 82 83 84 85 86 87 89 90 91 92 93 94 95 96 97 98 99 101 102 103 104 105 106 107 108 109 110 112 113 115 116 117 118 119 120 122 124 125 126 127 128 130 131 132 133 135 136 137 138 139 141 142 144 0
1 3 4 5 7 11 14 16 19 23 27 28 29 30 31 32 0

70
1 2 3 4 5 6 7 8 9 10 11 12 13 14 15 16 17 18 19 20 21 22 23 24 25 26 27 28 29 30 31 32 33 34 35 36 37 38 39 40 41 42 43 44 45 46 47 48 49 50 51 52 53 54 55 56 57 58 59 60 61 62 63 64 65 66 67 68 69 70 71 72 73 74 75 76 77 78 79 80 81 82 83 84 85 86 87 88 89 90 91 92 93 94 95 96 97 98 99 100 101 102 103 104 105 106 107 108 109 110 111 112 113 114 115 116 117 118 119 120 121 122 123 124 125 126 127 128 129 130 131 132 133 134 135 136 137 138 139 140 141 142 143 144 145 146 147 148 149 150 151 152 153 154 155 156 157 158 159 160 161 162 163 164 165 166 167 168 169 170 171 172 173 174 175 176 178 179 180 181 182 183 184 185 186 187 188 189 190 191 192 193 194 195 196 197 198 199 200 201 202 203 204 205 206 207 208 209 210 211 212 213 214 215 216 217 218 219 220 221 222 223 224 225 226 227 228 229 232 233 234 236 237 238 239 240 241 242 243 245 246 247 248 249 250 251 252 253 254 255 256 257 258 259 260 261 262 263 264 265 266 267 268 269 270 271 272 273 274 275 276 277 278 279 280 281 282 283 284 285 286 287 288 289 290 291 292 293 294 295 296 297 298 299 300 301 302 303 304 305 306 307 308 309 310 311 312 313 314 315 316 317 318 319 320 321 322 323 324 325 326 327 328 330 331 332 333 334 335 336 337 338 339 340 341 342 343 344 345 346 347 348 349 350 351 352 353 354 355 356 357 358 359 360 361 362 363 364 365 366 367 368 369 370 371 372 373 374 375 376 377 378 379 380 381 382 383 384 385 386 387 388 389 390 391 392 393 394 395 396 397 398 399 400 401 402 403 404 405 406 407 408 409 410 411 412 413 414 415 416 417 418 419 420 421 422 423 424 425 426 427 428 429 430 431 432 433 434 435 436 437 438 439 440 441 442 443 444 445 446 447 448 449 450 451 452 453 454 455 456 457 458 459 460 461 462 463 464 465 466 467 468 469 470 471 472 473 474 475 476 477 478 479 480 481 482 483 484 485 486 487 488 489 490 491 492 493 494 495 496 497 498 499 500 501 502 503 504 505 506 507 508 509 510 511 512 513 514 515 516 517 518 519 520 521 522 523 524 525 526 527 528 529 530 531 532 533 534 535 536 537 538 539 540 541 542 543 544 545 546 547 548 549 550 551 552 553 554 555 556 558 559 560 561 562 563 564 565 566 567 568 569 570 571 572 573 574 575 576 577 578 579 580 581 582 583 584 585 586 587 588 589 590 591 592 598 601 602 603 608 609 610 611 612 613 617 618 619 620 621 622 623 624 625 626 627 628 629 631 632 633 634 636 637 638 639 640 641 644 645 646 649 650 651 652 653 654 655 656 657 659 660 663 664 665 667 668 669 670 671 675 676 677 678 679 680 681 682 683 684 685 686 687 688 690 691 692 695 696 697 698 699 700 701 702 703 704 705 706 707 709 710 711 712 713 714 715 716 717 718 719 720 721 722 723 724 726 727 728 729 730 731 732 733 734 735 736 737 738 739 740 741 742 743 744 745 746 747 748 749 750 751 752 756 758 759 760 761 762 763 764 765 771 776 777 778 780 782 784 0
1 14 15 16 17 18 19 20 21 22 23 24 25 26 27 29 30 31 32 33 34 35 36 37 38 39 40 41 43 44 45 47 48 49 50 51 52 53 54 57 58 60 62 63 64 65 66 67 68 71 72 74 75 76 77 78 79 80 81 82 85 86 87 88 89 90 91 92 93 94 95 96 97 99 100 103 104 105 106 107 108 109 110 111 112 113 114 115 116 117 118 119 121 122 123 124 125 126 127 128 130 131 132 133 134 135 136 137 138 139 140 141 142 143 144 145 146 147 148 149 150 151 153 154 155 156 157 158 159 160 161 162 163 164 165 169 170 171 173 174 175 181 183 184 185 186 187 188 189 190 191 192 193 194 195 196 197 198 199 200 205 206 207 208 209 210 215 216 217 219 220 224 226 227 228 229 230 232 233 234 238 240 241 242 243 245 246 247 248 249 252 254 258 259 260 261 262 263 264 266 272 273 274 275 276 277 278 280 282 283 284 285 286 287 288 289 290 291 292 294 299 300 301 302 304 305 306 308 310 313 314 315 316 318 319 320 321 322 324 327 328 329 330 331 332 333 334 336 337 338 340 341 342 343 344 345 346 347 348 349 350 351 352 353 354 355 356 357 358 359 360 361 364 366 367 370 371 372 373 374 375 378 379 380 381 382 383 384 385 386 387 388 389 390 391 392 393 394 395 396 397 398 399 400 401 402 403 404 405 406 408 409 410 411 412 413 414 415 416 417 418 419 421 422 423 424 425 426 427 428 429 430 431 433 435 438 439 440 441 442 443 444 445 446 447 450 451 452 453 454 455 456 457 458 459 460 461 463 464 465 466 467 469 470 471 472 473 474 475 477 478 479 480 481 482 483 484 485 486 487 488 489 491 493 494 495 496 497 498 499 500 501 504 506 507 508 509 510 515 516 517 519 521 522 523 524 525 526 527 528 529 530 532 533 536 538 539 540 541 542 544 545 547 549 550 551 552 553 554 555 556 558 559 562 563 564 565 566 567 568 569 570 572 573 575 576 577 578 580 581 582 583 584 585 586 587 589 590 591 592 593 594 595 596 597 598 599 600 601 602 603 604 605 606 608 609 615 616 618 619 623 624 625 629 630 631 632 634 635 636 637 638 639 640 641 644 645 646 647 649 650 651 652 653 654 658 660 661 662 663 664 665 666 667 668 669 670 671 672 674 676 677 678 679 680 681 682 686 688 689 690 691 692 693 695 696 697 699 700 702 703 704 705 706 708 709 710 711 712 713 714 716 717 718 719 720 721 723 724 725 726 727 728 729 730 731 732 733 734 735 736 737 738 740 741 742 743 744 745 746 747 748 749 750 751 752 753 754 755 756 757 758 759 760 761 762 763 764 765 766 768 769 770 771 772 773 777 778 779 784 0
1 2 3 6 7 8 9 10 11 12 13 15 16 17 18 20 21 22 24 25 26 27 28 29 30 31 32 33 34 35 36 37 38 39 40 41 42 43 44 45 47 48 53 54 55 57 59 60 61 62 66 67 68 69 70 74 76 77 79 80 81 83 84 85 86 87 88 89 90 92 93 94 95 96 97 99 102 103 104 105 106 107 108 109 111 112 114 115 116 117 118 119 120 121 122 123 124 125 126 127 128 129 130 131 132 133 134 135 136 137 138 139 140 141 142 143 144 145 146 147 150 151 152 154 157 158 163 164 165 166 168 170 171 172 173 174 175 177 178 179 180 181 182 184 185 186 187 189 190 191 192 193 194 196 197 198 199 200 201 202 205 206 207 208 209 212 213 214 215 216 217 219 220 221 222 223 224 225 226 227 228 229 230 231 232 233 234 235 236 237 240 241 242 243 244 245 246 247 249 250 251 254 255 256 257 258 261 262 263 264 265 266 267 269 270 271 272 273 275 276 277 278 279 281 282 283 284 285 289 290 291 292 293 294 297 298 301 302 303 305 306 307 312 313 314 318 319 320 321 323 325 326 327 328 330 331 332 333 334 335 336 337 338 339 340 341 342 346 348 352 353 354 355 356 357 359 360 361 362 363 364 365 366 367 368 369 370 371 372 373 374 375 376 377 378 379 380 381 382 383 384 385 386 387 388 389 390 391 392 0
2 3 4 5 9 10 11 12 13 14 15 16 17 18 19 20 21 22 23 25 26 27 29 30 31 32 33 34 35 36 37 38 41 43 44 45 46 47 49 50 51 52 53 54 56 57 58 59 60 63 65 66 67 68 69 70 71 73 74 75 76 77 78 79 80 81 82 83 84 85 86 87 88 89 90 91 92 93 94 95 96 97 98 99 100 104 105 106 107 109 110 111 112 113 116 117 118 119 120 121 123 124 125 126 127 129 130 131 132 133 134 136 137 138 139 140 141 142 143 144 145 146 147 149 150 151 152 153 154 155 156 157 158 159 160 161 163 164 166 167 168 169 170 171 172 173 174 175 176 177 178 180 182 183 184 185 186 187 188 189 190 191 192 193 194 195 196 197 198 200 201 202 203 204 205 206 207 208 209 212 213 214 215 216 217 218 219 220 221 222 223 224 225 226 228 229 230 231 232 233 234 235 236 237 238 239 240 241 242 243 245 246 247 248 249 250 251 252 253 254 255 256 257 258 259 260 261 262 263 264 265 266 267 268 269 270 271 272 273 274 275 276 277 278 279 280 282 283 284 285 286 287 288 289 290 291 292 294 296 297 298 299 301 302 304 306 308 309 310 312 313 315 317 318 319 320 321 322 323 324 325 326 327 328 329 330 331 332 333 334 335 336 337 338 339 340 341 342 343 344 345 346 347 348 349 350 353 354 355 356 357 358 359 360 361 362 363 364 365 366 367 368 369 371 372 374 375 376 377 378 379 381 382 384 385 386 387 388 389 390 391 392 0
1 2 5 8 9 10 11 12 13 14 15 16 17 19 20 21 23 27 29 30 31 33 34 35 36 37 38 39 40 42 43 44 46 47 48 49 50 51 53 54 56 58 60 61 62 63 64 67 68 69 70 71 72 74 75 79 80 82 83 84 85 86 87 89 90 91 93 94 95 97 98 101 102 103 104 105 106 107 108 109 111 112 113 114 115 119 120 122 123 125 126 127 128 131 133 134 135 136 137 138 139 141 142 143 0
1 3 4 5 6 7 17 18 19 20 22 23 24 28 29 31 32 0

71
1 2 3 4 5 6 7 8 9 10 11 12 13 14 15 16 17 18 19 20 21 22 23 24 25 26 27 28 29 30 31 32 33 34 35 36 38 39 40 41 42 43 44 45 46 47 48 49 50 51 52 53 54 55 56 57 58 59 60 61 62 63 64 65 66 67 68 69 70 71 72 73 74 75 76 77 78 79 80 81 82 83 84 85 86 87 88 89 90 91 92 93 94 95 96 97 98 99 100 101 102 103 104 105 106 107 108 109 110 111 112 113 114 115 116 117 118 119 120 121 123 124 125 126 127 128 129 130 131 133 134 135 136 137 138 139 140 141 142 143 144 145 146 147 148 149 150 151 152 153 154 155 156 157 158 159 160 161 162 163 164 165 166 167 168 169 170 171 172 173 174 175 176 177 178 179 180 181 182 183 184 185 186 187 188 189 190 191 192 193 194 195 196 197 198 199 200 201 202 203 204 205 206 207 208 209 210 211 212 213 214 215 216 217 218 219 220 221 222 223 224 225 226 227 228 229 230 231 232 233 234 235 236 237 238 239 240 241 242 244 245 246 247 248 249 250 251 252 253 254 255 256 257 258 259 260 261 262 263 264 265 266 267 268 269 270 271 272 273 274 275 276 277 278 279 280 281 282 283 284 285 286 287 288 289 290 291 292 293 294 295 296 297 298 299 300 301 302 303 304 305 306 307 308 309 310 311 312 313 314 315 316 318 319 320 321 322 323 324 325 326 327 329 330 331 332 333 334 335 336 337 338 339 340 342 343 344 345 346 347 348 349 350 351 352 353 354 355 356 357 358 359 360 361 362 363 364 365 366 367 368 369 370 371 372 373 374 375 376 377 378 379 380 381 382 383 384 385 386 387 388 389 390 391 392 393 394 395 396 397 398 399 400 401 402 403 404 405 406 407 408 409 410 411 412 413 414 415 416 417 418 419 420 421 422 423 424 425 426 428 429 430 431 432 433 434 435 436 437 438 439 440 441 442 443 444 445 446 447 448 449 450 451 452 453 454 455 456 457 458 459 460 461 462 463 464 465 466 467 468 469 470 471 472 473 474 475 476 477 478 479 480 481 482 483 484 485 486 487 488 489 490 491 492 493 494 495 496 497 498 499 500 501 502 503 504 505 506 507 508 509 510 511 512 513 514 515 516 517 518 519 520 521 522 523 524 525 526 527 528 529 530 531 532 533 534 535 536 537 538 539 540 541 542 543 544 545 546 547 548 549 550 551 552 553 554 555 556 557 558 559 560 561 562 563 564 565 566 567 568 569 570 571 572 573 574 575 576 577 578 579 580 581 582 583 584 585 586 587 588 589 590 591 592 593 595 596 597 598 599 600 601 602 603 604 605 606 607 608 609 610 611 612 613 614 615 616 617 618 619 620 621 622 623 624 625 626 627 628 629 630 631 635 636 637 638 639 641 642 643 644 645 646 648 649 650 651 652 653 654 655 656 657 658 659 660 661 663 664 665 666 667 668 669 670 671 672 673 674 675 676 677 678 679 680 681 682 683 686 687 688 689 690 691 692 693 694 696 697 700 701 702 703 704 705 707 708 709 710 711 712 714 715 716 717 718 719 720 721 722 723 724 725 726 727 728 729 732 733 734 735 736 737 738 739 740 741 742 743 744 745 746 747 748 749 750 751 752 753 757 758 759 762 763 764 766 767 768 769 770 771 772 773 774 775 776 777 778 779 780 781 782 783 784 0
1 2 3 5 6 8 9 10 11 12 14 15 16 17 18 19 20 21 22 23 24 25 26 27 28 29 30 31 32 33 34 35 36 37 39 40 41 42 43 44 47 48 49 50 51 52 53 54 55 56 57 58 59 60 61 62 63 64 65 67 68 69 70 71 72 73 74 75 77 78 79 80 81 82 83 84 85 86 87 88 89 90 91 92 93 94 95 96 97 99 100 101 102 103 104 105 106 107 108 109 110 113 114 115 116 117 119 120 121 122 123 124 125 127 128 129 130 132 133 134 135 136 137 138 139 140 141 142 143 144 145 147 148 149 150 151 155 156 157 158 159 160 161 162 163 164 165 166 167 169 170 171 172 173 174 175 176 177 178 179 180 181 182 183 184 185 186 187 188 189 190 191 192 193 194 195 196 197 198 199 200 201 202 203 204 205 206 207 208 209 210 211 212 213 214 215 216 217 218 219 220 221 222 223 224 226 227 228 229 230 231 232 233 235 236 237 238 244 245 246 247 248 249 250 251 252 254 256 257 258 259 260 261 263 264 265 266 268 269 272 273 274 275 277 278 279 280 282 283 284 285 286 288 289 290 291 292 294 296 297 298 299 300 302 303 304 305 308 310 311 312 313 314 315 316 317 318 319 321 322 324 325 326 327 328 329 330 331 332 333 334 336 338 339 340 341 342 343 344 345 346 347 348 350 352 353 354 356 357 358 359 360 361 364 366 367 368 369 371 372 373 375 376 377 378 379 380 381 382 383 384 385 386 387 388 389 390 391 392 393 394 395 396 397 398 399 400 401 402 403 404 405 406 407 408 409 410 412 413 414 415 416 417 418 419 421 422 423 424 425 426 427 428 429 430 431 432 433 436 437 439 440 441 442 443 444 445 446 448 449 450 451 452 453 454 455 456 457 458 459 460 461 462 463 466 467 468 469 470 473 474 475 477 479 481 482 483 484 485 486 487 488 489 491 495 496 497 498 499 500 501 502 503 505 506 507 508 510 511 512 513 514 515 516 517 519 520 521 523 526 527 528 529 530 532 533 534 535 536 537 538 539 540 541 544 545 547 548 549 550 551 552 553 554 555 556 557 558 559 561 563 565 566 567 568 569 570 571 572 574 575 576 577 578 579 580 581 582 583 584 585 586 587 588 589 590 591 592 593 594 595 596 597 598 599 600 601 602 603 604 605 606 608 609 610 611 612 615 616 617 620 621 622 623 624 625 626 628 629 630 632 633 634 636 637 638 639 641 642 644 646 647 648 649 650 651 652 655 658 660 661 662 663 664 665 667 669 670 671 672 673 674 675 676 677 678 679 680 681 682 683 685 686 687 688 689 690 691 692 693 694 696 699 700 701 702 703 704 706 707 708 709 710 711 712 713 714 715 716 717 719 720 721 722 723 724 725 726 727 728 730 731 733 734 735 736 737 738 739 741 742 744 745 746 747 748 749 750 751 752 753 754 755 756 758 760 761 763 764 765 766 767 768 769 770 771 772 773 775 776 777 783 784 0
1 2 3 4 5 6 7 8 10 11 12 13 14 15 16 17 18 19 20 21 22 24 25 26 27 29 30 31 32 33 34 36 37 38 39 40 41 42 43 46 47 50 51 53 54 58 59 60 61 63 64 66 67 68 70 71 72 73 75 76 81 82 83 87 88 89 90 92 94 95 97 98 99 100 101 103 104 105 106 107 108 110 111 112 113 114 115 116 117 118 119 120 121 122 123 124 126 127 129 130 131 132 133 135 136 137 138 139 140 142 143 144 145 147 148 149 150 151 152 153 154 157 158 159 160 164 165 169 170 171 172 176 177 178 179 182 186 187 189 190 193 196 197 198 199 200 201 203 206 207 208 209 210 212 213 214 215 216 217 219 220 221 222 223 224 225 226 227 228 229 230 233 234 235 236 237 240 241 242 243 244 245 246 247 248 249 250 251 252 253 254 255 256 257 258 259 261 262 263 265 266 267 268 269 270 271 272 274 275 276 277 278 279 280 282 283 284 285 286 287 289 290 291 292 293 294 295 296 297 298 299 300 301 303 304 305 306 307 308 309 310 311 312 313 315 316 317 318 319 320 324 326 327 331 332 333 334 335 337 339 340 341 342 344 345 346 347 348 349 350 352 353 354 355 356 359 360 361 362 364 365 366 367 368 369 373 374 375 376 377 378 380 381 382 383 384 385 387 388 389 390 391 392 0
1 3 4 5 6 7 9 10 11 12 14 15 16 17 18 19 20 21 22 23 24 25 26 27 28 29 30 31 32 33 35 36 37 38 39 40 41 42 43 44 45 46 47 48 49 50 51 52 53 55 56 57 58 60 61 62 64 65 66 68 70 71 72 73 74 75 78 79 80 81 83 84 85 86 87 88 89 90 91 92 93 94 96 97 98 99 100 101 103 104 105 106 109 110 111 112 114 115 116 117 119 120 121 122 123 124 125 126 130 131 132 133 134 135 136 138 139 140 141 142 143 144 145 146 149 150 151 153 154 155 156 157 158 159 160 161 162 167 168 169 170 171 172 173 174 175 176 178 179 180 181 182 183 184 185 186 187 188 190 191 195 196 197 198 199 200 201 204 205 206 207 209 210 212 213 214 215 218 219 220 221 222 223 225 226 227 229 230 231 232 233 236 238 239 240 242 243 244 245 246 247 248 249 250 251 252 253 254 255 257 258 259 260 261 262 263 264 265 266 267 269 270 271 272 273 274 275 276 277 278 279 280 281 282 283 284 285 286 287 288 289 290 291 292 293 294 295 296 297 298 299 300 301 303 304 305 306 307 310 311 312 313 314 315 318 319 320 325 327 329 332 333 334 335 336 338 340 341 342 343 344 345 346 347 348 349 350 351 353 354 355 356 357 358 360 361 362 363 364 365 366 367 368 369 371 373 374 375 377 378 379 380 381 382 383 384 385 386 387 388 389 390 391 392 0
2 4 6 7 8 9 11 14 15 16 17 19 20 21 24 25 26 27 28 29 30 31 32 33 35 36 37 38 39 40 41 42 43 44 45 46 47 48 49 50 52 53 54 56 57 58 59 60 62 63 64 65 66 67 68 69 71 73 74 75 76 77 78 79 80 82 84 85 86 87 88 89 90 91 93 94 98 100 102 104 105 107 108 109 110 111 112 113 114 117 118 120 123 125 126 127 129 130 132 133 136 137 138 139 142 143 144 0
3 6 7 8 9 10 11 12 15 16 17 22 23 24 25 26 28 29 30 0

72
1 2 3 4 5 6 7 8 9 10 11 12 13 14 15 16 17 18 19 20 21 22 23 24 25 26 27 28 29 30 31 32 33 34 35 36 37 38 39 40 41 42 43 44 45 46 47 48 49 50 51 52 53 54 55 56 57 58 59 60 61 62 63 64 65 66 67 68 69 70 71 72 73 74 75 76 77 78 79 80 81 82 83 84 85 86 87 88 89 90 91 92 93 94 95 96 97 98 99 100 101 102 103 104 105 106 107 109 110 111 112 113 114 115 116 117 118 119 120 121 122 123 124 125 126 127 128 129 130 131 132 133 134 135 136 137 138 139 140 141 142 143 144 145 146 147 148 149 150 151 152 153 154 155 156 157 158 159 160 161 162 163 164 165 166 167 168 169 170 171 172 173 174 175 176 177 178 179 180 181 182 183 184 185 186 187 188 189 190 191 192 193 194 195 196 197 198 199 200 201 202 203 204 205 206 207 208 209 210 211 212 213 214 215 216 217 218 219 220 221 222 223 224 225 226 227 228 229 230 231 232 233 234 235 236 237 238 239 240 241 242 243 244 245 246 248 249 250 251 252 253 254 255 256 257 259 260 261 262 263 264 265 266 267 268 269 271 272 273 274 275 276 277 278 279 280 281 282 283 284 285 286 287 288 289 290 291 292 293 294 295 296 297 298 299 300 301 302 303 304 305 306 307 308 309 310 311 312 313 314 316 317 318 319 320 321 322 323 324 325 326 327 328 329 330 331 332 333 334 335 336 337 338 340 341 342 343 344 345 346 347 348 349 350 351 352 353 354 355 356 357 358 359 360 361 362 363 364 365 366 367 368 369 370 371 372 373 374 375 376 377 378 379 380 381 382 383 384 385 386 387 388 389 390 391 392 393 394 395 396 397 398 399 400 401 402 403 404 405 406 407 408 409 410 411 412 413 414 415 416 417 418 419 420 421 422 423 424 425 426 427 428 429 430 431 432 433 434 435 436 437 438 439 440 441 442 443 444 445 446 447 448 449 450 451 452 453 454 455 456 457 458 459 460 461 462 463 464 465 466 467 468 469 470 471 472 473 474 475 476 477 478 479 480 481 482 483 484 485 486 487 488 489 490 491 492 493 494 495 497 498 499 500 501 502 503 504 505 506 507 508 509 510 511 512 513 514 515 516 517 518 519 520 521 522 523 524 525 526 527 528 529 530 531 532 533 534 535 536 537 538 539 540 541 542 543 544 545 546 547 548 549 550 551 552 553 554 555 556 557 558 559 560 561 562 563 564 565 566 567 568 569 570 571 572 573 574 575 576 577 578 579 580 581 582 583 584 585 586 587 588 589 590 598 599 600 602 603 604 605 606 607 608 610 611 613 617 618 619 620 621 622 623 626 627 630 631 632 633 634 635 638 639 640 641 644 645 646 647 650 651 652 653 654 655 656 657 659 660 662 663 664 665 666 667 668 669 670 671 672 673 675 676 677 678 679 680 681 682 683 684 685 686 687 688 689 690 691 692 694 695 696 697 698 699 700 701 702 703 704 705 706 707 708 709 710 711 712 713 714 715 716 717 718 719 720 721 724 725 726 727 728 729 730 731 733 734 737 739 740 741 742 743 744 745 746 747 748 749 750 751 754 755 756 757 758 759 760 761 762 763 764 765 766 768 769 770 771 772 773 774 775 776 777 778 779 780 781 784 0
1 14 15 16 17 22 23 24 25 26 27 29 30 31 36 37 38 39 40 43 44 45 46 48 49 50 51 52 53 55 57 58 59 60 62 63 64 65 66 67 68 71 72 74 75 76 77 78 79 80 81 82 85 86 87 88 89 91 92 93 94 95 96 97 99 100 101 102 103 104 105 106 107 108 109 110 111 112 113 114 115 116 117 119 120 121 122 123 124 125 126 127 128 129 130 131 132 133 134 135 137 138 139 141 142 143 144 145 146 147 148 151 152 153 155 156 157 158 159 160 161 166 167 169 170 171 172 173 174 175 176 179 180 181 183 184 185 186 187 188 189 190 191 192 193 194 195 196 197 198 199 203 206 207 208 209 210 212 213 221 222 224 226 227 232 233 238 240 241 243 247 248 249 252 254 255 256 257 259 260 261 262 263 264 266 271 272 273 274 275 276 277 278 280 282 284 285 286 287 288 289 290 291 292 293 294 296 297 298 299 300 301 302 303 304 305 306 307 308 309 310 311 312 313 314 316 317 318 319 320 321 322 323 324 325 326 327 328 329 330 331 332 333 334 335 336 338 339 340 341 342 343 344 345 348 349 350 352 353 354 356 357 358 362 363 364 366 367 369 370 371 376 377 378 379 380 381 382 383 384 385 386 387 388 389 390 391 392 393 394 395 396 397 398 399 400 401 402 403 404 405 406 407 408 409 410 411 412 413 414 415 416 417 418 419 421 422 423 424 425 426 427 429 430 431 432 433 435 439 440 441 442 443 444 445 446 447 449 451 452 453 454 455 456 457 458 459 460 461 462 464 466 467 468 469 470 471 472 473 474 475 477 479 480 481 482 484 485 486 487 491 494 495 496 497 498 499 500 501 502 504 505 507 508 511 512 513 514 515 516 517 519 520 521 523 525 526 527 529 530 531 533 534 535 536 537 538 539 540 542 543 544 545 548 551 553 554 555 556 557 558 559 561 563 564 565 566 567 569 570 571 572 574 575 576 577 578 579 580 581 582 583 584 585 586 587 589 590 591 592 593 594 595 596 597 598 599 600 601 602 603 604 605 606 607 608 609 610 611 612 613 614 615 616 617 618 619 620 621 622 623 624 625 626 627 630 632 633 634 635 636 637 639 640 644 645 646 648 650 651 653 654 655 656 657 658 662 663 664 665 666 667 668 669 670 671 672 674 675 676 677 678 679 680 682 683 684 686 688 689 690 691 692 693 694 695 696 697 698 699 700 701 703 704 707 708 709 710 711 712 713 714 715 716 717 720 721 722 723 724 727 728 729 731 732 733 734 735 738 740 741 742 744 746 747 748 749 751 752 753 754 755 756 757 759 760 761 762 765 766 767 768 769 770 771 772 773 774 775 776 777 784 0
1 2 3 4 5 6 7 8 9 10 13 15 16 17 18 19 20 21 22 23 24 25 26 27 28 29 30 31 32 33 34 35 36 37 38 39 40 41 42 43 44 45 46 47 57 60 61 62 65 66 67 68 69 70 71 74 75 76 78 79 80 81 82 84 87 88 89 93 94 95 96 97 99 100 101 102 105 112 114 115 116 117 118 119 120 121 122 123 124 125 126 127 128 130 131 132 133 134 135 137 138 140 141 142 143 144 147 154 164 165 166 168 171 172 173 174 175 176 177 178 179 181 183 184 185 186 190 191 192 193 197 198 200 202 203 207 208 209 212 213 214 215 216 217 218 219 221 222 223 224 225 227 228 229 230 231 233 234 236 237 238 239 240 242 246 247 248 249 250 251 256 257 258 260 261 262 263 264 265 266 267 268 269 270 271 272 273 274 275 276 277 278 280 281 284 286 287 288 289 290 291 294 301 302 305 307 311 312 313 314 316 317 318 320 321 322 323 324 325 326 327 328 329 331 332 333 334 338 339 340 341 350 352 353 354 355 357 358 359 360 362 363 364 365 366 367 368 369 370 371 372 374 375 376 377 378 380 381 382 383 384 385 386 387 388 389 390 392 0
10 14 15 16 17 18 19 20 21 22 23 24 25 27 28 29 30 31 35 39 43 44 46 47 48 49 51 53 54 56 57 58 59 60 61 62 63 64 66 67 68 69 70 71 72 73 75 76 77 78 79 80 81 82 83 84 85 86 87 88 89 90 92 93 96 97 99 104 105 106 108 111 112 113 118 119 120 121 122 123 124 125 127 128 129 130 131 132 134 135 136 137 138 140 142 143 144 145 150 151 152 154 155 156 157 158 160 161 162 164 165 166 167 168 170 171 172 173 174 175 176 179 180 181 182 184 185 186 187 188 189 191 192 193 194 195 196 197 198 199 203 204 205 206 207 208 209 211 212 213 214 215 216 217 218 219 220 221 222 223 225 226 227 228 229 230 231 232 233 235 236 237 241 242 244 246 247 252 253 254 255 256 257 258 259 260 261 262 263 264 266 267 268 269 270 271 272 273 274 275 276 277 278 280 281 283 284 286 287 288 289 290 291 292 293 294 295 296 301 302 306 307 310 311 312 313 314 315 316 317 318 319 320 321 322 323 324 325 326 327 328 329 330 332 333 334 337 338 339 340 343 344 345 346 347 348 349 350 351 352 353 355 357 358 359 360 361 363 364 365 366 367 368 369 370 371 373 374 375 376 377 378 379 380 382 383 385 386 388 389 390 392 0
1 4 5 6 8 9 11 12 13 14 15 16 17 18 19 23 24 25 27 31 33 34 35 36 37 38 40 41 42 43 44 45 46 47 49 52 53 54 58 59 60 61 62 63 65 66 67 68 69 70 72 75 76 77 78 79 80 81 84 85 86 87 88 89 93 94 95 96 97 98 99 100 104 107 109 110 113 114 115 117 118 119 121 124 126 127 128 130 131 132 133 134 138 142 143 0
3 4 5 7 8 9 10 14 22 26 27 28 31 0

73
1 2 3 4 5 6 7 8 9 10 11 12 13 14 15 16 17 18 19 20 21 22 23 24 25 26 27 28 29 30 31 32 33 34 35 36 37 38 39 40 41 42 43 44 45 46 47 48 49 50 51 52 53 54 55 56 57 58 59 60 61 62 63 64 65 66 67 68 69 70 71 72 73 74 75 76 77 78 79 80 81 82 83 84 85 86 87 88 89 90 91 92 93 94 95 96 97 98 99 100 101 102 103 104 105 106 107 108 109 110 111 112 113 114 115 116 117 118 119 120 121 122 123 124 125 126 127 128 129 130 131 132 133 134 135 136 137 138 139 140 141 142 143 144 145 147 148 149 150 151 152 153 154 155 156 157 158 159 161 162 163 164 165 166 167 168 169 170 171 172 173 174 175 176 177 178 179 180 181 182 183 184 185 186 187 188 189 190 191 192 193 194 195 196 197 198 199 200 201 202 203 204 205 206 207 208 209 210 211 212 213 214 215 216 218 219 220 221 222 223 224 225 226 227 228 229 230 231 232 233 234 235 236 237 238 239 240 241 242 243 244 245 246 248 249 250 251 252 253 254 255 256 257 258 259 260 261 262 263 264 265 266 267 268 269 270 271 272 273 274 275 276 277 278 279 280 281 282 283 284 285 286 287 288 289 290 291 292 293 294 295 296 297 298 299 300 301 302 303 304 305 306 307 308 309 310 311 312 313 314 315 316 317 318 319 320 321 322 323 324 325 326 327 328 329 330 331 332 333 334 335 336 337 338 339 340 341 342 343 344 345 346 347 348 349 350 351 352 353 354 355 356 357 358 359 360 361 362 363 364 365 366 367 368 369 370 371 372 373 374 375 376 377 378 379 380 381 382 383 384 385 386 387 388 389 390 391 392 393 394 395 396 397 398 399 400 401 402 403 404 405 406 407 408 409 410 411 412 413 414 415 416 417 418 419 420 421 422 423 424 425 426 427 428 429 430 431 432 433 434 435 436 437 438 439 440 441 442 443 444 445 446 447 448 449 450 451 452 453 454 455 456 457 458 459 460 461 462 463 464 465 466 467 468 469 470 471 472 473 474 475 476 477 478 479 480 481 482 483 484 485 486 487 488 489 490 491 492 493 494 495 496 497 498 499 500 501 502 503 504 505 506 507 508 509 510 511 512 513 514 515 516 517 518 519 520 521 522 523 524 525 526 527 528 529 530 531 532 533 534 535 536 537 538 539 540 541 542 543 544 545 546 547 548 549 550 551 552 553 554 555 556 557 558 559 560 561 562 563 564 565 566 567 568 569 570 571 572 573 574 575 576 577 578 579 580 581 582 583 584 585 586 587 588 603 604 607 608 609 610 611 614 615 616 617 618 619 620 621 623 624 625 626 627 628 629 630 631 632 636 638 639 640 642 643 644 645 646 647 648 649 650 651 652 653 654 657 658 659 660 661 662 665 666 667 668 669 670 671 672 673 674 675 676 677 678 679 680 681 682 683 684 685 686 689 691 692 693 694 695 699 700 701 702 703 704 705 706 707 708 709 710 711 712 713 714 715 716 717 718 719 720 721 722 723 724 725 726 727 728 729 730 731 732 734 735 736 739 740 743 744 745 746 747 748 749 750 751 752 753 754 755 756 758 759 760 761 762 763 764 765 766 767 768 769 770 771 772 773 774 775 776 777 779 780 781 782 783 784 0
1 6 7 14 15 17 18 19 20 21 23 24 26 27 29 31 32 33 35 36 37 38 39 40 41 43 47 48 49 50 51 52 53 54 55 56 57 58 61 63 64 65 66 67 68 69 70 71 72 77 78 79 80 81 82 83 84 85 86 87 88 91 92 93 95 96 97 98 99 100 101 102 105 106 107 109 110 111 113 114 115 116 119 120 121 123 124 125 126 127 128 129 130 132 133 134 135 137 138 139 141 142 143 144 145 146 147 148 149 150 151 152 153 155 156 157 158 159 160 161 162 163 164 165 166 167 168 169 170 171 172 173 174 175 176 178 179 180 181 183 184 185 186 187 188 189 190 191 192 193 194 195 196 198 199 200 201 202 203 204 210 215 216 217 218 224 230 232 237 238 245 246 247 249 250 251 252 258 260 261 262 263 264 265 266 268 273 274 275 277 278 279 280 282 283 284 288 289 291 292 293 294 296 297 298 302 303 307 308 310 311 312 316 317 320 321 322 323 324 325 326 328 329 330 331 333 334 335 336 338 339 340 343 344 345 346 347 348 349 350 351 352 353 354 357 358 359 360 361 362 363 364 366 367 368 369 370 371 372 373 374 375 376 377 378 379 380 381 382 383 384 385 386 387 388 389 390 391 392 393 394 395 396 397 398 399 400 401 402 403 404 405 406 408 409 410 411 412 413 414 416 417 418 419 420 421 422 423 424 425 426 427 428 429 430 431 434 435 436 437 438 439 440 441 442 448 449 450 451 452 454 455 456 457 458 459 460 461 462 463 464 465 466 467 471 472 473 474 475 476 477 478 481 483 484 485 486 487 488 489 491 494 495 496 497 498 499 500 501 502 503 505 506 507 508 509 513 514 515 516 517 519 522 523 524 526 527 530 531 532 533 534 535 537 538 539 540 541 542 544 545 547 551 552 553 554 555 556 557 560 561 562 563 565 566 567 568 569 571 572 574 575 576 577 578 579 580 581 582 583 584 585 586 587 589 590 591 592 593 594 595 596 597 598 599 600 601 602 604 605 606 613 614 615 616 618 619 620 621 622 623 625 627 628 629 630 632 633 634 635 636 637 641 642 643 644 646 647 648 649 650 651 652 654 655 656 658 660 661 662 663 664 665 666 667 669 670 672 674 675 676 677 678 679 680 683 684 685 686 688 689 690 691 692 693 694 697 698 699 700 702 703 704 706 707 708 709 710 711 712 713 714 715 716 717 718 720 721 724 725 726 727 728 729 730 731 732 733 734 735 736 737 738 739 740 741 742 743 744 745 746 747 748 749 750 751 752 753 754 755 756 757 760 761 762 763 766 767 768 770 773 774 775 776 777 778 779 780 781 782 783 784 0
1 2 3 4 5 6 7 8 9 10 11 12 13 15 16 19 20 21 22 23 24 25 26 28 29 30 31 33 34 36 37 38 39 40 41 43 45 46 47 49 53 54 60 61 63 64 67 68 70 71 75 78 81 82 85 86 88 89 92 93 94 95 96 97 98 99 100 101 102 103 104 105 107 108 110 112 115 116 117 118 119 122 123 124 125 126 129 130 131 133 134 135 136 137 138 139 140 141 142 143 144 145 146 147 150 154 157 158 164 165 167 168 171 172 178 179 183 185 186 187 188 190 195 196 197 202 203 205 206 208 209 210 213 214 215 216 220 221 222 223 224 227 228 229 230 231 233 234 235 236 238 239 240 242 243 244 245 246 247 249 250 251 254 256 257 258 259 263 264 265 266 267 270 272 274 277 279 280 281 283 284 285 286 287 288 289 290 291 292 293 294 297 298 301 304 305 306 311 312 313 315 316 319 320 322 323 326 327 330 331 332 333 334 337 338 339 340 341 343 345 346 349 353 354 355 359 360 361 362 366 367 368 369 370 373 374 375 376 380 381 382 383 384 388 389 390 392 0
2 3 6 9 10 11 12 13 14 16 17 18 19 20 21 23 24 25 27 28 30 31 34 37 39 42 43 44 45 46 47 48 49 51 52 53 55 56 57 59 60 61 62 65 66 67 69 70 72 73 76 77 78 79 80 81 83 86 87 88 89 90 92 93 94 96 101 103 104 105 107 108 109 110 111 112 113 114 117 118 119 120 121 124 125 126 128 129 131 133 137 138 139 140 142 143 144 145 147 149 150 152 153 155 159 160 161 162 163 171 172 173 174 177 178 180 181 182 183 185 187 188 191 194 195 198 199 202 203 206 209 212 213 214 215 217 218 219 221 222 225 226 228 229 230 232 235 236 237 239 240 241 242 243 246 247 248 249 250 251 252 253 256 257 259 260 263 264 265 266 267 268 269 270 271 272 273 274 275 276 277 278 279 280 281 282 283 284 285 286 287 288 289 290 291 292 293 294 295 296 298 301 302 305 308 312 314 318 319 320 321 322 326 332 333 334 335 339 340 341 343 344 345 346 347 348 349 350 351 352 353 355 356 357 359 362 363 364 365 366 367 370 371 372 373 374 375 376 377 378 379 380 381 383 384 385 386 388 389 390 392 0
1 2 3 4 5 6 7 9 10 12 15 16 17 18 19 20 21 23 24 26 28 29 30 32 33 34 35 36 37 38 39 40 42 44 45 49 51 53 54 55 56 57 58 59 60 61 62 63 65 66 67 68 69 70 71 73 74 77 79 83 85 90 92 93 95 96 97 99 100 102 105 108 110 113 115 116 117 119 120 126 127 130 132 133 134 137 138 139 140 141 143 144 0
3 4 7 10 12 15 17 19 20 21 22 27 28 29 31 0

74
1 2 3 4 5 6 7 8 9 10 11 12 13 14 15 16 17 18 19 20 21 22 23 24 25 26 27 28 29 30 31 32 33 34 35 36 37 38 39 40 41 42 43 44 45 46 47 48 49 50 51 52 53 54 55 56 57 58 59 60 61 62 63 64 65 66 67 68 69 70 71 72 73 74 75 76 77 78 80 82 83 84 85 86 87 88 89 90 91 92 93 94 95 96 97 98 99 100 101 102 103 104 105 106 107 108 109 110 111 112 113 114 115 116 117 118 119 120 121 122 123 124 125 126 127 128 129 130 131 132 133 134 135 136 137 138 139 140 141 142 143 144 145 146 147 148 149 150 151 152 153 154 155 156 157 158 159 160 161 162 163 164 165 166 167 168 169 170 171 172 173 174 175 176 177 178 179 180 181 182 183 184 185 186 187 188 189 190 191 192 193 194 195 196 197 198 199 200 201 202 203 204 205 207 208 209 210 211 212 213 214 215 216 218 219 220 221 222 223 224 225 226 227 228 229 230 231 232 233 234 235 236 237 238 239 240 241 242 243 244 246 247 248 249 250 251 252 253 254 255 256 257 258 259 260 261 262 264 265 266 267 268 269 270 271 272 273 274 275 276 279 280 281 282 283 284 286 287 288 289 290 291 292 293 294 295 296 297 298 299 300 301 302 303 304 305 306 307 308 309 310 311 313 314 315 316 318 319 320 321 322 323 324 325 326 327 328 329 330 331 332 333 334 335 336 337 338 339 340 341 342 343 344 345 346 347 348 349 350 351 352 353 354 355 356 357 358 359 360 361 362 363 364 365 366 367 368 369 370 371 372 373 374 375 376 377 378 379 380 381 382 383 384 385 386 387 388 389 390 391 392 393 394 395 396 397 398 399 400 401 402 403 404 405 406 407 408 409 410 411 412 413 414 415 416 417 418 419 420 421 422 423 424 425 426 427 428 429 430 431 432 433 434 435 436 437 438 439 440 441 442 443 444 445 446 447 448 449 450 451 452 453 454 455 456 457 458 459 460 461 462 463 464 465 466 467 468 469 470 471 473 474 475 476 477 478 479 480 481 482 483 484 485 486 487 488 489 490 491 492 493 494 495 496 498 499 500 501 502 503 504 505 506 507 508 509 510 511 512 513 514 515 516 517 518 519 520 521 522 523 524 525 526 527 528 529 530 531 532 533 534 535 536 537 538 539 540 541 543 544 545 546 547 548 549 550 552 553 554 555 556 557 558 559 560 561 562 563 564 565 566 567 568 569 570 571 572 573 574 575 576 577 578 579 580 581 582 583 584 585 586 587 588 589 590 591 592 593 596 597 598 599 600 601 602 603 604 605 606 607 608 609 610 611 612 613 614 615 616 617 618 619 620 623 625 626 627 628 629 630 631 632 633 634 635 636 637 638 639 645 646 647 648 650 651 652 653 654 657 658 659 660 661 662 663 664 665 666 667 668 669 671 672 673 674 675 676 677 678 679 680 681 682 683 684 685 686 687 688 689 690 691 693 694 695 696 699 700 701 702 703 704 705 706 707 709 710 711 712 713 714 715 716 717 718 720 721 722 723 726 727 728 729 730 731 732 733 734 735 736 737 738 739 740 741 742 743 747 748 749 750 751 752 753 754 755 756 758 761 763 764 765 766 770 771 772 773 774 775 776 777 778 780 781 782 783 784 0
1 2 3 7 8 9 10 11 12 13 14 15 16 17 18 19 20 22 23 24 25 26 27 28 29 30 31 32 33 34 36 37 38 40 41 43 44 45 46 47 49 50 51 52 55 57 58 59 60 62 63 64 65 68 71 72 73 74 75 76 77 78 79 80 81 82 85 86 87 88 89 90 91 92 93 94 95 96 99 100 101 102 103 104 105 106 107 108 110 111 113 114 115 117 118 119 120 121 122 123 124 125 126 127 128 129 130 131 132 133 134 135 136 137 139 140 141 142 143 144 145 146 147 148 149 150 151 152 153 154 155 156 158 159 160 161 162 163 165 166 167 169 170 176 177 178 179 180 181 183 184 185 186 187 188 189 190 191 192 193 194 195 196 197 198 199 200 201 202 203 204 205 207 208 209 210 211 212 213 214 215 216 219 220 221 222 223 224 225 226 227 228 229 230 231 232 233 234 236 237 238 239 240 241 242 243 244 246 247 248 252 253 254 255 256 257 258 260 261 262 263 266 267 268 269 270 271 273 274 275 276 277 280 281 282 283 284 285 286 287 288 289 290 291 292 294 295 296 297 298 299 300 301 302 303 304 305 306 307 308 309 310 311 313 314 315 316 317 318 319 320 321 322 324 325 326 327 328 329 330 331 332 333 334 335 336 338 339 341 342 343 344 345 346 347 348 349 350 352 356 357 358 359 360 361 362 363 364 372 373 374 375 376 377 378 379 380 381 382 383 384 385 386 387 388 389 390 391 392 393 394 395 396 397 398 399 400 401 402 403 404 405 406 407 408 409 410 411 413 414 415 416 417 418 419 421 422 423 424 425 426 428 430 431 432 433 435 436 437 438 440 442 443 444 445 446 447 449 450 452 454 455 456 457 458 459 460 461 463 464 465 466 467 468 469 470 471 472 473 475 477 478 480 481 482 483 484 485 486 487 488 489 491 492 493 495 496 497 498 499 500 501 504 505 506 507 508 509 510 511 512 513 514 515 516 518 519 520 521 522 523 524 526 527 528 529 530 531 532 534 535 536 538 539 540 542 543 544 545 547 548 549 550 552 553 554 555 556 557 558 560 561 562 563 568 569 570 571 572 573 575 576 577 578 579 580 581 582 583 584 585 586 587 588 589 590 591 592 593 594 595 596 597 598 599 600 601 602 603 604 605 606 607 608 609 610 611 612 614 615 616 617 619 620 621 622 623 624 625 626 627 630 631 632 633 634 637 638 639 640 641 643 644 645 646 647 648 650 651 652 653 658 659 660 661 664 665 667 668 670 672 673 675 676 677 678 679 680 681 682 683 685 686 687 688 691 692 693 694 695 696 697 698 699 700 701 702 703 704 705 706 707 709 710 712 714 715 717 718 719 720 721 722 723 724 725 728 729 730 731 732 733 734 735 736 737 738 739 740 741 742 743 744 745 746 747 748 749 750 751 752 756 757 758 759 760 761 763 764 765 766 767 768 769 770 778 781 782 783 784 0
1 2 3 5 6 7 8 10 11 13 14 15 16 17 18 19 20 22 23 24 25 26 27 28 29 30 31 32 33 34 35 36 38 39 40 41 42 43 45 46 47 50 52 53 54 55 57 58 60 61 62 64 65 66 67 68 69 71 72 73 74 75 76 77 79 80 81 82 83 86 88 89 90 91 97 98 99 100 101 102 103 104 105 106 107 108 110 112 113 114 115 117 119 120 121 122 123 124 125 126 127 128 129 130 131 132 133 134 135 136 137 138 139 140 142 144 145 147 148 149 151 152 153 154 155 156 157 158 159 162 164 165 169 170 171 172 173 174 175 176 177 178 179 180 181 182 184 185 186 190 193 194 197 198 199 200 201 202 203 204 206 207 208 209 211 213 214 215 216 217 218 219 220 221 222 223 224 225 226 227 228 229 230 233 234 235 236 237 238 241 242 243 246 247 248 250 251 252 253 255 256 257 258 260 261 262 263 264 265 267 268 269 270 271 272 274 275 277 278 279 280 282 283 284 285 286 287 289 290 291 292 294 295 298 299 300 301 302 303 304 305 306 309 310 312 313 316 317 319 320 321 323 324 325 326 327 328 329 331 332 333 334 335 337 341 344 346 347 348 349 350 351 352 353 354 355 358 359 360 361 362 363 364 365 366 367 368 369 370 371 372 373 374 376 377 378 381 382 383 384 385 386 387 388 389 390 391 392 0
1 3 4 6 8 10 11 13 14 15 16 17 18 19 20 21 22 23 24 25 26 27 28 29 30 31 33 35 36 37 38 39 40 41 42 45 46 47 48 49 51 52 53 54 55 56 57 58 59 60 63 64 65 67 68 70 71 72 74 75 76 77 78 79 80 81 82 83 85 86 87 88 89 91 92 94 95 96 97 98 99 100 101 102 103 104 105 106 108 110 111 112 113 115 116 117 118 119 120 121 122 123 124 125 126 127 129 130 131 132 137 138 139 141 142 143 144 145 147 148 150 151 153 154 155 156 161 162 163 164 165 167 168 169 170 171 172 173 174 175 177 178 179 180 182 183 184 185 186 187 188 189 190 191 193 194 196 197 198 199 200 204 206 207 210 211 212 213 215 216 218 219 222 223 225 228 229 230 231 233 234 235 236 237 239 240 241 243 244 246 247 248 249 250 251 252 253 254 257 258 259 260 261 262 263 264 266 267 268 271 273 275 276 277 278 279 280 281 282 283 284 285 287 288 289 290 291 292 293 294 295 296 297 298 299 300 301 303 304 305 306 308 309 310 311 312 313 314 315 316 317 318 319 320 321 322 323 326 327 328 329 330 333 334 335 336 337 338 339 340 341 342 343 344 345 348 349 350 351 352 353 356 357 358 359 360 363 364 365 367 368 370 371 372 373 374 375 376 377 378 379 381 382 383 384 385 386 387 388 389 390 391 392 0
1 3 4 5 7 8 9 11 12 13 14 15 16 18 19 20 21 23 24 25 26 28 29 30 31 33 34 35 37 41 42 44 46 47 48 49 50 51 53 54 55 56 57 58 59 60 62 66 67 68 69 70 71 72 73 75 76 77 79 81 82 83 86 87 88 89 91 92 93 95 98 100 101 102 104 105 106 107 108 109 111 112 113 114 115 116 117 120 122 123 124 125 126 127 130 131 132 135 136 137 138 139 140 141 143 144 0
1 2 4 6 9 13 18 21 22 23 24 25 26 27 28 31 0

75
1 2 3 4 5 6 7 8 9 10 11 12 13 14 15 16 17 18 19 20 21 22 23 24 25 26 27 28 29 30 31 32 33 34 35 36 37 38 39 40 41 42 43 44 45 46 47 48 49 50 51 52 53 54 55 56 57 58 59 61 62 63 64 65 66 67 68 69 70 71 72 73 74 75 76 77 78 79 80 81 82 83 84 85 86 87 88 89 90 91 92 93 94 95 96 97 98 99 100 101 102 103 104 105 106 107 108 109 110 111 112 113 114 115 116 117 118 119 120 121 122 123 124 125 126 127 128 129 130 131 132 133 134 135 136 137 138 139 140 141 142 143 144 145 146 147 148 149 150 151 152 153 154 155 156 157 158 159 160 161 162 163 164 165 166 167 168 169 170 171 172 174 175 177 178 179 180 181 182 183 184 185 186 187 188 189 190 191 192 193 194 195 196 197 198 199 200 201 202 203 204 205 206 207 208 209 210 211 212 213 214 215 216 217 218 219 220 221 222 223 224 225 226 227 228 229 231 232 234 235 236 237 238 239 240 241 243 244 245 246 247 248 249 250 251 252 253 254 255 256 257 258 259 260 261 262 263 264 265 266 267 268 269 270 271 273 274 275 276 277 278 279 280 281 282 283 284 286 287 288 289 291 292 293 294 295 296 297 298 299 300 301 302 303 304 305 306 307 308 309 310 311 312 313 314 315 316 317 318 319 320 321 322 323 324 325 326 327 328 329 330 331 332 333 334 335 336 337 338 339 340 341 342 343 344 345 346 347 348 349 350 351 352 353 354 355 356 357 358 359 360 361 362 363 364 365 366 367 368 369 370 371 372 373 374 375 376 377 378 379 380 381 382 383 384 385 386 387 388 389 390 391 392 393 394 395 396 397 398 399 400 401 402 403 404 405 406 407 408 409 410 411 412 413 414 415 416 417 418 419 420 421 422 423 424 425 427 428 429 430 431 432 433 434 435 436 437 438 439 440 441 442 443 444 445 446 447 448 449 450 451 452 453 454 455 456 457 459 460 461 462 463 464 465 466 467 468 469 470 471 472 473 474 475 476 477 478 479 480 481 482 483 484 485 486 487 488 489 490 491 492 493 494 495 496 497 499 500 502 503 504 505 506 507 508 509 510 511 512 513 514 515 516 517 518 519 520 521 522 523 524 525 526 528 529 530 531 532 533 534 535 536 537 538 539 540 541 542 543 544 545 546 547 548 549 550 551 553 554 555 557 558 559 560 561 562 563 564 565 566 567 568 569 570 571 572 573 574 575 576 577 578 579 580 581 582 583 584 585 586 587 588 589 590 591 592 593 603 604 605 606 607 608 609 610 611 614 616 617 618 619 620 621 622 623 624 625 626 627 628 629 630 631 632 633 634 635 636 637 638 639 640 641 642 643 644 645 646 647 648 649 650 651 652 653 655 656 657 658 659 662 663 664 665 666 667 673 675 676 677 678 679 680 681 682 686 687 688 689 691 692 693 694 695 696 697 698 699 700 701 702 703 704 705 706 707 709 710 711 712 716 717 719 720 722 723 724 725 726 727 728 729 733 734 735 736 737 738 739 740 741 742 743 744 746 747 748 749 750 751 752 753 754 755 756 757 758 759 760 761 762 763 764 765 766 771 772 773 777 778 779 780 781 782 783 784 0
1 14 15 16 17 18 19 20 21 22 23 24 25 26 27 28 29 30 31 33 34 35 36 37 38 39 40 41 43 44 45 46 48 49 50 51 52 53 54 55 56 57 58 59 60 61 63 64 65 66 67 68 69 70 71 72 73 75 76 77 78 79 80 85 86 87 89 91 92 93 94 95 96 97 99 100 101 102 103 104 106 107 108 109 110 111 113 114 115 120 121 122 123 124 125 127 128 129 133 134 135 136 137 139 140 141 142 143 145 146 147 148 149 150 151 152 153 155 156 157 158 159 160 161 162 163 164 165 166 169 170 172 173 174 175 176 177 178 179 180 181 183 184 185 186 187 188 189 190 191 192 193 194 195 196 197 198 199 200 201 202 209 210 211 212 213 214 215 217 218 223 224 225 226 227 228 229 230 231 232 233 235 236 237 238 239 240 241 242 243 244 245 246 247 250 251 252 253 254 257 258 259 260 261 262 264 265 266 268 272 273 274 275 276 280 282 285 286 287 288 289 290 294 296 299 300 301 302 303 304 305 307 308 309 310 311 314 315 316 317 318 319 321 322 324 325 326 327 329 331 332 333 334 335 336 338 339 340 342 343 344 345 346 347 349 350 352 353 354 355 356 357 358 359 360 361 362 363 364 366 369 370 371 372 373 374 375 376 377 378 379 380 381 382 383 384 385 386 387 388 389 390 391 392 393 394 395 396 397 398 399 400 401 402 403 404 405 406 407 410 411 412 413 414 415 416 417 418 419 421 422 423 424 425 426 427 428 430 434 435 436 437 438 439 440 441 442 443 444 445 446 447 449 451 452 453 454 455 456 457 458 459 460 461 462 463 464 466 467 468 469 471 472 473 474 475 477 478 481 482 483 484 485 486 488 489 491 492 493 494 495 497 499 500 504 505 507 508 509 510 511 513 514 517 519 520 521 522 524 526 528 529 530 531 533 534 535 537 538 540 541 542 544 545 547 550 551 552 553 554 555 556 557 559 561 562 563 564 565 566 567 568 569 570 571 572 573 575 576 577 579 580 581 582 583 584 585 586 587 588 589 590 591 592 593 594 595 596 597 598 599 600 601 602 603 604 605 606 607 608 613 614 615 616 617 619 620 621 622 623 625 628 629 630 631 632 634 635 636 637 638 640 641 642 643 644 645 646 647 648 649 650 651 652 653 655 656 657 658 659 660 661 662 663 664 666 667 670 672 673 674 675 677 678 679 680 685 686 688 689 690 691 692 693 694 695 697 699 700 701 702 703 704 705 708 709 710 711 714 715 716 717 719 721 722 723 724 725 726 727 728 730 731 736 737 738 741 742 743 744 745 746 747 748 749 750 751 752 753 754 755 756 757 758 759 760 761 762 763 764 765 766 767 768 769 770 776 777 778 779 780 781 782 784 0
1 2 3 5 6 8 10 11 12 13 14 15 16 17 18 19 20 22 23 24 25 27 29 30 31 32 34 35 36 37 38 39 40 41 42 43 45 47 48 49 50 52 53 54 57 58 59 60 61 64 65 67 68 69 71 73 74 75 76 78 79 80 82 83 85 86 87 88 89 90 92 94 95 96 97 98 99 100 101 102 103 104 105 106 107 108 109 110 111 112 114 115 116 117 119 121 122 124 125 126 128 130 131 132 133 135 136 137 138 139 140 142 143 144 145 146 147 149 154 157 159 160 164 165 166 171 172 173 174 177 179 180 182 185 186 187 189 190 191 192 193 195 197 198 199 200 201 202 205 206 207 208 209 211 212 213 214 215 216 219 220 221 222 223 228 229 230 233 234 235 236 237 238 240 241 242 243 244 246 247 248 249 250 251 253 254 256 257 258 259 260 261 262 263 264 265 267 269 270 271 272 273 274 275 276 277 278 279 281 282 284 285 287 289 290 291 292 294 295 296 297 301 302 303 304 305 306 307 308 309 310 311 312 313 316 319 320 321 323 324 326 327 328 332 333 334 335 337 339 341 342 344 345 346 348 349 351 352 353 354 355 356 360 361 362 363 366 367 368 369 370 373 375 377 378 380 381 382 383 384 385 386 387 388 389 390 391 392 0
3 4 7 8 9 10 13 14 15 16 18 20 21 22 23 25 26 27 31 33 34 35 36 37 38 39 40 41 42 43 44 45 46 47 48 49 50 51 52 53 54 55 56 57 58 59 61 62 63 64 67 68 69 70 71 72 76 77 78 79 80 81 84 85 87 89 91 92 93 94 95 96 97 98 99 100 103 104 105 106 110 111 112 117 118 119 120 123 124 125 126 130 131 132 133 136 137 139 140 141 142 143 144 145 146 147 148 149 150 151 152 153 155 156 157 158 159 160 161 164 165 166 168 169 172 174 175 176 177 178 179 180 181 182 184 185 186 187 188 190 191 192 194 195 196 197 198 200 201 204 205 206 207 208 209 211 212 213 214 215 216 217 218 219 220 221 222 223 225 226 228 229 230 231 232 233 234 235 236 237 238 239 242 243 246 247 248 252 254 255 256 257 259 261 262 263 264 265 266 267 269 270 271 272 273 274 276 277 278 279 280 281 282 283 284 285 286 287 288 289 290 291 292 293 294 295 296 297 298 299 300 301 303 304 305 308 309 310 311 312 313 314 315 316 317 318 319 320 321 322 326 327 329 332 334 335 336 338 339 340 341 342 343 344 345 347 348 349 350 351 353 354 355 356 357 358 359 360 361 363 364 365 366 367 368 369 370 371 372 373 374 375 376 377 378 379 380 381 382 383 384 385 386 387 388 389 390 391 392 0
1 2 5 7 8 9 10 12 13 14 15 16 18 19 21 28 29 30 32 33 35 36 37 39 41 44 47 49 50 52 56 61 62 64 65 66 67 68 69 70 71 72 73 74 76 79 80 81 82 83 84 85 86 87 88 89 90 92 95 98 99 100 105 106 107 108 114 117 118 119 120 122 123 125 127 130 131 133 136 137 142 143 0
1 3 7 9 10 12 13 14 16 19 20 21 26 30 31 32 0

76
1 2 3 4 5 6 7 8 9 10 11 12 13 14 15 16 17 18 19 20 21 22 23 24 25 26 27 28 29 30 31 32 33 34 35 36 37 38 39 40 41 42 43 44 45 46 47 48 49 50 51 52 53 54 55 56 57 58 59 60 61 62 63 64 65 66 67 68 69 70 71 72 73 74 75 76 77 78 79 80 81 82 83 84 85 86 87 88 89 90 91 93 94 95 96 97 98 99 100 101 102 103 104 105 106 107 108 109 110 111 112 113 114 115 116 117 118 119 120 121 122 123 124 125 126 127 128 129 130 131 132 133 134 135 136 138 139 140 141 142 143 144 145 146 147 148 149 150 151 152 153 154 155 156 157 158 159 160 161 162 163 164 165 166 167 168 169 170 171 172 173 174 175 176 177 178 179 180 181 182 183 184 185 186 187 188 189 190 191 192 193 194 195 196 197 198 199 200 201 202 203 204 205 206 207 208 209 210 211 212 213 214 215 216 217 218 219 220 221 222 223 224 225 226 227 228 229 230 231 232 233 234 235 236 237 238 239 240 241 242 243 244 245 246 247 248 249 250 251 252 253 254 255 256 257 259 260 261 262 263 264 265 266 267 268 269 270 271 272 273 274 275 276 277 278 279 280 281 282 283 284 286 287 288 289 290 291 292 293 294 295 296 297 299 300 301 302 303 304 305 306 307 308 309 310 311 312 313 314 315 316 317 318 319 320 321 322 323 324 325 326 327 328 329 330 331 332 333 334 335 336 337 338 339 340 341 343 345 346 347 348 349 350 351 352 353 354 355 356 357 358 359 360 361 362 363 364 365 366 367 368 369 370 371 372 373 374 375 376 377 378 379 380 381 382 383 384 385 386 387 388 389 390 391 392 393 394 395 396 397 398 399 400 401 402 403 404 405 406 407 408 409 410 411 412 413 414 415 416 417 418 419 420 421 422 423 424 425 426 427 428 429 430 431 432 433 434 435 436 437 438 439 440 441 442 443 444 445 447 448 449 450 451 452 453 454 455 456 457 458 459 460 461 462 463 464 465 466 467 468 469 470 471 472 473 474 475 476 477 478 479 480 481 482 483 484 486 487 488 489 490 491 492 493 494 495 496 497 498 500 501 502 503 504 505 506 507 508 509 510 511 512 513 515 517 518 519 520 521 522 523 524 525 526 527 528 529 530 531 532 533 534 535 536 537 538 539 540 541 542 543 544 545 546 547 548 549 551 552 553 554 555 556 557 558 559 560 561 562 563 564 565 566 567 568 569 570 571 572 573 574 575 576 577 578 579 580 581 582 583 584 585 586 587 588 601 602 603 604 608 609 610 611 612 613 614 615 616 617 618 619 620 621 624 625 626 627 633 634 635 636 637 638 639 640 641 642 645 646 647 648 650 651 652 653 654 655 658 660 662 663 664 665 666 667 668 669 670 671 672 673 676 677 678 679 680 681 682 683 684 685 686 687 688 689 690 691 694 695 696 697 698 700 701 702 703 704 705 707 708 709 710 711 713 714 717 718 719 721 722 723 724 725 728 729 730 731 732 733 734 735 736 737 738 739 740 741 742 743 744 745 746 747 748 749 750 751 754 755 756 757 758 759 760 761 762 763 764 767 771 774 775 777 778 780 782 783 784 0
14 15 16 17 18 19 20 21 22 23 24 25 26 27 28 29 30 31 35 36 37 38 39 41 43 44 45 49 50 51 52 53 54 57 58 59 60 61 62 63 64 65 66 67 68 69 71 72 73 74 75 76 77 78 79 80 81 82 83 84 85 86 87 89 90 91 92 93 94 95 96 97 98 99 100 101 102 103 104 105 107 108 109 110 111 112 113 114 116 117 118 119 120 121 122 123 124 125 126 127 128 129 130 131 132 133 134 135 136 137 138 139 141 142 143 144 145 146 147 148 149 150 151 153 154 155 156 157 158 159 160 161 162 163 164 166 169 170 171 172 173 174 175 176 179 180 181 183 184 185 186 187 188 189 190 191 192 193 194 195 196 206 207 208 209 210 216 217 218 222 223 224 230 231 233 234 235 238 240 241 242 243 244 246 247 248 249 250 252 254 255 256 257 258 259 260 261 262 263 264 266 268 269 270 271 273 274 275 276 277 278 279 280 282 283 284 286 287 288 289 290 291 292 293 294 296 297 298 299 300 301 302 304 305 306 308 310 311 312 313 314 315 316 317 318 319 320 322 326 327 328 329 331 332 333 334 336 339 340 341 342 343 344 345 346 347 348 349 350 352 353 354 355 356 357 358 359 360 361 362 363 364 366 367 368 369 370 371 372 373 374 375 376 377 378 379 380 381 382 383 384 385 386 387 388 389 390 391 392 393 394 395 396 397 398 399 400 401 402 403 404 405 406 407 408 409 410 411 413 414 415 416 417 418 419 421 424 426 427 428 429 430 431 433 436 437 438 439 441 442 443 444 445 446 447 449 453 454 455 456 457 458 459 461 463 464 465 466 467 468 469 470 471 472 473 474 476 477 478 479 480 481 482 483 484 485 486 487 488 489 490 492 493 494 495 496 497 498 499 500 501 502 503 505 507 508 509 510 511 513 514 515 516 517 518 520 521 522 523 524 525 526 527 528 529 530 531 533 534 535 536 537 538 539 540 541 542 543 545 546 547 548 550 551 552 553 554 555 556 557 558 559 561 562 563 564 565 566 567 568 569 571 573 575 576 577 579 580 581 582 583 584 585 586 587 588 589 590 591 592 593 594 595 596 597 598 599 600 601 602 604 605 606 607 609 610 611 613 614 616 618 619 620 621 623 624 625 626 627 628 629 630 632 633 634 637 638 639 640 641 642 643 644 646 647 648 650 651 652 653 654 655 657 658 660 661 663 664 665 666 667 668 669 672 673 674 677 678 679 680 681 682 683 684 685 686 688 690 691 692 694 695 696 698 699 700 701 702 703 704 705 708 709 710 712 713 714 717 718 719 720 721 722 724 725 726 727 728 730 731 732 733 734 735 736 737 738 739 741 742 743 744 745 746 747 748 749 750 751 752 753 754 756 757 759 760 761 762 763 764 765 766 767 768 769 770 771 772 773 775 776 777 778 779 782 784 0
1 3 4 6 7 8 11 12 13 14 15 17 18 19 20 21 22 24 25 26 27 28 29 30 31 32 33 34 35 36 38 39 40 41 42 43 44 45 46 47 48 53 54 55 56 57 60 61 62 64 66 67 68 69 70 71 72 73 76 77 78 80 81 82 83 84 85 86 87 88 89 90 92 93 94 95 96 97 99 100 101 102 103 104 105 108 109 110 111 112 115 116 117 118 119 121 122 123 124 125 126 127 128 129 130 131 132 133 134 135 136 137 138 139 140 141 142 143 144 145 147 151 152 153 154 157 158 160 161 164 165 166 167 168 170 171 172 173 174 175 177 178 179 180 181 182 183 184 185 186 187 190 191 192 193 197 198 200 201 202 203 206 207 208 209 213 214 215 216 217 219 220 221 223 224 225 226 227 228 229 230 231 232 233 234 235 236 237 239 240 241 242 243 244 247 249 250 251 252 256 257 258 263 264 265 267 268 269 270 271 272 273 274 275 276 278 282 283 284 285 286 287 289 290 291 292 293 294 297 298 299 300 301 302 305 306 307 312 313 314 316 318 319 320 321 323 324 325 326 327 328 329 330 331 332 333 334 335 337 338 339 340 341 342 347 348 349 350 352 353 354 355 356 357 359 360 361 362 363 364 365 366 367 368 369 370 371 372 373 374 375 376 377 378 379 380 381 382 383 384 385 386 387 388 389 390 391 392 0
3 4 5 6 10 11 12 13 14 16 17 18 19 20 21 22 23 25 26 27 28 29 30 31 32 33 34 35 36 37 38 39 42 43 45 46 47 48 49 50 51 52 53 54 55 56 57 58 59 60 61 62 63 64 66 67 68 69 70 71 72 73 74 75 76 77 78 79 80 81 82 83 84 85 86 87 88 89 90 91 92 93 94 95 96 97 98 104 105 106 109 110 111 112 113 114 115 116 117 118 119 120 122 124 126 127 129 130 131 133 134 135 136 137 139 140 141 142 143 144 145 146 150 151 152 153 154 157 159 160 161 163 165 166 168 169 170 171 172 173 174 175 176 177 178 179 180 181 182 183 184 185 186 187 189 190 191 192 193 194 195 196 197 201 202 203 204 205 206 207 208 209 211 212 213 214 215 216 217 218 219 220 221 223 225 226 227 228 229 230 231 232 233 234 235 236 237 238 239 240 241 242 243 245 246 247 248 249 250 251 252 253 255 256 257 258 259 260 261 262 263 264 265 266 267 268 269 270 271 272 273 274 275 276 277 278 279 280 281 282 283 284 285 286 287 288 289 290 291 292 293 294 296 298 299 301 302 305 306 308 312 313 315 318 320 321 322 323 324 325 326 327 328 329 330 331 332 333 334 335 336 337 338 339 340 341 342 343 344 345 346 347 348 349 350 352 353 354 356 357 358 359 360 361 363 364 365 367 368 369 370 371 373 374 375 376 377 378 379 380 381 383 384 385 386 387 388 389 390 392 0
1 3 4 7 8 9 10 11 12 13 15 16 17 19 20 21 22 23 24 26 28 30 33 34 35 36 37 38 39 40 42 43 44 46 48 49 50 51 52 53 54 55 56 57 58 59 60 61 62 65 66 67 68 69 71 73 74 77 79 80 81 82 83 84 85 86 87 88 89 90 94 96 97 98 99 100 101 103 104 106 107 108 109 110 111 112 113 114 115 116 117 119 120 122 123 125 126 127 128 130 133 136 137 139 140 141 142 143 144 0
1 3 4 5 7 17 18 20 21 22 23 24 27 28 29 30 31 32 0

77
1 2 3 4 5 6 7 8 9 10 11 12 13 14 15 16 17 18 19 20 21 22 23 24 25 26 27 28 29 30 31 32 33 34 35 36 37 38 39 40 41 42 43 44 45 46 47 48 49 50 51 52 53 54 55 56 57 58 59 60 61 62 63 64 65 66 67 68 69 70 71 72 73 74 75 76 77 78 79 80 81 82 83 84 85 86 87 88 89 90 91 92 93 94 95 96 97 98 99 100 101 102 103 104 105 106 107 108 109 110 111 112 113 114 115 116 117 118 119 120 121 122 123 124 125 126 127 128 129 130 131 132 133 134 135 136 137 138 139 140 141 142 143 144 145 146 147 148 149 150 151 152 153 154 155 156 157 158 159 160 161 162 163 164 165 166 167 168 169 170 171 172 173 174 175 176 177 178 179 180 181 182 183 184 185 186 187 188 189 190 191 192 193 194 195 196 197 198 199 200 201 202 203 204 205 206 207 208 209 210 211 212 213 214 215 216 217 220 221 222 223 224 225 226 227 228 229 230 231 232 233 234 235 236 237 238 239 240 241 243 244 245 246 247 248 249 250 251 252 253 254 255 256 257 258 259 260 261 262 263 264 265 266 267 268 269 270 271 272 273 274 275 276 277 278 279 280 281 282 283 284 285 286 287 288 289 290 291 292 293 294 295 296 297 298 299 301 302 303 304 305 306 307 308 309 310 311 312 314 315 316 317 318 319 320 321 322 323 324 325 326 327 328 329 332 333 335 336 337 338 339 340 341 342 343 344 345 346 347 348 349 350 351 352 353 354 355 356 357 358 359 360 361 362 363 364 365 366 367 368 369 370 371 372 373 374 375 376 377 378 379 380 381 382 383 384 385 386 387 388 389 390 391 392 393 394 395 396 397 398 399 400 401 402 403 404 405 406 407 408 409 410 411 412 413 414 416 417 418 419 420 421 422 423 424 425 426 427 428 429 430 431 432 433 434 435 436 437 438 439 440 441 442 443 444 445 446 447 448 449 450 451 452 453 454 455 456 457 458 459 460 461 462 463 464 465 466 467 468 469 470 471 472 473 474 475 476 477 478 479 480 481 482 483 484 485 486 487 488 489 490 491 492 493 494 495 496 497 498 499 500 501 502 503 504 505 506 507 508 509 510 511 512 513 514 515 516 517 518 519 520 521 522 523 524 525 526 527 528 529 530 531 532 533 534 535 536 537 538 539 540 541 542 543 544 545 546 547 548 549 550 551 552 553 554 555 556 557 558 559 560 561 562 563 564 565 566 567 570 571 572 573 574 575 576 577 578 579 580 581 582 583 584 585 586 587 588 590 591 597 598 599 602 603 604 605 606 607 608 609 610 611 612 613 614 615 616 617 619 620 621 622 623 624 625 631 632 633 634 635 636 637 638 639 640 641 642 645 646 647 648 649 650 651 652 653 654 655 657 658 659 660 661 662 664 665 666 667 668 669 670 671 672 673 674 675 676 678 679 680 681 682 683 684 685 686 687 688 689 690 692 693 694 695 696 697 698 699 700 701 702 703 704 705 706 707 708 712 713 714 715 716 717 718 719 720 721 722 723 724 727 728 729 730 731 732 733 734 735 736 737 738 739 740 741 742 743 744 745 746 747 748 749 750 751 752 753 754 755 756 757 758 759 760 761 762 763 764 765 766 768 769 771 772 773 774 780 782 784 0
1 14 15 16 17 18 19 20 21 22 23 24 25 26 27 29 30 31 32 33 34 35 36 37 38 39 41 43 45 46 47 48 49 50 51 52 53 57 58 59 60 61 62 63 64 65 66 67 68 69 71 72 73 74 76 77 78 79 80 81 82 83 85 86 87 90 91 92 93 94 95 96 97 98 99 100 101 102 104 105 106 107 109 110 111 112 113 114 115 116 117 118 119 120 122 123 124 125 126 127 128 129 130 131 132 133 134 135 136 138 139 141 142 143 144 145 146 147 148 149 150 151 152 153 154 155 156 157 158 159 160 161 162 163 164 165 166 168 169 170 171 172 173 175 176 177 178 183 184 185 186 187 188 189 190 191 192 193 194 195 196 197 198 199 200 203 204 205 206 207 208 209 210 211 212 213 214 215 217 218 219 223 224 225 226 227 229 230 231 232 233 238 240 242 243 244 245 246 247 248 252 255 256 257 258 259 260 261 262 263 266 268 270 271 273 274 275 276 277 278 279 280 281 282 283 284 285 286 288 289 290 292 293 294 295 296 297 298 299 301 302 303 304 305 306 307 308 310 311 312 313 314 315 316 317 319 320 322 324 325 326 327 328 329 330 331 332 333 334 336 337 338 339 340 341 342 343 344 345 346 347 348 349 350 352 353 354 355 356 357 358 359 360 361 362 363 364 366 367 368 369 370 371 372 373 374 375 376 378 379 380 381 382 383 384 385 386 387 388 389 390 391 392 393 394 395 396 397 398 399 400 401 402 403 404 405 406 407 408 409 410 411 412 413 414 415 416 417 418 419 420 421 424 425 426 427 428 429 430 432 433 435 436 437 438 439 440 441 442 443 444 445 447 448 449 450 451 452 453 454 455 456 457 458 459 460 461 463 465 466 467 468 469 470 471 472 473 476 477 478 479 480 483 484 485 486 490 491 494 495 496 497 498 499 501 502 503 505 506 507 508 509 510 511 512 514 515 516 517 518 520 521 522 523 524 525 526 527 528 529 530 531 532 533 536 537 538 539 540 541 542 543 544 545 546 547 548 549 550 553 554 555 556 557 559 561 562 563 565 566 567 568 569 570 571 572 573 574 575 576 577 578 579 580 581 582 583 584 585 586 587 589 590 591 592 593 594 595 596 597 598 599 600 601 602 603 604 605 606 607 614 615 616 617 619 621 622 623 626 628 629 630 631 632 633 635 636 637 638 639 640 641 642 643 644 645 646 647 648 649 650 651 652 653 654 656 657 658 660 661 662 663 664 665 666 667 668 670 671 672 673 674 675 679 680 681 682 683 686 687 688 689 692 693 694 696 697 699 700 701 703 704 705 706 707 710 711 712 713 714 716 717 718 719 720 721 725 726 727 728 729 732 733 734 735 737 738 739 740 741 742 743 744 746 747 748 749 750 751 752 753 754 755 756 757 758 759 760 761 762 766 767 768 769 770 771 772 773 774 775 784 0
1 2 5 6 7 8 9 10 11 12 15 16 17 18 19 20 22 23 25 26 27 29 31 32 33 34 35 36 37 38 39 40 41 42 43 44 45 46 47 48 49 52 53 54 57 58 59 60 61 62 64 68 69 71 72 73 74 75 76 77 78 79 80 81 82 83 84 85 86 88 89 90 91 92 93 94 95 96 97 99 101 102 103 104 105 106 107 108 109 111 112 113 114 116 117 118 119 120 122 123 124 125 126 127 128 129 130 131 132 133 134 135 136 137 138 139 140 141 142 143 144 146 147 149 151 152 154 156 157 158 162 163 164 165 166 169 171 172 174 175 176 177 178 182 183 184 185 186 187 189 190 193 194 197 198 199 200 201 204 205 207 208 209 211 212 213 214 215 216 217 220 221 222 223 224 225 226 227 228 229 230 231 232 233 234 235 236 237 238 239 240 241 242 243 244 245 246 248 249 250 251 253 254 255 256 257 258 260 261 262 263 264 265 266 267 268 269 270 271 272 273 274 275 276 277 279 280 281 282 283 284 285 286 287 288 290 291 292 293 294 295 296 297 298 301 302 304 305 306 307 309 310 311 312 313 314 316 317 318 319 320 321 322 323 324 325 326 327 328 329 330 331 332 333 334 335 336 337 338 339 340 341 345 346 347 348 351 352 353 354 355 359 360 361 362 363 365 366 367 368 369 370 372 373 374 375 376 378 379 380 381 382 383 384 385 386 387 388 389 390 391 392 0
3 4 6 8 9 10 11 12 15 18 20 21 22 28 29 30 31 32 34 35 36 37 38 39 40 41 42 43 44 45 46 47 48 49 50 51 52 53 54 58 59 60 61 62 63 64 65 66 67 68 69 70 71 72 73 74 76 77 78 79 80 81 82 83 84 85 86 87 88 89 90 91 92 93 94 95 96 97 98 102 104 105 106 109 110 111 112 113 114 115 116 117 118 119 120 121 125 126 127 128 129 130 131 133 134 135 136 137 138 139 140 141 142 143 144 145 146 147 148 149 150 151 153 155 156 157 158 159 160 161 163 164 165 166 167 168 169 170 171 172 173 174 175 176 177 178 179 181 182 184 185 186 187 188 189 190 191 192 193 194 195 196 197 198 200 201 202 205 206 207 208 209 210 211 212 213 214 216 218 219 221 222 224 225 226 227 228 229 230 231 232 233 234 235 236 237 239 240 241 242 243 244 245 246 247 248 249 251 252 253 254 255 256 257 258 259 260 261 262 263 264 265 266 267 268 270 271 272 273 274 275 276 277 278 279 280 281 282 283 284 285 286 287 288 289 290 291 292 293 294 295 296 297 301 302 303 304 305 306 309 311 312 313 314 315 316 318 319 320 321 322 323 324 325 326 329 330 331 332 334 335 336 337 338 339 340 341 342 343 344 345 346 347 348 349 350 352 353 354 355 356 357 358 359 360 361 362 363 364 365 366 367 368 369 370 372 374 376 377 378 379 380 383 384 385 386 387 388 389 390 391 0
2 4 6 7 9 10 11 13 15 16 17 18 20 21 23 25 27 28 29 30 31 32 35 37 38 39 40 42 43 45 46 47 49 50 52 53 54 55 56 58 59 60 61 62 63 65 66 67 68 70 71 72 73 74 76 77 78 79 80 81 82 83 84 85 86 87 88 89 90 91 92 94 95 97 98 99 102 103 105 107 108 110 112 115 117 118 119 120 121 122 123 124 125 126 127 130 131 132 133 135 136 137 140 141 142 143 144 0
1 5 7 9 16 17 18 20 21 22 24 25 28 30 0

78
1 2 3 4 5 6 7 8 9 10 11 12 13 14 15 16 17 18 19 20 21 22 23 24 25 26 27 28 29 30 31 32 33 34 35 36 37 38 39 40 41 42 43 44 45 46 47 48 49 50 51 52 53 54 55 56 57 58 59 60 61 62 63 64 65 66 67 68 69 70 71 72 73 74 75 76 77 78 79 80 81 82 83 84 85 86 87 88 89 90 91 92 94 95 96 97 98 99 100 101 102 103 104 105 106 107 108 109 110 111 112 113 114 115 116 117 118 119 120 121 122 123 124 125 126 127 128 129 130 131 132 133 134 135 136 137 138 139 140 141 142 143 144 145 146 147 148 149 150 151 152 153 154 155 156 157 158 159 160 162 163 164 165 166 167 168 169 170 171 172 173 174 175 176 177 178 179 180 181 182 183 184 185 186 187 188 189 190 191 192 193 194 195 196 197 198 199 200 201 202 203 204 205 206 207 208 209 210 211 212 213 214 215 216 217 218 219 220 221 222 223 224 225 226 227 228 229 230 231 232 233 234 236 237 238 239 240 241 242 243 244 245 246 247 248 249 250 251 252 253 254 255 256 257 258 259 260 261 262 263 264 265 266 267 268 269 270 271 272 273 274 275 276 277 278 279 280 281 282 283 284 285 286 287 288 289 290 291 292 293 294 295 296 297 298 299 301 302 303 304 305 306 307 308 309 310 311 312 313 314 315 316 317 318 319 320 321 322 323 324 325 326 327 328 329 330 331 332 333 334 335 336 337 338 339 340 341 342 343 344 345 346 347 348 349 350 351 352 353 354 355 356 357 358 359 360 361 362 363 364 365 366 367 368 369 370 371 372 373 374 375 376 377 378 379 380 381 382 383 384 385 386 387 388 389 390 391 392 393 394 395 396 397 398 399 400 401 402 403 404 405 406 407 408 409 410 411 412 413 414 415 416 417 418 419 420 421 422 423 424 425 426 427 428 429 430 431 432 433 434 435 436 437 438 439 440 441 442 443 444 445 446 447 448 449 450 451 452 453 454 455 456 457 458 459 460 461 462 463 464 465 466 467 468 469 470 471 472 473 474 475 476 477 478 479 480 481 482 483 484 485 486 487 488 489 490 491 492 493 494 495 496 497 498 499 500 501 502 503 504 505 506 507 508 509 510 511 512 513 514 515 516 517 518 519 520 521 522 523 525 526 527 528 529 530 531 532 533 534 535 536 537 538 539 540 541 542 543 544 545 546 547 548 549 550 551 552 553 554 555 556 557 558 559 560 561 562 563 564 565 566 567 568 569 570 571 572 573 574 575 576 577 578 579 580 581 582 583 584 585 586 587 588 589 590 591 592 593 594 595 596 597 603 604 607 608 609 610 611 612 613 614 615 616 617 618 619 622 623 624 625 626 627 629 630 631 632 633 634 635 636 637 638 639 640 641 642 643 644 645 646 647 648 649 650 651 652 653 654 655 656 657 658 659 660 661 662 665 666 667 668 669 670 671 672 673 674 675 676 677 678 679 680 681 682 683 684 685 686 687 688 689 690 692 693 695 696 701 702 706 707 708 711 712 713 714 715 716 717 718 719 720 721 722 723 724 725 726 727 728 729 731 732 733 735 736 737 738 739 740 743 744 745 746 747 748 749 750 751 752 753 754 755 756 757 758 759 760 761 762 763 764 765 766 767 768 769 770 771 772 773 774 775 776 777 778 779 780 781 782 783 784 0
1 5 6 14 15 16 17 18 19 20 21 22 23 24 25 26 29 30 31 32 33 34 35 36 37 38 39 40 41 43 44 45 46 47 48 49 50 51 52 53 55 56 57 58 59 60 61 62 64 65 66 67 68 69 70 71 72 73 74 75 77 78 79 80 81 82 83 84 85 86 87 88 89 91 92 93 94 95 96 97 99 100 104 105 106 107 109 110 111 113 114 115 118 119 120 121 124 125 126 127 128 129 131 132 133 134 135 136 137 138 139 141 142 143 145 146 147 148 150 151 152 153 155 156 157 158 159 160 161 162 163 164 165 166 167 168 169 170 171 172 173 174 175 177 178 179 180 181 182 183 184 185 186 187 188 189 190 191 192 193 194 195 196 197 198 199 200 201 202 203 204 205 206 210 212 215 216 217 218 219 220 224 225 226 229 230 231 232 233 234 237 238 240 242 243 244 245 246 247 248 249 250 251 252 254 255 256 257 258 259 260 261 262 263 264 265 266 268 269 270 271 272 273 274 275 276 277 278 279 280 282 283 285 286 288 289 290 291 292 293 294 296 297 298 299 300 301 302 303 304 308 310 315 316 317 321 322 324 328 329 330 331 334 335 336 338 339 340 341 342 343 344 347 348 349 350 352 353 354 355 356 357 358 359 360 361 362 363 364 366 367 368 369 370 371 373 374 375 376 377 378 379 380 381 382 383 384 385 386 387 388 389 390 391 392 393 394 395 396 397 398 399 400 401 402 403 404 405 406 407 408 409 410 411 412 413 414 415 416 417 418 419 421 423 424 425 426 427 428 430 432 433 434 435 436 437 439 440 441 442 443 444 445 448 449 454 455 456 457 458 459 461 462 463 464 465 466 467 469 470 471 472 474 475 476 477 479 480 482 483 484 485 486 487 488 489 491 492 493 494 495 496 497 498 499 500 501 502 503 505 506 507 510 511 512 513 514 515 516 517 518 519 522 523 524 525 527 528 529 530 532 533 536 537 538 539 540 545 548 549 550 551 552 555 556 558 560 561 564 565 566 567 570 571 572 574 575 576 577 579 580 581 582 583 584 585 586 587 589 590 591 592 593 594 595 596 597 598 599 600 601 602 603 604 605 606 610 611 612 615 616 617 618 619 620 621 622 623 624 625 626 629 630 632 633 634 635 637 638 639 640 641 642 643 644 645 646 647 648 649 650 652 653 656 657 658 660 661 662 664 665 666 667 668 669 670 672 674 675 676 678 679 680 681 682 683 686 687 688 689 692 693 694 695 696 697 698 699 700 702 703 705 706 707 708 709 710 711 712 713 714 715 716 717 719 720 721 722 723 724 725 726 727 728 729 730 731 732 733 734 738 739 740 741 742 744 745 746 747 748 751 752 753 754 755 756 758 759 760 761 762 763 764 765 768 769 770 771 772 773 776 777 778 779 780 781 782 783 784 0
1 2 3 4 5 7 8 11 12 13 15 16 18 19 20 21 22 25 26 27 28 29 31 32 33 34 36 37 38 39 40 41 43 44 46 47 48 49 54 55 57 60 61 62 64 67 68 69 70 71 75 76 78 80 81 82 86 88 89 93 94 95 96 97 98 99 100 101 102 103 104 105 109 110 111 112 116 117 118 119 122 123 124 125 126 130 131 133 134 135 136 137 138 140 141 142 143 144 146 147 150 151 154 158 159 161 164 165 166 167 171 172 174 177 178 179 184 185 186 188 190 191 192 195 196 197 198 200 206 207 209 210 212 213 214 215 216 217 220 221 222 223 224 226 227 229 230 231 233 234 235 236 238 240 241 242 243 244 245 246 247 248 249 250 251 253 256 257 258 259 260 261 263 264 265 266 267 268 270 271 272 274 275 276 277 279 280 281 282 283 285 286 287 288 289 290 291 293 294 297 298 299 301 302 306 307 311 312 313 314 319 320 321 323 325 326 327 331 332 333 334 335 337 338 339 340 341 342 343 346 347 352 353 354 355 356 357 359 360 361 362 363 364 366 367 368 369 370 373 374 376 377 380 381 382 383 387 388 389 390 392 0
3 5 6 7 8 10 11 13 14 15 16 17 18 19 20 21 23 24 25 27 28 30 31 33 35 36 37 38 40 41 42 43 44 45 46 47 48 49 52 53 54 55 56 57 58 59 60 61 62 63 65 66 67 68 69 71 72 74 75 77 78 79 80 81 82 86 88 89 91 92 93 94 95 96 97 99 100 104 105 107 108 109 110 111 112 114 115 116 117 118 119 120 122 125 126 127 131 133 134 136 138 139 141 142 143 144 145 146 147 150 151 152 153 154 155 157 158 159 160 161 164 165 167 168 170 172 173 174 175 177 179 181 184 185 187 188 190 192 193 194 195 197 198 199 202 204 205 207 208 209 210 211 212 213 214 215 216 217 218 220 221 222 223 225 226 227 228 229 230 232 233 234 235 236 239 240 241 242 243 246 247 248 249 250 251 252 253 254 255 256 257 258 259 260 261 262 263 264 265 266 267 268 269 270 271 273 274 276 277 278 280 281 282 283 284 285 286 287 288 289 290 292 293 294 295 299 301 302 304 305 306 311 312 313 315 318 319 320 324 325 326 329 330 332 333 338 339 340 341 343 344 345 346 347 348 349 350 351 352 353 355 356 357 358 359 360 361 363 364 365 366 367 368 369 370 371 373 374 376 377 378 379 380 382 383 385 386 388 389 390 392 0
1 2 3 4 5 6 7 8 9 13 14 15 16 17 19 20 21 23 24 25 28 29 30 31 32 33 34 35 36 37 38 40 41 42 44 45 46 47 48 50 52 53 55 56 57 58 59 60 61 62 64 67 69 70 71 72 73 74 79 82 83 84 85 88 89 92 93 94 95 97 99 100 101 102 106 107 108 110 111 112 113 114 116 117 118 119 120 121 122 126 129 130 131 133 134 137 138 140 141 142 143 144 0
3 4 7 10 12 15 17 19 20 22 27 28 29 31 0

79
1 2 3 4 5 6 7 8 9 10 11 12 13 14 15 16 17 18 19 20 21 22 23 24 25 26 27 28 29 30 31 32 33 34 35 37 39 40 41 42 43 44 45 46 47 48 49 50 51 52 53 54 55 56 57 58 59 60 61 62 63 64 65 66 67 68 69 70 71 72 73 74 75 76 77 78 79 80 81 82 83 84 85 86 87 88 89 90 92 93 94 95 96 97 98 99 100 101 102 103 104 105 106 107 108 109 110 111 112 113 114 115 116 117 118 119 120 121 122 123 124 125 126 127 128 129 130 131 132 133 134 135 136 137 138 139 140 141 142 143 144 145 146 147 148 149 150 151 152 153 154 155 156 157 158 159 160 161 162 163 164 165 166 167 168 169 170 171 172 173 174 175 176 177 178 179 180 181 182 183 184 185 186 187 188 189 190 191 192 193 194 195 196 197 198 199 200 201 202 203 204 205 206 207 208 209 210 211 212 213 214 215 216 217 218 219 220 221 222 223 224 225 226 227 228 229 230 231 232 233 235 236 237 238 239 240 241 242 243 244 245 246 247 248 249 250 251 252 253 254 255 256 257 258 259 260 261 262 263 264 265 266 267 268 269 270 271 272 273 274 275 276 277 278 279 280 281 282 283 284 285 286 287 288 289 290 291 292 293 294 295 296 297 298 299 300 301 302 303 304 305 306 307 308 309 310 311 312 313 315 316 317 318 319 320 321 322 323 324 325 326 327 328 329 330 331 332 333 334 335 336 337 338 339 340 342 343 344 345 346 347 348 349 350 351 352 353 354 355 356 357 358 359 360 361 362 363 364 365 366 367 368 369 370 371 372 373 374 375 376 377 378 379 380 381 382 383 384 385 386 387 388 389 390 391 392 393 394 395 396 397 398 399 400 401 402 403 404 405 406 407 408 409 410 411 412 413 414 415 416 417 418 419 420 421 422 423 424 425 426 427 428 429 430 431 432 433 434 435 436 437 438 439 440 441 442 443 444 446 447 448 449 450 451 452 453 454 455 456 457 458 460 461 462 463 464 465 466 467 468 469 470 471 472 473 474 475 476 477 478 479 480 481 482 483 484 485 486 487 488 489 490 491 492 493 494 495 496 497 498 499 500 501 502 503 504 505 506 507 508 509 510 511 512 513 514 515 516 517 518 519 520 521 522 523 524 525 526 527 528 529 530 531 532 533 534 535 536 537 538 539 540 541 542 543 544 545 546 547 548 549 550 551 552 553 554 555 556 557 558 559 560 561 562 563 564 565 566 567 568 569 570 571 572 573 574 575 576 577 578 579 580 581 582 583 584 585 586 587 588 592 593 594 595 601 602 603 604 605 606 607 608 609 610 611 612 613 614 615 616 617 621 622 623 624 625 626 627 628 629 630 631 632 638 639 640 642 643 644 645 646 649 650 651 652 653 654 655 657 658 659 660 661 662 663 665 666 667 668 669 670 671 673 674 675 676 678 679 680 681 682 685 686 687 688 689 690 691 692 693 694 695 696 697 698 700 701 702 703 704 706 707 708 709 710 711 712 713 714 715 716 717 718 719 720 721 722 723 724 725 726 729 730 731 733 734 735 736 737 739 742 743 744 745 747 748 749 751 752 753 754 756 757 758 759 760 761 762 765 766 767 768 769 770 771 772 773 775 777 778 779 780 781 782 783 784 0
1 4 5 6 8 14 15 16 17 18 19 20 21 23 25 26 27 29 32 33 34 35 36 37 38 39 40 41 42 43 49 50 51 52 53 55 57 58 59 64 65 66 67 68 69 71 72 73 78 79 80 81 83 85 86 87 88 89 91 92 93 94 95 97 99 100 101 102 103 105 106 107 108 111 113 114 115 116 118 119 120 121 122 125 127 128 129 130 132 133 134 135 137 138 141 142 143 144 145 146 147 148 149 150 151 152 155 156 157 158 159 160 161 162 163 164 165 166 167 169 170 171 172 173 174 176 177 178 179 180 181 183 184 185 186 187 188 189 190 191 192 193 194 195 196 199 200 201 202 203 204 205 209 210 214 215 216 217 218 219 220 223 224 229 230 231 232 233 234 236 237 238 246 247 248 249 251 252 254 259 260 261 262 263 265 266 268 269 273 275 276 277 280 282 283 284 287 288 289 290 291 294 295 296 297 298 299 300 302 303 304 305 308 309 310 311 312 313 314 315 316 317 318 320 321 322 324 325 326 327 329 330 331 332 333 334 335 336 337 338 339 341 342 343 344 345 346 347 348 350 351 352 353 354 355 356 357 358 360 361 362 363 364 366 367 368 370 371 372 373 374 375 376 377 378 379 380 381 382 383 384 385 386 387 388 389 390 391 392 393 394 395 396 397 398 399 400 401 402 403 404 405 406 408 409 410 411 412 414 415 417 418 421 422 423 424 425 426 428 429 430 432 433 435 436 437 438 439 440 441 442 443 444 448 449 450 451 452 453 454 456 457 458 459 460 461 463 466 467 470 476 477 478 480 481 482 483 484 485 486 488 489 491 494 496 497 498 499 501 502 503 505 506 507 508 509 510 511 512 513 514 516 517 519 520 521 522 523 524 525 526 527 528 530 531 533 534 535 536 537 538 539 540 541 542 543 544 545 547 549 550 551 552 553 554 555 556 558 559 561 562 563 565 566 567 569 570 574 575 576 577 578 579 580 581 582 583 584 585 586 587 589 590 591 592 593 594 595 596 597 598 599 600 601 602 604 605 609 615 616 618 619 620 621 622 623 625 627 629 630 632 633 634 635 637 638 639 640 644 646 647 648 649 651 652 653 654 655 656 657 658 660 661 662 663 665 666 667 670 671 672 674 675 676 679 680 681 684 685 686 687 688 689 690 692 693 694 695 696 697 698 699 700 701 703 706 707 708 712 713 714 715 717 719 720 721 722 725 726 727 728 729 730 732 734 735 736 737 738 739 740 741 742 743 744 746 747 748 749 752 753 754 755 756 757 759 760 761 762 763 764 765 766 767 768 769 770 776 779 780 781 782 783 784 0
1 2 3 4 5 6 7 8 11 12 13 15 16 20 22 23 24 25 26 27 29 30 31 32 33 34 36 37 38 39 40 41 43 44 46 47 48 49 53 54 55 60 61 62 64 68 69 71 72 74 75 76 78 79 80 81 82 83 85 86 87 88 89 92 93 94 95 96 97 98 99 100 101 103 104 105 111 112 116 117 118 119 120 121 122 123 124 125 126 127 128 129 130 131 132 133 134 135 136 137 138 140 141 142 144 146 147 150 151 154 158 159 164 165 166 168 169 171 172 173 176 178 179 183 185 186 190 191 195 196 197 200 201 202 203 205 207 208 209 213 214 215 216 220 221 222 223 225 227 228 229 230 231 232 233 234 235 236 238 241 242 243 244 245 247 248 249 250 251 252 254 255 257 258 263 264 265 267 268 269 270 271 274 275 276 277 280 281 283 284 286 287 288 289 290 291 294 297 298 299 301 305 306 307 309 313 314 316 317 319 320 321 323 324 326 327 328 330 331 333 334 337 338 339 340 341 342 343 345 346 347 348 349 350 352 353 354 355 356 359 360 361 362 363 365 366 367 368 369 370 373 374 375 376 377 380 381 382 383 384 386 387 388 389 390 392 0
3 4 5 6 10 11 12 13 14 17 18 19 20 22 23 24 25 27 28 29 30 31 34 35 36 37 38 39 42 43 44 45 46 47 48 49 52 53 56 58 59 60 61 63 64 65 68 69 70 71 72 75 76 77 78 79 81 82 83 84 85 86 87 89 90 91 92 93 94 95 96 102 103 104 105 109 110 111 112 115 116 117 118 119 121 122 123 125 126 127 130 131 135 136 137 138 140 141 142 143 144 145 147 150 151 152 153 154 155 156 157 158 159 160 161 162 163 165 167 168 169 170 171 173 174 175 177 178 181 182 184 186 188 190 192 193 194 195 197 198 200 202 206 207 211 213 214 215 216 217 218 219 220 222 223 225 227 228 229 230 232 233 234 235 236 237 239 240 241 242 243 244 246 247 248 249 250 251 252 253 254 256 257 258 259 260 261 262 263 264 265 266 267 269 271 272 273 274 275 276 277 278 279 280 281 282 283 286 287 288 289 290 292 293 294 295 296 297 298 299 301 302 304 305 306 307 308 309 312 313 314 315 319 320 322 325 326 327 330 331 332 333 334 337 339 340 341 343 344 345 346 347 348 349 350 351 353 356 357 358 359 360 361 362 363 364 365 366 367 368 370 371 372 373 374 376 377 378 379 380 381 382 383 384 385 386 388 389 390 391 392 0
1 3 4 5 6 7 8 11 12 14 15 16 17 18 20 21 23 24 25 27 28 29 30 31 32 33 35 36 38 39 40 42 43 44 45 46 47 48 50 52 53 55 56 57 58 59 61 62 66 67 68 70 71 72 73 74 76 77 81 82 83 84 86 87 88 90 92 93 94 97 98 99 100 101 102 105 106 113 114 116 117 121 125 126 127 129 130 133 134 135 137 138 140 141 142 143 144 0
1 3 8 10 11 12 16 17 20 22 25 27 28 29 31 0

80
1 2 3 4 5 6 7 8 9 10 11 12 13 14 15 16 17 18 19 20 21 22 23 24 25 26 27 28 29 30 31 32 33 34 35 36 37 38 39 40 41 42 43 44 45 46 47 48 49 50 51 53 54 55 56 57 58 59 60 61 62 63 64 65 66 67 68 69 70 71 72 73 74 75 76 77 78 79 80 81 82 83 84 85 86 87 88 89 90 91 93 94 95 96 97 98 99 100 101 102 103 104 105 106 107 108 109 110 111 112 113 114 115 116 117 118 119 120 121 122 123 124 125 126 127 128 129 130 131 132 133 134 135 136 137 138 139 140 141 142 143 144 145 146 147 148 149 150 151 152 153 154 155 156 157 158 159 160 161 162 163 164 165 166 167 168 169 170 171 172 173 174 175 176 177 178 179 180 181 182 183 184 185 186 187 188 189 190 191 192 193 194 195 196 197 198 199 200 201 202 203 204 205 206 207 208 209 210 211 212 213 214 215 216 217 218 219 220 221 222 223 224 225 226 227 228 229 230 231 232 233 234 235 236 237 238 239 240 241 242 243 244 245 247 248 249 251 252 253 254 255 256 257 259 260 261 262 263 264 265 266 267 268 269 271 272 273 274 275 276 277 278 279 280 281 282 283 284 285 286 287 288 289 290 291 292 293 294 295 296 297 298 299 300 302 303 304 305 306 307 308 309 310 311 312 313 314 315 316 317 318 319 320 321 322 323 324 325 326 327 329 330 331 332 333 334 335 336 337 338 339 340 341 342 343 344 345 346 347 348 349 350 351 352 353 355 356 357 358 359 360 361 362 363 364 365 366 367 368 369 370 371 372 373 374 375 376 377 378 379 380 381 382 383 384 385 386 387 388 389 390 391 392 393 394 395 396 397 398 399 400 401 402 403 404 405 406 407 408 409 410 411 412 413 414 415 416 417 418 419 420 421 422 423 424 425 426 427 428 429 430 431 432 433 434 435 436 437 438 439 440 441 442 443 444 445 446 447 448 449 450 451 452 453 454 455 456 457 458 459 460 461 462 463 464 465 466 467 468 469 470 471 472 473 474 475 476 477 478 479 480 481 482 483 484 485 486 487 488 489 490 491 492 493 494 495 497 499 500 501 502 503 504 505 506 507 508 509 510 511 512 513 514 515 516 517 518 519 520 521 522 523 524 525 526 527 528 529 530 531 532 533 534 535 536 537 538 539 540 541 542 543 544 545 546 547 548 549 550 552 553 554 555 556 557 558 559 560 561 562 563 564 565 566 567 568 569 570 571 572 573 574 575 576 577 578 579 580 581 582 583 584 585 586 587 588 589 590 591 595 596 597 598 599 600 601 603 604 605 607 609 610 611 612 613 615 616 617 618 619 621 622 630 631 632 633 634 635 636 637 638 639 640 641 642 644 645 646 647 648 649 650 651 652 653 654 655 656 657 658 659 660 661 662 663 664 665 667 668 669 670 671 672 673 675 676 677 678 679 680 681 682 683 684 685 686 687 688 689 690 691 692 693 694 695 696 697 698 699 700 701 702 703 704 705 707 708 709 710 711 712 713 714 715 716 717 719 720 721 722 724 725 726 727 728 729 730 731 732 733 734 735 739 740 741 742 743 746 747 748 751 756 757 758 759 760 761 762 763 769 770 771 772 773 774 775 776 777 778 779 781 782 783 784 0
1 14 15 16 17 21 22 23 24 25 26 27 29 30 36 37 38 39 40 41 43 44 45 49 50 51 52 53 54 55 57 58 59 60 62 63 64 65 66 67 68 71 72 74 75 76 77 78 79 80 81 82 83 85 86 87 88 89 90 91 92 93 94 95 96 97 98 99 100 101 102 103 105 106 107 108 109 110 111 112 113 114 115 118 119 120 121 123 124 125 126 127 128 129 130 132 133 134 135 136 137 138 139 140 141 142 143 145 146 147 148 150 151 152 153 155 156 158 159 160 161 166 167 169 170 171 172 173 174 176 180 181 183 184 185 186 187 189 190 191 192 193 194 195 196 197 198 199 203 204 205 206 207 208 209 210 212 213 219 220 221 222 223 224 226 227 232 233 238 240 241 244 247 248 249 250 252 254 255 256 258 259 260 261 262 263 264 265 266 268 271 272 273 274 275 276 277 278 279 280 282 283 284 285 286 287 288 289 290 291 292 293 294 296 298 299 300 301 302 303 304 305 306 307 308 310 311 312 314 316 317 318 319 320 321 322 323 324 325 326 327 329 330 331 333 334 335 336 338 339 340 342 343 344 345 347 348 349 350 352 353 354 355 356 357 358 362 363 364 366 367 368 369 370 371 378 379 380 381 382 383 384 385 386 387 388 389 390 391 392 393 394 395 396 397 398 399 400 401 402 403 404 405 406 407 408 409 410 411 412 413 414 415 416 417 418 419 421 424 425 426 428 429 430 431 434 435 438 439 440 441 442 443 444 445 446 447 449 453 454 455 456 457 458 459 460 461 463 464 465 467 468 469 470 471 472 473 476 477 478 479 480 481 482 483 484 485 486 487 489 491 493 494 495 496 497 498 499 500 501 504 505 507 508 509 511 512 513 514 515 516 517 519 522 523 524 525 526 527 528 532 533 534 535 536 537 538 539 540 542 543 544 545 548 550 551 552 553 555 556 557 558 559 561 563 564 565 566 567 569 570 571 572 573 575 576 577 578 579 580 581 582 583 584 585 586 587 589 590 591 592 593 594 595 596 597 598 599 600 601 602 604 605 606 607 608 609 610 611 612 613 614 615 616 617 618 619 620 621 622 623 624 625 630 631 632 633 634 635 636 638 639 640 641 642 644 645 646 647 648 650 651 653 654 655 656 657 658 662 663 664 665 666 667 668 669 670 672 675 676 677 678 679 680 681 682 683 685 686 688 689 690 691 692 693 694 695 696 697 698 700 701 702 703 705 707 708 709 710 711 712 713 714 715 716 717 720 721 722 723 724 728 729 731 732 733 734 735 737 738 741 742 746 747 748 749 751 752 753 754 755 756 759 760 761 762 765 766 767 768 769 770 771 772 773 774 775 776 777 784 0
1 2 3 4 5 6 7 8 9 10 12 13 15 16 17 18 19 20 21 22 23 24 25 26 27 28 29 31 32 33 34 35 36 37 38 39 40 42 43 44 45 46 47 57 60 61 62 64 65 66 67 68 69 70 71 74 75 76 77 78 79 80 81 82 84 86 87 88 89 93 94 95 96 97 99 100 101 102 104 105 112 114 115 116 118 119 120 121 122 123 124 125 126 127 129 130 131 132 133 134 135 136 137 138 140 141 142 143 144 147 154 164 165 166 167 168 171 172 173 174 175 178 179 180 181 182 184 185 186 190 191 192 197 198 201 202 203 207 208 209 210 212 213 214 215 216 217 218 219 220 221 222 223 224 227 229 230 231 233 234 235 236 237 238 239 240 241 242 243 247 248 249 250 251 253 255 256 257 258 260 261 262 263 264 265 267 268 269 270 271 272 273 274 275 276 278 280 281 283 285 286 287 289 290 291 293 294 299 301 302 304 306 309 311 312 313 314 316 317 318 320 321 322 323 324 326 327 328 329 331 332 333 334 338 339 340 341 347 350 352 353 354 355 357 358 359 360 361 363 364 365 366 367 368 369 370 371 372 374 375 376 377 379 380 381 382 383 384 385 386 387 388 389 390 391 392 0
10 14 15 16 17 18 19 20 21 22 23 24 25 26 27 28 29 30 31 35 36 37 39 40 42 43 45 46 47 48 49 51 53 54 57 58 59 60 61 62 63 64 65 66 67 68 69 70 71 72 73 75 76 77 78 79 80 81 82 83 84 85 86 87 88 89 90 91 92 93 94 96 104 105 106 108 111 112 113 118 119 120 121 122 123 124 125 126 127 128 129 130 131 132 134 135 139 140 141 142 143 144 145 150 151 152 154 155 156 157 158 160 161 164 165 166 167 168 169 170 171 172 174 176 177 179 180 181 182 184 185 186 188 189 190 191 192 194 195 196 197 198 199 203 204 205 206 207 208 209 211 212 213 214 215 216 217 218 219 220 221 222 223 224 225 226 227 228 229 231 232 233 234 235 236 237 239 240 241 242 243 246 247 248 252 253 254 258 259 260 261 262 263 264 265 266 268 269 270 271 273 274 275 276 277 280 282 283 284 285 286 287 288 289 292 293 294 295 296 298 301 302 305 306 307 310 311 313 315 316 317 318 319 320 321 322 323 325 326 327 328 329 332 333 334 337 338 339 340 343 344 345 346 347 348 349 350 351 352 353 354 355 356 357 358 359 360 361 363 364 365 366 367 368 369 370 371 372 373 374 375 376 377 378 379 380 382 383 384 385 386 387 388 389 390 392 0
1 4 6 8 11 12 13 14 15 16 17 18 19 21 23 24 26 27 30 31 33 34 35 36 37 40 41 43 44 45 46 47 49 52 53 54 58 59 60 61 62 63 65 67 68 69 70 72 73 74 76 77 78 79 80 83 84 85 86 89 93 94 96 97 98 100 104 106 107 110 113 114 117 118 119 120 121 122 124 125 126 127 128 130 131 132 134 139 141 142 143 0
1 3 7 8 9 12 14 24 26 27 28 30 0

81
1 2 3 4 5 6 7 8 9 10 11 12 13 14 15 16 17 18 19 20 21 22 23 24 25 26 27 28 29 30 31 32 33 35 36 37 38 39 40 41 42 43 44 45 46 48 49 50 51 52 53 54 55 56 57 58 59 60 61 62 63 64 65 66 67 68 69 70 71 72 73 74 75 76 77 79 80 81 82 83 84 85 86 87 88 89 90 91 92 93 94 95 96 97 98 99 100 101 102 103 105 106 107 108 109 110 111 112 113 114 115 116 117 119 120 121 122 123 124 125 126 127 128 129 130 131 132 133 134 135 136 137 138 139 140 141 142 143 144 145 146 147 149 150 151 152 153 154 155 156 157 158 159 160 161 162 163 164 165 166 167 168 169 170 171 172 173 174 175 176 177 178 179 180 181 182 183 184 185 186 187 188 189 190 191 192 193 194 195 196 197 198 199 200 202 203 204 205 206 207 208 209 210 211 212 213 214 215 216 217 218 219 221 222 223 224 225 226 227 228 229 230 231 232 233 234 235 236 237 238 239 240 241 242 244 245 246 247 248 249 250 251 252 253 254 255 256 257 258 259 260 261 262 263 264 265 266 267 268 269 270 271 272 273 274 275 276 277 278 279 280 281 282 283 284 285 286 287 288 289 290 291 292 293 294 295 296 297 298 299 300 301 302 303 304 305 306 307 308 309 310 311 312 313 314 315 316 317 318 319 320 321 322 323 324 325 326 327 328 329 330 331 332 333 334 335 336 337 338 339 340 341 342 343 344 345 346 347 348 349 350 351 352 353 354 355 356 357 358 359 360 361 362 363 364 365 366 367 368 369 370 371 372 373 374 375 376 377 378 379 380 381 382 383 384 385 386 387 388 389 390 391 392 393 394 395 396 397 398 399 400 401 402 403 404 405 406 407 408 409 410 411 412 413 414 415 417 418 419 420 421 422 423 424 425 426 427 428 429 430 431 432 433 434 435 436 437 438 439 440 441 442 443 444 445 446 447 448 449 450 451 452 453 454 455 456 457 458 459 460 461 462 463 464 465 466 467 468 469 470 471 472 473 474 475 476 477 478 479 480 481 482 483 484 485 486 487 488 489 490 491 492 493 494 495 496 500 501 502 503 504 505 506 507 508 510 511 512 513 514 515 516 517 518 519 520 521 522 523 524 525 526 527 528 529 530 531 532 533 534 535 536 537 539 540 541 542 543 544 545 546 547 548 549 550 551 552 553 554 555 556 557 558 559 560 561 562 563 564 565 566 567 568 569 570 571 572 573 574 575 576 577 578 579 580 581 582 583 584 585 586 587 588 589 590 591 592 593 596 597 598 599 600 601 602 603 604 605 606 607 608 609 610 611 615 616 617 618 619 620 621 622 623 624 625 626 627 628 631 632 633 635 636 637 638 639 640 641 644 645 646 647 648 649 650 651 652 654 655 657 659 660 661 662 663 664 665 666 667 668 669 672 673 674 675 676 677 678 679 680 681 683 684 685 686 687 688 689 690 691 692 693 694 695 696 697 698 699 700 701 702 703 705 706 708 709 710 711 712 713 714 715 716 718 719 720 721 723 724 725 726 727 728 729 730 731 732 733 734 735 736 737 738 739 740 741 742 743 744 746 747 748 749 750 751 752 754 755 756 760 761 762 763 764 765 766 767 768 769 770 771 772 773 774 775 776 777 778 779 780 781 782 783 784 0
1 2 6 7 8 14 15 16 17 18 19 20 21 22 23 24 25 26 27 29 30 31 32 33 34 35 36 37 38 43 44 45 46 47 48 49 50 52 53 57 58 59 60 61 62 63 64 65 66 67 68 71 72 73 74 75 76 77 78 79 80 81 82 85 86 87 90 91 93 94 95 96 97 99 100 101 102 103 104 106 107 108 109 110 111 112 113 114 115 117 118 119 120 122 123 124 125 126 127 128 129 131 132 133 135 136 137 138 139 140 141 142 143 145 146 147 148 149 150 151 152 153 154 155 159 160 161 162 163 164 166 167 168 169 170 173 174 175 176 177 178 179 180 181 182 183 184 185 186 187 188 189 190 191 192 193 194 195 196 197 198 199 200 201 202 203 204 205 208 209 210 211 212 213 214 215 216 217 218 219 222 223 224 225 226 227 228 229 231 232 233 234 238 239 240 241 242 243 244 245 246 247 248 249 252 253 254 255 258 259 260 261 262 263 266 267 268 269 270 271 272 273 274 275 276 277 278 280 281 282 283 284 285 286 287 288 289 290 291 292 294 295 296 297 298 299 300 301 302 303 304 305 306 307 308 310 313 314 315 317 318 319 320 321 322 324 327 328 329 330 331 332 333 334 335 336 338 340 341 342 343 344 345 346 347 348 349 350 352 356 357 358 359 360 361 362 363 364 371 372 373 374 376 377 378 379 380 381 382 383 384 385 386 387 388 389 390 391 392 393 394 395 396 397 398 399 400 401 402 403 404 405 406 407 408 409 410 411 412 413 414 415 417 418 419 421 422 424 425 426 427 428 429 430 432 433 435 436 437 439 440 441 442 443 444 445 447 449 450 451 452 453 455 456 457 458 459 461 463 464 465 466 467 469 470 471 472 473 474 475 477 480 482 483 484 485 486 487 488 489 491 492 495 496 497 498 499 500 501 502 504 505 506 507 508 509 510 511 512 513 514 515 516 517 518 520 521 523 524 525 526 527 528 529 530 531 532 533 534 535 537 538 539 540 541 542 543 545 546 547 549 550 552 553 554 555 556 557 558 559 560 561 562 563 565 566 567 568 569 570 571 572 573 574 575 576 577 578 579 580 581 582 583 584 585 586 587 588 589 590 591 592 593 594 595 596 597 598 599 600 601 602 603 604 605 606 609 610 611 614 615 616 617 618 619 620 621 622 623 624 625 626 627 629 630 631 632 633 635 636 637 638 639 640 643 644 645 647 648 649 650 651 654 656 657 658 659 660 661 662 663 664 665 666 667 668 669 671 672 673 676 677 678 679 680 681 682 686 687 688 689 690 691 693 695 696 700 701 703 704 705 706 709 710 711 713 714 715 716 717 718 719 720 722 724 725 726 727 728 730 731 732 733 734 735 737 738 740 742 743 744 745 746 747 748 749 750 751 752 753 754 755 756 758 759 760 761 762 763 764 765 766 767 768 770 775 776 777 778 781 782 783 784 0
1 2 3 4 5 6 7 8 9 10 11 12 13 15 16 17 18 19 21 22 24 25 27 28 29 30 31 32 34 35 36 37 39 40 41 42 43 46 47 48 49 50 52 53 54 55 57 58 59 60 61 62 64 65 66 67 68 69 71 72 73 74 75 76 79 80 81 82 83 84 85 87 88 89 90 91 94 95 96 97 98 99 101 102 103 104 105 106 107 108 109 112 113 114 115 117 118 119 120 121 122 124 125 126 127 128 130 131 132 133 135 136 137 139 140 142 143 144 145 146 147 148 149 150 151 152 154 155 157 158 159 162 163 164 165 168 169 170 171 172 173 174 175 177 178 180 181 182 184 185 186 189 190 192 194 195 197 198 199 200 201 202 204 205 206 207 208 209 211 212 213 214 215 216 218 219 220 222 223 224 225 226 227 228 229 230 231 233 234 235 236 237 238 241 242 243 244 245 246 248 249 250 251 253 254 255 256 257 258 260 261 262 263 264 265 266 267 268 269 270 271 272 273 274 275 276 277 278 280 282 283 284 285 286 287 289 290 291 292 293 294 295 296 297 298 301 302 303 304 305 306 309 310 311 312 313 314 316 317 318 321 324 325 326 328 330 333 335 336 337 339 340 341 342 343 344 346 347 348 349 350 351 352 353 354 355 357 358 359 360 361 362 363 364 366 368 369 370 371 372 373 374 375 377 378 380 381 382 383 384 385 386 387 388 389 390 391 392 0
1 2 4 5 6 9 10 11 12 15 16 17 18 19 22 23 24 29 30 31 32 34 35 36 37 38 39 40 41 42 45 46 47 48 49 50 51 52 53 54 56 57 58 60 63 64 65 66 67 68 69 70 71 73 74 76 77 78 79 80 81 82 83 85 86 87 88 89 90 91 92 93 94 96 97 98 99 100 102 104 105 106 107 108 109 110 111 112 113 114 116 117 118 119 120 122 123 124 125 126 127 130 131 133 134 137 138 140 141 142 143 144 145 146 147 149 150 151 153 154 155 156 157 158 160 161 162 163 164 165 166 167 168 169 170 171 172 173 174 175 176 177 178 179 180 181 182 183 184 185 186 187 188 189 190 191 192 193 194 195 196 197 198 199 200 201 202 204 205 206 207 208 209 211 212 213 214 215 216 218 220 221 222 223 226 227 228 229 230 231 232 234 235 236 237 238 239 240 241 242 243 244 245 246 247 248 250 252 253 254 255 257 258 259 260 261 262 263 264 265 266 267 268 269 270 271 272 273 275 276 277 278 279 280 281 282 283 284 285 287 288 289 290 291 292 293 294 295 296 297 301 302 303 305 306 308 309 310 311 312 313 314 315 316 317 318 319 320 321 322 323 324 326 327 328 329 330 332 333 334 335 336 339 340 341 342 343 344 345 347 348 349 350 351 352 353 354 355 356 357 358 359 361 362 363 364 365 366 367 369 370 371 372 373 374 375 376 377 378 379 382 383 384 385 386 388 389 390 391 392 0
1 2 3 4 5 7 8 9 10 11 12 13 15 18 19 20 21 22 23 25 26 27 28 30 31 32 33 34 35 36 37 38 39 41 43 44 46 47 50 52 53 54 55 58 60 62 63 64 66 67 68 69 70 71 72 73 74 75 77 79 82 84 85 86 87 88 90 91 92 94 95 98 99 100 101 104 105 106 107 109 110 112 113 115 118 119 120 121 122 124 125 126 127 128 129 130 133 137 138 139 140 141 142 143 144 0
1 2 3 4 5 8 11 12 13 14 15 17 18 19 20 21 22 24 25 26 29 30 31 0

82
1 2 3 4 5 6 7 8 9 10 11 12 13 14 15 16 17 18 19 20 21 22 23 24 25 26 27 28 29 30 31 32 33 34 35 36 37 38 39 40 41 42 43 44 45 46 47 48 49 50 51 52 53 54 55 56 57 58 59 60 61 62 63 64 65 66 67 68 69 70 71 72 73 74 75 76 77 78 79 80 81 82 83 84 85 86 87 88 89 90 91 92 94 95 96 97 98 99 100 101 102 103 104 105 106 107 108 109 110 111 112 113 114 115 116 117 118 119 120 121 122 123 124 125 126 127 128 129 130 131 132 133 134 135 136 137 138 139 140 141 142 143 144 145 146 147 148 149 150 151 152 153 154 155 156 157 158 159 160 161 162 163 164 165 166 167 168 169 170 171 172 174 175 176 177 178 179 180 181 182 183 184 185 186 187 188 189 190 191 192 193 194 195 196 197 198 199 200 201 202 203 204 205 206 207 208 209 210 211 212 213 214 215 216 217 218 219 220 221 222 223 224 225 226 227 228 229 230 232 233 234 236 237 238 239 240 241 242 243 244 245 246 247 248 249 250 251 252 253 254 255 256 257 258 259 260 261 262 263 264 265 266 267 268 269 270 271 272 273 274 275 276 277 278 279 280 281 282 283 284 285 286 287 288 289 290 291 292 293 294 295 296 297 298 299 300 301 302 303 304 305 306 307 308 309 310 311 312 313 314 315 316 317 318 319 320 321 322 323 324 325 326 327 328 329 330 331 332 333 334 335 336 337 338 339 340 341 342 343 344 345 346 347 348 349 350 351 352 353 354 355 356 357 358 359 360 361 362 363 364 365 366 367 368 369 370 371 372 373 374 375 376 377 378 379 380 381 382 383 384 385 386 387 388 389 390 391 392 393 394 395 396 397 398 399 400 401 402 403 404 405 406 407 408 409 410 411 412 413 414 415 416 417 418 419 420 421 422 423 424 425 426 427 428 429 430 431 433 434 435 436 437 438 439 440 441 442 443 444 445 447 448 449 450 451 452 453 454 455 456 457 458 459 461 462 463 464 465 466 467 468 469 470 471 472 473 474 475 476 477 478 479 480 481 482 483 484 485 486 487 488 489 490 491 492 493 494 495 496 497 498 499 500 501 502 503 504 505 506 507 508 509 510 511 512 513 514 515 516 517 518 519 520 521 522 523 524 525 526 527 528 529 530 531 532 533 534 535 536 537 538 540 541 542 543 544 545 546 547 548 549 551 552 553 554 555 556 557 558 559 560 561 562 563 564 565 566 567 568 569 570 571 572 573 574 575 576 577 578 579 580 581 582 583 584 585 586 587 588 592 593 600 601 602 603 604 610 611 612 615 616 617 618 619 620 621 622 623 624 625 626 627 631 632 633 634 636 637 638 639 640 641 642 643 645 646 649 650 651 652 653 654 655 657 659 660 661 662 663 664 665 666 667 668 669 670 671 674 675 676 677 678 679 681 682 683 684 685 686 687 688 689 690 691 692 695 696 697 698 699 700 701 702 703 704 705 706 707 708 709 710 711 712 713 714 717 718 719 721 722 723 724 725 727 728 729 730 731 733 734 735 736 737 738 739 740 741 742 743 744 745 746 747 748 749 750 751 753 754 755 756 757 758 759 760 761 762 763 764 767 770 771 773 775 776 777 780 782 783 784 0
1 14 15 16 17 18 19 20 21 22 23 24 25 26 27 29 30 31 32 33 34 35 36 37 38 39 40 41 43 44 45 48 49 50 51 52 53 54 57 58 59 61 62 63 64 65 66 67 68 71 72 73 74 75 76 77 78 79 80 81 82 85 86 87 88 89 90 91 92 93 94 95 96 97 99 100 101 102 103 104 105 106 107 108 109 110 111 112 113 114 115 116 117 118 119 121 122 123 124 125 126 127 128 130 131 132 133 134 135 136 137 139 141 142 143 144 145 146 147 148 149 150 151 153 155 156 157 158 159 160 161 162 163 164 166 167 169 170 171 172 173 174 175 179 180 181 183 184 185 186 188 189 190 191 192 193 194 195 196 198 199 200 201 202 206 207 208 209 210 216 217 218 219 220 221 223 224 226 227 228 229 230 231 232 233 234 235 236 238 240 241 242 243 244 245 246 247 248 249 250 252 254 255 256 257 258 259 260 261 262 263 264 266 267 268 269 270 271 272 273 274 275 276 277 278 280 282 283 284 285 286 287 288 289 290 291 292 293 294 295 296 297 298 299 300 301 302 303 304 305 306 307 308 310 311 312 313 314 315 318 319 320 321 322 327 328 329 330 331 332 333 334 336 340 341 342 343 344 345 346 347 350 352 353 354 355 356 357 358 359 360 361 364 366 367 368 369 370 371 372 373 374 377 378 379 380 381 382 383 384 385 386 387 388 389 390 391 392 393 394 395 396 397 398 399 400 401 402 403 404 405 406 408 409 410 411 412 413 414 415 416 417 418 419 421 422 423 424 425 426 427 428 429 430 431 433 435 438 439 440 441 442 443 444 445 446 447 450 451 454 455 456 457 458 459 460 461 463 466 467 468 469 470 471 473 474 475 477 479 480 481 483 484 485 486 488 489 491 493 494 495 496 497 499 500 501 502 504 505 506 507 508 509 510 511 512 513 514 515 516 517 518 521 522 523 524 525 526 527 528 529 530 531 533 534 535 536 537 538 539 540 541 542 544 545 547 550 551 552 553 554 555 556 557 558 559 561 563 564 565 566 567 568 569 570 573 575 576 577 579 580 581 582 583 584 585 586 587 588 589 590 591 592 593 594 595 596 597 598 599 600 601 602 604 605 606 607 609 610 614 615 616 618 619 620 624 625 628 630 631 632 633 634 635 636 637 638 639 640 641 642 643 644 646 647 650 651 652 653 654 655 657 658 659 660 661 663 664 665 666 667 668 669 671 672 673 674 676 677 678 679 680 681 682 683 684 685 686 687 688 689 690 691 692 694 695 696 699 700 701 702 703 704 705 706 708 709 710 711 712 714 715 717 718 719 720 721 722 723 724 725 726 727 728 730 731 732 733 734 735 736 737 738 741 742 744 745 746 747 748 749 750 751 754 755 756 757 758 759 760 761 762 763 764 765 766 767 768 769 770 771 772 776 777 778 784 0
1 2 3 4 6 7 8 9 11 12 13 15 16 17 18 19 20 21 22 23 24 25 26 27 28 29 30 31 32 34 35 36 37 38 39 40 41 42 43 45 46 47 48 53 54 55 56 57 59 60 61 62 63 64 66 67 68 69 70 71 72 73 74 75 76 77 78 80 81 82 83 85 86 87 88 89 90 92 93 94 95 96 97 99 102 103 104 105 106 107 108 109 110 111 112 113 114 115 116 117 118 119 120 121 122 123 124 125 126 127 128 129 130 131 132 133 134 135 136 138 139 140 141 142 143 144 145 147 152 153 154 157 158 159 161 163 164 165 166 167 168 169 170 171 172 173 174 175 177 178 179 180 182 183 184 185 186 187 189 190 191 192 193 194 197 198 199 200 201 202 205 207 208 209 210 212 213 214 215 216 217 218 219 220 221 223 224 225 226 228 229 230 232 233 234 235 236 237 238 239 240 241 242 243 244 246 247 249 250 251 255 256 257 258 259 260 261 262 263 264 265 266 267 268 269 270 271 272 273 274 276 277 279 282 283 284 285 287 289 290 291 292 293 294 297 298 299 301 302 303 304 305 306 309 311 312 313 314 317 318 319 320 321 324 325 326 327 328 330 331 332 333 334 335 337 338 339 340 341 342 346 347 348 350 351 352 353 354 355 356 357 359 360 361 362 363 364 366 367 368 369 370 371 372 373 374 375 376 377 378 379 380 381 382 383 384 385 386 387 388 389 390 391 392 0
2 3 4 5 8 9 10 11 12 15 16 17 18 19 20 21 23 24 25 26 27 28 29 31 32 33 34 35 36 37 38 41 42 43 44 45 46 47 48 49 50 52 53 54 55 56 57 58 60 61 62 63 65 66 67 68 69 70 71 72 73 74 75 76 77 78 79 80 81 82 83 85 86 87 88 89 90 91 92 93 94 95 96 97 98 99 100 101 104 105 106 107 108 110 111 112 113 114 115 116 118 119 120 121 122 123 124 125 126 127 128 129 130 131 132 133 134 135 136 137 140 141 142 143 144 145 146 149 150 151 152 153 154 155 156 158 159 160 161 163 164 165 166 168 169 170 171 172 173 174 175 176 177 178 179 180 182 183 184 185 186 187 188 189 190 192 193 194 196 197 201 202 203 204 206 207 208 209 211 212 213 215 217 218 219 220 221 222 223 224 225 228 229 230 231 234 235 236 237 238 239 240 241 242 243 246 247 248 249 250 251 252 253 255 256 257 258 259 260 262 263 264 265 266 267 268 269 270 271 272 273 274 275 276 277 278 279 280 281 282 283 284 285 286 287 288 289 290 291 293 294 296 298 299 301 302 303 304 306 308 309 310 312 313 314 315 317 318 319 320 321 322 323 324 325 326 327 328 329 330 331 332 333 334 336 338 339 340 341 343 344 345 346 347 348 349 350 351 353 354 355 356 357 358 359 360 361 363 364 366 367 368 369 370 371 372 373 374 375 376 377 378 379 380 381 383 384 385 386 387 388 389 390 391 392 0
1 3 4 5 6 7 8 10 11 12 13 14 15 16 19 20 21 22 23 27 28 29 30 31 32 33 34 35 36 37 38 39 40 42 43 44 45 47 49 50 51 52 53 54 55 56 58 59 60 61 62 66 67 70 71 72 74 75 77 79 82 83 84 85 86 87 88 89 91 93 94 95 96 97 98 99 101 103 104 105 106 107 108 109 110 112 113 114 115 116 117 119 120 122 123 124 125 126 127 128 129 130 131 133 134 135 136 137 138 139 140 141 142 0
1 3 4 5 6 7 11 18 19 20 22 23 24 27 28 29 31 32 0

83
1 2 3 4 5 6 7 8 9 10 11 12 13 14 15 16 17 18 19 20 22 23 24 25 26 27 28 29 30 31 32 33 34 35 36 37 38 39 40 41 42 43 44 45 46 47 48 49 50 51 52 53 54 55 56 57 58 59 60 61 62 64 65 66 67 68 69 70 71 72 73 74 75 76 77 78 79 80 81 82 83 84 85 86 87 88 89 90 91 92 93 94 95 96 97 98 99 100 101 102 103 104 105 106 107 108 109 110 111 112 113 114 115 116 117 118 119 120 121 122 123 124 125 126 127 128 129 130 131 132 134 135 136 137 138 139 140 141 142 143 144 145 146 147 148 149 150 151 152 153 154 155 156 157 158 159 160 161 162 163 164 165 166 167 168 169 170 171 172 173 174 175 176 177 178 179 180 181 182 183 184 185 186 187 188 189 190 191 192 193 194 195 196 197 198 199 200 201 202 203 204 205 206 207 208 209 210 211 212 213 214 215 216 217 218 219 220 221 222 223 224 225 226 227 228 229 230 231 232 233 234 235 236 237 238 239 240 241 242 243 244 245 246 247 248 249 250 251 252 253 254 255 256 257 258 259 260 261 262 263 264 265 266 267 268 269 270 271 272 273 274 275 276 277 278 279 280 281 282 283 284 285 286 287 288 289 290 291 292 293 294 295 296 297 298 299 300 301 302 303 304 305 306 307 308 309 310 311 312 313 314 315 316 317 318 319 321 322 323 324 325 326 327 328 329 330 331 332 333 334 335 336 337 338 339 340 341 342 343 344 345 346 347 348 349 350 351 352 353 354 355 356 357 358 359 360 361 362 363 364 365 366 367 368 369 370 371 372 373 374 375 376 377 378 379 380 381 382 383 384 385 386 387 388 389 390 391 392 393 394 395 396 397 398 399 400 401 402 403 404 405 406 407 408 409 410 411 412 414 415 416 417 418 419 420 421 422 423 424 425 426 427 428 429 430 431 432 433 434 435 436 437 438 439 440 441 442 443 444 445 446 447 448 449 450 451 452 453 454 455 458 459 460 461 462 463 464 465 466 467 468 469 470 471 473 475 476 477 478 479 480 481 482 483 484 485 486 487 488 489 490 491 492 493 494 495 496 497 498 499 500 501 502 503 504 505 506 507 508 509 510 511 512 513 514 515 516 517 518 519 520 521 522 523 524 525 526 527 528 529 530 531 532 533 534 535 536 537 538 539 540 541 542 543 544 545 546 547 548 549 550 551 552 553 554 555 556 557 558 559 560 561 562 563 564 565 566 567 568 569 570 571 572 573 574 575 576 577 578 579 580 581 582 583 584 585 586 587 588 589 590 593 594 597 603 604 605 606 607 608 609 610 611 613 616 617 618 619 621 622 623 624 625 626 627 628 629 630 631 635 636 637 639 640 641 642 645 647 648 649 650 651 652 653 654 655 656 657 658 659 660 661 662 663 664 665 666 667 668 669 670 671 672 673 674 677 678 679 680 681 682 683 685 686 687 688 689 690 691 692 693 694 695 696 697 699 700 701 702 703 704 705 706 707 708 709 710 711 712 713 714 715 716 717 718 719 720 721 722 723 724 725 726 727 728 729 730 731 732 733 734 735 736 737 738 739 740 741 742 743 744 745 746 747 748 749 750 751 752 754 755 756 757 758 759 760 761 762 763 767 768 769 770 771 772 773 774 775 776 777 778 782 783 784 0
1 6 14 15 16 17 19 20 21 22 23 25 27 29 30 31 33 34 35 36 37 38 40 41 43 44 45 46 48 49 50 51 52 53 57 58 59 60 61 62 63 64 65 66 67 68 69 71 72 73 74 75 76 77 78 79 80 81 82 83 84 85 86 87 88 89 90 91 92 93 95 96 97 98 99 100 101 102 103 104 105 106 107 108 109 110 111 112 113 114 115 116 117 118 119 120 121 122 123 124 125 126 127 128 129 130 131 132 133 134 135 136 137 138 139 140 141 142 143 144 145 146 147 148 149 150 151 154 155 156 157 158 159 160 161 162 165 166 167 168 169 170 171 172 174 175 180 181 182 183 184 185 186 187 188 189 190 191 192 193 194 195 196 197 198 199 200 201 202 204 205 210 211 212 213 214 215 217 218 219 224 225 226 227 230 231 232 233 234 238 240 243 244 245 246 247 248 249 252 254 255 257 258 259 260 261 262 263 264 266 268 269 270 271 272 273 274 275 276 277 278 279 280 282 283 284 285 286 287 288 289 290 291 292 293 294 295 296 297 298 299 300 301 302 303 304 305 306 307 308 309 310 311 312 313 314 315 316 317 318 319 320 321 322 324 326 327 328 329 330 331 332 333 334 336 337 338 339 340 341 342 343 344 345 346 347 348 349 350 351 352 353 354 355 356 357 358 359 360 361 362 363 364 366 367 368 369 370 371 372 373 374 376 377 378 379 380 381 382 383 384 385 386 387 388 389 390 391 392 393 394 395 396 397 398 399 400 401 402 403 404 405 406 407 410 411 413 414 415 417 418 419 421 423 424 425 426 427 428 429 430 431 432 434 435 436 437 438 439 440 441 442 443 444 445 446 447 449 450 452 453 454 455 456 458 459 461 463 464 466 467 468 469 470 471 472 473 476 477 478 481 482 483 484 485 486 487 488 489 490 491 492 494 495 496 497 498 499 500 502 503 505 507 508 509 510 511 512 513 514 515 516 517 519 520 521 522 523 524 525 526 527 528 529 530 531 532 533 534 535 536 537 538 539 540 541 542 543 545 547 549 550 551 552 553 554 556 557 558 559 560 561 562 563 564 565 566 567 568 569 570 573 574 575 576 577 578 579 580 581 582 583 584 585 586 587 588 589 590 591 592 593 594 595 596 597 598 599 600 601 602 603 604 605 606 607 608 609 615 616 617 618 619 620 621 622 623 624 629 630 631 632 633 634 635 636 637 638 639 641 643 644 646 647 648 649 650 651 652 653 654 658 660 661 662 663 666 667 668 669 672 673 676 677 678 679 680 681 682 683 684 685 686 688 691 692 693 694 695 696 697 698 699 700 701 702 703 705 706 707 708 709 710 712 714 715 717 718 719 720 721 722 723 724 725 726 727 728 729 730 731 732 733 734 735 736 737 738 739 740 741 742 743 744 745 746 747 748 749 750 751 752 754 756 757 759 760 761 762 763 764 765 768 769 770 772 773 774 782 783 784 0
1 2 3 4 6 7 8 10 11 12 15 16 18 19 20 21 22 23 25 26 27 28 29 30 31 32 33 34 35 36 37 38 39 40 41 42 43 44 45 46 47 48 50 52 53 54 55 57 58 59 60 61 62 64 65 66 67 68 69 71 73 74 75 76 77 78 79 80 81 82 83 84 85 86 87 88 89 90 91 93 94 95 96 97 98 99 100 101 103 104 105 107 108 109 111 112 113 114 115 116 117 118 119 120 121 122 123 124 125 126 127 128 129 130 131 132 133 134 135 136 137 138 139 140 141 142 143 144 145 146 147 149 150 154 157 158 160 163 165 166 167 168 169 170 172 173 174 177 178 179 180 181 182 183 184 185 186 187 189 190 197 198 199 200 201 205 206 207 208 209 212 213 214 215 216 217 219 221 222 223 224 225 226 227 228 229 230 231 232 233 234 235 236 237 238 239 240 241 242 243 244 245 246 248 249 250 251 253 255 257 258 259 260 261 262 263 264 265 266 267 268 269 270 271 272 273 274 275 277 278 279 280 281 282 283 284 285 286 287 288 289 290 291 292 293 294 296 297 298 301 302 304 305 306 307 310 311 313 314 316 317 318 319 320 321 322 323 324 325 326 327 328 329 330 331 332 333 334 335 336 337 338 339 342 345 346 352 353 354 355 356 357 359 360 361 363 364 366 367 369 370 371 372 373 374 375 376 377 378 379 380 381 382 383 384 385 386 387 388 389 390 391 392 0
2 3 6 8 9 10 11 12 15 17 18 19 20 21 22 23 24 25 26 28 29 30 31 32 33 34 36 37 38 43 44 45 46 47 48 49 50 51 52 53 54 56 58 59 60 61 62 63 64 65 66 67 68 70 71 72 73 74 75 76 77 78 79 80 81 82 83 84 85 86 87 88 89 90 91 92 93 94 95 96 97 98 101 102 103 104 105 106 109 110 111 112 113 114 115 116 117 118 119 121 122 123 124 125 126 127 128 129 130 131 132 133 134 135 137 138 139 140 141 142 143 144 145 146 147 148 149 150 151 152 153 154 155 156 157 158 159 160 161 162 163 164 165 166 167 168 169 170 171 172 173 174 175 176 177 178 179 180 181 182 183 184 185 186 187 188 189 190 192 194 195 196 197 198 199 200 201 202 204 205 206 207 208 209 211 212 213 214 215 217 218 219 220 221 222 223 224 225 226 227 228 229 230 231 232 234 235 236 237 239 241 242 243 245 246 250 252 254 255 256 259 260 261 262 263 264 266 267 268 269 270 271 272 273 274 275 276 277 278 279 280 281 282 283 284 285 287 288 289 290 291 292 293 294 295 296 297 299 301 303 304 305 306 307 311 312 313 314 315 316 317 318 319 320 321 322 323 324 325 327 329 330 331 332 333 334 335 336 337 338 339 340 341 342 343 344 345 347 348 349 350 351 352 353 354 355 356 357 358 359 362 363 364 365 366 367 368 369 370 371 372 373 374 375 376 377 378 379 381 382 383 384 385 387 388 389 390 391 392 0
1 2 3 5 7 8 9 10 13 15 16 17 18 19 20 21 23 24 25 26 27 28 29 30 32 33 34 35 37 38 39 41 42 43 44 45 47 48 49 50 51 52 53 54 56 57 59 60 61 62 63 64 65 66 67 68 69 70 72 73 74 75 76 78 81 82 84 86 87 88 89 90 92 93 94 95 96 97 98 99 101 102 103 105 106 107 109 111 112 113 115 116 117 118 119 120 121 122 124 125 126 127 128 130 131 132 133 135 136 137 138 139 140 141 142 143 144 0
1 3 4 5 6 7 9 11 12 14 17 21 24 25 26 27 28 30 31 0

84
1 2 3 4 5 6 7 8 9 10 11 12 13 14 15 16 17 18 19 20 21 22 23 24 25 26 27 28 29 30 31 32 33 34 35 36 37 38 39 40 41 42 43 44 45 46 47 48 49 50 51 52 53 54 55 56 57 58 59 60 61 63 64 65 66 67 68 69 70 71 72 73 74 75 76 77 78 79 80 81 82 83 84 85 86 87 88 89 90 91 92 93 94 95 96 97 98 99 100 101 102 103 104 105 106 108 109 110 111 112 113 114 115 116 117 118 119 120 121 122 123 124 125 126 127 128 129 130 131 132 133 134 135 136 137 138 139 140 141 142 143 144 145 146 147 148 149 150 151 152 153 154 155 156 157 158 159 160 161 162 163 164 165 166 167 168 169 170 171 172 173 174 175 176 177 178 179 180 181 182 183 184 185 186 187 188 189 190 191 192 193 194 195 196 197 198 199 200 201 202 203 204 205 206 207 208 209 210 211 212 213 214 215 216 217 218 219 220 221 222 223 224 225 226 227 228 229 230 231 232 233 234 235 236 237 238 239 240 241 242 243 244 246 247 248 249 250 251 252 253 254 255 256 257 259 260 261 262 264 265 266 267 268 269 270 271 272 273 274 275 276 277 278 279 280 281 282 283 284 285 286 287 288 289 290 291 292 293 294 295 296 297 298 299 300 301 302 303 304 305 306 307 308 309 310 311 312 313 314 315 316 317 318 319 320 321 322 323 324 325 326 327 328 329 330 331 332 333 334 335 336 337 338 339 340 341 342 343 344 345 346 347 348 349 350 351 352 353 354 355 356 357 358 359 360 361 362 363 364 365 366 367 368 369 370 371 372 373 374 375 376 377 378 379 380 381 382 383 384 385 386 387 388 389 390 391 392 393 394 395 396 397 398 399 400 401 403 404 405 406 407 408 409 410 411 412 413 414 415 416 417 418 419 420 421 422 423 424 425 426 427 428 429 431 432 433 434 435 436 437 438 439 440 441 442 443 444 445 446 447 448 449 450 451 452 453 454 455 456 457 458 459 460 461 462 463 464 465 466 467 468 469 470 471 472 473 474 475 476 477 478 479 480 481 482 483 484 485 486 487 488 489 490 491 492 493 494 495 496 497 498 499 500 501 502 503 504 505 506 507 508 509 510 511 512 513 514 515 516 517 518 519 520 521 522 523 524 525 526 527 528 529 530 531 532 533 534 535 536 537 538 539 540 541 542 543 544 545 546 547 548 549 550 551 552 553 554 555 556 557 558 559 560 561 562 563 564 565 566 567 568 569 570 571 572 573 574 575 576 577 578 579 580 581 582 583 584 585 586 587 588 592 593 594 595 596 597 598 599 600 601 602 603 604 605 606 607 608 609 610 611 612 613 614 615 616 617 618 619 620 621 622 623 624 625 626 627 628 629 630 631 632 633 634 635 636 637 638 639 640 642 643 644 645 646 647 649 650 651 655 656 659 663 664 666 667 668 669 670 672 673 674 675 676 677 678 679 680 681 682 683 684 685 686 687 688 689 690 691 692 693 694 695 696 697 698 699 701 702 703 704 705 706 707 708 709 710 711 712 713 714 715 716 717 718 719 720 721 722 723 725 726 729 730 731 732 733 734 735 736 737 738 741 742 743 744 745 746 747 748 749 750 756 757 758 759 760 762 763 764 768 770 771 772 773 774 777 778 779 780 781 782 784 0
1 8 9 10 11 13 14 15 16 17 18 19 20 21 22 23 24 25 26 27 28 29 30 31 32 33 34 35 36 37 38 39 40 41 42 43 44 45 46 47 48 49 50 51 52 53 54 55 57 58 59 60 62 63 64 65 66 68 69 71 72 73 74 75 76 77 78 79 80 81 82 85 86 87 89 90 91 92 93 94 95 96 97 99 100 101 102 103 104 105 106 107 108 109 110 111 113 114 115 116 117 118 119 120 121 122 123 124 127 128 129 130 131 132 133 134 135 136 137 138 139 141 142 143 144 145 147 148 149 153 155 156 157 158 159 160 161 162 169 170 171 172 176 181 183 184 185 186 187 188 189 190 191 192 193 194 195 196 198 199 200 201 202 203 204 205 206 207 208 209 210 212 213 214 215 216 217 218 219 220 221 222 223 224 226 227 228 229 230 231 232 233 234 235 236 237 238 240 241 242 243 244 245 246 247 248 250 251 252 254 255 256 257 259 260 261 262 263 266 268 269 270 271 273 274 275 276 277 278 280 281 282 283 284 285 286 287 288 289 290 291 292 294 295 296 297 298 299 300 301 302 303 304 305 306 307 308 309 310 311 312 313 314 315 316 317 318 319 320 321 322 323 324 326 327 328 329 330 331 332 333 334 336 337 338 339 340 341 342 343 344 345 346 347 350 351 352 353 354 355 356 357 358 359 360 364 366 367 377 378 379 380 381 382 383 384 385 386 387 388 389 390 391 392 393 394 395 396 397 398 399 400 401 402 403 404 405 406 407 412 413 414 415 416 417 418 419 421 423 424 425 426 427 428 430 431 432 433 435 436 437 438 439 440 441 442 443 444 445 446 447 448 449 450 451 452 453 454 455 456 457 458 459 460 461 463 464 465 467 468 469 470 471 472 473 474 477 478 479 480 481 482 483 484 485 486 487 488 489 491 492 494 495 496 497 498 499 500 501 502 505 507 508 509 510 512 513 514 515 516 517 519 520 521 522 523 524 526 527 528 529 530 532 533 534 535 536 537 538 539 540 541 542 543 544 545 546 547 549 550 551 552 553 554 555 557 558 559 561 562 563 568 569 570 571 572 573 575 576 577 578 579 580 581 582 583 584 585 586 587 588 589 590 591 592 593 594 595 596 597 598 599 600 601 602 604 605 606 607 609 610 611 612 613 614 616 617 622 623 624 625 626 627 629 630 631 632 635 636 637 638 639 640 642 644 645 646 647 648 649 650 651 652 654 655 658 659 660 661 663 664 666 667 668 669 672 673 674 677 678 680 681 682 683 685 686 687 688 689 690 691 692 693 694 695 696 697 698 700 701 702 704 705 706 707 708 709 710 711 712 713 714 715 717 718 720 721 722 723 724 725 728 729 730 731 732 733 734 735 736 737 738 739 741 742 743 744 745 746 747 748 749 751 752 754 755 756 757 759 760 761 762 763 764 765 766 767 768 769 770 783 784 0
1 2 3 4 5 6 7 8 9 11 12 13 14 15 16 17 18 19 20 21 22 23 24 26 28 29 30 31 32 34 35 36 37 38 39 40 41 42 43 44 45 46 53 54 55 57 58 60 61 62 63 66 67 68 69 70 71 73 74 75 76 77 78 79 80 81 82 83 84 85 86 87 88 90 92 96 97 99 100 101 102 103 104 105 106 107 109 110 112 113 114 115 116 117 119 120 121 122 123 124 125 126 127 128 129 130 131 132 133 134 135 136 138 139 140 141 142 143 144 145 147 151 152 153 154 155 156 157 158 159 162 164 165 169 170 171 172 173 174 175 176 177 178 179 180 182 184 185 186 190 197 198 199 200 201 202 203 204 205 206 207 208 209 210 212 213 214 215 216 217 218 219 220 221 222 223 224 225 226 227 228 229 230 231 232 233 234 235 236 237 239 241 242 243 244 246 247 248 250 251 252 253 254 257 258 260 262 263 264 265 266 267 268 269 270 271 272 273 274 275 276 277 278 279 280 281 282 283 284 285 286 288 289 290 291 292 294 295 296 297 298 299 300 301 303 304 305 306 308 309 312 313 314 316 317 318 319 320 321 322 323 324 325 326 327 328 329 330 331 332 333 335 337 338 341 344 345 346 347 348 349 350 351 352 353 354 355 357 359 360 361 362 363 364 365 366 367 368 369 370 371 372 373 374 375 376 377 378 379 381 382 383 384 385 386 387 388 389 390 392 0
1 3 4 6 8 9 10 11 16 17 18 19 20 22 23 24 25 26 27 29 30 31 32 33 36 37 38 39 42 43 44 45 46 47 48 49 50 52 53 54 55 56 57 58 59 60 61 62 64 65 67 68 69 70 71 72 73 74 75 76 77 78 79 80 81 82 83 84 85 86 87 88 89 91 92 93 94 95 96 97 98 99 100 101 102 103 104 106 107 108 109 111 112 113 114 115 116 117 118 119 120 122 123 124 125 126 128 129 130 131 132 133 134 135 136 137 138 139 141 142 143 144 145 148 150 151 153 154 155 156 157 158 159 161 163 164 165 166 167 168 169 170 171 172 173 174 175 176 177 178 179 180 181 182 183 184 186 187 188 189 190 193 194 195 196 197 198 199 200 201 204 205 206 208 210 211 213 214 215 216 217 218 219 220 221 222 223 225 228 229 230 231 232 233 234 235 236 237 239 240 242 244 246 247 248 249 250 251 252 253 254 255 256 257 258 259 260 261 262 263 264 265 266 267 268 269 270 271 272 273 274 275 276 277 278 279 280 281 282 283 284 285 287 288 289 290 292 293 294 295 296 298 299 300 301 302 303 304 305 306 308 309 310 311 312 314 315 316 318 319 320 321 322 323 324 325 326 327 328 332 333 334 335 337 339 340 341 343 344 345 346 348 349 350 351 352 353 355 356 357 358 359 360 361 362 363 364 365 366 367 368 369 371 372 373 374 375 377 378 379 380 381 382 383 384 385 387 388 390 391 392 0
1 2 3 4 5 6 7 8 9 11 12 13 14 15 16 18 19 20 21 22 23 24 25 26 28 29 30 31 32 33 34 35 37 38 39 40 41 42 43 44 45 46 47 49 52 53 54 55 56 57 58 59 60 61 62 64 65 66 67 68 69 73 74 75 77 78 80 81 82 85 87 89 91 92 93 94 95 96 97 98 99 100 101 102 104 105 106 107 108 110 111 112 113 115 116 117 118 120 122 124 125 126 128 130 131 132 133 134 135 136 137 138 139 140 141 142 143 144 0
2 3 5 9 10 11 12 13 14 18 20 22 23 24 26 28 29 30 31 32 0

85
1 2 3 4 5 6 7 8 9 10 11 12 13 14 15 16 17 18 19 20 21 22 23 24 25 26 27 28 29 30 31 32 33 34 35 36 37 38 39 40 41 42 43 44 45 46 47 48 49 50 51 52 53 54 55 56 57 59 60 61 62 63 64 65 66 67 68 69 70 71 72 73 74 75 76 77 78 79 80 82 83 84 85 86 87 88 89 90 91 92 93 94 95 96 97 98 99 100 101 102 103 104 105 106 107 108 109 110 111 112 113 114 115 116 117 118 119 120 121 122 123 124 125 126 127 128 129 130 131 132 133 134 135 136 137 138 139 140 141 142 143 144 145 146 147 148 150 151 152 153 154 155 156 157 158 159 160 161 162 163 164 165 166 167 168 169 170 171 172 173 174 175 176 178 179 180 181 182 183 184 185 186 187 188 189 190 191 192 193 194 195 196 197 198 199 200 201 202 203 204 205 206 207 208 209 210 211 212 213 214 215 216 217 218 219 220 221 222 223 224 225 226 227 228 229 230 231 232 233 234 235 236 237 238 239 241 242 243 244 245 246 247 248 249 250 251 252 253 254 255 256 257 258 259 260 261 262 263 264 265 266 267 268 269 270 271 272 273 274 275 276 277 278 279 280 281 282 283 284 285 286 287 288 289 290 291 292 293 294 295 296 297 298 299 300 301 302 303 304 305 306 307 308 309 310 311 312 313 314 315 316 317 318 319 320 321 322 323 324 325 326 327 328 329 330 331 332 333 334 335 336 337 338 339 340 341 342 343 344 345 346 347 348 349 350 351 352 353 354 355 356 357 358 359 360 361 362 363 364 365 366 367 368 369 370 371 372 373 374 375 376 377 378 379 380 381 382 383 384 385 386 387 388 389 390 391 392 393 394 395 396 397 398 399 400 401 402 403 404 405 406 407 408 409 410 411 412 413 414 415 416 417 418 419 420 421 422 423 424 425 426 427 428 429 430 431 432 433 434 435 436 437 438 439 443 444 445 446 447 448 449 450 451 452 453 454 455 456 457 458 459 460 461 462 463 464 465 466 467 468 469 470 471 472 473 474 475 476 477 478 479 480 481 482 483 484 485 486 487 488 489 490 491 492 493 494 495 496 497 498 499 500 501 502 503 504 505 506 507 508 509 510 511 512 513 514 515 516 517 518 519 520 521 522 523 524 525 526 527 528 529 530 531 532 533 534 535 536 537 538 539 540 541 542 543 544 545 546 547 548 549 550 551 552 553 554 555 556 557 558 559 560 561 562 563 564 565 566 567 568 569 570 571 572 573 574 575 576 577 578 579 580 581 582 583 584 585 586 587 588 589 590 591 592 593 594 595 596 597 598 599 600 601 602 603 604 605 606 607 610 611 612 613 614 615 616 619 620 626 627 628 629 630 631 632 633 634 635 636 637 638 639 640 641 642 643 644 645 646 647 648 649 650 651 652 653 654 655 656 657 658 659 660 661 662 663 664 665 666 667 668 669 673 677 678 679 680 681 682 683 686 687 688 689 690 694 695 696 698 699 700 701 702 703 704 705 706 707 708 709 710 711 714 715 717 719 720 721 722 723 724 725 726 727 729 730 735 736 737 739 740 742 743 744 745 748 749 750 751 752 756 757 758 759 760 761 762 763 764 765 766 767 768 769 770 771 772 773 774 775 776 777 778 779 780 781 782 783 784 0
1 8 9 10 11 12 13 14 15 16 17 18 19 21 22 23 24 25 26 27 28 29 30 31 32 33 34 35 36 37 38 39 40 41 42 43 45 46 47 48 49 50 51 52 53 54 55 56 57 58 59 60 61 62 64 65 66 67 69 71 72 73 74 75 76 77 78 79 80 81 82 83 85 86 87 90 91 92 93 94 95 96 97 99 100 101 102 103 106 107 108 109 113 114 120 121 122 123 124 127 128 133 134 135 136 138 141 142 143 147 148 149 150 155 156 157 158 161 162 163 169 170 171 172 173 174 175 176 177 179 180 181 183 184 185 186 187 188 189 190 191 193 194 195 196 197 198 199 200 201 202 203 204 205 206 207 208 209 210 212 213 214 215 218 219 220 221 222 223 224 225 226 227 229 230 231 232 233 234 235 236 237 238 239 240 241 242 243 244 245 246 247 248 250 251 252 253 254 255 256 257 258 259 260 261 262 263 264 265 266 267 268 269 270 271 272 273 274 275 276 277 278 279 280 282 285 286 287 288 289 290 291 292 294 296 302 304 305 308 310 317 318 319 322 324 328 329 331 332 333 336 339 343 344 345 346 350 352 353 354 358 359 360 364 366 367 368 371 372 373 378 379 380 381 382 383 384 385 386 387 388 389 390 391 392 393 394 395 396 397 398 399 400 401 402 403 404 405 406 407 411 412 413 414 415 416 417 418 419 420 421 422 423 424 425 426 427 428 429 430 431 432 433 434 435 436 437 438 439 440 441 442 443 444 445 447 449 450 451 452 453 454 455 456 457 458 459 461 463 464 465 466 467 468 469 470 471 472 473 475 477 478 479 481 482 483 485 486 487 488 489 491 492 493 494 495 496 498 499 500 501 502 503 505 506 507 508 509 510 512 513 514 515 516 517 519 520 521 522 523 524 525 526 527 528 529 530 531 533 534 539 540 541 543 544 545 547 548 550 551 553 554 555 556 557 558 559 561 565 566 567 569 570 571 572 574 576 577 578 579 580 581 582 583 584 585 586 587 589 590 591 592 593 594 595 596 597 598 599 600 601 602 604 605 606 607 608 609 613 614 615 616 617 618 619 625 626 627 628 630 631 632 633 634 637 638 639 642 643 644 645 646 647 648 649 650 651 652 653 654 655 656 657 658 659 660 661 662 663 664 665 666 668 669 670 671 672 673 674 675 676 677 678 679 680 681 682 683 685 686 688 689 690 691 692 693 694 695 699 700 702 703 704 705 708 709 712 713 714 715 716 717 718 719 721 722 723 724 726 727 728 730 731 732 733 735 736 739 740 741 742 744 745 746 748 749 750 753 754 755 756 758 759 760 762 763 765 766 767 768 769 770 772 773 776 777 778 779 784 0
1 2 3 4 5 6 7 8 9 10 11 12 13 14 15 16 17 18 19 20 21 22 23 27 28 29 32 33 34 36 37 39 40 41 43 45 46 47 48 53 55 57 58 59 60 61 62 63 64 65 66 67 68 69 75 76 78 82 83 85 89 90 93 95 96 97 99 102 103 104 105 106 107 108 109 110 111 112 113 114 115 116 117 118 119 120 121 122 123 124 125 126 130 131 132 133 137 138 139 140 142 143 144 145 147 151 152 153 154 156 157 158 159 160 162 163 164 165 166 167 168 172 173 175 179 180 185 186 187 190 192 197 198 199 202 203 204 205 206 207 208 209 210 211 212 213 214 215 216 217 219 220 221 222 223 224 227 228 230 234 235 236 237 241 242 243 244 245 246 247 248 249 250 251 252 253 254 255 256 257 258 259 260 261 262 263 264 265 266 267 273 277 278 279 280 281 287 291 294 295 299 300 301 302 303 304 305 306 307 308 309 310 311 312 313 314 320 321 323 327 328 333 334 337 338 339 340 341 342 347 348 349 350 351 352 353 354 355 356 358 359 360 361 363 364 367 368 369 371 373 374 375 377 380 381 382 383 384 389 390 391 392 0
1 2 3 4 5 7 8 10 11 12 13 15 17 18 19 20 23 24 25 26 27 28 31 32 34 37 38 39 40 41 42 43 44 46 47 48 49 50 51 52 53 54 55 56 57 58 59 60 61 62 63 64 65 66 67 68 69 70 71 72 73 74 75 77 78 79 80 81 86 87 88 89 93 94 95 96 99 100 101 102 104 105 106 107 108 109 111 112 113 114 115 116 117 118 119 120 121 122 123 124 126 129 130 133 134 136 138 139 140 141 142 143 144 145 148 149 150 151 152 154 155 157 158 159 160 161 164 165 166 167 169 170 171 173 174 179 180 181 182 185 186 187 188 189 192 193 194 195 196 197 198 200 204 205 206 207 208 209 210 211 212 213 214 215 216 220 221 222 223 224 225 226 228 229 230 231 232 233 234 237 239 240 241 242 243 244 246 249 250 251 252 253 254 255 256 257 259 260 261 262 263 265 266 268 269 271 272 273 274 275 276 277 278 279 280 281 282 283 285 287 288 289 291 294 295 296 297 298 299 300 301 303 304 305 307 308 309 310 312 313 315 316 318 319 320 322 326 327 332 333 336 340 341 342 343 344 345 346 347 348 349 350 351 352 354 355 356 357 358 359 360 361 362 363 364 365 366 367 368 369 370 371 372 374 375 376 377 378 379 381 382 384 385 386 387 388 389 390 391 392 0
1 2 3 5 6 7 8 9 10 11 12 14 15 16 17 18 23 24 27 28 29 32 33 34 36 37 38 40 42 43 45 46 47 50 51 52 53 54 56 57 59 60 61 63 64 65 66 70 74 75 76 78 79 80 82 84 85 86 87 88 89 90 91 92 93 94 95 96 101 104 105 107 108 109 110 111 112 113 116 117 118 119 121 122 123 124 126 127 128 129 130 131 132 133 134 135 138 139 140 141 144 0
1 3 4 7 9 12 13 14 15 19 20 23 24 30 31 32 0

86
1 2 3 4 5 6 7 8 9 10 11 12 13 14 15 16 17 18 19 20 21 22 23 24 25 26 27 28 29 30 31 32 33 34 35 36 37 38 39 40 41 42 43 44 45 46 47 48 49 50 51 52 53 54 55 56 57 58 59 60 61 62 63 64 65 66 67 68 69 70 71 72 73 74 75 76 77 78 79 80 81 82 83 84 85 86 87 88 89 90 91 92 93 94 95 96 97 98 99 100 101 102 103 104 105 106 107 108 109 110 111 112 113 114 115 116 117 118 119 120 121 122 123 124 125 126 127 128 129 130 131 132 133 134 135 136 137 138 139 140 141 142 143 144 145 146 147 148 149 150 151 152 153 154 155 156 157 158 159 160 161 162 163 164 165 166 167 168 169 170 171 172 173 174 175 176 177 178 179 180 181 182 183 184 185 186 187 188 189 190 191 192 193 194 195 196 197 198 199 200 202 203 204 205 206 207 208 209 210 211 212 213 214 215 216 217 218 219 220 221 222 223 224 225 226 227 228 229 230 231 232 233 234 235 236 237 238 239 240 241 242 243 244 245 246 247 248 249 250 251 252 253 254 255 256 257 258 259 260 261 262 263 264 265 266 267 268 269 270 271 272 273 274 275 276 277 278 279 280 281 282 283 284 285 286 287 288 289 290 291 292 293 294 295 296 297 298 299 300 301 302 303 304 305 306 307 308 309 310 311 312 313 314 315 316 317 318 319 320 321 322 323 324 325 327 328 329 330 331 332 333 334 335 336 337 338 339 341 342 343 344 345 346 347 348 349 350 351 352 353 354 355 357 358 359 360 361 362 363 364 365 366 367 368 369 370 371 372 373 374 375 376 377 378 379 380 381 382 383 384 385 386 387 388 389 390 391 392 393 394 395 396 397 398 399 400 401 402 403 404 405 406 407 408 409 410 411 412 413 414 415 416 417 418 419 420 421 422 423 424 425 426 427 429 430 431 432 433 434 435 436 437 438 439 440 441 442 443 444 445 446 447 448 449 450 451 452 453 454 455 456 457 458 459 460 461 462 463 464 465 466 467 468 470 471 472 473 474 475 476 477 478 479 480 481 482 483 484 485 486 487 488 489 490 491 492 493 494 495 496 497 498 499 500 501 502 503 504 505 506 507 508 509 510 511 512 513 514 515 516 517 518 519 520 521 522 523 524 525 526 527 528 529 530 531 532 533 534 535 536 537 538 539 540 541 542 543 544 545 546 547 548 549 550 551 552 553 554 555 556 557 558 559 560 561 562 563 564 565 566 567 568 569 570 571 572 573 574 575 576 577 578 579 580 581 582 583 584 585 586 587 588 589 590 591 592 593 594 595 596 597 598 599 600 601 602 603 604 605 606 607 608 609 610 611 612 613 614 615 616 617 619 620 621 623 624 625 626 627 628 629 630 631 634 635 636 637 638 639 640 641 642 643 644 645 649 650 651 652 653 654 655 656 657 658 659 663 664 665 666 667 669 672 673 674 675 676 678 679 680 685 686 687 688 689 690 691 692 693 695 696 697 698 700 701 702 703 704 705 707 708 709 710 711 713 714 715 716 717 718 719 720 721 722 723 724 725 728 729 730 731 732 733 734 735 736 737 740 741 742 743 744 746 747 748 749 750 751 752 753 754 755 756 757 758 759 760 761 762 763 764 765 766 767 768 769 770 771 772 773 777 778 779 780 781 782 783 784 0
1 6 7 8 9 10 11 14 15 16 17 18 19 20 21 22 23 24 25 26 27 28 29 30 31 32 33 34 35 36 37 38 39 40 41 43 46 49 51 52 53 54 55 57 60 61 62 63 64 65 66 67 68 71 74 75 76 77 78 79 80 81 82 85 86 87 88 89 90 91 92 93 94 97 99 100 101 102 103 104 105 106 107 108 113 114 115 117 118 119 120 121 122 127 128 129 130 132 133 134 135 136 139 141 142 143 144 145 146 147 148 149 150 152 153 155 156 157 158 159 160 161 162 163 164 165 166 167 169 170 171 172 173 174 175 178 179 180 181 182 183 184 185 187 188 189 190 191 192 193 194 195 196 197 198 199 200 201 202 203 204 205 206 207 208 209 210 212 213 214 215 216 217 218 219 221 222 223 224 226 227 228 229 230 232 233 234 235 236 237 238 242 243 244 245 246 247 248 249 250 252 258 259 260 261 262 263 264 265 266 272 273 274 275 276 277 278 280 284 286 287 288 289 290 291 292 294 296 297 298 299 300 301 302 303 304 305 308 310 311 312 313 314 315 316 317 318 322 324 325 326 328 329 330 331 332 336 337 338 339 340 341 342 343 344 345 346 349 350 351 352 353 354 355 356 357 358 359 360 361 362 363 364 366 368 369 370 371 372 373 374 375 376 377 378 379 380 381 382 383 384 385 386 387 388 389 390 391 392 393 394 395 396 397 398 399 400 401 402 403 404 405 406 408 410 411 412 413 414 415 416 417 418 419 421 422 423 427 428 429 430 431 432 433 435 436 437 438 439 440 441 442 443 444 445 446 447 448 449 450 451 452 453 454 455 456 457 458 459 460 461 463 464 465 466 467 468 469 470 471 472 473 474 475 476 477 478 479 480 481 482 483 484 485 486 487 489 491 493 494 495 496 497 499 500 501 502 503 505 508 509 510 511 512 513 514 515 516 517 519 520 522 523 524 525 526 528 529 530 531 533 534 535 536 537 538 539 540 541 543 544 546 547 548 549 550 551 552 553 555 560 561 562 563 564 565 566 568 569 570 571 572 573 574 575 576 578 579 580 581 582 583 584 585 586 587 589 590 591 592 593 594 595 596 597 598 599 600 601 602 603 604 606 609 610 611 612 613 614 615 616 618 619 620 622 623 624 625 626 627 628 630 632 633 634 635 636 637 638 639 640 641 642 643 644 646 647 648 649 650 651 652 653 654 655 656 658 660 661 662 663 664 665 666 667 668 669 670 672 674 675 676 677 678 679 680 681 682 683 684 685 686 688 689 691 692 693 694 698 699 700 701 702 703 704 705 706 707 708 709 711 712 713 714 715 716 717 718 719 720 721 722 723 724 725 726 727 728 729 731 732 733 734 735 736 737 740 741 742 743 744 745 746 747 748 749 750 751 753 754 755 756 757 758 759 760 761 762 763 764 765 766 767 770 771 775 776 777 778 782 783 784 0
1 2 3 4 5 6 7 8 9 11 12 13 15 16 17 18 19 20 21 22 23 24 25 26 27 28 29 31 32 33 34 36 37 39 40 41 43 44 45 46 47 49 53 54 55 56 59 60 61 62 63 66 67 68 69 70 71 74 75 76 78 80 81 82 83 85 86 87 88 89 90 91 93 95 96 97 99 100 101 102 103 104 105 108 109 110 111 112 115 116 117 118 119 121 122 124 125 126 128 129 130 131 132 133 134 135 136 137 138 140 141 142 143 144 145 146 147 150 151 152 153 154 157 158 159 160 161 164 165 166 167 168 170 171 172 173 176 177 178 179 180 183 184 185 187 190 191 192 193 195 196 197 198 199 200 201 202 203 205 206 207 208 209 210 212 213 215 216 219 220 221 222 223 225 226 227 228 229 230 232 233 234 235 236 237 238 239 240 241 242 243 244 245 246 247 249 250 251 252 253 254 256 257 258 259 261 262 263 264 265 266 268 269 270 271 272 274 275 276 277 278 279 280 281 282 283 284 287 288 289 290 291 292 293 297 298 299 300 301 303 305 306 307 312 314 315 318 319 320 321 323 324 325 326 327 330 331 332 333 334 337 338 339 340 341 343 346 347 348 349 350 352 353 354 356 357 359 360 361 363 364 365 366 367 368 369 370 371 373 374 376 377 379 380 382 383 384 386 387 388 389 390 391 392 0
2 3 4 5 7 9 10 11 12 13 16 17 18 19 20 23 24 25 26 27 31 32 34 35 36 37 38 39 40 42 43 44 45 46 47 48 49 50 51 52 53 54 55 56 57 58 60 63 65 66 67 69 70 71 72 73 77 78 79 80 81 82 83 86 87 89 92 93 94 95 96 97 98 99 102 103 105 106 107 108 109 111 112 114 116 117 119 121 122 123 124 126 127 128 130 132 133 134 135 136 137 140 141 142 143 144 145 146 147 149 150 151 152 153 154 155 156 157 158 159 160 161 163 164 165 166 167 169 173 174 175 176 177 179 180 181 182 183 184 186 187 188 190 191 192 193 194 195 196 197 198 199 201 202 203 204 206 207 208 209 210 211 212 213 214 215 216 217 218 220 222 225 226 227 228 229 230 232 233 234 235 236 237 239 240 242 243 244 245 246 247 249 251 252 253 255 256 257 258 259 260 262 263 264 265 266 267 268 269 270 271 273 274 275 276 277 278 280 281 282 283 284 285 287 288 289 290 291 293 294 295 296 298 300 301 302 303 304 305 306 307 308 310 311 312 313 314 315 318 319 320 322 324 325 326 327 330 331 333 334 337 338 339 340 341 342 343 344 345 346 347 348 349 350 351 352 353 354 355 356 357 358 359 361 362 363 364 365 366 367 368 369 370 371 372 373 374 376 377 378 379 380 381 383 384 385 386 387 388 389 390 391 392 0
1 2 3 4 5 6 7 8 9 10 11 12 15 16 18 20 21 23 24 25 27 28 29 30 31 32 33 34 35 36 37 38 39 40 42 43 45 46 48 50 51 52 53 55 56 58 59 62 63 64 65 66 67 68 69 71 74 75 76 77 78 79 80 82 83 84 86 87 89 90 91 92 93 95 97 98 100 101 102 104 105 106 107 110 112 113 115 117 118 119 120 121 122 123 125 126 127 128 130 131 132 133 137 140 141 142 143 144 0
1 7 9 11 16 17 18 20 22 24 25 26 29 30 0

87
1 2 3 4 5 6 7 8 9 10 11 12 13 14 15 16 17 18 19 20 21 22 23 24 25 26 27 28 29 30 31 32 33 34 35 36 37 38 39 40 41 42 43 44 45 46 47 48 49 51 52 53 54 55 56 57 58 59 60 61 62 63 64 65 66 67 68 69 70 71 72 73 74 75 76 77 78 79 80 81 82 83 84 85 86 87 88 89 90 91 92 93 95 96 97 98 99 100 101 102 103 104 105 106 107 108 110 111 112 113 114 115 116 117 118 119 120 121 122 123 124 125 126 127 128 129 130 131 132 133 134 135 136 137 139 140 141 142 143 144 145 146 147 148 149 150 151 152 153 154 155 156 157 158 159 160 161 162 163 164 165 166 167 168 169 170 171 172 173 174 175 176 177 178 179 180 181 182 183 184 185 186 187 188 189 190 191 192 193 194 195 196 197 198 199 200 201 202 203 204 205 206 207 208 209 210 211 212 213 214 215 216 217 218 219 220 221 222 223 224 225 226 227 228 229 230 231 233 234 235 236 237 238 239 240 241 242 243 244 245 246 247 248 249 250 251 252 253 254 255 256 257 258 259 260 261 262 263 264 265 266 267 268 269 270 271 272 273 274 275 276 277 278 279 280 281 282 283 284 285 286 287 288 289 290 291 292 293 294 295 296 297 298 299 300 301 302 303 304 306 307 308 309 310 311 312 313 314 315 316 317 318 319 320 321 322 323 324 325 326 327 328 329 330 331 332 333 334 335 336 337 338 339 340 341 342 344 345 346 347 348 349 350 351 352 353 354 355 356 357 358 359 360 361 362 363 364 365 366 367 368 369 370 371 372 373 374 375 376 377 378 379 380 381 382 383 384 385 386 387 388 389 390 391 392 393 394 395 396 397 398 399 400 401 402 403 404 405 406 407 408 409 410 411 412 413 414 415 416 417 418 419 420 421 422 423 424 425 427 429 430 431 432 433 434 435 436 437 438 439 440 441 442 443 444 445 446 447 448 449 450 451 452 453 454 455 456 457 458 459 460 461 462 463 464 465 466 467 468 469 470 471 472 473 474 475 476 477 478 479 480 481 482 483 484 485 486 487 488 489 490 491 492 493 494 495 496 497 498 499 500 501 502 503 504 505 506 507 508 509 510 511 512 513 514 515 516 517 518 519 520 521 522 523 524 525 526 527 528 529 530 531 532 533 534 535 536 537 538 539 540 541 542 543 544 545 546 547 548 549 550 551 552 553 554 555 556 557 558 559 560 561 562 563 564 565 567 568 569 570 571 572 573 574 575 576 577 578 579 580 581 582 583 584 585 586 587 588 593 594 595 603 604 605 606 607 608 609 612 615 616 617 618 620 621 622 623 624 625 626 627 628 629 630 631 632 633 634 635 636 637 638 639 640 641 642 643 644 646 647 648 649 650 651 652 653 654 655 656 657 658 659 663 664 665 666 667 668 669 670 671 672 673 675 676 677 678 679 680 681 682 683 684 685 686 687 688 689 690 691 692 693 694 695 696 697 698 699 700 701 702 703 704 705 706 708 709 710 711 712 713 714 715 716 717 718 719 723 724 725 726 727 728 729 730 731 732 733 734 735 736 737 738 739 740 743 748 749 750 751 752 753 754 756 757 758 759 760 761 762 763 764 765 766 767 769 770 771 772 773 774 775 776 777 778 779 780 781 782 783 784 0
1 14 15 16 17 18 19 20 21 22 23 24 25 26 27 29 30 32 33 34 35 36 37 38 39 40 41 43 45 47 48 49 50 51 52 53 54 55 56 57 58 59 62 63 64 65 66 67 68 69 70 71 75 76 77 78 79 80 81 82 83 84 85 86 87 88 89 90 91 92 93 94 95 96 97 98 99 100 101 102 103 104 105 106 107 108 109 110 111 112 113 114 115 116 117 118 119 120 121 122 123 124 125 126 127 128 129 130 131 132 133 134 136 137 138 139 141 142 143 144 145 147 148 149 150 151 152 153 155 156 158 159 160 161 162 163 164 165 166 167 169 170 171 172 173 174 175 176 177 178 179 180 183 184 185 186 187 188 189 190 191 192 193 194 195 196 198 201 202 203 210 212 213 214 224 225 226 227 228 229 230 231 232 235 236 237 238 239 240 241 242 243 244 245 246 248 249 250 251 252 253 254 255 256 257 258 259 260 261 263 264 265 266 267 269 270 271 272 273 274 275 276 278 279 280 284 285 286 287 288 289 290 291 292 293 294 296 297 298 299 300 301 302 303 304 305 307 308 309 310 311 312 313 314 316 317 318 319 320 321 322 324 325 326 327 328 329 331 332 333 334 336 338 339 340 342 343 344 345 346 347 348 349 350 356 357 358 359 360 361 362 363 364 366 367 368 371 372 373 374 375 376 378 379 380 381 382 383 384 385 386 387 388 389 390 391 392 393 394 395 396 397 398 399 400 401 402 403 404 405 406 408 411 412 413 414 415 416 417 418 419 421 423 424 425 426 427 430 431 434 435 436 437 438 439 440 441 442 444 448 449 450 451 452 454 455 456 457 458 459 460 461 462 463 464 465 466 467 469 470 471 472 475 476 477 478 479 480 481 482 483 484 485 486 487 488 489 491 494 495 496 497 498 499 500 501 504 505 508 509 511 512 513 514 515 516 519 520 521 522 523 524 525 527 528 529 530 531 533 534 535 536 537 538 539 540 541 542 543 544 547 548 549 550 551 552 553 554 555 556 557 559 561 563 564 565 566 567 568 569 570 571 572 573 575 576 577 578 579 580 581 582 583 584 585 586 587 588 589 590 591 592 593 594 595 596 597 598 599 600 601 602 604 605 606 607 612 613 614 615 616 618 619 620 621 622 627 628 629 630 631 633 634 635 636 637 638 639 640 644 645 646 647 648 649 650 651 652 653 656 657 658 659 660 665 666 667 669 670 672 674 675 676 677 678 679 680 681 682 683 684 686 688 689 690 691 692 693 694 695 696 697 698 699 700 701 708 709 710 711 714 715 716 717 718 719 720 721 722 723 724 725 727 728 729 730 731 732 736 738 739 740 741 742 744 745 746 747 748 750 752 753 754 756 758 759 760 761 762 763 764 765 766 767 768 770 772 773 774 775 776 777 778 779 780 781 782 784 0
1 2 3 5 6 7 8 9 10 11 12 13 15 16 18 21 22 23 24 25 26 27 28 29 30 32 33 34 35 36 38 40 42 43 45 46 47 48 49 51 52 53 57 58 59 60 61 63 64 66 67 68 69 70 71 72 73 74 75 76 78 81 82 83 84 87 88 89 90 91 93 94 96 97 98 99 101 102 103 105 106 107 108 109 111 112 113 114 115 116 117 118 119 121 122 123 124 125 126 127 128 129 130 131 132 133 134 135 136 137 138 139 140 142 143 144 145 146 147 150 151 154 156 158 159 160 162 163 164 165 166 167 168 172 173 174 175 176 177 178 179 180 181 182 186 188 189 190 192 193 194 195 196 197 198 199 200 201 202 204 205 206 207 208 209 210 211 212 213 214 215 216 217 219 220 221 222 223 224 225 226 228 229 230 231 233 234 235 236 237 238 241 242 243 244 245 246 247 248 249 250 251 253 254 255 256 257 258 259 260 261 262 263 264 265 266 268 269 270 271 272 273 274 275 277 278 279 280 282 283 284 285 287 289 290 291 292 293 294 296 297 301 303 304 305 306 307 308 309 310 311 312 313 314 315 316 318 319 320 321 322 323 324 325 326 327 328 329 331 332 333 334 335 336 337 339 340 341 342 343 345 349 351 352 353 354 355 359 360 361 362 363 365 366 367 368 369 370 371 372 373 374 375 376 377 378 380 381 382 385 388 389 390 391 392 0
1 2 3 4 5 7 8 9 10 11 12 13 14 15 16 17 18 19 20 21 22 23 25 26 27 28 29 30 31 32 33 34 37 38 39 40 41 42 44 45 46 47 48 49 50 51 52 53 54 55 56 57 58 59 62 63 64 65 66 68 69 70 71 72 73 74 75 76 77 78 79 80 82 83 84 87 88 89 90 91 92 93 94 95 96 97 101 103 104 105 106 110 111 112 115 117 118 119 120 121 122 123 124 125 126 127 128 129 130 131 132 133 137 138 139 140 141 142 143 144 145 146 147 148 149 150 152 155 156 157 158 159 160 161 162 163 164 165 166 167 168 169 170 171 172 173 174 175 178 179 180 181 182 183 184 185 186 187 188 189 195 196 197 198 199 200 202 203 204 205 206 207 208 211 212 213 214 215 216 217 218 219 220 221 222 223 224 225 227 228 229 230 231 232 233 234 235 236 238 239 240 241 242 243 244 245 247 248 249 252 253 254 255 256 258 260 261 262 263 265 266 268 269 270 271 272 273 274 275 276 277 278 279 280 281 283 284 285 286 287 288 289 291 292 293 294 295 296 297 300 301 302 303 305 307 308 311 312 314 315 317 318 319 320 321 322 324 325 326 327 328 329 330 331 332 333 334 335 336 338 339 340 341 342 343 344 345 348 349 350 351 352 353 354 355 356 357 359 360 361 362 363 364 367 368 369 370 371 372 374 375 376 378 379 380 381 382 383 384 385 386 387 388 389 390 391 392 0
1 2 3 4 5 6 7 8 9 10 11 12 13 14 15 16 17 18 21 23 24 25 27 28 29 30 31 32 33 34 35 36 37 39 40 42 44 45 46 49 52 53 54 55 56 57 59 60 61 63 65 68 69 70 71 72 73 74 75 76 78 79 81 82 83 87 88 89 90 91 92 93 94 95 96 97 98 99 100 105 108 110 111 113 116 117 118 119 120 121 122 123 125 126 127 129 132 133 134 137 139 142 143 144 0
1 6 9 10 11 12 13 16 17 18 19 21 22 24 27 28 0

88
1 2 3 4 5 6 7 8 9 10 11 12 13 14 15 16 17 18 19 20 21 22 23 24 25 26 27 28 29 30 31 32 33 34 35 36 37 38 39 40 41 42 43 44 45 46 47 48 49 50 51 53 54 55 56 57 58 59 60 61 62 63 64 65 66 67 68 69 70 71 72 73 74 75 76 77 78 79 80 81 82 83 84 85 86 87 88 89 90 91 92 93 94 95 96 97 98 99 100 101 102 103 104 105 106 107 108 109 110 111 112 113 114 115 116 117 118 119 120 121 122 123 124 125 126 127 128 129 130 131 133 134 135 136 137 138 139 140 141 142 143 144 145 146 147 148 149 150 151 152 153 154 155 156 157 158 159 160 161 162 163 164 165 166 167 168 169 170 171 172 173 174 175 176 177 178 179 180 181 182 183 184 185 186 187 188 189 190 191 192 193 194 195 196 197 198 199 200 201 202 203 204 205 206 207 208 209 210 211 212 213 214 215 216 217 218 219 220 221 222 223 224 225 226 227 228 229 230 231 232 233 234 235 236 237 238 239 240 241 242 243 244 245 246 247 249 251 252 253 254 255 256 258 259 260 261 262 263 264 265 266 267 268 269 270 271 272 273 274 275 276 277 278 279 280 281 282 283 285 286 287 288 289 290 291 292 293 294 295 296 297 298 299 300 301 302 303 304 305 306 307 308 309 310 311 312 313 314 315 316 317 318 319 320 321 322 323 324 325 326 327 328 329 330 331 332 333 334 335 336 337 338 339 340 341 343 344 345 346 347 348 349 350 351 352 353 354 356 357 358 359 360 361 362 363 364 365 366 367 368 369 370 371 372 373 374 375 376 377 378 379 380 381 382 383 384 385 386 387 388 389 390 391 392 393 394 395 396 397 398 399 400 401 402 403 404 405 406 407 408 409 410 411 412 413 414 415 416 417 418 419 420 421 422 423 424 425 426 427 428 429 430 431 432 433 434 435 436 437 438 439 440 441 442 443 444 445 446 447 448 449 450 451 452 453 454 455 456 457 458 459 460 461 462 463 464 465 466 467 468 469 470 471 472 473 474 475 476 477 478 479 480 481 482 483 484 485 486 487 488 489 490 491 492 493 494 495 496 497 498 499 500 501 502 503 504 505 506 507 508 509 510 511 512 513 514 515 516 517 518 519 520 521 522 523 524 525 526 527 528 529 530 531 532 533 534 535 536 537 538 539 540 541 542 543 544 545 546 547 548 549 550 551 552 553 554 555 556 557 558 559 560 561 562 563 564 565 566 567 568 569 570 571 572 573 574 575 576 577 578 579 580 581 582 583 584 585 586 587 588 589 593 594 595 596 598 599 600 601 603 604 605 606 607 608 609 615 616 617 618 619 620 621 622 623 624 628 630 631 632 633 634 635 636 637 638 639 640 641 642 644 645 649 650 651 652 653 654 655 656 657 658 659 660 661 662 663 664 665 666 667 668 669 670 672 673 674 675 676 677 678 679 680 681 682 683 684 685 686 687 688 689 690 691 692 693 694 695 696 697 698 699 700 701 702 703 704 705 706 707 708 709 710 712 713 714 715 716 717 718 719 720 721 722 723 724 725 726 727 728 729 734 735 736 738 739 740 741 742 743 744 746 747 748 751 752 753 754 755 756 757 758 759 761 762 763 764 765 766 767 768 769 770 771 772 773 774 775 776 777 778 782 783 784 0
1 14 15 16 17 18 19 20 21 22 26 27 29 30 31 32 33 34 35 36 37 38 39 40 41 43 44 45 46 47 48 49 50 51 52 53 54 57 61 62 63 64 65 66 67 68 71 72 74 75 76 77 78 79 80 81 82 85 86 87 88 89 90 91 92 93 94 95 96 97 99 100 101 102 103 104 105 106 107 108 109 111 113 114 115 116 117 119 120 121 122 123 124 125 126 127 128 129 130 133 134 135 136 137 138 139 140 141 142 146 147 148 149 151 152 153 154 155 156 159 160 162 164 165 166 167 169 170 171 172 173 174 175 177 178 179 180 181 183 184 185 186 187 188 189 190 191 192 193 194 195 196 199 200 201 202 203 204 205 206 207 208 209 210 212 213 214 215 216 217 218 224 226 227 228 229 230 231 233 234 235 238 240 241 242 243 244 246 247 248 249 252 255 256 257 258 259 260 261 262 263 264 266 268 269 270 271 272 273 274 275 276 277 278 280 281 282 285 286 287 288 289 290 291 292 293 294 295 296 298 299 300 301 302 303 304 305 307 308 310 311 312 313 314 315 316 317 318 319 320 321 322 324 328 329 330 331 332 334 335 336 338 340 343 344 345 346 347 348 349 350 352 354 355 357 358 359 360 361 362 363 364 366 369 370 371 372 374 375 376 377 378 379 380 381 382 383 384 385 386 387 388 389 390 391 392 393 394 395 396 397 398 399 400 401 402 403 404 405 406 407 408 409 410 411 412 413 414 415 416 417 418 419 420 421 425 428 429 430 431 432 433 436 437 438 439 440 441 442 443 444 445 446 447 449 450 453 454 455 456 457 458 459 460 461 463 464 467 468 469 470 471 472 473 474 475 477 479 480 481 482 484 485 486 487 489 490 491 494 495 496 497 498 499 500 501 502 504 505 506 507 508 510 511 512 515 516 517 520 522 523 524 525 526 527 528 532 533 534 535 537 538 539 540 541 543 544 545 547 548 550 551 552 553 554 556 557 558 559 560 561 562 563 564 565 567 568 572 573 575 576 577 578 579 581 582 583 584 585 586 587 588 589 590 591 592 593 594 595 596 597 598 599 600 601 602 604 605 606 607 608 609 610 611 612 613 614 615 616 617 618 622 623 624 630 631 632 634 635 636 637 638 640 644 646 648 649 651 652 653 654 656 657 658 660 662 663 664 665 666 668 669 670 671 672 674 676 677 678 679 680 681 682 683 686 687 688 689 690 691 692 693 694 695 696 697 698 700 701 703 704 705 706 707 708 709 712 713 714 715 716 717 718 719 720 721 722 723 726 727 728 730 731 732 733 734 735 736 739 740 741 742 744 747 748 749 750 752 753 754 756 758 761 762 763 765 766 767 768 769 770 772 774 775 776 777 778 779 781 782 783 784 0
1 2 3 4 5 6 7 8 9 10 11 12 13 15 16 17 18 19 20 21 22 23 24 25 27 28 29 30 31 32 33 34 36 37 39 40 41 43 45 46 47 53 59 60 61 62 65 66 67 68 69 70 72 73 74 75 76 79 80 81 82 83 87 88 89 91 93 94 95 96 97 98 101 103 104 105 106 107 108 109 110 112 114 115 116 118 119 120 121 122 123 124 125 126 127 128 129 130 131 132 133 136 137 138 140 142 143 144 145 147 149 150 154 156 157 159 160 163 164 165 166 167 168 169 170 171 172 173 175 177 178 179 180 181 185 186 190 192 193 197 199 200 203 204 205 206 208 209 210 212 213 214 215 216 217 218 219 220 221 222 223 225 226 227 228 229 230 233 234 235 236 237 238 240 241 242 243 246 247 248 249 250 251 253 255 256 257 258 264 265 266 267 268 269 270 271 272 273 274 275 276 277 280 283 284 285 286 287 288 290 291 292 293 294 297 298 301 303 304 306 311 313 314 316 317 318 319 320 321 322 324 326 327 328 333 334 337 338 340 341 344 345 346 350 351 353 354 355 356 357 359 360 363 364 365 366 367 368 369 370 371 375 376 377 380 381 382 383 384 386 387 388 389 390 391 392 0
1 2 3 4 8 9 10 11 12 15 16 17 18 19 22 23 24 25 26 27 28 29 30 34 35 40 42 43 45 46 47 48 49 50 52 53 54 57 58 59 62 63 64 65 66 67 68 69 70 73 74 75 76 77 78 79 80 81 82 84 85 86 87 88 89 90 91 92 93 96 97 99 100 101 102 104 105 106 107 108 109 110 111 112 113 115 116 117 118 119 121 123 124 126 127 128 129 130 131 132 133 134 136 137 138 140 142 143 144 145 147 150 151 152 155 156 157 158 160 161 162 163 164 165 166 167 168 169 170 171 172 173 174 175 176 177 179 180 181 182 183 184 185 186 187 188 189 190 192 193 194 195 196 197 198 203 204 205 206 207 208 209 211 212 213 214 215 216 217 218 219 220 221 222 223 225 226 227 228 229 230 232 234 235 236 237 239 240 241 242 243 244 246 247 252 253 254 255 256 257 259 260 261 262 263 264 265 266 267 268 269 270 271 273 274 275 276 277 278 279 280 281 282 283 285 287 288 289 292 293 294 295 296 299 301 302 303 304 305 306 307 308 309 310 311 312 313 315 316 317 318 319 320 321 322 323 324 325 326 327 330 331 332 333 334 339 340 341 343 344 345 346 347 348 349 350 351 354 355 356 357 358 359 360 361 363 364 365 366 367 368 369 370 371 374 375 376 377 378 380 381 382 383 384 385 386 388 389 390 391 392 0
1 5 7 11 12 13 15 16 17 18 19 21 22 23 24 28 29 30 31 32 33 35 36 37 38 39 40 43 45 46 47 50 52 54 55 60 61 62 66 67 68 70 73 74 77 78 79 82 83 84 85 86 87 89 92 94 95 96 97 98 100 103 104 105 106 114 115 116 117 118 119 122 123 124 126 127 128 130 132 134 135 139 141 143 0
2 4 8 11 12 14 16 17 18 20 25 26 29 0

89
1 2 3 4 5 6 7 8 9 10 11 12 13 14 15 16 17 18 19 20 21 22 23 24 25 26 27 28 29 30 31 32 33 34 35 36 37 38 39 40 41 42 43 44 45 46 47 48 49 50 51 52 53 54 55 56 57 58 59 60 61 62 63 64 65 66 67 68 69 70 71 72 73 74 75 76 77 78 79 80 81 83 84 85 86 87 88 89 90 91 92 93 94 95 96 97 98 99 100 101 102 103 104 105 106 107 108 109 110 111 112 113 114 115 116 117 118 119 120 121 122 123 124 125 126 127 128 129 130 131 132 133 134 135 136 137 138 139 140 141 142 143 144 145 146 147 148 149 150 151 152 153 154 155 156 157 158 159 160 161 162 163 164 165 166 167 168 169 170 171 172 173 174 175 176 177 178 179 180 181 182 183 184 185 186 187 188 189 190 191 192 193 194 195 196 197 198 199 200 201 202 203 204 205 206 207 208 209 210 211 212 213 214 215 216 217 218 219 220 221 222 223 224 225 226 227 228 230 231 232 233 235 236 237 238 239 240 241 242 243 244 245 246 247 248 249 250 251 252 253 254 255 256 257 258 259 260 261 262 263 265 266 267 268 269 270 271 272 273 274 275 276 277 278 279 280 281 282 283 284 285 286 287 288 289 290 291 292 293 294 295 296 297 298 299 300 301 302 303 304 305 306 307 308 309 310 311 312 313 314 315 316 317 318 319 320 321 322 323 324 325 326 327 328 329 330 331 333 334 335 336 337 338 339 340 341 342 344 345 346 347 348 349 350 351 352 353 354 355 356 357 358 359 360 361 362 363 364 365 366 367 368 369 370 371 372 373 374 375 376 377 378 379 380 381 382 383 384 385 386 387 388 389 390 391 392 393 394 395 396 397 398 399 400 401 402 403 404 405 406 407 408 409 410 411 412 413 414 415 416 417 418 419 420 421 422 423 424 425 426 427 428 429 430 431 432 433 434 435 436 437 438 439 440 441 442 443 444 445 446 447 448 449 450 451 452 453 454 455 456 457 458 459 460 461 462 463 464 465 466 467 468 469 470 471 472 473 474 475 476 477 478 479 480 481 482 483 484 485 486 487 488 490 491 492 493 494 495 496 497 498 499 500 501 502 503 504 505 506 507 508 509 510 511 512 513 514 515 516 517 518 519 520 521 522 523 524 525 526 527 528 529 530 531 532 533 534 535 536 537 538 540 541 542 543 544 545 546 547 548 549 550 551 552 553 554 555 556 558 559 560 561 562 563 564 565 566 567 568 569 570 571 572 573 574 575 576 577 578 579 580 581 582 583 584 585 586 587 588 595 603 604 608 609 610 611 612 613 614 616 617 619 620 621 622 623 624 625 626 629 632 633 635 636 637 638 639 640 641 645 648 649 650 651 652 653 654 655 656 657 658 659 660 662 663 664 665 666 667 668 669 670 671 672 673 674 675 676 677 678 679 680 681 682 683 684 685 686 687 688 689 690 691 696 697 698 699 700 703 704 705 706 707 710 711 712 713 715 716 717 718 719 720 721 722 723 724 725 726 727 728 729 730 731 732 733 734 735 736 737 738 741 742 743 744 745 746 748 749 750 751 752 754 755 756 757 758 759 760 761 762 763 764 765 767 770 771 776 777 778 781 782 783 0
1 7 8 14 15 18 19 20 21 22 24 25 29 30 31 33 34 35 36 37 38 39 43 44 46 47 48 49 50 51 52 53 54 57 60 61 62 63 64 65 66 67 68 69 71 74 75 76 77 78 79 80 81 82 84 85 86 88 89 90 91 92 93 94 95 96 97 98 99 101 102 103 104 106 107 108 109 110 111 113 114 116 117 118 121 122 123 124 125 127 128 130 131 132 134 135 136 137 138 139 140 141 142 143 144 145 146 147 148 149 150 151 152 153 154 155 156 157 158 159 160 161 164 165 167 168 169 170 171 172 173 174 175 176 177 183 184 185 186 187 188 189 190 191 192 193 194 195 196 198 199 200 201 202 203 204 210 214 215 216 218 219 224 228 229 230 231 232 233 234 238 241 242 244 245 246 247 248 249 252 256 257 258 259 260 261 262 263 264 266 271 272 273 274 275 276 277 278 279 280 282 283 285 286 287 288 291 292 293 294 298 299 300 304 305 306 307 308 312 313 314 317 318 319 320 321 322 324 325 326 327 328 333 334 335 336 337 338 340 341 342 343 344 345 346 347 348 349 350 352 353 354 355 356 357 358 359 360 361 362 363 364 366 367 368 369 370 371 372 373 374 375 378 379 380 381 382 383 384 385 386 387 388 389 390 391 392 393 394 395 396 397 398 399 400 401 402 403 404 405 406 408 409 410 412 413 414 415 416 417 418 419 421 422 423 424 425 426 427 428 429 430 431 432 433 435 436 437 438 439 440 441 442 443 444 446 447 449 450 452 453 454 455 456 457 458 459 461 463 465 466 467 468 469 470 471 472 473 474 475 476 477 478 479 480 481 482 483 484 485 486 487 488 489 490 491 494 495 497 498 500 501 502 506 507 509 510 511 513 514 516 517 518 519 520 521 522 523 524 526 527 528 530 531 533 536 537 538 540 541 542 543 544 545 546 547 548 549 550 551 552 553 554 555 556 557 559 560 561 562 563 564 565 566 567 568 569 570 571 572 573 575 576 577 578 579 580 581 582 583 584 585 586 587 589 590 591 592 593 594 595 596 597 598 599 600 601 602 604 605 607 609 610 614 615 616 618 622 623 624 626 629 630 632 634 635 636 637 638 639 641 644 647 648 649 650 651 652 653 654 656 658 661 662 663 664 665 666 667 668 669 670 671 672 675 676 677 678 679 680 681 682 683 684 686 689 690 691 694 695 696 697 698 699 700 702 703 704 710 711 712 714 716 717 718 720 725 726 728 729 730 731 732 733 734 735 736 738 739 740 742 743 744 745 746 747 748 749 750 751 752 753 755 756 757 758 759 760 761 762 763 764 765 766 768 770 772 773 775 776 777 778 784 0
1 2 3 5 6 7 8 10 11 12 13 15 16 17 18 19 20 22 23 24 25 27 28 29 30 32 34 35 36 37 38 39 40 41 42 43 45 46 47 48 52 53 54 57 58 59 60 61 62 66 67 68 69 70 73 75 76 77 80 81 83 84 85 86 87 88 89 90 92 93 94 95 96 97 99 100 101 102 103 104 105 108 109 111 112 113 114 115 116 117 118 119 120 121 122 123 124 125 126 127 129 130 132 133 134 135 136 137 138 139 140 141 142 143 145 146 147 150 154 156 157 158 162 163 164 165 166 167 168 169 170 171 173 174 175 176 177 178 180 181 182 184 185 186 187 189 190 191 192 193 197 199 200 201 202 206 207 208 209 211 212 213 216 217 218 219 220 221 222 223 224 225 226 227 228 229 231 232 233 234 235 236 237 238 240 241 242 243 244 245 246 248 249 250 251 255 256 257 258 259 261 262 263 264 265 266 267 268 269 270 271 272 273 275 277 278 280 281 282 283 284 285 286 287 288 289 290 291 292 293 296 297 298 301 303 304 305 306 307 311 312 313 314 316 317 318 320 321 322 323 324 325 328 329 330 331 332 333 334 335 336 337 338 339 340 342 345 346 351 352 353 354 355 356 357 358 359 360 361 362 363 364 365 366 367 368 370 371 372 373 374 375 376 377 378 379 380 381 382 384 385 386 387 388 389 390 391 392 0
2 6 8 9 10 11 12 15 16 17 18 19 20 21 22 23 25 26 27 29 30 32 33 35 36 37 38 40 43 44 45 46 47 48 49 50 51 52 53 54 56 57 58 59 60 61 62 63 64 65 66 67 68 69 70 71 72 73 74 75 76 78 79 80 81 82 83 85 86 87 88 89 90 91 92 93 94 95 96 97 98 101 102 103 104 105 106 107 108 109 110 111 112 114 115 116 118 119 120 122 123 124 125 126 127 129 130 131 132 133 134 136 137 138 139 140 141 142 143 144 145 146 147 148 149 150 151 152 153 155 156 157 158 160 161 162 164 165 167 168 169 170 171 172 173 174 176 177 178 179 180 181 182 183 184 185 186 187 188 189 190 191 192 193 194 195 196 197 198 199 200 201 202 203 204 205 206 207 208 209 210 212 213 214 215 216 217 219 220 222 223 224 225 226 227 228 229 230 231 232 233 234 235 236 237 238 239 240 241 242 243 244 245 246 247 248 249 250 252 253 255 259 260 262 263 264 266 268 269 270 271 272 273 274 275 276 277 278 279 280 281 282 283 284 285 287 288 289 290 291 292 293 294 295 297 298 299 301 302 304 305 306 307 308 310 311 312 313 314 315 317 318 319 320 321 322 323 325 326 327 328 329 330 331 332 333 334 335 336 337 338 339 340 341 342 343 344 345 346 347 348 349 350 351 352 353 355 357 358 359 360 362 363 364 368 370 371 375 376 377 378 379 380 381 383 384 385 386 387 388 389 390 392 0
1 3 4 5 7 8 10 11 12 13 14 15 16 17 18 19 20 21 23 26 27 28 29 31 33 34 35 37 38 39 40 41 42 43 46 47 48 49 50 51 52 53 54 55 58 59 60 61 63 64 65 66 67 69 70 71 72 74 75 76 78 79 80 82 83 85 86 87 88 89 90 91 92 93 94 95 96 97 98 100 101 102 103 104 105 106 107 108 109 110 112 113 115 116 117 118 119 120 122 125 126 127 128 131 132 133 135 138 139 140 141 142 143 144 0
1 4 5 6 8 11 12 14 16 17 18 19 22 23 24 29 30 31 32 0

90
1 2 3 4 5 6 7 8 9 10 11 12 13 14 15 16 17 18 19 20 21 22 23 24 25 26 27 28 29 30 31 32 33 34 35 36 37 38 39 40 41 42 43 44 45 46 47 48 49 50 51 52 53 54 55 56 57 58 59 60 61 62 63 65 66 67 68 69 70 71 72 73 74 76 77 78 79 80 81 82 83 84 85 86 87 89 90 91 92 93 94 95 96 97 98 99 100 101 102 103 104 105 106 107 108 109 110 111 112 113 114 115 116 117 118 119 120 121 122 123 124 125 126 127 128 129 130 131 132 133 134 135 136 137 138 139 140 141 142 143 144 145 147 148 149 150 151 152 153 154 155 156 157 158 159 160 161 162 163 164 165 166 167 168 169 170 171 172 173 174 175 176 177 178 179 180 181 182 183 184 185 186 187 188 189 190 191 192 193 194 195 196 197 198 199 200 201 202 203 204 205 206 207 208 209 210 211 212 213 214 215 216 217 218 219 220 221 222 223 224 225 226 227 228 229 230 231 232 233 234 235 236 237 238 239 240 241 242 243 244 245 246 247 248 249 250 251 252 253 254 255 256 257 258 259 260 261 262 263 264 265 266 267 268 269 270 271 272 273 274 275 276 277 278 279 280 281 282 283 284 285 286 287 288 289 290 291 292 293 294 295 296 297 298 299 300 301 302 303 304 305 306 307 308 309 310 311 312 313 314 315 316 317 318 319 320 321 322 323 324 325 326 327 328 329 330 331 332 333 334 335 336 337 338 339 340 341 343 344 345 346 347 348 349 350 351 352 353 354 356 357 358 359 360 361 362 363 364 365 366 367 368 369 370 371 372 373 374 375 376 377 378 379 380 381 382 383 384 385 386 387 388 389 390 391 392 393 394 395 396 397 398 399 400 401 402 403 404 405 406 407 408 409 410 411 412 413 414 415 416 417 418 419 420 421 422 423 424 425 426 427 428 429 430 431 432 433 434 435 436 437 438 439 440 442 443 444 445 446 447 448 449 450 451 452 453 454 455 456 457 458 459 460 461 462 463 464 465 466 467 468 469 470 471 472 473 474 475 476 477 478 479 480 481 482 483 484 485 486 487 489 490 491 492 493 494 495 496 497 498 499 500 501 502 503 504 505 506 507 508 509 510 511 512 513 514 515 516 517 518 519 520 521 522 523 524 525 526 527 528 529 530 531 532 533 534 535 536 537 538 539 540 541 542 543 544 545 546 547 548 549 550 551 552 553 554 555 556 557 558 559 560 561 562 563 564 565 566 568 569 570 571 572 573 574 575 576 577 578 579 580 581 582 583 584 585 586 587 588 589 590 591 593 594 595 596 597 598 599 603 604 605 606 614 615 616 620 622 623 624 625 626 627 628 629 630 631 632 634 635 636 637 638 639 641 642 643 645 646 647 648 649 650 651 652 654 655 656 657 658 659 660 661 662 663 664 665 667 668 669 670 671 672 673 674 675 676 677 678 679 680 681 682 683 684 685 686 687 688 689 690 691 692 693 694 695 696 698 699 700 701 702 703 704 705 707 708 709 710 711 712 713 714 717 718 719 720 721 722 723 724 725 726 727 728 729 730 731 732 733 734 735 737 738 739 740 741 742 743 744 745 746 747 748 749 755 756 757 758 759 760 761 762 770 771 772 773 774 775 776 777 778 779 783 784 0
1 2 3 14 15 16 17 18 19 21 22 23 24 25 26 27 28 29 30 31 32 33 34 35 36 37 38 39 40 41 42 43 44 45 46 47 48 49 50 52 53 54 55 56 57 58 59 60 61 62 63 64 65 66 67 68 69 70 71 72 73 74 75 76 77 78 79 80 81 82 83 85 86 87 88 89 90 91 92 93 94 95 96 97 98 99 100 101 102 103 104 105 106 107 108 109 110 111 112 113 114 115 116 118 119 120 121 122 124 125 126 127 128 131 132 133 134 135 136 137 138 139 140 141 142 145 146 147 148 149 150 151 152 153 155 156 157 159 160 161 162 167 169 170 171 172 173 174 175 179 180 181 183 184 185 186 187 188 189 190 191 192 193 194 195 196 197 198 199 200 201 202 203 204 205 206 207 208 209 210 212 213 214 215 220 221 222 224 226 227 228 229 230 233 234 235 238 242 243 244 247 248 250 251 252 254 255 256 257 258 259 260 261 262 263 264 265 266 268 269 270 272 273 274 275 277 278 279 280 282 283 284 285 286 287 288 289 290 291 292 294 295 296 297 298 299 300 301 302 303 304 305 306 307 308 309 311 312 313 314 315 316 317 318 319 320 321 322 326 327 328 329 330 331 332 334 335 336 343 344 345 347 348 349 350 352 353 355 356 357 358 359 363 364 366 367 368 369 370 371 372 377 378 379 380 381 382 383 384 385 386 387 388 389 390 391 392 393 394 395 396 397 398 399 400 401 402 403 404 405 406 407 408 409 412 413 414 415 417 418 422 423 424 426 427 428 429 431 432 433 434 435 436 437 438 439 440 441 443 444 445 446 447 448 449 450 451 452 453 454 455 456 458 459 460 461 463 465 466 467 468 469 471 473 474 475 476 477 478 479 480 481 482 483 484 485 486 487 489 491 493 494 495 496 497 498 499 500 501 502 503 505 506 507 508 509 510 511 512 513 514 515 518 521 522 523 524 525 526 527 528 529 530 531 533 535 537 538 539 540 541 542 543 544 545 547 550 551 552 553 554 556 557 558 559 561 563 564 565 566 567 569 570 571 572 573 575 576 577 578 579 580 582 583 584 585 586 587 588 589 590 591 592 593 594 595 596 597 598 599 600 601 602 603 613 614 616 618 619 620 622 623 628 629 630 632 633 636 637 638 639 640 641 642 643 644 652 654 655 656 657 658 660 661 662 663 664 665 667 668 670 671 672 673 675 677 678 679 680 682 683 684 685 686 688 689 690 692 693 694 695 696 697 699 700 701 702 703 704 705 706 707 708 709 710 711 712 713 714 715 716 717 718 719 720 721 722 723 724 725 728 730 731 734 735 736 737 738 741 742 744 745 747 748 749 750 751 752 753 754 755 756 758 759 760 761 762 763 765 766 767 768 769 770 771 772 773 774 775 776 782 783 784 0
1 2 3 4 5 6 7 8 9 10 11 12 13 14 15 17 18 19 20 21 22 23 24 25 26 27 28 29 30 31 32 33 34 36 37 38 39 40 42 43 45 46 47 55 56 60 61 62 63 64 65 66 67 68 69 70 71 72 73 74 75 76 78 79 80 81 82 83 84 85 86 87 88 89 93 94 95 96 97 99 100 101 102 103 104 105 106 107 108 109 110 111 112 113 114 116 117 118 119 120 121 122 123 124 125 126 127 128 129 131 132 133 137 138 140 142 143 144 147 149 151 154 158 159 160 163 164 165 166 167 168 170 171 172 173 174 175 176 177 178 179 180 181 182 185 186 190 191 192 197 199 202 203 205 207 208 209 210 212 213 214 215 216 217 218 219 220 221 222 223 224 225 226 227 228 229 230 231 233 234 235 236 237 238 240 241 242 243 246 247 248 249 250 251 252 254 256 257 258 259 261 262 263 264 265 267 269 270 271 272 273 274 275 276 277 278 279 280 281 282 283 284 285 286 288 289 290 291 293 294 299 300 301 303 304 306 307 308 309 310 312 313 314 315 316 317 318 319 320 321 322 323 324 326 327 328 330 332 333 334 336 337 338 339 340 341 347 348 349 350 353 354 355 356 357 359 360 361 362 363 364 365 366 367 368 369 370 371 373 374 375 376 377 378 380 381 382 383 386 387 388 389 390 392 0
1 3 4 5 6 7 8 9 10 11 12 13 14 16 17 18 19 20 21 22 23 24 25 27 29 35 42 43 45 46 48 49 51 52 53 54 55 56 57 58 62 63 64 65 66 68 69 70 71 72 73 74 75 76 77 78 79 80 81 82 83 84 85 86 87 88 89 90 91 92 93 94 96 99 100 101 102 103 104 105 106 109 110 111 112 113 114 115 116 117 118 119 120 121 122 123 124 125 126 127 129 130 131 132 133 134 141 143 144 145 147 149 150 151 152 153 154 155 157 160 161 162 163 164 166 167 168 169 170 171 172 173 174 175 176 177 178 179 181 182 183 185 186 187 188 189 190 191 192 194 195 196 197 198 203 204 206 208 209 210 211 212 213 214 215 217 218 219 220 221 222 223 224 225 226 227 228 229 230 232 233 234 235 236 239 240 241 242 243 244 246 247 248 249 250 251 252 253 254 256 259 260 261 262 263 265 266 267 268 269 270 271 272 273 275 276 277 278 279 280 282 283 284 285 287 288 289 292 293 294 295 296 297 298 299 300 301 302 303 304 305 307 308 310 311 312 313 314 315 316 317 318 319 320 321 322 323 324 325 326 327 329 331 332 333 336 339 340 341 343 344 345 346 347 348 349 350 351 352 353 354 355 357 358 359 361 362 363 364 366 367 368 370 371 372 373 375 376 377 378 379 380 381 383 385 386 388 389 390 391 392 0
1 2 3 5 6 10 12 13 14 15 16 17 19 21 22 23 24 27 28 29 30 31 32 33 35 36 40 42 43 45 49 50 51 52 53 54 55 56 57 61 62 63 67 68 69 71 72 73 74 75 76 77 78 79 82 83 84 85 86 87 88 89 90 93 94 95 96 97 98 99 100 101 102 103 104 105 106 108 114 115 116 117 118 119 122 123 124 127 130 131 132 135 136 138 141 142 143 144 0
2 3 7 8 9 10 13 15 16 17 18 23 26 28 32 0

91
1 2 3 4 5 6 7 8 9 10 11 12 13 14 15 16 17 18 19 20 21 22 23 24 25 26 27 28 29 30 31 32 33 34 35 36 37 38 39 40 41 42 43 44 45 46 47 48 49 50 51 52 53 54 55 56 57 58 59 60 62 63 64 65 66 67 68 69 70 71 72 73 74 75 76 77 78 79 80 81 82 83 84 85 86 87 88 89 90 91 92 93 94 95 96 97 98 99 100 101 102 103 104 105 106 107 108 109 110 111 112 113 114 115 116 117 118 119 120 121 122 123 124 125 126 127 128 129 130 131 132 133 134 135 136 137 138 139 140 141 142 143 144 145 146 147 148 149 150 151 152 153 154 155 156 157 158 159 160 161 162 163 164 165 166 167 168 169 170 171 172 173 174 175 176 177 178 179 180 181 182 183 184 185 186 187 188 189 190 191 192 193 194 195 196 197 198 199 200 202 203 204 205 206 207 208 209 210 211 212 213 214 215 216 217 218 219 220 221 222 223 224 225 226 227 228 229 230 231 232 233 234 235 236 237 238 239 240 241 242 243 244 245 246 247 248 249 250 251 252 253 254 255 256 258 259 260 261 262 263 264 265 266 267 268 269 270 271 272 273 274 275 276 277 279 280 281 282 283 284 285 286 287 288 289 290 291 293 294 295 296 297 298 299 300 301 302 303 304 305 306 307 308 309 310 311 312 313 314 315 316 317 318 319 320 321 322 323 324 325 326 327 328 329 330 331 332 333 334 335 336 337 338 339 340 341 342 343 344 345 346 347 348 349 350 351 352 353 354 355 356 357 358 359 360 361 362 363 364 365 366 367 368 369 370 371 372 373 374 375 376 377 378 379 380 381 382 383 384 385 386 387 388 389 390 391 392 393 394 395 396 397 398 399 400 401 402 403 404 405 406 407 408 409 410 411 412 413 414 415 416 417 418 419 420 421 422 423 424 425 426 427 428 429 430 431 432 433 434 435 436 437 438 439 440 441 442 443 444 445 446 447 448 449 450 451 452 453 454 455 456 457 458 459 460 461 462 463 464 465 466 467 468 469 470 471 472 475 476 477 478 479 480 481 482 484 485 486 487 488 489 490 491 492 493 494 495 496 497 498 499 500 501 502 503 504 505 506 507 508 509 510 511 512 513 514 515 516 517 518 519 520 521 522 523 524 525 527 528 529 530 531 532 533 534 535 536 537 538 539 540 541 542 543 544 545 546 547 548 549 550 551 552 553 554 555 556 557 558 559 560 561 562 563 564 565 566 567 568 569 570 571 572 573 574 575 576 577 578 579 580 581 582 583 584 585 586 587 588 589 590 591 592 593 597 598 599 600 601 602 603 604 605 608 609 610 611 612 613 614 615 616 617 618 619 620 621 623 624 625 626 629 630 631 632 633 634 635 636 637 639 640 641 645 646 649 650 651 652 653 654 655 656 658 659 660 661 663 664 665 666 667 668 670 672 673 674 675 676 677 678 679 680 681 682 683 684 685 686 687 688 689 690 691 692 693 694 695 697 698 699 700 701 702 703 704 705 706 707 708 709 710 711 712 713 714 715 716 717 718 719 720 721 722 723 724 725 727 728 729 730 731 732 733 734 735 736 737 738 739 740 741 742 743 747 748 749 750 751 752 753 754 755 756 757 758 759 760 772 773 774 775 776 777 778 780 781 782 783 784 0
1 7 9 10 11 12 13 14 15 16 17 18 19 20 21 22 23 24 25 26 27 28 29 30 31 32 33 35 36 37 38 39 41 43 44 45 46 48 49 50 51 57 58 59 61 62 63 64 65 66 68 71 72 73 74 75 76 77 78 79 80 83 85 86 87 88 89 90 91 92 93 94 95 96 97 99 100 101 102 103 104 105 106 107 108 109 110 112 113 114 115 116 117 118 119 120 121 122 123 124 125 126 127 128 129 130 131 132 133 134 135 136 137 138 139 140 141 142 143 144 145 146 147 148 149 150 151 152 153 154 155 156 157 158 160 161 162 163 164 165 166 167 169 170 173 177 178 179 180 181 183 184 185 186 187 188 189 190 191 192 193 194 195 196 197 198 199 200 201 203 204 205 206 207 208 209 210 211 212 213 214 215 216 217 218 219 220 221 222 223 224 225 226 227 228 229 230 232 233 234 235 236 237 238 240 241 242 243 245 246 247 248 249 252 254 255 256 257 258 259 260 261 262 266 267 268 269 270 272 273 274 277 280 281 282 283 284 285 286 287 288 289 290 291 294 296 297 299 300 301 302 303 304 305 306 307 308 310 312 313 314 315 316 317 318 319 320 321 322 323 324 325 326 327 328 329 330 331 332 333 334 335 336 338 339 340 341 342 343 344 345 346 347 348 349 350 352 356 357 358 359 360 362 363 364 373 374 375 376 377 378 379 380 381 382 383 384 385 386 387 388 389 390 391 392 393 394 395 396 397 398 399 400 401 402 403 404 405 406 407 408 409 410 411 412 413 414 415 416 417 418 419 421 422 425 426 427 428 429 431 432 433 434 435 436 438 439 440 441 442 443 444 445 446 447 450 451 453 454 455 456 457 458 459 460 461 463 465 467 469 470 471 473 474 475 477 478 479 480 481 482 483 484 485 486 487 488 489 490 491 492 494 495 496 497 498 499 500 501 502 504 506 507 508 509 510 511 512 513 514 515 516 517 518 519 522 523 524 525 526 527 528 529 531 532 533 534 535 536 537 538 539 540 541 542 543 545 546 548 549 551 552 553 554 555 556 557 558 559 560 561 562 563 564 568 569 570 571 572 573 575 576 577 578 579 580 581 582 583 584 585 586 587 589 590 591 592 593 594 595 596 597 598 600 601 602 603 604 605 606 607 610 611 612 613 614 616 617 618 619 620 621 623 624 625 626 627 630 631 634 635 636 637 638 639 642 643 644 646 649 650 651 652 655 658 659 660 663 664 672 673 674 675 676 677 678 679 680 681 682 684 686 687 689 690 691 692 694 695 696 697 698 699 700 702 703 704 705 706 707 708 709 710 711 712 713 714 715 716 717 718 719 720 721 722 723 724 725 727 728 729 731 732 733 734 735 736 737 738 739 740 741 742 744 745 746 747 748 749 751 752 753 756 758 759 760 761 762 763 764 765 766 767 768 769 770 780 781 782 784 0
1 2 3 4 5 7 8 9 11 12 13 14 15 16 17 18 19 22 23 24 25 26 27 28 29 30 31 32 33 34 35 36 38 39 40 41 42 43 45 46 53 54 55 56 57 58 59 60 61 62 64 65 66 67 68 69 73 74 75 76 77 78 79 80 81 82 83 84 86 87 88 89 90 97 99 102 103 104 105 106 107 108 109 110 111 112 113 114 115 116 117 119 120 121 122 123 124 125 126 127 128 129 130 131 132 133 134 135 136 137 138 139 140 141 142 143 145 147 148 151 152 153 154 155 157 158 159 161 162 163 164 165 169 170 171 172 173 175 177 178 179 180 181 182 184 185 187 190 194 197 198 199 200 201 202 204 205 206 207 208 209 212 213 214 215 216 218 219 220 221 222 223 224 225 226 227 228 229 230 231 233 234 235 236 237 241 242 243 246 249 250 251 253 254 255 256 257 258 260 261 262 263 266 267 268 269 270 271 272 274 275 276 277 278 279 280 281 282 283 284 285 286 289 290 291 292 294 295 297 298 299 301 302 303 305 306 307 309 310 312 313 316 317 318 319 320 321 323 324 325 326 327 328 329 331 332 333 334 335 336 337 344 346 347 348 349 350 352 353 354 355 356 357 358 359 360 361 362 364 365 366 367 368 369 370 371 372 373 374 375 376 377 378 381 382 383 384 385 386 387 388 389 390 392 0
3 4 7 8 9 10 11 15 16 17 18 21 22 23 24 25 26 28 29 30 31 32 33 34 36 37 38 39 40 41 42 45 46 47 48 49 50 51 52 53 54 55 56 57 58 59 60 61 62 63 64 65 66 67 68 69 70 71 72 73 75 76 77 78 79 80 81 82 83 84 85 86 87 88 89 91 94 95 96 97 98 99 100 101 102 103 104 105 106 109 110 111 112 113 115 116 117 119 120 122 123 124 125 126 128 129 130 131 132 134 135 136 137 138 139 141 142 143 144 145 147 148 149 150 151 153 154 155 156 157 158 159 160 161 162 163 164 165 166 168 169 170 171 172 173 174 175 176 177 178 179 180 181 183 185 186 187 188 189 190 191 192 193 194 195 196 197 198 199 200 201 202 204 205 206 207 210 211 212 213 215 216 218 219 221 222 223 225 226 228 229 230 231 232 234 235 237 239 240 242 243 244 246 247 248 249 250 251 252 253 256 257 258 259 260 262 263 264 265 266 268 269 270 271 273 275 276 277 278 279 280 281 282 283 284 285 287 288 289 290 291 292 293 294 295 296 297 299 301 302 303 304 305 306 308 309 310 311 312 313 314 316 317 318 320 321 322 323 324 326 327 328 329 330 332 333 334 335 336 337 338 339 340 341 342 343 344 345 346 347 348 349 350 351 352 353 354 356 357 358 359 360 361 362 363 364 367 370 371 372 373 374 375 376 377 378 381 382 383 384 385 386 387 388 389 390 391 392 0
1 3 4 5 7 8 9 13 14 16 17 18 19 20 21 22 23 24 25 26 28 30 31 32 33 34 35 37 38 40 41 42 43 44 46 47 48 50 53 54 55 56 57 58 62 64 65 66 67 69 72 73 74 77 78 79 81 82 83 87 88 89 91 92 93 94 95 97 98 99 100 101 104 105 106 107 108 109 110 112 113 115 116 117 118 120 122 123 124 125 126 127 128 130 131 132 133 134 137 138 139 140 141 143 144 0
1 2 4 6 9 13 18 19 21 22 23 24 25 26 27 28 31 32 0

92
1 2 3 4 5 6 7 8 9 10 11 12 13 14 15 16 17 18 19 20 21 22 23 24 25 26 27 28 29 30 31 32 33 34 35 36 37 38 39 40 41 42 43 44 45 46 47 48 49 50 51 52 53 54 55 56 57 58 59 60 61 62 63 64 65 66 67 68 69 70 71 72 73 74 75 76 77 78 79 80 81 82 83 84 85 86 87 88 89 90 91 92 93 94 95 96 97 98 99 100 101 102 103 104 105 106 107 108 109 110 111 112 113 114 115 116 117 118 119 120 121 122 123 124 125 126 127 128 129 130 131 132 133 134 136 137 138 139 140 141 142 143 144 145 146 147 148 149 150 151 152 153 154 155 156 157 158 159 160 161 162 163 164 165 166 167 168 169 170 171 172 173 174 175 176 177 178 179 180 181 182 183 184 185 186 187 188 189 190 191 192 193 194 195 196 197 198 199 200 201 202 203 204 205 206 207 208 209 210 211 212 213 214 215 216 217 218 219 220 221 222 223 224 225 226 227 228 229 230 231 232 233 234 235 236 237 238 239 240 241 242 243 244 245 246 247 248 249 250 251 252 253 254 255 256 257 258 259 260 261 262 263 265 266 267 268 270 271 272 273 274 275 276 277 278 279 280 281 282 283 284 285 286 287 288 289 290 291 292 293 294 295 296 297 298 299 300 301 303 304 305 306 307 308 309 310 311 312 313 314 315 316 317 318 319 320 321 322 323 324 325 326 327 328 329 330 331 332 333 334 335 336 337 338 339 340 341 342 343 344 345 346 347 348 349 350 351 352 353 354 355 356 357 358 359 360 361 362 363 364 365 366 367 368 369 370 371 372 373 374 375 376 377 378 379 380 381 382 383 384 385 386 387 388 389 390 391 392 393 394 395 396 397 398 399 400 401 402 403 404 405 406 407 408 409 410 411 412 413 414 415 416 417 418 419 420 421 422 423 424 425 426 427 428 429 430 431 432 433 434 435 436 437 438 439 440 441 442 443 444 445 446 447 448 449 450 451 452 453 454 455 456 457 458 459 460 461 462 463 464 465 466 468 469 470 471 472 473 474 475 476 477 478 479 480 481 482 483 484 485 486 487 488 489 490 491 492 493 494 495 496 497 498 499 500 501 502 503 504 505 506 507 508 509 510 511 512 513 514 515 516 517 518 519 520 521 522 523 524 525 526 527 528 529 530 531 532 533 534 535 536 537 538 539 540 541 542 543 544 545 546 547 548 549 550 551 552 553 554 555 556 557 558 559 560 561 562 563 564 565 566 567 568 569 570 571 572 573 574 575 576 577 578 579 580 581 582 583 584 585 586 587 588 589 590 591 595 596 597 602 603 604 605 606 607 608 610 611 612 613 615 616 617 618 619 620 624 625 626 627 628 629 630 631 632 633 634 635 636 637 638 639 640 641 642 643 644 645 646 647 648 649 650 651 652 653 654 655 656 657 658 659 660 661 662 663 664 665 666 667 668 669 670 671 672 673 674 675 676 677 678 679 680 681 682 683 685 686 687 688 689 690 691 692 693 694 695 697 698 699 700 701 702 703 704 705 706 707 708 709 710 711 712 713 714 715 716 717 718 719 720 721 722 723 724 725 726 727 728 729 730 731 732 733 734 735 736 743 744 745 746 747 748 749 750 753 756 757 758 759 760 761 762 763 764 765 768 771 772 773 774 775 776 777 778 779 780 781 782 783 784 0
1 8 14 15 16 17 18 19 20 21 22 23 24 25 26 27 29 30 35 36 37 38 39 40 41 43 44 45 46 47 48 49 50 51 52 53 54 55 57 58 59 60 61 62 63 64 65 66 67 68 69 71 73 74 75 76 77 78 79 80 81 82 84 85 86 87 88 89 90 91 92 93 94 95 96 97 98 99 100 101 102 103 104 105 106 107 108 109 110 111 112 113 114 115 116 117 118 119 120 121 122 123 124 125 126 127 128 129 130 131 132 133 134 135 136 137 138 139 141 142 143 144 145 146 147 148 149 151 152 153 155 156 157 158 159 160 161 162 169 170 171 173 174 175 176 177 178 183 184 185 186 187 188 189 190 191 192 193 194 195 196 197 198 199 200 201 202 203 204 205 206 207 208 209 210 212 217 218 219 220 221 224 231 232 233 236 237 238 240 241 242 243 247 248 249 250 251 252 254 255 256 258 259 260 261 262 263 265 266 268 269 270 271 272 273 274 275 276 277 278 279 280 281 282 283 284 285 286 287 288 289 290 291 292 293 294 295 296 298 299 300 301 303 304 305 306 307 308 309 310 311 313 314 315 317 318 319 320 321 322 324 325 326 327 328 329 330 331 332 333 334 335 336 338 339 340 341 343 344 345 346 350 352 353 354 355 356 357 358 359 364 366 368 369 370 371 372 378 379 380 381 382 383 384 385 386 387 388 389 390 391 392 393 394 395 396 397 398 399 400 401 402 403 404 405 406 407 408 409 410 411 412 413 414 415 418 419 421 422 423 424 425 426 429 430 431 434 435 436 437 439 440 441 442 443 444 445 446 447 449 452 453 454 455 456 457 458 459 460 461 462 463 464 466 467 468 469 470 471 472 473 474 475 477 478 479 480 481 482 483 484 485 486 487 488 489 490 491 492 493 494 495 496 497 498 499 500 501 503 505 506 507 508 509 510 511 512 513 514 515 516 517 518 519 520 521 523 525 526 527 528 529 530 532 534 535 537 538 539 540 541 543 544 545 547 549 550 551 552 553 554 556 557 558 559 561 563 564 565 566 567 568 569 570 571 572 573 574 575 576 577 578 579 580 581 582 583 584 585 586 587 589 590 591 592 593 594 595 596 597 598 599 600 601 602 604 605 606 607 611 612 613 614 615 616 618 619 620 621 622 623 624 625 626 630 632 633 634 635 636 638 639 640 641 644 645 647 649 650 651 653 654 656 658 660 661 662 663 664 665 666 667 668 669 670 671 672 673 674 675 676 677 678 679 680 681 682 683 684 686 687 688 689 690 691 693 694 696 697 698 699 700 701 702 703 704 705 706 707 708 709 710 711 712 713 714 715 717 721 722 723 724 725 728 729 730 732 733 735 736 737 738 739 740 741 742 744 746 747 748 749 752 753 754 755 756 757 758 759 760 761 762 763 764 765 766 767 768 769 770 772 773 774 775 776 777 784 0
1 2 3 4 5 6 7 8 11 12 13 14 15 17 18 19 20 21 22 23 24 25 26 27 28 29 30 31 32 33 34 36 37 38 39 40 42 43 44 45 46 47 60 61 62 63 64 65 66 67 68 69 70 71 72 73 76 77 78 79 81 82 83 84 86 87 88 89 92 93 94 95 97 99 100 101 102 103 105 108 109 110 111 112 113 114 115 116 117 118 119 120 121 122 124 125 126 127 128 129 130 131 132 133 134 135 136 137 138 140 141 142 143 144 147 151 152 154 159 160 164 165 166 168 169 170 171 172 173 174 175 176 177 178 179 180 182 184 185 186 190 191 192 193 197 198 201 202 203 207 208 209 210 211 212 213 214 215 216 217 218 219 220 221 223 225 226 228 229 230 234 235 236 237 239 240 241 242 245 246 247 248 249 250 252 253 255 256 257 258 259 260 261 262 263 264 265 266 267 268 269 270 271 272 273 274 275 276 277 278 280 282 283 284 286 288 289 290 291 292 294 299 301 302 304 305 306 307 308 309 310 311 313 314 316 317 318 319 320 321 322 323 324 325 326 327 328 331 332 333 334 337 338 339 340 341 347 348 350 352 353 354 355 356 357 358 359 360 361 362 363 364 365 366 367 368 369 370 371 372 373 374 375 376 377 378 380 381 383 386 388 389 390 392 0
4 5 7 8 10 12 13 14 15 16 18 19 20 21 22 23 24 25 26 27 29 30 31 32 33 34 36 43 44 46 49 51 52 53 54 55 56 57 58 59 60 61 63 64 65 66 67 68 69 70 71 72 73 74 75 76 77 78 79 80 81 82 83 84 85 86 87 89 90 91 92 93 94 95 99 102 103 104 105 106 108 109 110 111 112 113 116 117 118 119 120 121 122 123 124 125 127 128 129 130 131 133 134 135 137 138 139 141 142 143 144 145 151 153 154 155 156 157 158 159 160 161 162 163 164 165 166 167 168 170 171 172 173 174 175 176 178 179 180 181 182 183 184 185 187 188 189 191 192 193 194 195 196 197 198 202 203 204 205 206 207 208 209 210 211 212 213 214 215 216 218 220 221 222 223 224 225 226 227 228 229 230 231 232 233 234 235 236 240 241 244 246 247 250 252 253 254 255 256 257 258 259 260 261 262 263 264 265 266 267 268 269 270 271 272 273 275 276 277 278 280 283 284 285 287 288 289 290 291 293 294 295 296 298 300 301 302 304 305 306 310 311 312 313 314 315 316 317 318 319 320 321 322 323 325 326 327 329 330 331 332 333 334 337 338 339 340 341 342 343 344 345 346 347 348 349 350 351 352 353 354 355 356 357 359 360 361 362 363 364 365 366 367 368 369 370 371 372 373 374 375 376 377 378 379 380 381 382 383 385 386 388 389 390 391 392 0
3 5 7 8 9 10 11 12 13 14 15 16 17 18 19 23 24 25 26 27 31 32 33 35 36 37 38 39 40 41 42 44 45 46 47 48 49 51 52 53 54 56 57 58 59 60 61 62 64 65 67 68 69 70 71 72 73 74 75 76 78 79 80 82 83 84 86 87 88 89 90 91 92 93 94 95 96 97 98 99 100 102 103 104 105 107 110 111 113 114 115 117 118 119 121 123 124 126 127 128 130 131 132 133 135 137 138 139 140 141 142 143 144 0
1 3 5 8 11 13 16 19 20 21 22 23 26 29 31 32 0

93
1 2 3 4 5 6 7 8 9 10 11 12 13 14 15 16 17 18 19 20 21 22 23 24 25 26 27 28 29 30 31 32 33 34 35 36 37 38 39 40 41 42 43 44 45 46 47 48 49 50 51 52 53 54 55 56 57 58 59 60 61 62 63 64 65 66 67 68 69 70 71 72 73 74 75 77 78 79 80 81 82 83 84 85 86 87 88 89 90 91 92 93 94 95 96 97 98 99 100 101 102 103 104 105 106 107 108 109 110 111 112 113 114 115 116 117 118 119 120 121 123 124 125 126 127 128 129 130 131 132 133 134 135 136 137 138 139 140 141 142 143 144 145 146 147 148 149 150 151 152 153 154 155 156 157 158 159 160 161 162 163 164 165 166 167 168 169 170 171 172 173 174 175 176 177 178 179 180 181 182 183 184 185 186 187 188 189 190 191 192 193 194 195 196 197 198 199 200 201 202 203 204 205 206 207 208 209 210 211 212 213 214 215 216 217 218 219 220 221 222 223 224 225 226 227 228 229 230 231 232 233 234 236 237 238 239 240 241 242 243 244 245 246 247 248 249 250 251 252 253 254 255 256 257 258 259 260 261 262 263 264 265 266 267 268 269 270 271 272 273 274 275 276 277 278 279 280 281 282 283 284 285 286 287 289 290 291 292 293 294 295 296 297 299 300 302 303 304 305 306 307 308 309 310 311 312 313 314 315 316 317 318 319 320 321 322 323 324 325 326 327 328 329 331 332 333 334 335 336 337 338 339 340 341 342 343 344 345 346 347 348 349 350 351 352 353 354 355 356 357 358 359 360 361 362 363 364 365 366 367 368 369 370 371 372 373 374 375 376 377 378 379 380 381 382 383 384 385 386 387 388 389 390 391 392 393 394 395 396 397 398 399 400 401 402 403 404 405 406 407 408 409 410 411 412 413 414 415 416 417 418 419 420 421 422 423 424 425 426 427 428 429 430 431 432 433 434 435 436 437 438 439 440 441 442 443 444 445 446 447 448 449 450 451 452 453 454 455 456 457 458 459 460 461 462 463 464 465 466 467 468 469 470 471 472 473 474 475 476 477 478 479 480 481 482 483 484 485 486 488 489 490 491 492 493 494 495 496 497 498 499 500 501 502 503 504 505 506 507 508 509 510 511 512 514 515 516 517 518 519 520 521 522 523 525 526 527 528 529 530 531 532 533 534 535 536 537 538 539 540 541 542 543 544 545 546 547 548 549 550 551 552 553 554 555 556 557 558 559 560 561 562 563 564 565 566 567 568 569 570 571 572 573 574 575 576 577 578 579 580 581 582 583 584 585 586 587 588 589 590 591 592 593 603 604 609 610 611 612 613 614 615 616 618 619 620 621 622 623 624 625 626 628 629 630 631 632 633 634 635 636 639 640 641 642 643 644 645 646 647 648 649 650 651 652 654 655 656 657 658 659 660 661 662 663 664 667 668 669 673 674 675 676 677 678 679 680 681 682 683 684 685 686 687 688 689 690 691 692 693 694 695 696 697 698 699 700 701 702 703 704 705 706 707 708 709 710 711 712 713 714 719 720 721 722 723 724 725 726 727 728 729 730 731 733 734 735 736 737 738 739 740 741 742 744 745 746 747 748 749 750 752 755 756 757 758 759 760 761 762 763 764 765 766 767 770 771 772 773 777 778 779 780 781 783 784 0
1 14 15 16 17 18 19 20 21 22 23 24 25 26 27 28 29 30 31 32 33 34 35 37 38 40 41 43 44 45 47 48 49 50 51 52 53 54 55 56 57 58 59 61 62 63 64 65 66 67 69 71 72 73 74 75 76 77 79 80 81 85 86 87 88 89 90 91 92 93 94 95 96 97 99 100 101 102 103 104 105 106 107 108 109 110 111 112 113 114 115 116 117 118 119 120 121 122 123 124 125 126 127 128 129 132 134 135 136 137 138 139 140 141 142 143 144 145 146 147 149 150 151 152 153 154 155 156 157 158 159 160 161 162 164 165 166 167 169 170 171 173 174 175 176 177 179 180 183 184 185 186 187 188 189 190 191 192 193 194 195 196 197 198 199 200 201 206 207 208 209 210 212 213 216 217 218 219 220 221 222 223 224 226 227 228 229 230 232 233 235 236 237 238 240 241 248 249 250 251 252 253 254 255 257 258 259 260 261 262 263 265 266 267 268 269 270 271 272 273 274 276 277 280 281 282 283 284 285 286 287 288 289 290 291 292 293 294 296 299 300 301 302 303 304 305 306 307 308 310 312 313 314 315 316 317 318 319 320 321 322 324 328 329 330 331 332 333 334 335 336 338 342 343 345 346 347 348 349 350 352 353 354 355 356 357 359 360 361 363 364 366 368 369 370 371 372 373 374 375 378 379 380 381 382 383 384 385 386 387 388 389 390 391 392 393 394 395 396 397 398 399 400 401 402 403 404 405 406 407 408 409 410 411 412 413 414 415 416 417 418 419 422 423 424 425 428 429 430 434 435 438 439 440 442 443 444 445 446 447 449 450 451 452 453 454 455 456 457 458 459 460 461 463 466 467 469 470 471 472 473 474 475 477 478 480 481 482 483 484 485 486 487 488 489 491 492 493 494 496 497 498 499 500 501 504 505 507 508 509 510 511 512 513 514 515 518 520 523 524 525 526 527 528 529 530 531 533 534 535 536 538 539 540 541 542 544 545 547 548 556 558 559 561 562 563 564 565 566 567 568 569 570 571 572 573 575 576 577 578 579 580 581 582 583 584 585 586 587 589 590 591 592 593 594 595 596 597 598 599 600 601 602 603 606 607 608 611 612 615 616 618 619 621 623 624 625 626 627 628 630 632 633 634 635 636 639 640 641 644 645 646 647 648 649 652 653 654 658 659 660 661 662 663 664 665 666 667 670 671 672 673 675 676 677 678 681 682 683 684 685 686 688 690 691 693 694 695 696 697 698 699 700 701 702 703 704 705 706 707 708 709 711 712 713 714 715 716 717 718 719 720 721 723 724 725 728 730 731 732 733 735 736 737 738 739 742 743 744 745 746 747 748 749 750 751 755 756 758 759 760 761 762 763 764 765 766 768 769 770 773 776 777 778 779 780 784 0
1 2 3 4 5 6 7 8 9 10 11 12 14 15 16 17 18 19 20 22 23 25 26 27 29 30 31 32 33 34 35 36 37 38 39 41 42 43 44 47 48 54 55 59 60 61 62 63 64 66 67 68 69 73 74 75 76 78 81 82 83 84 85 89 90 92 93 94 95 97 99 100 105 106 107 108 110 111 112 113 114 115 116 117 118 119 120 121 122 124 125 126 127 128 129 131 132 133 135 136 137 138 139 140 143 144 145 146 147 152 153 154 158 159 160 161 162 163 164 165 166 168 170 171 172 173 175 178 179 180 181 182 185 186 187 190 193 194 197 198 199 200 203 206 207 209 212 213 215 216 219 220 221 222 223 224 226 227 228 229 230 231 235 236 237 238 240 241 242 244 245 246 247 248 250 251 252 253 255 256 257 258 259 260 261 262 263 264 265 267 268 269 270 271 272 273 275 276 277 279 280 281 283 284 285 286 290 291 292 293 294 295 298 299 300 301 302 305 306 307 308 309 310 311 312 313 314 317 318 319 320 321 323 324 326 327 328 329 330 332 333 334 335 336 337 340 342 346 347 348 349 350 352 354 355 356 357 358 359 360 361 362 363 364 365 366 367 368 369 370 371 374 375 376 377 380 381 382 384 386 389 390 391 392 0
1 3 5 7 9 10 11 12 13 14 15 16 17 18 19 20 21 22 23 25 26 27 31 34 37 41 42 43 45 46 47 48 49 51 52 53 54 55 56 57 58 61 62 63 65 66 67 69 70 71 72 73 74 75 76 77 78 79 80 81 82 83 84 88 91 94 95 96 97 99 100 101 103 104 105 106 107 109 111 112 114 116 118 119 120 122 123 124 125 126 127 128 130 131 132 133 134 135 137 138 139 140 143 144 145 146 148 149 150 151 152 155 157 159 160 161 163 164 165 168 170 171 172 173 174 175 176 179 180 181 182 183 184 185 186 187 188 189 193 195 196 197 198 200 204 205 207 211 212 214 215 216 217 218 219 220 221 222 223 224 225 226 227 228 229 230 232 234 235 237 239 240 241 242 243 244 245 246 247 248 249 250 251 252 253 255 256 257 258 259 260 261 262 263 264 265 266 268 269 270 271 272 273 274 275 276 277 278 279 280 281 283 284 285 286 287 288 289 290 292 293 294 295 297 299 300 301 303 304 306 308 309 310 311 313 314 315 316 318 319 320 322 324 325 326 327 328 329 331 332 334 336 340 341 342 343 344 345 346 347 348 349 350 351 353 355 356 357 358 362 364 365 366 367 368 369 370 371 372 375 376 377 378 379 380 381 382 384 385 386 389 390 391 392 0
1 2 3 4 5 7 13 17 19 20 21 22 23 28 29 30 31 32 33 34 35 36 37 40 42 43 44 47 50 51 52 54 55 56 57 61 62 63 67 68 69 72 73 74 75 77 79 82 83 84 85 86 87 88 89 90 91 93 94 95 96 98 99 100 102 103 104 105 106 108 109 111 113 114 115 116 117 118 119 122 124 127 129 130 131 133 135 136 138 140 141 142 0
2 7 8 9 10 13 15 16 17 18 19 23 26 28 0

94
1 2 3 4 5 6 7 8 9 10 11 12 13 14 15 16 17 18 19 20 21 22 23 24 25 26 27 28 29 30 31 32 33 34 35 36 37 38 39 40 41 42 43 44 45 46 47 48 49 50 51 52 53 54 55 56 57 58 59 60 61 62 63 64 65 66 67 68 69 70 71 72 73 74 75 76 77 78 79 80 81 82 83 84 85 86 87 88 89 90 91 92 93 94 95 96 97 98 99 100 101 102 103 104 105 106 107 108 109 110 111 112 113 114 115 116 117 118 119 120 121 122 123 124 125 126 127 128 129 130 131 132 133 134 135 136 137 138 139 140 141 142 143 144 145 146 147 148 149 150 151 152 153 154 155 156 157 158 159 160 161 162 163 164 165 166 167 168 169 170 171 172 173 174 175 176 177 178 179 180 181 182 183 184 185 186 187 188 189 190 191 192 193 194 195 196 197 198 199 200 201 202 203 204 205 206 207 208 209 210 211 212 213 214 215 216 217 218 219 220 221 222 223 224 225 226 227 228 229 230 232 233 234 235 236 237 238 239 240 241 242 243 244 245 246 247 248 249 250 251 252 253 254 255 256 257 258 259 260 261 262 263 264 265 266 267 268 269 270 271 272 273 274 275 276 277 278 279 280 281 282 283 284 285 286 287 288 289 290 291 292 293 294 295 296 297 298 299 300 301 302 303 304 305 306 307 308 309 310 311 312 313 314 315 316 317 318 319 320 321 322 323 324 325 326 327 328 329 330 331 332 333 334 335 336 337 338 339 340 341 342 343 344 345 346 347 348 349 350 351 352 353 354 355 356 357 358 359 360 361 362 363 364 365 366 367 368 369 370 371 372 373 374 375 376 377 378 379 380 381 382 383 384 385 386 387 388 389 390 391 392 393 394 395 396 397 398 399 400 401 402 403 404 405 406 407 408 409 410 411 412 413 414 416 417 418 419 420 421 422 423 424 425 426 427 429 430 431 432 433 434 435 436 437 438 439 440 441 442 443 444 445 446 447 448 449 450 451 452 453 454 455 456 457 458 459 460 461 462 463 464 465 466 467 468 469 471 472 473 474 475 476 477 478 479 480 481 482 483 484 485 486 487 488 489 490 491 492 493 494 495 496 497 498 499 500 501 502 503 504 505 506 507 508 509 510 511 512 514 515 516 517 518 519 520 521 522 523 524 525 526 527 528 529 530 531 532 533 534 535 536 537 538 539 540 541 542 543 544 545 546 547 548 549 550 551 552 553 554 555 556 557 558 559 560 561 562 563 564 565 566 567 568 569 570 571 572 573 574 575 576 577 578 579 580 581 582 583 584 585 586 587 588 589 590 591 592 593 594 596 597 598 599 600 601 602 603 604 605 606 607 608 609 610 611 612 613 614 615 616 617 618 619 620 621 623 624 625 626 627 628 629 630 631 632 633 634 635 636 637 638 639 641 642 644 645 646 647 648 649 650 651 652 655 656 657 658 659 660 661 662 663 664 665 666 667 668 669 670 671 672 673 674 675 676 677 678 679 680 681 682 683 685 686 687 688 689 691 692 693 694 695 696 697 699 700 701 702 703 704 705 706 707 708 709 710 711 712 714 715 716 717 718 719 720 721 722 723 727 728 729 731 732 733 734 735 736 737 738 739 740 741 742 743 744 745 746 747 748 749 750 751 752 753 754 755 756 757 758 759 760 761 762 763 764 765 766 767 768 769 770 771 772 773 774 775 776 777 778 779 780 781 782 783 784 0
1 2 3 4 5 6 7 8 9 10 11 12 13 14 15 16 17 18 19 20 21 22 23 24 25 26 27 28 29 30 31 32 33 34 35 36 37 38 39 40 41 43 44 45 46 47 48 49 50 51 52 54 55 57 58 59 60 62 63 64 65 66 67 68 69 71 72 73 74 75 76 77 78 79 80 81 82 83 85 86 87 88 89 90 91 92 93 94 95 96 97 99 100 101 102 103 104 105 106 107 108 109 110 111 113 114 115 116 117 118 119 120 121 122 123 124 125 127 128 129 130 131 132 133 134 135 136 137 139 140 141 142 143 144 145 146 147 148 149 150 151 152 153 154 155 156 157 158 159 160 161 165 166 167 168 169 170 171 172 173 174 175 176 177 178 179 180 181 182 183 184 185 186 187 188 189 190 191 192 193 194 195 196 197 198 199 200 201 202 203 204 205 206 207 208 209 210 211 212 213 214 215 216 217 219 220 221 222 223 224 225 226 227 228 229 230 231 232 233 234 236 237 238 240 241 242 243 244 245 246 247 248 249 250 251 252 254 255 256 257 258 259 260 261 262 265 266 267 268 269 270 271 273 274 275 276 277 278 279 280 281 282 283 284 285 286 287 288 289 290 291 292 293 294 295 296 297 298 299 300 301 302 303 304 305 306 307 308 310 311 312 313 314 315 316 317 318 319 320 321 322 324 325 326 327 328 329 330 331 332 333 334 335 336 338 339 340 341 342 343 344 345 346 347 349 350 352 353 354 355 356 357 358 359 360 361 362 363 364 366 367 368 369 370 371 372 373 374 375 376 377 378 379 380 381 382 383 384 385 386 387 388 389 390 391 392 393 394 395 396 397 398 399 400 401 402 403 404 405 406 407 408 409 410 411 413 414 415 416 417 418 419 421 422 423 424 427 428 429 430 431 432 433 435 436 437 438 440 441 442 443 444 445 446 447 449 450 451 452 453 454 455 456 457 463 465 466 467 468 469 470 471 472 473 474 476 477 478 480 481 482 483 484 485 486 487 489 491 493 494 495 496 497 498 499 501 502 504 506 507 508 509 510 512 513 514 515 516 517 518 520 523 524 525 526 527 529 530 531 532 533 534 535 536 537 538 539 540 541 542 543 546 547 549 550 551 552 553 554 555 556 557 558 559 560 561 562 563 564 565 566 567 568 569 570 571 572 573 574 575 576 577 578 579 580 581 582 583 584 585 586 587 588 589 590 591 592 593 594 595 596 597 598 599 600 601 602 603 604 605 607 609 610 611 612 615 616 617 618 622 623 624 625 626 627 628 629 630 631 634 636 637 638 639 642 643 644 645 646 647 648 649 650 651 652 654 657 658 659 661 662 663 664 665 667 668 672 673 674 676 677 678 679 680 681 682 684 686 687 689 690 691 692 693 694 695 696 697 698 699 700 701 704 705 706 707 709 710 711 712 713 714 715 717 718 719 720 721 722 723 724 725 727 728 730 731 732 733 734 735 736 737 738 741 742 744 745 746 747 748 749 750 751 752 755 756 757 758 759 760 761 762 763 764 765 766 767 768 769 770 772 773 774 775 776 777 778 779 780 781 782 783 784 0
1 2 3 4 5 6 7 8 9 10 11 12 13 14 15 16 17 18 19 22 23 24 26 27 28 29 30 31 32 33 34 35 36 37 38 39 40 41 42 43 44 45 46 47 49 50 51 52 53 54 55 57 58 59 60 61 62 64 65 66 67 68 69 70 71 72 73 74 75 76 77 80 81 82 83 85 86 87 88 89 90 91 92 94 95 97 98 99 100 101 102 103 104 105 106 107 108 109 110 112 113 114 117 118 119 120 122 123 124 125 126 127 130 131 132 133 134 135 136 138 139 140 141 142 143 144 145 146 147 148 149 150 151 152 153 154 155 156 157 158 159 162 164 165 166 167 169 170 171 172 173 174 175 177 178 179 180 181 182 183 184 185 186 187 188 189 190 191 192 193 194 195 197 198 199 200 201 202 203 204 205 206 207 208 209 210 211 212 213 214 215 216 217 218 219 220 221 222 223 224 225 226 227 228 229 230 231 232 233 234 235 236 237 238 239 240 241 242 243 244 245 246 247 248 249 250 251 252 253 254 255 256 257 258 259 260 261 262 263 264 265 266 267 268 270 271 272 274 275 276 277 278 279 280 281 282 283 284 285 286 287 288 289 290 291 292 294 295 296 297 298 299 300 301 302 303 304 305 306 307 309 310 311 312 313 314 316 317 318 319 320 321 324 325 326 327 328 329 330 331 332 333 334 335 336 337 338 339 340 341 343 344 345 346 347 348 349 350 351 352 353 354 355 356 357 358 359 360 361 362 363 364 366 367 368 369 370 371 372 373 374 375 376 377 378 380 381 382 383 384 385 387 388 389 390 391 392 0
1 3 4 5 6 7 8 9 10 11 12 14 15 16 17 18 19 20 21 22 23 24 25 26 27 29 30 31 32 33 35 36 37 38 39 40 41 42 43 44 45 46 47 48 49 50 51 52 53 54 55 56 57 58 59 60 61 62 63 64 65 66 67 68 69 70 71 72 73 74 76 77 78 79 82 83 84 85 86 87 88 89 90 91 92 93 94 95 96 97 98 99 100 102 103 104 105 106 108 109 110 111 112 113 114 115 116 117 118 119 120 121 122 123 124 125 126 127 129 130 131 132 133 134 135 136 137 138 139 140 141 142 143 144 145 146 147 148 149 150 151 153 154 155 156 157 158 159 160 161 162 163 164 165 166 167 168 169 170 171 172 173 174 175 176 177 178 179 180 181 182 183 184 185 186 187 188 189 190 191 192 194 195 196 197 198 199 200 201 202 204 205 206 207 208 211 212 213 214 215 216 217 218 219 220 221 222 223 225 226 227 228 229 230 231 232 233 234 235 236 237 238 239 240 241 242 243 244 246 247 248 249 250 251 252 253 254 255 257 258 259 260 261 262 263 266 267 268 269 270 272 273 275 276 277 278 279 280 281 282 283 284 285 286 287 288 289 290 291 292 293 294 295 296 297 300 301 302 303 305 306 307 308 309 310 311 312 313 314 315 316 317 318 319 320 321 322 326 327 328 329 330 331 332 333 334 335 336 337 338 339 340 341 342 343 344 345 346 347 348 349 350 351 352 353 354 356 357 358 359 362 363 364 365 367 368 370 371 373 374 375 377 378 379 380 382 383 384 385 386 387 388 389 390 391 392 0
1 2 3 4 6 7 8 9 10 11 12 13 14 15 18 20 21 22 23 24 25 28 29 31 32 33 36 37 38 39 40 41 43 44 45 46 47 48 49 50 52 53 54 55 56 57 58 60 61 62 63 64 67 68 69 70 71 72 73 76 77 78 79 80 81 82 85 87 88 89 90 91 92 94 95 96 97 98 99 100 101 102 103 104 106 107 108 109 110 111 112 113 114 115 116 117 118 120 121 122 123 124 125 126 127 128 131 132 133 134 135 136 137 138 139 142 143 0
1 2 4 6 7 8 10 12 14 15 16 17 18 22 23 24 25 26 30 31 32 0

95
1 2 3 4 5 6 7 8 9 10 11 12 13 14 15 16 17 18 19 20 21 22 23 24 25 26 27 28 29 30 31 32 33 34 35 36 37 38 39 40 41 42 43 44 45 46 47 49 50 51 52 53 54 55 56 57 58 59 60 61 62 63 64 65 66 67 68 69 70 71 72 73 74 75 76 77 78 80 81 82 83 84 85 86 87 88 89 90 91 92 93 94 95 96 97 98 99 100 101 102 103 105 106 107 108 109 110 111 112 113 114 115 116 117 118 119 120 122 123 124 125 126 127 128 129 130 131 132 133 134 135 136 137 138 139 140 141 142 143 144 145 146 147 148 149 150 151 152 153 154 155 156 157 159 160 161 162 163 164 165 166 167 168 169 170 171 172 173 174 175 176 177 178 179 180 181 182 183 184 185 186 187 188 189 190 191 192 193 194 195 196 197 198 199 200 201 202 203 204 205 206 207 208 209 210 211 212 213 214 215 216 217 218 219 220 221 222 223 224 225 226 227 228 229 230 231 232 233 234 235 236 237 238 239 240 241 242 243 244 246 247 248 249 250 251 252 253 254 255 256 257 258 259 260 261 262 263 264 265 266 267 268 269 270 271 272 273 275 276 277 278 279 280 281 282 283 284 285 286 287 288 289 290 291 292 293 294 295 296 297 298 299 300 301 302 303 304 305 306 307 308 309 310 311 312 313 314 315 316 317 318 319 320 321 322 323 324 325 326 327 328 329 330 331 332 333 334 335 336 337 338 339 340 341 342 343 344 345 346 347 348 349 350 351 352 353 355 356 357 358 359 360 361 362 363 364 365 366 367 368 369 370 371 372 373 374 375 376 377 378 379 380 381 382 383 384 385 386 387 388 389 390 391 392 393 394 395 396 397 398 399 400 401 402 403 404 405 406 407 408 409 410 411 412 413 414 415 416 417 418 419 420 421 422 423 424 425 426 427 428 429 430 431 432 433 434 435 436 437 438 439 440 441 442 443 444 445 446 447 448 449 450 451 452 453 454 455 456 457 458 459 460 461 462 463 464 465 466 467 468 469 470 471 472 473 474 475 476 477 478 479 480 481 482 483 484 485 486 487 488 489 490 491 492 493 494 495 498 499 500 501 502 503 504 505 506 507 508 509 510 511 512 513 514 515 516 517 518 519 520 521 522 523 525 526 527 528 529 530 531 532 533 534 535 536 537 538 539 540 541 542 543 544 545 546 547 548 549 550 551 552 553 554 555 556 557 558 559 560 561 562 563 564 565 566 567 568 569 570 571 572 573 574 575 576 577 578 579 580 581 582 583 584 585 586 587 588 591 592 593 594 595 596 597 598 599 600 601 602 603 604 605 606 607 608 609 610 611 612 613 614 615 616 617 618 619 620 621 622 623 624 625 626 627 628 629 630 631 632 633 634 636 637 638 639 640 641 642 643 644 645 646 648 649 650 651 652 653 654 655 656 657 658 661 662 664 665 666 667 668 669 670 671 672 673 674 675 676 677 678 679 680 681 682 684 685 686 687 688 689 690 691 692 694 695 696 698 699 700 701 702 703 704 705 706 707 708 709 710 711 712 715 716 717 718 719 720 721 722 723 724 725 726 727 728 729 730 731 732 733 734 735 736 737 738 739 740 741 742 743 744 745 746 747 748 749 750 751 752 753 754 755 756 757 758 759 760 761 762 763 766 767 768 769 770 771 772 773 774 775 777 778 780 781 782 783 784 0
1 5 6 7 8 9 10 11 12 13 14 15 16 17 18 19 20 21 22 23 24 25 26 27 28 29 30 31 32 33 34 35 36 37 38 39 40 41 42 43 44 45 47 48 49 50 51 52 53 54 55 56 57 58 59 61 63 65 66 67 68 69 70 71 72 73 74 76 77 78 79 80 81 82 83 84 85 86 87 88 89 90 91 92 93 94 95 96 97 98 99 100 101 102 103 105 106 107 108 109 110 111 113 114 115 116 117 118 119 120 121 122 123 124 125 127 128 129 130 131 132 133 134 135 136 137 138 139 140 141 142 143 144 145 146 147 148 149 150 151 152 153 154 155 156 157 158 159 160 161 162 163 164 165 166 167 168 169 170 171 172 173 174 175 178 179 180 181 182 183 184 185 186 187 188 189 190 191 192 193 194 195 196 198 199 200 201 202 203 204 205 206 207 208 209 210 213 214 215 216 217 218 220 221 222 223 224 226 227 228 229 230 232 233 234 235 236 237 238 240 241 242 243 245 246 247 248 249 250 251 252 254 256 258 259 260 261 262 263 264 265 266 268 269 270 271 272 273 274 275 276 277 278 279 280 282 283 284 285 286 287 288 289 290 291 292 293 294 296 297 298 299 301 302 303 304 305 306 307 308 310 311 312 313 314 315 316 317 318 319 320 321 322 323 324 325 326 327 328 329 330 331 332 333 334 335 336 337 338 339 340 342 343 344 345 346 347 348 349 350 352 354 355 356 357 358 359 361 362 363 364 366 367 368 369 370 371 372 373 374 375 376 377 378 379 380 381 382 383 384 385 386 387 388 389 390 391 392 393 394 395 396 397 398 399 400 401 402 403 404 405 406 407 408 410 411 413 414 415 416 418 419 420 421 422 423 425 426 427 428 429 430 431 432 433 434 435 438 439 440 441 442 443 444 445 446 447 449 450 451 452 453 454 455 456 457 458 459 460 461 462 463 464 466 467 468 470 471 472 473 474 476 478 479 480 481 482 483 484 485 486 487 488 489 491 494 495 496 497 498 499 500 502 503 504 505 507 508 509 510 511 512 513 514 517 519 520 521 522 523 524 525 526 528 529 530 531 532 533 535 536 537 538 539 540 541 542 543 546 547 548 549 550 551 552 553 554 555 556 557 558 559 562 563 564 565 566 567 568 570 571 572 573 574 578 579 580 581 582 583 584 585 586 587 589 590 591 592 593 594 595 596 597 598 599 600 601 602 604 609 610 612 613 614 615 616 618 619 621 622 623 624 625 626 628 629 630 632 634 635 636 637 638 639 640 641 642 644 645 646 647 649 650 651 652 653 654 655 656 657 658 660 661 662 663 665 666 667 668 669 670 672 674 675 676 677 678 679 680 681 682 683 684 685 686 688 689 690 691 692 693 694 695 696 697 698 699 700 701 704 705 706 707 708 711 712 713 714 715 716 719 720 721 722 723 725 726 727 728 729 730 731 732 733 734 735 736 737 738 739 740 741 742 743 745 746 747 748 749 750 751 752 755 756 758 759 760 761 762 763 765 766 767 769 770 771 772 773 774 775 776 777 778 781 782 783 784 0
1 2 3 4 5 6 7 8 9 10 11 12 13 14 15 16 17 18 19 20 21 22 24 25 26 27 28 29 30 31 32 33 34 36 38 39 40 41 42 43 44 45 46 47 48 49 53 54 55 56 59 60 61 62 63 65 66 67 68 69 71 72 74 75 76 78 79 80 81 82 83 84 86 87 88 89 90 91 93 94 95 96 97 98 99 100 101 102 104 105 107 108 109 110 111 112 114 115 116 117 118 119 120 121 122 123 124 125 126 127 128 129 130 131 132 133 134 135 136 137 138 139 140 141 142 143 144 145 146 147 149 150 151 152 153 154 157 158 159 160 163 164 165 166 167 168 170 171 172 173 176 177 178 179 181 183 185 186 187 188 189 190 191 192 193 195 197 198 201 202 203 205 206 207 208 209 210 212 213 214 215 216 219 220 221 222 223 224 226 227 228 229 230 231 233 234 235 236 237 238 239 240 241 242 243 244 245 246 247 248 249 250 251 252 253 255 256 257 258 259 260 262 263 264 265 267 268 269 270 271 272 273 274 275 276 277 278 280 281 282 284 285 286 287 289 290 291 292 293 297 298 299 300 301 305 306 307 308 310 311 312 313 314 317 318 319 321 323 325 326 327 328 330 331 332 333 334 335 336 337 338 339 340 341 342 343 347 348 349 350 352 353 354 355 356 357 359 360 361 362 363 364 365 367 368 369 370 371 372 373 374 375 376 377 379 380 381 382 383 384 386 387 388 389 390 392 0
2 3 4 5 6 7 9 10 11 12 13 14 15 16 17 18 19 20 22 23 24 25 26 29 30 31 32 33 34 35 36 37 38 39 40 42 43 45 46 47 48 49 51 52 53 54 55 56 57 58 59 60 61 62 63 64 66 67 68 69 70 71 72 73 74 75 76 77 78 79 80 81 83 85 86 87 91 92 93 94 95 97 98 99 100 101 102 103 104 105 106 107 108 109 110 111 112 113 115 116 117 119 121 122 124 125 126 128 129 130 132 133 134 136 137 138 139 141 142 143 144 145 147 148 149 150 151 152 153 154 155 156 158 159 160 161 163 164 165 166 167 168 169 170 171 172 173 174 175 176 177 178 179 180 181 182 183 184 186 188 190 191 192 193 194 195 196 197 198 199 200 201 202 203 204 205 206 207 208 209 210 211 212 213 214 215 216 217 218 220 222 223 224 225 226 227 228 229 230 232 233 236 237 238 239 240 241 242 243 244 245 246 247 249 250 252 253 254 255 256 257 258 259 260 261 262 263 264 265 266 267 268 269 270 271 272 273 274 275 276 277 278 280 281 282 283 284 285 287 288 290 291 292 293 294 295 297 298 299 300 301 304 305 306 307 308 310 311 312 313 314 315 317 318 319 320 321 322 323 324 325 326 327 328 330 331 332 333 334 335 337 338 339 340 341 343 344 345 346 347 348 350 351 352 353 354 355 356 357 358 359 360 361 362 363 364 365 366 367 368 369 370 371 372 373 374 375 376 377 378 379 380 381 383 384 385 386 387 388 389 390 391 392 0
1 2 3 4 5 7 8 10 11 13 14 15 16 17 18 19 20 21 22 23 24 25 26 27 28 29 30 31 32 33 34 35 36 37 38 39 43 44 45 46 48 49 50 51 52 55 56 57 58 59 60 61 62 63 64 65 66 67 68 69 71 73 74 75 76 77 78 79 80 81 83 84 85 86 87 89 90 91 92 93 94 95 97 98 100 101 102 104 105 106 108 109 110 111 112 113 115 116 117 118 119 120 121 122 123 124 125 126 127 128 129 130 131 133 134 137 138 140 141 142 143 144 0
1 2 3 4 5 8 11 12 13 14 15 16 17 18 20 22 24 25 26 27 28 29 30 31 32 0

96
1 2 3 4 5 6 7 8 9 10 11 12 13 14 15 16 17 18 19 20 21 22 23 24 25 26 27 28 29 30 31 32 33 34 35 36 37 38 39 40 41 42 43 44 45 46 47 49 50 51 52 53 54 55 56 57 58 59 60 61 62 63 64 65 66 67 68 69 70 71 72 73 74 75 76 77 78 79 80 81 82 83 84 85 86 87 88 89 90 91 92 93 94 95 96 97 98 99 100 101 102 103 104 105 106 108 109 110 111 112 113 114 115 116 117 118 119 120 121 122 123 124 125 126 127 128 129 130 131 132 133 134 135 136 137 138 139 140 141 142 143 144 145 146 147 148 149 151 152 153 154 155 156 157 158 159 160 161 162 164 165 166 167 168 169 170 171 172 173 174 175 176 177 178 179 180 181 182 183 184 185 186 187 188 189 190 191 192 193 194 195 196 197 198 199 200 201 202 203 204 205 206 207 208 209 210 211 212 213 214 215 216 217 219 220 221 222 223 224 225 226 227 228 229 230 231 232 233 234 236 237 238 239 240 241 242 243 244 245 246 247 248 250 251 252 253 254 255 256 258 259 260 261 262 263 264 265 266 267 268 269 270 271 272 273 274 275 276 277 278 279 280 281 282 283 284 285 286 287 288 289 290 291 292 293 294 295 296 297 298 299 300 301 302 303 304 305 306 307 308 309 310 311 312 313 314 315 316 317 318 319 320 321 322 323 324 325 326 327 328 330 331 332 333 334 335 336 337 338 339 340 341 342 343 344 345 346 347 348 349 350 351 352 353 354 355 356 357 358 359 360 361 362 363 364 365 366 367 368 369 370 371 372 373 374 375 376 377 378 379 380 381 382 383 384 385 386 387 388 389 390 391 392 393 394 395 396 397 398 399 400 401 402 403 404 405 406 407 408 409 410 411 412 413 414 415 416 417 418 419 420 421 422 423 424 425 426 427 428 429 430 432 433 434 435 436 437 438 439 440 441 442 443 444 445 446 447 448 449 450 451 452 453 454 455 456 457 458 459 460 461 462 463 464 465 466 467 468 469 470 471 472 473 474 475 476 477 478 479 480 481 482 483 484 485 486 487 488 489 490 491 492 493 494 495 496 497 498 499 500 501 502 503 504 505 506 507 508 509 510 511 512 513 514 515 516 517 518 519 520 521 522 523 524 525 526 527 528 529 530 531 532 533 534 535 536 537 538 539 540 541 542 543 544 545 546 547 548 549 551 552 553 554 555 556 557 558 559 560 561 562 563 564 565 566 567 568 569 570 571 572 573 574 575 576 577 578 579 580 581 582 583 584 585 586 587 588 589 593 598 604 605 608 609 610 611 612 613 617 618 619 621 622 623 624 625 626 627 628 630 631 633 634 635 636 637 638 639 640 641 642 643 645 646 649 650 651 652 653 654 655 656 657 658 659 660 661 662 663 664 665 666 667 668 669 670 671 672 673 675 676 677 678 682 683 685 686 687 690 691 692 693 695 696 697 698 699 700 701 702 703 704 705 706 707 708 709 710 711 712 713 714 715 716 717 718 719 720 721 722 723 725 728 729 730 731 732 733 734 735 736 737 738 739 740 743 744 745 746 747 748 749 750 751 753 756 757 758 759 760 761 762 763 764 770 771 773 774 775 776 777 778 779 780 781 784 0
14 15 16 19 20 21 22 23 24 25 29 30 31 33 34 35 36 37 38 39 40 43 45 46 48 49 50 51 52 53 57 61 62 63 64 65 66 67 68 69 71 75 76 77 78 79 80 81 82 83 85 86 87 89 90 91 92 93 94 95 96 97 98 99 100 102 103 104 105 106 107 108 109 110 111 112 113 114 116 117 118 119 121 122 123 124 125 126 127 128 130 131 132 133 134 135 136 137 141 142 143 144 145 146 147 148 149 150 151 155 156 157 158 159 160 161 162 163 164 169 170 171 172 173 174 175 176 183 184 185 186 187 188 189 190 191 192 193 194 195 196 197 198 201 202 203 204 205 210 215 216 217 218 219 220 224 229 230 231 232 233 234 235 238 240 242 243 245 246 247 248 249 252 256 257 258 259 260 261 262 263 264 265 266 270 272 273 274 275 276 277 278 279 280 282 283 284 285 286 287 288 289 290 291 292 293 294 296 298 299 300 301 302 304 305 306 307 308 310 313 314 315 318 319 320 321 322 324 325 327 328 329 330 331 332 333 334 336 337 338 340 341 342 343 344 345 346 347 350 352 353 354 355 356 357 358 359 360 361 364 366 368 369 370 371 372 373 374 378 379 380 381 382 383 384 385 386 387 388 389 390 391 392 393 394 395 396 397 398 399 400 401 402 403 404 405 406 408 409 410 412 413 414 415 416 418 419 421 423 424 425 426 427 428 429 430 432 433 435 438 439 440 441 442 443 444 445 446 447 450 451 452 453 454 455 456 457 458 459 460 461 463 464 467 468 469 470 471 472 473 474 476 477 478 479 480 481 482 483 484 485 486 487 489 491 493 496 497 500 501 502 504 506 507 508 510 512 513 514 516 517 518 519 522 523 524 525 526 527 528 529 530 531 533 537 538 539 540 541 542 544 545 547 549 550 551 552 553 554 555 556 557 558 559 561 562 563 564 565 566 567 568 569 571 572 573 575 576 577 578 579 580 581 582 583 584 585 586 587 589 590 591 592 593 594 595 596 597 598 599 600 601 602 604 605 606 608 610 611 615 616 618 619 620 623 624 625 626 627 629 630 631 632 633 635 637 638 639 640 643 644 646 647 648 649 650 651 652 653 654 655 657 658 660 663 664 665 666 667 668 669 670 672 674 676 677 678 679 680 681 682 685 686 688 689 690 691 692 694 695 696 697 698 699 700 702 703 704 705 706 708 709 711 713 714 716 717 718 719 720 721 722 723 724 725 727 728 729 730 731 732 733 735 736 737 738 741 742 743 744 745 746 747 748 749 750 751 754 755 756 758 759 760 761 762 763 765 766 767 768 769 770 771 772 773 775 776 777 778 784 0
1 2 3 4 6 7 8 11 12 13 15 17 18 19 20 21 22 23 24 25 26 27 28 29 30 31 32 33 34 35 36 37 38 39 40 41 42 43 44 45 46 47 48 53 54 55 57 59 60 61 62 66 67 68 69 74 76 80 81 82 83 85 87 88 89 90 92 93 94 95 96 97 99 100 101 102 103 104 105 108 109 111 112 115 116 117 118 119 121 122 123 124 125 126 127 128 129 130 131 132 133 134 135 136 137 138 139 140 141 142 143 144 145 147 151 154 157 158 159 163 164 165 166 167 168 170 171 172 173 174 176 177 178 180 181 182 184 185 186 187 190 191 192 193 197 200 201 202 206 207 208 209 212 213 214 215 216 217 219 220 221 223 224 225 226 228 229 230 232 233 234 235 236 237 239 240 241 242 243 244 245 246 247 249 250 251 254 256 257 258 259 262 263 264 265 266 267 268 269 270 271 272 273 275 276 277 278 281 282 283 284 285 289 290 291 292 293 294 297 298 301 302 304 305 306 307 312 313 314 318 319 320 321 322 323 325 326 327 328 330 331 332 333 334 335 337 338 339 340 341 342 347 352 353 354 355 356 357 359 360 361 362 363 364 365 366 367 368 369 370 371 372 373 374 375 376 377 378 379 380 381 382 383 384 385 386 387 388 389 390 391 392 0
2 3 6 9 10 11 12 13 14 15 16 17 18 19 20 21 22 23 24 25 26 27 28 29 30 31 35 36 37 38 43 44 45 46 47 49 50 51 52 53 54 56 57 58 60 61 62 63 64 66 67 68 69 70 71 73 74 75 76 77 78 79 81 82 83 85 86 87 88 89 91 92 93 94 96 97 98 102 104 105 106 107 108 109 110 111 112 113 115 116 118 119 120 121 123 124 126 127 130 131 132 133 134 136 137 138 140 141 142 143 144 145 146 149 150 151 152 153 154 155 156 157 158 159 160 161 162 163 164 167 168 169 171 172 174 175 176 177 178 179 180 181 182 183 184 185 186 187 188 189 190 192 193 194 195 196 198 200 201 202 204 206 207 208 209 211 212 213 214 215 217 219 220 221 222 223 225 226 227 228 229 230 231 232 233 234 235 237 238 239 240 241 242 243 244 245 246 247 248 249 250 251 252 253 254 255 256 257 259 260 263 264 265 266 267 269 270 271 272 273 274 275 276 277 278 279 280 281 282 283 284 285 287 288 289 290 291 292 294 296 297 298 299 301 302 304 305 306 308 311 312 313 315 318 319 320 321 322 323 324 325 326 327 328 329 330 331 332 333 334 336 337 338 339 340 341 342 343 344 345 346 347 348 349 350 352 353 354 355 356 357 358 359 360 361 362 363 364 365 366 367 368 369 370 371 374 375 376 377 378 379 380 381 382 383 384 385 386 387 388 389 390 391 392 0
1 4 5 7 8 9 10 11 13 15 16 19 20 21 23 26 27 28 30 31 32 33 34 35 36 37 38 40 41 42 43 44 46 48 49 50 51 52 53 54 55 58 59 60 61 62 65 66 67 68 69 70 71 72 74 75 78 79 80 83 84 85 86 87 90 91 92 94 95 97 98 99 100 101 103 104 105 106 107 108 109 110 111 112 113 115 116 119 120 122 123 125 126 127 128 132 133 134 137 138 139 141 142 143 0
1 4 6 10 11 12 14 16 17 18 19 22 23 24 27 30 31 32 0

97
1 2 3 4 5 6 7 8 9 10 11 12 13 14 15 16 17 18 19 20 21 22 23 24 25 26 27 28 29 30 31 32 33 34 35 36 37 38 39 40 41 42 43 44 45 46 47 48 49 50 51 52 53 54 55 56 57 58 59 60 62 63 64 65 66 67 68 69 70 71 72 73 74 75 76 77 78 79 80 81 82 83 84 85 86 87 88 89 90 91 92 93 95 96 97 98 99 100 101 102 103 104 105 106 107 108 109 110 111 112 113 114 115 116 117 118 119 120 121 122 123 124 125 126 127 128 129 130 131 132 133 134 135 136 137 138 139 140 141 142 143 144 145 146 147 148 149 150 151 152 153 154 155 156 157 158 159 161 163 164 165 166 167 168 169 170 171 172 173 174 175 176 177 178 179 180 181 182 183 184 185 186 187 189 190 191 192 193 194 195 196 197 198 199 200 201 202 203 204 205 206 207 208 209 210 211 212 213 214 215 216 217 218 219 220 221 222 223 224 225 226 227 228 229 230 231 232 233 234 235 236 237 238 239 240 241 242 243 244 246 247 248 249 250 251 252 253 254 255 256 257 259 260 261 262 263 264 265 266 267 268 269 270 271 272 273 274 275 276 277 278 279 280 281 282 283 284 285 286 287 288 289 290 291 292 293 294 295 296 297 298 299 300 301 302 303 304 305 306 307 308 309 310 311 312 313 314 315 316 317 318 319 320 321 322 323 324 325 326 327 328 329 330 331 332 333 334 335 336 337 338 339 340 341 342 343 344 345 346 347 348 349 350 351 352 353 354 355 356 357 358 359 360 361 362 363 364 365 366 367 368 369 370 371 372 373 374 375 376 377 378 379 380 381 382 383 384 385 386 387 388 389 390 391 392 393 394 395 396 397 398 399 400 401 402 403 404 405 406 407 408 409 410 411 412 413 414 415 416 417 418 419 420 421 422 423 424 425 426 427 428 429 430 431 432 433 434 435 436 437 438 439 440 441 442 443 444 445 446 447 448 449 450 451 452 453 455 456 457 458 459 460 461 462 463 464 465 466 467 468 469 470 472 473 474 475 476 477 478 479 480 481 483 484 485 486 487 488 489 490 491 492 493 494 495 496 497 498 499 500 501 502 503 504 505 506 507 508 509 510 511 512 513 514 515 516 517 518 519 520 521 522 523 524 525 526 527 528 529 530 531 532 533 534 535 536 537 538 539 540 541 542 543 544 545 546 547 548 549 550 551 552 553 554 555 556 557 558 559 560 561 562 563 564 565 566 567 568 569 570 571 572 573 574 575 576 577 578 579 580 581 582 583 584 585 586 587 588 589 592 593 600 601 602 603 604 605 606 607 608 609 610 611 612 613 614 615 616 617 618 619 620 621 622 623 624 627 628 629 630 631 632 634 635 636 638 639 640 641 644 645 646 647 648 649 650 651 652 653 654 655 656 657 658 659 660 661 662 663 664 665 666 667 668 669 670 671 673 674 675 676 677 678 680 681 682 684 685 686 688 689 690 691 694 695 696 697 698 699 701 703 704 705 706 707 708 709 710 711 712 713 714 715 716 719 720 721 722 723 724 725 726 727 728 729 730 731 732 734 735 736 737 738 739 740 741 742 743 744 745 746 748 749 750 751 754 755 756 757 758 759 760 761 762 763 764 765 766 770 771 772 773 774 775 776 777 778 779 780 782 784 0
1 14 15 16 17 18 19 20 21 22 23 24 25 26 27 29 30 31 32 33 34 35 36 37 38 39 40 41 43 44 45 46 47 49 50 51 52 53 55 57 58 59 60 61 62 63 64 65 66 67 68 69 71 72 73 74 75 76 77 78 79 80 81 85 86 87 88 89 91 92 93 94 95 96 97 99 100 101 102 103 106 107 108 109 110 111 113 114 115 116 117 119 120 121 122 123 124 125 126 127 128 129 130 131 133 134 135 136 137 138 139 141 142 143 147 148 149 151 152 153 155 156 157 160 161 162 163 166 167 169 170 171 172 173 174 175 176 177 178 179 183 184 185 186 187 188 189 190 191 192 193 194 195 196 198 199 200 201 202 206 207 208 209 210 212 213 214 215 221 222 223 224 226 227 228 229 230 231 233 234 236 237 238 240 241 242 243 245 246 247 248 249 252 254 255 256 257 258 259 260 261 262 263 264 265 266 268 269 270 271 272 273 274 275 276 277 279 280 282 283 284 285 286 287 289 290 291 292 293 294 296 297 298 303 304 305 306 307 308 312 313 314 315 316 317 318 319 320 321 322 327 328 329 330 331 332 333 334 335 336 338 343 344 345 346 347 350 352 353 354 357 358 359 363 364 366 367 368 370 371 372 373 377 378 379 380 381 382 383 384 385 386 387 388 389 390 391 392 393 394 395 396 397 398 399 400 401 402 403 404 405 406 407 408 409 410 411 412 413 414 415 416 417 418 419 421 425 427 428 429 430 431 435 436 438 439 440 441 442 443 444 445 447 449 450 451 452 453 454 455 456 457 458 459 460 461 464 465 466 467 468 469 470 471 472 473 476 477 478 479 480 481 482 483 484 486 487 488 489 491 492 494 495 496 497 498 499 500 505 506 507 508 510 511 512 513 514 515 516 518 520 521 522 523 524 525 526 528 529 532 533 534 535 536 537 538 539 540 541 542 543 544 545 547 550 552 553 554 555 556 557 558 559 560 561 565 566 567 568 570 571 572 573 575 576 577 578 579 580 581 582 583 584 585 586 587 589 590 591 592 593 594 595 596 597 598 599 600 601 602 604 605 606 607 608 609 610 611 612 613 614 615 616 617 620 621 622 623 624 629 630 631 632 634 635 637 638 639 640 641 643 644 645 646 647 648 649 651 652 653 654 655 656 657 658 660 661 662 663 664 665 666 667 668 669 670 671 672 673 674 675 676 677 679 680 681 684 685 686 687 688 689 690 693 694 695 698 699 700 702 705 707 708 709 710 711 712 713 714 716 717 718 720 721 722 725 728 730 731 732 734 735 736 738 740 741 742 744 745 746 748 749 750 751 752 753 754 755 756 757 758 759 760 761 762 763 764 765 766 767 768 769 770 771 772 773 774 775 776 777 778 779 784 0
1 2 3 4 5 6 7 8 9 11 12 13 14 15 16 17 18 19 20 21 22 23 24 25 26 27 29 32 33 34 36 39 40 42 43 46 47 57 58 59 60 61 62 65 66 67 68 69 71 72 73 74 75 76 82 83 84 85 88 89 92 93 95 96 97 99 100 101 104 105 106 107 108 109 110 112 113 114 115 116 117 118 119 121 122 123 124 125 126 128 129 130 131 132 133 134 136 137 138 140 141 142 143 144 145 147 152 153 154 155 159 160 164 165 166 167 168 171 172 173 178 179 180 181 185 186 190 192 193 197 198 199 200 203 204 205 207 208 209 210 212 213 214 215 216 219 220 221 222 223 224 226 227 228 229 230 231 234 235 236 237 238 239 241 242 243 246 247 248 249 250 251 252 253 255 256 257 258 260 261 262 263 264 265 267 268 269 270 271 273 275 277 278 279 280 284 286 287 288 290 291 294 298 301 302 303 305 306 307 309 310 312 313 314 317 318 320 321 325 326 327 328 330 333 334 337 338 339 340 341 344 346 348 349 350 351 352 353 354 355 356 357 358 359 361 362 363 364 366 368 369 370 373 374 375 376 377 379 380 381 382 383 387 389 390 392 0
1 4 5 10 12 13 15 16 17 20 21 23 27 28 32 34 35 37 38 39 40 41 42 43 44 46 49 50 51 52 53 54 55 56 57 58 59 60 63 64 65 66 67 68 69 70 71 72 73 74 76 77 78 79 80 81 82 83 86 87 91 92 93 94 95 96 104 105 106 108 109 111 112 113 115 116 117 118 119 120 121 122 123 124 125 130 131 132 133 134 135 136 138 139 140 141 142 143 144 145 150 151 152 154 155 156 159 160 161 163 164 165 166 167 168 169 171 172 173 178 179 180 181 182 183 184 185 186 187 188 190 192 193 194 195 197 198 203 204 206 207 208 209 211 212 213 214 215 217 218 219 220 221 223 225 226 227 228 229 230 231 232 233 234 235 236 237 239 240 241 242 243 246 247 252 254 255 256 257 258 259 261 262 263 264 265 266 267 269 270 271 272 273 274 276 277 278 279 280 281 282 283 284 285 286 287 288 289 292 293 294 298 299 301 302 304 305 306 310 311 312 313 315 316 317 318 319 320 322 323 324 325 326 327 328 332 333 334 340 341 343 344 345 346 347 348 349 350 351 352 353 355 356 357 358 359 360 361 363 364 365 366 367 368 369 370 371 372 373 374 375 376 377 378 379 381 382 383 384 385 386 387 388 389 390 391 392 0
2 4 6 7 11 12 14 15 17 18 19 21 24 28 29 30 32 33 34 35 36 37 39 40 41 42 44 45 46 47 49 50 51 52 56 58 59 61 62 63 64 65 66 67 68 69 70 71 72 73 74 76 79 81 82 84 85 86 87 88 89 90 92 94 95 96 101 105 109 110 111 112 117 118 119 121 124 126 127 130 131 132 133 137 141 143 0
1 6 7 8 9 11 14 16 20 24 26 27 28 29 30 0

98
1 2 3 4 5 6 7 8 9 10 11 12 13 14 15 16 17 18 19 20 21 22 23 24 25 26 27 28 29 30 31 32 33 34 35 36 37 38 39 40 41 42 43 44 45 46 47 49 50 51 52 53 55 56 57 58 59 60 61 62 63 64 65 66 67 68 69 70 71 72 73 74 76 77 78 79 80 81 82 83 84 85 86 87 88 89 90 91 92 93 94 95 96 97 98 99 100 101 102 103 104 105 106 107 108 109 110 111 112 113 114 115 116 117 118 119 120 121 122 123 124 125 126 127 128 129 130 131 132 133 134 135 136 137 138 139 140 141 142 143 144 145 146 147 148 149 150 151 152 153 154 155 156 157 158 159 160 161 162 163 164 165 166 167 168 169 170 171 172 173 174 176 177 178 179 180 181 182 183 184 185 186 187 188 189 190 191 192 193 194 195 196 197 198 199 200 201 202 203 204 205 206 207 208 209 210 211 212 213 214 215 216 217 218 219 220 221 222 223 224 225 226 227 228 229 230 231 232 233 234 236 237 238 239 240 241 242 243 244 245 246 247 248 249 250 251 252 253 254 255 256 257 258 259 260 261 262 263 264 265 266 267 268 269 270 271 272 273 275 276 277 278 279 280 281 282 283 284 285 286 287 288 289 290 291 292 293 294 295 296 297 298 299 300 301 302 303 304 305 306 307 308 309 310 311 312 313 314 315 316 317 318 319 320 321 322 323 324 325 326 327 328 329 330 331 332 333 334 335 336 337 338 339 340 341 342 343 344 345 346 347 348 349 350 351 352 353 354 355 356 357 358 359 360 361 362 363 364 365 366 367 368 369 370 371 372 373 374 375 376 377 378 379 380 381 382 383 384 385 386 387 388 389 390 391 392 393 394 395 396 397 398 399 400 401 402 403 404 405 406 407 408 409 410 411 412 413 414 415 416 417 418 419 420 421 422 423 424 425 426 427 428 429 430 431 432 433 434 435 436 437 438 439 440 441 442 443 444 445 446 447 448 449 450 451 452 453 454 455 456 457 458 459 460 461 462 463 464 465 466 467 468 469 470 471 472 473 474 475 476 477 478 479 480 481 482 483 484 485 486 487 488 489 490 491 492 493 494 495 496 497 498 499 500 501 502 503 504 505 506 507 508 509 510 511 512 513 514 515 516 517 518 519 520 521 522 523 524 525 526 527 528 529 530 531 532 533 534 535 536 537 538 539 540 541 542 543 544 545 546 547 548 549 550 551 552 553 554 556 557 558 559 560 561 562 563 564 565 566 567 569 570 571 572 573 574 575 576 577 578 579 580 581 582 583 584 585 586 587 588 592 602 603 606 607 608 609 610 611 612 613 614 615 616 617 618 619 620 621 622 623 626 627 628 629 630 631 633 635 636 637 638 639 640 641 642 643 644 645 646 647 648 649 650 651 652 653 654 655 656 657 658 659 661 662 663 664 665 666 667 668 670 671 672 673 674 675 676 677 678 679 680 681 682 683 684 685 686 687 688 689 690 691 692 693 694 695 697 698 699 700 701 702 703 704 705 706 707 708 709 711 712 713 714 715 716 717 718 719 721 722 723 724 725 726 727 728 729 730 732 733 734 735 736 737 743 744 745 746 747 748 749 751 756 757 758 759 760 761 762 763 764 766 767 768 769 770 771 772 773 774 775 776 777 778 779 780 781 782 783 784 0
1 14 15 17 18 19 20 21 22 23 24 25 26 27 28 29 33 35 36 37 38 39 40 43 45 46 47 48 49 50 51 52 53 54 55 56 57 58 59 60 61 62 63 65 66 67 68 69 70 71 72 73 74 75 76 77 78 79 80 81 82 83 84 85 86 87 88 89 90 91 92 93 94 95 96 97 98 99 100 101 102 103 104 105 106 107 108 109 110 111 112 113 114 115 116 117 118 119 120 121 122 123 124 125 126 127 128 129 130 131 132 133 134 135 136 137 138 139 140 141 142 143 144 145 146 147 148 149 150 151 155 156 157 158 159 160 161 162 163 167 169 170 171 172 173 174 179 180 183 184 185 186 187 188 189 190 191 192 193 194 195 196 203 204 205 209 210 215 216 217 218 221 222 223 224 228 229 230 231 232 233 234 235 236 237 238 242 243 245 246 247 248 249 250 252 258 259 260 261 262 263 264 265 266 269 270 271 272 273 274 275 276 277 278 279 280 282 283 284 285 286 287 288 289 290 291 292 293 294 296 297 298 299 300 301 302 303 304 305 306 307 308 310 311 312 313 315 316 317 318 319 320 321 322 324 325 326 327 328 329 330 331 332 333 334 335 336 337 338 339 341 342 343 344 345 346 350 352 353 354 355 356 357 358 359 360 364 366 367 369 370 371 372 373 377 378 379 380 381 382 383 384 385 386 387 388 389 390 391 392 393 394 395 396 397 398 399 400 401 402 403 404 405 406 407 408 409 410 411 413 414 415 416 417 418 420 421 422 423 426 427 428 429 431 432 435 436 437 438 439 440 441 442 443 444 445 446 447 449 450 453 454 455 456 457 458 459 462 463 464 465 467 469 470 471 473 474 475 476 477 478 479 480 481 482 483 484 485 486 487 488 489 490 491 493 495 496 497 498 499 500 501 502 503 505 506 507 508 509 510 511 512 513 514 515 516 517 519 520 521 523 524 525 526 527 529 530 531 532 533 534 535 536 537 538 539 540 541 542 543 544 545 547 548 549 550 551 552 553 554 555 556 557 558 559 562 563 564 565 566 567 568 569 570 571 572 574 578 579 580 581 582 583 584 585 586 587 588 589 590 591 592 593 594 595 596 597 598 599 600 601 602 604 605 606 607 608 609 610 616 618 619 620 623 624 625 626 627 628 629 630 632 633 635 637 638 639 640 641 643 644 646 647 649 650 651 652 653 654 655 656 657 658 660 661 662 663 664 665 666 667 668 669 670 671 672 674 675 676 677 678 679 680 681 682 683 684 685 686 688 689 690 691 692 693 694 695 696 697 700 701 702 704 705 706 707 708 709 710 711 712 713 714 715 716 717 718 719 720 721 722 724 725 728 730 731 732 733 734 736 739 740 741 742 743 744 745 746 747 748 749 750 751 753 754 755 756 758 759 760 761 762 763 766 767 768 769 770 771 772 773 774 775 776 777 778 784 0
1 2 3 4 5 6 7 8 9 11 12 13 15 16 17 18 19 20 21 22 24 25 26 27 28 29 30 31 32 33 34 35 36 37 38 40 41 42 43 44 45 46 47 53 54 55 56 59 60 61 62 63 66 67 68 69 70 71 73 74 75 76 77 78 80 81 82 83 84 85 86 87 88 89 93 94 95 96 97 99 100 101 104 105 108 109 110 111 112 115 116 117 118 119 121 122 123 124 125 126 128 129 130 131 132 133 134 135 136 137 138 140 141 142 143 144 145 147 150 154 157 158 159 160 161 163 164 165 166 167 168 170 171 172 173 174 175 176 177 178 179 180 181 183 184 185 186 190 191 192 193 197 198 199 201 202 203 205 206 207 208 209 210 212 213 214 215 216 217 219 220 221 222 223 225 226 227 228 229 230 232 233 234 235 236 237 239 240 242 243 244 245 246 247 249 250 251 252 255 256 257 258 259 260 262 264 265 266 269 270 271 273 274 276 277 278 279 281 282 284 285 286 288 289 290 291 292 294 297 298 299 301 304 305 306 310 311 312 314 315 317 318 319 321 325 326 327 329 330 331 332 333 334 337 338 339 340 341 349 350 352 353 354 355 356 357 359 360 361 362 363 364 365 366 367 368 369 370 371 373 374 375 376 377 379 380 381 382 383 386 387 388 389 390 392 0
2 4 5 7 9 10 11 12 13 14 15 16 17 18 19 20 21 23 24 25 26 28 29 30 32 33 34 36 37 38 43 44 45 46 47 48 49 50 51 52 53 54 55 56 57 58 60 61 62 63 64 65 66 67 68 69 70 71 72 73 74 75 76 77 78 79 80 81 82 84 85 86 87 88 92 93 94 95 99 103 104 105 107 108 109 110 111 112 114 116 118 119 121 122 123 124 125 126 128 130 132 133 134 135 136 137 138 139 140 141 142 143 144 145 146 149 150 151 152 153 154 155 156 158 159 160 161 162 163 164 165 166 167 168 169 170 171 172 174 175 176 177 178 179 180 181 182 183 184 185 187 188 190 191 193 194 195 196 197 198 199 201 202 203 204 205 206 207 208 209 210 211 213 214 215 216 217 218 220 222 223 224 225 227 228 229 232 233 234 236 237 239 240 241 242 243 244 246 247 248 249 250 251 252 253 255 256 257 259 260 261 262 263 264 265 266 267 268 269 273 274 275 276 278 279 280 281 282 283 284 286 287 288 289 290 291 294 295 296 298 299 300 301 302 304 305 306 307 308 310 311 312 313 314 315 317 318 319 320 322 324 326 327 328 329 331 332 333 334 335 336 337 338 339 340 341 342 343 344 345 346 347 349 350 351 352 353 354 355 356 357 358 359 360 361 362 363 364 365 367 368 369 370 371 372 373 374 376 377 378 379 380 381 383 384 385 386 387 388 389 390 391 392 0
1 2 3 4 5 6 7 8 9 10 11 12 14 15 16 19 20 21 23 24 25 26 27 28 29 31 32 33 34 35 36 37 38 39 40 43 45 46 50 52 53 55 56 57 58 59 61 62 63 65 66 67 68 69 70 71 73 74 75 76 77 78 79 80 81 82 83 84 85 86 87 89 90 91 92 93 95 97 98 99 100 101 102 104 105 106 107 108 109 110 111 112 113 114 116 117 119 120 121 122 123 124 125 126 127 128 129 130 131 133 134 137 138 139 140 141 142 143 144 0
1 2 4 5 8 9 10 12 13 15 17 19 21 23 24 25 26 27 28 29 30 32 0

99
1 2 3 4 5 6 7 8 9 10 11 12 13 14 15 16 17 18 19 20 21 22 23 24 25 26 27 28 29 30 31 32 33 34 35 36 37 38 39 40 41 42 43 44 45 46 47 48 49 50 51 52 53 54 55 56 57 58 59 60 61 62 63 64 65 66 67 68 69 70 71 72 73 74 75 76 77 78 79 80 81 82 83 84 85 86 87 88 89 90 91 92 93 94 95 96 97 98 99 100 101 102 103 104 105 106 107 108 109 110 111 112 113 114 115 116 117 118 119 120 121 122 123 124 125 126 127 128 129 130 131 132 133 134 135 136 137 138 139 140 141 142 143 144 145 146 147 149 150 151 152 153 154 155 156 157 158 159 160 161 162 163 164 165 166 167 168 169 170 171 172 174 175 176 177 178 179 180 181 182 183 184 185 186 187 188 189 190 191 192 193 194 195 196 197 198 199 200 201 202 203 204 205 206 207 208 209 210 211 212 213 214 215 216 217 218 219 220 221 222 223 224 225 226 227 228 229 230 231 233 234 235 236 237 238 239 240 241 242 243 244 245 246 247 248 249 250 251 252 253 254 255 256 257 258 259 260 261 262 263 264 265 266 267 268 269 270 271 272 273 274 275 276 277 278 279 280 281 282 283 284 286 287 288 289 290 291 292 293 294 295 296 297 298 299 300 301 302 303 304 306 307 308 309 310 311 312 313 314 315 316 317 318 319 320 321 322 323 324 325 326 327 328 329 330 331 332 333 334 335 336 337 338 339 340 341 344 345 346 347 348 349 350 351 352 353 354 355 356 357 358 359 360 361 362 363 364 365 366 367 368 369 370 371 372 373 374 375 376 377 378 379 380 381 382 383 384 385 386 387 388 389 390 391 392 393 394 395 396 397 398 399 400 401 402 403 404 405 406 407 408 409 410 411 412 413 414 415 416 417 418 419 420 421 422 423 424 425 426 427 428 429 430 431 432 433 434 435 436 437 438 439 440 441 442 443 444 445 446 447 448 449 450 451 452 453 454 455 456 457 458 459 460 461 462 463 464 465 466 468 469 470 471 472 473 474 475 476 477 478 479 480 481 482 483 484 485 486 487 488 489 490 491 492 493 494 495 496 497 498 499 500 501 502 503 504 505 506 507 508 509 510 511 512 513 514 515 516 517 518 519 520 521 522 523 524 525 526 527 528 529 530 531 532 533 534 535 536 537 538 539 540 541 542 543 544 545 546 547 548 549 550 551 552 553 554 555 556 557 558 559 560 561 562 563 564 565 566 567 568 569 570 571 572 573 574 575 576 577 578 579 580 581 582 583 584 585 586 587 588 589 590 591 592 593 601 602 603 604 606 607 608 609 610 611 612 613 614 615 616 617 618 619 620 621 622 623 624 625 626 627 628 629 630 631 632 633 635 636 638 639 640 642 643 644 645 646 647 649 650 651 652 653 654 655 656 657 658 659 660 662 663 665 666 667 673 674 675 676 677 678 679 680 681 682 683 684 687 688 689 690 691 692 693 694 695 696 698 699 701 704 705 706 708 709 710 711 712 713 714 721 723 724 725 726 727 728 729 730 733 734 735 736 737 738 740 741 742 743 744 745 746 747 748 749 750 751 752 753 754 755 756 757 758 759 760 761 762 763 764 765 766 769 772 773 774 776 777 778 779 780 781 782 783 784 0
1 14 15 16 17 18 19 20 21 22 23 24 25 26 27 28 29 30 31 32 33 34 35 36 37 39 40 41 42 43 44 45 47 48 49 50 51 52 54 55 56 57 58 59 60 61 62 63 64 65 66 68 69 71 72 73 76 77 78 79 80 85 86 87 90 91 92 93 94 95 96 99 100 101 102 103 104 105 106 107 108 109 113 114 120 121 122 123 124 125 127 128 133 134 135 136 137 138 139 141 142 145 146 147 148 149 150 151 152 153 154 155 156 159 160 161 162 163 164 166 167 168 169 170 173 174 175 176 178 179 180 181 182 183 184 185 186 187 188 189 190 191 192 193 194 195 196 198 199 200 201 202 205 206 207 208 209 210 212 213 214 215 216 218 219 221 222 223 224 225 226 227 228 229 230 231 232 233 236 237 238 240 241 242 243 244 245 246 247 248 250 251 252 253 254 255 256 257 258 259 260 261 262 263 266 268 272 273 274 275 276 280 282 286 287 288 289 290 294 296 297 300 301 302 303 304 305 308 310 315 317 318 319 321 322 326 327 328 331 332 333 335 336 338 340 341 342 343 344 345 346 347 348 349 350 352 355 356 357 358 359 360 361 362 363 364 366 369 370 371 372 373 374 375 376 377 378 379 380 381 382 383 384 385 386 387 388 389 390 391 392 393 394 395 396 397 398 399 400 401 402 403 404 405 406 407 408 409 411 412 413 414 415 416 417 418 419 420 421 424 425 426 427 428 429 430 431 432 434 435 436 439 440 441 442 443 444 445 446 447 449 451 452 453 454 455 456 457 458 459 460 461 463 464 466 467 468 469 470 471 472 474 475 477 478 479 481 482 483 484 485 486 487 488 489 491 492 494 495 496 497 499 500 501 502 503 505 507 508 509 510 511 512 514 515 516 517 520 521 523 526 527 528 532 533 535 537 538 539 540 541 542 543 544 545 547 548 549 551 552 553 554 555 556 560 561 562 563 564 565 566 567 568 569 570 571 572 573 575 576 577 578 579 580 581 582 583 584 585 586 587 588 589 590 591 592 593 594 595 596 597 598 599 600 601 602 604 605 607 608 609 614 615 616 617 618 620 621 622 623 624 627 630 631 632 634 635 636 637 638 639 640 641 642 643 644 645 646 647 648 649 650 651 652 653 654 655 656 657 658 660 661 662 664 665 666 667 668 669 670 671 672 673 674 675 676 678 679 680 681 682 685 686 688 689 690 691 692 693 694 695 696 697 699 700 701 703 704 705 706 708 709 710 711 712 713 714 716 717 719 720 722 723 724 725 726 727 728 730 731 737 738 739 740 741 742 744 745 747 748 749 750 751 752 754 756 757 758 759 760 761 762 763 764 766 767 768 769 770 776 777 778 779 780 781 782 783 784 0
1 2 3 5 6 7 8 9 10 11 12 13 14 15 16 17 18 19 20 21 22 23 24 25 26 27 29 30 34 36 37 39 40 41 43 44 45 47 48 52 53 54 57 58 59 60 61 62 63 64 67 68 69 71 73 74 75 76 80 81 82 83 85 86 87 88 89 90 92 94 95 96 97 98 99 100 101 102 103 104 105 107 108 109 111 112 114 115 116 117 118 119 121 122 124 125 126 129 130 131 132 133 136 137 138 139 140 142 143 144 145 146 147 150 152 153 154 157 158 160 164 165 166 171 172 173 178 179 180 181 182 186 187 189 190 191 192 193 195 197 198 199 200 201 203 205 206 207 208 209 212 213 214 215 216 219 220 221 222 223 228 230 233 234 235 236 237 238 240 241 242 243 244 246 248 249 250 251 252 254 255 256 257 258 260 261 262 263 264 265 267 269 270 271 272 273 276 277 278 279 280 282 283 284 285 287 289 290 291 292 294 296 297 298 299 300 301 302 304 305 308 309 311 312 313 316 317 319 320 321 327 328 330 333 334 335 337 339 340 341 342 344 345 346 347 348 349 350 352 353 355 356 360 362 366 367 368 369 370 373 374 375 376 377 378 380 381 383 384 385 386 388 389 390 391 392 0
1 2 4 5 6 7 9 10 11 12 13 14 15 16 17 20 21 23 24 25 26 27 29 31 33 35 36 37 38 39 40 41 42 43 44 46 47 48 49 50 51 52 53 54 55 56 57 58 59 60 62 63 64 65 69 70 71 72 73 74 75 77 79 80 81 82 83 84 85 88 89 90 91 92 93 94 95 96 97 98 99 100 104 105 106 107 108 109 110 111 112 116 118 119 120 123 125 126 130 131 132 133 139 140 141 142 143 144 145 146 147 149 150 151 153 155 156 157 158 159 160 161 166 168 169 170 172 174 175 177 178 179 181 182 183 184 186 187 188 189 192 195 196 197 198 200 201 204 206 207 208 209 210 213 214 215 216 218 219 220 221 222 223 225 226 228 229 230 231 232 234 235 236 237 239 241 242 243 246 251 252 254 255 256 257 258 259 260 261 262 263 264 265 266 267 269 270 272 273 274 276 277 279 280 281 282 283 284 285 286 287 288 290 291 292 293 294 295 297 298 301 302 303 304 305 306 307 310 311 312 313 315 317 318 320 322 326 327 329 332 333 334 336 339 340 341 342 343 344 345 346 347 348 349 350 351 353 355 356 357 358 360 361 362 363 364 365 366 367 368 369 370 371 374 375 377 378 379 380 381 382 383 384 385 386 387 388 389 390 391 392 0
2 4 5 6 7 8 11 12 13 15 16 17 18 19 21 30 33 35 36 37 39 41 44 48 50 56 61 62 64 65 66 67 68 69 71 73 74 76 78 79 81 82 83 84 85 87 89 90 92 95 96 98 99 102 105 111 114 119 120 122 123 125 127 129 130 131 133 138 139 143 0
1 3 7 9 12 13 14 16 19 20 21 26 28 30 31 0

100
1 2 3 4 5 6 7 8 9 10 11 12 13 14 15 16 17 18 19 20 21 22 23 24 25 26 27 28 29 30 31 32 33 34 35 36 37 38 39 40 41 42 43 44 45 46 47 48 49 50 51 52 53 54 55 56 57 58 59 60 61 62 63 64 65 66 67 68 69 70 71 72 73 74 75 76 77 78 79 80 81 82 83 84 85 86 87 88 89 90 91 92 93 94 95 96 97 98 99 100 101 102 103 104 105 106 107 108 109 110 111 112 113 114 115 116 117 118 119 120 121 122 123 124 125 126 127 128 129 130 131 132 133 135 136 137 138 139 140 141 142 143 144 145 146 147 148 149 150 151 152 153 154 155 156 157 158 159 160 161 162 163 164 165 166 167 168 169 170 171 172 173 174 175 176 177 178 179 180 181 182 183 184 185 186 187 188 189 190 191 192 193 194 195 196 197 198 199 200 201 202 203 204 205 206 207 208 209 210 211 212 213 214 215 216 217 218 219 220 221 222 223 224 225 226 227 228 229 230 231 232 233 234 235 236 237 238 239 240 241 242 243 244 245 246 247 248 249 250 251 252 253 254 255 256 257 258 259 260 261 262 263 264 265 266 267 268 269 270 271 272 273 274 275 276 277 278 279 280 281 282 283 284 285 286 287 288 289 290 291 292 293 294 295 296 297 298 299 300 301 302 303 304 305 306 307 308 309 310 311 312 313 314 315 316 317 318 319 320 321 322 323 324 325 326 327 328 329 330 331 332 333 334 335 336 337 338 339 340 342 343 344 345 346 347 348 349 350 351 352 353 354 355 356 357 358 359 360 361 362 363 364 365 366 367 368 369 370 371 372 373 374 375 376 377 378 379 380 381 382 383 384 385 386 387 388 389 390 391 392 393 394 395 396 397 398 399 400 401 402 403 404 405 406 407 408 409 410 411 412 413 414 415 416 417 418 419 420 421 422 423 424 425 426 427 428 429 430 431 432 433 434 435 436 437 438 439 440 441 442 443 444 445 446 447 448 449 450 451 452 453 454 455 456 457 458 459 460 461 462 463 464 465 466 467 468 469 470 471 472 473 474 475 476 477 478 479 480 481 482 483 485 487 488 489 490 491 492 493 494 495 496 497 498 499 500 501 502 503 504 505 506 507 508 509 510 511 512 513 514 515 516 517 518 519 520 521 522 523 524 525 526 527 528 529 530 531 532 533 534 535 536 537 539 540 541 542 543 544 545 546 547 548 549 550 551 552 553 554 555 556 557 558 559 560 561 562 563 564 565 566 567 568 569 570 571 572 573 574 575 576 577 578 579 580 581 582 583 584 585 586 587 588 593 594 595 596 599 600 601 602 603 604 605 606 607 608 609 610 611 612 615 616 617 620 621 622 623 624 625 626 627 628 629 631 632 638 639 640 642 643 644 645 646 647 648 649 652 653 654 655 659 660 661 662 663 664 666 667 668 669 672 673 674 675 676 679 680 681 682 683 684 685 686 687 688 689 690 692 693 694 695 696 697 698 699 701 702 703 704 705 706 707 708 709 710 711 714 715 716 717 718 719 720 721 722 723 724 725 727 728 729 730 731 732 733 734 735 736 737 738 739 740 741 742 743 744 745 746 747 748 749 750 752 753 754 755 756 757 758 759 760 761 762 764 765 766 767 768 769 770 771 772 773 774 775 777 778 779 780 781 782 783 784 0
1 5 6 7 13 14 15 16 17 18 19 20 21 22 23 24 25 26 27 28 29 30 31 32 33 34 35 36 37 38 39 40 41 42 43 44 45 48 50 51 52 53 54 55 56 57 58 59 64 65 66 67 68 69 71 72 73 78 79 80 81 82 83 85 86 87 88 91 92 93 94 96 97 99 100 101 102 105 106 107 108 113 114 115 116 117 118 119 120 121 127 128 129 130 132 133 134 135 136 137 141 142 143 144 145 146 147 148 150 151 155 156 157 158 159 160 161 163 164 165 166 167 169 170 171 172 173 174 176 177 178 179 180 181 183 184 185 186 187 188 189 190 191 192 193 194 195 196 200 201 202 203 204 205 206 207 208 209 210 214 215 216 217 218 219 220 222 223 224 226 228 229 230 231 232 233 236 237 238 240 245 246 247 248 249 250 251 252 254 260 261 262 263 266 268 269 270 275 276 277 280 281 282 283 284 287 288 289 290 294 295 296 297 298 302 303 304 308 309 310 311 312 313 314 316 317 318 319 322 323 324 325 326 327 328 329 330 331 333 334 336 337 338 339 340 341 342 343 344 345 346 347 350 351 352 353 354 355 356 357 358 360 361 362 363 364 366 367 369 370 371 373 374 375 376 377 378 379 380 381 382 383 384 385 386 387 388 389 390 391 392 393 394 395 396 397 398 399 400 401 402 403 404 405 406 407 408 409 410 411 412 413 414 415 416 417 418 420 421 423 424 425 426 428 429 430 431 432 433 435 436 437 438 439 440 441 442 443 444 447 448 449 450 451 452 453 454 456 459 460 461 463 464 465 466 467 470 471 472 473 474 475 477 481 483 484 485 487 488 489 490 491 495 496 497 498 499 500 501 502 503 505 506 507 508 511 512 514 515 516 517 519 522 523 524 525 526 527 530 531 533 534 536 537 538 539 540 541 545 547 548 549 550 551 552 553 555 556 557 559 561 562 563 564 565 566 568 569 574 575 576 577 578 579 581 582 583 584 585 586 587 589 590 591 592 593 594 595 596 597 598 599 600 601 602 604 605 606 610 611 612 613 614 616 618 619 620 621 622 623 624 625 626 629 630 632 633 634 635 637 638 639 640 641 643 644 646 647 648 649 650 651 652 653 654 656 657 658 660 661 662 663 665 666 667 668 670 671 672 673 674 675 676 677 679 680 681 682 683 684 685 686 687 689 690 692 693 694 695 697 698 699 700 701 702 703 704 706 707 708 709 710 711 712 713 714 715 716 717 720 721 722 723 725 726 727 728 729 732 733 734 735 736 737 739 740 741 742 743 744 746 747 748 750 751 752 753 754 755 756 757 758 759 760 761 762 763 765 766 767 768 769 770 773 776 779 780 781 782 784 0
1 2 3 4 5 6 7 8 10 11 12 13 15 18 19 20 21 22 23 24 25 26 27 29 30 32 33 34 36 38 39 40 41 43 44 46 47 48 49 54 55 57 60 61 62 64 68 69 71 72 75 76 78 79 81 82 86 87 88 89 90 92 93 95 96 97 99 100 101 102 103 104 105 107 109 111 112 113 114 116 117 118 119 120 122 123 124 125 126 127 128 129 130 131 133 134 135 136 137 138 139 140 141 142 144 145 146 147 150 151 154 158 159 165 166 168 169 171 172 173 176 178 179 183 185 186 187 190 191 192 195 196 197 200 203 205 206 207 208 209 210 213 214 215 216 220 221 222 223 227 228 229 231 232 233 234 235 236 238 240 242 243 244 245 247 248 250 251 254 255 257 258 265 267 269 270 274 275 276 280 281 282 283 284 287 288 289 290 291 292 294 297 298 299 301 302 306 307 309 310 313 314 316 317 319 320 321 323 324 326 327 330 331 333 334 335 337 338 339 340 341 342 343 345 346 347 350 352 353 354 355 359 360 361 362 363 366 367 368 369 370 372 373 374 375 376 380 381 382 383 384 387 388 389 390 392 0
3 5 6 10 11 12 13 14 17 18 19 20 22 23 24 25 27 28 29 30 31 32 35 36 37 38 39 42 43 44 45 46 47 48 49 51 52 53 54 56 58 59 60 61 63 64 65 67 68 69 70 71 72 75 77 78 81 83 86 87 88 89 90 92 93 95 96 99 104 105 108 109 110 111 112 114 115 116 118 119 121 122 123 125 126 127 128 129 130 131 133 134 135 136 137 139 140 141 142 143 144 145 147 150 151 152 155 157 158 159 160 161 162 165 168 169 171 172 173 174 175 178 181 182 183 184 186 187 188 189 190 191 192 193 194 195 197 198 200 201 204 206 207 210 211 213 214 215 216 217 218 220 222 223 225 226 227 228 229 230 232 233 235 236 237 239 241 242 243 246 247 248 249 250 251 252 253 254 255 256 257 258 259 260 261 262 263 264 265 266 267 269 270 271 273 274 278 279 280 281 283 284 287 288 289 290 291 292 293 294 295 298 299 302 305 306 308 309 312 313 314 315 319 320 323 325 326 327 329 330 331 332 333 337 339 340 341 343 344 345 346 347 348 349 350 351 353 354 355 356 357 358 359 361 362 363 364 366 367 368 369 370 371 372 373 374 376 377 378 379 380 382 383 385 386 387 388 389 390 392 0
1 2 3 4 5 6 7 8 9 11 12 13 14 15 16 17 18 19 20 21 23 24 25 28 29 30 31 32 33 35 36 38 39 40 42 43 44 46 47 48 50 51 52 53 55 56 57 58 59 60 61 62 66 67 68 70 71 73 74 75 76 77 79 81 82 83 84 85 86 89 90 92 93 94 97 99 100 101 102 106 107 111 113 114 116 117 121 125 126 127 128 129 130 132 133 134 135 137 138 140 141 143 0
1 3 8 10 12 16 17 20 21 22 25 28 29 31 0

