1
1 2 3 4 5 6 7 8 9 10 11 12 13 14 15 16 18 21 22 23 24 25 26 27 28 29 30 31 32 33 34 35 36 37 38 39 42 43 44 45 46 47 48 49 50 51 52 53 54 55 56 58 59 60 61 62 63 64 65 66 67 68 69 70 71 72 73 74 75 76 77 78 79 80 82 83 85 86 87 88 89 90 91 92 93 95 96 98 99 100 101 102 103 104 105 108 111 112 114 116 117 118 119 120 121 122 123 124 126 127 128 129 130 132 133 134 136 140 141 142 143 144 145 146 147 149 150 151 152 154 155 157 158 159 160 161 162 163 164 165 166 167 168 169 170 171 172 173 174 175 176 177 178 179 180 182 183 185 186 187 188 189 190 191 192 193 194 195 196 197 198 199 202 204 205 206 207 208 210 211 212 214 215 218 219 220 221 222 223 224 226 227 228 229 230 231 232 233 234 235 236 237 238 239 240 241 242 243 244 245 246 247 248 249 250 251 252 253 254 255 256 257 258 259 260 261 262 263 264 265 266 267 268 269 270 271 272 273 274 277 278 279 280 281 282 283 284 285 286 287 288 289 290 291 292 293 294 295 296 297 298 299 300 302 303 304 305 306 307 308 309 310 311 312 313 314 315 316 319 320 321 322 323 324 325 326 327 328 332 333 336 337 338 339 340 341 342 343 344 345 346 347 348 350 351 352 353 354 355 356 357 358 359 360 361 362 363 364 365 366 368 369 370 371 372 373 374 375 376 377 380 381 382 383 384 385 386 387 388 389 390 391 392 393 394 395 396 397 398 399 400 401 402 403 404 405 406 407 408 409 410 411 412 413 415 416 417 418 419 420 421 422 423 424 425 426 427 428 429 430 431 432 433 434 435 436 437 438 439 440 441 442 443 444 445 446 447 448 449 451 452 453 455 456 457 458 459 460 461 462 463 464 465 466 467 468 470 471 472 473 474 475 476 477 478 479 480 481 482 483 484 485 486 487 488 489 490 491 493 494 495 496 497 498 499 500 501 502 503 504 505 506 507 508 509 510 511 512 513 514 515 516 517 518 519 520 521 522 523 524 525 526 527 528 529 530 532 533 534 535 536 537 538 539 540 541 542 543 544 545 546 547 548 549 550 551 553 554 555 557 558 559 560 561 562 563 564 565 566 567 570 571 572 573 574 575 576 578 579 580 581 582 583 584 585 586 587 588 589 590 591 592 594 595 597 598 599 600 601 602 603 604 605 606 607 608 610 611 612 613 614 615 616 618 619 620 621 622 623 624 626 628 629 630 631 632 636 637 638 639 640 641 642 643 644 645 646 647 648 651 652 653 654 655 656 657 658 659 660 661 662 663 664 665 666 667 668 669 670 671 672 673 674 675 676 677 678 679 680 681 682 683 684 685 686 688 689 690 691 692 693 694 696 697 698 699 700 701 702 703 704 705 706 707 708 709 710 711 713 714 715 716 717 719 720 722 723 724 725 726 728 731 732 733 734 735 736 738 739 740 741 742 743 744 745 748 749 750 751 752 754 755 756 757 758 759 760 761 762 763 764 765 766 767 768 769 770 771 772 773 774 775 776 777 778 779 780 781 782 783 784 788 789 790 793 794 797 798 799 800 804 805 806 807 808 809 810 811 812 813 814 815 816 818 819 820 821 822 823 824 825 826 827 828 829 830 831 832 833 834 835 836 837 839 840 841 842 843 844 845 846 847 848 849 850 851 852 854 855 857 858 859 860 861 862 863 864 865 867 868 870 871 872 873 874 875 876 877 878 879 881 883 884 886 888 892 893 894 897 899 901 902 903 904 906 907 908 909 910 912 913 914 915 916 917 918 919 920 921 922 923 924 925 926 929 930 931 933 934 935 936 937 938 939 940 941 942 943 944 946 947 948 949 950 951 952 953 954 955 956 957 958 959 960 961 962 963 964 965 967 968 969 970 971 972 973 974 975 976 977 978 979 980 981 982 983 984 985 986 987 988 989 990 991 992 993 994 995 996 997 998 999 1000 1001 1002 1003 1004 1005 1006 1007 1008 1009 1010 1011 1012 1013 1014 1015 1016 1017 1018 1019 1020 1021 1022 1023 1024 0
1 2 4 5 6 7 10 12 14 15 19 20 22 23 26 27 29 30 31 32 33 34 35 36 39 40 41 43 45 47 49 50 51 56 58 61 62 65 66 67 68 69 70 71 72 73 74 75 76 77 78 80 81 82 83 84 85 86 87 88 89 90 92 93 94 96 97 98 99 100 101 104 105 106 108 109 110 111 112 114 115 116 117 118 119 120 121 122 123 124 125 126 127 128 129 130 131 132 133 135 136 137 139 140 141 142 143 144 146 147 148 149 150 151 152 153 154 155 156 157 158 160 161 162 163 164 165 166 167 168 170 171 172 174 175 177 178 180 181 182 183 185 186 187 189 190 192 193 194 196 198 199 202 203 204 205 206 208 209 210 213 216 217 218 219 220 221 222 223 224 225 227 228 229 230 231 232 234 235 237 238 239 240 241 243 245 246 248 249 250 251 253 254 255 256 0
1 2 3 4 5 7 8 11 12 13 14 15 16 19 20 21 22 23 24 25 26 27 28 29 31 32 34 36 37 38 40 41 42 43 46 48 49 50 52 53 54 59 60 61 62 63 65 68 70 71 72 73 76 77 78 80 82 83 84 86 87 89 90 91 92 93 94 95 96 98 99 101 102 103 104 106 107 108 109 110 111 112 114 116 117 119 121 123 124 125 126 127 128 129 130 132 134 135 136 137 138 139 140 141 142 143 144 145 146 147 148 149 151 152 153 154 155 156 157 158 162 163 164 166 167 168 169 170 171 172 174 175 177 179 180 181 182 183 184 185 186 187 188 189 190 191 192 193 194 197 198 199 202 203 204 205 207 208 209 210 211 213 215 216 217 218 219 220 222 223 226 227 228 229 230 231 232 235 236 237 238 239 240 242 245 246 247 248 250 253 254 255 256 257 258 261 262 263 266 267 268 270 271 272 273 274 275 276 277 278 279 280 282 285 286 287 288 289 290 292 294 295 296 297 299 301 302 303 304 309 310 311 312 313 315 317 318 319 320 321 324 325 327 328 334 335 336 337 338 339 340 341 342 344 347 348 349 350 351 354 355 356 357 360 361 362 363 364 365 366 368 369 370 371 372 374 375 376 377 380 381 382 383 385 386 387 388 389 390 391 392 395 396 397 398 399 400 401 404 405 406 407 408 411 413 414 415 416 417 419 420 421 422 423 426 427 430 431 432 433 434 437 438 439 440 441 442 443 444 446 447 448 449 453 454 455 456 457 460 461 462 463 464 466 469 470 471 472 473 475 477 479 480 482 483 484 485 486 487 490 491 492 493 494 496 499 501 502 503 504 505 506 508 509 510 511 512 0
2 3 5 6 7 10 11 13 16 20 21 24 25 26 27 28 29 31 32 33 35 36 37 39 41 42 43 44 45 48 49 50 52 53 54 55 57 58 61 63 64 65 66 67 68 69 70 71 72 73 75 76 77 78 81 83 84 85 86 87 88 89 90 92 93 96 98 99 100 101 102 103 105 108 112 113 114 115 116 117 118 119 120 124 125 126 127 0
1 3 4 5 6 9 13 18 20 21 23 24 25 26 31 0

2
1 2 4 6 7 8 9 11 12 13 14 15 16 20 21 22 23 24 26 27 28 29 30 34 36 37 38 39 40 41 42 43 46 48 49 52 53 54 55 56 58 59 60 61 62 64 65 68 69 70 71 72 73 74 75 76 77 80 82 83 84 85 86 87 88 89 90 91 92 93 94 95 96 97 99 100 102 103 104 105 107 108 109 110 111 112 113 114 116 117 118 119 120 121 122 123 124 125 126 127 128 129 130 131 132 133 134 135 136 137 138 139 140 141 142 143 144 145 146 147 148 149 150 151 152 153 154 155 156 158 160 161 162 163 164 165 166 167 168 169 170 171 172 173 174 176 177 178 179 181 182 183 184 185 186 187 188 189 190 191 192 193 195 197 198 200 201 202 203 204 205 206 208 211 212 215 216 217 218 219 220 222 223 226 227 228 232 233 234 235 236 237 238 239 245 246 247 248 249 250 251 252 253 254 255 256 257 258 259 260 261 262 263 264 265 266 267 268 269 270 271 272 273 274 276 278 279 280 281 282 283 284 285 286 287 289 291 292 293 294 295 296 297 298 299 300 301 302 304 305 306 307 308 309 310 311 312 313 314 315 316 317 318 320 321 323 324 325 326 327 328 329 330 331 332 333 334 336 337 338 339 340 341 342 343 344 345 346 347 348 349 350 351 352 353 354 355 356 357 358 359 360 361 362 363 365 366 367 368 369 370 371 372 373 374 375 376 377 378 380 382 384 385 386 387 388 389 390 392 393 394 395 396 397 398 399 400 401 402 403 404 406 407 408 409 410 411 412 413 414 415 416 417 419 420 422 424 425 426 427 428 429 430 431 432 433 434 435 436 437 438 439 441 442 443 444 445 446 447 448 449 450 451 453 455 456 457 458 459 460 461 462 464 465 467 468 469 470 472 473 474 475 476 477 479 481 483 484 485 486 487 488 489 490 491 492 493 497 498 499 500 501 502 503 504 505 506 507 508 509 510 511 512 513 516 519 520 521 528 529 530 531 532 533 534 535 536 539 540 541 542 543 544 545 547 548 549 550 551 552 553 554 555 556 558 560 561 563 565 566 567 568 569 570 571 572 573 576 577 580 581 582 583 585 586 587 588 589 590 592 593 594 595 596 597 598 600 601 604 605 607 608 609 610 611 612 613 614 615 616 617 618 619 621 622 623 624 625 626 627 628 629 630 631 634 635 636 637 638 639 640 641 642 643 644 646 647 648 650 651 652 653 654 655 656 657 658 659 660 662 663 664 665 666 667 668 669 670 671 672 673 674 675 676 677 679 680 681 682 683 684 685 686 687 688 689 690 691 692 693 694 695 696 697 698 699 700 701 702 703 704 705 707 708 709 710 711 712 713 714 715 716 717 718 719 720 721 722 723 724 725 726 727 728 729 730 731 732 733 734 735 737 738 739 742 743 744 745 746 747 749 750 751 753 756 758 759 761 762 763 764 765 767 768 770 771 772 774 775 776 777 779 780 784 787 788 789 790 791 792 793 794 795 796 797 798 799 800 801 802 805 806 807 808 809 810 811 812 813 815 816 817 818 819 820 822 823 824 826 827 828 830 831 832 835 836 837 839 840 841 842 843 844 845 846 847 849 850 852 853 854 855 856 857 858 859 860 861 862 863 864 867 868 869 870 871 872 874 875 876 877 878 879 880 881 882 885 886 887 888 889 890 891 892 893 894 895 896 897 899 900 901 902 903 904 905 906 907 908 909 910 911 912 913 915 916 917 918 919 920 921 922 924 925 926 928 929 930 931 932 933 934 935 936 937 938 939 940 941 942 943 944 947 948 949 950 951 952 953 954 955 956 957 958 959 963 964 965 966 967 968 969 970 971 972 973 974 975 976 977 978 979 980 981 982 983 984 985 986 987 988 989 990 991 992 993 994 995 996 997 998 999 1000 1001 1002 1003 1004 1005 1007 1008 1009 1010 1011 1012 1013 1014 1015 1016 1017 1018 1019 1020 1021 1022 1023 1024 0
3 4 8 9 10 11 12 13 14 15 16 18 19 21 22 26 27 28 29 30 31 32 33 35 36 37 38 39 40 41 42 43 44 45 47 49 50 51 52 53 54 57 58 59 60 61 62 63 64 65 66 67 69 70 71 73 74 75 76 77 78 79 81 82 83 84 85 86 87 88 89 90 91 92 93 94 95 96 97 98 99 101 102 103 104 105 106 107 108 109 110 111 112 114 115 118 119 120 122 123 124 125 126 127 129 130 131 132 133 134 135 136 137 139 140 141 142 144 145 147 148 149 150 151 152 153 154 155 157 158 159 160 161 162 165 166 167 168 169 170 171 172 173 174 177 179 180 181 182 183 185 186 187 188 189 190 191 193 195 196 197 198 199 200 201 203 204 205 206 207 208 209 211 213 214 215 216 217 218 219 220 221 222 224 226 228 230 231 232 233 234 236 237 238 239 240 242 243 244 245 246 247 249 250 251 252 253 254 255 256 0
1 4 5 6 7 8 9 10 11 12 13 14 17 18 20 21 22 24 25 26 27 28 29 30 31 32 34 35 37 38 39 40 44 45 46 47 48 49 50 51 52 53 54 56 57 58 59 60 62 63 64 65 66 67 69 70 71 72 74 75 76 77 78 81 82 84 85 86 88 89 91 93 94 95 97 99 101 106 108 109 110 111 112 115 116 117 118 121 122 125 126 127 128 131 133 134 136 137 138 139 140 141 143 145 146 147 148 149 150 152 155 156 157 158 159 160 162 164 167 168 169 170 173 175 176 177 178 179 180 182 183 184 186 187 188 189 190 194 195 197 199 200 201 203 204 205 206 207 208 210 211 212 213 214 215 216 217 218 219 220 222 223 224 225 226 227 228 230 231 232 233 234 235 236 237 238 240 242 244 246 247 248 249 250 251 252 253 254 255 256 257 258 259 260 263 264 265 267 268 269 271 273 275 276 277 278 279 280 281 283 284 285 286 288 289 290 292 293 294 296 297 299 300 301 302 303 306 307 308 309 310 312 313 314 315 316 318 319 320 322 323 324 325 326 327 328 331 333 334 335 336 337 338 339 340 341 342 343 345 350 353 354 355 357 359 361 362 363 364 366 367 368 369 370 371 372 373 374 375 376 377 378 379 380 381 382 383 385 386 387 388 391 392 394 395 396 398 399 400 401 404 405 407 408 409 410 411 412 413 414 415 416 420 422 423 424 425 426 429 433 437 438 439 440 441 442 443 445 446 447 448 449 452 453 454 456 458 459 460 461 463 464 465 466 468 469 470 472 474 475 476 477 480 481 482 483 484 485 488 489 490 491 492 493 494 496 497 498 499 500 501 502 505 506 507 508 509 510 511 0
2 3 4 7 8 9 11 12 13 15 16 18 23 24 26 27 29 30 31 32 33 35 36 37 38 39 41 42 43 44 46 48 51 53 54 56 58 59 60 63 64 65 66 68 70 73 75 76 77 78 79 82 83 85 86 87 89 90 92 93 94 95 96 97 99 100 101 102 103 104 106 107 108 109 112 113 114 115 116 118 119 120 121 122 123 124 125 127 128 0
1 5 6 8 9 10 12 15 18 20 21 23 24 25 27 28 29 30 0

3
1 3 4 5 6 7 8 10 11 18 19 20 21 22 24 25 26 31 33 34 35 36 37 39 40 42 43 44 45 46 49 50 51 52 54 55 56 57 58 59 61 62 63 64 65 66 67 68 69 72 73 74 75 76 77 78 79 80 81 82 84 85 87 88 89 90 91 94 95 96 97 98 100 101 104 105 106 108 110 111 112 113 114 115 116 117 118 119 120 122 123 124 125 126 127 128 129 130 131 132 133 134 135 137 139 140 141 142 143 144 145 147 148 149 150 151 154 155 156 157 158 160 161 163 164 165 166 168 169 170 171 172 173 174 176 178 179 180 181 182 183 184 186 187 189 190 192 194 195 196 198 199 200 201 202 203 204 205 206 208 209 212 213 214 215 216 217 218 219 220 222 223 224 228 229 230 231 233 235 236 237 238 239 240 241 243 247 248 249 250 251 253 254 255 256 257 258 259 260 261 262 263 264 265 266 267 268 269 270 271 272 273 274 275 276 277 278 279 280 281 282 283 287 289 290 291 292 293 294 295 296 297 298 300 301 303 305 306 308 309 310 311 312 313 314 315 316 317 319 321 322 323 324 325 326 327 328 329 330 331 332 333 335 336 337 340 341 342 343 344 345 346 347 350 351 352 353 354 355 356 357 358 359 360 362 363 366 368 369 370 372 373 374 375 376 377 378 379 380 381 383 384 385 386 387 388 390 392 393 394 395 396 397 398 400 401 402 403 404 406 407 408 409 410 411 412 416 417 418 419 420 421 422 423 424 425 426 427 428 429 431 432 433 434 436 437 438 439 440 441 442 443 444 448 449 450 451 452 453 456 457 458 459 460 461 462 463 464 465 467 468 471 472 473 474 475 476 477 478 479 480 481 484 485 486 487 488 489 490 491 492 493 496 497 498 499 501 502 503 504 505 506 507 508 509 510 512 513 514 520 521 522 523 524 525 526 527 529 530 531 532 533 536 543 545 546 547 548 549 550 551 552 554 555 556 557 558 559 560 561 562 563 564 565 566 567 568 569 570 571 572 573 574 575 576 577 578 581 582 583 584 585 586 587 588 589 590 592 593 594 596 597 599 600 601 602 603 604 607 608 609 611 612 613 614 615 616 617 618 619 620 621 622 623 624 625 626 627 628 629 630 631 632 633 634 635 636 637 638 640 641 642 643 644 645 646 648 649 650 652 653 654 656 657 658 659 660 661 662 663 665 666 667 668 669 670 672 673 676 677 678 679 680 681 683 684 685 686 688 689 690 691 692 693 694 695 696 698 699 700 701 702 704 705 707 708 709 710 711 712 713 714 715 716 717 718 720 724 725 726 727 728 729 730 731 732 733 736 741 742 743 744 745 746 747 752 753 754 755 756 757 758 760 761 762 768 769 770 774 775 776 777 778 779 780 781 782 783 785 790 791 794 795 796 797 798 799 800 801 802 803 804 805 806 807 809 810 811 812 813 814 816 817 818 819 820 821 822 827 828 829 830 831 832 835 836 837 838 839 840 841 842 843 845 846 847 848 849 850 851 855 856 857 858 859 860 862 863 865 867 869 870 871 872 873 874 875 876 877 878 879 880 881 882 883 884 885 886 887 888 889 890 891 892 893 894 895 896 897 898 899 900 901 902 903 904 905 906 907 908 909 910 913 914 916 917 918 919 920 922 923 924 925 926 927 928 929 930 931 932 933 934 936 937 939 940 941 942 943 944 945 946 947 948 949 950 952 953 954 955 956 957 958 961 962 963 964 966 967 968 969 970 971 972 974 975 976 979 980 981 982 983 984 985 986 987 988 989 990 991 992 993 994 996 997 998 999 1000 1001 1007 1009 1010 1011 1012 1013 1014 1015 1016 1017 1018 1019 1020 1022 1023 1024 0
1 4 5 6 7 9 10 11 12 13 15 16 17 18 19 21 24 25 26 28 29 32 34 35 36 37 39 41 42 44 45 46 47 49 51 52 53 54 56 58 62 63 64 65 66 67 69 70 71 72 73 74 76 77 78 80 81 82 83 84 85 86 87 88 89 91 95 96 99 100 101 102 104 105 106 107 108 109 110 111 112 113 115 116 117 118 119 120 122 124 125 127 129 130 131 132 133 134 135 136 137 138 139 140 141 142 144 145 146 147 148 149 153 154 156 157 158 159 160 162 163 164 165 167 168 169 170 171 172 173 174 175 176 177 178 179 180 181 182 183 184 185 186 187 188 189 190 191 193 194 195 196 197 198 199 200 201 202 203 204 205 206 207 208 210 212 213 214 215 218 219 220 221 222 223 224 225 226 227 228 229 230 231 232 235 237 238 239 240 241 242 243 244 245 248 249 250 251 252 253 254 255 256 0
1 2 3 4 5 6 7 8 10 12 13 14 16 17 18 19 20 21 24 25 26 27 29 30 32 33 35 36 37 39 40 41 42 45 46 47 48 49 51 52 53 54 56 57 58 59 61 62 63 64 65 66 68 71 72 73 75 76 77 78 79 81 82 83 84 89 90 91 94 95 97 98 99 101 102 103 104 107 110 111 112 113 114 115 116 117 118 119 120 121 122 123 125 128 129 131 132 133 136 137 138 139 141 142 144 147 148 149 151 153 154 155 156 159 160 161 162 164 165 166 167 168 169 171 172 173 174 175 176 180 181 182 183 184 186 187 188 189 193 194 195 197 198 199 201 202 203 206 208 209 211 212 213 216 217 218 219 220 222 223 224 225 228 229 231 232 233 234 237 239 240 242 244 245 246 247 248 250 251 252 255 256 257 258 259 261 262 264 265 266 268 270 271 272 273 275 276 277 279 280 282 285 287 288 289 290 292 293 294 303 304 306 308 309 310 312 315 316 317 318 319 320 321 323 324 325 326 327 328 329 330 331 333 335 337 339 340 342 343 344 345 346 348 349 350 351 353 356 357 360 361 362 363 364 366 367 368 369 370 371 372 373 374 375 376 377 378 380 381 382 383 385 387 388 389 390 391 392 395 397 398 400 401 402 403 405 406 407 410 411 412 413 414 417 418 420 421 424 425 428 429 430 431 432 433 435 436 437 438 439 443 444 445 446 448 449 450 452 453 454 459 460 461 464 465 466 467 468 469 473 474 476 477 478 479 480 481 482 483 484 485 486 488 489 490 491 492 494 495 497 498 501 502 503 504 505 506 507 508 509 511 512 0
1 5 7 8 9 11 12 13 14 15 16 18 21 22 24 26 27 28 29 30 31 32 34 35 38 39 41 43 44 45 48 50 53 54 55 56 57 58 60 61 62 63 64 65 66 68 69 70 71 72 74 75 77 78 79 80 81 82 85 87 89 91 93 94 95 97 98 99 100 101 102 105 106 107 109 110 111 112 115 118 120 121 123 124 125 128 0
2 3 4 5 7 11 14 16 18 19 23 25 26 27 28 30 32 0

4
1 2 3 4 5 6 8 9 12 13 16 17 18 19 20 21 23 24 26 28 29 30 31 32 33 34 35 36 37 38 41 42 43 44 45 46 48 49 51 52 54 55 56 57 58 59 60 61 62 63 64 65 66 69 70 71 72 75 76 77 78 80 81 82 83 84 86 87 88 89 90 91 92 93 94 97 98 99 100 101 102 105 106 107 108 109 110 111 112 114 115 116 117 118 119 120 121 122 123 124 126 127 128 129 130 131 132 133 135 136 137 139 140 142 144 145 146 149 151 154 155 156 157 159 160 161 162 165 166 167 168 169 170 171 173 174 175 176 177 178 179 180 183 184 185 186 187 188 189 190 191 192 193 194 195 196 197 198 199 200 201 202 203 204 205 206 207 208 210 211 212 213 214 216 217 218 219 220 221 222 223 225 226 227 228 229 230 231 232 233 234 235 236 238 239 240 241 242 243 244 245 246 247 248 249 250 251 252 253 254 256 257 258 259 260 261 262 263 264 265 266 267 268 269 270 271 272 273 274 275 276 278 279 281 283 284 285 287 288 289 290 291 292 295 296 297 298 299 300 301 302 303 304 305 306 307 308 309 310 311 312 313 314 315 316 317 318 319 320 321 322 325 326 327 328 329 330 331 332 333 334 335 336 337 338 340 341 342 343 344 345 346 347 348 349 350 352 353 354 355 356 357 358 359 360 361 362 363 364 365 366 367 368 369 372 373 374 375 376 377 379 380 381 382 383 384 385 386 387 388 389 390 391 392 393 394 395 396 399 400 401 402 403 404 405 406 407 408 409 410 411 412 414 415 416 417 418 419 420 421 422 423 424 425 426 427 428 429 430 431 432 433 434 435 436 437 438 439 440 441 442 443 444 445 446 447 448 449 450 451 452 453 454 455 456 457 458 459 460 461 462 463 464 465 466 469 470 471 472 473 474 475 476 477 478 479 480 481 482 483 484 485 486 487 489 490 491 492 493 496 497 498 499 500 501 502 503 504 505 506 507 508 509 510 511 512 513 514 515 517 518 519 520 521 524 527 529 530 531 532 533 534 535 536 537 538 539 540 541 542 543 544 545 546 547 548 549 550 551 552 553 554 555 556 557 558 559 560 561 562 563 564 565 566 567 568 569 570 571 572 573 574 576 577 578 579 580 581 583 584 585 592 593 594 595 596 597 598 599 600 601 602 603 604 607 608 609 610 611 612 613 614 615 616 617 618 619 620 622 623 624 625 626 627 629 630 632 633 634 635 636 637 638 639 640 641 642 643 645 646 647 649 650 651 652 653 654 655 656 657 658 659 660 661 662 663 664 666 667 668 669 670 671 672 673 674 675 676 677 678 679 680 681 682 683 686 687 688 689 690 691 692 693 694 695 696 697 698 699 700 701 702 703 704 705 706 707 709 710 711 712 713 714 716 717 718 719 720 721 722 723 724 725 728 729 730 731 732 733 734 735 737 738 739 740 741 742 743 745 746 747 748 749 750 751 752 753 754 755 756 757 758 759 761 762 763 764 765 767 768 769 770 771 772 773 774 775 776 777 778 779 780 781 783 785 786 787 788 790 791 792 793 794 795 796 797 798 799 800 802 803 804 809 810 811 812 813 814 815 816 817 820 821 822 823 824 825 826 827 828 829 830 831 832 833 834 837 838 839 840 841 842 843 844 845 846 847 848 849 850 851 852 853 854 856 857 858 859 860 861 862 863 864 865 866 867 868 871 872 873 874 875 876 877 878 879 880 881 882 883 884 885 886 887 888 889 890 892 893 894 895 896 897 898 899 900 901 902 904 905 906 907 908 909 910 911 912 913 915 916 917 918 919 920 921 922 923 924 925 926 927 928 929 930 931 932 933 937 940 941 942 943 944 945 946 947 948 949 950 951 952 953 954 955 956 957 958 959 960 961 962 963 964 965 966 967 968 969 970 971 972 973 974 975 976 977 978 979 980 981 983 984 985 989 990 991 992 993 994 995 996 997 998 999 1000 1002 1003 1004 1005 1006 1007 1008 1009 1010 1011 1012 1013 1014 1015 1016 1017 1018 1019 1020 1021 1022 1023 1024 0
1 2 4 5 7 8 10 11 12 13 14 15 16 17 19 20 21 23 26 27 28 29 31 32 33 35 36 37 38 39 40 41 42 43 45 46 47 48 49 50 51 52 53 54 57 58 59 60 61 62 63 64 65 66 67 68 69 70 71 72 73 74 75 76 77 78 79 80 82 83 84 85 87 88 89 90 92 93 94 95 96 97 98 100 101 102 103 104 105 106 107 108 110 111 112 114 115 116 117 119 120 121 122 124 125 126 127 128 129 131 132 133 134 136 137 138 139 140 141 142 143 144 145 146 147 148 149 150 151 152 153 154 156 157 158 159 160 161 162 163 164 165 166 167 168 169 171 172 173 174 176 177 178 179 180 181 182 183 184 185 186 187 189 190 191 192 193 194 195 196 197 198 199 201 202 204 205 206 207 208 209 211 212 213 214 215 216 217 218 219 220 221 222 225 226 227 228 229 230 232 233 234 235 236 237 238 240 241 242 243 244 245 246 248 249 250 251 252 253 254 255 256 0
2 3 4 5 6 7 8 11 12 13 14 17 19 20 22 23 24 25 26 27 28 29 30 32 33 34 35 36 37 38 41 42 43 44 45 46 47 49 52 53 54 55 56 57 58 60 61 62 63 64 66 68 69 70 74 75 76 77 78 79 80 82 83 85 88 89 91 92 94 95 96 97 98 100 101 102 103 105 106 107 108 109 110 111 112 113 114 115 116 117 118 121 122 123 124 125 126 127 129 130 131 132 133 134 136 137 138 139 140 141 142 143 144 145 146 148 150 152 153 155 157 158 160 162 163 164 166 167 168 169 172 173 175 176 177 178 179 180 182 183 184 185 186 187 188 189 190 191 192 193 195 197 198 199 200 202 204 205 206 207 208 211 212 213 214 215 216 217 219 220 222 223 224 225 226 227 228 229 231 232 233 234 235 236 237 238 239 240 241 242 243 245 246 248 249 250 251 252 253 254 255 256 257 258 259 260 261 262 263 264 266 267 268 269 271 272 273 274 275 276 277 278 280 282 283 284 285 286 287 288 289 290 291 292 293 294 295 296 297 298 299 300 301 302 303 304 306 307 308 309 312 313 314 315 316 318 319 320 322 323 325 326 327 328 329 330 338 339 340 341 342 343 344 345 346 348 350 351 353 354 355 356 357 358 359 360 361 362 363 366 368 369 371 372 375 376 377 378 379 381 382 383 384 385 386 387 388 389 390 391 392 396 399 400 404 406 407 408 409 411 412 414 415 416 417 418 419 423 424 425 426 427 430 432 434 436 437 438 439 440 441 442 443 444 445 447 448 449 451 453 454 455 456 457 458 459 460 461 462 463 464 466 469 470 472 473 475 476 477 478 479 480 481 482 484 485 486 487 489 490 491 492 493 496 497 498 499 500 501 502 503 504 505 506 507 508 509 511 0
2 3 7 8 10 12 13 14 15 16 18 19 21 24 25 26 27 30 31 32 34 35 37 38 39 42 43 44 45 46 47 48 50 51 52 53 55 56 58 59 60 61 63 64 65 66 69 70 71 72 73 74 75 76 77 78 79 80 82 84 85 86 87 88 90 91 92 93 94 95 96 97 99 100 101 102 103 105 106 110 111 113 114 115 117 118 119 120 121 122 123 126 127 128 0
2 3 4 5 6 10 12 13 14 15 18 21 23 24 25 26 27 28 29 30 32 0

5
1 2 3 4 8 9 11 13 15 16 17 19 21 22 23 24 25 26 28 32 33 35 36 37 38 39 41 42 43 45 48 50 51 52 56 57 58 59 62 63 64 66 67 70 72 73 74 78 79 80 81 82 83 85 86 87 88 89 91 92 95 97 98 99 100 101 102 103 104 106 107 108 111 113 114 116 117 118 119 120 121 124 126 127 128 129 130 132 133 134 135 136 138 140 141 142 143 144 145 146 149 151 154 155 156 157 158 159 160 161 162 163 164 165 166 167 168 170 171 172 173 174 176 177 178 179 180 181 182 183 184 186 187 190 191 193 194 196 198 200 203 204 205 206 207 208 209 210 211 212 214 215 216 217 218 219 220 221 222 223 225 230 231 232 233 234 235 236 239 240 243 244 245 246 247 248 249 254 256 257 258 259 260 261 262 263 264 265 266 267 268 269 270 271 272 273 274 280 281 282 283 284 285 286 287 288 290 293 294 295 296 297 299 302 303 304 305 309 310 311 312 313 315 316 318 319 320 322 326 327 328 329 330 332 333 335 336 337 338 340 341 342 344 345 349 350 352 353 354 356 357 359 360 361 363 365 366 369 370 371 372 373 374 375 376 377 378 379 380 385 386 388 390 391 392 394 396 399 400 401 402 403 404 407 408 410 411 412 413 414 415 416 417 419 421 422 423 424 425 426 427 428 429 432 433 434 435 436 437 438 439 440 441 442 445 446 448 449 450 451 452 453 454 455 456 457 458 459 460 461 462 464 465 466 468 469 470 471 472 473 478 479 480 481 482 483 484 485 486 487 491 493 494 495 497 498 499 500 501 502 503 504 505 506 507 508 509 510 511 512 515 516 524 525 526 527 528 529 530 531 532 533 536 538 539 542 543 544 546 548 549 550 551 552 553 554 556 558 560 567 568 569 575 576 577 579 582 583 584 585 586 587 588 591 592 597 598 599 600 602 605 607 609 610 613 614 615 617 619 620 621 622 623 625 626 627 628 629 630 631 632 635 639 641 642 644 645 647 648 649 652 655 656 657 658 660 663 664 665 666 667 668 669 670 672 673 675 676 677 678 679 680 681 682 683 684 685 687 688 689 690 691 692 693 694 695 696 697 698 701 702 704 705 706 707 708 709 710 712 714 715 716 717 718 720 721 722 724 725 726 727 728 729 730 731 732 733 734 735 736 737 738 739 741 742 743 744 745 746 747 748 750 751 752 754 755 756 757 758 762 763 764 765 767 768 772 773 774 775 776 777 778 779 780 781 782 783 784 786 787 788 795 796 799 801 802 804 805 807 808 809 810 814 816 821 822 823 824 825 826 829 832 833 834 835 836 838 839 840 841 842 843 844 845 846 847 848 850 851 852 854 855 856 858 859 860 861 864 867 868 869 870 871 872 875 876 877 878 879 880 881 885 886 887 888 889 890 891 892 895 896 897 898 900 903 904 906 907 908 910 913 914 915 917 918 919 920 922 923 924 925 927 928 929 930 931 932 934 935 936 937 939 940 941 942 943 945 946 947 948 950 951 952 953 954 955 957 958 963 964 965 966 967 968 969 970 971 972 973 974 975 976 977 978 979 980 981 982 983 984 985 986 987 988 989 990 991 994 995 996 997 998 999 1000 1001 1002 1003 1004 1005 1006 1008 1009 1010 1011 1012 1013 1014 1015 1016 1017 1018 1020 1021 1022 1023 1024 0
2 3 6 8 10 11 13 14 17 18 20 21 22 23 24 25 26 27 28 29 31 32 33 35 36 38 39 40 41 42 44 45 46 49 50 51 52 53 54 55 56 57 58 59 60 61 62 63 64 65 66 67 68 69 70 72 74 75 76 77 78 81 82 83 84 85 86 87 88 89 90 91 94 95 96 97 98 99 102 103 105 106 107 108 109 110 111 112 113 114 116 117 118 119 120 122 123 124 125 126 128 129 130 131 132 133 134 136 139 140 141 142 145 146 149 151 153 154 155 156 158 160 161 162 163 164 166 167 168 169 170 171 174 175 177 178 179 180 181 182 183 184 185 187 188 189 190 191 192 194 195 196 197 198 199 200 201 202 204 205 210 211 212 213 214 217 221 222 223 225 226 227 228 231 232 233 234 235 236 238 239 240 241 244 246 247 248 249 250 251 252 253 254 255 256 0
2 3 4 5 6 7 9 10 11 14 16 19 20 21 22 24 25 28 29 31 32 33 35 36 37 39 40 41 43 44 45 46 47 48 49 50 51 52 55 56 57 58 59 60 61 62 63 64 65 66 68 69 70 72 76 78 79 80 81 83 87 88 90 91 92 93 95 96 97 101 105 106 107 109 112 113 115 116 117 119 120 121 122 123 124 125 127 128 129 130 132 134 135 138 140 141 143 147 148 149 150 151 152 153 154 155 157 158 160 161 163 164 165 166 167 168 170 171 172 173 175 177 178 179 180 181 183 184 185 187 188 189 190 193 195 196 198 199 200 201 202 204 205 208 210 211 212 213 214 215 217 219 220 221 222 224 225 226 227 228 229 232 233 234 235 237 240 241 244 246 248 250 253 254 255 256 257 258 260 261 263 265 266 270 271 272 273 278 279 280 281 282 286 288 289 290 292 295 296 297 299 300 302 303 304 305 307 308 309 310 311 312 313 314 315 317 319 320 323 324 325 326 327 329 332 333 334 335 337 338 340 341 342 344 345 347 348 349 351 353 354 355 356 358 359 361 365 366 368 369 370 372 373 375 376 377 378 379 380 381 382 383 385 386 387 388 389 390 391 392 393 394 395 396 397 401 402 403 404 405 406 409 411 412 413 417 419 424 425 426 427 428 430 431 432 433 435 436 437 438 439 440 441 444 445 446 447 448 449 452 453 454 455 458 459 461 462 464 465 469 472 473 474 475 476 477 478 479 480 481 483 484 485 487 489 492 493 494 495 496 497 498 499 500 501 502 503 504 505 506 507 508 509 510 511 512 0
1 3 4 5 6 8 10 11 12 13 21 24 25 26 28 29 30 32 34 38 39 40 41 45 46 47 48 52 55 56 57 58 59 60 61 64 65 66 69 71 72 75 76 77 78 80 82 83 84 86 87 88 91 92 94 95 96 97 98 100 102 103 104 107 109 110 111 112 114 115 116 117 120 121 123 124 125 126 127 128 0
1 2 3 4 5 6 9 10 16 17 18 19 20 21 22 23 25 26 29 31 32 0

6
4 5 6 8 11 12 18 19 20 21 22 24 25 26 27 33 34 35 36 37 39 40 42 43 44 45 47 49 50 51 52 54 55 56 57 58 59 60 61 62 64 65 66 67 68 69 70 72 73 74 75 78 79 80 81 82 83 84 85 87 88 89 90 91 94 96 97 99 100 101 102 104 105 106 108 110 112 114 116 117 118 119 120 122 123 124 128 130 131 132 133 134 135 136 137 138 140 141 142 143 144 146 148 149 151 152 153 155 156 157 160 162 163 164 169 170 171 172 173 174 175 176 177 178 180 183 184 187 188 189 190 191 192 193 196 197 198 199 200 201 202 203 204 205 206 207 208 211 212 213 215 216 217 218 219 220 221 222 223 225 226 227 228 229 231 232 233 234 235 236 237 238 239 241 242 244 245 247 248 249 251 252 253 254 255 259 260 261 262 263 264 267 268 269 271 273 275 276 277 278 280 281 282 283 284 285 286 289 290 291 292 293 294 295 296 297 298 299 300 301 303 305 308 309 310 311 312 313 314 315 316 317 320 321 323 324 325 326 327 328 329 330 331 332 333 335 336 337 338 339 340 341 343 344 345 346 347 350 351 352 353 355 356 357 358 359 360 362 363 366 368 372 373 374 375 377 378 379 380 382 383 384 388 390 391 392 393 395 396 397 398 399 400 402 403 408 411 412 413 415 416 418 419 420 421 423 424 425 427 428 429 431 432 433 434 438 439 440 441 442 443 444 447 451 452 453 454 455 456 457 458 460 462 463 464 465 466 467 471 472 473 474 476 477 478 479 480 481 482 484 485 486 488 489 490 492 493 494 497 498 499 500 501 502 503 504 505 506 507 510 511 512 513 514 515 518 521 522 524 525 526 527 528 532 533 536 539 540 543 545 547 548 549 550 551 554 555 556 557 559 560 563 564 566 567 568 569 570 571 572 573 574 576 579 580 581 582 583 584 585 586 587 590 591 592 595 596 597 599 600 601 602 603 607 608 609 612 613 614 615 616 617 618 619 620 621 622 624 627 628 629 630 631 633 634 635 636 637 638 639 640 641 643 644 645 646 647 648 649 650 651 652 653 655 656 657 658 659 660 661 662 663 665 666 667 668 669 671 672 673 674 675 676 677 678 679 680 683 684 685 686 687 688 689 690 691 692 693 694 696 697 698 699 700 701 702 703 704 705 706 707 709 710 711 712 713 714 715 716 719 720 721 722 724 725 726 727 728 729 730 731 732 734 735 738 741 742 743 744 745 746 747 750 751 754 755 756 757 759 760 761 762 763 764 765 766 768 769 770 771 773 774 775 776 777 780 781 782 783 784 786 790 791 793 794 795 796 797 798 801 804 805 806 807 808 809 811 812 813 814 817 819 820 821 822 823 824 825 826 827 828 829 830 833 835 836 837 838 839 840 841 842 843 845 847 849 850 852 855 856 857 858 859 862 863 864 866 867 870 871 872 873 874 875 876 877 878 879 880 881 884 885 886 887 888 889 890 891 892 893 894 895 896 898 899 900 901 902 903 904 905 906 907 909 910 911 912 915 916 917 918 919 920 921 923 924 925 926 927 928 932 934 935 936 937 938 939 940 941 942 943 944 945 946 947 949 950 952 953 954 955 956 958 962 963 964 965 966 967 968 969 970 971 972 973 974 975 976 978 981 982 983 984 985 986 987 988 989 990 991 992 993 994 995 996 997 998 999 1000 1001 1003 1004 1005 1006 1008 1009 1010 1011 1012 1013 1014 1015 1016 1017 1018 1019 1020 1021 1022 1023 1024 0
3 5 6 7 9 10 11 12 13 16 17 18 19 21 24 25 26 28 29 32 34 35 36 37 39 42 44 45 47 51 52 53 54 55 56 57 58 60 61 62 63 64 66 67 69 70 71 72 73 74 76 77 78 81 83 86 87 88 90 94 95 96 97 99 100 102 104 105 106 107 108 109 110 113 114 115 116 117 119 122 124 125 126 127 128 129 130 131 132 133 134 135 136 137 138 139 140 141 142 144 145 146 147 148 149 153 154 156 157 159 160 161 162 163 164 165 166 167 169 170 171 172 174 175 176 177 178 180 181 182 183 184 185 186 187 188 189 190 191 192 193 194 195 197 198 199 200 201 202 204 205 206 207 212 213 214 215 216 217 219 220 221 222 223 224 225 226 227 228 229 230 231 232 233 234 235 237 238 239 240 241 243 244 245 246 247 249 250 252 253 254 255 256 0
1 3 4 5 6 7 8 10 12 13 14 16 17 18 19 20 21 24 25 26 27 29 32 33 35 36 37 39 40 42 45 46 47 48 51 52 53 54 55 56 57 58 59 60 61 62 63 64 65 66 68 71 72 73 75 76 77 78 80 81 82 84 89 91 94 95 96 97 98 99 101 102 104 107 110 111 112 113 114 115 118 119 120 123 124 125 127 128 129 130 131 132 133 136 138 139 141 142 143 144 146 147 148 149 151 153 154 155 156 158 159 160 161 162 164 165 166 167 168 170 171 172 174 175 176 177 178 180 181 182 183 184 187 188 189 190 191 192 193 194 195 196 197 198 199 201 202 206 208 209 211 212 213 216 217 218 219 220 222 223 224 225 227 228 229 230 231 232 233 237 239 240 241 242 243 244 246 247 248 249 250 251 252 253 254 256 258 259 260 261 262 263 264 265 266 268 270 273 275 277 279 280 281 283 284 288 289 290 292 293 294 300 302 303 304 306 310 312 313 314 315 316 317 319 320 321 323 325 326 327 328 330 331 333 335 337 339 340 342 343 344 345 346 348 350 353 355 356 357 358 359 360 362 363 364 365 367 368 369 372 373 374 375 376 377 378 380 381 382 383 385 387 388 389 390 391 392 396 397 398 401 402 405 406 407 408 409 410 413 414 415 417 418 420 424 427 428 429 430 431 432 433 434 435 436 437 438 439 440 442 444 445 446 447 448 449 450 452 453 454 457 459 460 461 462 464 465 466 467 468 469 473 474 476 477 479 480 481 482 483 484 485 486 488 490 491 492 493 494 496 497 498 502 503 504 506 507 508 509 510 511 512 0
1 5 6 7 8 10 11 13 14 16 18 20 21 23 24 25 26 27 28 29 31 32 34 35 38 40 41 43 44 45 48 50 51 53 54 55 56 58 60 61 62 65 66 68 69 74 75 77 78 79 81 82 85 88 89 90 93 94 95 96 97 98 99 100 101 102 106 107 109 110 111 112 114 115 120 121 123 124 125 127 128 0
2 3 5 11 16 18 19 23 25 27 28 30 31 32 0

7
1 2 3 4 5 6 7 8 9 10 11 12 13 14 15 16 17 18 19 20 21 22 23 24 25 26 27 28 29 30 31 32 33 34 35 36 37 38 39 40 41 42 43 44 45 47 48 49 50 51 52 53 54 55 56 57 58 59 60 61 62 63 65 66 67 68 69 70 71 72 73 74 75 76 77 78 81 82 83 84 85 86 87 88 89 90 94 96 97 98 99 100 101 102 103 104 105 106 107 110 112 113 114 115 116 117 118 119 120 122 123 124 126 127 128 129 130 131 132 133 134 135 136 137 138 139 140 141 143 145 146 147 148 149 150 151 152 153 154 155 156 157 158 159 160 161 162 163 164 165 166 167 168 170 171 172 173 174 175 176 177 178 179 181 182 183 184 185 186 187 188 189 190 191 194 195 196 197 198 199 200 201 202 206 207 208 209 210 211 212 213 214 215 216 217 218 219 221 222 223 224 225 226 227 228 229 230 231 232 233 235 236 237 238 239 240 241 244 245 247 248 249 251 253 254 255 256 257 258 259 260 261 262 263 264 265 266 267 268 269 270 271 272 273 274 276 277 278 279 280 281 282 283 284 285 286 287 288 289 290 291 292 293 294 295 296 297 298 299 300 301 302 303 304 305 306 307 308 309 310 311 312 313 314 315 316 317 318 319 320 321 322 323 324 325 326 327 328 329 330 331 332 333 334 336 337 338 339 340 341 342 343 344 345 346 349 353 354 355 356 357 358 359 360 361 362 363 365 369 370 371 372 373 374 375 376 377 378 380 381 383 384 385 386 387 388 389 390 391 392 393 394 395 396 397 398 399 400 401 402 403 404 405 406 407 408 410 411 412 413 414 415 416 417 418 419 420 422 423 424 425 426 427 428 429 430 432 434 435 436 437 438 439 440 441 442 443 444 445 446 447 448 450 451 452 453 454 455 456 457 458 459 460 461 462 463 464 465 468 469 470 471 472 473 474 475 476 477 478 479 480 485 486 487 488 489 490 491 494 496 497 499 500 501 502 503 504 505 506 507 508 509 510 511 512 513 514 515 516 517 518 519 520 521 522 523 524 525 526 527 528 529 530 531 532 533 534 535 536 537 540 541 542 543 544 545 546 547 548 549 550 551 552 553 554 555 556 557 558 559 560 561 562 563 564 565 566 567 568 569 570 571 572 574 575 576 577 578 579 581 582 583 584 585 586 587 588 589 590 591 592 593 594 595 596 597 598 599 600 601 604 605 607 609 611 612 613 614 615 616 618 621 623 625 626 627 628 629 630 631 632 633 634 635 636 637 638 639 641 642 643 645 646 647 648 649 650 651 652 653 654 655 656 657 658 659 661 662 663 664 665 666 667 668 669 670 671 673 674 675 676 678 679 680 681 683 684 685 686 687 689 690 691 693 695 696 697 698 699 700 702 703 704 705 706 708 709 710 711 712 714 718 720 721 722 723 724 725 726 727 728 729 730 731 732 733 734 735 736 738 739 740 741 742 743 744 745 746 749 750 751 752 753 755 756 757 758 759 760 761 763 764 765 766 767 769 770 771 772 773 774 775 776 777 778 779 780 781 782 783 784 785 786 787 788 789 790 791 792 793 794 796 797 798 799 800 801 802 803 804 805 806 808 809 810 811 812 813 814 815 816 817 818 821 822 823 824 825 826 827 828 829 830 831 832 833 837 838 839 840 841 843 844 846 847 848 849 850 851 852 853 854 855 856 857 858 860 861 863 864 865 866 867 868 870 871 872 873 874 876 877 878 879 880 881 882 883 884 885 886 887 889 891 892 893 894 895 896 897 898 899 900 901 902 904 905 907 909 910 911 912 913 914 915 916 917 919 920 921 922 923 924 925 926 927 928 929 931 932 933 934 935 936 937 938 939 940 941 942 943 944 945 946 947 948 949 950 951 952 954 955 957 958 960 961 962 963 964 965 966 967 968 969 970 971 972 973 974 975 977 978 979 980 981 982 985 986 987 988 989 990 991 993 994 995 996 997 998 999 1000 1002 1003 1004 1005 1006 1007 1008 1009 1011 1012 1013 1014 1015 1016 1017 1018 1019 1020 1021 1022 1023 1024 0
1 2 3 4 5 6 8 12 13 14 15 16 17 18 19 20 21 22 25 27 28 32 34 35 36 40 41 42 43 47 48 49 50 51 52 53 54 55 56 57 58 59 60 61 62 63 64 65 66 67 68 69 70 71 72 74 75 76 77 78 79 80 81 82 83 84 85 86 87 88 89 90 91 92 93 95 96 97 98 99 100 102 103 104 105 106 107 108 109 110 111 112 114 115 116 117 119 120 121 122 124 125 126 127 128 129 130 131 132 133 135 136 137 140 141 145 146 147 148 149 150 152 153 154 155 157 158 160 161 162 163 164 165 166 167 168 170 172 174 175 176 177 178 180 182 185 186 187 188 190 191 192 193 194 195 196 197 198 199 200 201 202 203 204 205 206 207 208 209 211 212 213 214 217 219 220 222 223 224 225 226 227 228 229 231 232 233 234 235 236 237 239 241 242 243 244 245 246 247 248 249 250 251 252 253 254 255 256 0
1 2 3 4 5 6 7 8 10 11 12 13 14 15 16 18 20 21 22 23 25 26 27 28 29 31 33 34 36 37 40 41 42 43 44 45 47 50 52 53 55 56 57 58 59 60 61 62 63 64 65 66 67 68 69 70 71 72 74 76 77 78 79 80 81 83 84 89 91 94 96 98 99 100 101 103 104 105 106 107 108 109 113 114 115 117 119 121 122 123 124 125 129 130 131 132 133 134 135 136 137 138 140 141 143 144 146 147 148 149 151 152 153 154 156 157 160 162 163 164 165 167 168 169 171 172 174 175 176 177 178 180 181 183 185 186 187 188 189 190 191 192 193 194 195 196 197 199 200 201 202 203 204 205 206 207 208 211 212 213 216 217 218 219 221 223 224 225 226 227 228 229 230 232 233 234 235 237 238 240 241 242 243 245 247 248 249 252 254 255 256 257 258 260 262 263 265 267 270 273 275 276 277 278 279 280 281 282 283 284 285 286 287 288 289 290 291 292 296 297 298 299 301 303 304 305 307 308 310 311 313 315 316 318 319 320 321 322 324 325 326 327 328 329 330 331 332 334 335 336 339 340 341 342 343 344 346 347 348 349 351 354 355 356 357 358 361 362 363 366 367 369 370 371 373 376 377 378 379 381 382 383 385 386 387 388 389 390 391 392 393 394 395 396 397 398 399 402 403 404 405 406 407 409 410 411 413 414 417 420 422 423 424 425 426 428 430 433 436 437 438 439 441 442 443 444 445 446 447 448 449 451 453 454 455 456 457 458 459 460 461 462 464 466 467 469 471 472 473 475 479 480 481 482 484 485 486 487 489 490 492 493 496 497 498 499 500 501 502 503 504 505 506 507 508 509 510 511 512 0
1 2 4 5 8 9 10 11 12 14 15 16 19 20 21 22 24 26 27 30 32 33 34 35 36 37 39 40 42 48 49 50 52 53 54 55 58 59 60 61 65 66 67 68 69 70 71 73 74 77 78 79 80 81 82 84 85 86 89 90 91 93 94 95 97 98 101 102 105 106 107 108 109 110 113 114 119 120 121 124 127 0
2 4 5 6 7 8 9 11 13 17 18 19 20 23 24 25 26 27 28 0

8
1 2 7 8 9 10 12 14 18 22 25 28 32 33 34 35 36 37 40 41 42 43 46 47 48 49 50 51 52 54 55 57 58 59 60 63 64 65 66 67 68 70 71 72 73 74 75 77 80 81 82 83 85 86 87 88 89 90 91 93 96 98 100 102 103 104 105 106 107 108 109 110 112 115 116 117 118 119 121 122 123 124 125 128 129 130 131 132 133 134 135 137 138 140 141 143 144 146 147 148 149 150 151 152 153 155 156 158 159 160 162 163 165 166 167 168 170 171 172 173 174 176 177 178 180 182 183 185 186 187 188 189 192 193 195 198 199 200 201 202 203 204 205 208 209 210 214 215 217 218 220 225 227 230 232 233 234 235 236 239 241 243 245 246 247 248 249 250 251 253 255 257 258 259 260 261 262 263 264 265 266 267 268 269 270 271 273 274 277 278 281 282 283 284 285 287 288 289 290 291 292 293 294 299 300 303 304 305 306 307 308 309 310 311 312 313 316 317 318 319 320 321 322 323 324 326 327 328 329 330 331 333 334 335 336 338 339 341 342 343 344 345 346 347 350 351 352 354 356 357 358 359 360 361 362 363 365 366 367 368 370 371 372 373 374 375 376 378 379 380 381 382 383 384 386 387 388 389 390 391 394 395 396 397 398 399 400 401 402 403 404 407 408 409 412 413 414 416 417 418 419 424 426 427 428 429 431 432 433 434 435 436 437 438 439 442 443 444 445 446 447 448 449 450 451 452 453 454 457 458 459 460 462 463 464 465 466 469 471 473 477 478 479 480 481 483 485 486 487 488 489 490 491 493 494 497 498 499 500 501 502 503 504 505 506 507 508 509 510 511 512 513 518 519 520 521 522 523 524 525 526 527 528 533 539 540 544 545 546 547 548 549 550 553 554 555 556 557 559 560 561 562 563 564 565 568 569 570 571 572 573 575 576 578 579 580 583 584 585 586 587 589 590 591 592 594 595 596 599 600 601 602 603 605 606 607 608 610 611 614 615 616 617 618 619 620 621 622 623 624 626 629 630 631 633 634 635 636 637 638 639 640 643 644 645 646 650 651 652 653 655 656 659 660 662 663 665 666 667 668 670 671 672 674 675 676 677 679 681 682 683 684 686 687 688 690 691 692 693 694 697 698 699 701 702 703 704 705 706 707 708 709 710 711 712 713 714 715 717 718 719 720 721 723 724 725 727 728 731 732 733 734 735 736 737 738 739 740 741 742 743 744 747 748 749 750 753 754 755 756 757 758 759 760 762 764 765 768 769 772 773 774 775 776 777 778 779 780 781 784 786 787 790 799 801 805 808 809 810 811 812 813 814 815 816 817 818 819 820 821 823 824 825 826 827 828 837 838 839 840 841 842 848 850 851 852 853 854 855 857 860 862 863 864 866 867 868 869 870 871 872 873 874 875 876 877 878 879 880 882 883 884 885 886 887 888 889 895 896 897 898 899 900 901 902 904 905 907 908 909 910 911 915 916 917 918 919 920 921 922 923 924 925 926 927 928 930 931 932 933 934 935 936 937 938 939 940 941 943 944 946 947 948 950 951 954 955 956 958 959 960 961 964 966 967 968 969 970 971 973 974 975 976 977 978 979 980 982 984 985 987 988 989 994 995 996 997 998 999 1003 1004 1005 1006 1009 1010 1011 1012 1013 1014 1015 1016 1017 1018 1019 1020 1021 1022 1023 1024 0
3 4 9 10 11 13 14 15 16 19 20 21 23 24 26 27 28 29 30 31 39 40 42 45 46 47 49 50 51 52 53 59 60 61 64 65 66 69 71 74 75 76 77 80 81 82 83 84 85 86 87 89 90 92 93 95 97 99 101 102 104 105 106 107 108 109 110 111 112 113 114 115 116 117 118 122 123 126 127 129 130 131 132 134 135 136 138 140 141 142 143 144 145 147 148 149 150 151 153 155 158 159 161 162 166 167 168 169 170 171 174 176 179 181 182 183 185 186 187 188 193 195 196 197 198 199 200 202 204 205 206 207 208 209 210 211 212 216 217 218 219 220 221 222 223 224 225 226 228 230 231 233 234 235 237 238 239 240 241 242 243 244 245 247 248 251 252 253 255 256 0
1 7 8 10 11 13 14 16 17 18 19 20 21 22 26 28 29 30 31 32 33 37 38 42 46 47 48 51 52 53 54 55 56 59 60 62 63 64 66 67 68 70 72 73 74 75 76 78 79 80 83 86 89 90 92 96 99 101 102 104 105 106 107 108 109 110 111 112 115 116 117 120 126 130 132 133 135 136 138 139 143 144 145 146 147 148 153 154 156 157 159 160 161 162 165 167 168 169 172 173 174 176 177 178 179 186 189 190 195 197 199 200 201 202 203 205 208 209 211 212 213 215 216 217 218 219 221 223 224 225 228 229 230 232 235 236 237 239 240 241 242 246 247 248 253 254 255 256 257 259 260 262 263 264 267 269 271 273 274 276 278 281 282 283 286 289 290 293 294 295 296 298 299 300 301 302 304 305 306 308 309 310 311 312 314 315 316 318 319 320 321 323 324 325 328 332 334 336 337 342 343 344 345 351 353 361 362 363 365 367 368 370 372 374 375 376 377 379 380 381 383 384 385 386 387 388 391 392 395 396 400 401 404 405 406 407 409 410 411 412 413 414 415 416 417 424 425 429 430 431 432 437 439 440 441 443 445 447 448 449 450 451 452 455 456 457 459 461 462 463 465 466 467 469 471 473 479 482 483 486 487 488 489 491 493 494 498 501 503 505 506 507 508 509 512 0
1 2 4 8 10 13 15 17 18 19 20 24 30 32 33 34 36 37 41 42 43 44 45 46 48 49 50 51 54 55 56 60 61 62 64 65 69 75 76 77 78 79 81 82 83 86 87 88 89 90 91 93 95 98 99 100 101 103 104 105 106 107 109 110 112 113 114 115 116 117 121 122 123 126 127 128 0
2 3 4 7 9 10 11 18 19 21 25 29 30 32 0

9
1 3 4 5 6 7 8 9 10 11 12 13 14 15 16 17 18 19 20 21 25 27 30 33 34 35 37 38 39 41 42 45 48 49 50 51 52 53 55 56 57 58 60 61 62 65 67 70 71 72 73 75 76 81 82 83 85 86 87 88 89 90 91 93 94 98 100 101 102 103 104 105 106 107 108 110 111 113 114 115 116 117 118 119 120 122 123 124 125 126 127 128 129 130 132 133 134 135 136 137 138 139 140 141 142 143 144 145 146 147 150 151 152 153 154 155 157 159 160 162 163 164 165 167 168 169 170 171 172 173 175 176 177 178 180 181 182 183 184 185 187 188 189 190 192 193 195 196 197 198 199 200 201 202 203 204 205 206 207 208 209 211 212 213 214 215 216 217 218 219 220 221 222 223 224 225 229 230 232 233 234 235 236 237 239 240 241 243 245 246 247 248 249 251 252 253 254 255 256 257 258 259 260 261 262 263 264 265 266 267 268 269 270 271 273 277 278 279 280 281 282 283 284 285 286 287 288 289 291 293 295 296 297 298 299 300 301 302 303 304 305 306 308 310 311 312 313 316 317 318 320 321 322 323 324 325 326 327 328 329 330 332 334 336 337 338 339 340 342 343 344 345 346 348 349 350 351 352 353 354 355 356 357 358 359 360 361 362 363 364 365 366 369 370 371 372 373 374 375 376 377 378 379 380 381 382 383 384 385 386 387 388 389 390 391 392 393 394 395 396 397 398 399 401 402 403 404 405 406 407 408 409 411 412 413 414 416 417 418 419 420 421 422 423 424 425 426 427 428 429 430 431 432 433 434 435 436 437 438 441 442 443 444 445 446 447 448 449 451 452 453 454 455 456 457 458 459 461 462 463 464 465 466 467 468 469 470 471 472 474 475 476 477 478 479 480 481 482 483 484 485 486 487 488 489 490 491 492 493 494 495 496 497 498 499 500 501 502 503 504 505 506 507 508 509 510 511 512 513 514 515 516 517 518 519 520 521 522 523 524 525 526 527 528 529 530 531 532 533 534 535 536 537 539 540 541 542 543 544 545 546 547 548 549 550 551 552 553 554 555 556 557 558 559 560 561 562 563 564 565 566 567 568 569 570 571 572 573 574 575 576 577 579 580 581 582 583 584 585 586 587 588 589 590 591 592 593 595 597 598 599 600 602 603 604 605 606 607 609 610 611 612 613 614 615 616 617 619 621 622 623 625 626 627 628 629 630 631 632 633 634 635 636 637 638 641 642 643 644 645 646 647 648 649 651 652 653 654 656 657 658 659 660 661 662 663 664 665 666 668 669 670 671 672 673 674 675 676 677 678 679 681 682 683 684 685 687 688 689 690 691 692 693 695 696 697 698 699 700 701 702 704 705 706 707 708 709 710 711 712 713 714 715 716 717 719 720 721 722 723 724 725 726 727 728 729 730 731 732 733 734 735 736 737 738 739 740 741 742 743 744 745 746 747 748 749 750 751 752 753 754 755 756 757 760 762 763 764 765 768 769 770 772 773 774 775 776 777 778 779 780 781 782 783 785 786 787 788 789 790 791 792 793 794 795 796 797 798 799 800 801 802 803 807 808 809 810 811 812 813 815 816 817 819 820 821 822 823 824 825 826 827 828 829 830 831 832 833 834 837 838 839 840 841 842 843 844 845 847 848 849 850 851 852 853 854 855 856 857 858 859 860 861 862 863 864 865 866 867 868 869 870 871 872 873 874 875 877 880 881 882 883 884 885 886 887 888 889 890 891 892 893 894 895 897 898 899 900 901 902 903 904 905 906 907 908 909 910 911 913 914 917 918 919 920 921 923 924 925 926 927 928 929 930 931 932 933 934 935 936 937 938 939 940 941 942 943 944 945 947 948 949 950 952 953 954 955 956 957 958 959 960 961 962 963 964 965 966 967 968 969 970 971 973 974 975 976 977 979 980 981 982 983 984 985 986 987 988 989 990 991 993 994 995 996 997 998 999 1003 1004 1005 1006 1007 1008 1009 1010 1011 1012 1013 1014 1015 1016 1017 1018 1019 1020 1021 1022 1023 1024 0
3 4 5 6 8 9 10 12 13 14 16 17 20 21 24 25 26 27 28 29 30 31 34 35 36 38 39 40 43 44 45 46 47 48 49 50 51 52 53 54 55 57 58 59 60 61 62 63 64 65 66 67 68 69 70 71 72 73 74 75 76 77 78 79 80 82 83 84 85 86 87 90 91 94 95 96 97 98 99 100 101 102 103 104 105 106 107 108 109 110 111 112 113 114 115 116 117 118 121 122 123 124 125 126 127 129 130 131 132 133 134 135 136 137 138 139 143 146 147 148 149 150 151 152 153 154 155 156 157 158 160 161 162 163 164 166 167 168 169 170 171 172 173 175 176 177 178 179 181 182 185 186 187 188 189 190 191 192 193 194 195 196 197 199 201 204 205 206 207 208 209 211 213 216 217 218 220 221 222 223 224 225 226 228 230 231 232 235 236 237 238 239 240 242 244 245 247 248 249 250 251 252 253 254 255 256 0
1 2 3 4 5 6 7 9 11 12 13 16 17 19 20 21 24 26 27 28 29 31 32 33 35 36 37 39 41 42 44 45 46 48 50 51 52 53 54 55 57 58 59 60 61 62 63 64 65 66 70 72 73 75 76 77 79 81 83 86 87 90 91 92 93 94 95 96 97 98 99 100 104 105 107 109 110 111 112 113 114 115 116 120 121 122 125 127 128 129 130 131 132 133 135 137 138 139 140 141 142 144 145 147 148 150 151 153 154 155 156 157 158 159 160 161 162 164 165 166 167 168 171 172 173 175 176 178 179 180 184 186 188 189 190 191 195 197 198 199 200 201 202 203 204 205 206 207 208 210 211 212 213 214 215 216 218 219 221 224 225 226 228 230 231 232 233 234 235 237 239 240 241 242 243 244 245 246 247 248 250 251 252 253 254 255 256 257 260 261 262 263 264 265 266 268 269 270 271 273 274 275 279 280 281 282 283 286 287 288 289 291 292 293 294 295 296 297 298 299 300 301 302 303 304 305 309 310 311 312 313 314 315 316 317 318 319 320 321 322 323 324 325 326 327 328 329 331 332 334 335 337 338 340 341 342 343 344 345 346 347 349 350 351 352 354 355 358 360 361 363 364 366 368 369 370 371 372 375 377 378 379 380 381 382 385 386 387 388 389 391 392 393 395 397 398 399 400 401 402 403 405 406 407 409 411 412 414 415 417 418 419 421 422 423 426 427 428 429 430 431 432 433 434 435 437 438 439 440 442 445 446 447 448 450 451 452 453 454 455 457 459 460 461 462 463 464 465 467 468 471 472 475 476 477 479 483 484 486 487 488 489 490 492 493 494 495 496 497 498 500 501 502 503 505 506 507 508 509 510 511 512 0
1 3 4 5 6 7 10 11 15 16 19 20 22 24 25 27 28 29 30 31 32 36 37 39 42 43 44 46 47 48 49 50 52 54 55 56 57 59 60 61 63 65 68 69 70 71 73 74 76 77 78 79 80 82 84 85 86 88 89 91 94 95 96 99 100 102 103 104 106 107 108 110 111 113 114 115 116 118 120 121 122 123 124 127 128 0
1 4 5 6 7 8 13 14 15 18 21 23 25 30 31 32 0

10
1 2 3 4 5 7 8 9 10 11 13 14 16 17 19 20 21 23 24 26 27 28 30 32 33 34 35 36 37 38 39 40 41 42 43 45 47 48 49 50 51 52 53 54 55 57 58 59 60 61 62 64 65 67 68 69 70 71 72 73 74 75 76 77 78 79 80 82 83 84 85 86 89 90 91 92 93 94 95 96 97 99 100 101 103 104 105 106 107 108 109 110 112 113 114 115 116 117 118 119 120 121 122 123 124 125 127 128 129 130 132 133 134 135 136 137 138 139 140 141 142 143 145 146 148 149 150 152 153 154 155 156 157 158 159 160 161 162 163 164 165 166 167 168 169 170 171 172 173 174 175 176 177 179 181 182 183 184 185 186 187 188 189 190 191 193 194 195 196 197 198 199 200 201 202 203 204 205 206 207 209 210 211 212 214 215 216 217 218 219 220 221 222 223 225 228 229 230 232 233 234 235 236 237 239 240 244 245 246 247 249 250 252 255 256 257 258 259 260 261 262 263 264 265 266 267 268 269 270 271 273 274 275 277 278 279 280 281 282 284 285 286 287 288 289 290 291 292 293 294 295 296 297 298 299 300 301 302 303 304 305 306 307 308 309 310 311 312 313 314 315 318 320 321 322 323 324 325 326 328 332 333 334 336 338 339 340 341 342 343 344 347 348 349 350 351 352 353 354 355 356 357 358 359 360 363 364 365 366 368 370 371 373 375 376 377 378 379 380 381 382 383 384 385 386 388 390 391 393 394 395 396 397 398 399 400 401 402 404 405 406 408 409 410 411 412 413 414 415 416 418 420 421 422 423 424 425 426 427 428 429 430 431 433 434 435 436 437 438 439 441 442 443 444 447 448 449 450 451 452 453 454 455 456 457 458 459 460 461 462 465 466 467 469 470 471 472 473 474 475 476 477 478 481 482 483 484 485 486 487 488 490 491 492 493 494 496 497 498 499 500 501 502 504 505 506 507 508 509 510 511 512 516 517 521 522 523 524 525 526 527 528 529 530 535 536 537 538 539 540 541 542 543 544 545 547 549 550 551 552 553 554 555 556 557 558 559 560 561 562 563 564 565 566 567 568 569 570 571 572 573 574 575 576 577 578 579 580 581 582 583 584 585 586 587 588 589 590 591 592 593 594 595 596 597 598 601 602 603 604 605 606 607 608 609 610 611 612 613 614 617 618 619 620 621 622 623 624 625 626 627 628 629 630 631 632 633 634 635 636 637 638 639 640 642 643 644 645 646 647 649 650 651 652 653 654 655 656 658 659 660 661 662 663 664 665 666 667 668 669 670 671 672 673 674 675 676 677 678 679 681 682 683 684 685 686 687 688 690 691 692 693 694 695 697 698 699 700 701 702 703 705 708 709 710 711 712 713 714 715 716 717 718 721 723 724 725 726 727 728 729 730 731 732 733 734 737 738 739 740 741 742 743 744 745 746 747 748 749 752 753 754 755 756 757 758 759 760 761 762 763 764 767 768 770 771 773 775 776 777 778 779 780 781 782 783 784 785 787 789 790 791 792 794 795 796 797 798 799 800 803 804 806 807 808 809 811 816 817 818 819 820 821 822 823 824 825 826 827 828 829 830 831 833 834 835 836 837 838 839 840 841 842 843 844 845 846 847 850 851 852 853 854 855 856 857 858 859 860 861 863 864 865 866 867 868 869 870 871 872 873 874 875 876 877 878 880 881 883 884 885 887 888 890 891 892 893 894 897 899 900 901 902 903 904 905 906 907 908 909 910 912 915 916 917 918 919 920 921 922 923 924 925 926 927 928 930 931 932 933 934 935 936 937 938 939 940 941 942 943 944 945 948 949 950 951 952 953 954 955 956 957 958 960 962 963 965 966 967 968 969 970 971 972 973 974 975 978 979 980 982 983 985 986 987 988 990 993 994 995 996 997 998 999 1000 1001 1002 1004 1005 1006 1008 1009 1010 1011 1012 1013 1016 1017 1018 1019 1021 1022 1023 0
1 2 6 7 8 9 10 11 12 13 16 19 20 21 22 24 26 27 28 29 30 31 34 36 38 39 40 41 42 44 45 46 47 49 50 51 52 53 54 55 56 59 61 62 63 64 65 66 67 68 69 70 73 75 77 79 81 84 86 87 88 90 91 92 93 94 95 96 98 99 100 101 105 106 107 108 109 110 111 112 113 114 115 116 117 118 119 120 122 123 125 126 129 131 132 133 134 135 136 137 138 139 141 145 147 148 149 153 154 156 159 160 162 163 165 166 167 168 169 170 171 173 174 175 176 178 179 180 181 182 183 184 185 186 187 188 189 190 193 194 198 199 200 201 202 203 204 205 206 207 209 211 212 213 214 217 218 219 220 221 222 226 228 229 230 231 232 233 236 237 238 239 241 243 244 245 246 248 249 250 251 253 254 255 256 0
1 3 5 7 8 9 10 11 12 13 17 18 20 21 22 23 24 25 26 27 29 30 31 32 33 34 35 36 37 38 41 42 44 46 47 48 49 51 52 54 55 58 61 64 65 67 68 69 70 72 73 75 76 77 80 82 83 87 88 90 91 92 93 95 97 98 99 103 104 107 110 112 113 115 116 117 119 120 121 123 126 128 129 130 131 133 134 135 136 137 139 140 141 143 144 145 146 147 148 150 151 153 154 155 156 157 158 160 161 164 166 167 168 169 170 171 172 174 176 178 180 181 182 183 185 186 187 188 190 194 198 200 202 203 204 205 207 208 209 210 211 212 214 215 216 217 218 219 220 221 222 223 228 229 230 231 233 236 239 240 241 244 245 247 250 251 252 256 258 261 264 265 268 271 272 273 274 275 276 277 278 281 282 283 285 286 289 290 291 292 293 294 296 298 299 300 301 302 303 305 306 307 308 309 310 312 314 317 321 323 324 326 328 329 330 331 332 333 334 335 337 338 339 340 343 344 346 347 348 349 350 351 353 354 358 359 360 361 362 364 365 366 368 371 373 374 375 376 377 378 379 380 383 384 385 388 389 390 391 392 397 398 399 400 402 404 405 407 408 409 410 412 417 419 420 421 423 424 425 427 429 430 432 435 436 438 439 440 441 442 443 444 446 447 450 453 454 455 456 457 458 460 461 462 465 467 468 469 474 475 476 479 480 482 483 484 485 486 488 490 491 492 494 498 499 500 501 502 503 505 507 508 509 510 511 0
1 2 3 7 8 9 11 12 14 15 16 17 18 20 22 23 26 27 28 29 30 31 32 33 34 35 36 37 41 43 44 45 46 48 49 50 54 55 56 58 59 60 61 63 65 67 68 69 71 72 74 77 78 79 80 81 82 83 84 85 86 87 89 90 91 92 93 94 95 96 97 98 99 101 102 107 108 109 110 111 112 114 115 116 118 119 120 121 125 126 127 128 0
2 7 13 14 16 17 18 19 21 23 24 26 27 28 29 30 31 32 0

11
1 2 3 4 5 6 7 8 9 11 12 13 14 15 16 17 18 21 22 23 24 25 26 27 28 29 31 37 38 39 40 41 43 44 45 47 48 51 53 54 55 56 57 59 60 61 62 63 64 65 66 67 68 69 70 71 72 74 76 77 78 79 80 81 82 84 85 86 87 88 90 92 93 94 96 97 98 99 100 101 102 105 106 107 108 109 113 114 115 116 117 118 119 120 122 123 125 127 128 131 132 133 134 135 136 138 139 140 143 144 145 148 149 153 155 157 160 161 162 163 165 167 168 169 171 172 173 177 178 179 181 183 184 185 187 188 189 190 191 193 194 197 198 199 200 202 203 204 205 206 207 208 209 210 211 213 214 215 216 217 218 219 220 221 222 224 225 226 227 228 229 230 232 233 235 236 237 238 240 242 243 244 245 247 249 250 251 252 253 254 255 256 257 258 259 260 261 262 263 264 265 266 267 268 269 270 271 272 273 274 275 276 278 279 280 282 283 284 285 286 287 290 291 292 293 294 295 296 298 299 300 301 302 304 305 307 308 309 310 311 312 313 315 316 320 321 323 324 326 327 328 329 330 331 332 333 334 335 336 337 338 339 340 342 343 344 345 347 348 349 350 351 352 353 354 355 357 358 359 360 364 365 366 367 368 369 370 371 372 373 374 378 379 380 381 387 389 392 393 394 396 397 400 401 402 404 405 406 407 411 412 413 414 415 416 417 418 420 421 423 429 430 431 432 433 434 436 437 440 441 442 443 444 445 449 450 451 452 454 455 456 457 459 461 464 465 466 467 468 469 470 471 472 474 475 476 477 478 479 480 481 482 483 484 485 486 487 488 491 492 493 494 495 496 497 498 499 500 501 502 503 504 505 506 507 508 509 511 512 514 515 516 517 518 519 520 521 522 523 524 525 526 528 530 532 533 534 535 536 537 538 539 540 544 546 547 549 550 551 552 553 554 555 556 558 559 560 563 565 566 568 569 570 571 572 573 574 575 576 577 581 582 583 584 585 586 587 590 591 592 593 594 595 597 598 599 600 601 603 605 606 607 608 609 610 611 613 614 619 620 621 622 623 624 625 626 629 630 632 634 635 636 637 638 640 643 644 645 646 649 650 656 659 660 661 665 666 668 669 670 671 672 673 674 677 679 680 681 682 683 684 685 686 687 688 689 690 693 694 695 696 697 698 699 700 701 705 707 709 710 711 712 715 716 720 721 722 723 724 725 726 727 731 732 733 734 735 736 738 739 742 743 745 746 748 749 750 751 752 753 754 756 758 760 762 763 764 765 766 767 768 769 770 771 772 773 774 775 776 777 778 779 780 781 782 783 784 787 788 789 790 791 792 793 794 795 797 798 800 801 802 803 804 805 806 808 809 810 811 812 813 814 815 816 820 821 822 823 824 826 827 828 829 830 831 832 836 837 839 840 841 842 843 844 846 847 848 849 850 851 852 853 854 855 856 857 858 859 860 861 862 863 864 865 866 869 870 871 872 873 875 876 877 878 882 884 885 890 891 892 894 895 896 899 900 901 902 904 905 906 910 911 912 915 916 920 922 923 924 925 926 929 930 934 935 936 937 938 939 940 941 942 943 944 945 946 948 949 950 951 952 953 954 955 956 958 959 960 961 964 965 966 968 969 970 973 974 975 977 978 979 980 981 982 983 984 985 986 987 988 990 991 992 993 994 995 996 997 998 999 1000 1001 1003 1004 1005 1006 1007 1008 1009 1010 1011 1012 1013 1014 1015 1016 1017 1018 1019 1020 1021 1022 1023 1024 0
2 3 4 5 6 7 8 10 11 12 13 15 16 17 18 19 20 21 22 23 24 25 26 28 29 30 31 32 35 36 37 38 39 40 43 44 46 49 50 51 52 53 54 55 56 57 58 59 60 62 65 66 67 68 69 70 71 74 75 76 77 78 79 80 81 82 83 84 85 86 87 89 90 92 93 95 96 97 98 100 101 102 105 106 107 110 112 113 114 116 117 118 119 120 121 122 123 126 127 128 129 130 131 132 133 136 140 141 142 143 144 145 146 147 148 149 150 152 153 154 155 156 159 160 161 162 163 165 166 168 169 172 173 174 177 178 179 180 183 184 185 186 187 188 189 190 191 192 193 194 195 196 197 198 199 200 201 202 204 205 206 207 208 209 210 211 212 214 215 216 217 218 219 220 221 223 225 226 227 228 229 231 233 234 235 236 237 238 239 240 241 242 243 244 246 247 248 249 250 251 252 254 255 0
1 2 3 4 5 6 7 8 10 11 12 13 16 18 20 22 23 24 26 27 28 29 30 31 32 33 35 36 37 39 40 42 43 44 46 47 48 49 50 51 54 55 56 57 58 59 60 61 62 63 65 66 67 68 69 70 71 73 76 78 79 80 82 83 84 85 88 90 91 93 95 96 99 100 101 102 103 105 106 107 108 109 111 112 113 115 119 122 123 124 125 127 129 133 134 135 136 137 138 139 141 142 144 146 147 148 149 150 151 152 153 155 157 158 159 161 162 163 166 167 169 170 171 173 174 175 176 178 179 180 182 185 186 189 190 191 192 196 197 198 199 201 202 203 204 205 206 208 209 210 211 213 214 215 216 217 218 219 220 221 224 225 226 227 229 230 232 233 234 235 236 238 239 240 241 242 244 245 246 248 249 251 253 254 255 256 257 259 260 262 263 264 267 268 269 270 272 273 274 276 277 281 283 284 285 286 288 289 291 292 295 296 298 299 300 302 303 305 306 307 308 309 311 312 313 314 315 316 317 318 323 324 326 330 332 333 334 335 336 337 340 342 343 344 346 348 351 353 357 358 361 362 364 365 368 370 371 372 373 375 376 377 378 379 380 381 382 385 386 387 388 389 390 391 393 394 395 399 401 407 408 410 412 413 415 417 418 420 423 425 426 427 428 429 430 433 434 435 436 437 438 439 440 441 442 443 444 446 447 451 453 455 457 458 459 460 461 462 467 468 469 470 473 474 475 476 477 480 483 486 488 489 490 492 493 494 496 499 500 501 502 503 504 505 506 507 509 510 511 0
2 3 4 5 7 8 10 12 13 16 17 18 20 21 22 23 24 26 27 28 29 30 31 33 35 36 38 41 42 43 46 48 49 50 51 52 53 54 56 58 59 60 62 63 64 66 67 68 69 73 76 77 78 79 84 85 88 91 92 93 94 95 96 101 102 104 105 106 107 108 109 110 111 114 115 116 118 122 125 126 0
2 4 7 9 10 13 14 15 16 19 20 21 22 25 26 27 29 32 0

12
1 2 3 6 7 8 9 13 14 15 16 17 22 23 24 28 29 30 31 32 35 36 37 38 39 41 42 43 45 46 47 48 50 51 52 53 55 56 57 58 59 60 62 63 64 65 67 68 69 70 71 72 75 76 77 80 81 82 83 86 87 88 90 91 92 93 94 95 96 97 99 100 101 103 104 105 106 108 109 110 113 115 116 117 119 122 123 124 125 127 130 133 134 135 136 137 138 139 140 141 143 145 146 147 149 150 152 153 154 155 156 160 161 162 164 165 166 167 168 169 170 171 172 173 174 175 176 177 179 180 181 183 185 186 188 189 190 191 192 193 194 195 196 197 198 202 203 206 207 208 209 210 211 212 213 214 215 218 219 221 222 223 224 226 227 228 229 231 234 235 238 239 240 241 242 243 244 245 248 249 251 253 254 258 259 260 261 262 266 268 270 271 272 274 276 277 278 281 282 283 284 288 290 291 292 293 294 295 296 297 298 299 300 304 305 306 307 309 310 311 313 314 315 316 317 318 319 320 321 322 323 324 325 327 328 329 330 331 332 333 335 336 337 338 339 340 342 343 345 346 347 348 349 350 351 352 354 355 356 357 358 359 360 361 362 363 364 365 366 368 369 370 371 372 373 374 375 376 378 379 380 381 382 383 384 385 386 388 389 390 391 394 395 396 397 399 400 401 403 405 408 409 410 411 412 413 415 416 421 424 425 426 427 428 430 431 432 433 434 435 438 439 440 441 442 443 444 445 447 448 450 452 453 454 456 457 459 464 465 466 467 468 472 473 475 476 477 481 482 483 484 486 487 492 493 496 497 498 499 500 501 502 503 504 506 507 508 509 510 511 512 513 514 515 516 517 518 520 521 522 523 524 527 528 529 530 531 532 533 534 536 537 538 539 544 545 546 547 548 549 551 552 553 560 561 567 568 569 570 575 576 577 578 580 581 582 583 588 590 591 592 593 594 595 596 598 599 602 603 605 606 607 608 610 611 612 613 615 616 617 618 619 620 621 623 624 625 626 627 628 629 630 631 632 633 634 635 636 637 638 639 640 641 642 643 645 646 647 648 649 650 651 652 653 654 655 656 657 658 659 660 661 662 663 664 665 666 667 668 669 671 672 673 674 675 676 677 678 679 680 681 682 683 684 686 687 688 689 690 691 692 693 694 695 696 697 698 699 701 703 704 705 706 707 709 711 714 715 716 719 720 724 725 726 727 729 730 732 734 735 736 740 741 742 743 744 747 748 749 751 752 753 754 755 757 758 759 763 764 765 767 768 769 770 771 772 773 776 777 778 779 782 783 784 785 786 787 788 789 790 791 792 793 794 800 801 806 807 808 809 810 811 815 816 820 821 824 825 826 827 829 830 831 832 833 834 835 836 837 839 840 841 842 844 846 847 848 849 850 851 852 853 854 855 856 857 861 862 863 864 865 866 867 868 871 872 873 874 877 878 879 880 882 883 884 886 887 889 890 891 892 894 896 898 899 900 903 904 905 906 907 908 910 912 913 914 915 916 917 918 919 920 921 923 924 925 926 927 928 929 930 931 933 934 935 936 937 938 939 940 941 942 944 945 946 947 948 949 950 951 952 953 954 955 956 957 958 961 962 963 965 966 968 969 970 971 972 973 974 975 976 980 981 982 983 984 985 986 987 988 989 991 992 996 997 998 1000 1001 1002 1004 1006 1007 1008 1013 1016 1017 1018 1019 1021 1022 1023 1024 0
3 4 7 8 9 10 11 13 15 18 19 20 21 22 23 25 27 28 29 30 31 35 37 38 39 40 43 44 45 48 50 52 53 54 55 57 59 61 62 63 64 65 67 68 71 72 74 75 76 77 78 79 80 81 82 83 84 85 87 91 92 96 97 98 100 102 105 106 107 108 109 110 111 113 114 115 117 118 119 120 121 122 124 125 127 129 130 131 132 133 135 143 144 145 146 147 148 149 150 151 153 154 155 156 158 159 160 162 163 164 165 166 167 168 169 170 171 173 174 177 179 180 181 182 183 184 185 186 188 189 190 191 192 193 194 195 196 197 198 199 200 201 203 204 205 206 207 208 209 210 211 212 213 214 215 216 220 221 222 223 224 225 226 227 228 229 231 232 233 234 235 236 238 240 241 244 245 246 247 248 250 254 256 0
1 2 3 4 6 7 8 9 10 11 12 13 14 18 19 20 22 23 24 27 28 29 30 31 34 35 36 37 38 39 44 45 46 50 52 53 55 56 57 58 59 61 62 63 64 65 66 67 69 70 71 72 73 75 76 79 81 86 87 88 91 92 93 94 95 96 99 101 103 104 105 106 108 109 111 112 114 116 117 118 120 122 123 124 125 126 127 128 131 132 134 135 136 137 138 139 141 144 147 148 149 150 151 152 155 156 157 158 159 160 161 163 164 165 166 167 171 172 174 175 176 178 180 181 182 183 184 187 189 190 191 193 194 196 197 199 201 202 203 207 208 210 211 212 213 214 215 216 217 219 220 221 222 223 224 226 228 229 230 232 233 235 236 237 238 240 243 244 245 246 247 248 250 251 252 253 255 256 258 259 260 261 263 264 266 267 269 271 272 273 276 278 279 280 281 282 283 287 289 290 291 293 294 295 299 300 303 304 306 310 311 312 316 319 320 322 323 325 326 327 328 329 330 333 334 335 337 339 340 341 342 343 344 345 347 349 350 351 352 354 355 356 358 359 361 362 363 364 365 366 368 369 371 372 374 375 376 377 378 380 381 383 384 385 386 387 388 389 390 391 394 395 396 397 398 399 401 402 403 404 405 406 407 409 410 411 412 413 415 416 419 420 421 422 424 427 428 432 434 435 436 437 439 440 444 445 447 448 449 451 453 458 459 460 461 462 463 466 467 468 469 470 471 472 477 478 479 480 481 483 486 487 489 490 492 493 494 495 496 499 500 501 502 503 504 505 506 507 508 509 510 511 512 0
2 4 5 7 8 9 10 12 14 16 17 18 19 21 22 27 29 31 32 34 35 39 40 41 42 43 45 46 47 50 51 54 55 56 57 58 59 60 62 63 64 65 68 69 70 71 72 73 74 75 77 78 79 80 81 83 84 85 86 87 88 89 90 92 94 95 96 97 98 99 100 101 102 103 105 108 110 111 114 115 116 117 118 119 120 121 123 124 126 127 128 0
1 2 3 6 7 9 11 13 16 18 20 21 24 25 26 28 30 31 32 0

13
1 2 3 4 11 12 13 14 15 17 19 20 28 29 30 31 34 35 36 37 38 39 41 42 43 44 45 46 47 49 50 51 52 53 54 55 56 57 58 59 60 61 62 65 66 67 72 73 74 75 76 77 81 82 86 88 89 90 91 94 95 96 97 98 99 101 102 103 104 105 109 110 111 113 115 116 117 118 120 123 128 134 135 136 138 139 143 144 145 147 148 150 152 154 156 158 159 160 162 163 164 165 166 167 171 173 174 175 177 178 179 180 182 183 184 185 187 189 193 197 199 200 201 202 203 204 205 206 208 211 212 213 214 215 216 217 218 219 220 221 222 223 224 225 226 227 228 229 231 233 234 235 236 237 238 239 241 242 243 244 245 246 247 248 249 250 251 252 254 255 257 261 263 264 265 266 267 272 273 277 278 279 280 281 282 285 286 287 288 289 290 291 292 293 294 295 296 297 298 299 300 301 302 303 304 305 306 307 308 309 310 311 313 314 317 318 319 320 321 323 324 325 326 328 329 333 334 335 336 339 340 341 342 343 344 347 348 350 351 355 356 357 358 359 360 362 363 364 365 366 368 369 370 371 372 373 374 375 377 378 379 380 381 382 383 384 385 386 387 390 391 392 393 394 396 397 398 399 400 401 402 404 405 407 408 409 410 411 413 414 416 417 420 422 423 424 425 426 427 428 429 432 433 436 438 444 447 448 450 451 453 454 459 460 462 463 464 465 466 469 470 471 472 473 478 479 480 481 482 483 486 487 488 493 494 495 496 497 498 499 501 502 503 504 505 506 507 508 509 510 511 512 514 515 516 517 518 519 520 521 522 524 525 526 527 528 529 530 531 532 533 534 535 536 537 538 539 540 541 542 543 544 545 548 549 550 551 552 554 556 557 558 559 560 563 564 565 566 567 573 574 575 576 578 579 580 581 582 583 584 585 589 590 591 592 594 595 596 597 598 599 602 603 604 605 606 607 608 610 611 612 618 619 620 621 622 623 624 625 626 627 628 629 630 633 634 635 636 637 638 639 640 641 642 643 644 645 646 648 649 650 651 652 653 654 656 657 658 659 660 661 663 664 665 666 668 669 672 673 676 677 678 679 680 681 682 683 684 685 687 688 689 690 691 692 693 694 696 697 698 699 700 702 703 704 705 706 707 708 709 710 714 716 718 719 720 721 722 725 726 727 728 735 736 737 741 742 743 744 745 750 751 752 753 754 757 758 759 760 761 762 763 764 765 766 767 768 770 771 772 773 774 775 776 777 778 779 780 781 782 783 784 785 786 787 788 789 790 793 794 795 796 797 798 799 800 801 802 808 815 816 821 822 823 824 825 828 829 830 831 832 834 835 836 837 838 839 840 841 842 845 846 847 848 849 850 851 852 853 854 857 858 859 860 861 862 863 864 866 867 873 874 876 877 878 879 880 885 886 887 891 892 893 894 897 898 899 900 901 902 904 906 907 908 909 913 914 915 921 922 923 925 926 928 929 930 936 937 938 939 943 944 945 946 950 952 953 954 955 956 957 958 959 961 962 964 965 967 968 969 970 971 972 973 975 977 981 982 985 991 992 993 997 998 999 1000 1001 1005 1007 1008 1009 1010 1014 1015 1019 1020 1021 1023 1024 0
9 10 11 14 15 17 21 22 25 26 27 28 29 30 31 36 40 42 47 48 49 51 52 54 55 56 58 59 61 62 63 65 66 70 71 72 73 74 75 76 77 78 79 81 82 85 86 88 89 91 92 93 94 95 97 98 101 102 104 105 106 107 108 109 110 111 114 115 116 117 118 119 120 121 122 124 125 126 127 128 129 130 131 132 133 134 135 136 138 139 143 144 145 146 147 149 150 151 153 154 155 156 157 158 159 160 161 162 163 164 168 169 170 171 172 174 175 176 177 178 180 181 185 186 187 188 189 190 191 192 193 194 195 196 197 198 199 200 201 204 205 206 207 208 209 210 211 212 213 214 215 216 217 222 224 225 226 227 229 230 231 233 234 235 236 237 238 239 241 242 247 249 251 252 254 255 256 0
1 2 3 4 5 6 7 8 9 10 11 12 13 15 16 20 21 23 24 25 26 28 29 30 31 32 33 34 35 36 37 40 41 44 45 46 49 53 54 55 58 59 60 62 63 66 67 68 70 71 72 75 76 78 79 80 82 87 88 89 93 94 96 97 103 104 107 108 112 116 117 121 123 125 126 127 128 129 130 134 135 136 137 138 140 141 143 146 147 148 149 150 153 155 156 157 158 160 161 164 165 167 168 170 173 174 176 177 180 181 182 187 188 189 190 191 192 193 194 198 200 202 203 204 205 207 208 210 211 212 215 216 217 218 219 221 222 224 226 227 228 229 230 231 232 233 235 236 238 239 240 241 245 246 247 248 250 252 255 256 257 260 261 262 263 264 265 266 267 271 272 273 277 278 280 281 284 285 287 288 289 291 292 293 294 295 296 299 300 301 305 307 309 311 313 314 315 317 318 319 320 321 322 323 324 325 327 328 330 331 332 334 335 336 339 340 341 343 344 345 346 347 350 352 353 354 355 360 361 362 366 367 369 370 371 373 374 376 377 378 380 381 382 383 384 385 386 387 388 389 390 391 392 393 394 395 396 397 398 399 400 401 402 406 407 408 409 411 413 414 417 418 420 421 424 425 427 428 429 431 433 436 438 440 443 444 446 447 448 449 450 453 454 455 456 458 459 460 461 462 463 464 465 470 473 474 478 479 480 481 485 486 492 493 495 496 498 499 502 503 504 505 506 507 508 509 510 511 512 0
5 6 7 8 9 10 11 12 13 16 17 18 20 21 22 23 24 25 26 27 28 29 31 32 35 36 44 45 47 48 51 53 54 55 56 58 59 61 63 65 66 69 72 73 74 75 77 78 79 80 81 82 84 85 86 88 89 90 92 93 94 96 97 99 102 104 105 106 107 108 109 110 111 112 114 115 116 117 118 120 125 126 0
3 5 7 10 13 14 16 18 24 27 28 30 32 0

14
1 2 3 4 5 6 7 8 9 10 11 12 13 14 15 16 17 18 19 20 21 22 23 24 25 26 27 28 29 30 31 32 34 35 36 37 38 39 40 41 42 43 44 45 46 47 48 49 50 51 52 53 54 55 57 58 59 60 61 62 63 64 65 66 67 68 69 70 71 72 73 74 77 78 79 80 82 83 84 85 86 87 92 93 94 95 96 97 98 99 100 101 102 103 104 107 108 109 110 112 114 115 116 117 119 120 121 123 124 126 127 128 129 130 131 132 133 134 135 139 140 142 143 144 145 147 148 151 154 155 156 157 158 159 160 163 164 165 169 170 172 173 174 175 176 180 181 182 183 185 187 188 189 190 191 192 195 196 197 198 199 201 202 203 204 205 206 207 208 210 211 212 213 214 215 217 218 219 220 221 222 223 224 226 227 230 232 234 235 237 238 240 241 242 243 244 246 247 248 249 251 252 253 254 256 257 258 259 260 261 262 263 264 265 266 267 268 269 270 271 272 273 274 275 276 277 278 280 281 282 283 284 285 286 287 288 289 290 291 292 293 294 295 296 297 298 299 300 301 302 303 304 305 306 307 308 309 310 311 312 313 314 315 316 318 320 321 322 323 324 325 326 327 328 329 330 332 333 334 335 336 337 338 339 340 341 343 346 347 348 349 351 352 353 354 355 356 357 358 360 361 362 363 365 366 367 368 369 370 371 372 377 378 381 382 383 384 385 386 387 388 389 393 394 396 398 399 400 401 402 403 404 406 407 408 409 413 414 415 416 417 419 420 421 422 423 424 425 429 430 431 432 433 435 436 437 438 439 440 441 442 444 445 446 447 448 449 451 453 454 455 456 458 459 460 461 462 463 464 465 466 467 468 470 471 472 473 474 475 476 478 479 480 481 482 483 484 486 487 488 490 491 492 493 494 495 496 497 498 499 500 501 502 503 504 505 506 507 508 509 510 511 512 514 515 516 517 518 519 520 521 522 523 524 525 526 527 528 529 530 531 532 533 534 535 536 537 538 539 540 541 542 543 544 545 546 547 548 549 550 551 552 553 555 556 557 558 559 560 561 562 563 564 565 566 567 568 569 570 571 573 574 576 577 578 579 580 581 582 586 587 588 589 591 592 593 594 595 596 597 600 601 602 603 604 605 606 607 608 609 610 611 612 613 617 618 620 621 622 624 625 626 627 628 629 630 631 633 637 638 639 640 641 642 643 644 645 646 647 648 649 650 652 653 654 655 656 657 659 660 661 662 663 664 666 667 669 670 672 673 675 676 677 678 679 680 682 685 686 687 688 689 691 692 693 694 695 696 700 701 702 703 704 705 706 707 708 709 710 712 714 715 716 717 718 719 720 722 723 724 725 726 727 728 732 733 734 735 736 738 739 740 743 744 745 746 747 748 749 750 751 752 754 755 756 758 759 760 761 762 763 764 765 767 768 769 770 771 772 773 774 775 776 777 778 779 780 781 782 783 784 785 787 789 790 791 792 793 795 796 797 798 799 800 801 802 803 804 805 807 808 809 810 811 813 814 815 816 818 820 821 822 823 824 825 826 827 828 829 830 831 832 834 835 836 837 838 839 842 843 844 845 846 849 850 852 853 856 857 858 860 861 862 864 866 867 868 869 871 872 873 874 875 876 877 878 879 880 881 882 883 884 885 886 887 888 889 890 892 893 894 895 896 897 899 900 901 902 903 904 905 908 909 910 912 913 914 915 916 917 918 919 923 925 926 928 929 930 931 932 933 934 935 939 943 944 945 946 947 949 951 952 953 954 955 957 958 959 960 961 962 963 964 965 966 967 970 971 972 973 974 975 976 978 979 980 982 983 984 985 986 987 988 991 992 993 995 996 997 999 1002 1005 1006 1007 1008 1009 1010 1011 1012 1013 1014 1015 1016 1017 1018 1019 1020 1021 1022 1023 1024 0
1 2 3 4 5 6 7 8 9 10 11 12 13 14 16 17 18 19 23 24 25 27 30 32 37 39 40 41 42 44 45 46 47 49 50 51 52 53 54 57 59 60 61 62 63 64 66 67 68 69 70 71 72 74 75 76 77 78 79 80 81 82 83 84 85 86 87 88 89 90 91 92 94 95 96 97 102 103 104 110 111 112 113 114 116 117 118 119 120 121 122 123 124 125 126 127 128 129 130 131 132 133 134 135 139 140 141 142 143 144 146 147 148 149 150 152 154 155 156 159 160 161 162 163 164 165 166 167 170 173 175 176 177 179 181 182 183 184 186 187 189 190 191 192 193 194 195 196 198 199 200 202 203 204 205 206 207 208 209 210 211 212 214 216 217 218 219 220 223 224 225 226 227 228 230 232 233 235 236 237 238 240 242 243 244 245 246 248 249 250 251 252 253 254 255 256 0
3 4 5 7 8 10 12 13 14 17 19 21 22 23 25 26 28 29 30 31 32 34 35 36 38 40 43 45 51 52 53 54 57 58 59 60 61 62 63 64 65 66 68 70 71 72 75 77 78 79 81 82 83 84 86 87 88 89 90 91 92 94 95 97 99 103 104 105 106 107 111 113 114 116 119 124 125 126 127 128 129 134 135 136 139 140 142 144 145 146 147 149 150 151 152 154 157 158 159 160 163 164 165 166 167 168 170 171 172 173 175 176 177 181 182 187 188 189 190 194 195 197 198 199 200 203 204 205 210 211 212 213 215 216 217 218 219 220 221 223 224 226 227 228 230 231 232 233 234 235 236 238 239 240 244 245 246 247 249 250 251 252 253 254 255 256 257 261 262 263 265 266 267 268 270 271 273 275 278 279 280 281 282 284 286 287 288 289 290 292 297 301 302 303 304 305 306 307 308 309 311 314 317 318 319 320 321 323 326 327 328 329 330 332 333 334 335 336 338 339 340 341 343 346 347 348 350 352 354 356 357 359 362 363 367 368 369 370 372 373 374 375 376 377 378 379 380 381 382 383 385 386 387 388 389 390 391 392 393 394 395 396 397 398 400 402 405 406 408 409 410 412 413 414 415 416 418 419 422 425 426 429 430 431 432 433 434 435 437 438 439 441 442 443 444 445 446 447 448 449 450 451 452 453 454 455 456 458 459 460 461 462 463 464 465 466 468 469 470 471 472 473 474 476 479 482 483 484 488 489 490 492 493 494 495 496 502 503 504 506 507 508 510 512 0
1 2 3 4 5 6 8 9 12 13 14 15 16 19 23 26 27 28 29 30 31 32 33 35 36 37 39 40 41 42 47 48 49 50 51 53 55 56 58 59 60 61 62 63 64 66 67 69 70 71 72 73 74 75 76 77 80 83 84 85 86 87 88 93 95 96 98 101 102 103 104 105 106 108 110 111 112 113 115 116 118 120 123 124 127 128 0
1 7 8 9 12 14 17 18 19 20 21 22 25 30 0

15
1 2 3 4 5 6 7 8 9 10 11 12 13 14 15 16 17 18 19 21 22 23 24 25 27 29 30 31 32 33 34 35 36 37 39 40 41 42 43 44 45 46 47 48 49 50 51 52 54 55 56 57 58 59 60 61 62 63 64 65 66 67 69 70 71 72 73 74 77 78 80 81 82 85 87 88 89 90 91 92 93 94 95 96 97 98 99 100 101 102 104 106 107 108 109 110 111 112 113 114 115 116 119 120 121 122 123 124 125 126 127 128 129 130 131 132 134 135 136 138 139 140 142 143 144 145 146 147 148 149 150 151 152 153 154 155 157 158 160 161 162 163 164 165 167 168 169 171 172 173 174 175 176 178 179 182 183 184 185 186 187 188 189 190 191 192 193 194 195 196 198 199 202 203 204 205 206 207 208 209 210 211 212 213 214 216 217 218 219 220 222 224 225 226 227 228 229 230 233 234 235 236 237 238 239 240 241 242 244 245 246 247 249 251 252 253 254 255 256 257 258 259 261 262 263 264 265 267 268 269 270 271 272 273 274 275 276 277 278 279 280 281 283 284 285 286 287 288 289 291 292 293 294 297 298 300 301 302 303 304 305 306 307 308 309 310 311 312 313 314 315 317 318 319 320 321 322 323 324 325 326 327 328 329 330 331 332 333 334 335 336 337 338 339 340 341 342 343 344 345 346 347 348 349 350 351 352 353 354 355 356 357 358 359 360 361 362 363 364 365 366 367 368 369 370 371 372 374 375 376 377 378 379 380 381 382 383 384 385 386 387 388 389 390 391 392 393 394 395 396 397 398 399 400 401 402 403 404 405 407 408 409 410 411 412 413 415 416 417 418 419 420 421 422 423 424 425 426 427 428 429 430 431 432 433 434 435 436 437 438 439 440 441 442 443 444 445 446 448 449 450 451 453 454 455 456 457 458 459 460 461 462 463 464 465 466 467 469 470 471 472 473 474 475 476 477 478 479 480 481 482 483 485 486 487 488 489 490 491 493 494 495 496 497 498 499 500 501 502 503 504 505 506 507 508 509 510 511 512 513 514 515 516 517 518 519 520 521 522 524 525 526 527 528 529 530 532 533 534 536 537 538 540 541 542 543 544 545 546 547 548 549 550 551 552 553 554 555 556 557 558 559 560 561 562 563 564 565 566 567 568 569 570 571 572 574 575 576 577 578 579 580 581 582 583 587 588 589 590 591 592 593 594 596 597 598 600 601 602 604 605 606 607 608 609 612 613 614 615 619 621 622 623 624 625 627 628 630 631 632 633 634 635 636 637 638 639 640 641 642 643 644 646 647 648 649 652 653 654 655 656 657 658 659 660 661 662 663 665 666 668 669 670 671 672 673 674 675 676 677 678 680 681 683 684 686 687 688 689 691 693 696 697 698 699 700 701 702 703 704 705 707 709 710 711 714 715 716 717 718 719 720 721 722 723 724 725 726 727 728 729 730 731 732 733 735 736 737 738 739 741 743 744 745 746 747 748 750 751 752 753 754 755 757 758 759 760 761 763 764 765 766 767 768 769 770 771 772 773 774 775 776 777 778 779 780 781 782 783 784 785 786 787 790 791 792 793 795 796 797 798 799 800 801 802 803 804 806 807 808 809 810 811 812 813 814 815 817 818 821 822 823 824 825 826 827 828 829 830 831 832 833 834 836 837 839 840 841 842 843 844 845 846 847 848 849 850 852 853 854 855 856 857 858 859 860 861 862 863 864 865 867 868 869 870 871 872 873 874 875 876 877 878 879 880 881 882 883 884 885 886 887 888 889 890 891 892 893 894 895 897 899 900 901 902 903 904 905 906 907 908 909 910 912 913 914 915 916 917 918 919 920 922 923 924 925 926 927 928 929 930 931 932 933 934 935 937 938 939 940 941 942 943 945 946 947 948 949 950 952 953 955 956 957 958 960 961 963 964 965 966 967 968 969 970 971 972 973 974 976 977 978 980 981 984 985 986 987 988 989 990 991 992 993 994 995 997 998 999 1000 1001 1002 1003 1004 1005 1006 1007 1008 1009 1010 1011 1012 1013 1014 1015 1016 1017 1018 1019 1020 1021 1022 1023 1024 0
1 2 3 4 5 6 7 8 10 11 12 13 15 16 17 18 19 23 24 25 26 27 29 30 31 32 33 36 38 39 40 42 43 44 46 47 48 49 50 51 52 53 54 55 56 57 58 59 60 61 62 63 64 65 67 68 70 71 72 73 76 77 79 80 81 83 84 85 86 87 88 89 91 92 93 94 95 96 98 101 102 103 104 105 107 108 109 110 111 112 113 114 115 116 117 118 119 120 121 122 123 124 125 126 127 128 129 130 131 133 134 135 136 137 140 142 143 144 146 147 148 149 150 151 152 154 155 157 158 159 161 163 167 169 170 171 172 175 176 179 180 181 182 183 184 185 186 187 189 190 191 192 193 194 195 196 197 198 199 200 203 204 205 206 207 208 209 210 211 212 214 215 216 217 218 220 221 222 223 224 225 226 227 228 230 231 232 234 235 237 238 240 241 242 244 245 246 247 248 249 250 251 252 253 254 255 256 0
1 2 3 4 5 6 7 8 10 11 12 13 14 16 18 19 21 22 24 25 26 27 28 30 31 33 36 37 39 40 41 43 44 46 48 52 53 54 57 58 59 60 61 62 63 64 66 68 69 70 71 72 75 76 78 79 82 83 85 86 87 88 89 91 92 94 95 96 97 98 99 101 102 103 104 107 110 111 115 116 117 118 120 121 124 125 126 127 128 129 132 133 134 137 138 139 140 141 142 143 144 145 147 148 150 151 152 153 155 156 158 159 160 163 164 165 166 168 169 172 174 176 177 178 179 181 182 183 184 187 188 189 190 191 195 196 197 199 200 201 203 204 205 206 207 208 209 210 211 213 215 216 219 220 221 222 223 224 228 229 230 232 233 235 237 238 239 240 241 242 243 244 245 246 247 248 250 251 252 253 254 255 256 258 259 261 262 264 265 267 269 270 271 272 274 275 276 277 278 279 280 281 284 285 289 291 292 293 294 295 296 297 298 301 302 303 304 305 306 309 310 311 312 313 314 316 318 319 320 322 323 324 327 329 330 331 332 334 336 337 338 339 340 341 342 343 344 345 346 350 351 352 354 356 357 358 359 360 361 362 365 366 367 368 370 371 372 374 376 377 378 379 380 381 382 383 384 385 386 387 388 389 390 391 392 393 394 395 396 397 399 400 402 403 404 405 406 407 408 409 412 413 414 415 416 419 420 421 422 423 424 425 426 427 428 429 431 432 433 434 436 437 439 440 443 446 447 448 449 451 452 453 455 456 457 458 459 460 461 462 463 464 465 466 467 468 469 472 473 475 476 477 478 479 480 481 483 486 489 491 492 493 494 495 496 498 500 501 504 506 507 509 510 511 512 0
2 3 4 7 8 10 11 13 14 15 16 17 18 19 21 22 23 24 25 27 28 29 30 31 32 33 34 35 37 39 40 42 43 44 46 47 48 49 51 53 56 60 61 62 63 64 65 66 67 68 69 71 73 74 75 76 77 78 79 80 81 84 85 90 92 95 97 98 100 102 103 104 107 108 109 110 111 112 113 114 115 116 118 125 127 128 0
1 4 5 9 13 14 15 19 20 21 22 23 25 28 31 0

16
1 2 3 5 6 7 8 11 12 13 14 20 21 22 23 24 25 28 29 30 32 33 34 35 36 37 39 40 41 42 43 44 45 48 49 50 51 55 56 57 58 59 60 61 64 65 66 67 71 72 73 74 75 76 80 81 86 87 88 92 93 97 100 101 102 103 104 109 113 114 115 116 117 118 120 121 122 123 124 125 126 127 129 130 131 134 135 136 137 138 139 140 141 142 143 144 145 150 151 152 153 154 155 156 157 158 159 160 164 165 166 167 168 169 170 171 172 173 174 177 179 180 181 182 186 187 188 191 194 195 196 197 202 206 207 208 209 211 212 221 222 223 224 225 233 236 237 240 241 251 252 253 256 257 258 260 261 262 263 264 265 266 267 268 269 270 271 273 274 275 276 279 280 281 282 283 284 286 287 288 289 290 291 293 299 301 302 303 304 305 306 307 308 309 310 311 312 313 314 316 317 318 319 320 324 326 327 328 329 330 331 332 334 335 336 337 341 342 343 344 345 346 347 348 349 350 351 352 353 356 357 358 359 364 365 367 368 369 373 374 375 376 377 378 379 381 383 386 389 390 391 392 393 394 397 401 402 404 406 407 408 409 410 412 413 416 417 418 419 422 424 425 426 427 428 429 432 433 434 438 439 440 441 442 443 444 445 450 454 455 456 457 458 459 460 461 462 464 465 466 467 469 470 471 472 473 474 475 476 478 479 480 481 482 483 484 485 486 487 489 490 491 492 494 495 496 497 498 499 500 501 502 503 504 505 506 507 508 509 510 511 512 513 514 515 518 522 523 526 528 530 531 533 534 535 536 537 540 541 542 543 544 545 546 547 549 550 551 552 553 555 556 557 558 559 560 561 563 564 565 566 567 568 569 570 571 572 573 574 575 576 577 578 579 580 581 582 583 584 585 586 587 588 589 590 591 592 594 595 596 598 599 600 601 602 603 604 605 606 607 608 610 611 613 614 615 616 620 621 622 624 625 628 629 630 632 633 634 635 636 637 641 643 644 645 646 647 648 649 651 652 653 656 658 659 661 662 663 664 665 666 667 668 669 671 672 674 677 678 679 681 682 685 687 688 689 693 694 695 699 701 705 709 714 715 717 720 722 725 731 732 734 735 736 738 739 740 741 742 743 744 745 746 747 750 751 752 754 755 756 757 758 759 761 762 766 767 768 769 770 771 772 773 774 775 776 777 778 779 780 782 783 784 786 787 789 790 791 792 793 794 795 796 797 799 801 802 803 804 806 807 808 809 810 811 815 816 817 823 824 825 826 827 830 831 833 835 836 837 840 841 842 843 845 846 847 848 849 850 851 852 853 856 858 859 860 862 864 865 866 867 869 871 873 874 875 876 877 880 881 884 887 888 889 890 891 892 893 894 896 897 899 901 902 903 904 905 907 908 909 910 911 912 914 915 917 918 920 921 922 923 924 925 926 933 934 935 936 937 938 939 940 941 942 943 944 946 949 950 951 952 953 954 955 956 957 958 961 967 968 969 971 972 973 977 980 981 982 990 991 993 994 995 996 997 998 999 1000 1001 1002 1006 1007 1009 1010 1012 1013 1015 1016 1017 1018 1019 1020 1021 1022 1024 0
2 3 4 7 8 9 10 11 12 13 14 15 17 18 19 20 22 26 29 30 31 32 36 39 40 43 44 45 46 47 48 49 50 51 53 54 55 56 57 58 59 62 63 65 67 69 70 71 72 74 75 76 77 78 79 81 82 83 84 85 86 87 89 90 91 94 95 96 97 98 100 101 102 103 104 106 107 108 109 110 111 112 114 116 117 119 120 126 128 129 130 131 132 133 135 136 139 140 141 143 145 146 148 149 150 153 155 156 157 158 161 162 163 164 165 166 167 168 171 172 173 174 175 177 178 179 182 184 191 193 194 195 196 197 198 199 200 203 204 206 207 208 209 210 211 213 214 215 217 218 219 220 222 223 225 226 227 228 229 230 233 235 236 237 238 239 240 243 244 245 246 248 249 250 251 252 253 254 255 256 0
1 2 3 4 5 10 11 12 13 15 16 17 18 19 23 24 26 27 28 31 32 33 34 39 40 45 46 47 49 50 51 52 53 54 55 57 58 59 61 62 63 64 65 66 68 69 70 71 72 73 76 77 78 79 82 84 85 87 88 89 90 91 92 93 94 95 96 98 100 102 103 104 105 107 109 110 111 114 115 116 117 119 120 121 122 123 125 126 129 131 134 135 136 137 138 140 141 144 145 146 147 148 149 151 153 156 159 162 163 164 166 167 168 169 171 173 174 175 176 179 181 183 184 185 186 187 188 189 190 191 192 195 196 198 199 200 203 204 205 206 207 208 209 210 211 212 213 214 215 217 218 219 223 224 225 226 227 232 234 235 236 237 238 239 240 242 243 244 245 248 249 250 251 253 255 256 258 260 261 262 263 264 265 266 267 269 271 272 273 275 276 277 279 281 282 283 284 285 286 287 288 289 292 294 296 298 300 301 302 303 304 305 306 307 309 310 312 313 314 315 316 323 324 325 326 327 331 332 333 334 335 337 338 339 340 341 343 345 347 349 351 353 354 358 359 360 361 362 363 365 366 367 368 369 370 371 372 373 374 375 378 379 380 382 385 386 387 388 389 390 392 393 394 398 399 400 401 402 403 404 405 406 407 408 409 412 413 414 415 417 421 422 423 424 426 428 429 430 431 433 436 437 438 439 440 442 443 445 446 447 448 449 452 453 454 458 460 461 462 465 467 468 469 470 472 474 475 478 479 480 481 482 483 484 485 486 487 488 496 497 498 499 500 501 502 503 504 505 506 507 509 510 511 512 0
3 4 5 7 8 12 13 14 16 17 18 19 24 25 26 29 31 32 34 38 39 41 42 44 45 47 49 51 53 54 55 56 59 61 62 63 64 66 67 68 69 71 73 74 76 77 78 81 82 83 85 86 87 88 92 93 94 95 96 98 100 101 102 103 105 108 109 110 113 114 115 117 118 119 120 121 123 125 126 127 0
3 4 6 7 11 15 17 19 23 28 32 0

17
1 2 5 6 8 9 12 13 14 15 16 19 21 26 27 28 31 32 33 34 35 37 38 40 44 47 48 49 51 52 53 54 57 58 59 60 61 64 65 67 68 70 72 73 75 76 79 80 81 82 83 85 88 89 90 91 93 94 95 96 97 101 103 105 106 107 111 112 113 114 115 117 118 119 121 123 126 127 128 133 134 135 136 137 138 139 140 141 142 144 146 148 149 150 151 152 153 155 158 159 160 162 164 165 168 170 171 172 174 175 177 178 180 181 182 183 184 185 186 187 188 189 190 191 192 193 196 198 199 200 201 202 203 204 205 206 208 209 210 211 212 214 215 216 218 219 220 222 223 224 225 226 227 229 230 234 235 236 239 240 241 242 243 244 245 247 248 249 250 252 253 254 255 256 257 258 259 260 261 262 263 264 265 266 267 268 269 270 271 272 273 274 275 276 277 278 281 282 283 284 285 287 288 289 290 291 292 293 294 295 296 297 298 299 300 301 302 303 304 305 307 308 309 312 313 315 316 317 319 320 321 324 325 326 327 331 333 334 335 336 337 338 342 343 344 345 347 350 351 352 353 354 356 357 358 359 360 361 362 363 364 365 366 367 368 370 373 374 375 376 378 379 380 381 382 383 384 386 387 388 389 390 391 392 393 394 395 397 399 400 401 403 405 406 407 408 409 410 411 414 416 417 420 421 422 423 425 427 428 429 430 432 433 434 435 436 437 439 440 441 442 443 444 445 446 447 448 449 450 454 455 456 457 458 459 460 461 462 464 465 466 467 468 470 471 472 473 474 476 477 478 479 480 481 482 484 485 486 487 488 489 490 491 492 495 496 497 498 499 500 501 502 503 504 505 506 507 508 509 510 511 512 513 517 518 519 520 521 522 523 524 525 526 527 528 530 531 532 537 538 539 540 541 542 544 545 546 548 549 550 553 554 555 556 557 558 559 560 561 563 564 566 569 570 571 573 575 576 577 579 580 583 584 585 586 587 588 589 590 591 592 593 595 596 597 598 599 600 601 602 603 604 605 606 607 608 609 610 611 612 613 614 615 616 617 618 620 621 622 623 624 625 626 627 628 629 630 631 632 633 634 636 637 638 639 640 641 642 643 644 645 646 647 648 649 650 651 652 653 654 656 658 659 660 661 662 663 665 666 667 668 669 670 671 672 674 675 676 677 678 679 680 681 683 684 685 686 687 689 690 691 692 693 694 695 696 697 698 699 700 701 702 703 704 705 706 707 708 709 710 711 712 713 714 715 716 717 719 720 721 722 723 725 726 727 728 729 730 731 732 733 734 735 736 737 739 741 742 743 744 745 746 747 751 753 754 756 757 758 759 760 761 762 763 764 768 769 770 771 772 773 774 775 776 777 778 779 780 781 782 783 784 785 786 787 789 790 791 792 793 794 795 796 797 798 799 800 801 803 804 806 807 809 810 811 812 813 814 816 817 818 820 821 822 824 825 827 830 831 832 833 834 835 836 837 838 839 840 841 842 845 846 847 848 849 850 851 852 853 854 855 856 857 858 860 862 863 864 865 866 869 870 871 872 874 876 877 878 879 880 881 882 884 886 887 888 889 890 891 892 893 894 897 898 899 900 901 902 903 904 905 906 907 908 909 910 911 912 913 914 915 916 918 919 920 921 922 923 924 925 926 927 928 929 930 931 932 933 934 935 936 937 938 939 940 941 942 943 944 946 947 948 949 950 951 952 953 954 955 956 957 959 960 961 962 963 964 965 966 967 968 969 970 971 972 973 974 975 976 977 979 980 981 982 984 985 986 987 988 989 990 991 992 993 994 995 998 999 1000 1001 1002 1003 1004 1008 1009 1010 1011 1012 1013 1014 1015 1016 1017 1018 1019 1020 1021 1022 1023 1024 0
1 2 3 4 5 6 7 8 9 10 11 12 13 14 15 16 17 20 21 22 24 26 27 28 29 30 32 34 35 36 37 39 40 42 43 44 46 47 48 49 50 52 54 56 57 58 59 60 61 62 63 64 65 66 71 72 74 75 76 77 78 79 80 81 82 84 85 88 89 90 91 94 95 97 99 100 101 102 103 105 106 107 108 109 111 112 113 114 115 116 117 118 119 120 122 123 124 125 126 127 128 129 130 131 132 133 134 135 138 139 142 144 145 146 147 149 150 151 152 153 154 155 156 157 159 160 161 162 164 165 166 167 171 172 173 177 178 179 180 181 182 183 185 186 187 188 189 190 192 193 194 195 196 197 198 199 200 201 202 203 204 205 206 207 208 211 212 213 214 215 216 218 221 222 224 225 226 227 229 230 233 234 236 237 238 240 241 243 245 247 248 250 251 252 253 254 255 256 0
1 2 3 4 5 6 7 8 10 12 13 14 15 19 20 21 22 25 27 28 29 30 32 34 35 36 38 41 42 44 45 49 50 51 52 53 55 56 57 58 59 60 61 62 63 64 65 66 67 69 70 71 72 74 75 76 78 79 81 82 84 86 90 91 95 96 97 98 99 102 103 105 106 107 108 110 112 113 114 115 116 117 120 121 122 123 124 125 126 127 128 129 130 131 132 134 136 140 142 143 144 148 149 150 153 155 156 157 158 159 160 161 162 164 165 166 167 169 170 172 173 174 176 179 180 181 182 186 189 190 191 192 193 195 197 198 199 200 202 205 207 208 210 212 213 214 216 219 220 221 223 224 225 226 228 229 234 236 237 240 241 243 244 245 246 247 248 251 252 254 255 256 259 261 263 264 265 266 268 271 273 275 278 279 281 282 285 287 288 289 290 291 293 294 298 300 301 303 304 306 308 309 310 311 312 314 315 319 320 321 322 323 324 327 328 330 331 334 337 339 341 342 345 347 349 350 352 355 356 357 359 360 362 364 369 370 371 372 373 374 375 376 377 378 379 380 381 382 383 384 385 386 387 388 389 390 391 392 393 394 395 397 398 399 401 402 403 404 406 407 408 411 412 413 415 418 419 421 422 423 424 427 428 429 430 431 435 437 438 439 440 441 442 443 444 445 446 447 448 449 451 452 453 454 455 457 458 459 460 461 462 463 464 465 466 467 468 469 470 471 472 473 474 475 478 479 480 481 482 483 485 487 488 491 492 493 494 495 496 497 498 500 501 502 503 505 506 507 508 509 510 511 0
1 5 6 7 8 10 11 13 14 15 16 17 18 19 20 21 22 24 25 26 27 28 29 30 32 34 35 37 39 41 42 45 46 47 48 49 50 51 52 53 55 57 58 61 62 63 64 65 66 68 69 70 73 74 77 78 79 80 81 82 84 85 86 87 88 89 90 92 94 95 96 97 99 100 101 102 104 105 106 107 108 110 112 114 116 117 118 119 120 122 126 127 128 0
1 4 6 7 10 14 15 16 18 20 22 23 24 26 27 28 29 31 32 0

18
1 2 4 5 6 8 10 11 17 18 19 20 22 23 25 26 27 29 30 31 33 34 35 36 37 38 41 42 43 44 45 46 47 53 54 55 57 58 59 60 61 62 64 68 69 72 73 74 75 76 77 78 80 82 83 88 89 90 93 94 96 97 98 99 102 105 106 108 109 110 111 112 113 114 117 118 119 120 121 122 123 124 127 129 133 134 135 136 137 138 139 142 143 144 148 150 151 152 154 155 156 157 158 160 163 164 165 166 167 168 169 170 171 173 174 175 176 178 179 180 181 182 184 185 186 188 189 190 192 193 194 195 196 197 198 199 200 201 202 203 204 205 208 209 210 211 212 214 215 216 217 218 219 220 221 223 224 225 226 227 231 232 233 234 236 237 238 241 246 247 248 249 250 253 255 256 257 258 259 260 261 262 263 264 265 266 267 271 273 282 283 284 286 291 293 295 297 298 302 303 306 307 308 309 311 312 313 316 319 320 322 323 324 325 326 327 329 331 332 335 336 337 338 339 341 342 343 344 345 346 347 348 350 352 353 356 357 358 359 360 361 362 363 364 365 368 369 371 372 373 374 375 376 377 378 380 381 384 385 387 388 389 390 391 392 393 394 395 396 397 398 400 401 402 403 404 405 406 407 408 409 410 411 413 414 415 416 417 418 421 422 423 424 425 428 429 431 432 433 434 436 437 438 440 441 442 443 444 445 447 448 449 451 452 457 458 459 460 461 462 463 465 468 471 472 473 474 475 477 478 481 484 485 486 487 488 489 490 491 492 493 494 497 498 499 500 501 502 503 504 505 506 507 508 509 510 511 512 517 522 523 524 525 526 529 533 535 536 537 538 539 540 541 546 550 551 552 553 554 562 563 565 566 575 576 578 579 582 583 584 585 586 587 590 591 592 596 597 598 599 600 601 602 603 607 608 609 612 613 616 618 619 620 623 624 625 626 627 628 630 631 632 633 634 635 637 638 641 642 643 645 647 648 650 651 652 656 661 662 664 665 667 671 672 677 678 679 680 681 682 683 684 687 688 692 693 694 695 696 697 699 700 701 703 704 705 708 709 710 711 712 713 714 715 716 717 718 719 720 721 722 724 726 727 728 729 730 731 732 733 734 735 736 737 738 742 743 744 745 746 748 749 750 752 753 754 755 756 758 759 760 761 764 765 766 770 771 772 773 776 777 778 779 780 781 784 785 789 790 791 792 798 799 800 802 807 808 815 816 818 820 821 825 826 836 837 838 839 840 841 846 847 848 849 850 852 854 856 858 859 860 861 862 863 864 865 866 867 869 871 874 875 876 879 880 881 882 883 884 885 886 887 888 889 890 891 892 893 894 896 897 898 899 901 902 904 905 906 907 908 912 913 917 918 919 920 921 922 924 930 931 935 936 937 938 939 942 943 944 946 947 948 949 950 951 952 953 954 955 956 957 958 959 960 961 963 965 966 967 968 969 970 971 972 973 974 976 977 978 980 981 982 983 984 985 986 987 988 989 990 992 993 994 998 999 1000 1001 1002 1004 1005 1006 1008 1009 1012 1013 1014 1015 1016 1017 1018 1019 1020 1021 1022 1023 1024 0
1 2 7 8 9 10 11 12 14 15 16 18 19 20 21 22 23 25 28 29 30 31 32 35 36 38 39 40 43 44 45 46 47 50 51 53 54 55 57 58 59 60 61 62 64 65 66 67 68 75 77 78 79 80 82 84 86 87 88 89 90 91 92 93 95 97 99 101 103 105 106 107 108 109 110 111 113 114 115 116 117 118 120 121 123 124 125 127 128 129 130 131 132 133 134 136 137 138 139 141 142 144 147 148 149 150 151 153 154 156 157 158 159 160 161 163 165 166 168 169 170 171 172 173 174 175 176 177 178 179 181 183 185 186 187 188 189 190 192 193 194 195 196 198 199 200 203 204 205 207 208 209 210 212 214 215 216 217 218 219 222 225 227 228 229 230 232 233 234 236 237 238 239 241 242 243 244 245 246 247 249 251 252 253 254 255 256 0
1 2 3 4 6 7 8 11 12 13 14 15 16 17 19 20 24 27 28 29 30 33 36 38 40 42 43 44 45 46 49 51 52 53 54 57 58 59 60 61 62 64 67 68 69 71 72 74 75 76 79 80 84 85 87 89 90 91 92 94 97 99 100 101 102 104 105 108 109 111 116 117 118 121 122 124 126 128 130 131 132 133 134 136 138 139 140 141 145 146 148 150 151 154 155 157 158 159 160 161 164 165 168 169 170 171 173 176 177 180 182 186 188 189 192 196 198 199 201 202 203 204 205 208 209 210 211 212 214 215 216 218 219 220 221 222 224 225 226 227 230 232 234 238 239 240 241 242 243 245 246 247 248 251 252 253 254 256 257 259 261 262 263 264 266 267 268 272 273 274 275 276 278 280 281 283 284 285 286 288 290 291 292 293 294 295 297 299 300 301 302 303 305 306 307 308 312 313 316 318 319 322 323 325 326 328 329 332 335 336 340 344 347 348 349 350 352 353 356 357 358 359 361 362 363 365 366 367 370 371 372 373 376 377 378 379 380 381 382 385 386 387 388 389 390 391 392 393 395 397 398 399 400 402 405 406 407 408 410 412 414 416 417 419 420 421 423 425 426 427 428 429 430 432 437 439 440 443 445 446 448 449 450 451 453 456 457 460 461 462 463 465 467 468 471 472 473 474 475 478 480 481 482 485 486 492 493 494 496 499 500 501 502 503 505 506 507 508 509 510 511 0
2 4 5 6 8 9 11 12 15 17 18 20 22 23 24 27 28 29 31 32 34 36 37 39 41 42 43 45 50 53 56 58 59 62 63 64 69 70 71 72 73 74 76 77 78 79 80 81 82 84 86 90 91 93 94 96 100 103 105 108 109 110 112 114 115 116 117 118 120 121 122 123 124 127 128 0
1 2 3 5 6 7 10 11 12 13 17 18 19 20 21 23 27 28 30 0

19
1 2 3 4 5 6 7 8 9 10 11 12 13 14 15 16 17 18 19 20 21 22 23 24 25 26 30 31 32 33 34 35 36 37 38 39 40 41 44 46 47 48 49 50 51 52 53 54 55 56 57 58 59 62 63 65 66 67 68 69 70 71 72 73 74 75 79 81 82 83 84 85 86 87 88 89 90 91 95 101 102 103 104 105 106 107 109 111 113 116 119 120 122 123 125 127 128 129 132 134 136 137 138 139 140 141 142 143 144 146 147 148 150 151 153 154 155 156 158 159 160 161 162 163 165 166 167 168 169 170 171 172 173 174 175 176 177 178 179 181 182 183 184 185 187 189 190 191 192 193 194 195 196 197 198 199 200 201 203 204 205 206 208 209 210 212 213 214 215 216 217 218 219 220 221 222 223 225 229 230 232 233 234 236 238 239 244 245 246 247 249 256 257 258 259 260 261 262 263 264 265 266 267 269 271 272 273 274 275 276 277 279 280 281 282 283 284 285 286 287 288 289 290 291 292 293 294 295 296 297 298 299 300 301 304 305 306 308 309 310 311 312 313 314 315 316 317 320 321 322 323 324 325 326 327 328 329 332 333 334 337 338 339 340 341 342 343 344 345 346 348 349 350 351 352 354 355 356 357 358 359 360 361 362 364 365 366 367 369 370 371 373 374 375 377 379 380 381 382 384 385 387 389 390 391 392 393 394 395 400 401 403 404 406 407 408 409 410 411 412 413 414 415 416 417 419 420 421 422 425 428 429 430 432 433 435 436 437 438 439 440 441 443 444 445 446 447 448 449 451 452 453 454 455 456 457 458 459 460 462 464 465 466 467 468 471 472 473 474 478 480 481 482 483 484 487 488 489 490 491 492 493 494 497 498 499 500 501 502 503 504 505 506 507 508 509 510 511 512 513 514 515 516 517 518 519 520 521 522 523 524 525 526 527 528 529 530 531 532 533 535 536 537 538 539 540 541 542 544 545 546 547 548 549 550 551 552 553 554 555 556 557 561 562 563 564 565 566 567 569 570 571 572 573 577 579 580 581 582 583 587 588 589 593 594 595 597 599 600 601 604 605 609 610 611 612 613 614 615 616 617 618 620 621 622 623 624 626 627 628 631 632 633 634 635 636 637 638 639 642 646 647 648 649 650 652 653 654 655 656 657 658 660 661 662 664 665 671 672 673 677 678 679 680 683 684 685 687 688 689 693 694 695 696 697 698 699 701 703 704 705 707 708 709 710 712 713 715 716 717 719 720 721 722 723 724 725 726 727 728 729 730 731 732 733 734 737 738 740 741 742 743 744 747 749 754 755 760 761 762 763 764 765 766 767 768 769 770 771 772 773 774 775 776 777 778 779 780 781 782 783 784 785 786 788 789 790 791 792 793 794 795 796 797 798 800 801 803 804 805 806 809 810 811 812 813 814 815 817 818 819 820 822 823 824 825 826 827 830 831 832 833 834 835 836 837 838 839 840 841 842 847 848 849 850 851 852 853 854 855 856 857 858 860 863 864 865 866 867 868 869 870 871 874 875 877 880 881 884 887 888 889 890 892 894 895 896 898 899 900 901 902 903 904 905 906 907 908 909 910 911 913 916 917 920 921 922 923 925 927 928 929 931 932 934 935 936 937 939 941 944 945 950 951 952 953 955 957 960 962 963 964 965 966 967 968 969 970 971 972 973 974 975 976 977 978 980 981 982 983 984 985 986 987 988 989 990 991 992 994 995 996 997 998 999 1000 1001 1003 1004 1005 1006 1007 1009 1010 1011 1012 1013 1014 1015 1016 1019 1022 1023 1024 0
1 2 3 4 5 8 9 11 12 13 14 15 16 17 18 19 20 21 22 23 24 25 27 28 29 30 31 32 35 36 38 40 41 42 44 47 48 49 50 51 52 53 54 55 58 59 60 61 62 63 64 65 66 67 68 69 70 71 72 73 74 75 76 77 78 79 80 81 82 83 84 85 86 87 88 89 90 91 92 95 96 97 98 99 100 101 102 103 105 106 107 109 110 111 112 113 114 116 117 118 119 120 122 123 125 126 129 130 131 132 134 135 137 138 139 140 141 142 143 144 145 146 147 148 149 150 151 152 153 154 155 156 157 158 160 161 162 163 166 167 168 169 170 171 172 173 176 177 178 179 181 182 183 185 187 188 189 190 191 192 193 194 195 196 197 198 199 200 202 203 204 205 206 207 209 210 211 212 213 216 217 218 225 226 228 229 230 231 233 234 235 236 237 241 242 244 245 246 249 250 251 252 253 254 255 256 0
1 2 3 4 5 6 7 8 9 10 11 12 13 14 15 16 18 19 21 22 24 25 27 28 29 30 31 32 34 36 37 38 39 42 45 49 51 52 57 58 59 60 61 62 63 64 65 66 68 69 71 72 76 77 78 80 81 82 83 84 85 87 89 90 91 92 93 97 98 99 100 101 102 103 105 107 108 111 114 115 116 117 118 121 122 123 124 126 127 128 129 131 133 137 138 139 140 141 142 143 144 145 146 147 149 152 153 154 155 156 157 159 160 164 166 170 171 175 177 178 180 181 182 183 184 185 186 187 188 189 193 194 195 196 197 198 201 202 203 205 206 208 209 210 211 212 213 214 215 216 217 218 219 220 222 224 225 226 228 229 230 232 234 238 239 240 241 242 246 247 248 250 252 253 254 255 256 257 258 259 260 261 262 264 265 266 267 268 269 270 272 274 275 276 277 278 279 281 282 284 285 286 288 291 292 294 297 299 300 301 302 303 304 308 309 310 312 313 314 315 316 317 318 319 320 321 322 323 328 329 330 331 332 333 334 336 337 338 339 340 341 342 343 345 346 347 348 350 357 358 359 360 361 364 365 366 367 368 369 370 371 374 375 376 377 378 379 380 381 382 383 384 385 386 387 388 389 390 391 392 393 394 395 396 397 398 399 400 401 404 406 408 409 410 411 412 413 414 416 417 418 419 420 421 422 423 427 428 429 430 433 436 437 438 440 441 442 444 445 446 447 448 449 451 452 454 457 458 459 460 461 462 463 464 465 466 467 468 469 470 473 476 477 478 479 480 482 484 485 487 488 490 492 494 496 497 498 500 501 502 504 505 506 507 508 509 510 511 512 0
1 2 4 5 6 8 9 10 11 12 17 18 20 21 22 26 28 31 32 33 34 35 38 39 42 43 45 46 48 49 50 51 52 53 57 58 61 62 64 65 66 68 69 70 72 73 74 75 76 77 78 79 80 81 83 84 85 86 88 94 95 96 97 98 99 100 103 104 105 106 107 108 109 110 111 112 113 115 116 117 118 120 121 124 126 127 128 0
1 3 4 6 7 10 13 14 15 16 17 18 20 23 26 29 31 32 0

20
1 2 4 6 8 9 10 11 12 13 15 16 18 21 22 24 27 28 29 31 32 34 35 37 39 40 41 42 45 46 47 48 49 50 51 54 55 56 57 60 61 62 63 64 65 66 67 68 70 71 72 74 76 77 78 80 81 83 84 85 86 87 88 89 92 94 95 96 97 100 103 104 105 108 111 113 116 117 120 123 124 125 126 127 128 129 131 132 133 134 136 137 138 139 140 141 142 143 145 146 148 149 150 153 154 156 157 158 159 160 161 162 163 164 165 166 167 168 172 173 174 175 176 177 178 179 180 181 182 183 184 185 186 187 188 190 192 193 194 195 196 197 198 199 200 201 202 203 204 205 208 209 210 211 212 216 217 218 219 223 224 225 233 234 235 236 237 238 239 240 246 247 248 249 250 251 252 254 255 257 258 259 260 261 262 263 264 265 266 268 269 270 271 274 275 276 278 280 281 283 284 285 286 287 288 289 290 291 292 294 295 296 297 298 299 300 301 302 303 304 305 306 307 309 310 311 312 313 314 315 316 317 318 319 320 321 322 323 324 325 326 327 328 329 330 331 332 333 334 336 337 338 339 340 342 343 344 345 348 350 351 352 353 355 357 358 359 360 361 364 365 366 367 368 369 370 371 373 374 375 376 377 378 379 380 381 382 383 384 385 386 387 388 389 390 391 392 393 394 396 397 398 399 400 401 402 403 404 405 406 407 409 410 411 415 416 417 418 420 421 422 423 424 425 427 428 429 430 431 432 433 434 435 436 437 438 439 440 441 442 443 444 445 446 447 448 449 451 452 453 454 455 456 457 458 459 460 461 462 463 464 465 466 467 468 469 470 471 472 475 476 477 478 479 480 481 482 483 484 485 486 487 489 490 491 492 493 495 496 497 498 499 500 501 502 503 504 505 506 507 509 510 511 512 513 514 515 517 520 521 522 523 524 525 526 527 528 530 532 533 534 535 536 537 538 539 540 541 542 544 546 547 548 549 552 553 555 556 557 560 562 563 565 566 567 568 569 570 571 572 573 574 575 576 577 578 579 580 582 583 584 585 586 587 588 589 590 591 592 593 596 597 598 599 600 601 602 603 604 606 608 609 610 611 612 614 615 616 617 619 620 622 624 625 626 627 628 629 630 631 632 633 635 636 637 638 639 640 641 642 643 645 646 647 648 650 651 652 653 654 655 656 657 660 661 662 663 664 665 666 667 668 669 670 671 672 673 676 677 678 679 680 681 682 683 684 685 686 687 688 689 690 691 692 693 694 695 696 697 700 701 702 703 704 705 707 708 709 710 711 712 713 714 715 716 720 721 722 724 725 726 727 728 729 730 731 735 736 737 738 739 741 742 743 744 745 746 747 749 750 751 752 754 756 758 759 760 761 762 763 764 765 767 768 769 770 771 773 774 775 776 777 779 780 781 782 783 784 786 787 788 789 790 791 792 793 794 796 797 798 800 802 803 805 806 807 808 809 810 811 812 813 814 816 818 819 820 821 822 823 824 825 826 827 828 831 832 833 837 842 843 844 845 846 847 848 849 851 852 853 854 855 856 857 858 859 860 862 863 864 865 866 867 868 870 871 872 873 874 875 876 879 881 882 883 884 886 887 889 890 891 892 893 894 898 899 900 901 902 903 904 905 906 907 908 909 910 912 913 914 915 916 919 921 922 923 924 925 926 927 928 929 930 931 932 933 934 935 936 937 938 939 940 941 942 943 944 945 946 947 950 951 952 954 955 956 957 958 959 960 961 962 964 965 966 970 974 975 976 977 978 979 980 982 983 984 985 986 987 988 989 990 991 992 993 994 995 996 997 999 1001 1002 1003 1004 1005 1006 1007 1008 1009 1010 1012 1013 1014 1015 1016 1017 1018 1019 1020 1021 1022 1023 1024 0
2 3 4 6 7 10 12 13 14 15 16 18 19 20 21 23 25 27 28 29 31 32 34 35 37 38 39 43 45 46 47 49 50 51 52 53 54 55 57 58 62 65 66 67 69 71 72 74 76 77 78 79 80 81 82 83 84 85 86 87 88 89 90 91 92 93 95 96 97 98 99 100 102 105 106 107 108 109 110 111 112 113 114 121 123 124 125 127 128 129 130 131 132 133 134 135 136 138 139 140 141 148 149 152 153 154 155 156 157 159 160 161 162 163 164 166 167 168 169 170 171 173 175 176 178 179 180 181 182 183 185 186 187 188 189 190 192 193 194 195 196 197 198 199 201 202 204 205 206 207 208 209 210 211 213 214 215 216 217 218 219 220 221 222 224 225 226 227 228 229 230 231 232 233 237 238 239 241 242 243 245 247 248 249 250 251 252 253 254 256 0
3 4 5 6 7 8 9 10 12 13 14 15 16 17 18 19 20 24 25 26 27 28 29 32 33 34 35 37 39 40 41 42 45 46 47 48 49 50 51 52 54 55 56 57 59 60 62 66 68 70 71 72 73 75 77 78 80 81 85 86 90 93 94 95 98 99 100 101 102 103 104 107 109 110 111 114 115 116 117 118 119 120 121 122 125 127 129 131 132 133 134 135 136 137 138 139 140 142 143 144 145 146 147 149 150 151 153 154 155 156 157 158 159 160 161 162 164 165 166 167 168 169 172 173 174 175 176 178 180 181 182 183 185 186 190 191 192 196 197 198 199 201 202 204 206 207 208 211 212 213 216 217 218 220 221 222 223 224 225 228 230 231 232 236 237 238 240 241 244 245 246 247 248 249 250 251 252 255 256 257 258 259 260 261 262 263 264 265 270 273 274 276 277 278 280 281 282 283 284 285 288 289 290 291 292 293 295 297 299 301 303 305 311 313 315 316 321 323 324 326 328 329 331 332 333 334 335 336 337 338 341 344 346 347 351 354 355 356 357 359 360 361 362 363 364 365 366 368 369 370 372 373 374 375 376 377 378 379 380 382 383 384 385 386 387 388 389 390 391 392 393 394 396 397 398 399 400 402 403 405 407 408 411 418 419 421 424 425 427 428 432 433 434 435 436 437 440 441 442 443 444 445 446 449 450 451 452 453 454 455 460 462 463 464 465 468 471 472 473 476 477 479 480 482 483 486 488 489 491 494 495 497 498 499 501 502 503 504 505 506 508 509 511 512 0
1 5 6 7 8 10 11 12 13 14 15 16 17 18 19 20 24 26 28 29 30 32 33 35 36 37 38 43 44 45 47 48 50 51 52 53 54 55 56 58 59 60 63 64 67 68 69 70 73 75 77 78 80 81 84 85 88 91 94 97 98 100 102 105 106 107 108 109 110 111 112 114 115 116 117 120 125 127 0
1 3 4 5 6 7 13 16 19 20 21 24 25 29 30 32 0

21
1 2 4 8 12 13 14 16 20 23 27 28 29 30 31 32 33 34 35 36 38 42 43 49 50 53 55 56 57 58 59 64 65 66 70 71 72 73 76 79 81 82 86 87 88 90 93 95 96 97 98 99 101 102 103 104 106 109 113 114 115 118 119 120 121 126 127 128 131 135 136 137 138 139 140 142 143 144 146 148 149 150 151 152 154 156 157 158 159 160 163 164 167 168 169 170 172 173 175 180 183 184 186 187 188 189 190 192 193 194 195 196 197 198 199 200 201 202 203 204 205 206 207 209 210 211 218 219 220 221 222 223 225 226 230 231 232 233 234 235 236 237 239 240 241 242 244 245 246 247 248 249 250 251 252 253 254 255 257 259 260 261 263 264 265 268 269 270 272 273 274 277 278 279 281 282 284 285 286 287 288 290 291 293 294 296 297 301 302 306 307 308 309 312 313 314 315 317 321 323 324 326 327 328 329 330 331 333 334 339 340 341 342 343 344 345 349 350 351 352 353 355 356 358 359 360 361 362 363 364 365 366 367 368 374 375 376 377 378 379 380 381 382 388 391 392 393 396 397 400 401 402 403 404 407 408 412 416 417 418 419 420 421 424 427 430 431 432 439 441 442 446 447 448 451 454 457 462 463 464 465 466 468 470 473 474 476 480 481 484 485 486 487 488 489 492 493 494 495 496 497 498 499 500 501 502 503 508 509 510 511 512 513 514 516 517 518 519 520 521 522 523 526 527 528 530 533 534 535 536 537 543 544 545 546 549 550 551 552 555 556 557 558 559 560 561 563 564 565 568 572 573 574 576 578 579 580 581 582 583 584 588 589 590 594 595 596 597 598 599 600 601 602 603 605 606 608 611 613 614 616 617 618 619 620 622 623 624 625 629 630 631 632 633 634 635 636 638 639 640 641 645 646 647 648 649 651 652 653 654 655 656 659 660 661 662 663 665 666 667 668 669 672 673 674 675 678 679 680 681 682 684 685 686 687 688 689 690 691 692 694 695 696 699 700 702 703 704 709 710 711 712 713 714 715 718 719 720 724 725 726 730 731 734 735 736 739 740 741 742 750 752 753 754 755 756 765 768 769 770 772 773 774 775 776 777 778 782 783 784 792 793 794 795 801 802 803 804 805 807 808 809 811 812 813 814 815 816 817 820 822 823 824 825 827 828 829 830 831 833 834 836 837 839 840 841 842 844 845 849 850 851 852 854 855 856 857 858 859 862 866 867 869 870 871 872 873 874 875 876 878 881 883 885 886 887 888 890 891 895 898 899 900 901 905 906 907 909 910 911 912 913 914 915 916 917 918 919 920 921 922 923 924 925 926 928 930 931 932 936 937 938 940 941 942 944 945 946 947 948 950 951 952 953 954 955 956 957 958 960 961 965 966 967 968 969 970 971 972 973 974 975 976 979 980 981 982 985 986 987 988 990 991 994 995 996 997 1005 1009 1010 1011 1012 1013 1014 1015 1016 1017 1018 1019 1020 1021 1022 1023 1024 0
1 4 5 6 7 8 9 10 13 20 22 23 24 27 28 29 32 33 34 35 36 37 39 40 45 46 47 48 49 50 51 52 53 54 55 60 61 62 63 64 65 68 70 71 72 73 74 75 76 77 78 80 81 82 83 84 85 88 89 90 91 94 96 97 99 100 101 102 103 105 106 107 109 110 111 112 113 114 115 116 117 118 119 120 121 123 124 125 126 127 128 129 130 131 132 133 135 138 139 142 143 144 145 148 149 150 151 152 153 155 156 160 161 162 168 169 170 171 172 173 174 175 176 178 179 180 181 182 183 185 186 189 190 191 192 193 194 195 196 197 198 199 200 201 204 205 206 207 208 209 210 211 212 213 215 217 218 224 228 229 230 233 234 235 236 237 238 239 241 242 243 245 247 248 250 252 253 0
1 2 3 5 6 9 10 11 12 13 14 15 17 18 19 20 21 22 26 27 28 29 30 31 33 34 35 36 37 38 40 42 43 44 45 46 47 48 50 51 52 53 54 56 57 58 59 60 61 62 64 65 66 67 69 70 71 72 73 74 75 78 80 82 83 84 86 88 90 92 93 94 95 97 99 100 102 103 106 108 109 111 114 116 117 119 120 122 123 125 126 127 128 129 130 131 132 135 136 141 143 144 145 146 148 149 150 151 152 154 155 156 157 158 161 163 164 166 167 168 169 170 172 174 175 179 180 181 182 184 186 187 188 189 192 193 194 195 196 197 198 200 202 203 205 206 207 208 209 210 211 212 217 218 219 220 221 222 224 227 228 229 230 232 238 239 240 241 242 245 246 247 248 250 251 255 256 257 258 259 260 262 263 264 265 266 267 268 270 271 272 273 275 276 277 279 281 284 285 287 288 289 292 293 294 297 299 300 301 302 305 309 310 312 316 317 318 319 320 322 323 325 326 327 328 329 331 332 336 338 339 341 343 345 347 349 350 351 353 355 358 359 360 361 362 363 364 365 368 370 371 375 376 377 379 380 381 382 383 385 386 387 388 389 391 392 393 394 396 397 401 402 405 406 409 412 413 414 416 417 418 420 423 424 425 426 427 429 430 431 432 434 435 436 437 438 439 440 441 443 445 446 449 451 453 455 457 458 459 460 461 465 467 469 470 472 473 474 476 478 481 482 483 488 489 491 492 493 494 495 501 502 503 505 506 507 508 509 510 511 512 0
1 5 6 7 9 10 11 12 13 14 16 17 18 19 20 22 23 24 26 27 28 29 30 32 34 42 44 45 46 48 49 53 54 55 57 58 59 60 62 63 64 65 66 68 69 70 71 73 74 75 76 78 79 80 81 82 84 85 86 88 89 90 92 94 96 98 99 102 104 105 106 107 108 110 111 112 113 116 118 119 120 124 125 127 128 0
1 7 8 9 12 13 18 20 22 24 27 0

22
1 3 4 5 6 7 8 9 10 11 12 13 14 15 16 17 18 19 20 21 23 24 25 27 28 30 31 32 33 34 36 38 39 40 42 43 44 45 46 48 49 50 52 53 54 55 56 57 58 59 60 61 62 63 64 65 66 68 69 70 71 72 73 74 75 76 77 79 80 81 82 83 84 85 86 87 88 89 90 91 92 93 94 96 97 98 99 100 101 102 103 104 105 106 107 108 109 110 111 112 113 114 115 116 117 118 120 121 122 124 125 126 127 128 129 130 131 132 133 134 136 137 138 139 140 141 142 143 144 145 147 148 149 150 151 152 153 154 155 156 157 158 159 160 161 162 163 164 165 166 167 168 169 170 171 172 173 174 175 176 177 178 179 180 181 182 183 184 185 186 187 188 189 190 191 192 193 194 197 198 199 200 201 202 203 204 205 206 207 208 209 210 212 214 215 216 217 218 221 222 223 224 225 227 228 230 231 232 233 234 235 238 239 240 243 245 246 247 248 249 250 251 252 253 254 255 256 257 258 259 260 261 262 263 264 265 266 267 268 269 270 271 272 273 275 276 277 279 280 281 282 283 284 285 286 287 288 289 290 291 292 294 295 296 297 298 299 300 301 302 304 305 306 309 310 311 312 313 314 315 316 317 319 320 321 322 323 324 325 326 327 328 329 330 331 332 333 334 335 336 337 338 339 340 341 342 343 344 345 346 347 349 350 351 352 353 354 355 356 357 358 359 360 361 362 364 365 366 367 368 369 370 371 372 373 374 375 376 377 378 379 380 381 382 383 384 385 386 387 388 389 391 392 393 395 396 397 398 400 401 402 403 404 405 406 407 408 409 410 411 412 413 414 416 417 418 419 420 421 422 423 424 425 426 427 428 429 431 432 433 434 435 436 437 438 439 440 441 442 444 445 446 448 449 450 451 452 453 454 455 456 457 458 459 460 461 462 463 464 465 466 467 468 469 470 471 472 473 474 475 476 477 478 479 480 481 482 484 486 487 488 489 490 491 492 494 495 496 497 498 499 500 501 502 503 504 505 506 507 508 509 510 511 512 515 517 518 519 520 521 522 523 524 525 526 527 528 529 530 531 532 534 537 538 539 540 542 543 544 545 546 547 548 549 550 551 554 555 556 557 558 559 560 561 562 563 564 565 566 567 568 569 570 571 572 574 575 576 577 578 579 580 581 582 583 584 585 586 587 588 589 590 591 592 593 594 595 596 597 598 599 600 601 603 604 605 607 608 609 610 611 612 613 614 615 616 617 618 619 620 621 622 623 624 625 626 627 628 629 630 631 632 633 634 635 636 637 638 639 640 641 642 643 644 645 646 648 649 650 651 652 653 654 655 656 657 658 659 660 661 662 663 664 665 666 667 668 669 670 672 673 675 676 677 678 679 680 681 682 683 684 685 686 687 688 689 690 691 692 693 694 695 696 697 698 699 700 701 702 704 705 707 708 709 710 711 712 713 714 715 716 717 718 719 720 721 723 724 725 726 727 728 729 730 731 732 733 734 736 737 738 739 740 741 742 743 744 745 746 748 749 750 751 752 753 754 755 756 759 760 761 762 763 764 765 766 767 768 769 770 771 772 773 774 775 776 780 781 782 783 784 785 786 787 788 789 791 793 794 795 796 797 798 802 803 804 805 808 809 810 811 813 814 815 816 818 819 820 821 822 823 824 825 827 828 829 831 833 834 835 836 837 838 839 840 841 842 843 844 846 847 848 849 850 852 853 854 856 857 858 859 860 861 862 863 864 866 867 868 869 870 871 872 873 874 875 876 877 878 879 880 881 882 883 884 885 886 887 888 889 890 891 892 893 894 895 896 899 900 901 902 903 904 905 906 907 908 909 910 911 912 913 914 915 916 917 918 919 920 921 922 923 924 925 926 927 928 931 932 933 934 935 936 937 938 939 940 941 942 943 944 945 946 947 948 949 950 951 952 953 954 955 956 957 958 959 960 961 962 964 965 966 967 968 969 970 971 972 973 974 975 976 977 978 979 980 981 982 983 984 985 986 987 988 989 990 991 992 993 994 995 996 998 999 1000 1001 1002 1003 1004 1005 1008 1009 1010 1011 1012 1013 1014 1015 1016 1017 1018 1019 1020 1021 1022 1023 1024 0
1 2 3 6 7 8 9 10 11 12 13 14 15 16 17 18 19 20 21 22 24 25 26 27 28 29 30 31 32 34 35 39 40 41 42 45 46 47 48 49 50 51 52 53 54 55 57 58 60 61 62 63 64 65 67 68 69 70 71 72 75 76 77 78 79 80 81 82 83 85 88 89 90 93 94 95 96 98 99 100 101 102 103 104 105 106 107 108 109 110 111 112 113 114 119 120 121 122 123 124 125 126 127 128 129 130 131 132 133 134 135 136 137 138 139 140 141 142 143 144 145 146 147 148 149 150 152 153 154 155 156 157 158 159 160 162 163 164 165 166 167 168 170 171 173 174 175 176 177 178 179 180 181 182 183 184 185 186 187 188 189 190 191 192 193 194 195 198 199 200 201 202 203 204 205 206 207 208 209 210 211 212 213 214 216 217 218 219 220 221 222 224 226 227 229 230 231 232 233 235 236 238 239 240 242 243 244 245 246 247 248 249 250 251 252 253 254 255 256 0
1 2 3 4 5 6 7 8 9 10 11 12 13 14 15 16 17 18 19 20 21 22 23 25 26 27 28 29 30 31 32 33 35 37 38 41 42 44 45 46 47 48 49 50 51 52 53 54 55 56 58 59 60 61 62 63 64 65 66 67 68 69 71 72 77 78 79 80 81 82 83 84 85 86 87 88 90 91 92 93 94 97 98 99 100 101 102 103 104 105 107 110 111 112 114 118 119 120 121 122 124 128 129 130 131 132 133 134 135 136 137 138 139 140 141 143 144 145 146 147 148 149 150 151 152 153 154 155 156 157 158 159 160 161 162 164 165 166 167 168 169 171 173 174 175 176 178 180 181 182 183 184 185 186 187 189 190 191 192 194 195 196 197 198 199 200 201 202 204 205 206 207 208 209 210 211 212 213 216 217 218 220 221 222 223 227 228 229 230 231 232 233 234 236 237 238 239 240 241 242 243 244 245 246 247 248 249 250 251 252 253 254 255 256 259 260 261 262 263 264 265 266 267 268 269 270 271 275 276 277 278 279 281 282 283 284 285 287 288 289 290 291 292 293 294 296 297 300 301 302 303 304 305 306 307 308 310 311 312 313 314 315 317 318 320 321 322 323 326 327 328 329 330 334 338 339 341 342 344 345 347 348 349 350 352 353 356 357 358 359 360 361 362 363 364 365 366 367 368 369 370 372 373 374 375 376 377 378 380 381 382 383 384 385 386 387 390 391 392 394 398 399 400 401 402 403 404 405 409 410 411 412 413 414 415 416 417 418 420 421 422 423 425 427 430 431 432 433 434 435 436 437 438 440 441 442 443 444 445 446 447 448 449 450 451 455 457 458 459 461 462 463 466 467 468 469 470 473 475 477 478 479 480 482 483 484 485 486 487 488 489 490 491 493 494 496 498 499 501 502 503 504 505 506 507 508 509 510 511 512 0
1 2 3 5 6 7 8 9 10 12 15 16 17 18 19 20 21 22 23 25 28 29 30 31 32 33 34 35 36 37 38 39 41 43 44 45 48 49 50 51 52 53 54 55 56 58 59 60 61 62 64 66 67 69 70 72 73 74 75 76 77 78 79 80 82 83 84 85 86 87 88 89 90 91 92 93 95 96 98 99 100 101 102 104 105 106 107 108 109 110 111 112 113 114 115 117 118 120 121 123 124 127 128 0
1 2 3 4 6 7 12 13 14 15 17 18 19 21 24 25 26 27 28 29 30 31 32 0

23
1 2 3 4 5 10 13 14 16 17 18 19 25 26 27 29 32 33 34 35 41 42 43 44 48 49 51 52 54 55 56 58 59 60 66 67 68 69 70 71 72 75 77 80 83 85 86 87 89 92 93 96 97 98 99 100 101 102 104 106 108 111 113 114 115 116 117 119 120 122 123 126 127 131 132 137 138 141 142 143 145 148 149 152 153 154 155 156 158 160 164 165 166 169 170 171 172 176 178 179 180 181 182 183 185 186 187 189 190 191 192 194 195 196 197 198 203 204 205 206 207 209 210 211 212 213 214 218 219 220 221 222 223 224 225 226 227 228 229 234 236 237 238 239 240 243 244 249 253 255 256 257 258 259 260 262 263 266 269 270 271 272 276 277 278 281 282 284 285 286 287 288 292 293 296 299 300 301 302 303 304 305 306 308 309 311 312 313 317 318 319 320 321 323 324 326 327 328 329 331 333 334 335 336 337 338 339 340 341 342 343 344 345 346 350 352 353 354 355 357 358 359 362 363 364 365 367 368 370 371 372 373 374 375 378 379 380 381 386 387 389 392 395 396 397 400 403 404 405 410 413 414 415 416 419 422 423 426 427 428 429 430 431 432 433 434 438 439 440 441 442 443 444 445 446 447 450 455 456 457 458 459 471 472 473 474 481 482 483 484 487 489 490 496 497 498 499 500 501 502 503 504 505 506 507 508 509 510 511 512 513 517 518 519 520 521 522 523 524 526 527 528 532 533 534 535 536 537 539 540 541 542 544 547 548 549 550 551 552 553 556 557 558 559 560 562 566 567 568 569 570 572 573 574 575 576 577 578 579 582 585 589 590 591 592 593 595 596 597 601 602 603 605 606 607 608 609 610 611 613 617 618 619 620 624 626 627 628 629 630 634 635 636 637 641 642 643 645 647 648 651 652 654 657 658 659 660 661 662 663 665 667 668 669 671 672 673 676 677 678 680 681 682 683 684 685 686 687 688 689 691 693 695 696 697 698 699 700 702 703 704 710 712 713 714 716 719 720 730 731 735 736 738 742 743 744 745 746 752 753 754 755 756 757 758 759 760 761 762 763 764 765 766 767 768 773 774 775 776 777 778 779 780 781 782 783 784 787 788 789 790 791 792 795 796 797 798 799 800 803 804 806 807 810 811 812 813 814 815 816 821 822 823 826 827 828 829 830 831 833 834 835 836 837 839 840 841 842 843 844 845 846 847 848 849 850 851 852 857 858 859 861 862 863 864 865 866 867 868 871 873 874 875 877 878 882 883 884 885 886 887 888 889 890 893 894 897 898 899 904 906 907 909 910 915 916 917 918 922 923 924 927 929 930 931 932 933 934 936 937 938 939 945 947 948 949 950 952 953 954 956 957 958 959 960 964 965 968 969 970 971 972 973 974 979 981 982 984 986 987 988 989 991 992 994 995 996 997 998 999 1002 1003 1004 1007 1008 1009 1010 1011 1012 1014 1015 1016 1017 1022 1023 1024 0
1 2 3 4 7 9 10 11 12 17 19 20 21 25 26 27 28 29 30 32 36 38 39 40 42 43 44 49 50 51 52 55 56 57 58 62 63 64 65 66 67 70 71 73 74 75 76 77 78 79 81 83 84 86 87 88 90 91 92 93 96 97 98 99 100 101 102 103 104 106 107 109 110 112 113 114 115 117 118 119 120 122 123 126 129 130 131 132 133 135 136 137 138 141 142 143 144 145 146 147 148 149 150 153 154 155 156 159 161 162 164 165 167 168 172 173 177 178 179 180 184 185 186 187 190 191 192 193 194 195 196 197 198 199 202 203 205 206 207 209 210 213 214 215 216 218 222 223 224 227 228 229 230 233 234 236 237 240 242 243 244 245 246 247 248 254 255 256 0
1 2 3 4 5 7 8 9 11 12 13 15 16 17 18 20 22 23 24 25 26 27 28 30 32 33 34 36 38 42 45 47 48 50 54 56 57 58 59 62 63 64 65 67 68 69 71 72 74 75 78 79 80 82 84 85 87 88 89 90 93 94 95 96 98 100 101 102 103 104 105 106 108 110 111 114 115 117 118 119 121 122 123 125 128 131 134 136 137 139 140 141 143 146 147 148 149 151 152 153 154 155 157 158 159 160 161 162 163 167 168 169 170 171 173 174 175 176 179 181 182 183 184 185 195 196 197 198 200 201 202 204 205 206 207 210 211 212 214 215 216 218 219 220 221 222 225 227 229 230 232 233 234 237 238 239 240 241 243 244 245 246 248 251 252 253 256 257 258 260 261 264 265 266 268 271 273 274 275 277 278 279 280 282 284 285 288 289 290 292 294 295 296 298 300 301 302 305 306 307 308 309 310 311 312 315 319 321 323 324 325 326 328 334 335 336 337 338 341 342 343 346 348 349 350 351 352 354 355 356 357 358 359 361 363 365 369 370 372 374 376 377 378 379 381 382 383 384 385 386 387 388 389 390 391 392 393 395 396 397 399 400 401 402 403 404 405 406 407 411 413 414 417 419 420 422 423 425 435 437 438 441 444 445 446 447 450 451 452 455 456 459 460 461 462 463 465 466 469 470 472 474 475 477 478 480 481 483 484 485 487 490 495 498 499 500 501 502 505 506 507 508 509 510 511 512 0
1 2 4 5 6 7 8 12 16 17 18 19 21 22 26 29 30 31 32 36 40 41 42 43 44 47 48 51 54 55 56 58 59 61 62 63 65 66 67 68 69 71 72 73 75 78 79 80 82 83 86 87 88 91 93 94 96 98 100 102 105 109 111 114 115 116 118 119 120 121 122 123 125 126 127 0
6 7 8 11 16 17 19 21 27 28 30 0

24
1 4 5 6 7 8 13 15 16 17 21 22 23 24 25 27 28 32 33 38 39 40 41 42 43 44 48 55 56 57 58 59 63 64 65 66 71 73 74 75 78 79 80 81 82 83 84 85 86 91 94 95 96 97 98 99 100 101 103 104 106 110 113 115 117 119 122 125 131 132 133 134 135 137 141 146 147 148 149 150 151 153 154 155 157 158 159 161 162 163 164 165 166 169 170 171 172 173 174 175 177 178 180 181 184 185 186 189 190 191 193 194 195 196 197 198 199 200 201 202 203 206 207 208 209 210 211 212 213 215 216 217 219 220 225 226 227 228 230 231 232 233 234 235 236 237 238 239 240 241 242 243 244 245 246 247 248 249 250 252 253 254 255 256 258 264 265 266 267 268 269 274 275 276 278 279 280 281 284 285 286 287 288 290 291 292 293 298 300 301 302 303 305 306 307 308 309 311 312 314 316 317 318 319 321 323 324 325 326 327 328 329 330 331 332 333 334 335 338 339 341 343 347 348 349 350 351 353 356 357 358 363 364 365 366 367 368 369 370 372 373 375 376 378 383 384 385 386 389 391 392 393 395 396 397 398 399 400 401 402 404 406 407 408 409 410 416 417 418 423 425 426 427 432 433 434 435 436 437 438 439 440 441 442 443 444 448 449 450 451 452 453 454 455 456 457 458 460 461 464 465 466 467 468 469 470 471 472 473 474 475 479 480 481 483 484 486 487 488 489 490 491 492 493 494 495 496 497 498 499 500 501 502 503 504 505 506 507 508 509 510 511 512 513 514 515 516 518 520 521 522 523 524 525 526 527 528 529 530 531 536 537 538 539 540 541 542 543 544 545 546 547 548 553 556 557 558 559 560 561 562 563 564 565 569 571 572 573 574 578 579 580 581 582 583 587 588 589 590 595 596 597 598 599 602 603 604 605 606 608 611 613 614 615 618 619 620 621 622 623 624 625 626 627 628 630 631 633 635 636 637 638 639 640 641 642 645 649 651 653 654 655 656 661 662 663 664 665 670 671 672 677 678 679 680 681 687 688 689 690 691 692 693 694 695 696 697 698 699 700 702 703 704 705 706 708 709 710 711 712 713 714 715 716 717 720 721 722 723 724 725 727 728 729 730 731 732 733 734 735 736 737 738 739 741 742 743 744 745 746 747 748 749 750 751 752 753 754 755 756 757 758 759 760 762 763 764 765 766 767 768 769 770 771 772 773 774 775 777 778 779 780 781 782 783 784 785 786 787 788 793 794 796 797 798 801 802 803 804 808 809 812 813 814 817 818 819 820 821 825 827 828 829 830 833 835 836 837 840 841 842 843 844 845 848 854 855 858 859 860 862 863 864 866 867 870 871 874 875 876 878 879 881 882 890 891 892 893 894 895 896 897 900 910 911 912 916 917 918 919 920 921 925 926 927 928 932 933 934 935 936 937 938 941 942 943 944 945 946 947 948 949 950 951 952 953 954 959 960 961 962 963 964 965 966 967 968 969 970 971 972 975 976 977 979 980 981 982 983 984 985 986 987 988 989 990 991 993 994 995 996 997 998 999 1000 1001 1002 1003 1004 1005 1006 1007 1008 1009 1010 1011 1012 1013 1014 1015 1016 1017 1018 1019 1020 1021 1022 1023 1024 0
2 4 6 8 10 14 16 19 21 23 24 25 26 28 29 32 34 35 36 39 41 42 43 44 45 47 49 50 51 52 53 55 56 57 59 60 61 62 63 65 66 67 68 69 70 71 75 76 77 78 80 81 82 83 84 85 86 88 89 90 91 93 94 95 98 99 100 101 102 103 104 105 106 107 108 109 110 111 112 113 114 115 116 117 119 120 121 122 123 124 125 126 127 128 129 130 131 133 135 136 139 140 142 148 149 150 152 153 154 155 157 159 160 163 164 165 169 170 171 174 175 176 179 181 183 184 186 189 190 191 192 193 194 195 196 197 198 199 200 201 202 204 205 206 207 208 209 210 212 213 214 216 217 218 219 220 221 222 223 225 226 227 229 230 231 232 233 234 235 236 237 238 239 240 243 244 245 246 247 248 249 250 252 253 254 256 0
1 2 3 4 5 6 7 8 9 10 13 14 15 16 18 21 26 27 29 33 34 35 36 37 41 42 43 45 47 49 50 51 52 55 56 57 58 59 60 61 63 64 66 67 68 71 72 74 77 78 80 82 83 85 87 89 90 91 92 93 96 97 98 100 103 105 106 109 110 111 112 113 114 115 116 117 118 119 120 124 126 127 128 129 130 132 134 135 136 137 138 142 144 146 148 149 151 152 154 157 158 161 162 164 166 170 171 172 173 176 177 178 180 181 182 184 186 187 188 189 190 191 192 193 195 197 198 201 204 206 207 211 214 216 218 219 221 222 223 224 225 228 230 231 232 233 234 236 240 241 244 247 248 249 250 251 252 253 254 255 256 257 260 261 262 263 266 268 269 270 271 273 274 275 276 280 281 283 285 287 289 291 292 293 294 296 297 302 303 304 305 306 307 308 310 311 312 314 316 317 318 319 320 323 324 325 326 328 332 333 334 336 339 340 345 346 347 353 354 355 360 361 362 364 367 368 369 370 371 372 374 375 376 379 382 383 384 385 386 387 388 389 390 391 392 394 398 399 400 403 404 406 409 412 413 414 416 417 418 419 422 423 424 425 426 427 428 431 433 434 435 436 437 440 441 442 443 444 445 446 447 448 449 451 454 455 456 457 461 463 464 466 467 468 469 473 474 475 479 481 482 483 486 488 489 490 491 492 493 496 497 498 499 500 501 502 503 504 505 506 507 508 509 510 512 0
1 3 5 7 8 9 10 12 13 14 15 16 18 20 21 23 24 25 26 27 28 29 30 33 35 36 38 39 40 42 43 44 46 47 49 52 53 55 56 57 58 59 60 62 63 64 66 68 70 72 73 76 77 78 79 80 82 83 85 86 87 89 91 92 94 95 96 100 101 102 105 106 107 108 109 111 113 114 115 116 117 120 121 122 124 125 127 128 0
4 5 6 8 10 14 17 18 19 23 25 26 29 32 0

25
1 3 4 5 6 7 8 9 10 12 13 17 18 19 20 21 22 23 24 25 27 28 29 30 31 32 33 34 35 36 38 39 40 41 42 43 44 45 46 47 48 49 50 51 52 53 54 55 56 57 58 59 60 61 62 64 65 66 67 68 69 70 71 72 73 74 75 76 77 78 79 81 82 83 84 85 86 87 89 90 91 93 94 95 96 97 98 99 100 101 102 103 104 105 106 107 108 109 110 111 113 114 115 116 117 118 119 120 121 123 124 125 126 127 129 130 131 132 133 134 135 136 137 138 139 140 141 142 145 146 147 148 149 150 151 153 154 155 156 157 158 160 162 163 164 165 166 167 168 169 170 172 173 174 175 176 177 179 180 181 182 183 184 185 186 187 188 189 190 191 192 193 194 195 196 198 199 200 201 202 203 204 206 207 208 209 210 211 212 213 214 215 216 217 218 219 221 222 223 224 225 228 230 232 233 234 235 236 237 239 240 241 242 243 244 245 246 247 248 249 250 251 252 253 255 257 258 259 260 261 262 263 264 265 266 267 268 269 270 271 273 276 277 278 279 280 281 282 283 284 286 287 289 290 291 292 293 294 295 299 300 301 302 303 304 305 306 307 308 309 310 311 312 313 314 315 316 318 319 320 321 322 323 324 325 326 327 328 331 332 333 334 336 337 338 339 340 341 342 343 344 345 346 347 348 349 350 351 352 353 354 355 356 357 358 359 360 361 362 363 364 365 366 367 368 369 370 372 374 375 376 378 379 380 381 382 383 384 385 386 387 388 389 392 394 395 397 398 399 400 402 403 404 405 406 407 408 410 411 412 413 414 415 416 417 418 419 420 421 422 423 424 425 427 430 431 432 433 434 435 436 437 438 439 441 443 444 445 446 447 448 449 450 451 453 454 455 456 457 458 459 460 461 462 463 464 465 467 468 470 471 472 473 474 475 476 477 478 479 480 481 482 483 484 485 488 489 490 491 492 493 494 495 497 498 499 500 501 502 503 504 505 506 507 508 509 510 511 512 513 514 515 516 519 521 522 525 526 529 530 531 532 533 534 535 536 537 538 539 541 544 545 546 547 549 550 551 552 553 554 555 557 559 560 561 562 563 564 565 566 567 568 569 570 571 572 573 574 576 577 578 579 580 581 582 583 585 587 588 589 590 591 592 593 594 595 596 597 598 601 603 604 605 606 607 608 609 610 611 612 613 614 615 616 617 618 620 621 622 623 624 625 626 627 628 629 630 631 632 634 635 637 638 639 640 641 642 643 644 645 646 647 648 649 650 651 653 654 655 656 657 658 659 660 661 664 665 666 667 668 669 670 672 674 675 676 677 680 681 682 683 684 685 686 687 690 691 692 693 694 695 697 698 700 701 702 703 704 706 707 708 709 710 711 712 713 714 715 716 717 718 719 720 721 722 723 724 725 726 727 728 729 730 731 732 733 734 736 737 739 740 741 742 743 744 745 746 747 748 749 750 751 752 753 754 756 757 759 760 761 762 763 765 766 767 768 769 770 774 775 776 777 778 779 780 781 782 783 785 786 787 789 790 791 792 793 794 795 796 798 799 801 802 804 805 806 807 808 809 810 811 812 813 814 816 817 818 819 820 821 822 823 824 825 826 827 828 829 830 832 833 834 835 836 837 838 839 840 841 842 843 844 845 846 847 849 850 851 852 853 854 855 856 857 858 859 860 861 862 864 865 866 867 868 869 870 871 872 873 874 875 876 877 878 879 880 881 882 883 884 885 887 888 892 893 894 895 896 897 898 899 900 901 902 903 904 905 906 907 909 910 911 912 913 914 915 916 917 918 919 921 922 923 924 925 926 927 928 929 930 931 932 933 934 935 936 937 938 939 940 941 942 943 944 945 946 947 948 949 950 952 953 954 955 956 957 958 959 961 962 963 964 965 966 967 968 969 970 971 972 973 974 975 977 978 979 980 981 982 983 984 985 986 987 988 989 990 991 992 993 994 995 996 998 999 1000 1001 1002 1003 1004 1005 1007 1008 1009 1010 1011 1012 1013 1014 1015 1016 1017 1018 1019 1020 1021 1022 1023 1024 0
1 2 3 4 5 6 7 8 9 10 11 12 14 19 21 22 23 24 25 26 27 28 30 31 32 33 35 36 37 39 40 42 43 44 45 46 47 48 49 51 53 54 55 56 57 58 59 60 61 62 63 64 65 66 67 68 70 71 72 73 74 75 76 77 80 81 82 83 85 86 87 89 90 91 93 95 96 97 98 101 102 103 104 105 106 107 108 109 110 112 114 115 116 117 118 119 120 121 122 123 124 125 126 127 128 129 130 131 133 134 136 137 138 139 140 141 142 143 144 145 146 147 148 149 150 151 152 153 154 155 156 157 158 159 161 162 166 167 168 169 170 171 172 173 174 175 176 177 179 180 181 182 183 184 185 187 188 189 190 191 192 193 194 195 196 197 198 199 200 201 202 203 204 205 206 207 208 209 210 211 212 213 214 216 219 220 221 223 224 226 227 228 230 231 233 234 235 236 238 239 240 241 242 243 244 245 246 247 248 249 250 251 252 253 254 255 256 0
1 2 4 5 6 7 8 9 10 11 12 13 14 15 16 17 18 19 21 22 23 24 26 27 28 31 32 33 34 37 38 39 41 42 43 44 45 46 47 48 49 50 52 53 54 55 57 58 59 60 61 62 64 65 66 67 68 70 71 72 73 74 75 77 78 79 80 81 82 84 86 89 90 91 92 94 95 96 97 98 99 101 102 103 104 106 107 108 109 110 112 113 114 115 116 117 118 120 121 122 123 124 125 126 127 128 129 130 131 132 133 134 135 136 137 138 139 140 141 142 143 144 146 147 148 150 151 152 153 154 155 158 159 160 161 162 163 164 165 166 167 168 169 170 171 172 173 174 175 177 178 179 180 181 182 185 186 188 189 192 194 195 197 199 201 203 204 205 208 209 210 211 212 214 215 216 217 218 219 220 221 222 223 224 225 226 227 228 229 230 231 232 233 235 238 239 240 241 242 243 245 246 247 248 249 250 251 252 254 255 256 257 258 260 262 265 266 269 270 273 274 275 276 277 278 281 282 283 285 286 287 288 289 291 293 295 297 300 302 303 304 305 306 307 309 310 311 312 313 316 317 319 320 321 322 323 325 326 327 329 330 332 333 335 336 337 338 339 340 341 342 343 344 345 347 348 349 351 352 353 355 356 359 361 362 363 364 365 366 367 368 370 371 372 375 376 378 379 380 381 382 383 384 385 387 388 389 390 391 392 393 394 395 396 397 398 399 402 403 404 405 406 407 408 409 410 411 412 413 414 415 416 417 420 421 422 424 425 426 427 428 429 430 431 432 434 435 436 437 439 440 441 442 443 445 446 447 448 449 450 451 452 453 455 456 458 459 460 461 462 463 464 466 467 468 469 471 472 473 474 475 476 477 478 481 482 483 484 485 486 488 489 490 491 492 493 494 495 496 497 498 499 500 501 502 504 505 506 507 508 509 510 511 512 0
1 2 3 4 5 6 7 8 10 11 12 14 15 16 17 19 20 21 22 23 25 26 27 28 29 30 31 32 33 34 35 36 37 38 39 40 42 43 44 45 46 47 48 49 50 51 53 54 55 56 57 58 60 62 65 67 68 69 70 72 73 75 76 77 78 79 80 83 84 85 86 88 89 90 91 92 93 94 96 97 98 99 100 101 102 105 106 107 108 109 110 111 112 113 114 115 116 117 118 120 121 122 123 125 126 127 128 0
1 2 3 4 6 8 9 10 13 15 16 17 19 20 21 22 25 28 31 0

26
1 2 3 4 5 8 9 10 11 12 13 14 15 16 17 18 19 20 21 22 23 25 26 27 31 32 33 34 35 36 37 38 39 40 41 43 44 46 47 48 49 50 51 52 53 54 55 56 57 58 59 60 61 62 63 64 65 66 67 68 69 70 71 72 73 74 75 76 77 78 79 80 81 82 83 84 85 86 87 89 90 92 94 95 96 97 98 99 100 101 102 103 104 106 107 109 110 111 112 113 114 115 117 118 119 120 121 122 123 124 126 127 128 129 130 132 133 134 135 136 137 139 142 143 144 145 146 147 148 149 150 151 152 153 154 155 156 158 159 160 161 162 163 164 165 166 167 168 169 170 171 172 174 175 176 177 178 179 180 181 182 183 188 189 190 191 192 193 194 195 196 197 198 199 200 201 202 203 204 205 207 208 209 210 211 212 213 214 215 216 217 218 219 220 221 222 223 224 225 226 227 228 229 230 231 232 233 234 235 236 237 239 240 241 242 243 244 245 246 247 249 250 251 252 253 254 255 256 257 258 260 261 262 263 264 265 266 267 268 269 270 271 272 273 276 277 278 280 282 285 288 289 291 292 293 294 295 296 297 298 299 300 301 302 303 304 305 306 307 308 309 310 311 312 315 316 317 318 319 320 321 322 323 324 325 326 327 328 329 331 332 333 334 335 336 337 338 339 340 341 343 344 345 346 348 349 350 351 352 353 354 355 356 357 358 359 360 361 362 365 366 367 368 369 370 371 372 373 374 375 376 377 379 380 381 382 383 384 385 386 387 388 389 390 391 393 394 395 396 397 399 400 401 402 403 404 405 406 407 408 409 410 412 413 414 415 416 417 418 419 420 421 422 423 424 425 426 427 428 429 430 431 432 433 435 436 437 438 439 440 441 442 443 444 446 448 449 451 452 453 454 455 457 458 459 460 461 462 464 465 466 467 468 469 470 471 472 473 474 475 477 478 479 480 481 482 483 485 486 487 488 491 492 494 496 497 498 499 500 501 502 503 504 505 506 507 508 509 510 511 512 514 515 516 519 520 521 522 523 524 525 526 527 528 529 530 531 532 536 537 539 540 543 544 545 546 547 548 550 551 552 555 557 558 559 560 561 562 563 564 565 566 567 568 569 571 572 573 574 575 576 577 578 579 580 581 582 583 584 585 586 589 590 592 593 594 595 596 597 599 600 602 603 604 605 607 608 610 611 612 614 615 617 618 619 620 621 623 624 625 626 627 628 629 630 631 633 634 635 637 639 640 641 642 643 644 645 646 647 648 649 650 652 653 655 656 657 658 659 660 661 662 663 664 665 666 667 669 670 671 672 673 674 675 676 677 678 679 680 681 682 683 684 685 686 687 688 689 690 691 692 693 694 695 696 697 698 699 700 701 702 704 705 706 707 708 709 710 711 712 713 714 715 716 717 718 720 721 722 723 724 725 726 727 728 729 730 731 734 735 736 737 738 739 740 741 742 743 746 747 750 751 752 753 754 755 756 757 758 760 761 762 763 764 765 766 767 768 769 770 771 772 773 774 775 776 777 778 779 780 781 782 783 784 786 787 788 790 792 794 795 796 797 798 799 802 803 804 805 806 807 808 809 810 811 812 813 814 815 816 817 818 819 822 823 824 825 827 830 831 832 833 834 835 836 837 838 839 840 841 842 843 844 845 846 847 848 849 850 851 852 853 856 857 858 859 861 863 864 865 866 867 868 870 871 872 873 874 875 876 877 878 879 880 882 883 884 885 886 887 888 889 890 893 896 897 898 899 900 901 902 903 905 907 910 911 912 913 914 915 918 919 920 921 922 923 924 925 926 927 928 929 930 931 932 934 935 936 937 938 940 941 942 943 944 945 947 948 949 950 951 952 953 954 955 956 957 958 959 960 961 962 963 964 965 966 967 968 969 970 971 972 973 974 976 977 978 979 980 981 982 983 984 985 986 987 988 989 990 991 992 993 994 995 996 997 998 999 1001 1002 1003 1005 1006 1007 1009 1010 1011 1012 1013 1014 1015 1016 1017 1018 1019 1020 1021 1022 1023 1024 0
2 3 4 5 6 7 8 11 12 13 15 17 18 20 22 23 26 27 28 29 30 31 33 34 35 37 38 39 40 42 44 45 46 47 49 50 51 52 56 57 58 59 60 61 62 63 64 65 66 67 69 70 71 72 73 74 75 76 77 78 79 80 81 82 83 84 85 86 87 89 91 92 94 95 96 97 98 99 100 101 102 103 104 106 108 109 110 111 112 113 114 115 116 117 118 120 121 122 123 124 125 126 127 128 129 130 131 132 133 135 136 137 139 140 141 142 143 144 146 148 149 151 152 153 155 156 160 161 162 163 164 166 167 168 169 170 171 172 173 174 175 176 177 179 181 182 183 184 185 187 190 192 193 194 195 196 197 198 199 202 204 205 206 207 208 209 211 212 214 215 216 217 218 219 220 221 222 223 224 225 226 227 228 229 230 231 232 233 234 236 237 238 239 240 241 242 243 244 245 248 249 250 251 252 253 254 255 256 0
1 2 3 4 5 6 7 8 11 12 13 14 15 16 17 18 19 20 21 22 23 24 25 26 27 28 29 30 31 32 33 34 35 37 38 39 40 41 42 43 44 45 46 47 48 50 51 52 53 54 56 57 59 60 61 62 63 64 65 69 70 71 72 73 74 77 78 79 80 83 84 85 87 88 89 90 91 92 93 95 96 97 98 99 100 102 103 104 105 106 107 108 109 110 112 113 115 116 117 118 119 120 121 122 124 125 126 128 129 130 131 132 133 134 135 136 137 138 140 141 142 143 144 146 147 148 149 150 151 152 153 154 155 156 157 160 161 162 163 165 166 167 168 169 170 171 173 174 175 176 177 178 179 180 181 182 183 184 186 187 192 194 196 198 199 200 201 202 203 204 205 208 209 210 211 212 213 214 215 216 218 219 220 221 222 223 224 225 226 227 228 229 231 232 234 235 236 237 238 239 240 241 242 244 245 246 247 248 249 250 253 254 255 256 257 262 263 264 265 266 267 268 269 270 271 272 273 274 275 276 277 279 280 281 282 283 284 286 287 288 290 291 293 294 297 298 299 300 301 302 304 305 306 309 311 312 313 314 315 316 317 318 319 320 321 324 325 326 327 328 329 330 331 332 334 335 336 337 338 339 340 341 342 345 346 347 349 350 351 352 353 354 355 356 357 358 359 360 361 362 363 364 365 366 368 369 370 371 372 377 378 379 380 381 382 383 385 386 387 388 389 390 391 392 393 395 396 397 398 399 402 403 404 405 407 408 409 410 411 413 415 416 417 418 419 420 421 422 424 425 426 427 429 430 431 432 433 434 437 438 439 441 442 443 444 445 446 447 449 451 452 454 455 456 459 460 461 462 463 467 468 471 472 474 475 476 477 478 480 481 482 483 484 485 486 489 490 492 493 494 495 496 497 500 506 507 508 509 0
2 3 4 5 8 9 11 14 15 17 18 21 22 24 25 27 29 30 31 32 34 35 38 39 40 42 43 44 46 47 48 50 52 53 54 55 59 60 61 62 65 66 68 69 71 72 73 74 75 76 77 78 79 82 83 84 86 89 90 91 92 93 95 97 98 100 101 103 104 105 106 107 111 112 113 114 115 116 117 119 121 122 123 124 125 126 127 128 0
1 4 6 8 9 12 13 14 15 16 17 18 19 21 23 24 25 28 29 31 32 0

27
1 3 4 5 6 8 10 11 14 15 16 17 18 19 20 21 22 23 24 25 26 30 31 32 33 34 36 37 39 40 42 45 46 47 48 49 50 52 53 54 55 56 57 58 59 61 62 63 65 66 68 69 70 71 72 73 74 75 77 78 79 80 81 82 83 84 86 87 88 89 90 91 92 93 94 96 97 98 99 100 101 102 103 104 105 106 107 108 109 112 113 115 116 119 120 121 122 123 124 125 126 127 128 129 130 131 132 134 135 136 137 138 139 140 141 142 143 144 145 147 148 149 150 151 152 153 154 158 159 160 161 162 163 164 166 167 168 169 170 171 173 174 175 176 177 179 180 181 182 183 184 185 186 187 188 189 191 192 193 194 195 198 200 201 202 205 206 208 209 211 213 214 215 216 217 218 219 220 221 222 223 224 225 226 227 228 229 230 232 233 234 236 237 238 239 240 241 242 243 244 245 246 247 248 249 250 251 252 253 254 255 256 257 258 259 260 261 262 263 264 265 266 268 269 270 271 272 273 274 275 276 277 278 279 280 281 282 283 284 285 286 287 288 289 290 291 292 293 294 295 296 297 298 299 300 301 302 303 304 305 306 307 308 310 311 312 313 314 315 316 317 318 319 320 321 322 323 324 325 326 327 328 329 330 331 332 333 334 335 336 337 338 340 341 342 343 345 346 347 349 350 351 352 353 354 356 359 360 361 362 363 364 366 367 368 369 370 371 372 374 375 376 377 378 379 380 381 382 383 384 385 387 388 389 390 391 392 393 394 395 396 397 398 399 400 401 402 403 404 405 406 408 409 410 411 414 415 416 417 418 420 421 422 424 425 426 427 428 429 430 431 432 433 434 435 436 437 438 439 440 441 442 443 445 446 447 449 450 451 452 453 454 457 458 459 460 461 462 463 464 465 466 467 468 469 471 474 475 476 477 478 479 480 481 482 483 484 485 486 487 488 490 491 492 493 494 495 496 497 498 499 500 501 502 503 504 505 506 507 508 510 511 512 513 514 515 516 517 518 519 520 521 522 523 524 527 528 529 530 531 532 533 534 535 536 537 538 539 541 542 543 544 545 546 547 548 549 550 551 552 553 554 555 556 558 559 560 561 562 563 564 565 566 567 569 571 572 573 574 576 577 578 580 581 582 583 585 586 588 589 590 591 592 593 594 595 596 597 598 599 600 601 602 603 604 605 606 607 608 609 612 614 615 616 617 618 619 620 623 624 625 628 629 630 631 632 633 634 635 636 637 638 640 641 643 644 645 646 647 648 649 650 651 653 654 655 656 657 658 659 660 661 662 663 664 665 666 667 669 670 671 672 674 675 676 678 680 681 682 683 685 686 687 688 689 690 691 692 694 695 697 699 700 701 703 704 705 706 707 711 713 714 716 717 718 719 720 721 722 725 726 727 728 730 731 732 733 734 735 736 737 738 739 740 741 742 743 744 745 746 747 748 749 750 751 752 753 754 755 756 757 758 759 760 761 764 765 766 768 769 770 771 772 773 774 775 776 777 778 779 780 781 782 783 784 785 789 790 791 792 793 794 795 796 797 798 799 800 802 803 804 805 806 807 808 809 810 812 813 814 815 816 817 818 819 820 821 822 823 824 825 826 827 828 829 830 831 832 833 836 837 838 839 841 842 843 844 845 846 847 848 849 850 851 852 853 854 855 856 857 858 859 860 861 862 863 864 865 866 867 868 870 871 872 873 874 876 878 880 882 883 884 885 887 888 889 890 891 892 893 894 895 896 897 899 901 902 904 905 906 907 908 910 911 912 913 914 915 916 917 918 920 921 923 925 926 927 928 929 930 931 932 933 934 935 937 938 939 940 941 944 945 946 947 948 949 950 951 952 953 954 955 956 957 958 959 960 962 963 964 965 968 969 970 971 972 973 974 975 976 977 978 979 980 981 982 983 984 985 986 988 989 990 991 992 993 994 995 997 998 999 1000 1001 1002 1003 1005 1008 1009 1010 1011 1012 1013 1014 1015 1016 1017 1018 1019 1020 1021 1022 1023 1024 0
1 2 3 4 5 6 7 8 9 10 11 12 13 14 15 16 19 22 23 24 25 26 27 28 29 31 33 37 38 39 40 44 46 47 48 49 50 52 53 56 57 58 60 61 62 63 64 66 67 68 69 70 72 73 74 75 76 77 78 79 80 81 82 83 84 85 87 88 89 90 91 92 93 94 95 96 97 98 101 102 103 104 105 106 107 108 109 110 111 112 113 114 115 117 119 120 121 122 123 124 125 127 128 129 130 131 132 133 134 135 136 137 139 140 141 142 143 144 145 147 148 149 150 151 152 153 154 155 158 160 161 162 164 167 168 169 170 173 175 178 179 180 181 182 183 184 185 186 187 188 189 190 191 192 193 195 196 198 199 200 201 202 203 204 205 207 208 209 210 211 214 215 217 218 219 220 222 223 224 225 227 228 229 230 232 234 237 238 239 241 242 245 246 247 248 249 250 251 252 253 254 255 256 0
1 2 3 4 6 7 8 9 12 14 18 23 25 26 27 30 31 32 33 34 35 36 37 38 39 40 41 42 44 45 46 48 49 50 52 53 55 56 57 58 59 60 61 62 63 64 65 66 67 68 69 70 71 72 73 74 75 76 77 78 79 80 81 82 83 84 86 87 88 90 91 92 93 94 95 96 98 99 100 101 102 103 104 105 106 108 110 111 112 113 114 115 116 118 119 120 121 122 123 124 125 126 127 128 130 131 134 135 136 137 139 141 143 145 148 149 150 151 152 155 156 157 158 162 163 164 165 168 169 170 171 172 173 174 175 176 178 179 180 181 182 183 185 186 187 188 189 191 192 193 194 196 197 199 200 201 202 205 206 208 210 211 213 214 215 216 217 218 219 220 221 222 223 224 225 226 227 229 230 231 233 234 236 238 239 240 242 243 244 245 247 248 249 250 251 252 253 254 255 256 257 258 259 261 262 263 264 265 266 267 268 269 270 273 274 275 276 278 279 280 281 282 285 286 287 290 291 292 293 294 295 296 297 298 299 300 301 302 304 306 308 309 311 312 313 315 316 318 320 323 327 328 331 333 334 337 338 340 341 346 348 349 350 353 357 358 360 361 362 363 364 365 366 368 369 370 371 372 374 376 377 378 379 380 381 382 383 384 385 386 387 388 389 390 391 392 393 394 395 396 397 398 399 400 401 402 403 404 405 406 407 408 410 412 413 414 415 416 417 418 419 420 423 425 426 427 430 431 433 434 435 436 437 438 439 440 442 443 444 445 446 447 448 449 450 451 452 454 455 456 457 458 459 460 461 462 463 464 467 468 469 470 471 474 475 476 477 478 479 480 481 482 483 484 485 486 487 488 489 490 492 493 494 495 497 499 500 501 503 504 505 507 509 510 511 512 0
1 2 3 4 7 8 9 10 11 14 15 16 17 19 20 21 22 23 24 26 28 29 31 32 33 34 37 38 39 41 43 45 46 48 49 51 52 54 56 57 60 61 64 65 67 68 69 72 73 75 78 79 80 83 84 85 87 88 89 90 93 94 96 97 98 100 103 105 106 107 108 109 110 112 113 114 116 117 120 121 122 123 124 125 126 127 128 0
1 2 3 4 7 8 9 12 13 15 16 17 19 22 23 26 28 30 32 0

28
2 3 4 5 6 8 11 15 17 18 19 20 21 24 25 26 28 29 33 34 35 36 37 38 39 42 43 44 45 48 49 50 51 52 53 54 55 56 57 58 59 60 61 62 63 64 65 67 68 71 72 75 76 77 78 79 80 81 86 87 89 90 91 92 93 94 95 96 97 101 102 103 105 106 107 108 109 110 111 112 113 116 117 118 119 122 123 124 125 126 127 128 132 138 139 140 141 142 143 144 146 147 149 150 152 153 154 155 156 158 159 160 161 162 163 164 165 166 167 168 170 171 174 176 177 178 179 180 181 182 183 184 185 186 187 188 189 192 193 194 195 196 197 198 199 200 201 202 203 204 205 208 209 210 211 212 213 214 215 216 217 218 219 220 221 224 225 226 229 231 232 233 234 235 236 237 239 241 246 247 248 249 250 251 252 253 254 255 257 260 261 262 263 264 265 266 267 270 275 276 281 282 283 284 286 287 288 291 296 297 298 299 302 303 304 305 306 309 310 311 312 313 319 321 322 323 326 327 328 329 330 331 332 336 341 342 343 344 345 347 348 351 352 354 355 356 358 359 360 361 362 364 365 367 368 369 370 371 372 374 375 376 377 378 379 380 383 384 385 386 387 389 391 392 394 395 396 399 400 406 407 408 409 410 412 413 414 415 416 422 423 426 427 428 429 431 432 441 444 445 446 447 448 454 455 456 457 458 459 460 461 462 463 464 467 469 470 473 474 475 476 477 478 480 481 484 485 486 487 488 489 490 491 492 493 494 496 497 498 499 500 501 502 503 504 505 506 507 508 509 510 512 513 517 518 519 520 522 523 524 525 526 535 536 537 538 539 541 542 544 551 552 554 555 557 558 559 560 561 569 570 574 575 576 577 578 580 581 582 583 586 591 592 593 594 595 596 597 600 601 602 603 607 608 609 610 611 612 614 615 616 617 618 619 623 624 625 626 627 629 630 631 634 635 637 639 640 641 642 643 644 647 649 650 651 652 654 655 656 657 658 659 661 662 663 664 665 666 667 668 670 671 672 673 677 678 679 683 684 685 686 687 688 689 694 695 696 697 699 700 701 702 703 704 715 716 717 718 719 720 726 727 728 729 730 731 732 733 734 735 736 737 738 739 740 742 743 744 745 746 747 748 749 750 752 753 754 755 756 757 758 759 760 761 762 763 764 765 769 770 773 774 775 776 777 778 779 781 784 792 794 795 796 798 799 804 806 807 808 809 810 811 812 814 815 817 824 831 832 833 834 836 837 838 839 840 841 842 846 847 848 849 850 851 852 853 854 855 856 857 858 859 860 861 862 863 864 865 866 871 872 873 877 879 880 881 882 885 886 887 888 889 890 891 892 893 895 896 897 898 899 900 903 904 905 908 909 910 911 912 913 914 915 916 917 920 921 922 923 925 927 928 929 930 931 933 934 935 936 937 938 939 940 941 942 943 944 950 951 952 953 954 955 958 964 965 966 967 968 969 971 972 973 974 975 976 982 983 984 985 986 987 988 989 990 991 992 994 995 996 997 998 999 1000 1001 1002 1003 1004 1005 1014 1015 1016 1017 1018 1019 1020 1021 1022 1023 1024 0
1 2 4 6 7 8 9 10 11 12 16 17 19 23 24 27 28 29 30 31 37 39 42 43 44 46 48 49 50 54 62 64 65 66 67 69 70 71 72 73 74 75 76 77 78 79 80 81 82 83 84 86 87 88 91 93 94 95 96 97 98 99 100 101 102 103 105 106 107 108 110 111 113 114 115 116 117 118 120 121 122 123 124 125 126 127 128 129 130 131 132 133 134 136 137 138 139 145 146 147 148 149 150 151 152 153 155 156 157 158 159 160 161 163 166 167 168 169 170 171 172 173 174 175 177 178 179 180 181 182 185 186 187 188 189 190 191 193 195 196 199 202 203 205 206 207 208 209 210 211 212 213 214 215 216 217 222 224 225 226 227 228 229 230 231 232 233 234 235 236 239 242 243 244 246 247 248 249 250 251 252 254 255 256 0
1 2 3 4 5 9 10 11 13 16 17 18 19 20 21 22 23 24 25 28 29 30 31 33 34 36 37 38 39 46 47 48 49 50 54 56 57 59 60 61 62 66 69 70 72 74 75 76 78 79 82 84 86 87 88 89 90 91 92 93 94 95 96 98 99 100 101 102 103 104 106 107 108 109 111 112 114 115 117 118 119 120 121 122 123 124 125 130 131 133 135 136 137 138 139 143 145 146 148 149 150 151 152 153 155 156 157 159 161 165 166 172 176 180 181 182 185 187 188 189 190 193 196 197 198 199 200 201 202 203 204 207 208 210 211 212 213 216 217 219 220 221 224 226 229 230 231 232 235 237 239 240 242 243 245 246 247 248 250 251 252 253 254 256 260 262 264 265 266 269 270 271 272 273 274 275 279 280 282 283 284 287 288 289 290 291 293 295 296 298 301 302 303 305 306 307 309 310 311 313 314 315 316 318 319 321 322 323 324 326 327 330 332 334 335 337 339 340 341 342 343 344 346 350 352 354 356 357 359 360 363 364 365 366 368 369 370 371 372 373 377 378 379 381 382 383 384 385 386 387 388 389 390 392 393 394 395 396 397 398 399 400 401 403 404 405 406 407 412 413 414 415 416 417 419 420 421 422 424 425 426 427 428 429 430 431 434 435 436 437 438 439 441 444 445 446 447 448 451 452 454 456 457 459 460 461 462 463 464 465 467 468 469 470 472 473 474 475 476 479 480 482 485 492 493 494 496 497 498 499 500 501 502 503 504 505 506 507 508 509 510 511 0
1 3 4 5 6 7 8 9 10 13 14 15 16 21 22 23 25 26 28 29 30 32 34 36 37 39 40 42 43 45 46 47 48 49 50 51 52 54 57 58 62 64 65 66 67 69 72 73 74 79 80 81 82 83 84 86 87 88 90 91 92 94 95 96 99 100 103 105 108 109 112 114 115 116 118 119 120 121 122 123 126 127 128 0
2 3 4 5 6 9 13 14 18 19 20 21 22 24 25 29 30 31 32 0

29
4 5 6 12 13 16 18 19 20 21 26 27 28 34 35 42 43 49 50 53 57 58 59 60 61 64 65 66 69 70 72 73 74 75 77 80 81 88 89 90 91 92 93 95 96 97 102 103 105 106 107 108 109 110 111 115 116 117 118 119 120 121 122 123 124 125 130 131 132 133 134 136 137 138 139 140 142 145 146 148 149 150 151 152 153 154 155 156 157 158 159 160 161 162 163 164 166 167 168 169 170 171 172 173 174 175 176 177 178 179 180 182 183 184 185 186 187 188 189 190 192 195 198 200 202 204 205 206 207 208 209 210 211 212 213 214 215 217 218 219 221 222 223 224 225 226 228 229 230 231 232 233 234 235 236 237 238 239 240 244 245 246 247 248 249 250 252 253 254 255 256 257 258 259 260 263 264 265 268 270 271 272 273 274 275 276 278 279 280 281 282 284 285 286 287 288 289 290 294 295 296 297 300 301 303 308 309 310 311 312 313 314 315 316 317 318 319 320 322 323 324 325 326 327 328 329 330 332 333 334 335 336 339 340 341 342 344 345 346 347 348 352 355 356 357 358 359 360 362 364 365 369 370 372 373 374 375 376 377 378 379 380 381 383 386 387 388 389 390 391 392 393 394 395 396 397 398 401 404 405 406 407 408 409 410 411 412 413 415 416 417 418 419 421 422 423 424 425 426 427 428 429 431 432 433 434 436 437 438 439 440 441 442 443 444 445 446 447 448 449 450 451 452 453 454 456 457 458 459 460 461 462 463 465 466 467 468 471 472 473 474 475 476 477 478 480 481 483 484 485 486 487 488 489 490 491 492 493 494 495 496 498 499 500 501 502 503 504 505 506 507 508 509 510 511 512 513 516 517 518 519 520 521 522 523 525 526 527 528 532 533 534 535 536 540 541 542 543 544 546 547 548 549 550 551 552 556 557 558 559 560 562 563 564 566 567 571 572 573 574 575 576 578 579 580 581 582 584 585 586 587 588 589 590 591 592 593 594 595 596 599 600 602 606 607 608 609 610 611 613 614 615 616 617 618 619 620 622 623 624 625 628 629 630 631 632 633 634 635 636 637 641 643 644 645 646 647 650 651 652 653 655 656 657 658 659 660 661 662 663 666 667 668 669 670 671 672 673 674 675 676 677 678 679 680 681 682 683 684 687 688 689 690 691 692 693 694 695 696 697 698 699 700 702 703 704 705 709 710 711 712 713 714 718 719 720 723 727 733 734 735 736 737 738 742 743 744 745 746 747 748 749 750 751 752 753 754 755 756 757 758 759 760 761 762 763 764 765 766 767 768 769 770 771 772 773 774 775 776 777 778 779 780 781 782 783 784 789 790 791 795 796 797 798 803 804 805 806 807 812 813 814 815 817 818 819 820 821 822 823 824 825 826 827 828 829 830 831 834 835 836 837 838 839 840 841 842 843 844 845 848 849 850 851 852 853 855 856 857 858 859 860 862 863 864 865 866 867 868 869 870 871 872 873 874 875 876 877 879 881 884 885 886 888 889 890 891 892 893 897 900 901 902 903 904 905 906 907 908 909 910 911 912 913 914 915 916 917 918 919 920 921 922 923 924 925 926 927 928 929 930 931 933 934 935 936 937 938 939 940 941 942 943 944 945 946 947 948 949 950 951 952 954 955 956 957 960 966 967 968 969 970 971 972 973 974 975 976 977 978 979 980 981 982 983 984 985 986 987 988 989 990 991 992 993 994 995 996 997 998 999 1000 1001 1002 1003 1004 1005 1006 1007 1008 1010 1011 1012 1013 1014 1015 1016 1017 1018 1019 1020 1021 1022 1023 1024 0
1 2 6 9 11 12 16 18 19 20 21 22 23 26 28 29 31 32 33 34 35 36 37 38 39 40 41 43 45 47 50 51 52 53 54 55 56 58 66 67 70 71 72 73 74 76 77 78 81 83 84 85 86 87 88 91 92 93 94 95 97 98 99 100 101 104 106 107 108 109 110 111 112 113 114 115 116 117 118 119 120 121 122 123 124 125 126 127 128 129 130 131 132 133 134 135 136 137 138 142 144 145 146 147 148 149 150 153 156 157 158 159 161 162 163 165 166 167 169 171 172 173 174 175 176 179 180 181 182 183 185 186 187 188 191 192 194 195 196 197 198 199 202 203 204 205 206 207 209 210 211 212 213 214 215 216 217 218 219 220 221 223 224 225 228 229 230 231 233 234 236 237 238 239 240 243 244 245 246 247 248 249 251 253 254 255 256 0
1 3 5 7 8 9 10 11 13 16 17 19 20 22 23 24 26 27 28 29 30 32 33 35 36 38 39 40 41 44 45 46 47 48 49 50 51 54 55 56 57 58 59 60 62 63 64 66 68 69 71 72 73 74 76 77 78 80 82 83 84 85 86 87 90 91 92 93 94 96 97 98 99 100 101 102 105 108 109 110 112 115 116 117 118 119 120 122 123 124 125 126 127 129 130 131 132 136 137 139 140 141 142 143 145 146 148 150 152 153 154 155 159 162 163 167 169 170 172 173 175 176 179 180 181 182 183 184 185 186 187 188 190 193 195 196 198 202 203 204 205 207 209 211 212 214 215 216 218 219 220 221 222 224 226 228 229 230 233 234 235 236 237 238 239 240 241 242 243 244 246 247 248 249 250 251 253 255 257 261 262 263 264 265 267 269 270 271 273 274 276 277 278 280 281 282 283 285 286 288 289 290 292 294 296 299 301 302 303 304 305 306 307 308 310 312 315 317 318 319 320 322 323 324 325 328 329 331 334 338 339 340 341 342 343 344 345 346 349 350 353 354 356 357 358 361 362 363 364 367 368 369 370 371 372 373 374 375 376 377 378 379 380 381 382 383 385 386 387 388 389 390 391 392 396 397 398 400 401 406 407 408 409 411 412 415 416 418 420 421 422 423 424 425 427 428 429 431 432 433 434 435 436 437 438 439 440 441 442 443 447 448 452 454 455 456 457 459 460 461 462 463 464 465 466 467 468 471 473 474 475 478 479 480 483 484 485 486 487 489 490 491 493 494 495 496 497 499 501 503 504 505 506 507 508 509 510 511 512 0
1 2 6 7 11 12 13 14 15 16 17 18 19 21 25 27 28 31 32 34 36 38 39 41 42 43 44 45 46 47 48 50 51 52 53 55 56 57 58 59 60 61 62 64 65 66 67 70 71 72 73 74 75 76 77 78 79 80 85 86 88 89 90 91 92 93 94 95 96 97 100 101 102 104 105 107 108 109 110 111 112 114 116 119 120 122 123 125 127 128 0
2 4 6 7 8 9 12 17 18 21 23 24 27 29 31 32 0

30
1 2 3 4 5 6 7 8 9 10 11 12 13 14 15 16 17 18 19 24 25 28 29 30 31 32 33 34 37 39 40 41 42 44 45 46 48 51 52 53 55 56 57 58 59 60 61 62 64 67 68 69 70 71 72 73 74 76 77 78 80 82 83 86 87 88 89 90 91 92 94 95 96 98 99 102 103 104 105 108 109 110 111 112 113 114 115 116 117 119 120 122 124 125 126 127 128 129 130 131 133 134 135 136 137 141 142 143 144 145 146 147 148 149 150 151 152 153 154 156 157 158 159 160 162 163 164 165 166 167 168 169 171 172 173 174 175 176 178 179 180 181 182 183 185 187 189 190 192 193 194 195 197 198 199 200 201 205 206 207 209 210 211 212 213 214 215 216 218 219 221 223 225 226 228 229 230 231 232 233 234 235 240 241 242 243 244 245 246 247 248 249 250 251 252 253 256 257 258 259 260 261 262 263 264 265 266 267 269 271 272 273 274 275 276 277 278 279 280 281 282 283 284 285 286 287 288 289 291 292 293 294 296 297 298 299 300 301 302 304 305 306 307 308 309 310 311 312 313 314 315 316 317 318 319 320 321 322 323 324 325 326 327 328 329 330 331 332 333 335 336 338 340 341 342 343 344 345 346 347 349 351 352 354 356 357 358 359 360 361 363 365 366 367 368 369 370 372 373 375 376 377 378 379 380 381 382 383 384 385 388 389 391 393 396 397 398 399 400 401 402 403 404 405 406 407 408 409 410 411 413 415 416 417 418 419 420 421 422 423 424 425 426 427 428 429 430 431 432 433 436 437 438 439 440 441 442 443 444 445 446 447 448 449 450 451 452 453 454 455 456 459 460 462 463 464 465 466 467 468 469 473 474 475 476 477 478 479 480 481 482 487 488 489 490 491 492 493 494 495 497 498 499 500 501 502 503 504 505 506 507 508 509 510 511 512 516 517 518 519 520 521 522 523 524 525 526 527 528 529 531 532 534 536 537 538 539 540 541 542 543 544 545 546 547 549 551 552 553 555 556 557 558 560 561 562 563 564 565 566 567 568 569 570 571 572 573 574 575 576 577 579 581 582 584 585 586 588 590 592 595 596 597 598 599 600 601 602 603 604 605 606 607 608 610 611 612 613 614 615 616 617 619 621 622 623 624 625 627 629 630 632 634 635 636 637 638 639 640 642 643 644 645 646 647 648 649 650 652 653 654 655 656 658 659 660 661 662 663 664 665 666 668 669 671 672 674 675 677 678 679 680 681 682 683 684 685 686 687 688 689 690 691 692 693 694 695 697 698 700 701 702 704 706 708 709 710 711 712 713 715 716 717 718 719 720 721 722 724 726 727 728 729 730 734 735 736 737 738 739 740 741 742 743 744 745 746 748 749 750 751 752 754 756 757 759 760 761 762 763 764 765 766 768 770 771 772 773 774 775 776 777 778 779 780 781 782 783 784 785 788 790 791 792 793 796 797 798 799 800 801 803 805 806 807 810 811 812 813 814 815 816 817 818 819 820 821 822 823 824 826 827 828 831 832 833 834 835 836 837 838 839 840 841 842 843 847 848 851 853 854 855 856 857 859 860 861 862 863 864 865 867 868 869 870 871 872 873 874 875 877 878 879 880 881 882 885 886 887 888 889 890 891 892 893 895 896 897 898 899 901 902 903 906 907 908 909 910 913 914 919 920 921 922 923 924 925 926 927 928 930 935 936 937 938 939 940 942 943 944 945 946 947 948 949 950 951 952 953 954 955 956 957 958 959 960 961 963 964 965 966 967 968 969 970 971 972 973 974 975 976 977 980 981 982 983 984 986 987 988 989 990 991 992 993 994 995 996 997 998 999 1000 1001 1003 1004 1006 1009 1010 1011 1012 1013 1014 1015 1016 1017 1018 1019 1020 1021 1022 1023 1024 0
3 4 6 7 9 11 12 13 14 15 18 20 21 24 25 27 28 29 31 32 34 35 36 37 38 39 42 43 44 46 47 49 50 51 52 53 54 55 57 60 61 62 64 65 66 67 68 69 71 72 73 74 75 76 77 78 79 80 81 82 84 85 87 88 89 90 91 92 93 94 95 96 99 100 101 102 103 104 105 106 107 108 109 110 111 112 115 116 119 121 123 124 125 126 128 129 130 131 132 133 135 137 140 141 142 143 144 145 146 147 148 149 150 151 152 153 154 156 157 158 160 161 162 163 164 165 166 167 168 171 172 173 174 175 176 177 179 180 181 183 185 187 188 189 190 192 193 195 196 197 198 199 200 202 203 204 205 206 207 208 209 210 211 212 213 214 215 216 217 218 219 220 221 222 223 224 225 226 227 229 230 231 232 233 234 235 237 238 239 240 241 242 243 244 245 246 247 248 249 250 252 253 254 255 256 0
1 3 4 7 8 9 11 12 13 14 15 17 18 20 21 23 24 25 26 27 29 30 32 33 35 36 40 42 43 45 46 47 49 51 52 54 55 57 58 59 60 61 62 63 64 67 68 69 70 71 72 73 74 77 78 81 82 83 84 85 89 90 91 92 93 94 95 96 97 98 99 100 101 102 103 104 105 106 107 108 109 111 112 116 117 119 120 121 122 123 124 125 127 130 131 132 133 134 135 136 139 140 143 144 145 146 147 148 149 150 151 153 154 155 156 157 158 159 160 161 163 164 165 166 167 168 169 170 171 173 174 175 176 180 181 182 183 184 185 186 187 188 189 190 191 192 194 195 196 199 202 203 204 205 206 208 209 210 211 212 213 214 215 218 219 220 222 223 224 225 227 228 229 230 231 232 234 235 236 241 242 244 245 246 247 248 249 250 251 252 253 255 256 257 258 260 261 264 265 266 267 269 270 271 272 273 274 275 276 277 278 279 281 282 283 285 286 287 291 292 293 294 295 296 298 299 300 301 302 303 304 305 306 307 309 312 314 316 318 320 322 323 324 325 326 328 329 331 333 334 335 336 337 338 339 340 341 342 344 346 350 351 352 353 356 357 358 359 360 362 363 364 365 366 367 368 369 370 371 372 375 376 377 378 379 380 381 383 385 386 387 388 389 390 391 392 393 395 396 398 399 400 401 403 405 406 407 408 410 413 414 416 417 420 421 422 424 426 427 428 429 430 433 434 436 437 438 439 440 441 443 445 446 448 449 450 451 453 454 455 456 458 459 460 461 462 463 465 467 468 469 470 471 472 473 474 475 476 477 479 481 482 483 485 486 488 490 492 493 494 495 496 498 499 502 503 504 505 506 507 508 509 510 511 512 0
2 3 5 8 10 11 12 13 16 17 18 19 20 23 24 25 27 30 31 32 33 34 35 36 37 38 40 41 42 43 44 45 46 47 48 49 51 53 54 55 57 59 60 61 62 63 64 65 66 69 70 71 72 73 76 77 79 82 83 84 85 86 87 88 89 90 91 92 93 94 95 96 97 98 99 101 102 103 104 105 108 109 110 111 113 114 115 117 119 121 122 124 125 126 127 0
2 4 6 8 9 11 12 15 17 18 19 20 22 24 25 26 27 0

31
1 7 8 12 13 14 15 16 17 19 20 22 23 25 28 29 30 33 36 37 38 42 46 47 51 52 55 56 57 61 62 66 67 68 69 70 71 72 73 74 75 76 77 78 79 81 82 83 84 86 87 88 89 90 91 92 93 95 96 97 98 100 101 102 103 104 105 106 107 108 109 112 113 114 117 118 119 120 121 122 123 124 125 128 129 130 132 133 134 136 137 138 139 140 141 144 146 147 148 149 150 151 152 153 154 155 156 157 158 159 160 161 162 163 165 166 167 168 169 170 171 172 173 174 175 176 178 179 180 183 184 185 186 187 188 190 191 194 195 196 197 200 201 202 203 204 205 206 207 209 210 211 212 213 214 215 216 217 218 219 220 221 222 225 226 227 228 229 230 231 232 233 235 236 237 239 241 242 243 244 245 246 247 248 250 252 253 254 255 257 258 259 260 261 262 263 264 267 268 269 270 271 274 275 276 277 278 279 280 281 282 283 284 285 286 287 288 292 295 296 297 298 300 301 302 303 304 305 306 307 308 309 310 311 312 316 319 321 323 324 325 326 327 328 329 330 331 332 333 334 335 336 337 338 339 341 342 343 344 346 347 348 349 351 352 353 354 356 357 358 359 360 361 362 363 364 365 366 367 368 369 370 371 373 374 375 376 377 378 379 381 382 383 384 385 386 389 391 392 393 395 396 397 398 400 402 403 404 405 406 407 408 409 410 411 412 413 414 416 417 418 419 420 421 422 423 424 425 426 428 432 433 434 438 440 441 442 443 444 445 448 449 451 453 454 456 457 458 460 461 462 463 464 465 466 467 468 469 470 471 472 473 474 475 477 480 481 482 483 484 485 486 489 490 491 494 495 497 498 499 500 501 502 503 504 505 506 507 508 509 510 511 512 514 515 516 517 518 520 521 522 523 524 528 529 530 533 536 537 538 539 540 541 544 546 547 548 549 550 551 552 553 554 555 556 557 560 561 564 566 567 568 569 571 572 575 576 577 578 579 580 581 582 583 584 585 587 588 592 594 595 597 598 599 600 601 603 604 605 606 607 608 610 611 612 613 614 616 617 618 620 621 622 623 624 626 628 629 630 631 632 633 634 635 637 638 639 640 642 644 645 646 647 648 649 650 651 653 654 655 656 657 658 659 660 661 664 665 666 667 668 669 670 671 672 673 674 675 676 677 678 679 681 682 684 685 687 688 689 690 691 693 694 695 696 697 698 699 700 703 704 705 706 707 708 709 710 711 712 713 714 715 716 717 720 721 722 723 724 725 726 727 728 729 730 732 733 734 735 736 737 738 739 740 741 742 743 746 749 750 751 752 753 754 755 756 757 758 759 760 762 763 765 767 768 769 770 771 772 773 774 776 777 778 779 780 781 782 783 784 792 793 794 795 796 800 802 803 806 807 808 809 810 811 812 814 817 818 819 820 821 822 824 825 826 827 831 832 833 834 835 836 837 838 839 840 841 842 843 844 849 850 851 852 853 854 855 856 857 858 859 861 862 863 864 865 868 869 870 871 872 873 875 876 877 878 879 880 882 884 885 886 887 889 890 891 892 893 895 896 898 899 900 901 902 903 904 905 906 907 908 909 911 912 913 914 915 916 917 918 919 922 923 924 925 926 928 929 930 931 932 933 934 935 936 937 938 939 940 941 942 943 944 945 946 947 949 950 951 952 953 954 955 956 957 958 960 961 962 963 964 966 967 968 969 970 971 972 973 977 978 980 981 982 983 984 985 986 987 988 989 990 991 993 994 995 996 997 998 1000 1001 1002 1005 1006 1007 1009 1010 1012 1013 1015 1016 1017 1020 1021 1022 1023 1024 0
1 2 4 5 7 8 11 13 14 15 16 17 18 19 23 24 25 26 27 28 30 31 34 35 36 38 40 43 44 45 46 47 49 50 51 52 53 54 55 57 58 60 61 62 64 65 67 68 69 70 71 72 73 74 75 76 79 80 81 82 84 85 86 87 88 90 91 92 93 94 97 98 99 102 103 104 105 106 107 108 109 111 112 113 114 116 117 118 119 120 121 122 123 126 129 130 131 132 133 134 135 136 137 138 139 140 144 145 146 147 148 149 151 152 155 156 157 158 159 160 161 162 163 164 165 166 167 169 171 173 174 175 177 178 179 180 181 182 183 184 185 186 187 188 189 190 191 192 193 194 196 197 198 199 200 201 202 203 204 205 206 207 208 209 210 212 215 217 219 221 222 223 224 226 227 228 229 232 233 234 235 237 238 239 240 241 243 244 245 246 248 249 250 252 253 256 0
1 3 5 6 8 9 11 12 13 14 15 16 18 19 21 22 25 26 27 28 29 30 34 35 36 37 38 41 44 45 46 47 49 51 52 54 56 57 58 60 61 62 64 65 66 67 70 71 72 73 75 77 79 80 81 82 83 84 85 87 88 89 90 91 92 93 95 97 99 103 104 106 107 108 109 111 112 114 115 116 117 118 119 120 121 122 123 124 125 126 128 129 130 131 132 134 135 136 137 139 140 141 142 143 144 147 148 149 150 151 154 155 156 157 160 161 164 165 166 168 169 171 172 173 174 175 176 178 179 180 181 182 183 184 186 187 188 189 190 193 194 196 198 200 201 203 204 205 206 208 209 210 211 212 215 216 218 219 220 221 222 224 225 226 227 228 231 232 233 234 237 238 240 243 245 247 248 249 250 252 254 255 256 257 259 260 261 264 265 266 267 268 269 270 274 275 279 280 281 283 284 285 286 287 288 290 292 294 295 297 298 301 303 304 305 306 307 308 309 310 311 312 313 314 316 317 318 319 321 322 323 325 326 328 330 331 332 333 337 338 339 340 341 342 344 346 347 349 350 351 353 354 355 356 358 360 361 362 363 364 365 366 367 368 369 370 371 372 374 375 376 377 378 379 380 381 382 385 386 388 389 390 391 392 393 394 395 397 398 399 400 401 402 403 405 407 409 410 411 412 413 414 415 417 421 422 424 425 426 427 428 429 431 433 434 435 437 438 439 440 441 442 443 444 445 446 447 448 449 450 451 453 454 455 456 457 459 460 461 462 463 464 465 466 467 468 474 476 477 478 479 482 483 484 485 486 487 488 490 492 493 494 495 496 497 498 499 500 501 502 503 506 507 508 509 510 511 512 0
2 3 6 7 8 9 12 13 14 17 18 19 21 24 25 26 29 30 32 33 35 36 38 40 41 42 44 45 48 49 56 57 58 59 60 61 62 63 64 65 66 67 68 69 70 71 72 73 75 76 77 78 79 81 83 84 88 89 90 91 92 93 94 95 96 97 100 101 102 103 106 108 109 110 111 112 113 115 116 117 118 121 122 123 124 125 126 127 128 0
1 3 5 6 7 8 9 10 12 14 16 25 27 0

32
1 2 3 4 5 6 8 9 10 11 12 16 17 18 20 21 22 23 24 25 26 27 28 31 32 33 36 40 42 44 46 47 48 49 50 51 52 53 56 57 58 59 60 62 63 64 65 67 69 70 71 72 73 74 75 76 77 78 79 80 81 83 85 86 87 88 89 90 91 92 93 94 95 97 100 101 102 103 104 105 106 107 108 109 110 111 113 114 115 117 118 119 120 121 122 123 124 126 128 130 132 133 136 137 138 139 140 142 143 144 146 149 151 152 153 154 155 156 157 158 160 161 162 166 167 168 169 170 171 172 173 174 176 178 180 182 183 184 185 186 187 188 189 190 192 194 196 198 199 200 201 202 203 204 206 207 208 210 211 212 214 215 216 217 218 219 222 223 224 225 226 227 229 231 234 237 238 240 241 242 243 244 245 246 250 251 252 254 256 257 258 259 260 263 264 265 266 267 268 269 270 271 272 273 274 275 276 279 281 282 283 284 285 286 287 288 289 290 293 294 295 296 297 298 302 303 304 305 307 308 309 310 311 313 314 315 316 318 319 320 321 323 324 325 328 329 330 331 332 333 334 335 337 338 339 340 342 343 344 345 346 348 349 353 354 355 356 357 358 359 360 361 362 363 364 365 366 368 369 372 373 374 375 376 377 378 379 380 381 382 384 386 387 388 389 390 391 392 393 394 395 396 397 398 399 400 401 402 403 405 406 407 408 409 410 411 412 413 415 416 418 419 420 421 423 424 425 426 427 428 429 430 431 432 433 434 437 438 439 440 441 442 443 444 445 447 448 449 450 452 453 454 455 456 457 458 459 460 462 463 464 465 468 469 470 471 472 473 474 475 476 478 479 480 481 482 483 484 485 486 487 488 489 490 491 492 495 496 497 498 499 500 501 502 503 504 505 506 507 508 509 510 511 512 513 514 515 516 517 518 520 521 522 523 524 528 529 534 535 536 537 538 539 543 544 545 547 551 552 553 555 556 558 559 560 561 562 564 567 568 569 570 571 573 574 575 576 577 578 581 582 583 584 585 586 587 588 590 591 592 593 594 595 596 597 598 599 600 601 602 603 604 605 606 608 609 610 611 612 613 614 615 616 617 618 619 620 621 622 624 626 629 630 631 632 633 634 635 636 637 638 640 642 644 645 647 648 649 650 651 652 653 655 656 658 659 660 661 662 663 664 665 666 667 668 669 671 672 674 676 677 678 679 680 681 682 683 684 685 687 688 690 691 692 693 694 695 696 697 698 699 700 701 703 704 706 708 709 710 711 712 713 714 715 716 717 719 720 722 723 725 726 727 728 729 730 731 732 735 736 737 738 739 742 743 745 748 749 750 752 754 755 757 758 759 761 762 763 765 766 767 768 769 770 771 772 773 776 777 778 779 783 784 785 790 791 792 793 794 795 797 798 801 803 804 805 806 807 808 809 811 812 813 814 815 816 817 818 819 820 823 824 825 826 827 828 830 831 832 834 836 837 838 839 840 841 842 843 844 845 846 847 848 849 850 851 852 853 854 855 856 857 858 859 860 861 863 866 867 868 869 870 871 872 873 874 875 876 877 878 880 882 883 884 885 886 887 890 891 892 899 900 902 905 906 907 908 909 910 911 912 913 914 916 917 918 919 920 921 922 923 924 925 926 927 928 932 933 934 935 936 937 938 939 940 941 945 946 948 949 950 951 952 953 954 955 956 957 959 961 962 964 965 966 967 968 969 970 971 972 973 974 975 976 978 979 981 982 983 984 985 986 987 988 989 990 991 992 995 996 997 999 1000 1001 1002 1003 1005 1006 1007 1008 1009 1010 1011 1012 1013 1014 1015 1016 1017 1018 1019 1020 1021 1022 1023 1024 0
4 5 8 9 10 11 12 13 15 20 21 22 26 27 29 30 31 32 35 36 37 38 39 40 45 46 47 50 51 52 53 54 56 57 58 59 60 61 62 63 64 67 68 69 70 72 73 74 75 78 80 81 83 84 85 86 87 89 90 91 92 93 94 95 96 97 98 100 102 104 107 108 109 110 111 113 114 115 116 117 118 119 120 121 122 123 125 126 128 129 132 133 134 135 136 137 138 139 141 142 144 145 148 149 150 152 153 154 155 156 157 158 159 160 161 162 163 165 166 167 169 170 171 175 177 178 179 180 181 182 183 187 188 189 190 191 192 193 194 195 196 197 198 199 200 201 202 203 204 205 206 207 208 209 215 217 218 219 220 221 222 223 224 225 227 232 233 234 235 237 239 240 241 243 244 245 246 248 249 250 251 252 253 254 255 256 0
2 5 6 10 11 12 13 14 16 17 19 20 21 23 24 27 28 29 31 33 35 36 37 38 39 40 43 44 45 46 47 53 54 55 56 57 58 59 60 61 62 63 64 66 69 70 72 74 75 76 77 79 80 81 83 84 85 86 87 90 94 95 96 99 100 101 102 103 104 105 106 107 108 109 110 114 115 116 117 118 120 122 123 124 125 126 127 128 129 130 131 132 133 135 136 137 138 140 142 143 145 147 148 149 150 151 152 153 154 155 158 159 160 163 164 165 166 168 169 174 179 180 181 182 183 184 186 187 188 189 190 191 192 193 196 197 199 200 201 202 204 205 206 207 208 209 210 211 212 213 215 216 217 218 219 222 224 226 227 228 229 230 231 232 233 236 237 238 239 240 241 242 243 244 245 246 247 248 249 252 253 254 256 257 258 259 261 262 263 264 265 266 267 268 269 270 273 274 276 277 279 280 281 282 285 287 289 291 294 295 296 297 299 300 302 303 304 305 306 307 308 309 311 312 313 314 315 316 317 318 321 322 323 324 325 326 331 332 333 334 335 336 338 339 342 343 344 345 346 347 348 349 350 352 354 355 356 357 358 359 360 362 363 364 365 366 367 368 370 371 372 373 374 375 376 378 379 380 381 382 383 385 388 389 391 392 394 395 396 397 398 400 402 404 405 406 409 412 413 415 416 417 418 421 422 423 424 425 428 429 431 432 433 435 436 437 438 439 441 442 443 445 446 447 448 453 454 455 456 457 460 461 462 463 466 467 468 469 470 471 472 473 475 476 477 482 483 485 488 490 491 492 493 494 495 496 499 500 501 502 503 504 506 507 508 509 510 511 512 0
1 2 3 4 5 6 7 8 9 11 12 14 16 17 18 20 22 24 29 31 32 35 36 37 38 41 42 44 46 47 48 50 51 52 53 54 55 56 57 59 60 61 62 64 65 67 68 69 72 73 74 78 79 81 83 87 88 90 91 93 94 96 98 99 100 102 103 104 105 106 107 108 109 110 111 112 114 115 118 119 124 125 126 127 128 0
3 5 6 7 8 9 10 14 15 17 18 19 20 25 27 28 30 32 0

33
1 2 3 4 5 6 8 9 11 12 13 14 15 16 17 18 19 20 21 22 23 24 25 26 27 28 29 30 31 32 34 35 36 37 38 39 40 41 42 43 44 45 46 47 48 49 50 51 52 53 54 55 56 57 58 59 60 61 62 63 64 65 66 67 68 69 70 71 72 73 74 75 76 77 78 79 80 81 82 83 84 85 86 87 89 90 91 92 93 94 95 96 97 98 99 100 102 103 104 105 106 107 108 109 110 111 112 113 114 115 116 117 118 119 120 121 122 123 124 125 126 127 128 129 130 131 132 133 134 135 136 137 138 139 140 141 142 143 144 145 146 147 148 149 150 151 152 153 154 155 156 157 158 160 161 162 163 164 165 166 167 168 169 170 171 172 173 174 175 176 177 178 179 180 181 182 183 184 185 186 187 188 189 190 191 192 193 194 195 196 197 198 199 200 201 202 203 204 206 208 210 211 212 213 214 215 216 217 218 219 220 221 222 224 225 226 227 228 229 230 231 232 233 234 235 236 237 238 239 240 241 242 243 244 245 246 247 248 250 251 252 253 254 256 257 258 259 260 261 262 263 264 265 266 267 268 269 270 271 272 273 274 276 277 278 279 280 281 282 283 284 285 287 288 289 290 291 292 293 294 295 296 297 298 299 300 301 303 304 305 307 308 309 310 311 312 313 314 315 316 317 319 320 321 322 323 324 325 326 327 328 329 330 331 332 333 334 335 336 337 338 339 340 341 342 343 344 345 346 347 348 349 350 351 352 353 354 355 356 357 358 359 360 363 364 365 366 367 368 369 370 371 372 373 374 375 376 377 380 381 382 383 384 385 386 387 388 389 390 391 392 393 394 395 396 397 398 399 400 401 402 403 404 405 406 407 408 411 412 413 414 415 416 417 418 419 420 421 422 423 424 426 427 428 429 430 431 432 433 434 435 436 437 438 439 440 441 442 443 444 446 448 449 450 451 454 455 456 457 458 459 460 461 463 464 465 466 467 468 469 470 471 472 473 474 475 476 480 481 482 483 484 485 486 487 488 489 490 491 493 494 495 496 497 498 499 500 501 502 503 504 505 506 507 508 509 510 511 512 514 515 516 517 518 519 520 521 522 523 524 525 526 527 528 529 530 531 532 533 534 536 537 538 539 540 541 542 543 544 545 546 549 550 551 553 554 555 556 558 559 560 561 565 566 567 568 569 570 571 572 573 575 576 577 578 579 580 581 582 583 584 585 586 587 588 589 590 591 592 593 594 595 596 597 599 600 601 602 603 604 605 606 607 608 609 610 611 612 614 615 616 617 618 619 620 621 622 623 624 625 626 627 628 629 630 631 632 633 634 635 636 637 638 639 640 641 642 643 644 645 646 647 648 649 650 651 652 653 654 656 657 658 659 660 661 662 663 664 665 667 668 669 670 671 672 673 674 675 676 677 678 679 680 681 682 683 684 685 686 687 688 689 690 691 692 693 694 695 696 697 699 700 701 702 704 705 706 707 708 709 710 711 712 713 714 715 716 718 720 721 722 723 724 725 726 727 728 729 730 731 732 733 736 737 738 739 740 741 742 743 744 745 746 747 748 749 750 751 752 753 754 755 756 757 758 759 760 762 763 764 765 766 767 768 769 770 771 772 773 774 775 777 778 779 780 781 782 783 784 785 786 787 788 789 790 791 792 793 794 795 796 799 800 801 802 803 804 807 808 811 812 813 814 816 817 820 821 822 824 825 826 827 828 829 831 832 833 834 835 836 837 838 839 840 841 842 843 844 845 846 848 849 851 853 854 855 856 857 858 859 860 861 862 863 864 865 867 868 869 870 871 872 873 874 875 876 877 878 879 880 881 882 883 884 885 886 887 888 889 890 891 892 893 894 895 896 897 898 899 900 901 902 903 904 905 906 907 908 909 910 911 912 913 914 915 916 917 918 919 920 921 922 923 924 925 928 929 930 931 932 933 934 935 936 937 939 940 941 942 943 944 945 946 948 949 950 951 952 953 954 955 956 957 958 959 960 961 962 963 964 965 966 967 968 969 970 971 972 973 976 977 978 979 980 981 982 983 984 985 986 987 988 989 993 996 997 998 999 1000 1002 1003 1004 1005 1006 1008 1009 1010 1011 1012 1013 1014 1015 1016 1017 1018 1019 1020 1021 1022 1023 1024 0
1 2 3 4 5 6 7 8 10 11 12 13 14 15 17 18 19 20 21 22 23 24 25 27 28 29 30 31 33 34 37 38 39 40 41 42 43 44 46 47 50 51 52 53 54 55 57 58 59 60 61 63 64 65 66 67 69 70 71 72 73 74 75 76 77 78 79 80 81 82 83 84 85 87 88 89 90 91 92 93 94 95 96 97 99 100 101 102 103 104 105 106 107 108 109 110 112 113 114 115 116 117 118 119 120 121 122 123 124 125 126 127 128 129 130 131 132 133 134 136 137 139 140 141 142 143 144 145 147 148 149 150 152 154 157 158 159 160 161 162 163 164 165 166 167 168 169 170 171 172 173 174 175 176 178 179 180 181 182 183 184 185 186 187 188 189 190 191 192 193 194 195 197 198 199 200 201 202 203 204 205 206 207 208 209 210 211 212 213 214 215 216 217 218 219 220 221 222 223 224 225 226 228 229 231 232 233 234 235 236 239 240 241 242 243 244 246 247 248 249 250 251 252 253 254 255 256 0
2 3 4 5 6 7 8 9 10 11 12 13 14 15 16 18 23 24 25 28 31 32 33 34 36 37 41 44 46 47 48 49 50 51 52 54 55 58 60 61 62 63 64 65 66 67 68 69 71 72 73 74 76 77 78 79 80 81 83 84 86 87 88 92 93 94 95 96 97 99 100 105 107 108 109 110 111 112 113 114 115 116 117 118 119 120 122 124 125 126 127 128 129 130 131 132 133 137 138 139 140 141 142 143 145 147 148 149 150 151 152 153 154 155 156 157 158 159 161 162 163 165 167 168 170 171 173 174 175 177 178 179 180 181 182 183 184 185 186 187 188 190 191 193 194 195 196 197 198 201 203 204 207 208 211 212 213 214 215 216 217 219 220 221 224 225 226 229 230 231 233 234 235 237 238 239 240 241 242 243 245 246 247 248 249 250 251 252 253 255 256 257 258 259 260 261 262 263 265 266 267 268 271 273 274 275 278 280 281 282 283 284 285 287 288 289 290 291 292 293 296 297 300 301 302 303 305 306 308 309 310 311 312 313 314 315 316 317 318 319 320 321 322 323 324 325 326 327 328 330 332 333 334 337 338 340 342 343 344 347 348 350 352 353 354 355 357 360 361 362 365 366 368 369 370 371 372 373 374 375 376 377 379 380 381 382 383 384 385 386 387 388 389 390 391 393 394 395 396 401 402 403 404 406 409 414 416 417 418 419 421 423 424 425 430 433 434 435 436 437 438 440 441 442 443 444 446 447 448 449 451 452 454 455 456 457 458 459 460 461 465 467 468 469 470 471 472 473 474 475 476 477 479 480 481 483 484 485 486 487 488 489 490 491 493 494 496 497 498 499 501 503 504 505 506 507 508 509 510 511 0
1 2 3 4 5 6 8 13 15 16 17 18 19 21 23 25 26 28 29 30 31 32 33 34 35 36 37 38 39 41 42 43 46 47 48 49 50 51 52 54 55 56 57 58 59 60 62 63 64 66 67 68 69 70 72 73 75 77 79 80 81 82 84 85 86 88 89 90 93 94 97 98 99 100 101 102 103 104 105 107 108 109 110 111 113 115 116 117 118 120 125 126 128 0
1 3 5 6 7 8 9 11 13 17 18 20 21 22 23 24 25 27 28 30 32 0

34
3 4 5 6 11 12 13 14 15 16 17 18 19 20 21 22 25 28 29 30 33 34 35 36 37 38 40 41 43 44 49 52 53 54 55 56 58 59 60 64 65 70 71 73 74 75 76 77 79 80 81 86 89 92 93 96 97 100 101 102 103 104 106 108 109 111 113 116 117 119 120 124 125 126 129 130 135 136 139 140 141 142 145 146 147 148 149 150 151 152 153 154 155 156 157 158 161 162 163 164 165 167 168 169 170 172 173 174 177 178 182 183 184 185 186 188 194 197 198 200 201 202 203 204 205 209 213 216 217 218 219 220 223 224 228 229 232 233 234 235 239 240 241 242 244 245 246 247 248 249 254 255 257 258 263 264 265 266 267 268 273 277 278 279 280 281 282 283 284 285 286 287 288 289 295 296 300 301 302 303 304 305 306 307 308 309 310 311 317 318 320 322 323 324 325 326 327 328 329 332 333 334 335 337 338 341 342 343 344 345 347 348 350 351 352 354 355 356 357 358 359 360 362 363 364 366 367 368 369 370 371 372 373 374 375 376 377 378 379 381 382 383 384 386 387 389 390 391 392 393 394 399 400 402 404 405 406 407 408 409 410 416 417 418 419 420 425 429 431 432 435 444 445 446 447 448 450 451 452 455 459 460 461 462 463 464 465 466 467 468 469 470 471 476 477 478 479 480 481 483 485 486 487 488 491 492 493 494 495 496 497 498 499 500 501 502 503 505 506 507 508 509 510 511 512 513 514 518 519 520 521 522 523 524 525 528 529 534 535 536 537 538 539 540 541 542 543 544 548 550 551 552 553 554 555 556 557 558 559 560 561 562 563 564 566 567 568 572 573 574 575 576 577 578 579 580 581 582 583 584 588 589 590 593 594 595 596 597 598 599 600 603 604 605 606 607 608 609 610 611 615 616 619 621 622 623 624 625 626 627 628 629 630 631 632 633 634 635 638 639 640 641 642 643 644 645 646 647 648 649 650 654 655 656 657 658 661 662 664 665 666 670 671 672 673 674 675 676 677 680 681 682 686 687 688 689 690 691 692 693 697 698 700 701 702 703 704 705 706 707 708 709 710 716 717 718 719 720 722 723 724 725 726 727 732 733 734 735 736 737 738 739 740 741 742 743 747 748 749 750 751 752 753 754 757 758 759 762 763 764 765 766 767 768 769 774 775 776 777 778 780 781 782 784 785 791 792 793 794 795 796 797 798 799 800 804 805 806 807 810 811 812 813 814 815 816 822 823 824 825 827 828 829 830 831 833 834 835 836 837 838 839 840 841 842 843 844 845 846 849 850 851 852 855 856 861 862 863 865 866 871 872 873 877 878 879 881 882 885 886 887 888 891 894 895 896 897 898 899 900 901 902 903 905 908 909 910 911 912 913 914 915 920 921 922 923 926 927 928 930 933 936 937 938 939 940 941 943 945 946 947 948 951 953 954 957 958 959 960 961 962 963 965 966 967 968 969 970 971 972 974 975 976 977 978 983 984 985 986 987 988 989 990 993 994 995 996 997 998 1003 1004 1005 1006 1007 1008 1009 1014 1015 1018 1019 1020 1023 1024 0
2 3 5 7 8 9 10 11 14 21 22 23 24 26 27 28 29 30 31 32 36 42 46 47 48 49 51 52 53 54 60 61 65 66 67 70 71 72 73 74 75 76 77 78 81 82 83 85 88 89 90 91 92 93 94 95 96 97 98 101 102 103 104 105 106 107 109 113 116 117 118 121 122 124 125 128 129 130 131 132 133 134 135 136 137 138 139 140 141 143 145 146 147 149 150 152 153 154 155 156 157 158 160 161 162 166 167 168 169 170 171 172 174 175 176 177 178 179 180 181 182 185 189 190 193 194 195 196 197 198 199 202 204 205 206 207 208 209 210 211 212 213 215 217 223 224 225 226 227 229 230 231 232 233 234 235 236 237 238 241 242 243 244 246 248 249 250 252 255 256 0
1 2 3 4 5 6 9 10 11 12 13 14 17 20 21 26 28 29 30 31 34 35 36 37 39 40 42 43 44 45 46 47 51 55 59 60 61 62 65 66 69 70 71 72 74 75 76 77 78 79 80 85 88 89 92 100 101 103 105 108 110 111 112 116 117 118 119 120 123 128 130 131 135 136 142 143 145 146 147 149 150 152 153 156 157 161 162 164 165 166 167 170 171 176 177 180 181 185 187 188 192 193 195 196 197 200 202 203 204 207 208 209 210 212 214 217 220 221 222 224 225 226 228 229 231 232 233 234 237 238 240 247 249 250 251 254 256 257 258 260 261 263 264 265 269 270 272 273 275 277 278 282 283 284 285 289 291 293 294 296 297 299 300 301 303 304 306 307 309 310 315 317 319 320 322 323 324 325 327 329 331 332 334 335 341 342 343 347 348 351 354 355 358 359 360 361 362 364 365 366 367 368 370 371 373 374 376 377 380 381 382 385 387 388 389 390 391 392 393 396 397 398 401 402 403 404 405 406 407 408 409 412 413 414 415 416 417 419 420 421 423 425 426 427 428 429 430 432 434 436 439 441 445 446 447 454 455 456 457 460 461 462 465 467 471 472 474 476 477 478 482 485 486 487 489 490 492 493 494 496 497 498 499 503 504 505 506 507 508 509 510 511 512 0
1 4 5 6 7 8 9 10 11 12 13 15 17 18 21 22 23 24 26 27 28 29 32 35 36 37 41 45 46 48 49 51 52 53 54 55 58 59 60 61 62 63 64 65 66 68 69 70 73 74 76 77 78 79 80 82 84 86 87 88 89 92 94 95 96 99 100 105 106 109 110 112 114 116 117 118 120 124 126 128 0
4 6 7 10 12 13 18 19 20 22 24 26 27 30 31 32 0

35
1 2 3 4 5 6 7 8 9 10 11 12 13 14 15 17 18 19 20 22 23 25 27 28 32 34 36 37 38 40 41 42 43 44 46 48 49 50 51 52 53 54 55 56 57 59 60 61 63 64 65 66 67 68 69 70 71 72 73 74 75 76 78 80 81 83 84 85 86 87 88 89 90 91 93 94 95 96 98 99 100 101 102 103 104 105 106 108 109 111 112 113 114 115 116 117 118 119 120 121 123 124 125 126 127 128 129 130 132 133 134 135 136 137 138 139 140 141 142 143 144 145 146 147 148 149 150 151 152 153 155 156 157 159 160 161 162 163 165 167 168 169 170 171 172 173 174 175 176 177 178 179 180 182 183 184 185 186 187 188 190 191 192 193 194 195 197 198 199 201 202 203 205 206 207 208 209 210 212 213 215 217 218 219 220 221 223 224 225 226 227 228 229 231 232 234 236 237 238 239 240 241 243 245 246 247 248 249 250 251 253 254 255 256 257 258 259 260 261 262 263 264 265 266 267 268 269 270 271 272 273 274 275 276 277 278 279 280 281 282 283 285 286 287 288 289 290 293 294 295 296 297 298 300 301 302 303 304 305 306 307 308 309 310 311 312 313 314 315 316 317 319 320 321 322 323 324 325 326 327 328 329 330 331 332 333 334 335 336 337 338 339 340 341 342 343 344 345 346 347 348 349 350 352 353 354 355 356 357 358 359 360 361 362 364 365 366 367 368 369 370 371 372 373 374 375 376 377 378 379 380 381 382 383 384 385 386 388 389 390 391 392 393 394 395 396 397 398 399 400 401 402 403 404 405 406 407 408 410 411 412 413 414 415 416 417 418 419 420 421 422 423 424 425 426 427 428 429 431 432 433 434 435 437 438 439 440 441 442 443 444 445 446 447 448 449 450 451 453 454 455 456 457 458 459 460 461 462 463 464 465 467 468 470 471 472 473 474 475 476 477 478 479 480 481 482 483 485 487 488 489 490 491 492 493 494 495 496 497 498 499 500 501 502 503 504 505 506 507 508 509 510 511 512 513 514 515 516 517 518 519 521 522 523 524 525 526 527 528 529 530 531 532 536 537 538 539 540 541 542 543 544 545 546 547 548 549 551 552 554 555 556 557 558 560 561 562 564 565 566 567 568 569 570 571 572 573 575 576 577 578 581 582 583 584 585 586 588 589 590 591 592 593 594 595 596 597 598 600 601 602 603 604 605 606 607 608 609 611 612 613 614 615 616 617 618 619 620 621 622 623 624 625 626 628 629 630 631 632 633 634 635 636 637 639 640 641 642 644 645 646 647 648 649 650 651 652 653 654 655 656 657 658 659 660 661 662 663 664 665 666 667 668 669 670 671 672 673 674 675 676 677 678 679 680 681 682 683 684 686 687 688 689 690 691 692 693 694 695 696 697 698 699 701 702 703 704 705 706 709 710 711 713 714 717 718 720 721 722 724 726 727 728 729 730 731 732 733 734 735 736 737 738 739 741 743 744 745 746 747 748 749 750 751 752 753 754 755 757 758 760 762 763 764 765 766 767 768 769 770 771 772 773 774 775 776 777 778 779 780 781 782 783 784 785 786 787 788 789 790 792 793 794 795 796 797 798 799 800 801 802 803 805 807 808 809 810 811 812 813 814 816 817 818 819 820 821 822 823 824 825 826 827 828 829 831 832 836 837 838 839 840 841 842 843 844 845 846 847 848 849 851 852 853 854 855 856 857 858 859 862 863 864 865 866 867 868 869 870 871 872 873 874 877 878 879 880 883 884 885 887 888 889 890 891 892 893 894 895 896 898 899 900 901 902 903 904 905 906 908 909 911 912 913 914 915 916 917 918 919 920 922 923 924 925 926 927 928 929 930 931 932 933 934 935 936 937 938 939 940 941 942 945 947 949 950 951 952 953 954 955 956 957 958 960 961 963 964 966 967 968 969 970 971 972 973 975 976 977 978 979 980 981 982 984 985 986 987 991 993 994 995 997 998 999 1000 1001 1002 1003 1005 1006 1007 1008 1009 1010 1011 1012 1013 1014 1015 1016 1017 1018 1019 1020 1021 1022 1023 1024 0
1 2 4 5 6 7 8 9 10 12 13 14 15 16 17 19 20 22 23 24 25 26 27 28 29 30 31 33 34 37 39 40 41 42 43 44 46 47 48 51 52 54 55 56 57 58 59 60 61 62 63 64 65 66 67 68 69 70 71 72 73 74 75 76 77 78 80 81 82 83 84 85 86 87 88 89 90 91 93 94 95 96 97 98 99 100 102 103 104 105 108 109 110 111 113 114 115 117 118 119 120 121 122 123 124 125 126 127 128 129 130 131 132 133 134 135 137 138 139 140 141 143 144 145 146 148 149 150 151 152 153 154 155 156 157 158 159 161 162 164 166 167 168 169 170 172 173 174 175 179 180 181 182 183 185 186 187 188 189 190 191 192 193 194 196 197 198 199 200 201 202 204 205 206 207 208 209 210 211 212 213 214 215 216 218 220 221 224 225 226 228 230 231 232 233 236 238 239 240 241 242 243 244 245 246 248 249 250 251 252 253 254 255 256 0
1 3 4 6 7 8 9 10 11 12 13 14 15 16 17 18 19 20 21 22 23 24 25 26 27 28 30 31 32 33 34 36 37 38 39 40 41 42 43 44 45 46 48 49 50 51 52 54 58 59 60 62 63 64 65 66 67 69 70 71 72 76 78 81 82 83 84 85 86 87 88 89 90 91 92 93 94 95 96 97 98 99 100 101 102 103 104 108 109 110 111 112 115 116 117 118 119 120 121 123 125 127 130 131 132 133 134 135 136 139 140 141 142 143 145 147 148 149 150 151 152 154 155 156 157 158 159 160 161 165 167 168 169 170 171 173 174 175 176 177 179 180 182 183 184 185 186 187 188 189 190 193 194 195 196 197 198 200 201 202 203 204 205 206 208 209 210 211 213 214 216 218 219 220 223 224 225 226 227 229 230 232 233 234 235 236 237 239 240 242 243 246 247 248 249 251 252 253 254 255 256 257 258 260 261 263 264 265 266 267 268 269 270 271 273 275 276 277 278 279 282 284 285 288 289 291 292 293 294 295 297 299 300 302 303 305 306 308 309 310 311 312 314 321 322 323 324 325 326 327 332 333 335 336 339 341 342 343 344 345 346 347 349 350 351 352 353 354 355 356 357 359 360 361 362 363 364 365 368 370 371 372 374 375 376 377 378 379 380 381 382 383 385 386 387 388 389 390 391 392 393 395 396 397 399 400 401 403 404 405 406 407 408 409 410 411 412 413 414 416 417 418 419 420 421 422 423 424 425 427 429 432 433 434 436 437 438 439 440 441 445 446 447 448 449 451 452 453 454 455 456 457 458 459 460 461 462 463 464 465 466 467 469 470 471 472 473 474 475 476 477 478 479 480 481 482 484 486 487 488 489 491 492 493 494 495 496 497 499 500 501 502 504 507 508 509 510 511 0
1 2 3 4 5 7 8 9 12 13 14 15 18 19 20 22 23 24 25 27 29 31 32 33 34 35 36 37 38 39 40 41 42 43 44 45 46 48 49 50 51 53 54 55 57 58 61 63 64 65 66 67 68 69 72 73 75 77 78 79 80 81 83 84 85 86 88 89 90 91 94 96 98 99 100 102 103 105 106 109 110 111 112 113 114 115 116 118 119 121 122 123 124 125 126 0
1 6 7 9 10 12 14 16 20 22 24 25 29 30 31 32 0

36
1 2 3 5 6 7 8 12 13 14 15 17 22 23 28 29 31 32 34 35 38 39 41 42 43 44 48 49 50 54 55 56 57 58 59 61 63 64 65 66 69 70 71 72 73 74 75 76 78 79 80 81 84 85 86 87 88 89 90 91 92 93 94 95 96 100 101 102 103 104 105 106 107 108 109 110 111 112 113 114 115 116 117 118 119 120 121 122 123 124 125 126 127 128 129 131 132 133 134 135 136 138 139 140 141 142 143 144 146 147 148 149 150 151 152 153 154 155 156 157 158 159 160 161 162 163 164 165 166 167 168 169 170 171 172 173 175 176 177 178 181 182 183 184 185 186 187 188 189 191 192 193 194 195 197 198 199 200 201 202 203 204 205 208 209 210 211 212 213 214 215 216 217 218 219 220 221 224 225 226 227 228 232 233 234 235 237 239 240 241 242 249 250 251 252 255 257 260 261 262 263 265 266 269 270 271 272 273 274 275 276 280 281 282 283 284 285 286 287 288 289 290 291 292 293 294 295 296 297 298 299 301 302 303 304 307 308 310 311 312 313 314 315 316 317 318 319 321 323 324 325 326 327 328 329 330 331 332 333 335 336 337 338 339 340 341 342 343 344 345 346 347 348 349 350 351 352 354 356 357 358 359 360 361 362 363 364 365 366 367 368 369 370 371 372 373 374 375 376 377 378 379 380 381 382 383 384 387 388 389 390 391 392 393 396 397 398 399 400 403 404 406 407 408 409 410 411 414 416 417 419 420 421 422 423 424 425 426 427 428 429 430 431 432 435 436 438 439 440 441 442 443 444 445 446 447 448 449 451 452 453 454 455 456 457 458 459 460 461 462 463 469 470 471 472 473 474 475 476 477 478 479 480 486 487 488 489 490 494 497 498 499 500 501 502 503 504 505 506 508 509 510 511 512 513 515 516 517 518 519 520 521 522 523 524 527 529 530 531 532 533 534 535 536 537 538 539 540 541 542 543 544 545 546 547 548 554 555 556 557 558 559 563 564 566 567 568 569 570 571 572 573 574 575 578 579 581 582 583 584 585 586 587 588 589 590 591 592 593 594 595 596 597 598 599 600 601 602 603 604 606 607 608 609 610 611 612 613 614 615 616 617 618 619 620 621 622 623 624 625 626 627 628 629 630 631 632 633 634 635 636 637 639 640 641 642 643 644 645 646 647 648 649 650 651 652 653 655 656 657 659 660 661 662 663 664 665 666 667 668 669 670 671 672 675 676 677 678 679 680 681 682 683 684 685 686 687 688 690 692 693 694 695 696 697 698 699 700 701 702 703 706 707 709 710 711 712 713 714 715 716 717 718 720 724 725 726 727 728 729 730 731 732 733 734 735 736 740 741 742 743 744 745 746 747 748 749 750 752 753 754 755 756 757 758 759 760 761 763 765 768 769 771 774 775 776 777 778 779 784 788 789 790 791 792 793 794 798 800 802 803 804 805 807 808 809 810 811 812 813 814 815 816 818 819 820 823 824 825 826 827 828 829 830 831 832 834 835 836 837 838 839 840 841 842 843 844 845 846 847 848 849 850 853 854 855 856 857 858 859 860 861 862 863 864 865 866 868 869 870 871 872 873 874 875 876 877 878 879 880 882 884 885 887 889 890 891 892 893 894 895 896 897 898 899 900 901 902 903 906 907 908 909 910 911 912 913 915 916 917 918 919 920 921 922 923 924 925 926 927 928 931 932 933 934 935 936 937 938 939 940 941 942 943 944 946 948 949 950 951 952 953 954 955 956 957 958 959 960 962 963 964 965 966 967 968 969 970 971 972 973 975 976 981 982 983 984 985 986 987 988 989 990 991 992 997 998 1000 1001 1002 1004 1005 1008 1019 1020 1022 1023 1024 0
1 2 3 4 5 8 9 11 12 13 14 15 18 20 21 25 26 27 28 29 30 31 32 34 36 37 39 40 41 42 43 44 45 46 47 48 50 51 52 53 54 57 58 60 64 66 67 68 70 71 72 73 74 75 76 77 78 79 80 81 83 84 85 88 90 91 92 93 94 95 96 97 98 99 102 103 104 105 106 107 108 109 110 112 113 115 116 117 118 119 120 121 122 123 124 125 126 127 128 129 130 131 132 133 134 135 136 139 140 141 142 145 149 150 151 152 155 156 157 158 159 161 162 163 166 167 168 169 170 171 172 173 174 175 177 179 180 181 182 183 185 186 187 188 189 190 195 196 197 201 202 204 205 206 207 208 209 210 211 212 213 214 215 216 217 219 220 221 222 223 224 225 226 227 228 229 230 232 233 235 236 237 238 239 240 241 243 244 245 246 247 248 249 252 253 256 0
3 6 9 11 12 13 14 15 18 19 20 21 22 23 24 25 26 27 28 29 30 31 33 34 35 36 37 38 40 41 42 44 45 46 47 50 51 52 53 54 55 56 57 58 59 60 61 63 64 65 68 69 70 72 73 74 75 76 77 79 80 82 83 84 85 86 87 88 89 90 91 93 94 95 96 97 98 99 100 101 102 103 104 107 108 109 110 111 112 113 116 118 119 120 121 122 123 124 125 127 128 129 132 133 134 135 136 137 138 139 140 141 142 143 145 146 147 148 149 150 151 152 153 154 155 156 157 158 159 160 161 162 163 164 165 166 168 170 171 172 173 174 175 177 180 181 187 188 189 190 192 194 195 196 197 201 202 203 204 205 206 209 211 212 213 214 215 218 219 221 222 225 226 227 228 229 230 232 233 234 235 236 237 238 239 240 243 244 245 246 247 248 250 251 253 254 255 256 257 258 260 262 263 264 265 267 269 272 274 276 277 278 279 280 282 283 285 287 289 290 291 292 294 296 297 298 300 301 302 303 304 305 307 308 309 310 311 312 316 317 318 323 324 325 326 328 329 330 334 336 337 339 340 342 343 344 346 347 348 350 351 352 353 354 355 357 358 360 361 362 363 364 365 368 371 372 373 377 380 381 382 385 386 387 388 389 392 395 396 398 400 401 402 403 404 407 408 410 411 412 413 414 415 418 419 420 422 423 424 425 428 429 430 431 432 433 436 437 438 439 440 444 447 448 449 452 455 456 457 458 459 460 461 464 466 467 468 469 470 471 472 473 474 475 476 477 478 482 483 486 487 488 489 490 492 493 494 495 497 500 501 502 503 505 506 507 508 509 510 0
1 2 3 5 6 7 10 11 14 15 16 17 18 19 20 21 22 25 27 29 31 32 33 34 35 36 37 38 39 40 41 43 44 45 46 47 48 50 51 52 53 54 55 58 61 62 63 64 65 66 67 68 69 70 71 72 75 76 78 79 80 82 85 86 87 88 89 90 91 94 96 101 102 107 108 109 111 112 113 114 115 116 117 118 119 121 123 124 125 126 127 128 0
1 3 6 7 8 9 10 15 16 18 20 25 26 27 28 29 30 0

37
1 2 5 6 7 8 9 10 11 12 13 14 15 16 18 19 21 22 23 24 25 26 27 28 29 30 31 32 34 35 38 39 40 41 42 43 44 45 46 47 48 50 51 52 53 54 57 59 61 62 63 64 65 66 68 70 71 72 73 75 76 77 78 79 80 82 86 87 88 89 90 94 95 96 98 99 101 102 103 104 105 106 107 108 109 112 113 114 115 116 117 118 120 121 123 124 125 126 128 131 132 133 134 136 137 138 139 140 141 144 147 148 149 150 151 152 153 154 156 157 158 160 161 163 164 165 166 168 169 170 171 172 173 174 176 177 178 181 182 183 186 187 188 190 192 193 194 197 198 199 200 201 202 203 205 208 209 211 214 215 216 219 223 225 227 230 233 239 243 248 251 252 254 255 257 258 260 261 262 263 264 265 266 267 268 269 270 271 272 273 274 275 276 278 279 280 281 282 283 284 286 287 288 289 290 291 292 295 296 297 298 299 300 301 302 303 304 305 306 307 308 309 310 313 315 316 317 318 319 320 321 322 323 325 326 328 329 330 331 332 333 334 336 337 338 339 340 342 343 344 345 346 347 348 349 352 354 356 357 358 359 361 362 363 364 365 366 367 368 369 370 371 373 374 375 377 378 379 380 381 382 383 384 385 387 388 389 390 391 392 393 394 395 396 397 398 399 400 401 402 404 405 406 407 409 410 411 412 413 414 415 416 418 419 421 422 423 424 426 427 428 429 430 431 432 433 434 438 439 440 441 442 443 444 445 447 448 449 451 452 453 454 455 456 458 459 460 461 465 466 467 468 469 470 473 474 475 476 477 480 482 483 484 485 489 491 492 493 494 497 498 499 500 501 502 503 504 505 506 507 508 509 510 511 512 513 514 515 516 517 518 519 520 521 522 523 524 525 526 527 528 530 531 532 533 534 535 536 537 538 539 540 541 542 543 544 545 546 547 548 549 550 551 552 553 554 555 556 557 558 559 560 562 563 564 565 566 568 569 570 571 572 573 574 575 576 577 578 579 581 582 583 584 587 589 590 591 592 593 594 595 596 597 598 599 600 601 603 605 606 607 608 609 610 611 612 613 614 615 616 617 618 619 620 621 623 624 625 628 629 630 631 633 634 635 636 637 638 639 640 641 643 644 645 646 647 648 649 650 651 653 654 655 656 657 658 659 660 661 662 663 664 665 666 667 669 670 671 672 673 674 676 677 678 679 680 681 682 684 685 686 687 688 690 691 692 693 694 695 696 697 698 700 702 703 704 707 708 709 710 711 712 714 715 717 718 719 720 723 724 725 726 727 732 733 734 736 737 739 740 741 747 748 749 750 752 753 755 756 757 758 759 760 761 762 763 764 765 766 768 769 770 771 772 773 774 775 776 777 778 779 780 781 782 783 784 785 787 788 795 796 797 798 799 801 803 805 806 807 808 810 811 812 813 814 817 818 819 820 821 822 824 825 826 828 829 830 831 832 833 834 836 837 839 840 841 842 843 844 845 846 847 848 849 850 851 852 855 856 857 858 859 862 863 865 866 867 868 871 872 873 874 876 877 878 879 880 881 882 884 885 888 889 890 891 892 893 894 896 898 900 902 903 904 905 907 908 909 911 912 913 914 916 917 918 919 920 921 922 923 924 925 927 928 930 932 933 934 935 936 937 938 940 941 942 943 944 946 947 949 950 951 952 953 954 955 956 957 959 960 962 963 964 965 966 968 969 971 972 973 974 975 976 977 978 979 980 981 982 983 984 985 986 987 988 989 991 992 993 994 995 996 997 998 999 1000 1001 1003 1005 1006 1009 1010 1011 1012 1013 1014 1016 1017 1018 1019 1021 1022 1024 0
4 5 6 7 8 9 10 12 13 14 15 16 18 19 21 23 24 26 27 29 31 32 34 36 39 41 42 43 44 45 46 47 49 50 51 54 57 59 60 61 63 64 65 66 68 69 70 71 72 73 75 77 78 79 80 81 82 84 86 87 88 90 91 92 95 96 97 98 101 102 105 106 107 108 109 110 111 112 113 115 116 117 118 119 121 122 124 126 128 129 130 131 132 133 134 135 136 137 138 140 141 142 143 144 145 146 147 148 149 151 152 155 156 157 158 161 162 163 164 167 170 171 173 174 175 177 178 179 180 183 185 186 188 192 193 194 196 197 198 199 200 201 203 204 205 206 207 208 209 210 211 212 214 215 216 217 218 222 223 224 225 227 229 230 231 232 233 234 237 238 239 240 241 242 245 246 249 250 251 252 253 256 0
4 5 6 7 8 9 10 13 14 15 16 17 18 19 20 21 22 23 24 25 26 28 29 31 32 33 34 36 37 38 39 41 42 44 45 47 48 51 54 55 57 58 59 60 61 62 64 65 67 69 70 71 72 73 74 75 77 78 80 81 83 84 85 86 87 88 89 90 92 94 95 96 97 98 99 100 102 103 106 107 109 112 113 114 115 116 117 120 122 123 126 128 130 132 135 136 137 138 139 141 142 143 145 146 147 149 151 152 153 154 155 157 158 159 160 161 162 163 165 167 168 169 171 173 174 175 178 180 181 182 183 184 186 187 190 191 193 194 196 197 198 199 201 202 203 204 205 208 209 210 211 212 213 214 215 217 218 219 220 221 224 225 227 228 229 231 232 233 234 238 239 240 242 244 245 247 248 249 250 254 255 256 257 260 261 263 264 265 266 267 268 269 270 271 273 276 277 278 279 280 281 282 284 285 286 287 289 293 294 295 296 297 299 301 302 303 304 305 306 307 308 310 311 312 313 315 316 317 320 321 322 323 324 327 328 329 334 335 336 338 340 342 344 346 347 348 349 350 351 353 355 356 358 359 360 362 364 365 368 370 371 372 374 375 376 377 379 380 383 385 386 387 388 389 390 391 392 393 394 395 396 397 398 399 400 401 402 403 404 405 406 407 408 412 413 414 416 417 419 420 421 425 430 432 433 434 435 436 439 440 442 443 444 448 449 450 451 452 453 454 455 456 458 459 460 461 462 463 464 465 466 467 469 470 471 472 473 474 475 476 477 478 480 482 483 484 485 486 488 490 492 493 494 495 496 497 498 499 503 504 505 506 507 508 509 510 511 512 0
1 2 3 4 8 9 12 15 17 19 20 24 29 30 32 33 35 37 41 42 49 51 52 53 56 58 59 60 61 62 64 65 68 69 70 71 72 75 76 78 79 81 83 84 86 89 90 91 92 94 95 96 98 99 100 101 102 103 104 108 112 114 115 116 121 122 123 124 125 127 128 0
1 6 9 14 15 16 17 20 23 25 0

38
1 2 3 4 5 6 7 9 10 11 12 13 14 15 16 18 19 20 21 25 26 27 28 31 32 33 35 37 38 40 41 42 43 44 45 48 49 50 51 52 53 56 58 59 60 61 62 63 64 65 66 67 68 69 71 72 73 74 75 76 77 78 79 80 81 82 83 84 85 87 88 89 92 93 94 95 96 97 98 99 102 104 105 109 110 111 112 113 115 116 118 119 120 124 125 127 128 129 131 133 135 139 140 142 143 144 145 148 149 151 156 157 158 159 160 162 163 165 166 167 173 174 175 176 179 181 182 183 184 186 189 190 191 192 193 194 197 198 200 201 204 205 206 207 208 209 210 211 213 214 215 217 218 219 220 221 222 225 226 227 228 230 231 232 233 234 235 236 237 238 240 241 242 243 244 245 246 248 250 251 252 253 254 255 256 257 258 259 260 261 262 263 264 265 266 267 268 269 270 271 272 273 274 275 276 277 278 279 281 282 283 284 285 286 287 288 289 290 291 292 293 294 298 299 300 301 302 303 305 306 307 309 314 315 316 317 318 319 320 321 322 323 324 325 326 328 329 330 331 332 333 334 335 336 337 338 339 340 341 342 343 344 346 351 352 353 354 355 356 357 358 359 362 363 364 365 366 367 368 370 371 372 373 378 379 380 381 382 384 385 387 390 391 392 393 394 395 396 399 400 401 402 403 408 409 410 411 414 415 416 417 418 419 423 424 425 426 427 428 429 430 432 433 434 435 437 439 440 441 443 444 445 448 449 450 451 452 453 454 456 458 460 462 463 464 469 470 471 474 475 476 477 478 479 480 481 483 484 485 486 490 491 492 493 494 495 496 497 498 499 500 501 502 503 504 505 506 507 508 509 510 511 512 513 514 515 516 519 520 524 525 526 527 528 529 530 531 533 538 539 540 541 542 543 544 545 547 548 549 555 556 558 559 560 561 562 563 564 567 568 569 570 571 572 574 575 576 577 578 579 581 582 583 584 586 587 588 590 592 593 594 595 596 597 598 599 601 602 603 604 605 606 607 608 609 610 611 612 613 614 615 617 618 619 620 621 624 625 627 628 629 630 631 634 635 636 637 638 639 640 641 645 646 647 649 651 652 653 654 655 656 657 661 666 667 668 669 670 671 672 673 677 679 680 682 683 684 685 686 687 688 689 690 691 692 693 694 695 696 697 698 699 700 701 702 703 704 705 706 707 708 709 710 712 714 715 716 717 720 721 722 723 724 725 726 727 730 731 732 733 734 736 739 740 741 742 743 744 746 747 748 749 750 752 753 754 755 756 759 760 761 762 763 764 765 766 767 768 769 770 771 772 775 776 777 778 779 780 781 782 783 784 785 786 787 788 789 790 791 792 793 794 795 797 802 803 804 807 808 811 812 813 814 815 816 817 818 819 820 821 823 824 825 826 827 828 829 830 831 832 833 834 836 837 838 839 843 844 846 849 850 851 852 854 856 857 858 859 861 862 863 864 865 866 867 869 871 874 875 877 878 879 881 882 883 884 885 890 893 895 896 897 898 899 900 901 902 903 904 905 906 908 909 910 911 912 913 914 915 918 919 922 923 924 926 927 928 931 934 935 938 939 941 942 943 944 945 946 947 948 949 950 951 952 953 954 955 956 957 958 959 960 961 962 963 965 966 967 969 970 971 972 973 974 975 977 978 979 981 982 983 986 987 988 989 990 991 992 993 994 995 996 997 998 999 1000 1001 1002 1003 1004 1005 1006 1007 1009 1010 1011 1012 1013 1014 1015 1016 1017 1018 1019 1020 1021 1022 1024 0
1 2 3 4 5 6 8 9 10 11 12 14 15 16 17 18 19 20 21 24 25 26 30 31 32 33 34 36 37 39 41 42 46 47 49 50 51 54 55 57 59 60 61 64 66 67 68 69 71 73 74 77 78 79 80 81 82 83 85 86 87 88 89 90 91 92 95 96 97 98 99 100 101 102 103 104 105 107 108 109 110 111 112 113 114 115 116 117 118 119 120 122 123 126 127 128 129 130 131 132 133 134 136 139 140 141 142 143 144 145 146 147 150 151 152 153 154 157 158 159 160 161 164 166 169 171 172 174 175 176 178 179 180 182 183 184 185 186 187 188 189 190 191 192 193 194 195 196 197 198 199 200 201 202 203 205 206 207 208 209 210 211 214 215 216 217 218 220 221 223 224 227 228 230 231 232 234 235 236 237 238 239 240 241 242 243 244 245 246 247 248 249 250 251 252 253 254 255 256 0
1 2 3 4 5 6 8 9 10 11 13 14 15 16 17 18 19 20 21 22 23 24 26 27 28 29 31 32 33 34 35 36 37 38 39 40 42 43 46 47 49 50 51 53 54 55 56 57 58 60 62 63 64 65 67 68 70 71 72 73 74 75 77 78 79 80 81 84 85 86 87 89 92 93 95 96 97 98 99 100 101 103 106 107 108 109 110 111 112 114 115 117 119 120 121 122 123 124 125 126 127 128 129 130 132 133 134 135 136 137 138 139 140 141 143 144 145 146 150 151 153 154 155 156 158 159 160 161 162 163 166 168 172 173 175 177 182 183 184 185 188 189 190 191 192 193 194 196 197 198 199 200 202 203 204 205 206 208 210 211 212 213 214 215 217 220 222 224 227 229 231 232 234 236 238 239 240 241 242 244 245 247 248 250 252 253 254 255 256 257 260 261 262 263 264 265 269 270 271 272 273 275 279 280 281 282 284 285 286 287 288 289 292 294 296 298 299 300 301 303 304 305 306 308 309 310 311 312 313 314 315 316 317 318 319 321 323 325 326 327 328 329 331 332 333 334 336 337 342 343 344 346 347 350 353 354 355 358 359 361 363 365 367 370 372 374 375 376 377 380 381 383 384 385 386 387 388 389 390 391 392 393 394 395 396 398 399 401 403 405 407 408 409 412 413 414 415 416 418 419 424 425 428 429 434 435 439 440 441 443 444 446 447 448 449 450 451 452 453 454 456 458 459 462 464 466 467 468 470 471 472 473 477 478 481 482 483 485 486 487 488 489 491 492 495 496 497 505 507 508 512 0
1 2 3 4 5 6 7 8 10 11 14 16 17 18 20 21 22 23 24 26 27 28 31 32 33 35 39 40 41 43 44 45 46 48 49 51 52 53 54 56 57 58 59 60 61 62 63 64 65 66 67 68 71 73 74 75 76 77 78 79 80 81 82 84 85 87 93 95 97 103 104 108 110 111 112 113 114 115 116 117 119 121 122 123 126 127 128 0
2 4 6 7 9 10 14 15 21 23 25 26 27 29 32 0

39
1 2 3 4 5 6 7 8 9 10 11 12 13 14 15 16 17 18 19 20 21 22 23 24 25 26 27 28 29 30 31 32 33 34 35 36 37 38 39 40 41 42 43 44 45 46 47 48 49 50 51 52 53 54 55 56 57 59 60 61 62 63 64 65 66 67 68 69 70 72 73 74 75 77 78 79 80 81 82 83 84 85 86 87 88 89 90 91 92 93 94 95 96 97 98 99 100 101 102 103 104 105 106 107 108 109 110 111 112 114 115 116 118 119 120 121 122 123 124 125 126 127 128 130 131 132 135 136 137 139 140 141 142 143 144 146 147 148 149 151 152 153 154 155 157 158 159 160 161 162 163 164 165 166 169 170 171 172 174 175 176 177 178 179 180 181 182 183 184 186 187 188 189 190 191 192 193 194 195 196 197 198 199 200 202 203 204 205 206 207 208 210 211 212 213 214 215 216 217 218 219 220 221 222 223 224 225 226 227 228 229 231 232 233 234 235 236 237 238 239 240 241 242 243 244 245 249 250 251 252 253 254 256 257 258 259 260 261 262 263 264 265 266 267 268 269 270 271 273 274 275 276 277 278 279 280 281 282 283 284 285 286 287 288 289 290 291 295 297 298 299 300 302 303 304 305 306 307 308 309 313 314 316 317 318 320 321 322 323 324 325 326 327 328 329 330 331 332 333 334 335 336 337 338 339 340 341 342 343 344 345 346 347 348 349 350 351 352 353 354 355 356 357 358 359 360 361 362 363 364 365 366 367 368 369 371 372 374 375 376 377 378 379 381 382 383 384 385 386 387 388 390 391 392 394 395 396 397 398 400 401 402 403 404 405 407 408 409 410 411 412 413 416 417 418 419 420 421 423 424 425 426 427 428 429 432 433 434 435 436 437 440 441 442 443 444 445 446 447 448 449 450 452 453 454 455 456 457 458 459 460 461 462 463 464 465 466 467 468 469 472 475 476 477 478 479 480 481 482 483 484 485 486 487 488 489 490 491 492 493 494 495 496 497 498 499 500 501 502 503 504 505 506 507 508 509 510 511 512 513 514 515 516 517 518 519 520 521 522 523 524 525 526 527 528 530 531 532 533 534 535 536 537 538 539 540 541 542 543 544 545 546 547 548 549 550 551 552 553 554 555 556 557 558 559 560 562 563 564 565 566 567 568 569 570 571 572 573 574 575 576 577 578 579 580 581 588 589 590 591 592 593 594 595 596 597 600 601 602 603 604 605 606 607 608 609 610 611 612 613 614 615 616 617 618 619 620 622 623 624 625 626 627 628 630 631 632 633 634 635 637 638 639 640 642 643 644 645 647 648 649 651 653 655 656 658 659 660 661 663 664 665 666 669 670 671 672 673 674 675 676 677 679 680 681 682 684 686 687 688 689 690 691 692 693 694 695 696 698 701 702 703 704 705 706 707 708 709 710 711 712 715 716 717 718 719 720 721 722 723 724 725 726 727 728 729 730 731 732 733 734 735 736 737 738 739 740 741 742 743 744 745 746 747 748 749 750 751 752 753 754 755 756 761 762 763 764 765 766 768 769 770 771 772 773 774 775 776 777 778 779 780 781 782 783 784 785 786 791 792 793 794 795 796 797 798 799 800 801 802 803 804 805 806 807 808 809 810 811 812 813 814 815 817 818 819 820 821 822 823 824 825 826 827 828 829 830 831 832 835 836 837 838 839 840 841 842 843 844 848 850 851 853 854 856 857 858 860 861 862 863 866 867 869 871 872 875 876 877 878 879 880 881 882 883 885 886 887 888 889 890 891 892 893 894 895 896 897 898 899 900 903 904 906 907 908 910 911 913 914 915 916 917 918 919 920 921 922 924 925 926 927 929 930 931 932 933 935 936 937 938 939 941 942 943 944 946 947 948 949 950 952 953 954 955 956 957 958 959 962 963 964 965 966 967 968 969 970 971 972 973 974 975 976 978 979 981 982 983 984 985 990 991 992 993 994 995 996 997 998 999 1000 1001 1002 1003 1004 1005 1006 1007 1008 1009 1010 1011 1012 1013 1014 1015 1016 1017 1018 1019 1020 1021 1022 1023 1024 0
2 3 4 5 6 7 8 9 10 11 12 13 14 15 16 18 19 20 21 22 25 27 28 29 30 31 32 33 34 36 37 38 39 40 42 45 46 47 49 50 51 52 53 54 55 57 58 59 60 61 62 64 65 66 67 68 69 70 71 72 74 75 76 77 78 79 80 82 83 84 85 86 87 88 90 91 92 93 94 95 96 97 98 99 100 101 102 103 104 106 107 109 110 111 112 113 114 115 116 118 119 120 121 122 123 124 125 126 127 128 129 130 131 132 133 134 136 138 140 141 142 143 144 146 147 148 150 151 152 153 154 155 156 157 159 160 162 163 164 166 167 168 170 172 173 174 175 176 177 178 179 181 182 184 185 186 187 188 189 190 191 192 193 194 195 196 197 198 199 200 201 202 203 204 205 206 207 211 212 213 214 216 217 218 219 220 221 222 223 224 225 226 227 228 229 230 231 232 233 234 235 236 237 238 239 240 241 242 243 244 245 246 247 248 249 250 251 252 253 254 255 256 0
1 2 3 7 9 10 11 12 13 14 15 16 17 18 20 21 22 24 25 26 28 29 30 31 32 34 35 36 37 39 40 41 42 44 45 46 47 48 49 50 52 53 54 55 57 60 61 62 63 64 65 66 68 69 70 71 72 73 74 75 76 77 78 79 80 82 83 84 88 89 90 91 92 94 95 96 98 101 102 103 105 106 108 109 110 111 112 113 114 115 116 117 118 119 122 124 125 126 127 128 129 130 131 132 133 134 135 136 137 138 139 140 141 142 143 144 146 148 149 150 151 153 154 155 156 158 160 161 162 163 164 165 167 168 170 171 172 173 174 175 176 177 178 179 180 181 183 184 185 186 187 188 189 190 191 192 194 195 196 197 198 200 202 203 204 205 208 209 211 212 214 215 216 217 219 220 221 222 224 225 227 228 230 231 232 236 237 238 239 241 242 243 244 245 246 247 249 253 254 255 256 257 258 264 265 266 267 269 270 271 274 275 277 282 286 288 290 291 293 294 295 296 297 299 302 303 305 306 309 310 311 312 314 315 316 318 319 323 324 325 326 327 328 329 331 332 333 334 335 336 337 338 339 341 342 343 344 347 349 351 352 353 355 356 357 358 359 360 361 362 363 366 368 369 370 372 373 374 375 376 377 378 379 380 381 382 384 385 386 387 388 389 390 391 392 393 395 397 399 403 404 405 406 407 408 409 410 412 414 417 418 420 422 424 426 427 428 429 430 431 433 434 435 436 437 438 439 440 441 442 443 444 445 446 447 448 450 451 452 453 454 455 456 457 458 459 460 461 462 465 466 467 468 469 470 471 476 478 479 480 483 484 485 486 487 488 494 496 498 499 500 501 502 503 506 507 508 509 510 511 512 0
1 2 3 4 5 6 7 8 9 11 12 13 15 16 17 18 19 22 24 26 28 29 30 31 32 34 35 36 37 38 39 40 43 44 45 46 48 50 51 52 56 57 58 60 61 63 64 65 66 69 70 71 73 75 76 77 78 79 80 82 83 84 87 88 89 90 91 93 94 95 96 100 102 103 104 106 107 108 110 112 113 114 115 117 118 120 122 123 124 125 126 127 128 0
1 2 4 6 7 9 10 11 12 15 17 19 20 21 22 23 25 26 27 28 29 31 32 0

40
3 4 5 6 8 10 11 14 15 16 19 20 23 24 25 28 29 30 32 33 34 35 36 39 40 41 42 44 45 48 49 50 51 56 57 58 59 61 63 64 65 72 73 74 75 76 77 80 81 82 87 89 91 92 93 97 102 104 105 106 108 109 111 115 116 117 120 121 122 123 126 127 130 131 132 133 134 135 138 139 140 141 142 143 144 146 148 149 150 151 153 155 156 157 160 164 165 166 167 168 169 170 172 173 176 180 181 182 183 184 186 187 188 189 190 191 192 194 195 196 197 198 199 202 203 204 205 206 207 208 209 210 211 212 213 214 221 222 223 224 225 227 228 229 230 233 239 240 247 248 249 254 255 256 258 265 266 268 269 270 274 277 278 279 282 283 284 286 287 288 289 290 293 294 299 300 303 304 306 307 308 309 310 311 315 318 319 320 322 324 325 326 327 332 333 334 336 338 339 340 341 342 343 344 347 348 349 350 351 352 354 355 356 357 358 359 360 361 365 366 367 371 373 375 376 377 379 380 381 382 385 386 390 391 394 395 396 397 400 401 402 403 408 409 410 411 412 413 414 415 416 417 419 425 426 427 430 431 432 435 441 442 446 447 448 450 451 456 457 458 464 465 466 467 471 472 473 474 475 476 480 481 482 483 484 485 486 487 488 489 490 491 492 496 497 498 499 500 501 502 503 504 505 506 507 508 509 510 511 512 513 514 515 517 518 519 521 522 523 524 525 526 528 529 530 533 534 537 542 543 544 549 550 553 554 555 557 558 559 560 562 563 564 565 566 570 571 572 573 574 575 576 578 579 580 581 582 583 587 588 589 590 591 592 594 595 596 597 598 599 603 604 605 606 607 608 609 610 611 612 613 614 615 616 617 620 621 622 625 626 627 628 629 632 633 634 635 636 637 641 645 647 648 649 650 651 652 656 657 659 660 661 662 663 664 665 666 667 670 671 672 673 674 675 679 680 681 682 683 685 686 687 688 689 690 696 697 698 703 704 705 706 710 711 712 713 719 720 726 727 728 729 730 731 734 735 736 738 739 741 742 743 744 745 746 747 748 749 750 752 753 754 755 756 757 758 759 761 762 763 764 765 766 767 768 769 770 772 773 774 775 779 780 781 782 783 784 785 786 788 789 792 793 794 798 799 800 804 805 806 809 810 811 814 815 816 818 819 821 822 825 826 827 828 829 830 831 832 834 835 836 841 843 844 845 846 847 848 850 852 853 854 855 856 860 861 862 865 866 867 868 869 870 871 872 873 874 875 876 877 881 882 883 884 889 890 892 893 904 905 906 911 914 917 918 919 920 921 925 926 927 928 929 930 934 935 936 937 938 939 940 941 942 943 944 945 946 952 953 954 955 956 959 960 961 966 967 969 970 975 976 981 982 983 984 985 986 987 991 992 993 994 995 996 997 999 1000 1001 1002 1003 1004 1005 1006 1007 1008 1015 1016 1017 1018 1019 1021 1022 1023 0
2 3 4 5 7 9 10 11 14 18 20 28 29 30 32 33 34 35 36 38 39 40 43 48 49 50 51 52 53 54 55 57 58 59 63 64 66 67 68 69 70 71 73 74 76 77 78 79 81 83 84 85 86 89 90 93 96 97 98 99 100 101 103 105 106 107 109 110 111 112 114 115 116 117 118 119 120 122 124 129 130 131 132 133 134 136 138 139 140 141 142 143 145 148 149 151 153 157 158 161 162 163 164 165 166 168 169 170 171 172 173 178 179 180 181 182 183 184 185 186 187 191 192 193 194 195 196 197 198 199 200 205 206 207 208 209 212 214 215 216 217 218 219 221 223 224 225 226 227 228 229 233 234 235 236 237 238 239 240 243 244 245 246 247 248 251 252 253 254 256 0
1 2 3 5 6 7 8 10 11 12 13 17 18 23 24 25 26 27 28 29 32 33 35 36 37 39 42 44 45 51 52 56 57 58 59 62 63 64 67 68 69 70 72 74 75 76 77 80 83 84 86 87 88 89 91 92 93 94 96 97 100 102 104 109 110 111 114 116 117 119 121 122 123 124 125 126 128 129 130 131 133 134 136 142 143 144 145 146 147 148 151 152 153 154 156 157 158 163 166 168 169 171 173 175 181 182 183 184 186 187 189 190 191 193 195 196 197 199 200 202 203 205 207 208 209 210 211 212 215 217 218 219 221 222 226 227 229 230 232 233 234 236 237 238 239 240 243 244 245 247 248 250 251 253 256 257 260 261 262 264 265 266 267 268 269 271 272 273 275 276 277 278 281 283 286 289 290 292 293 294 295 296 300 301 303 305 308 309 312 317 319 320 322 323 324 325 326 327 329 331 333 334 335 336 338 340 341 342 343 344 345 347 349 350 352 353 357 358 361 364 366 367 376 377 378 379 381 382 383 385 386 387 388 390 392 393 406 409 410 412 413 414 416 418 419 421 423 424 425 428 429 430 431 434 435 436 437 438 439 440 441 444 445 446 447 448 450 456 460 462 463 464 465 466 470 473 474 476 477 479 480 482 484 489 492 493 494 495 496 498 499 500 501 502 503 505 506 507 508 509 510 511 512 0
1 4 5 8 10 12 16 17 21 24 27 28 29 30 31 32 33 36 40 42 43 44 45 47 50 51 52 53 54 55 56 59 60 61 62 63 64 66 67 68 69 71 73 74 75 77 80 83 84 85 87 90 94 96 98 101 102 105 107 108 110 111 114 115 116 117 119 120 121 126 127 128 0
2 6 8 9 10 11 14 15 24 25 26 28 30 32 0

41
1 2 3 4 5 6 7 10 11 12 13 14 16 18 19 20 21 22 23 26 27 28 29 30 31 34 35 36 37 38 39 40 41 42 43 44 45 46 48 50 51 52 53 54 55 56 57 58 59 60 62 64 66 67 68 69 70 71 73 74 76 78 80 81 83 84 85 86 90 91 92 93 96 97 98 99 100 101 103 104 105 108 109 110 111 112 114 115 116 117 119 120 121 124 125 126 127 128 130 131 132 133 137 138 141 142 143 144 146 147 148 149 150 153 154 155 156 157 158 159 160 162 163 165 170 171 172 173 174 175 176 178 179 180 181 182 183 188 189 190 191 192 193 194 195 196 197 198 200 201 203 204 207 208 210 213 214 216 218 219 220 224 226 228 229 230 232 234 235 236 237 238 240 242 243 244 245 246 247 248 249 252 253 256 257 258 259 260 261 262 263 264 265 268 269 270 271 272 273 278 279 280 281 282 283 284 287 288 289 293 294 295 296 299 300 303 305 306 307 308 309 310 311 315 316 317 318 319 320 321 322 323 324 325 326 331 332 333 334 335 336 337 338 339 340 341 342 343 344 345 350 351 352 353 354 355 356 357 358 360 362 363 368 369 370 371 373 375 376 378 379 380 383 384 386 387 391 392 394 395 396 399 400 401 402 403 406 407 408 409 410 411 412 413 416 417 418 419 422 423 424 427 428 431 432 433 435 436 438 439 440 441 442 443 444 445 447 448 449 450 451 452 454 456 457 458 459 460 463 464 465 466 467 468 470 471 472 474 475 479 480 481 482 483 484 485 486 489 490 492 493 494 495 496 497 498 499 500 501 502 503 504 505 506 507 508 509 510 511 512 513 514 515 516 517 518 519 521 522 523 524 528 529 530 531 532 533 534 535 537 538 539 544 545 546 547 548 549 550 551 554 555 556 557 558 560 561 562 563 564 565 566 567 572 573 574 575 576 577 578 579 580 581 583 584 585 586 588 589 590 591 592 594 595 596 598 599 600 601 602 605 606 607 608 610 611 612 613 616 617 618 619 621 622 623 624 625 626 627 631 632 633 634 635 636 640 641 642 643 646 647 648 649 650 651 652 656 657 658 662 663 664 665 666 667 668 670 671 672 673 674 677 678 679 680 681 682 683 684 685 687 688 689 690 691 692 694 695 696 698 699 703 704 706 707 708 709 710 711 712 713 714 715 719 720 722 723 724 725 728 729 734 735 736 737 738 739 740 741 742 743 744 745 746 748 749 750 751 752 753 754 755 756 757 758 759 760 761 762 763 764 765 766 767 768 769 770 771 772 773 774 775 776 777 778 779 783 784 785 786 787 788 789 790 791 792 793 795 796 797 801 802 803 804 806 807 808 809 810 811 812 813 814 815 817 818 819 821 822 824 825 826 827 828 829 830 831 832 833 834 836 837 838 839 840 842 843 845 846 847 848 851 852 853 854 855 856 857 858 859 860 863 864 865 866 867 868 869 870 872 873 875 876 877 878 879 880 881 883 886 889 890 891 896 899 902 903 904 905 906 907 908 912 913 914 919 920 921 922 923 925 927 928 929 930 931 934 935 936 937 938 939 942 943 945 946 947 948 950 951 952 954 955 958 959 960 962 963 964 965 966 968 969 970 971 975 976 980 981 982 983 984 985 987 988 990 991 994 995 996 997 998 999 1000 1001 1002 1003 1004 1005 1006 1007 1008 1009 1010 1012 1013 1014 1015 1016 1017 1018 1019 1020 1021 1022 1023 1024 0
1 2 3 6 8 9 11 12 13 14 15 18 19 21 27 28 29 30 33 34 35 36 37 39 40 41 42 47 48 51 53 54 55 57 59 61 62 63 65 67 68 69 70 71 73 74 75 76 77 78 79 81 82 83 84 85 86 89 90 91 92 93 95 97 98 99 100 101 103 105 106 107 111 115 116 117 118 119 120 121 122 123 124 125 126 127 129 130 131 132 133 134 135 136 137 139 140 142 143 144 146 147 148 149 150 152 153 154 155 156 157 158 159 163 164 165 167 168 170 171 173 175 177 179 181 182 183 184 186 187 190 191 193 194 195 197 198 199 200 201 203 204 207 208 209 210 212 213 214 215 216 217 218 219 221 223 224 225 227 229 230 231 233 234 235 237 239 240 241 242 243 244 245 246 247 248 249 250 251 256 0
2 3 4 5 7 8 9 10 11 12 13 16 17 18 22 23 24 25 26 30 31 32 33 35 36 43 45 47 49 51 52 53 54 57 58 59 60 62 63 65 66 67 68 69 71 72 73 75 77 78 79 80 81 82 84 85 89 91 92 93 94 96 97 99 100 101 102 103 104 107 108 109 111 112 113 114 116 117 119 120 121 122 123 124 126 127 128 129 130 131 132 133 134 136 138 139 140 141 142 143 145 146 147 150 152 156 157 158 159 160 161 166 167 168 169 170 171 173 174 177 178 179 180 181 182 183 184 185 188 190 191 194 195 196 197 198 200 202 203 205 207 208 209 210 211 213 214 215 216 217 218 219 221 222 224 225 226 227 228 229 230 232 233 235 236 237 238 239 240 241 242 243 244 246 247 248 249 250 253 254 255 256 257 258 259 260 261 262 263 264 265 266 267 268 269 270 273 274 275 276 278 281 282 283 286 287 288 289 290 293 295 296 298 299 300 301 302 303 306 307 308 310 314 316 319 322 325 326 327 328 331 332 333 334 336 337 339 340 341 342 343 345 346 347 348 350 351 352 354 355 356 357 358 359 360 361 362 363 364 365 366 368 371 373 375 376 377 378 379 380 381 382 383 385 386 387 388 389 390 392 394 395 396 397 398 402 403 404 405 406 407 408 409 410 411 412 413 415 418 421 422 425 430 431 434 435 437 439 442 443 446 448 450 451 454 455 457 458 459 460 461 462 465 466 467 468 469 470 471 472 474 475 477 478 480 481 482 484 485 487 489 490 491 492 493 494 495 496 498 499 500 502 504 505 507 508 509 510 511 0
2 3 4 5 8 9 12 13 14 15 16 19 21 24 26 27 28 29 31 32 33 36 37 39 41 43 44 47 50 55 56 57 60 61 62 63 64 65 66 67 68 69 71 72 75 76 77 78 80 83 84 85 87 88 89 90 93 94 96 97 98 100 101 102 105 108 113 114 115 116 118 119 120 121 122 123 125 126 127 128 0
3 6 9 11 14 15 16 18 24 25 26 31 32 0

42
1 3 4 5 9 10 11 12 13 14 15 16 23 24 25 26 27 28 29 30 31 32 37 38 41 42 43 44 45 46 47 48 50 51 52 53 57 60 61 62 63 64 65 66 67 68 70 71 72 73 74 75 76 77 78 80 81 84 85 86 87 88 89 90 91 92 93 97 99 100 101 102 103 104 105 108 111 113 114 115 116 117 118 120 121 122 124 126 127 129 132 133 134 135 137 139 141 142 143 144 147 148 149 150 151 152 155 157 158 160 163 164 165 166 167 168 169 171 172 173 177 178 180 181 183 184 185 186 188 189 190 191 193 194 195 198 199 200 201 204 205 206 207 208 209 210 214 215 216 217 219 220 221 222 223 224 225 226 230 231 232 235 236 237 240 241 244 245 246 249 251 252 253 257 259 260 261 262 263 264 265 266 267 268 269 270 271 272 274 275 276 277 278 280 287 288 291 292 293 294 303 304 305 307 310 311 313 314 319 320 328 330 331 332 333 336 339 341 343 344 345 346 352 354 355 357 358 359 366 369 370 371 375 376 377 378 379 380 381 382 390 391 392 393 394 395 396 397 400 402 403 405 406 407 408 409 410 411 412 413 414 415 416 417 418 419 421 422 423 425 427 428 429 430 431 433 437 438 439 440 443 444 452 453 454 455 456 459 461 464 466 467 468 469 472 473 475 479 480 483 484 485 486 487 490 491 494 495 496 497 499 500 501 502 503 505 506 507 509 510 511 512 513 514 515 516 517 518 519 520 527 528 529 530 531 532 533 534 535 543 544 545 546 547 548 549 550 551 552 559 560 561 565 566 567 568 569 570 575 576 579 581 583 584 586 591 592 593 594 595 601 605 606 607 609 610 613 614 615 617 620 621 622 629 630 633 634 636 637 640 641 642 647 648 649 650 651 656 657 658 662 663 664 665 666 667 668 671 672 673 674 677 679 680 681 682 683 684 685 686 687 689 690 693 695 696 698 699 700 706 709 710 711 712 715 716 717 720 722 723 724 725 729 730 735 736 738 739 740 741 743 744 745 746 749 750 751 752 753 754 755 756 758 759 766 767 768 769 770 771 772 773 774 775 776 777 778 779 780 781 782 783 784 785 786 787 788 789 795 796 799 800 801 802 806 807 808 809 815 816 820 821 822 823 826 827 831 832 834 836 837 839 840 841 846 847 848 849 850 856 857 858 859 860 861 862 871 872 873 874 876 877 886 887 889 890 891 896 897 898 899 900 902 903 907 911 912 913 914 917 919 920 921 922 923 929 932 933 934 935 937 938 939 940 945 946 947 950 951 952 953 954 955 956 957 959 960 961 962 963 964 965 966 967 970 971 972 973 974 975 976 980 981 982 983 984 988 989 990 995 996 1000 1001 1002 1003 1005 1006 1007 1008 1009 1011 1012 1013 1016 1017 1018 1019 1020 1021 1022 0
2 4 8 10 12 13 15 17 19 20 22 25 26 27 28 32 34 35 38 39 40 44 45 47 50 51 52 53 54 55 56 57 59 61 62 63 65 66 68 69 70 71 72 74 75 76 77 78 79 81 82 83 84 85 86 87 90 91 92 94 96 97 98 99 103 105 106 107 108 109 110 111 112 113 115 116 117 118 119 121 123 124 126 129 130 131 132 133 134 135 136 140 141 142 143 145 146 147 148 149 150 151 154 155 156 157 158 161 162 163 165 166 167 168 170 171 174 177 178 179 180 181 183 184 185 188 190 191 193 194 195 196 197 198 199 200 201 203 204 205 206 207 208 209 210 213 214 215 216 219 220 221 222 223 224 225 226 227 229 233 234 235 237 239 240 241 243 246 247 249 250 251 253 254 256 0
1 2 4 5 6 7 8 10 12 13 14 15 16 18 19 25 35 36 40 41 42 43 44 45 47 48 49 50 51 52 53 54 56 57 58 59 62 63 64 65 66 67 68 69 70 72 75 83 85 88 92 95 96 98 100 101 102 103 106 108 110 111 112 115 116 117 118 119 120 121 122 123 126 127 129 130 131 132 134 135 137 138 143 147 150 152 153 155 157 158 159 160 161 163 164 165 166 167 168 169 170 173 174 175 180 181 182 183 184 185 186 192 195 199 200 201 205 207 208 211 213 215 216 217 218 219 222 223 225 226 228 229 232 233 234 235 238 239 240 241 243 244 245 246 248 249 250 255 256 257 258 259 260 263 264 266 267 268 269 270 272 274 276 279 280 281 283 284 285 287 289 290 291 293 294 295 296 297 298 299 301 302 303 304 305 307 308 309 310 311 312 314 315 318 319 320 322 323 324 325 326 327 328 329 330 334 335 337 343 344 348 349 352 353 355 358 361 362 363 365 366 367 368 370 371 372 374 377 379 380 382 385 386 387 388 389 390 391 392 393 394 395 399 400 401 402 404 411 412 413 415 417 419 420 421 422 423 424 427 429 430 431 432 435 436 439 440 443 444 445 449 450 451 452 456 458 459 460 463 464 467 469 471 474 475 476 478 479 480 481 483 485 486 487 488 492 493 494 496 498 499 500 501 502 505 506 507 508 509 510 511 512 0
4 5 6 9 12 13 14 16 21 23 24 28 29 31 32 33 37 41 43 44 45 46 47 49 50 54 55 56 57 59 60 61 63 64 65 66 67 69 70 72 73 75 76 77 78 79 80 82 84 85 87 88 90 92 93 96 97 99 101 103 104 105 109 114 115 116 120 122 123 125 127 0
1 2 6 11 13 19 20 21 22 27 0

43
1 2 3 4 5 6 7 8 9 10 11 12 13 14 15 16 17 18 19 20 22 23 24 25 26 27 28 29 30 31 32 33 34 35 36 37 38 39 40 41 43 44 45 46 47 48 49 50 51 52 53 54 55 56 57 58 59 60 61 62 64 65 66 67 68 69 70 71 72 73 74 75 76 77 78 80 81 82 83 84 85 86 87 88 90 91 92 93 94 96 97 98 99 100 101 102 103 105 106 107 110 111 112 113 114 115 116 117 118 119 120 121 122 127 129 130 131 132 133 134 135 136 137 138 139 140 141 143 144 147 148 149 150 151 152 153 154 155 156 157 159 161 162 165 166 167 168 169 170 171 172 173 174 175 176 177 178 180 181 182 183 184 186 188 189 190 192 193 194 196 197 198 199 200 201 203 204 205 206 208 209 212 213 214 215 216 217 218 219 220 221 222 223 226 228 229 230 231 232 233 234 236 237 239 242 243 245 246 247 248 249 251 252 253 254 255 257 258 259 260 261 262 263 264 265 266 267 268 269 270 271 272 273 274 275 276 277 279 280 281 282 283 284 285 286 287 288 289 290 291 292 293 294 295 296 297 298 299 300 301 303 304 305 307 310 311 312 313 315 316 317 318 319 320 321 322 323 325 326 327 328 329 330 332 333 334 335 336 337 338 339 340 341 342 343 344 346 347 348 350 351 353 354 355 356 357 358 359 362 363 365 366 367 368 369 370 371 372 373 375 377 378 379 381 383 384 385 386 387 388 389 390 391 392 393 396 397 398 399 400 402 403 404 405 406 407 408 409 410 411 412 414 416 417 419 420 421 422 423 424 425 426 428 429 431 433 434 435 436 437 438 439 440 441 442 443 445 446 447 448 449 450 451 452 453 454 455 456 458 459 460 462 463 464 465 466 468 469 470 471 472 473 474 475 476 477 478 479 480 482 483 484 485 486 488 489 491 492 494 495 496 497 498 501 502 503 504 505 506 507 508 509 510 511 512 514 515 516 517 518 519 520 521 522 523 524 525 526 527 528 529 530 531 532 533 534 535 536 537 538 539 540 541 542 544 545 546 548 549 550 551 552 553 555 556 557 558 560 561 562 563 566 567 568 569 570 572 573 574 575 576 577 578 579 580 581 582 583 584 585 586 587 588 589 590 592 593 594 595 596 597 598 600 601 602 603 604 607 608 609 612 613 614 615 617 618 620 622 623 624 625 626 627 628 629 630 631 632 633 638 639 640 641 642 643 644 645 646 647 648 649 650 651 652 654 655 656 657 658 659 661 662 663 664 665 666 668 671 672 673 674 676 677 678 679 680 681 682 683 684 685 686 687 688 689 690 691 692 693 694 695 696 697 698 699 700 701 702 705 706 707 708 709 710 712 713 714 715 717 718 719 723 724 725 726 727 728 729 730 731 732 733 734 736 739 740 741 742 743 745 746 749 750 752 753 755 756 757 758 759 760 761 762 763 764 767 769 770 771 772 773 774 775 776 777 778 779 780 781 782 783 784 785 786 788 789 791 793 794 795 796 797 798 799 800 801 805 806 807 808 809 810 811 812 814 816 817 818 822 823 824 825 826 827 828 829 830 831 833 834 835 836 837 838 839 840 841 842 843 845 849 852 854 855 856 857 858 860 862 863 865 866 867 868 869 870 871 872 873 874 876 877 879 880 881 882 884 885 886 887 888 889 890 891 892 894 895 896 897 898 899 900 901 902 904 907 908 911 912 913 914 915 916 917 924 925 926 927 928 929 931 932 934 935 936 937 938 939 941 943 944 945 946 950 953 954 955 956 957 958 959 960 961 962 963 964 965 966 967 968 969 970 971 972 973 974 975 976 979 980 982 985 986 987 988 989 990 993 994 995 996 997 1000 1001 1002 1003 1004 1005 1006 1007 1008 1009 1010 1011 1012 1013 1014 1015 1016 1017 1018 1019 1020 1021 1022 1023 1024 0
1 2 3 4 5 6 7 8 9 10 11 12 13 14 15 16 17 18 19 20 21 22 23 25 26 27 28 29 30 31 32 33 34 35 36 37 39 43 44 47 48 50 51 52 53 54 55 56 57 58 59 60 61 62 63 64 65 66 67 68 69 70 71 72 73 74 75 76 77 78 81 82 83 84 85 87 88 89 90 91 92 93 95 96 97 98 99 102 103 104 105 106 107 108 111 113 114 115 116 118 119 120 122 123 124 126 127 129 130 131 132 133 134 135 137 140 141 142 143 145 146 148 149 150 152 153 154 155 156 157 158 159 160 161 162 163 164 165 166 167 168 169 170 171 172 175 176 177 178 179 180 181 183 184 187 188 189 190 191 192 193 194 195 196 197 198 199 201 202 204 205 206 208 209 210 211 212 215 216 217 218 219 221 222 223 224 225 226 227 231 232 235 237 239 240 241 242 243 244 245 246 247 249 250 251 252 253 254 255 0
1 2 3 4 5 6 7 10 11 13 14 16 17 18 20 22 23 24 25 26 27 29 30 31 33 34 36 37 39 40 42 43 44 45 47 48 49 50 51 52 53 54 57 58 59 60 61 62 63 64 65 66 67 68 69 70 71 72 73 76 77 78 79 80 81 83 84 86 87 88 89 90 91 92 93 94 95 96 97 98 100 101 102 103 104 105 107 108 112 114 115 116 117 119 120 121 122 123 124 125 126 127 128 129 131 132 133 134 135 136 137 138 139 140 142 144 146 147 148 149 150 151 152 153 154 157 159 160 161 162 163 164 165 166 167 169 170 171 172 173 174 175 177 178 179 180 181 183 184 185 186 187 188 189 190 191 193 194 195 196 197 198 199 202 205 206 207 209 211 212 213 214 215 216 217 218 219 220 221 222 225 226 227 228 229 231 232 234 235 237 239 241 242 243 244 245 246 248 251 252 255 256 257 258 260 261 262 263 266 267 268 269 270 273 274 275 276 278 279 280 281 282 283 284 285 286 287 288 289 290 291 292 294 295 297 299 301 302 304 306 307 309 310 312 314 317 318 319 320 321 322 324 325 327 330 332 333 334 335 336 337 339 340 341 342 343 345 346 347 348 349 350 353 354 355 356 360 361 363 366 367 368 369 372 374 375 376 377 378 379 380 381 382 383 385 386 387 388 389 390 391 392 393 394 396 397 398 400 401 402 403 404 405 406 407 408 409 410 412 413 414 415 416 417 418 419 420 422 423 426 427 431 432 433 435 436 438 439 441 443 444 446 447 449 451 452 453 454 455 456 457 458 459 460 461 462 463 464 465 466 467 468 470 472 474 475 476 477 479 480 481 482 483 484 485 487 489 490 491 493 494 495 496 497 498 499 500 501 502 503 504 505 506 507 508 509 510 511 512 0
1 2 5 6 12 15 17 18 20 21 22 24 25 26 27 28 29 30 32 33 34 35 36 37 39 42 44 46 47 48 49 50 51 52 53 54 55 56 58 59 61 62 63 66 67 68 69 71 72 73 76 77 78 80 81 82 83 85 86 87 90 91 94 95 96 97 98 99 100 101 102 104 106 107 109 111 112 113 114 115 116 117 118 119 120 126 127 0
2 3 4 6 8 9 11 12 13 14 17 23 25 26 27 30 0

44
3 4 5 6 11 12 16 19 20 21 28 29 31 32 33 34 35 36 37 39 40 42 44 45 46 47 48 49 50 53 54 55 56 57 58 59 60 61 62 63 64 65 69 70 71 73 75 76 77 78 79 81 85 86 88 91 94 95 103 104 108 109 110 111 112 113 118 119 120 123 124 127 128 131 132 134 136 142 143 144 146 147 148 149 150 151 154 157 158 160 161 162 163 166 167 168 170 171 172 177 178 180 183 184 185 188 189 193 194 195 199 201 203 205 206 208 209 210 211 212 213 214 215 216 218 219 220 221 222 223 224 225 229 230 231 232 233 235 236 237 238 239 240 244 245 248 250 251 252 253 254 255 258 262 263 265 266 269 270 271 278 280 281 282 283 284 286 287 288 290 293 294 295 296 297 298 304 306 307 308 309 310 311 312 315 320 321 322 323 324 325 327 328 331 336 337 338 339 340 341 342 344 345 346 347 348 349 350 352 353 354 355 356 357 358 359 360 361 362 363 364 365 366 368 369 370 372 374 375 377 378 384 386 388 393 394 400 401 402 403 404 409 413 414 415 416 417 420 421 427 428 429 430 431 432 433 434 436 437 438 441 442 443 444 445 448 449 450 451 452 458 460 461 463 464 467 468 470 477 478 479 480 481 482 483 486 487 488 493 494 495 497 498 499 500 501 502 503 504 506 507 508 509 510 511 512 513 514 518 519 520 521 522 524 525 526 527 529 534 535 536 537 538 541 542 543 544 549 550 551 552 553 554 555 557 558 559 560 562 563 566 568 569 570 571 575 576 577 578 579 580 585 586 587 591 592 593 594 595 596 597 599 600 601 602 603 604 605 607 608 609 610 611 612 613 614 615 616 617 618 619 620 621 624 625 626 627 628 629 630 631 632 640 641 642 643 644 645 646 647 656 657 663 664 666 670 671 672 673 675 680 681 682 685 686 687 688 690 691 692 693 694 698 700 701 702 703 704 705 706 707 708 709 710 714 715 716 717 718 723 724 725 726 727 730 731 732 733 734 738 739 740 741 742 743 744 745 747 748 749 750 753 754 755 758 759 760 761 764 765 768 769 773 774 775 776 777 778 779 780 781 782 785 786 789 790 791 792 793 798 799 802 805 806 808 809 810 811 812 813 814 815 818 824 825 826 827 828 831 833 834 835 836 837 839 840 841 842 843 844 847 848 849 854 855 860 864 865 866 867 868 869 870 871 873 874 880 881 882 883 884 885 886 891 892 893 895 897 898 901 902 903 906 911 919 920 921 922 925 927 930 931 932 934 935 936 937 938 939 940 941 945 946 947 948 949 950 952 955 957 958 959 961 962 963 964 965 966 971 972 973 974 975 977 978 979 980 981 982 983 986 987 988 989 990 992 994 995 996 997 998 999 1001 1002 1003 1004 1005 1011 1012 1013 1014 1015 1016 1018 1019 1020 1021 1022 1023 1024 0
2 3 5 7 8 9 10 16 19 22 23 24 26 27 31 32 36 38 39 40 41 42 46 49 52 54 60 64 65 66 67 68 70 71 72 73 76 77 78 79 80 82 83 84 85 87 88 89 90 91 93 94 95 96 97 98 99 100 101 103 104 105 106 107 108 110 111 112 113 114 115 116 117 118 119 120 121 123 124 125 126 127 128 130 131 132 133 134 136 137 138 139 142 143 145 147 148 149 150 151 152 153 155 156 160 162 166 167 168 169 170 171 172 174 175 177 180 181 182 183 185 186 188 189 190 191 192 193 194 195 196 197 198 199 200 203 204 205 206 207 208 209 210 211 213 215 216 217 218 219 220 222 223 224 225 226 227 228 229 233 234 235 236 237 238 239 240 241 242 243 244 245 246 247 248 250 251 252 254 255 0
1 2 5 9 10 11 13 17 18 19 22 23 24 26 28 30 34 35 37 38 39 41 42 43 46 48 49 50 53 54 55 57 60 63 64 66 68 69 70 72 74 75 76 77 78 82 85 86 88 90 91 92 94 96 98 100 101 102 104 107 109 112 113 114 115 118 119 120 121 124 125 127 129 130 131 132 134 136 138 141 145 146 148 151 152 153 154 162 164 166 172 173 174 177 179 182 183 184 186 188 193 195 198 199 200 202 203 207 208 209 210 211 213 214 215 216 217 218 219 220 222 224 225 227 229 231 232 233 235 237 239 240 241 243 245 247 249 254 256 257 258 259 264 267 268 269 270 271 272 273 274 275 276 278 280 281 282 285 287 289 290 291 294 295 296 297 299 300 301 302 303 304 305 307 309 310 311 312 314 315 316 317 318 319 320 321 322 323 324 325 326 327 329 331 332 333 334 335 339 342 343 344 346 349 350 351 352 355 357 359 361 363 364 365 367 368 370 371 372 374 375 376 377 378 379 380 381 382 383 384 385 387 388 389 390 391 392 393 396 397 400 401 402 403 404 405 408 409 410 411 412 413 414 415 416 417 418 419 420 422 425 429 430 437 438 439 441 442 443 444 446 447 448 452 453 454 456 457 464 465 467 470 471 472 474 475 478 479 483 484 489 491 497 498 499 500 501 502 505 506 507 510 0
1 3 4 5 8 10 11 13 15 16 17 18 21 24 25 28 29 31 32 33 34 37 38 45 47 50 51 52 55 57 58 59 60 61 63 64 65 69 72 74 75 79 82 84 86 88 93 94 95 98 99 100 103 104 106 107 109 110 112 115 116 117 120 126 128 0
2 3 7 9 11 18 21 25 26 29 32 0

45
2 3 4 5 6 7 8 9 10 11 12 13 14 15 16 17 18 20 22 23 24 26 27 28 29 30 31 32 33 34 36 37 38 39 40 41 42 43 44 45 46 48 49 50 51 53 55 56 58 59 62 63 64 65 66 67 70 71 72 74 75 78 80 81 82 83 85 86 87 88 89 90 92 93 94 95 96 97 98 99 101 102 103 104 105 107 108 110 111 112 115 116 117 118 119 120 122 123 124 125 126 129 133 134 135 136 137 138 140 141 143 144 146 150 151 153 154 155 156 157 158 159 160 161 162 163 164 165 167 169 172 173 174 175 176 179 181 182 183 185 186 187 188 190 191 192 193 194 195 196 197 198 200 202 204 205 206 207 208 209 210 211 212 214 215 216 217 218 219 220 221 222 223 224 225 228 229 230 231 232 233 234 235 236 239 240 241 242 243 244 245 246 247 249 250 251 252 253 254 255 256 257 258 259 260 261 262 263 264 265 266 267 268 269 270 271 272 273 274 275 276 277 278 279 280 281 283 284 285 286 287 288 289 290 292 293 294 295 296 298 299 300 301 302 303 304 305 306 307 308 309 310 311 312 313 314 315 316 317 318 319 320 321 322 323 324 325 327 328 329 330 332 333 335 336 337 338 339 340 341 342 343 344 345 346 348 349 350 351 353 354 355 356 357 359 360 361 362 363 364 367 368 369 370 373 374 375 376 377 378 379 380 382 383 384 386 388 390 391 392 393 394 395 396 397 398 399 400 401 402 403 404 405 406 407 409 410 411 412 413 417 418 419 420 421 422 423 426 428 429 432 433 434 435 436 437 438 440 441 442 443 444 445 446 447 448 449 450 452 453 454 455 456 458 459 460 462 463 464 465 466 467 468 469 470 471 472 473 474 475 476 477 478 479 480 481 483 484 485 486 487 488 489 490 491 492 493 494 495 496 497 498 499 500 501 502 503 504 505 506 507 508 509 510 511 512 513 514 515 516 518 519 520 521 522 523 524 525 526 527 528 529 530 531 532 533 534 535 536 537 538 539 540 541 542 543 544 545 546 547 548 549 550 551 553 560 561 562 563 565 566 567 569 572 573 575 576 577 578 579 580 581 583 584 585 586 587 588 589 590 591 592 593 594 595 596 597 598 599 600 602 603 607 608 610 611 612 614 615 616 617 618 619 622 623 624 626 627 628 629 630 631 632 634 635 636 637 638 639 640 642 644 646 647 648 649 650 651 654 655 656 658 661 662 663 664 665 668 670 672 674 676 677 678 679 681 682 683 685 686 688 691 693 695 696 697 698 699 700 701 702 703 704 705 706 707 708 709 711 712 713 714 717 718 719 720 721 722 723 724 725 726 727 728 729 730 731 732 733 734 735 736 737 740 741 742 743 744 745 746 747 748 750 751 752 753 754 755 757 758 759 760 762 763 768 769 771 772 773 774 775 776 777 778 779 780 781 782 783 784 785 788 789 791 792 793 794 795 800 801 804 805 806 807 808 809 810 811 812 813 814 815 816 817 818 819 820 821 822 823 824 825 826 827 828 829 830 831 832 833 834 835 836 839 840 841 842 843 844 845 846 847 848 849 850 851 852 853 854 855 856 857 858 863 864 866 867 868 869 870 871 872 875 876 877 879 880 882 883 884 887 888 889 890 891 892 893 894 895 898 899 900 901 902 904 906 907 908 913 914 917 920 921 922 923 924 927 928 930 932 933 934 935 936 937 938 939 942 943 944 946 947 949 950 951 952 953 954 955 956 957 958 961 962 963 964 966 968 969 971 972 973 974 975 976 977 978 979 980 981 982 983 984 985 986 987 988 989 990 991 992 993 995 996 997 998 999 1000 1002 1003 1004 1005 1006 1007 1009 1010 1011 1012 1013 1014 1015 1016 1017 1018 1019 1020 1021 1022 1023 1024 0
4 5 6 7 8 9 10 11 12 13 14 15 16 17 18 19 20 22 24 26 27 28 29 34 35 36 37 39 44 47 48 49 50 51 53 54 55 56 59 60 61 64 65 66 67 68 69 70 71 72 73 74 75 76 77 78 79 81 83 84 85 86 87 88 89 90 91 93 94 95 96 97 98 99 100 101 102 103 104 105 106 107 113 114 115 116 118 119 120 121 123 124 126 127 128 129 130 131 132 133 134 135 136 137 138 139 140 141 142 143 144 145 146 148 149 150 152 153 155 156 157 158 159 160 161 162 163 164 166 167 169 170 171 172 173 174 175 177 178 179 180 181 182 183 185 186 187 188 189 190 191 192 193 194 195 196 197 198 199 200 201 202 203 204 205 206 207 208 211 212 213 214 216 217 218 221 222 223 224 225 226 227 229 231 232 233 236 237 239 240 241 242 243 246 247 248 250 251 252 253 255 256 0
1 2 3 4 5 6 7 8 9 10 11 14 15 16 17 18 19 20 22 23 24 25 26 27 28 29 30 32 34 35 36 37 38 41 45 48 49 52 53 54 56 57 58 59 60 61 62 63 64 66 67 68 69 70 71 72 74 76 77 80 83 84 85 86 89 90 91 93 95 96 98 102 103 104 106 107 108 111 112 113 115 116 117 119 120 121 122 123 126 127 128 130 131 132 134 136 138 139 141 143 144 145 146 148 150 151 153 155 156 157 158 160 161 162 164 167 169 170 171 172 173 176 177 178 179 180 182 183 184 187 188 189 190 191 192 193 196 198 199 200 202 203 204 206 207 208 209 210 211 212 213 215 216 217 218 219 222 223 224 228 230 231 232 234 237 240 242 243 244 245 246 247 248 250 252 253 254 255 256 257 258 259 260 261 264 266 267 268 269 270 272 273 274 275 276 277 278 279 280 281 282 283 285 286 287 288 289 290 291 292 293 294 297 298 299 300 301 302 303 305 307 308 309 310 311 312 317 319 320 321 322 323 325 326 327 328 333 334 335 336 337 339 340 341 342 343 344 345 346 347 348 349 350 351 353 354 363 364 365 366 371 374 376 377 378 379 380 381 382 383 385 386 387 388 389 390 391 392 393 396 397 398 399 400 401 404 405 406 407 408 409 411 413 414 415 417 418 419 421 423 424 425 427 428 429 430 431 433 434 436 437 438 439 440 441 442 443 444 445 446 447 448 453 456 457 459 460 461 462 463 464 465 468 470 471 473 476 478 480 482 484 485 487 488 491 492 493 495 496 498 499 500 501 502 503 504 505 506 507 508 509 510 511 0
1 2 4 5 6 7 8 10 11 13 14 15 17 18 19 20 22 27 28 29 30 31 32 33 35 36 37 38 39 41 42 45 46 47 50 51 52 53 54 55 56 57 58 59 63 64 65 66 67 68 69 70 71 72 73 74 75 76 77 78 79 80 83 86 88 89 92 94 95 96 97 100 102 104 105 107 109 110 111 112 113 114 115 116 118 120 121 124 126 127 0
3 6 7 13 14 16 18 20 23 24 25 26 27 31 32 0

46
1 2 3 7 8 10 12 13 14 16 17 20 24 25 26 27 28 31 32 36 39 40 41 42 43 45 46 48 49 50 51 53 54 55 56 57 59 60 61 62 63 64 65 66 67 68 69 70 71 72 74 75 76 77 79 80 81 83 84 85 88 89 90 91 92 93 95 96 99 100 103 104 105 106 107 108 109 111 112 114 115 116 117 118 119 120 122 125 126 127 128 129 130 132 133 134 135 136 137 138 139 140 141 142 143 144 145 146 147 148 149 150 152 153 154 156 157 158 159 160 161 162 163 164 165 166 167 168 169 170 171 172 174 175 176 177 178 179 181 182 183 184 185 186 187 190 191 192 193 195 196 198 200 201 203 206 207 208 209 212 213 215 216 217 218 219 220 222 223 224 225 229 230 231 232 233 234 235 236 237 238 239 240 241 244 245 247 249 251 252 253 254 255 256 257 258 259 260 261 262 263 264 265 266 267 268 269 270 271 272 273 274 275 276 277 278 279 280 282 283 284 285 286 287 288 289 292 294 295 298 299 300 301 305 306 307 308 309 313 314 315 316 317 318 320 321 322 323 324 325 326 327 328 329 330 331 332 333 334 335 336 337 338 339 341 342 343 344 345 346 347 348 350 351 352 353 354 355 356 357 358 359 360 361 363 364 365 366 367 368 369 370 371 372 373 374 375 376 377 378 379 380 381 382 383 384 385 386 387 388 389 390 391 392 393 394 395 396 397 398 399 400 401 402 403 404 405 406 407 409 410 411 412 413 415 416 417 418 419 420 421 422 423 424 426 427 428 429 430 431 432 433 434 435 436 437 438 439 440 441 443 444 445 446 447 448 449 451 452 457 458 459 461 462 463 464 465 466 468 469 472 473 474 475 476 477 478 479 480 481 482 484 485 486 489 490 492 493 494 495 496 497 498 499 500 501 502 503 504 505 506 507 508 509 510 511 512 514 517 518 519 520 522 523 524 527 528 532 534 535 536 538 539 540 542 543 544 546 547 548 550 551 552 553 554 556 557 558 559 560 561 562 563 564 565 566 567 568 569 570 571 572 573 574 575 576 577 578 579 580 581 582 583 584 585 586 587 588 590 591 592 593 594 595 596 597 599 600 601 602 603 604 606 607 608 610 611 612 614 615 616 617 618 619 620 621 622 623 624 625 626 627 628 629 630 631 632 633 634 636 637 638 639 640 641 642 643 644 645 646 647 649 650 652 653 654 655 656 657 658 659 660 661 662 663 664 665 666 668 669 670 671 672 673 674 675 676 677 678 679 680 681 682 683 685 686 687 688 689 690 691 692 693 694 695 696 697 698 699 700 702 703 704 705 706 707 709 710 711 712 713 714 715 716 717 718 719 720 721 723 724 725 727 728 729 730 731 732 733 734 736 737 739 740 741 743 744 745 746 747 748 749 750 751 752 753 756 757 759 761 762 763 766 767 768 772 773 774 775 776 777 778 779 780 781 782 783 784 788 789 790 791 792 793 794 795 796 798 799 800 801 802 803 806 807 808 809 810 811 812 813 814 815 816 817 818 819 820 821 822 823 824 825 826 827 828 829 830 831 832 833 834 835 836 840 841 842 843 844 845 846 847 848 850 851 852 853 854 855 856 858 859 860 861 862 863 864 867 868 869 870 871 872 873 875 876 878 881 882 883 884 885 886 887 888 889 890 891 892 893 894 895 897 899 900 901 902 904 905 906 907 908 909 910 911 913 914 915 916 917 918 919 920 921 922 923 924 925 926 927 929 931 932 933 934 935 936 937 938 939 940 942 944 945 946 947 948 949 950 951 952 953 954 955 956 957 958 959 960 961 963 964 965 966 967 968 969 970 971 972 973 974 975 977 979 980 981 982 983 984 985 986 987 988 989 990 993 995 996 997 998 999 1000 1001 1002 1003 1004 1005 1006 1007 1008 1009 1010 1011 1012 1013 1014 1015 1016 1017 1018 1019 1020 1021 1022 1023 1024 0
1 2 3 4 6 9 12 15 16 18 19 20 21 26 28 29 30 31 32 33 34 35 36 38 39 40 41 42 43 44 45 47 50 51 52 53 54 56 57 58 59 60 61 62 63 64 65 66 67 69 70 71 73 74 76 77 78 79 81 82 83 84 85 86 87 88 89 90 91 92 93 94 95 96 97 99 100 101 102 103 104 105 106 107 109 110 112 113 115 116 117 118 119 120 123 125 126 127 128 129 130 131 132 134 135 136 140 141 144 145 146 147 148 149 150 151 153 154 156 157 158 159 160 161 162 163 164 165 167 168 169 170 171 173 174 175 176 177 179 181 184 185 187 188 189 190 191 192 193 194 195 196 197 198 200 201 202 203 206 207 208 209 210 212 213 214 215 217 219 220 221 222 223 224 226 227 230 231 232 233 234 235 236 237 238 239 240 241 243 244 245 246 247 248 249 250 251 252 253 254 255 256 0
3 4 5 6 9 10 12 14 15 16 18 21 22 23 26 27 28 29 30 31 32 33 35 36 37 38 39 40 41 42 43 45 46 47 48 49 50 51 52 53 54 55 56 57 58 59 60 61 62 63 64 65 67 68 69 70 71 75 77 78 79 80 81 86 87 88 89 90 91 92 93 94 95 97 98 99 100 103 104 105 109 110 111 112 113 114 116 118 119 120 124 127 128 129 130 131 133 134 135 136 137 139 140 141 142 143 145 146 147 148 149 150 151 152 153 154 156 159 160 162 163 165 167 168 169 170 173 174 176 177 178 181 183 184 189 190 191 192 193 196 198 199 205 208 209 212 213 214 215 216 217 220 221 222 224 226 227 228 229 230 231 232 233 234 235 236 237 238 239 241 244 245 246 248 249 252 253 255 256 257 259 260 261 264 265 266 267 268 269 271 272 273 274 275 276 279 283 284 288 289 290 291 292 293 294 295 296 297 300 301 302 304 305 306 307 308 309 310 311 315 317 318 320 322 323 324 325 326 328 333 334 335 336 337 338 339 340 341 343 344 345 346 347 348 350 351 352 354 355 356 358 360 361 362 365 366 369 371 372 373 374 375 376 377 378 379 380 381 382 383 385 386 387 388 389 390 392 394 395 397 400 401 402 403 408 411 412 414 417 419 420 421 422 423 424 425 427 428 429 430 431 432 433 437 438 440 446 447 448 449 451 452 453 454 455 456 458 459 460 461 462 463 464 466 467 470 471 472 473 474 475 476 478 479 480 482 483 484 485 487 489 490 491 493 496 497 498 499 504 505 506 507 508 509 511 512 0
1 2 3 7 8 10 12 13 15 16 17 19 20 25 26 27 28 29 30 31 32 35 36 37 39 40 41 44 45 47 48 49 51 52 53 56 57 58 59 60 63 65 66 67 68 69 70 71 74 75 76 77 78 79 80 81 82 83 85 86 87 88 89 90 91 94 95 96 97 98 100 101 102 104 106 107 109 112 114 115 116 117 118 119 120 121 124 125 126 127 0
1 2 3 5 6 8 10 12 17 19 22 23 24 25 26 28 29 31 0

47
1 2 3 6 7 8 9 12 13 14 16 17 18 19 20 25 27 28 29 31 32 33 34 46 47 48 51 52 55 56 60 61 62 63 64 69 70 71 72 73 74 76 77 78 79 80 82 86 88 89 90 91 92 93 97 99 100 101 102 105 106 107 110 111 113 115 116 117 120 121 122 123 124 126 127 128 129 131 132 133 134 135 136 140 141 142 144 145 146 147 148 149 150 151 152 153 154 156 157 158 160 161 162 165 166 167 168 169 170 171 172 173 174 176 177 178 179 180 181 182 183 184 186 187 188 189 190 193 194 195 196 197 199 200 201 203 204 205 208 209 211 212 214 217 218 219 223 224 225 226 227 228 230 231 232 233 234 235 236 237 238 239 240 241 244 245 246 247 248 250 251 252 253 254 256 257 258 259 260 261 264 265 266 267 270 271 273 274 275 276 277 278 280 281 284 288 290 291 292 293 295 296 298 299 302 303 304 305 306 309 310 311 314 316 317 318 319 320 321 322 327 328 329 330 331 332 333 334 337 338 339 342 343 344 346 347 348 353 354 356 357 358 359 360 361 362 363 366 367 370 373 375 376 377 378 382 383 384 389 390 391 392 393 394 397 398 399 400 401 403 405 407 408 409 410 411 412 414 415 416 417 418 419 421 422 423 424 425 427 428 429 431 433 434 435 438 440 441 442 443 444 445 446 447 448 449 450 451 452 453 454 455 457 458 459 460 461 462 464 465 466 467 468 469 470 471 472 473 474 475 476 477 478 479 481 482 483 484 486 488 489 490 491 492 493 495 496 497 498 499 500 501 502 503 504 505 506 507 508 509 510 511 512 513 514 515 518 519 520 521 523 524 525 526 527 528 529 530 531 532 533 534 535 536 537 540 541 542 543 544 545 546 547 548 549 550 551 552 553 557 558 559 560 561 562 563 564 565 567 568 571 573 574 575 576 577 578 580 582 583 584 585 587 588 589 590 591 592 593 594 595 597 598 599 601 602 604 605 606 607 609 610 611 612 613 614 615 616 620 621 628 629 630 631 632 633 634 635 636 637 638 640 641 644 645 646 647 648 649 650 652 653 654 655 656 658 660 661 664 665 666 667 668 669 670 671 672 673 674 675 676 677 678 680 681 682 683 684 685 686 687 688 689 690 691 694 695 696 698 700 701 702 704 705 706 707 708 709 710 711 712 713 715 716 717 718 719 721 722 723 724 725 726 727 728 729 730 731 733 734 736 737 738 739 740 741 742 743 747 748 749 750 752 753 755 756 757 758 759 760 761 762 763 764 765 766 768 769 770 771 772 773 774 775 776 777 778 779 780 781 782 783 784 785 786 787 788 789 790 791 792 796 797 798 799 800 801 802 803 804 805 806 807 808 809 810 811 812 813 817 818 819 820 821 823 824 825 826 827 833 834 835 836 837 838 840 841 842 844 846 847 848 849 850 851 855 856 858 859 860 862 863 865 868 869 871 872 873 874 875 876 878 884 885 886 887 889 891 893 894 897 898 900 901 902 903 904 905 906 907 908 909 910 911 913 914 915 916 917 918 921 923 924 925 926 928 931 932 933 934 935 936 937 938 940 941 942 943 944 947 948 949 950 951 952 953 954 955 956 958 959 960 961 962 963 964 965 967 968 969 970 971 972 974 975 976 977 978 979 980 981 982 983 985 987 988 990 991 994 997 998 999 1000 1002 1003 1004 1005 1006 1007 1009 1010 1011 1012 1014 1015 1016 1017 1018 1019 1020 1021 1022 1023 1024 0
4 7 10 11 13 14 15 16 18 19 20 21 22 23 25 26 27 28 29 31 32 34 36 37 38 39 40 41 42 43 44 46 47 48 49 51 52 54 57 58 60 61 64 65 67 68 69 70 71 72 73 74 75 76 77 78 80 81 83 84 85 86 87 90 91 92 93 94 95 97 98 99 101 102 103 104 105 106 107 108 109 110 111 112 113 114 115 116 117 118 119 120 121 122 123 124 125 126 127 128 129 130 131 132 133 134 135 136 137 140 141 143 144 145 146 148 150 151 152 155 156 157 158 159 161 162 163 164 165 166 168 170 171 173 174 175 176 177 178 180 182 183 185 186 187 189 190 192 193 194 195 196 198 199 200 201 202 203 204 205 206 208 209 210 212 213 215 216 219 221 222 224 225 228 229 230 231 232 233 234 236 237 238 240 241 242 246 247 249 250 252 253 254 255 256 0
1 4 5 6 7 8 9 10 11 12 13 14 16 18 20 21 22 23 24 25 26 27 28 29 31 34 35 36 37 39 40 41 43 44 45 46 47 48 49 51 52 54 55 56 57 58 59 60 61 62 63 64 66 68 69 70 72 73 74 75 77 79 81 82 84 85 87 89 90 91 92 94 95 97 98 99 100 102 103 104 105 106 107 108 112 113 115 116 117 118 119 120 122 123 124 126 127 129 130 131 132 135 136 137 138 139 140 143 146 147 148 149 151 152 153 154 155 156 158 159 160 161 163 164 165 168 169 171 172 173 174 175 176 177 179 180 181 182 183 184 186 187 188 190 191 192 193 195 196 197 199 200 201 202 204 207 208 210 211 212 214 215 216 217 218 220 221 222 224 227 228 229 230 231 232 233 237 238 240 241 244 245 246 247 249 250 251 252 254 255 256 257 259 261 262 263 264 268 269 270 276 277 278 279 280 281 282 284 285 286 287 290 292 294 295 296 297 298 300 301 302 303 304 305 307 308 310 311 312 313 314 315 316 317 318 319 320 321 322 323 324 325 326 329 330 331 332 334 335 336 337 339 340 342 343 346 348 350 354 355 356 357 358 359 360 361 362 363 364 366 368 369 371 372 373 374 375 376 377 378 380 381 382 383 384 385 386 387 388 389 390 391 392 393 394 396 397 399 400 401 403 405 407 408 410 413 415 416 417 419 420 421 422 423 424 425 426 427 428 429 430 431 432 433 434 435 439 440 441 442 443 445 447 448 449 450 451 452 453 456 459 460 461 462 463 464 465 466 467 469 470 472 474 475 477 478 479 481 482 483 484 485 486 487 488 490 492 493 494 495 496 497 498 499 500 503 504 506 507 508 509 510 0
1 2 4 7 8 11 12 13 14 15 16 17 18 20 23 24 26 28 29 32 33 38 39 40 42 44 46 48 49 51 56 59 61 62 63 64 65 66 69 70 71 72 75 76 77 78 79 80 82 83 84 85 89 90 91 92 94 95 96 97 98 100 101 102 104 108 109 112 113 114 115 116 119 120 121 122 123 124 125 127 128 0
1 6 8 9 10 14 15 16 18 20 21 25 28 0

48
1 2 7 8 9 10 11 13 14 16 17 18 19 21 24 25 26 27 28 29 31 32 34 35 39 42 43 44 45 47 48 50 53 54 55 56 57 58 59 60 64 67 69 71 72 73 74 75 76 77 79 80 82 83 86 87 88 89 90 91 92 95 96 98 100 101 102 103 106 107 108 110 113 115 116 117 118 121 122 123 125 126 128 129 130 131 132 133 134 135 138 140 142 144 146 148 149 151 153 156 157 158 159 160 164 165 166 168 169 170 171 172 173 174 175 176 178 180 181 182 183 184 185 186 187 189 191 192 193 194 197 198 199 200 201 202 203 204 205 207 208 209 210 214 215 216 217 218 219 220 221 222 223 224 226 227 230 231 232 233 234 235 236 237 238 240 241 242 243 245 246 247 248 249 250 251 252 253 254 256 257 258 259 260 261 262 265 266 267 268 269 270 271 272 274 277 278 279 280 281 283 285 286 288 290 291 292 293 295 296 297 299 300 301 302 303 304 306 309 310 312 313 314 316 318 320 322 326 327 328 329 330 332 333 334 335 336 337 338 339 341 342 343 344 345 347 348 351 352 353 354 355 356 357 358 359 360 361 362 363 364 366 367 368 369 371 373 374 375 376 377 378 381 384 385 386 389 390 392 393 394 395 396 397 398 400 402 405 406 407 409 410 411 412 413 414 415 416 417 418 421 422 423 424 425 426 428 430 431 432 433 435 437 438 441 442 443 444 445 447 448 449 450 451 452 454 456 457 458 459 460 461 462 463 464 465 466 467 468 471 472 473 474 475 476 477 478 479 480 482 485 486 487 488 489 490 491 492 493 494 497 498 499 500 501 502 503 504 505 506 507 508 509 510 511 512 518 519 520 521 522 525 527 528 530 534 535 536 537 538 539 540 541 542 543 544 545 546 547 548 551 552 553 554 555 556 557 559 560 561 562 565 567 568 569 571 572 573 574 575 576 578 580 581 582 583 584 585 587 588 589 590 591 592 594 595 598 599 600 601 602 603 606 607 608 609 610 611 613 614 616 617 618 619 620 622 624 625 628 629 630 634 636 640 644 645 646 648 649 650 651 654 656 659 660 661 662 664 666 670 671 672 674 675 676 677 678 679 680 682 683 684 685 687 688 690 691 692 693 694 695 698 699 700 701 703 704 706 707 708 709 710 711 712 713 714 716 718 719 720 721 722 723 724 726 727 728 729 730 731 734 735 736 737 738 739 740 741 747 748 749 750 752 754 755 756 757 758 759 760 761 762 763 764 765 766 768 769 770 772 773 774 775 776 777 778 779 780 781 782 783 784 785 786 788 791 792 793 794 795 796 797 799 800 801 802 807 808 809 810 811 812 818 820 821 823 824 825 826 827 828 829 830 831 833 834 835 836 838 839 841 842 844 846 847 848 850 851 852 853 855 856 857 858 859 860 862 863 864 865 866 868 869 870 871 873 875 876 877 878 881 883 884 885 886 887 888 889 891 892 893 894 895 896 898 899 900 901 906 907 908 909 911 912 914 915 916 917 918 920 922 923 925 926 927 930 931 932 933 934 936 937 938 939 940 941 942 943 945 946 948 949 950 951 952 954 955 956 957 959 960 961 962 963 964 965 966 967 968 969 970 971 975 981 982 985 989 990 991 994 995 996 997 998 999 1003 1004 1005 1006 1007 1009 1012 1015 1016 1017 1018 1019 1020 1021 1022 1023 1024 0
3 5 6 11 12 13 14 15 18 20 22 27 28 31 32 34 35 36 38 39 40 43 46 47 48 49 50 51 52 53 54 55 59 60 61 64 65 68 69 70 71 72 74 75 79 80 81 84 85 86 87 88 90 91 93 94 95 96 97 98 99 100 101 102 103 104 105 106 107 108 109 110 111 112 115 116 117 118 119 120 121 122 123 124 126 127 128 129 130 131 133 134 135 136 139 141 142 144 145 146 148 149 150 151 152 155 156 158 160 161 162 163 167 169 170 171 175 177 178 179 180 181 183 184 187 188 189 190 191 192 195 196 197 198 199 200 201 202 204 205 206 207 208 209 210 211 213 214 215 217 219 221 222 223 225 226 227 228 229 232 233 234 235 236 237 238 241 243 245 246 249 250 252 253 255 256 0
5 6 8 9 10 11 12 13 15 16 17 18 19 20 23 24 25 26 28 29 33 34 35 37 38 39 41 44 45 47 49 50 51 52 56 57 58 59 60 61 62 64 69 71 72 75 77 79 80 81 82 83 84 85 87 88 90 91 92 93 94 95 97 98 99 102 103 104 106 108 109 111 112 113 114 115 116 117 119 120 121 122 123 126 128 129 131 132 133 136 137 138 141 142 143 144 147 148 149 150 151 153 155 156 157 158 160 161 162 163 165 166 167 169 171 172 173 174 178 179 180 181 182 184 185 186 187 188 189 190 191 193 194 196 198 199 200 201 202 203 204 205 206 207 208 210 211 212 214 215 217 218 219 220 221 226 227 228 232 233 235 237 238 239 240 241 242 244 246 247 248 249 250 252 253 254 255 256 257 258 259 260 261 264 265 266 269 271 272 273 274 276 279 280 281 282 283 284 287 289 290 292 293 294 295 296 298 299 300 301 302 303 306 308 309 310 311 312 314 316 317 318 319 320 323 324 326 327 329 331 332 333 334 335 337 338 339 340 341 342 347 348 350 351 353 354 355 362 363 364 366 368 370 371 372 373 374 375 376 379 380 381 382 385 386 387 388 389 390 391 392 393 394 395 397 398 399 400 401 402 405 406 407 410 412 413 414 415 417 419 422 423 428 429 430 431 434 437 438 439 440 441 442 443 445 446 448 449 450 453 454 455 456 457 459 460 461 462 463 464 465 467 468 469 470 471 473 474 475 478 480 481 482 484 486 489 490 493 494 495 496 497 498 499 501 502 504 505 506 507 508 509 510 511 512 0
1 2 3 5 7 9 10 12 15 16 18 19 20 22 23 24 25 26 30 32 33 35 36 37 39 41 42 44 45 47 49 51 53 55 56 57 61 62 64 65 67 73 74 75 76 77 78 79 80 82 83 84 85 87 88 89 90 91 92 93 94 95 96 97 100 101 103 104 105 108 110 112 114 118 120 121 122 123 124 125 126 127 128 0
3 6 9 10 11 13 15 16 17 19 23 25 26 30 31 0

49
1 4 5 6 7 8 9 10 11 12 13 14 16 17 20 21 22 23 24 25 28 30 31 32 33 35 36 37 38 39 40 41 42 44 45 46 47 48 49 50 51 53 54 55 56 57 58 61 62 63 64 65 66 67 69 70 71 72 74 76 77 78 79 80 81 82 84 85 86 87 88 89 91 92 94 95 96 97 98 99 100 101 102 104 105 106 107 111 112 113 114 115 116 117 118 119 120 121 122 123 124 125 126 127 128 129 130 131 132 133 134 135 136 137 139 140 141 142 143 144 146 147 148 149 150 152 153 154 158 159 160 162 163 164 166 168 170 173 174 175 176 177 178 179 180 183 184 187 190 191 192 193 198 199 208 213 214 215 218 223 225 226 227 228 234 235 239 240 243 245 247 248 249 250 251 254 256 257 258 259 260 261 262 263 264 265 266 267 268 269 270 271 273 276 277 278 279 280 281 282 284 286 287 288 289 290 291 293 294 295 296 297 298 299 300 301 302 303 304 305 307 308 309 310 311 312 313 317 318 319 320 321 322 323 324 325 326 327 328 329 330 332 333 334 335 336 337 338 339 340 341 342 343 344 345 346 347 348 349 350 351 352 353 354 355 356 357 358 359 360 362 363 364 367 368 369 370 371 372 373 374 382 383 384 385 386 387 388 389 395 397 398 399 400 401 402 403 404 405 409 411 412 413 414 415 416 418 419 420 421 423 425 426 427 428 429 430 431 432 433 434 435 436 437 439 441 442 443 446 447 448 449 450 451 452 454 457 458 459 460 461 462 464 466 469 470 471 472 473 474 475 476 477 478 479 480 481 482 486 487 488 489 491 493 494 496 497 498 499 500 501 502 503 504 505 506 507 508 509 510 511 512 514 515 516 517 518 519 520 521 522 523 524 525 526 527 528 529 531 532 533 534 535 536 537 539 540 541 542 543 544 545 546 547 548 549 550 551 552 553 554 555 556 557 558 559 560 561 562 563 564 565 566 567 568 569 570 571 572 573 574 575 576 578 581 582 583 584 585 586 587 588 589 590 591 592 593 594 595 596 597 598 599 600 602 603 604 605 606 607 608 609 610 611 612 613 614 615 619 621 622 623 624 625 626 627 628 629 630 634 637 638 639 640 641 642 643 644 645 646 653 654 655 656 657 658 659 660 661 666 667 669 670 671 672 673 674 675 676 677 681 682 683 684 685 686 687 688 690 691 692 693 694 695 696 697 698 699 700 701 702 703 704 705 706 707 708 709 710 711 712 713 714 715 716 717 718 719 720 721 722 723 724 725 726 727 728 729 730 731 732 733 734 736 742 744 746 747 748 749 750 752 753 758 759 763 764 768 770 771 772 773 774 775 776 777 778 779 780 781 782 783 784 787 788 789 790 791 792 795 796 797 798 799 800 802 803 804 805 806 807 808 809 811 812 813 814 815 817 818 819 821 822 824 827 828 829 830 831 832 833 838 842 843 844 845 846 847 848 853 854 855 856 857 858 862 863 864 866 868 869 870 871 873 874 876 877 878 879 880 881 882 883 886 887 888 889 890 891 892 893 894 896 898 899 901 902 904 905 906 908 914 916 917 918 924 926 927 929 934 935 936 937 938 939 942 943 946 947 948 954 955 956 957 958 963 964 965 966 967 968 969 970 971 972 973 974 976 978 979 980 981 982 984 985 986 987 988 989 992 998 999 1000 1001 1003 1004 1005 1006 1009 1010 1011 1012 1013 1014 1015 1016 1018 1019 1020 1021 1022 1023 1024 0
3 4 5 6 10 11 13 15 17 21 23 25 26 28 29 30 32 33 34 36 37 38 39 42 43 44 45 46 50 57 58 59 60 64 65 68 69 72 73 74 75 76 80 83 84 86 88 89 90 91 92 93 94 95 96 98 99 100 101 103 104 107 108 109 110 111 112 124 125 128 129 130 131 132 133 134 135 136 137 138 140 143 144 146 148 149 152 153 155 158 159 160 161 162 163 164 165 166 167 168 170 171 172 173 176 177 184 185 186 192 193 194 195 196 197 198 199 200 201 202 203 204 205 206 207 208 209 211 212 213 214 215 216 219 222 223 224 226 227 228 229 230 232 234 239 240 241 242 243 244 245 246 247 249 250 251 253 256 0
3 4 6 7 9 11 13 16 18 19 20 21 22 23 24 25 26 30 31 33 37 41 42 44 45 47 48 50 51 55 56 59 60 61 64 65 66 67 71 72 73 74 75 76 77 79 82 85 86 88 89 90 91 92 93 94 95 98 99 103 104 105 106 110 111 112 114 115 116 118 119 120 121 123 125 126 127 128 129 130 131 132 134 136 139 140 141 143 146 147 148 149 150 151 154 155 158 160 166 167 168 169 170 171 172 173 177 179 180 181 182 183 184 186 193 194 200 201 203 204 206 207 208 209 211 212 213 215 218 219 220 222 223 225 226 227 231 232 233 235 236 237 238 239 241 242 243 245 246 247 248 252 254 256 257 258 260 261 264 265 266 267 269 270 271 275 276 277 279 280 282 283 284 286 287 291 293 296 298 300 302 303 304 305 307 309 310 311 312 314 316 317 320 321 322 324 327 330 331 332 333 336 338 339 340 343 344 345 348 349 350 351 352 355 356 357 358 359 360 361 362 363 365 367 370 371 372 373 374 377 380 381 383 385 386 387 388 389 390 392 395 396 399 400 402 404 406 407 408 409 411 412 414 415 417 418 420 421 422 424 426 427 428 430 432 433 434 435 436 437 438 440 442 443 444 447 448 449 451 452 453 454 455 456 457 458 459 460 461 462 466 467 468 469 470 471 472 473 475 477 478 479 481 482 483 489 490 491 496 498 499 500 512 0
1 2 3 4 5 8 9 10 11 12 14 15 16 17 21 22 25 27 28 29 30 32 34 36 37 38 39 45 46 48 49 50 52 53 55 56 57 58 59 60 61 62 63 64 65 66 69 70 71 72 73 76 77 80 81 83 85 86 87 89 90 91 93 95 97 102 109 110 111 112 113 114 115 119 120 122 126 127 128 0
1 3 5 10 11 13 14 17 18 19 22 23 24 26 27 29 30 0

50
1 2 3 4 6 7 8 10 11 12 13 16 17 20 24 26 27 28 33 34 40 41 42 43 44 47 49 50 53 56 57 58 59 62 63 65 67 69 70 71 72 73 74 76 77 78 79 83 84 86 87 89 91 93 94 95 96 97 98 99 100 101 102 103 107 108 110 111 112 113 115 116 117 121 124 125 126 127 128 129 130 132 134 135 136 137 138 140 141 142 143 144 145 147 148 150 152 153 154 155 158 160 163 166 167 169 170 172 174 175 178 179 180 181 184 186 187 188 189 191 193 194 197 201 202 203 204 206 207 209 211 212 214 215 216 217 218 219 220 222 225 226 227 228 229 230 231 233 235 236 237 238 239 240 241 242 243 245 246 251 252 253 255 256 257 258 259 260 261 262 263 264 265 266 267 268 269 270 271 273 276 277 278 279 280 281 285 286 287 288 289 291 292 293 294 296 297 300 301 302 303 305 306 307 308 309 310 311 312 317 318 321 323 324 326 327 328 333 338 340 341 342 343 344 345 346 348 349 352 353 354 355 356 357 358 359 360 361 362 363 364 365 368 369 370 371 372 373 374 376 377 378 379 380 383 384 385 386 387 388 389 392 396 399 400 402 403 404 409 411 412 413 415 416 417 418 419 420 422 423 425 426 427 428 429 434 437 438 439 440 441 443 444 448 449 450 451 454 455 456 457 458 460 461 462 466 468 470 471 472 473 474 481 484 486 487 488 489 490 491 496 497 498 499 500 501 503 504 505 506 507 508 509 510 511 512 513 514 516 518 519 522 525 526 527 528 530 531 532 533 534 535 536 540 541 542 544 545 546 547 548 549 550 551 552 556 557 558 561 563 565 566 567 572 573 576 577 578 579 580 581 582 583 584 585 587 588 593 594 595 597 598 600 601 602 604 608 611 613 614 616 617 618 619 620 623 624 625 626 627 628 636 639 640 641 642 643 644 645 646 647 648 649 652 654 655 656 658 659 660 661 662 663 664 665 666 667 669 670 671 672 674 675 676 678 680 681 683 688 690 691 693 694 696 697 699 700 701 706 708 709 710 711 712 714 716 717 721 722 723 724 725 726 727 728 729 730 731 732 733 737 741 742 747 752 753 756 757 758 761 762 768 770 771 772 773 774 775 776 777 781 782 783 784 786 787 788 789 790 796 797 798 800 801 802 803 806 807 811 813 816 817 819 820 821 822 823 824 825 827 828 829 834 836 837 840 841 842 843 850 851 852 853 854 855 856 857 858 860 866 867 868 869 870 871 872 873 874 875 876 881 882 888 891 892 893 894 896 897 898 899 900 901 902 903 904 905 906 907 908 909 910 915 917 918 919 920 921 922 925 928 930 931 932 934 935 936 938 939 940 941 942 943 944 946 947 948 949 950 951 952 953 954 955 958 959 964 965 966 967 968 969 970 971 972 975 976 977 979 980 981 982 983 984 985 986 987 988 989 992 994 995 996 999 1000 1001 1007 1008 1009 1010 1011 1012 1013 1014 1015 1016 1017 1018 1019 1020 1021 1022 1023 1024 0
2 3 5 7 9 13 16 18 19 20 22 23 24 25 26 27 28 29 31 32 33 35 38 42 44 45 46 47 48 51 52 53 56 57 58 59 61 62 63 64 65 66 70 71 72 73 77 78 80 81 82 83 84 85 87 89 90 91 93 94 95 96 97 98 102 103 105 106 107 108 109 110 111 112 113 114 116 117 118 119 120 121 122 123 124 125 128 129 130 131 132 133 134 135 137 142 145 147 148 149 150 152 153 154 159 160 161 162 163 164 165 166 167 170 171 175 176 177 178 179 180 181 182 184 185 186 187 188 189 190 191 193 194 195 196 198 199 200 201 202 203 205 206 207 208 209 210 211 213 214 216 217 220 226 227 228 229 230 231 233 234 235 236 237 241 242 243 246 247 249 250 251 253 254 255 256 0
1 2 3 4 5 7 8 12 13 14 16 17 18 20 23 24 25 26 27 28 29 30 33 34 37 39 40 41 42 43 44 45 47 50 51 52 53 56 58 59 60 61 63 64 66 67 68 69 71 72 73 74 77 78 80 81 82 84 87 89 91 92 93 94 97 98 100 102 104 105 106 107 110 111 112 113 114 115 117 118 120 124 125 128 129 130 132 133 136 140 144 146 147 148 149 150 152 153 155 156 157 158 161 162 163 169 173 174 176 178 179 181 182 183 184 186 187 188 189 192 193 196 198 201 202 204 205 206 207 209 210 211 212 214 216 217 219 220 223 224 226 228 230 231 232 233 235 236 237 239 242 243 245 246 252 256 257 258 260 261 262 263 266 267 268 271 273 274 275 278 280 281 282 284 288 289 291 292 293 294 296 297 298 299 300 302 304 309 310 311 312 314 315 317 318 319 320 324 325 326 327 328 331 334 336 337 338 339 340 342 343 345 347 350 351 353 354 357 358 359 360 363 365 366 368 370 372 373 374 377 378 379 381 382 383 384 385 386 387 388 389 391 392 395 396 397 400 401 404 405 406 408 412 413 414 417 418 419 420 421 422 424 426 427 430 433 434 436 437 438 439 443 444 445 447 449 451 452 455 456 457 458 459 460 461 462 464 465 466 468 469 471 476 479 481 482 483 484 485 486 487 489 490 491 492 493 495 496 498 499 500 501 503 507 508 509 511 512 0
1 2 5 8 13 14 16 17 18 19 20 21 22 23 24 28 29 30 31 32 33 34 36 38 39 41 43 46 47 49 50 51 52 53 54 56 59 60 62 64 66 68 69 73 74 75 76 77 78 79 80 82 87 89 90 92 93 94 95 98 100 101 102 106 107 109 110 111 112 114 115 116 117 118 119 120 124 126 127 0
2 4 6 11 12 14 16 18 20 30 0

51
1 4 5 7 8 11 12 13 17 18 23 24 29 30 32 34 39 40 43 44 47 48 49 51 52 53 54 55 57 62 63 64 65 66 67 68 69 72 73 74 77 78 80 81 86 89 92 93 95 97 98 99 102 105 106 108 109 112 113 117 118 120 122 123 124 125 128 131 135 136 137 138 139 140 141 144 145 146 149 151 152 153 154 155 156 157 158 160 161 162 163 165 167 169 170 171 173 174 176 178 180 181 182 183 184 188 189 190 191 192 195 197 199 200 201 206 207 208 209 210 213 214 215 218 220 224 229 231 236 240 242 246 251 255 256 259 260 261 262 264 265 266 268 271 274 275 277 278 279 284 285 286 287 288 289 292 293 294 295 297 298 299 300 301 302 303 304 306 307 308 317 318 319 320 322 323 327 330 331 332 334 336 337 339 340 341 344 345 346 347 353 354 355 356 357 358 360 361 368 369 370 371 372 374 375 376 377 378 380 381 382 383 384 386 387 388 389 390 391 392 393 394 395 396 397 398 399 400 403 404 405 407 408 409 410 411 412 413 415 416 417 418 419 421 422 423 424 425 426 427 431 432 433 434 435 436 441 443 444 445 446 447 448 450 452 456 457 458 459 460 461 462 463 464 467 468 469 470 472 473 474 475 480 481 483 485 486 488 489 491 492 493 495 496 497 498 499 500 501 502 503 504 505 507 508 509 510 511 512 513 514 515 518 519 520 521 522 523 524 525 526 529 530 531 532 533 534 535 538 539 540 541 542 543 544 545 546 547 548 549 550 553 554 555 556 557 558 559 560 567 569 570 571 572 573 574 575 576 580 581 582 583 584 585 586 587 588 589 590 591 592 593 594 595 596 597 598 599 600 601 602 603 606 607 608 610 611 612 615 616 617 618 619 620 624 625 626 627 628 629 630 631 632 633 634 635 636 637 639 640 641 642 643 644 645 646 647 648 649 650 651 652 653 655 656 657 658 659 660 661 662 663 664 665 666 667 668 669 670 671 672 673 674 675 677 678 679 680 681 682 683 684 685 686 687 688 689 690 691 696 697 698 699 700 701 702 703 704 705 706 707 708 709 712 713 714 715 719 720 721 724 725 729 730 731 732 734 735 736 737 738 739 740 741 745 746 747 748 749 750 751 752 753 754 758 759 760 761 762 763 764 765 768 771 772 773 774 775 778 779 780 781 782 784 785 786 787 788 789 794 795 798 799 800 801 802 803 809 810 811 812 813 814 815 817 820 821 822 823 824 825 826 827 828 829 830 831 832 833 834 835 836 837 838 839 840 841 846 847 848 849 850 851 852 854 859 860 861 862 863 864 873 874 875 876 877 878 879 884 885 886 887 888 889 890 891 892 898 899 900 901 902 903 904 905 906 907 913 914 915 916 917 918 919 925 926 927 928 929 930 931 932 933 934 935 936 937 938 939 940 941 942 943 944 945 946 947 948 949 950 951 955 964 965 969 976 977 978 979 987 988 989 990 991 992 993 994 995 996 997 998 1002 1003 1004 1005 1006 1007 1008 1009 1010 1011 1012 1013 1014 1018 1019 1020 1021 1022 1023 1024 0
1 2 3 6 8 11 12 19 20 24 25 28 29 31 32 33 34 36 37 38 39 41 42 44 48 50 51 52 53 54 55 59 60 65 66 69 71 73 75 76 77 80 81 82 86 87 88 91 92 93 94 96 97 98 100 101 102 103 105 110 113 114 116 118 119 121 122 126 127 128 129 130 131 132 133 134 135 136 141 143 145 146 147 148 153 154 155 157 158 159 160 161 162 163 166 168 169 170 171 172 173 174 175 177 179 180 182 183 184 185 187 192 193 194 195 196 197 198 201 202 203 204 205 206 207 208 209 210 211 212 214 215 216 220 221 222 224 225 226 227 228 230 233 234 236 239 240 241 242 243 244 246 247 248 250 251 252 0
2 3 6 10 11 15 16 20 21 23 24 25 26 29 30 31 32 33 34 35 36 38 39 41 42 53 56 59 60 61 66 67 69 70 71 72 73 75 76 77 79 81 82 85 86 88 91 92 93 94 95 97 98 102 103 104 106 107 108 111 112 114 115 116 117 119 120 121 123 125 126 127 129 130 131 132 133 135 136 137 138 139 141 142 143 148 149 150 153 154 156 157 158 160 161 164 166 167 169 170 171 172 173 174 175 177 180 183 184 185 186 187 190 191 193 194 195 196 197 199 200 201 202 203 205 206 207 208 212 215 216 217 221 222 226 229 230 231 232 233 234 236 237 239 240 241 244 246 247 248 249 250 252 256 257 259 260 261 263 264 265 266 267 269 272 273 275 276 277 278 279 280 281 282 284 285 288 289 291 292 293 294 295 298 299 301 302 304 307 309 310 313 314 315 316 318 319 323 324 325 326 327 329 330 332 334 335 336 341 343 344 345 346 347 348 349 350 351 352 356 357 358 360 361 368 370 371 372 375 376 377 379 380 382 383 384 385 386 387 388 389 390 391 392 394 395 396 399 400 401 402 403 405 406 408 411 413 414 415 416 417 418 420 421 422 423 424 425 426 427 428 435 436 440 441 442 443 448 449 450 451 453 454 455 456 458 459 460 461 462 463 465 466 468 469 472 473 474 476 477 478 480 481 484 485 486 488 490 491 492 493 494 495 496 499 504 505 506 507 508 509 512 0
1 4 5 6 8 9 10 11 12 13 15 16 17 18 20 21 23 24 26 27 28 29 30 32 33 34 36 37 45 48 49 50 53 56 58 60 63 65 66 67 69 71 73 74 75 77 78 79 80 81 85 86 87 88 89 90 91 93 95 97 99 100 102 103 104 105 106 107 108 109 110 111 112 114 115 117 118 120 126 0
2 3 6 7 12 14 16 17 18 19 22 23 24 27 28 32 0

52
1 2 3 5 6 7 8 9 10 11 12 13 14 15 16 17 18 19 20 21 22 23 24 25 26 29 32 33 34 35 36 37 38 39 40 41 42 43 46 47 48 49 50 52 53 54 55 56 57 58 60 61 63 64 65 67 68 69 70 71 72 73 74 75 76 77 78 80 81 83 84 85 87 88 90 91 92 93 94 95 96 97 99 101 102 103 104 106 107 108 109 110 111 112 113 114 115 117 119 121 122 123 124 127 128 129 130 131 132 133 134 135 136 137 138 139 142 143 144 145 146 147 148 149 150 151 152 153 154 155 156 157 158 159 160 162 163 164 165 166 167 168 169 170 171 172 173 174 176 177 178 179 180 181 182 183 184 186 187 188 189 190 191 192 193 194 198 199 200 202 203 205 206 207 208 210 211 212 213 214 215 216 218 220 222 223 224 225 226 227 228 229 230 231 232 235 236 237 238 239 241 242 243 244 245 246 247 248 249 250 251 252 253 254 256 257 258 259 260 261 262 263 264 265 266 267 268 269 270 271 272 273 275 277 278 279 280 281 282 283 284 285 286 287 288 289 290 291 292 293 294 295 296 297 298 299 300 301 302 303 304 305 306 307 308 309 310 311 312 313 314 315 316 317 318 319 320 321 322 323 324 325 326 327 328 331 332 333 334 335 336 337 338 339 340 342 343 344 347 348 349 350 351 352 353 354 355 356 357 358 359 360 362 363 365 366 367 368 369 370 371 372 373 374 377 378 379 380 382 383 384 385 386 387 388 389 390 391 393 394 395 396 397 399 401 402 403 404 405 406 407 408 409 410 411 416 417 418 419 420 421 422 423 424 425 426 427 428 430 431 432 433 434 435 436 437 438 439 440 441 442 443 444 445 446 447 448 449 450 451 452 453 454 455 456 457 458 459 460 461 462 463 465 466 467 468 469 470 471 472 473 475 476 477 479 480 482 483 484 485 486 488 489 490 491 493 494 495 496 497 498 499 500 501 502 503 504 505 506 507 508 509 510 511 512 513 514 515 516 517 519 520 521 522 523 524 525 526 527 528 529 530 531 532 533 535 539 541 542 543 544 545 546 547 549 551 552 553 554 557 558 559 560 561 562 563 564 565 566 567 568 569 570 572 573 574 575 576 577 579 580 581 582 583 584 585 586 587 588 590 591 592 595 596 597 598 599 600 602 603 604 605 606 607 608 609 611 612 613 615 616 617 618 619 620 621 622 623 624 627 628 630 632 633 634 635 636 637 638 639 640 641 642 643 644 645 646 647 648 649 650 654 655 656 657 658 659 660 661 662 663 664 665 666 667 668 669 670 671 672 673 674 675 676 678 679 680 681 682 683 684 685 686 688 689 690 691 692 693 694 695 696 697 698 699 700 701 702 706 709 710 711 713 714 717 718 719 720 721 722 723 724 725 726 727 728 729 730 732 733 734 735 736 738 739 740 741 742 743 744 745 746 747 748 749 750 751 752 754 755 756 757 758 759 760 761 762 763 764 765 766 767 768 769 770 771 772 773 774 775 776 777 778 779 780 781 782 783 784 785 786 791 792 793 794 795 797 798 799 800 801 803 804 805 806 807 808 809 810 811 812 813 814 815 816 817 818 819 820 821 822 823 824 825 826 827 828 829 830 831 832 835 836 837 838 839 840 841 842 843 844 845 846 847 848 849 850 851 852 855 858 860 862 863 864 865 866 867 868 869 870 875 876 877 878 879 880 882 883 884 885 886 887 888 889 891 892 893 894 896 897 898 899 900 901 902 903 905 909 910 911 912 913 914 915 916 917 918 919 920 921 922 923 924 925 926 927 928 929 930 931 932 933 934 936 937 938 939 941 944 945 946 947 948 949 950 951 952 953 954 955 956 959 960 961 962 963 964 965 966 967 968 969 970 971 972 974 975 976 978 979 980 981 982 983 985 987 988 989 990 991 993 994 996 999 1000 1001 1002 1003 1004 1005 1006 1007 1011 1012 1014 1015 1016 1017 1018 1019 1020 1021 1022 1024 0
1 2 3 4 5 6 7 8 9 10 11 14 15 16 17 18 20 21 23 24 25 27 28 29 30 32 33 34 36 37 38 39 40 41 42 43 44 47 48 49 51 53 56 58 59 60 61 62 63 64 65 66 67 68 69 70 71 72 73 74 75 76 77 78 79 80 81 82 83 84 85 86 87 88 89 90 91 93 94 95 96 98 99 100 101 102 103 104 105 106 107 108 109 110 111 112 113 114 115 117 118 120 121 122 123 124 125 126 127 128 129 130 131 132 133 134 136 137 138 139 140 141 144 145 147 148 149 150 151 152 153 154 156 160 161 162 164 165 166 167 169 170 171 172 173 174 175 176 177 178 179 181 182 183 184 185 186 187 188 190 191 193 194 196 197 199 200 201 202 203 204 205 207 208 210 211 212 213 214 215 216 217 218 219 220 221 222 224 225 226 227 228 229 230 232 233 234 235 236 237 238 239 240 245 246 247 248 249 250 251 252 254 255 256 0
1 2 3 4 5 6 7 8 9 10 11 12 13 14 15 16 18 19 21 22 23 24 25 28 29 32 33 34 35 38 39 40 41 42 43 44 45 49 50 53 55 56 57 58 59 60 62 63 64 65 66 67 68 70 71 72 73 74 75 76 77 78 79 81 82 83 87 88 89 90 91 92 93 96 97 102 103 107 108 109 110 111 112 113 114 116 118 119 121 122 123 124 125 126 127 128 129 130 131 132 134 135 136 137 139 141 142 143 144 145 147 149 152 153 154 156 158 160 161 166 168 169 170 171 172 173 174 175 176 177 180 182 183 185 186 187 188 189 190 191 194 195 197 198 199 200 202 203 204 205 206 207 208 209 210 211 212 213 214 215 216 218 219 221 222 223 224 225 227 228 229 231 232 234 235 236 237 239 240 241 244 245 248 249 250 251 252 254 255 256 257 259 261 262 264 266 267 268 270 271 272 273 274 276 277 278 281 282 283 285 286 287 288 290 291 292 293 295 296 297 298 299 301 303 305 306 311 313 314 315 316 317 318 319 321 323 324 325 326 327 328 330 331 332 333 334 335 336 338 339 340 343 345 347 349 350 352 353 355 358 360 361 364 365 366 367 368 369 370 371 373 375 377 381 382 383 384 385 386 387 388 389 390 391 392 393 394 395 396 397 401 403 404 405 406 407 408 409 410 411 412 416 417 418 420 421 422 423 424 425 426 427 428 429 431 432 433 434 435 436 437 438 439 440 441 442 443 444 445 446 447 448 449 450 452 453 454 455 457 458 459 460 461 462 463 464 467 468 469 471 474 475 477 478 480 481 482 483 486 488 489 490 491 492 493 494 495 496 497 498 499 500 501 502 504 505 506 509 512 0
1 2 3 4 5 6 7 8 10 11 13 15 16 17 18 19 21 22 23 25 26 28 29 30 31 32 33 34 35 36 41 43 44 45 47 49 50 51 53 55 56 57 59 60 63 64 65 67 68 69 70 71 73 74 77 82 83 84 87 88 89 90 91 95 96 97 98 100 102 103 104 110 111 112 113 114 115 116 117 118 119 121 125 126 127 0
1 2 3 8 11 13 14 15 16 19 21 22 26 27 28 0

53
1 2 4 5 6 9 10 13 17 18 19 20 21 22 27 29 32 34 37 38 39 41 44 45 48 49 50 51 53 54 55 56 57 58 60 62 63 64 65 66 67 69 70 71 72 73 74 75 76 78 79 80 81 82 84 85 86 87 88 89 90 91 92 93 94 95 96 97 100 101 102 103 104 105 106 107 108 109 110 112 113 115 116 117 118 119 120 121 122 123 124 125 126 127 128 131 132 133 134 135 136 137 138 139 140 141 142 144 146 147 148 149 151 152 153 154 155 156 158 159 160 161 162 163 165 166 167 168 169 170 171 172 175 177 178 182 183 185 186 187 188 189 191 192 193 194 197 198 199 200 201 202 203 204 205 206 208 209 212 213 214 216 217 218 219 220 221 225 226 228 230 232 233 234 235 236 239 242 243 244 245 246 248 249 250 251 252 253 254 257 258 259 261 262 263 266 267 270 273 274 275 276 278 279 280 282 283 284 286 287 288 289 290 291 293 294 295 297 298 299 300 301 302 303 304 305 308 309 310 311 312 313 314 315 318 319 320 321 325 326 327 328 329 330 331 332 333 334 335 336 337 338 339 340 341 342 343 344 345 346 347 350 351 352 353 354 355 356 357 358 359 360 361 362 363 364 367 368 370 371 372 373 374 375 376 377 378 379 380 381 383 384 386 387 388 389 391 392 393 394 395 396 397 399 400 402 403 404 405 407 408 410 411 412 413 420 421 423 426 427 428 429 430 431 432 433 434 435 436 437 438 439 440 441 442 443 444 445 446 447 448 449 450 451 452 453 454 455 456 457 458 459 460 461 462 463 464 465 467 468 469 470 471 472 473 474 475 476 477 478 479 480 481 483 484 485 486 487 489 490 491 492 493 494 495 498 499 500 501 502 503 504 505 506 507 508 509 510 512 514 515 516 518 519 520 521 522 523 524 525 528 529 530 531 532 534 535 536 537 538 539 540 542 543 544 546 547 550 554 555 556 557 558 559 560 561 565 566 567 568 569 571 572 573 574 575 576 577 579 580 581 582 583 585 586 587 588 589 590 591 592 593 594 596 597 598 599 600 601 602 603 604 605 606 607 608 610 612 613 614 615 616 617 618 619 620 623 624 625 626 627 628 629 630 631 632 633 634 635 636 637 639 640 641 642 643 644 646 647 648 649 650 651 652 653 655 656 657 659 660 661 662 663 664 665 666 667 668 671 672 673 675 676 677 678 679 680 681 682 683 684 685 686 687 688 689 690 692 693 694 696 697 698 699 701 702 703 704 705 706 707 709 710 711 712 717 718 719 720 722 723 727 728 729 730 731 732 733 734 735 736 737 738 739 740 741 742 744 745 746 747 748 749 750 752 753 755 759 760 761 762 763 764 765 766 768 769 770 771 774 775 776 777 778 779 780 784 787 788 789 790 791 792 793 794 795 796 797 798 799 800 804 805 807 808 810 811 812 813 814 815 817 818 819 820 821 822 824 825 827 829 830 831 832 833 835 836 837 839 840 841 842 843 844 846 847 848 849 850 853 854 855 856 857 859 862 863 864 865 866 869 870 871 876 878 879 881 882 883 884 885 886 887 888 889 890 891 892 895 896 897 899 900 901 902 903 904 905 906 907 908 909 911 912 915 916 917 918 919 920 921 922 923 924 925 926 927 928 929 930 931 932 933 934 935 936 937 938 939 940 941 945 946 949 950 951 954 955 956 957 958 961 962 964 965 966 967 968 969 970 971 972 974 975 976 977 978 979 984 985 986 988 989 993 994 995 996 997 998 1000 1001 1003 1004 1005 1006 1009 1010 1011 1012 1013 1014 1015 1016 1017 1018 1019 1020 1021 1022 1023 1024 0
1 3 4 5 6 8 10 12 13 14 15 17 18 19 21 22 23 27 32 34 36 37 39 42 44 45 46 47 48 51 52 53 54 60 61 64 66 67 68 69 70 71 73 74 75 76 77 78 81 82 83 85 86 87 89 90 91 92 94 95 96 97 98 99 101 102 105 106 107 108 109 110 112 113 114 115 116 117 118 121 123 126 128 129 130 131 132 133 134 135 136 142 143 145 146 147 148 149 150 153 155 157 159 161 162 163 164 165 166 167 168 169 170 171 172 173 174 176 179 181 182 184 185 187 188 189 190 192 194 195 196 197 198 201 202 203 204 205 206 207 208 209 210 211 212 213 214 215 216 217 218 219 222 223 224 225 227 228 229 230 231 233 234 235 237 238 239 240 241 242 243 244 245 246 247 248 249 250 251 252 255 256 0
1 2 4 5 6 9 10 11 12 13 14 21 23 24 26 27 28 29 30 31 32 33 34 36 37 38 41 42 43 44 45 46 50 52 55 58 59 60 61 64 66 68 70 71 72 73 77 78 80 81 82 83 85 88 91 92 94 95 97 99 100 101 103 105 106 107 108 109 111 113 115 116 117 122 123 126 128 129 132 133 134 135 136 137 138 140 141 143 145 147 148 149 150 152 153 154 155 156 157 159 161 162 164 166 169 171 172 173 174 175 177 178 179 180 184 186 187 188 189 191 193 195 198 199 200 201 202 203 204 206 207 208 209 211 214 215 216 218 219 220 221 222 224 225 226 227 232 233 234 237 238 239 240 241 242 245 247 249 251 252 253 254 255 256 257 258 259 260 261 262 264 265 266 267 269 270 273 274 276 277 280 281 283 285 287 288 289 290 291 293 295 297 299 300 301 302 303 304 307 309 310 311 315 316 318 320 323 324 325 326 327 329 330 336 337 338 339 340 341 342 343 345 347 348 349 350 352 353 354 355 356 357 359 362 363 364 365 366 367 368 370 371 372 373 374 375 377 378 379 380 381 382 383 385 386 387 388 389 392 395 396 397 399 400 401 402 403 404 405 407 408 412 413 414 419 422 426 427 430 432 433 434 436 437 438 439 440 442 444 445 446 447 448 449 451 454 455 456 458 459 460 461 462 467 468 469 472 473 476 482 483 484 486 487 488 489 490 491 492 493 494 497 498 500 501 502 503 505 506 507 508 509 510 511 0
2 3 4 7 8 10 13 14 15 18 19 20 23 25 32 35 36 38 42 45 47 48 49 50 51 53 54 56 57 58 59 60 61 62 64 65 67 69 71 73 76 77 78 79 82 83 86 87 88 89 90 95 96 98 99 100 101 102 105 107 109 110 111 112 114 117 118 120 122 124 126 127 128 0
1 3 4 5 6 9 16 17 20 22 25 31 0

54
1 2 4 6 7 8 9 10 11 12 13 14 16 17 18 20 21 22 23 24 25 26 28 29 31 32 34 37 38 39 42 43 45 48 49 50 52 53 56 57 58 59 60 61 63 64 66 68 69 70 71 72 73 75 76 77 78 79 80 81 82 83 84 86 87 89 90 91 92 93 96 97 98 99 100 101 102 103 104 105 106 107 108 109 112 113 114 115 116 117 118 119 120 121 122 123 124 125 126 127 129 131 133 134 138 139 142 143 144 149 150 152 153 154 155 156 157 158 160 165 166 167 168 169 170 171 172 173 174 175 176 177 178 180 181 182 183 184 185 186 187 188 189 190 191 192 193 194 196 197 198 199 200 201 202 203 204 205 207 208 209 211 212 213 216 217 218 219 220 221 222 223 224 225 226 227 228 229 230 233 234 235 236 237 238 239 240 241 242 243 244 245 246 247 248 249 250 251 252 253 254 255 256 257 258 259 260 261 262 263 265 267 268 269 271 272 274 275 276 277 278 280 281 282 283 284 285 286 287 288 290 291 292 293 294 295 296 298 301 302 303 304 306 309 310 313 314 315 319 320 323 324 325 326 327 328 329 330 331 332 335 336 338 340 342 343 344 345 346 349 350 351 352 355 356 357 358 359 360 361 362 363 364 365 366 368 371 372 373 374 375 376 377 378 379 380 381 382 384 386 387 388 389 390 391 392 393 394 395 396 397 399 400 401 402 405 406 407 408 409 410 411 412 414 415 416 417 418 419 421 422 425 427 428 429 430 431 432 433 434 435 436 437 438 440 441 442 443 444 445 446 447 448 449 450 451 452 453 454 456 457 458 459 460 461 462 463 464 465 466 467 468 469 470 471 473 474 476 477 478 479 480 482 483 484 485 486 487 489 490 491 492 495 496 497 498 499 500 501 502 503 504 505 506 507 508 509 510 511 512 515 516 517 518 519 520 521 522 523 524 525 526 528 529 530 531 532 533 534 535 536 537 538 539 540 541 542 543 544 545 546 547 548 549 550 551 552 558 559 560 561 562 563 564 565 567 568 569 570 571 575 576 577 578 579 581 582 583 584 585 587 588 589 590 591 592 596 597 598 599 601 602 603 604 606 607 608 611 612 613 614 616 617 618 619 620 621 623 624 627 628 629 631 632 633 634 635 636 637 638 640 641 642 643 644 645 649 650 651 652 656 657 659 660 661 662 663 664 665 666 667 668 669 671 672 673 675 676 677 678 679 680 681 682 683 684 685 687 688 689 690 691 692 693 694 696 697 698 699 700 701 702 703 704 705 706 708 709 710 711 713 714 717 719 720 722 723 724 725 726 727 728 729 730 731 732 734 735 736 738 739 740 741 742 743 744 745 746 748 749 750 751 752 754 755 756 757 758 759 760 761 762 763 764 765 766 767 768 770 771 772 773 774 775 776 777 778 779 780 781 782 783 785 786 787 790 791 792 793 796 797 798 799 800 801 805 806 814 815 816 818 819 821 822 823 824 825 826 827 828 830 831 832 833 834 835 837 838 840 841 842 843 845 847 848 851 854 855 856 857 858 859 860 861 863 864 866 867 868 869 870 871 873 874 875 876 877 879 880 883 886 887 888 889 890 891 892 893 894 897 898 899 900 901 902 903 904 905 906 907 908 909 910 911 912 913 914 915 916 917 918 919 920 921 922 923 924 926 928 929 930 932 933 935 936 937 938 939 943 944 945 946 947 948 949 950 951 952 953 954 955 956 957 958 960 961 962 963 964 966 967 968 969 970 971 972 973 974 975 976 978 979 982 983 984 985 986 987 989 990 991 992 994 995 996 997 998 999 1000 1001 1002 1003 1004 1005 1006 1007 1009 1010 1011 1012 1013 1014 1017 1018 1019 1021 1022 1023 1024 0
3 4 5 6 7 8 10 11 12 13 17 20 23 25 26 27 28 29 33 34 35 37 38 39 40 43 44 45 47 50 51 52 54 55 56 57 60 61 62 65 66 67 68 70 71 72 73 74 75 77 78 79 81 82 83 84 86 87 89 90 91 92 93 94 95 96 97 98 99 100 101 102 103 104 105 106 107 108 109 110 111 113 114 115 116 118 119 120 121 122 123 124 126 127 128 129 130 131 132 133 134 135 136 139 140 141 143 144 145 148 149 150 151 153 154 155 156 158 160 161 162 163 165 166 168 171 174 175 177 178 179 180 181 182 183 184 186 187 188 189 190 191 192 194 195 196 197 198 200 201 202 203 204 205 207 208 209 210 211 212 214 215 216 217 218 220 221 224 228 229 230 231 232 233 234 235 236 237 238 243 244 245 246 247 248 249 253 254 255 256 0
4 5 6 7 8 9 11 12 13 14 16 18 19 20 24 25 26 27 28 29 30 32 34 35 36 37 38 43 44 45 46 47 48 49 50 51 52 53 56 57 58 59 60 61 62 63 64 66 67 69 70 71 72 74 75 76 78 81 82 83 85 87 88 89 90 92 93 94 95 97 100 101 102 103 104 106 108 109 110 111 112 114 116 117 118 119 121 122 123 125 126 127 128 129 131 132 134 135 137 138 142 143 145 146 147 148 149 150 151 152 154 155 156 157 158 159 160 161 162 163 164 166 167 168 169 171 172 173 175 176 179 180 181 182 183 185 186 187 189 190 192 193 194 195 196 197 198 199 200 201 202 204 206 207 208 210 211 212 213 214 215 216 217 218 219 220 221 223 227 228 229 232 234 235 236 237 238 240 241 242 245 246 247 248 249 250 251 252 253 254 255 256 257 258 259 262 263 265 267 269 272 273 274 278 279 280 281 282 283 287 289 291 292 294 297 298 299 300 301 303 305 306 308 309 310 311 312 315 316 317 318 319 320 321 322 323 324 325 326 328 329 332 334 335 337 338 339 340 341 342 344 345 346 347 349 350 351 352 353 354 355 356 361 362 363 364 365 366 368 369 370 371 372 373 374 376 377 378 379 380 381 382 383 385 386 387 388 389 390 391 392 393 394 396 397 398 399 400 401 403 404 405 406 407 408 409 410 411 413 414 415 416 417 419 420 421 422 424 427 428 430 431 432 437 438 439 440 441 443 445 446 448 449 451 452 453 456 457 458 459 460 461 462 463 464 465 466 467 468 469 470 471 472 474 479 480 482 484 487 489 492 493 494 496 498 499 501 502 503 504 505 506 507 508 509 510 511 512 0
1 2 3 4 5 6 7 8 9 10 11 12 14 17 19 21 22 24 27 28 29 30 32 33 40 42 43 45 46 47 48 49 51 52 53 56 57 58 59 61 64 65 68 71 72 73 74 75 77 78 79 80 82 83 84 85 88 89 90 94 95 96 98 99 100 102 104 105 107 109 112 116 118 119 120 121 122 123 124 127 0
1 2 4 6 9 10 13 15 16 19 21 23 24 25 29 30 31 32 0

55
1 2 3 4 5 6 7 8 10 11 13 17 18 19 20 21 23 24 25 28 31 32 33 34 35 40 41 42 43 44 45 48 51 52 53 54 55 56 60 61 63 65 67 68 69 71 72 73 74 76 77 78 80 83 84 85 87 88 89 90 91 92 93 94 97 98 99 100 103 104 105 106 107 108 113 114 115 117 118 120 121 122 123 124 125 126 127 129 130 134 135 136 137 138 139 141 142 143 144 145 147 148 149 153 154 155 157 158 159 160 163 164 165 167 169 170 173 174 175 176 177 181 182 185 186 187 188 189 190 191 193 194 195 196 197 201 202 203 204 205 206 207 211 214 215 217 218 220 221 222 223 225 226 231 235 237 238 239 241 244 245 246 247 248 249 252 253 254 255 256 257 259 261 262 263 265 266 267 269 270 271 273 274 275 276 277 279 280 281 282 284 288 289 290 291 292 294 295 296 297 300 301 302 303 304 306 307 308 309 310 311 312 313 314 315 316 318 319 320 321 322 323 324 325 327 328 329 330 332 334 335 336 337 338 340 341 342 343 344 345 346 347 348 349 350 351 352 353 357 358 359 360 361 362 363 366 367 369 371 374 375 376 377 378 379 380 381 382 384 387 389 390 391 392 393 394 395 397 400 402 403 404 405 408 409 410 411 412 413 415 416 418 419 422 423 424 425 426 428 432 434 435 437 438 439 441 442 443 444 448 449 450 451 452 454 455 456 457 458 459 467 468 470 473 474 475 476 477 481 482 483 484 485 488 489 490 491 492 493 495 496 497 498 499 500 501 502 503 504 505 506 507 508 509 510 511 512 513 514 515 516 518 519 520 521 522 523 524 525 526 527 528 530 532 534 535 536 539 540 541 542 543 544 546 547 548 554 557 559 560 561 562 563 568 569 572 573 575 576 578 579 580 583 584 585 586 587 588 589 590 591 592 595 597 598 599 600 601 602 603 604 606 607 608 614 615 616 617 618 619 622 623 624 627 629 630 631 632 633 634 635 637 638 640 642 643 644 645 647 648 649 650 655 656 657 658 659 660 661 662 664 665 666 671 672 673 674 677 679 681 682 684 687 688 689 690 693 695 696 698 704 705 706 707 708 710 712 713 719 720 721 722 723 724 727 728 730 731 732 735 736 738 739 740 743 744 745 746 747 748 749 754 755 762 763 764 765 767 768 769 770 771 772 774 775 776 777 778 779 780 781 782 783 784 785 786 788 789 790 796 797 798 799 800 801 802 803 804 806 807 808 809 810 811 812 813 816 818 819 820 821 822 823 824 825 826 827 828 829 831 832 833 834 835 838 839 840 841 842 843 844 845 848 850 852 853 854 855 856 857 858 859 860 861 864 868 871 872 873 874 875 876 877 878 879 883 884 888 889 891 892 895 898 899 900 902 904 905 906 907 908 909 911 912 913 914 916 917 919 922 923 927 928 929 930 933 937 938 939 940 942 943 944 945 946 947 950 951 952 953 954 961 962 963 966 967 968 969 975 976 977 978 979 980 983 984 985 987 988 992 993 995 998 999 1000 1001 1009 1010 1011 1012 1013 1014 1015 1016 1017 1018 1019 1020 1021 0
3 4 5 6 7 8 13 14 18 20 21 23 25 26 30 31 32 35 36 38 39 40 42 45 46 47 48 50 52 53 54 55 57 59 63 64 65 67 68 69 73 75 76 77 78 79 80 82 83 84 85 86 89 90 91 92 93 94 95 96 97 99 100 101 102 103 104 106 109 110 111 112 113 115 116 117 118 119 120 127 128 129 130 131 132 135 136 140 141 142 147 148 150 153 154 155 156 157 158 161 162 163 165 167 168 169 170 171 173 174 175 177 178 179 181 182 183 184 186 187 188 191 192 193 195 196 197 198 199 202 203 205 206 207 209 210 211 212 213 215 218 219 221 222 223 224 225 226 227 228 229 230 231 232 233 235 236 237 238 239 240 241 243 244 245 248 249 250 251 254 0
3 4 5 6 7 10 12 14 15 17 18 24 25 26 27 28 30 31 32 33 35 36 37 39 41 42 45 47 48 49 50 51 52 53 54 55 57 58 59 61 62 63 64 66 67 69 70 71 72 73 74 75 76 81 83 84 86 87 89 90 91 94 96 98 99 101 102 103 104 105 106 108 109 110 111 112 114 116 117 118 119 120 121 122 123 124 125 127 128 133 134 136 137 138 139 140 141 142 143 146 147 148 150 152 155 157 159 161 162 165 166 168 169 171 173 174 175 177 178 180 181 184 188 189 190 191 192 193 195 196 197 199 200 201 202 203 206 207 208 209 210 211 214 215 217 218 219 220 221 223 224 225 226 227 228 230 232 233 234 235 236 237 239 240 242 243 244 245 247 248 249 252 253 254 255 256 258 259 261 263 264 265 266 268 269 270 271 272 273 274 276 278 280 281 283 284 285 286 287 288 289 292 293 294 295 296 297 298 302 303 304 305 306 307 308 309 310 311 312 319 320 321 323 324 325 326 327 330 331 336 337 340 341 342 346 347 348 349 350 351 352 353 355 357 358 359 361 364 367 368 370 374 375 376 378 379 381 383 385 386 387 388 389 390 391 392 394 395 396 398 399 400 401 403 404 405 407 408 410 412 413 414 417 420 421 423 424 427 428 432 433 435 437 438 439 440 442 443 445 446 447 448 449 450 451 452 453 455 456 457 458 459 460 462 463 465 466 468 469 470 472 473 474 476 477 478 480 481 482 484 485 486 487 488 489 492 493 494 496 497 498 500 501 502 503 504 506 507 508 509 510 511 512 0
1 2 3 4 9 12 13 17 18 22 23 24 25 26 29 31 32 34 36 37 39 41 42 43 45 47 49 50 51 54 55 56 57 58 59 60 62 63 64 65 66 67 68 69 70 71 72 73 74 77 83 86 87 89 90 91 93 95 96 97 101 103 105 107 109 110 111 112 113 114 115 116 117 119 120 122 124 127 128 0
1 2 3 7 10 13 14 15 16 18 19 21 22 23 26 27 28 32 0

56
1 4 5 6 7 9 10 11 13 14 16 17 18 23 24 25 26 27 28 29 31 32 34 35 36 37 38 39 40 41 43 44 46 47 48 49 50 52 53 54 55 56 57 58 59 60 61 62 63 65 66 67 68 69 70 71 72 73 74 75 76 77 78 79 80 81 82 83 84 85 86 87 88 89 90 91 92 93 94 96 97 98 99 100 101 102 103 104 105 106 107 108 109 110 111 112 113 114 115 116 117 118 119 120 121 122 123 124 125 126 127 128 129 130 131 132 133 134 135 136 137 138 139 140 141 142 143 144 145 146 147 148 149 150 151 152 153 154 155 156 157 158 159 160 161 162 163 164 165 166 167 168 169 170 171 172 173 174 175 177 178 179 180 181 182 183 184 185 186 187 188 189 190 193 195 197 198 199 200 201 202 203 204 205 206 207 208 209 210 214 215 217 218 219 220 221 222 225 226 229 230 231 232 233 234 235 238 239 240 241 243 244 245 246 247 248 249 253 254 255 256 257 258 259 260 261 262 263 264 265 266 267 268 269 270 271 272 273 274 275 276 277 280 281 282 284 285 286 288 289 290 291 293 294 295 296 297 298 299 300 301 302 303 304 305 306 307 308 309 310 311 312 313 314 315 316 317 318 319 320 321 322 323 324 325 326 327 328 329 330 331 332 333 334 335 336 337 338 340 341 342 343 344 345 346 347 348 349 350 351 352 353 354 355 356 357 358 360 361 362 363 364 365 366 367 368 369 370 371 372 373 374 375 376 378 379 380 381 382 383 384 385 386 387 388 389 390 391 392 393 394 395 396 397 398 399 400 401 402 403 404 405 406 407 408 409 410 411 412 413 414 415 416 417 418 419 420 421 422 423 424 425 426 427 428 429 430 431 433 434 435 436 438 439 440 442 443 444 445 446 447 449 450 453 454 458 459 460 461 462 463 464 465 466 467 469 470 471 472 473 474 475 476 477 478 479 480 481 482 483 484 485 486 487 488 489 490 491 492 493 494 495 496 497 498 499 500 501 502 503 504 505 506 507 508 509 510 511 512 513 514 515 518 521 524 525 526 528 529 530 532 533 534 535 536 537 538 539 540 541 542 543 544 545 547 548 549 550 551 552 554 555 556 557 558 559 560 561 562 563 564 565 566 567 568 569 570 571 573 574 575 576 578 579 580 581 583 584 585 586 587 588 589 590 591 593 594 595 596 597 598 599 600 601 602 603 604 605 606 608 609 610 611 612 613 614 615 616 617 618 619 620 621 622 624 625 626 627 628 629 630 631 632 633 634 635 636 637 638 639 640 641 642 643 644 645 646 647 648 649 650 651 652 653 654 655 656 657 658 659 660 661 662 663 664 665 666 667 668 669 670 671 672 674 675 676 677 678 679 680 681 682 683 684 685 686 687 689 690 691 692 693 694 695 696 697 698 699 700 701 702 703 704 705 707 708 709 710 711 712 713 714 715 716 717 718 719 720 722 723 724 725 726 728 730 731 732 733 734 735 736 738 739 740 741 742 743 744 745 746 747 748 749 750 751 752 753 754 755 756 757 758 759 760 763 765 766 767 768 769 770 771 772 777 778 779 780 781 782 783 784 788 789 790 791 792 793 794 795 796 797 798 799 800 801 803 804 805 806 807 808 809 810 811 812 813 814 816 817 818 819 820 821 822 823 824 825 826 827 828 829 830 831 832 833 834 835 836 837 838 839 840 841 842 843 844 845 846 847 848 849 850 851 852 853 854 855 856 857 858 859 860 861 862 863 864 865 866 868 869 870 871 872 873 874 875 876 877 880 881 882 883 884 885 886 887 889 890 891 892 893 895 896 897 898 899 900 901 902 904 906 908 909 911 913 914 915 917 918 919 920 921 922 923 924 925 926 927 928 929 930 931 932 933 934 935 936 937 938 939 940 941 942 944 945 946 947 948 949 950 951 952 953 954 955 956 957 958 959 961 962 963 964 965 966 967 968 969 970 971 973 974 975 976 977 978 979 980 981 982 983 984 985 986 987 988 989 991 992 993 995 996 997 998 999 1000 1001 1002 1003 1005 1006 1007 1008 1009 1010 1011 1012 1013 1014 1015 1016 1017 1018 1021 1022 1023 1024 0
1 2 5 6 8 9 11 12 13 14 15 16 17 18 20 22 23 24 25 26 27 29 30 31 32 33 34 35 36 37 38 40 41 42 43 44 45 46 47 48 49 50 51 52 54 55 56 57 58 59 60 61 63 64 65 66 67 68 69 70 71 75 76 77 78 79 80 81 82 83 84 85 86 87 88 89 90 91 92 93 94 95 96 97 98 99 100 101 102 103 104 105 106 107 109 110 111 112 113 114 115 116 117 118 119 120 121 122 123 124 125 126 127 128 129 130 131 133 135 136 137 138 139 140 141 142 143 144 146 147 148 149 150 151 152 153 154 155 156 157 158 159 160 161 163 166 167 168 169 171 172 173 174 175 176 177 178 179 180 181 182 183 184 185 188 189 190 191 192 193 194 195 196 197 198 200 201 202 203 204 205 206 207 208 209 211 212 213 214 216 218 219 220 223 225 226 228 229 231 232 233 235 236 237 238 239 240 241 242 243 244 245 246 247 248 249 250 251 252 253 254 255 256 0
1 2 3 5 6 8 9 14 15 16 17 19 20 21 23 29 31 33 34 35 36 37 38 40 42 43 44 45 46 47 48 49 50 51 52 53 54 56 57 58 59 60 61 62 64 65 66 67 68 69 70 73 74 77 78 79 80 81 83 84 85 86 87 88 90 91 92 93 94 95 96 98 99 100 101 103 105 106 107 109 110 111 112 113 115 118 119 121 122 123 125 126 128 129 132 133 134 135 136 137 138 139 140 141 142 143 144 145 146 147 149 150 151 152 154 155 156 158 159 160 162 163 164 165 166 167 168 169 171 172 173 174 175 176 178 179 180 181 182 184 185 187 188 190 192 193 194 195 196 197 198 199 200 201 202 203 204 205 208 209 210 211 212 213 214 215 216 217 218 219 220 224 225 226 227 228 229 230 231 233 234 235 237 238 239 241 242 243 244 245 246 247 248 250 251 252 253 254 255 256 257 258 259 260 261 262 263 264 265 266 267 269 270 271 272 273 274 276 277 278 279 280 281 282 283 284 285 286 287 289 290 291 292 293 295 296 297 298 299 301 302 303 304 305 307 309 310 311 312 314 315 316 317 319 320 321 322 323 324 325 326 327 328 329 330 333 334 335 336 338 339 340 341 342 343 344 345 346 348 349 350 351 352 353 354 355 357 358 360 361 362 363 364 365 367 368 369 370 371 372 373 375 377 378 379 380 381 382 383 385 386 387 388 389 391 392 393 394 395 397 398 399 400 401 402 403 404 405 406 408 409 412 413 414 415 417 418 419 420 422 427 428 429 430 433 434 435 436 438 439 440 441 443 444 445 447 448 449 450 451 452 453 454 455 456 457 458 459 460 461 462 463 464 465 466 467 468 469 470 471 472 473 474 475 476 477 479 480 481 482 483 485 487 489 490 491 492 494 495 497 498 499 500 501 502 504 505 507 508 510 511 512 0
1 2 3 4 5 6 7 8 9 10 11 12 13 14 15 16 17 18 19 20 22 23 24 25 27 29 30 31 32 34 35 36 37 38 40 41 42 43 46 47 48 50 51 52 53 54 55 56 57 58 60 62 63 64 65 66 67 70 71 72 73 74 75 76 77 78 79 80 81 82 83 84 85 86 88 89 91 92 93 94 96 97 98 99 100 101 102 103 104 105 107 109 110 111 112 113 114 115 116 117 118 119 120 122 123 124 126 0
1 3 6 7 8 9 12 13 14 15 18 20 21 22 24 25 26 27 28 29 31 32 0

57
1 4 6 7 8 9 10 11 13 14 15 16 21 22 23 24 25 26 28 29 30 31 32 37 38 39 40 41 46 48 49 50 52 53 54 55 56 57 59 60 61 62 63 65 66 67 69 70 71 72 75 76 77 78 79 81 88 89 90 91 94 95 100 101 102 105 106 110 112 114 115 116 117 118 120 121 122 124 125 126 128 129 130 131 132 135 137 138 139 140 141 144 145 146 150 152 155 157 161 166 167 169 170 171 172 173 175 177 181 182 183 187 188 189 190 191 192 198 199 200 201 202 203 204 205 206 207 208 211 212 213 214 215 216 217 218 219 220 221 222 224 226 227 228 229 234 235 237 238 240 241 242 243 244 246 248 249 251 253 256 259 260 261 262 263 264 265 266 267 268 269 270 274 275 276 277 278 284 285 286 287 288 290 291 292 293 295 296 297 298 299 300 301 302 304 307 308 309 312 316 323 324 326 327 328 329 331 332 337 342 343 344 345 346 347 349 352 354 357 358 359 360 361 363 365 368 370 373 374 375 376 378 379 383 384 388 389 390 391 393 394 395 397 398 399 400 401 403 404 405 406 410 411 412 414 415 416 417 419 420 423 424 427 430 433 434 435 436 437 439 440 441 442 443 448 449 450 451 453 455 456 457 461 462 464 465 466 469 470 471 472 473 474 475 479 480 481 484 485 486 487 488 489 490 491 494 495 496 497 498 499 500 501 502 503 504 505 506 507 508 509 510 511 512 513 514 517 524 525 527 528 529 530 531 532 533 538 539 540 541 542 543 544 545 546 547 548 553 554 555 556 557 558 559 560 563 564 567 568 571 572 573 579 580 581 582 583 586 587 588 589 593 594 595 600 601 603 605 608 609 610 611 615 616 619 623 624 628 629 630 631 632 633 634 636 637 638 639 640 646 647 649 650 651 654 655 656 659 662 663 664 665 666 667 668 670 671 672 674 675 677 679 680 681 682 683 684 685 686 687 689 690 691 693 694 695 696 697 698 699 700 702 704 705 706 707 708 709 710 711 712 713 714 715 718 719 720 721 722 727 728 729 730 735 736 744 745 746 751 752 756 757 759 760 761 766 767 768 769 770 771 772 773 778 779 780 781 782 783 784 785 786 787 793 794 795 799 801 802 803 809 810 811 814 815 816 823 824 825 826 829 830 831 836 840 841 843 844 845 846 849 850 851 854 855 856 859 864 865 866 867 870 872 873 874 875 876 877 879 880 884 887 889 890 891 893 894 895 899 904 905 906 907 908 910 911 912 914 915 919 920 921 923 924 925 927 930 931 932 933 934 935 936 937 938 939 940 941 942 944 950 951 952 953 954 955 956 958 959 960 961 962 963 964 965 966 967 968 969 970 971 972 973 975 976 977 978 979 984 985 986 992 999 1000 1001 1002 1003 1007 1008 1009 1010 1011 1012 1013 1014 1015 1016 1017 1018 1019 1020 1021 1023 1024 0
2 6 7 8 10 12 13 14 17 18 19 22 24 27 28 29 31 32 33 34 35 36 38 41 43 44 46 47 51 52 53 54 55 56 57 58 59 61 62 63 65 66 68 69 72 75 76 77 79 80 81 82 83 84 86 88 90 93 94 95 97 98 100 101 102 105 107 109 110 111 112 113 114 115 116 117 118 119 121 122 124 125 128 129 130 131 132 133 134 135 136 140 141 145 146 147 148 149 150 151 152 158 159 160 161 162 163 164 165 166 167 169 172 173 177 181 182 183 184 185 186 187 188 189 190 191 192 193 194 195 196 197 200 201 204 205 207 208 209 210 211 212 213 214 215 216 217 218 219 220 222 224 225 226 228 229 231 232 233 236 239 240 241 242 243 246 247 249 251 253 254 255 0
1 2 3 4 5 6 10 11 12 13 15 17 18 21 23 25 26 27 28 29 30 35 36 37 39 41 42 43 44 45 46 51 52 53 54 55 58 59 60 61 62 63 64 65 66 67 68 69 70 71 73 76 77 78 79 80 82 83 84 85 86 87 91 93 95 98 100 101 106 108 110 113 115 116 117 118 119 120 123 124 125 126 127 129 134 136 137 138 139 140 141 142 143 144 145 146 147 148 149 150 151 152 153 155 156 157 159 160 165 169 170 171 172 173 174 176 177 180 181 182 183 186 192 193 199 200 201 202 203 204 205 206 207 208 209 210 211 213 216 217 218 219 220 221 222 224 226 229 230 231 232 233 234 235 236 238 239 240 242 245 248 249 250 253 255 256 257 259 260 264 266 267 268 269 270 271 272 273 275 276 277 279 280 281 282 283 284 285 287 288 289 291 293 296 297 299 300 302 304 306 307 308 310 311 312 317 319 323 325 326 327 331 332 333 334 335 337 339 340 345 346 349 351 353 354 355 356 358 359 360 365 366 367 368 369 372 373 374 375 377 378 379 380 381 382 383 385 386 387 388 389 390 391 392 394 395 396 398 399 401 402 404 405 406 407 408 409 410 412 413 415 416 419 420 421 422 424 428 429 430 431 433 436 438 439 446 449 451 453 456 458 459 460 461 462 463 464 465 468 469 471 479 484 485 486 487 489 491 492 493 494 495 496 497 504 506 507 508 509 510 511 512 0
1 4 5 8 9 16 18 19 22 24 25 27 28 31 32 34 35 37 38 39 40 41 42 43 44 46 47 49 51 54 56 57 58 59 60 61 65 67 68 69 70 72 73 74 77 85 86 87 91 92 94 95 96 97 100 102 106 107 109 110 111 112 115 117 118 119 124 126 127 0
1 6 7 12 18 19 20 29 30 31 0

58
1 2 3 4 5 7 8 9 12 13 14 15 17 20 21 22 23 26 28 29 30 32 33 39 42 43 44 45 48 49 50 52 53 55 56 57 58 59 61 62 64 65 66 67 68 69 70 71 72 73 74 75 76 77 80 81 82 83 84 85 86 88 89 91 94 95 98 99 100 101 102 103 104 105 106 109 111 112 113 114 115 117 119 120 121 123 124 125 128 129 130 131 132 133 134 135 136 137 138 139 140 142 143 144 145 146 147 148 149 150 151 152 153 154 155 156 157 159 160 161 162 163 164 165 166 167 168 169 170 171 172 173 174 175 176 177 178 179 180 181 182 183 184 185 186 187 188 189 190 191 192 193 194 195 196 197 198 199 200 201 202 203 204 206 207 208 209 210 212 213 214 215 216 217 218 219 220 221 222 223 224 225 226 228 229 231 232 233 234 235 236 238 239 240 241 242 243 244 245 246 247 248 255 256 257 259 260 261 262 263 264 265 266 267 268 269 270 271 272 273 274 275 276 277 278 280 282 286 289 290 291 292 293 296 297 298 302 304 305 306 307 308 309 310 311 312 313 314 315 316 318 319 320 321 322 323 324 325 327 328 329 330 331 332 334 335 337 338 339 340 341 342 344 345 346 347 348 349 352 353 355 357 358 359 360 361 362 363 365 366 369 370 372 373 374 375 377 378 380 381 382 383 384 385 386 387 388 389 390 391 392 393 396 397 398 399 400 401 403 404 405 406 407 408 409 410 412 413 415 416 417 418 419 420 421 422 423 424 425 427 428 429 430 431 432 433 434 435 436 437 439 440 441 442 443 444 445 446 448 449 450 451 452 453 454 455 456 457 458 459 460 461 462 463 464 465 466 467 468 469 470 471 472 474 475 476 478 479 480 481 482 483 488 489 490 491 492 494 495 496 497 498 499 500 501 502 503 504 505 506 507 508 509 510 511 512 514 515 516 517 518 519 520 521 523 524 525 526 528 529 530 531 532 533 535 536 541 542 544 545 546 547 548 549 551 553 557 558 560 561 567 568 569 570 571 574 575 576 577 580 581 582 583 584 585 586 590 591 592 593 594 595 596 597 598 599 600 601 602 603 604 605 606 609 610 611 612 613 614 615 616 617 618 619 620 621 624 625 626 629 631 632 633 634 637 639 640 641 642 644 645 646 647 648 649 650 651 652 653 654 655 656 657 658 659 661 662 665 666 667 668 669 670 671 672 673 674 676 677 679 680 681 685 686 687 688 689 690 691 692 693 694 695 696 697 698 699 700 701 702 703 704 705 706 707 708 709 710 711 712 713 714 715 716 718 719 720 721 723 724 725 726 727 728 729 730 731 732 733 734 736 737 738 739 740 741 742 744 745 746 747 748 749 750 752 753 754 756 757 759 760 761 763 768 769 770 771 772 773 774 775 776 777 779 780 781 782 783 784 785 786 787 789 790 791 792 793 794 795 796 797 798 799 800 801 807 808 809 810 811 813 814 815 816 817 818 819 820 821 822 824 825 826 827 829 830 831 832 833 834 835 836 837 838 839 840 841 842 846 847 848 849 850 854 856 858 859 860 861 864 865 866 867 868 869 870 871 872 873 874 875 876 877 879 880 881 882 883 884 885 886 888 889 890 892 893 895 896 897 899 900 901 902 903 904 905 907 909 910 911 913 914 915 916 917 918 919 920 921 923 924 925 926 927 928 929 930 931 932 933 934 935 936 937 938 939 940 941 942 943 945 947 948 949 950 952 953 954 955 958 959 960 961 962 963 964 965 966 967 968 969 970 971 972 973 974 975 976 977 978 979 981 982 983 984 985 986 987 988 989 990 992 993 994 995 996 997 998 999 1000 1001 1002 1003 1004 1005 1006 1007 1008 1009 1010 1011 1012 1013 1014 1015 1016 1017 1018 1019 1020 1021 1022 1023 1024 0
1 3 4 5 6 8 9 10 11 12 13 14 15 16 17 18 19 20 21 22 27 28 29 30 31 32 34 35 37 39 41 42 44 46 47 49 51 52 53 54 55 56 57 58 59 60 61 62 63 64 65 66 68 69 70 71 73 74 75 77 78 79 81 82 83 84 85 86 89 91 92 93 94 95 96 98 99 100 101 102 103 105 106 107 108 109 111 112 113 114 116 117 119 120 121 122 123 124 125 128 129 130 131 132 133 134 135 136 137 138 139 140 141 142 143 144 145 146 148 149 150 151 153 155 156 157 158 160 161 163 165 166 168 169 170 171 172 173 174 175 176 178 180 181 182 185 186 187 188 189 190 191 192 193 194 195 196 197 198 199 200 201 202 203 204 205 206 207 209 210 211 214 215 217 218 219 220 221 222 224 226 227 228 230 231 232 233 234 235 236 237 238 239 240 241 242 243 244 245 246 247 248 249 250 251 252 253 254 255 256 0
2 3 5 6 7 8 9 10 11 12 13 14 15 16 17 18 19 20 21 26 28 29 32 34 37 38 39 41 44 46 48 50 51 52 53 55 56 58 59 60 61 62 63 64 65 66 67 68 69 70 71 72 73 75 80 82 83 84 86 88 91 92 93 94 95 97 98 99 100 101 102 103 105 107 109 112 113 114 115 116 117 120 121 122 124 125 126 127 129 130 131 132 133 135 136 137 138 139 140 141 145 146 148 149 150 152 160 161 163 165 168 170 171 174 175 177 178 179 182 183 184 186 187 188 189 190 191 192 195 196 199 200 201 202 203 204 205 208 209 210 211 212 213 214 215 216 217 218 219 221 222 224 225 226 227 228 230 231 232 233 234 235 237 238 240 241 242 243 244 245 249 254 255 256 257 258 259 260 264 265 266 268 271 272 274 275 276 277 279 280 281 282 283 284 285 288 289 290 291 292 293 294 296 297 298 299 300 301 303 304 305 307 308 310 311 312 313 315 317 319 320 321 323 324 327 329 330 337 338 339 340 341 343 345 348 349 350 352 353 354 357 358 359 361 362 363 364 365 367 368 369 370 373 376 377 378 379 380 381 383 384 385 386 387 388 389 390 392 393 394 396 397 398 399 400 401 405 406 408 409 410 411 412 413 417 419 420 423 424 427 428 429 430 431 432 433 434 436 437 438 439 440 441 442 443 444 445 446 447 449 450 452 453 454 456 457 458 460 461 462 464 465 466 470 471 472 474 475 476 479 480 482 483 488 489 490 491 493 494 496 497 498 500 501 502 503 504 505 506 507 508 509 510 511 512 0
1 2 4 5 6 7 8 9 10 11 15 17 18 19 21 22 23 24 25 29 30 31 32 34 36 37 39 40 41 42 43 44 46 47 50 51 52 53 54 56 57 58 59 60 61 62 65 67 68 69 70 73 74 75 77 78 79 80 82 83 84 85 86 87 88 89 90 92 93 94 95 96 97 98 101 103 104 105 106 108 111 112 113 114 115 116 120 121 122 125 127 128 0
2 5 6 8 9 10 14 15 19 22 23 25 28 31 0

59
2 3 5 6 7 8 9 10 11 13 14 16 18 20 21 22 23 24 25 26 27 31 32 33 35 37 39 41 42 44 45 46 47 48 49 50 52 53 54 55 58 59 60 61 62 66 68 70 71 72 74 75 76 77 78 79 80 81 85 86 87 89 90 91 93 94 95 96 97 99 100 101 102 103 104 105 106 107 109 110 111 112 113 114 117 118 121 124 125 126 128 129 130 136 137 139 140 141 142 143 144 145 147 148 150 151 152 153 154 155 156 157 159 160 164 165 166 167 168 169 170 171 172 173 174 175 176 178 179 181 182 183 184 187 190 192 193 194 195 197 198 199 200 201 202 204 206 207 209 210 212 213 214 215 217 218 219 220 222 223 224 225 226 227 228 229 230 231 233 235 236 237 238 239 240 241 242 243 244 245 246 247 248 249 250 251 252 253 254 255 257 259 260 261 262 264 265 266 267 268 269 271 274 277 279 280 281 282 283 285 286 287 288 289 290 291 293 294 295 297 298 300 301 302 303 304 306 307 308 309 310 311 312 313 314 315 316 317 318 319 320 322 323 324 326 327 328 329 330 331 332 333 334 335 336 337 338 339 340 342 343 344 345 346 347 348 349 350 351 352 353 354 355 357 358 359 360 361 362 363 365 367 368 369 372 373 374 375 376 377 378 379 380 383 384 385 391 393 394 395 396 399 400 401 403 404 405 406 407 408 409 410 411 412 413 414 415 416 417 420 425 426 427 428 429 430 431 432 433 434 435 436 437 438 440 441 442 443 444 445 446 447 448 449 451 452 453 454 456 457 458 459 461 462 464 465 467 469 470 471 472 473 474 475 476 477 478 479 480 481 482 483 484 485 486 487 489 492 493 494 495 496 497 498 499 500 501 502 503 504 505 506 507 508 509 510 511 512 513 514 517 518 519 520 521 522 525 526 527 528 529 533 534 535 536 537 538 541 542 543 544 546 549 550 551 552 553 558 559 560 562 563 565 566 567 568 573 574 575 577 578 579 580 581 584 585 586 588 589 590 591 592 593 594 596 597 598 599 600 601 602 604 606 607 608 610 612 613 614 616 617 618 621 622 623 624 629 630 631 632 633 634 635 637 639 640 646 647 648 649 650 651 652 655 656 657 658 662 663 664 665 666 667 668 670 671 672 673 674 675 676 677 678 679 680 681 682 683 684 685 686 687 688 689 690 692 693 694 695 699 701 702 703 704 705 709 710 711 712 714 717 718 719 720 721 722 723 724 725 726 727 728 729 730 731 732 733 735 736 737 739 740 741 742 744 745 746 747 748 749 750 751 752 753 754 755 756 758 759 760 761 763 764 765 766 767 768 769 770 773 774 775 776 777 778 779 780 781 782 783 784 786 788 789 790 791 792 793 797 798 799 801 802 810 813 816 817 818 819 821 822 823 824 825 827 828 833 834 835 837 839 840 841 842 844 845 846 847 848 849 850 851 852 853 854 855 856 861 862 863 866 867 868 869 871 873 878 879 880 884 885 889 890 891 892 894 895 896 898 899 902 903 904 905 906 907 909 911 912 913 914 915 918 919 920 921 922 925 926 927 928 929 930 931 932 933 934 935 936 937 939 940 941 942 943 944 945 946 947 948 949 951 952 953 954 955 956 957 958 959 960 962 963 964 965 966 967 969 970 971 973 974 975 976 978 979 980 981 982 983 984 985 986 987 988 989 990 991 992 993 994 995 996 997 998 1000 1001 1002 1003 1004 1005 1006 1007 1008 1009 1010 1011 1012 1013 1014 1015 1016 1017 1018 1019 1020 1021 1022 1023 1024 0
3 4 5 6 8 9 10 11 13 16 18 20 21 22 23 24 26 27 28 29 30 31 32 35 36 37 39 40 41 44 45 46 47 48 49 50 55 56 59 60 62 64 65 66 67 68 70 72 75 76 77 78 79 80 81 82 83 84 88 89 90 91 92 93 95 97 98 99 100 101 102 103 104 105 106 107 109 110 111 112 113 114 116 117 119 120 121 122 123 124 125 126 127 128 129 130 131 132 133 134 135 136 137 138 139 140 141 142 143 147 148 149 150 152 153 154 155 156 157 158 159 160 161 162 166 167 169 171 173 174 175 176 177 178 180 181 182 184 185 186 187 188 189 190 191 192 193 194 195 196 197 198 199 200 205 206 207 208 209 210 211 212 213 215 216 217 220 221 222 223 224 225 226 227 228 229 231 232 233 234 235 237 238 239 240 241 242 243 244 245 246 247 248 249 250 251 252 253 254 255 256 0
1 2 3 4 5 6 7 9 10 11 12 13 14 15 16 18 19 20 21 22 23 25 27 28 29 30 31 32 33 34 35 36 37 38 40 41 43 44 45 46 47 48 49 50 51 52 53 54 55 56 57 58 60 61 62 63 67 69 70 72 73 76 78 80 81 83 85 86 87 88 89 91 93 94 95 96 97 98 99 100 101 102 104 107 108 109 110 111 112 113 114 115 116 117 119 120 122 124 125 126 129 131 132 133 135 136 137 142 143 145 146 147 149 154 155 156 160 161 162 166 167 168 169 170 171 172 174 175 176 177 179 180 181 182 183 185 186 188 189 190 191 192 194 195 196 198 199 200 202 203 206 207 208 209 211 212 214 215 216 217 218 219 220 222 223 225 227 228 230 231 232 234 235 236 238 239 241 242 243 244 245 246 247 248 250 253 254 255 256 258 259 262 263 264 265 266 267 270 271 272 273 275 276 277 283 284 285 286 287 288 289 290 291 293 294 295 296 297 299 300 303 304 305 306 308 309 310 312 313 314 315 316 317 319 321 322 323 324 325 326 329 331 336 337 341 343 346 347 348 349 350 351 352 353 355 356 360 363 364 365 366 367 369 370 371 372 373 376 377 378 379 380 381 382 383 384 385 386 387 388 389 390 391 392 393 395 396 397 398 401 402 404 405 406 408 409 411 413 415 416 417 419 420 421 422 425 426 427 429 430 431 432 433 435 437 438 440 441 442 443 444 445 446 448 449 453 456 457 459 460 461 462 463 465 467 468 470 472 473 474 479 480 481 482 483 485 486 489 492 493 496 499 500 501 502 503 504 506 511 512 0
1 2 4 5 6 8 9 11 12 14 15 16 17 20 21 22 26 27 28 29 30 31 32 36 38 39 40 41 42 45 46 48 52 53 54 55 56 57 60 62 63 64 65 67 70 72 73 74 75 76 79 80 82 83 85 88 89 90 93 94 95 99 100 102 103 104 105 106 107 109 110 111 112 113 116 117 118 120 121 122 124 126 127 0
1 2 6 8 9 10 12 13 16 20 21 22 23 25 26 27 29 30 32 0

60
1 2 3 4 5 6 7 9 10 15 17 18 19 20 21 22 23 24 25 26 27 28 29 31 32 33 34 35 36 37 38 40 41 42 43 44 46 47 48 49 51 52 53 54 55 56 58 59 60 61 62 63 64 65 68 69 70 71 72 75 76 77 80 81 82 84 85 86 87 88 90 92 93 100 101 103 104 108 109 111 113 114 116 117 118 120 121 122 123 124 125 126 127 129 132 133 139 140 141 142 143 144 145 146 147 148 149 150 151 153 154 155 156 157 158 160 161 163 165 166 167 168 169 170 171 176 177 180 181 182 186 187 188 193 195 197 198 199 201 202 205 206 207 208 211 212 213 214 217 220 221 223 227 228 229 235 237 238 241 245 246 248 249 250 252 253 257 258 259 260 261 262 263 264 265 266 267 268 269 270 271 272 273 274 275 276 278 279 280 282 283 284 285 286 287 288 289 290 291 292 293 294 295 296 298 301 302 303 304 305 308 309 310 311 312 313 317 318 319 320 321 323 324 325 326 327 328 329 330 331 334 336 339 340 341 342 343 344 346 347 348 349 351 352 353 356 357 358 359 360 361 362 363 365 366 367 369 371 372 373 374 375 376 377 378 379 381 385 389 390 391 392 395 397 400 402 403 405 407 408 409 410 411 412 413 414 415 416 417 418 421 422 423 425 427 428 430 431 432 437 438 439 440 441 442 443 445 446 450 452 453 456 457 458 459 460 461 462 464 465 466 467 468 469 470 472 473 474 475 476 477 478 479 480 482 483 484 485 486 487 488 489 490 491 492 493 494 495 496 497 498 499 500 501 502 503 504 505 506 507 508 509 510 511 512 513 514 515 516 517 518 519 523 524 528 529 530 531 532 533 534 535 540 541 544 545 546 547 548 549 550 551 552 554 559 560 561 562 563 564 565 567 570 571 575 576 577 579 580 582 583 584 586 587 588 589 590 591 592 593 594 596 597 598 599 600 603 604 606 607 608 609 610 612 613 614 615 619 620 621 622 625 626 628 629 631 632 635 636 637 641 642 644 645 646 647 648 649 651 652 653 654 656 657 658 659 660 661 663 664 665 666 669 670 671 672 674 677 678 679 680 681 682 686 687 688 689 690 692 693 694 697 702 703 704 705 706 709 710 713 714 715 719 720 721 725 726 731 736 737 738 739 740 741 742 743 744 745 746 749 750 751 752 754 755 757 758 759 760 761 762 764 765 766 767 768 769 770 771 772 773 774 775 779 780 781 782 783 784 785 787 788 789 790 792 794 795 796 797 798 799 801 802 803 804 805 806 807 808 809 810 812 813 817 818 819 821 822 823 824 826 827 828 829 830 831 832 833 834 835 837 838 840 841 842 843 844 846 848 850 851 852 853 855 856 857 858 860 862 863 864 866 867 868 869 871 872 873 874 875 876 877 878 880 881 882 883 884 887 888 889 890 891 892 893 894 895 896 898 899 900 901 902 904 905 906 907 908 909 910 911 914 915 916 917 919 920 921 922 923 927 928 932 933 934 935 936 937 938 943 944 945 946 949 950 951 952 953 954 955 961 962 964 965 966 967 968 969 970 972 973 974 975 976 981 984 985 986 989 992 993 995 996 997 998 999 1000 1001 1002 1003 1005 1007 1009 1012 1013 1014 1015 1016 1017 1018 1019 1020 1021 0
2 3 4 6 7 12 15 18 19 22 26 27 28 29 30 32 33 34 37 39 40 43 50 51 55 56 57 60 62 63 66 67 68 69 70 71 72 73 74 75 76 77 78 79 80 82 83 84 86 87 89 90 91 92 93 94 95 96 97 98 99 100 101 102 103 105 106 107 108 109 112 115 116 117 118 119 121 122 123 124 125 126 127 129 130 131 132 133 134 135 136 138 139 140 141 142 144 145 146 148 150 151 152 153 154 155 156 158 161 162 163 164 165 166 167 168 169 170 171 172 173 174 177 179 180 186 187 191 193 194 195 197 198 199 203 205 206 207 208 211 212 213 214 215 216 218 219 220 221 222 223 224 226 227 228 229 233 237 238 240 243 244 245 250 252 253 254 255 256 0
3 4 6 7 9 10 12 13 14 15 16 18 20 21 22 23 24 25 26 28 29 31 32 33 35 37 38 39 40 43 44 46 47 50 51 52 55 57 58 59 60 61 62 63 64 65 66 67 68 69 70 71 72 73 74 75 76 77 78 79 80 81 82 83 84 88 89 90 91 94 95 97 99 100 101 102 103 104 106 110 111 112 116 117 119 120 121 122 123 125 127 129 130 131 133 134 135 136 139 140 141 142 143 144 147 149 152 153 154 155 156 157 158 159 160 162 164 165 167 168 169 170 171 172 173 174 175 178 179 180 181 182 183 184 185 189 191 192 193 194 195 196 197 199 201 202 203 204 205 206 207 208 209 210 211 213 214 215 217 218 220 221 224 225 226 227 229 230 231 232 235 236 239 240 241 242 243 248 249 250 251 252 253 255 256 257 259 260 261 262 263 266 267 268 269 270 272 273 275 276 277 278 279 280 282 284 285 286 287 289 292 293 295 296 297 299 300 301 302 303 304 306 310 311 313 314 315 317 319 321 323 324 325 326 327 329 330 331 332 334 335 338 339 340 341 342 343 344 346 347 349 350 351 352 354 355 356 357 358 359 361 362 364 365 366 367 369 371 372 374 376 377 378 379 380 381 382 383 385 386 387 388 389 390 391 392 393 394 395 396 399 400 401 402 404 405 407 408 409 413 414 419 420 421 422 423 424 425 426 427 428 429 430 431 434 435 436 438 441 442 443 444 445 446 449 450 451 456 458 459 460 461 462 463 464 465 466 467 468 470 473 474 476 477 479 480 481 482 483 485 486 487 489 490 491 492 493 499 500 505 506 507 508 509 510 511 512 0
2 3 7 8 12 13 14 16 17 18 19 20 24 27 29 30 31 32 33 39 40 42 47 49 50 52 54 55 58 59 63 64 66 67 68 69 70 72 73 77 78 79 82 85 86 88 89 91 92 93 94 95 96 97 98 102 104 105 108 109 110 111 113 115 119 120 121 122 123 125 126 127 0
3 6 15 16 17 18 19 23 26 32 0

61
1 2 3 4 5 6 9 12 13 14 15 16 17 18 19 20 21 22 23 24 25 26 28 30 31 32 33 36 37 38 39 40 41 45 46 47 48 51 52 53 62 63 64 65 67 68 69 70 72 74 75 82 83 85 86 87 88 90 91 92 95 97 98 99 102 103 106 107 108 110 111 112 113 114 115 121 122 124 131 132 133 134 135 136 137 138 140 141 143 144 145 146 147 148 149 151 154 155 156 157 160 161 162 163 164 166 167 170 171 172 173 175 176 177 178 179 180 181 183 185 186 187 189 190 191 192 193 195 196 197 198 199 201 202 203 204 207 208 209 210 211 212 213 214 215 217 219 220 221 222 223 224 225 226 227 229 231 232 233 235 236 237 238 239 240 241 242 243 244 246 247 248 249 252 253 256 257 258 259 260 261 262 263 264 266 267 271 273 274 275 276 277 278 279 280 281 282 283 284 285 286 287 288 289 290 291 292 293 294 295 296 297 298 302 303 304 307 308 309 310 311 319 320 322 323 324 325 326 331 335 336 337 338 339 340 341 342 343 344 345 346 347 348 351 352 353 355 356 357 358 359 361 362 363 364 367 369 370 371 372 373 374 375 377 378 379 380 385 386 387 388 389 392 393 394 395 396 397 400 401 403 404 409 410 411 412 413 414 415 416 417 418 419 420 424 426 427 428 429 430 431 432 434 435 436 437 438 439 440 441 442 443 444 445 446 447 448 449 450 451 452 453 454 455 456 457 458 459 460 461 463 464 465 466 467 468 469 470 471 472 473 475 476 477 478 479 480 481 483 484 485 486 487 488 489 490 492 493 494 495 496 497 498 499 500 501 502 503 504 505 506 507 508 509 510 511 512 513 514 515 516 517 518 519 520 521 522 523 524 525 526 527 528 529 530 531 532 533 534 535 536 537 540 541 542 543 544 545 546 547 548 549 550 551 552 553 554 555 557 558 559 560 562 563 564 565 566 567 568 569 570 573 574 575 576 578 579 580 581 582 583 584 585 586 587 592 595 596 597 598 599 600 601 602 603 604 607 608 611 612 613 614 615 616 617 618 619 620 621 622 623 624 625 626 627 628 629 630 632 633 634 635 636 637 638 639 640 641 642 643 644 645 646 647 648 649 650 651 652 653 656 657 658 659 660 661 662 663 664 665 666 667 668 669 670 671 672 673 674 675 676 677 678 681 682 683 684 685 686 687 688 689 690 691 692 693 694 696 697 698 699 700 702 703 704 705 706 707 708 709 710 711 712 713 714 715 719 720 722 723 724 725 726 727 728 729 730 731 732 733 734 735 736 737 738 739 740 741 742 743 744 745 746 747 748 749 750 751 752 753 754 755 756 757 758 759 760 761 762 764 765 766 768 769 770 771 772 773 774 775 776 777 778 779 780 781 782 783 784 785 786 787 789 790 791 792 797 798 799 800 801 802 803 804 805 807 808 809 810 811 813 814 815 816 817 818 819 820 822 823 824 825 826 828 829 830 831 832 833 836 837 838 839 840 841 842 843 850 851 852 853 854 858 859 860 864 868 869 873 874 875 877 878 879 880 885 886 887 889 890 891 892 894 895 896 897 899 900 901 902 903 904 905 906 907 911 912 913 914 915 916 917 918 919 920 921 922 923 924 925 926 927 928 929 930 931 932 933 934 936 937 938 939 940 941 942 943 944 947 948 949 952 955 958 959 960 961 962 963 964 965 966 967 968 969 970 974 975 976 977 978 979 980 981 982 983 984 985 986 987 988 989 990 991 992 993 994 995 996 997 998 999 1000 1001 1002 1003 1004 1005 1006 1007 1008 1009 1010 1011 1012 1013 1018 1019 1020 1021 1022 1023 1024 0
1 7 8 9 10 11 12 15 16 19 20 22 23 25 27 29 31 32 34 35 36 37 41 46 47 48 49 50 51 53 54 55 56 58 59 60 62 65 66 67 68 69 70 71 72 75 76 77 79 80 82 83 87 88 90 91 93 95 97 98 99 100 102 103 104 105 106 107 108 109 110 111 113 114 115 116 118 119 120 121 122 123 124 125 126 127 128 129 130 131 132 133 134 135 136 137 138 139 140 141 143 144 145 146 147 149 150 151 152 153 154 155 159 160 163 165 166 167 169 170 171 172 173 174 175 177 178 180 181 182 183 185 186 187 188 189 190 191 192 193 195 196 199 201 203 205 207 209 210 211 212 213 215 216 219 220 222 223 224 225 226 227 228 229 232 233 234 235 237 238 239 240 242 243 244 245 246 247 248 249 250 252 253 254 255 256 0
1 2 4 5 7 9 10 11 12 16 17 18 20 22 24 25 26 27 28 31 32 33 34 35 36 37 39 40 42 45 46 48 50 53 54 55 56 57 58 60 61 63 64 66 67 68 70 72 73 74 75 76 79 80 81 83 86 87 88 89 91 93 94 95 96 97 99 102 103 104 105 107 108 110 111 112 113 114 115 120 121 122 123 124 125 126 127 131 132 133 134 136 137 138 139 140 141 143 144 145 146 147 151 153 154 155 156 157 158 159 161 162 166 169 173 174 175 179 180 181 182 183 184 186 189 193 194 198 200 201 202 203 204 205 207 208 209 210 214 215 216 217 218 219 220 221 222 224 225 226 232 236 237 238 239 240 243 244 246 247 248 249 250 251 253 254 255 257 258 259 262 263 264 265 266 267 268 271 272 273 274 275 276 279 281 282 283 284 287 288 289 293 295 296 298 301 302 303 304 307 308 309 311 312 313 314 317 318 319 320 321 323 329 330 331 334 335 336 337 338 339 343 344 345 346 347 349 350 351 352 355 356 357 358 360 364 365 367 370 371 372 374 375 378 379 380 381 382 383 385 386 387 388 389 390 391 392 393 395 396 397 398 399 400 401 402 403 404 405 406 408 409 410 412 413 414 417 420 425 428 432 433 435 437 439 442 443 445 446 447 448 450 451 452 453 455 456 457 458 459 461 462 463 464 465 466 469 470 471 472 474 475 478 481 482 483 484 485 486 488 491 493 494 496 497 501 504 505 506 507 508 509 512 0
1 2 3 5 6 8 10 12 13 15 17 18 21 22 23 25 26 27 28 29 31 32 33 34 37 38 41 43 45 47 48 50 51 52 54 56 57 58 59 60 61 63 64 65 67 69 73 74 75 76 78 81 83 84 85 87 88 91 93 94 95 97 98 101 103 105 107 109 110 111 112 113 114 116 118 119 120 124 125 126 127 128 0
1 2 7 10 11 14 16 22 24 26 27 29 30 32 0

62
1 3 4 5 6 14 15 16 17 18 19 20 21 22 23 24 25 26 27 28 29 30 33 35 36 37 38 39 40 41 42 43 44 45 50 51 52 53 54 55 56 57 58 59 60 61 63 66 67 68 72 73 76 77 78 81 82 89 90 91 92 93 94 97 99 101 106 107 110 111 113 114 115 116 117 122 125 126 128 129 130 134 135 137 138 142 145 149 150 151 152 153 155 156 157 158 159 163 164 165 166 167 168 170 172 173 174 177 178 179 183 184 187 188 189 191 192 193 194 195 196 199 200 201 202 203 204 205 206 207 208 209 211 213 216 217 218 219 221 222 223 226 227 232 233 234 237 238 239 241 244 245 247 248 249 251 253 254 255 256 258 259 263 264 265 267 268 281 285 286 287 288 293 302 303 304 305 306 308 309 312 313 314 316 318 319 320 321 322 323 328 329 330 331 332 333 334 335 336 337 338 341 344 345 346 347 348 349 352 353 354 356 359 361 362 363 365 368 369 370 373 375 378 379 380 381 383 384 391 394 397 398 399 400 402 403 404 405 406 410 411 415 416 417 418 419 420 421 424 425 427 428 431 432 433 434 436 437 441 442 443 446 447 448 449 452 453 454 456 459 460 461 462 463 464 466 467 468 469 470 471 475 476 477 480 482 483 484 486 487 488 491 492 493 496 497 498 499 500 501 502 503 504 505 506 507 508 509 510 511 512 513 514 517 518 519 520 523 524 525 528 530 535 536 537 539 540 542 543 544 546 557 558 559 560 561 566 568 569 573 574 575 576 579 580 581 589 590 591 592 594 595 596 600 602 603 604 605 606 607 608 609 610 611 612 618 619 623 624 628 629 634 635 636 637 638 639 640 641 642 643 644 647 648 649 650 651 652 653 655 656 657 658 659 661 663 664 665 666 667 668 670 671 672 673 674 675 676 678 680 681 682 684 687 688 690 691 692 693 694 695 697 698 701 702 703 704 705 707 708 709 711 712 716 718 719 720 721 724 725 726 727 731 732 735 736 737 738 739 740 741 742 743 747 748 751 752 753 754 755 756 758 759 760 761 762 763 764 765 766 767 768 769 772 773 774 775 776 777 778 780 784 785 786 787 791 793 794 795 799 800 801 802 809 810 811 814 815 822 824 825 826 827 829 830 831 832 836 837 838 839 840 841 842 843 845 846 847 848 849 850 851 852 853 856 857 858 859 860 861 862 863 864 865 867 868 869 874 875 876 878 885 891 892 893 894 897 898 899 900 903 904 905 906 907 908 909 911 912 913 914 915 917 919 920 921 922 923 924 927 928 929 931 932 933 934 935 937 938 939 940 941 942 943 947 948 950 951 952 954 955 956 957 958 959 960 962 963 964 965 967 968 969 970 971 972 973 974 975 976 977 978 983 984 985 986 987 988 989 990 991 992 993 994 995 996 997 998 1003 1004 1007 1008 1009 1011 1020 1021 1022 1023 0
1 6 7 8 10 12 13 14 15 17 18 20 21 22 28 29 30 31 32 35 37 38 39 42 43 44 45 46 47 48 50 51 52 53 54 55 57 59 60 61 65 66 67 68 69 71 72 73 74 75 76 77 78 79 80 81 82 83 84 85 86 87 88 89 90 91 92 94 95 97 102 103 105 106 107 109 113 114 116 117 118 119 120 122 124 125 126 127 129 130 131 133 135 136 137 138 139 140 141 142 143 145 146 147 148 149 150 151 152 156 157 159 160 161 162 163 168 171 173 174 175 177 178 180 182 183 184 185 186 188 189 190 191 192 193 194 195 196 197 198 199 200 201 203 204 205 206 207 208 210 211 212 215 216 217 218 219 220 222 225 226 228 229 230 231 232 233 234 235 236 237 238 239 241 242 244 246 247 248 250 255 256 0
1 2 3 4 5 6 7 10 13 17 22 23 24 25 26 27 28 29 30 31 33 34 36 37 38 39 40 41 42 44 45 46 47 48 51 53 54 55 57 58 59 60 61 62 64 65 66 68 69 70 71 72 76 77 78 79 81 82 86 88 89 94 96 97 99 100 102 104 105 106 110 116 117 118 121 124 125 126 127 128 129 130 135 136 140 141 142 143 145 146 151 153 155 156 158 159 160 162 163 164 169 170 171 176 179 180 181 183 185 186 187 192 199 200 203 205 207 208 212 213 214 215 216 217 220 221 222 224 225 227 228 229 230 232 233 234 235 238 239 240 242 243 244 245 247 248 249 250 253 256 257 258 259 260 262 263 264 266 267 270 272 273 274 275 276 278 280 281 282 284 286 288 295 296 297 298 299 300 301 303 308 309 310 311 312 313 315 316 317 318 319 320 321 323 324 325 326 329 330 331 333 334 335 337 340 341 342 343 344 346 351 352 353 354 357 359 360 362 363 364 366 367 368 369 370 371 373 376 377 378 380 381 383 384 385 386 387 388 389 390 392 393 394 395 398 400 401 402 403 406 407 410 411 412 413 414 415 416 417 418 419 420 421 423 426 427 429 430 433 436 437 438 439 440 442 443 444 445 446 447 451 452 453 454 456 458 459 460 463 465 468 469 470 472 473 474 475 480 481 482 485 486 487 488 491 492 493 494 495 496 497 498 501 503 505 506 507 508 509 510 511 512 0
1 3 4 6 7 8 9 11 12 13 15 16 18 19 20 21 22 23 24 25 26 28 30 32 36 38 40 42 43 44 45 49 51 54 56 58 60 61 63 65 66 71 74 76 77 78 79 80 82 83 87 88 90 91 92 93 94 95 96 97 100 103 109 110 112 114 115 117 121 122 123 124 125 126 127 128 0
3 4 5 6 7 9 11 12 15 16 20 23 26 30 0

63
1 2 3 6 7 10 14 15 16 17 18 19 20 21 22 23 24 25 29 30 32 33 34 35 36 37 39 40 41 42 44 45 49 51 54 55 56 58 59 60 64 68 69 70 72 73 74 75 76 77 80 83 84 85 86 87 88 89 90 91 92 93 94 96 97 98 100 101 102 103 105 106 107 108 110 111 112 116 119 120 121 122 123 124 125 126 127 128 132 133 134 135 136 137 138 139 140 141 142 143 144 145 148 149 150 151 152 153 154 155 156 158 159 161 164 165 166 167 168 169 170 172 173 174 175 180 181 182 183 185 186 188 189 190 192 193 194 195 196 197 198 199 200 201 202 203 204 205 208 209 213 214 215 217 218 220 221 224 225 227 230 233 234 237 239 240 241 244 245 246 247 248 249 250 251 252 253 256 257 258 259 260 261 262 263 264 265 266 268 269 270 271 273 275 276 279 280 281 282 284 286 287 288 289 293 294 295 296 297 298 299 300 303 304 308 309 310 311 312 313 314 315 316 317 318 319 320 322 323 324 325 326 327 328 329 330 331 332 333 335 336 338 339 340 341 343 344 345 346 347 348 349 350 352 353 355 356 357 358 359 360 361 362 363 364 365 366 368 369 371 372 373 374 375 376 377 378 379 380 381 382 385 386 388 389 390 391 392 394 395 397 398 402 404 405 406 408 409 410 411 413 417 418 419 420 421 423 424 425 426 427 428 430 433 435 437 440 441 442 443 446 447 448 449 450 451 452 454 457 458 459 460 461 462 463 464 465 467 468 469 470 471 473 474 475 476 477 478 479 480 481 482 483 484 485 486 487 488 489 493 494 495 496 497 498 499 500 501 502 503 504 507 508 509 510 511 512 513 514 515 516 519 520 521 523 524 528 529 538 539 543 544 545 549 551 552 555 558 559 560 562 564 565 566 567 568 569 570 571 572 573 574 575 576 578 579 580 581 582 583 585 586 587 588 589 590 591 592 595 596 597 598 599 600 601 602 603 604 605 606 607 608 610 611 612 613 614 615 616 617 618 619 621 622 623 624 625 627 628 630 631 632 633 635 636 637 638 641 643 644 646 647 649 651 652 653 654 657 659 660 661 662 663 664 665 667 668 669 670 675 676 677 678 679 680 681 682 684 686 689 690 691 692 693 694 695 696 697 698 699 700 701 702 703 704 707 708 709 710 711 712 713 714 715 716 717 718 719 720 722 723 724 725 726 727 728 729 730 734 735 736 737 738 739 740 744 745 746 747 749 750 751 752 753 755 766 767 768 770 771 772 775 776 777 780 781 784 785 787 789 791 792 794 795 796 798 799 804 805 806 807 808 810 811 812 813 814 815 819 820 821 822 823 824 825 826 827 829 830 831 832 833 834 836 837 839 840 841 842 844 846 847 848 850 851 852 853 855 856 857 858 859 860 861 863 864 866 867 868 870 873 874 875 876 877 878 879 880 881 882 884 887 888 889 890 891 892 893 894 899 900 902 903 904 905 906 907 908 909 910 911 915 916 917 919 920 921 922 923 924 925 926 927 928 929 930 931 932 933 934 935 936 937 938 939 940 941 942 943 944 945 946 947 948 949 950 951 952 953 954 955 956 960 963 964 965 966 967 968 969 970 971 972 973 974 976 979 981 982 983 984 985 986 987 988 989 991 992 993 995 996 997 999 1000 1001 1002 1004 1005 1006 1007 1008 1009 1010 1011 1012 1013 1014 1015 1016 1017 1018 1019 1020 1021 1022 0
4 6 8 9 10 11 12 14 15 18 19 20 21 22 23 27 28 29 32 34 35 38 39 40 42 43 44 45 46 47 48 49 50 51 52 53 54 55 56 57 59 60 61 62 63 65 66 67 68 69 70 71 73 74 75 76 77 78 79 82 83 84 85 86 88 89 90 93 94 95 96 97 98 100 101 102 103 104 106 107 108 109 111 112 113 114 115 116 117 118 123 124 125 126 129 131 132 133 134 135 136 137 138 139 140 141 143 145 147 148 149 150 153 154 155 156 157 158 159 162 164 166 167 168 169 170 171 172 173 174 175 176 177 178 179 180 182 183 185 189 190 191 193 194 195 196 197 198 199 201 202 203 204 205 206 207 208 209 210 211 212 213 214 215 216 217 218 220 221 222 224 225 227 228 229 230 231 232 233 234 235 236 237 238 239 242 243 244 245 246 247 249 250 251 252 255 256 0
1 2 3 4 5 6 7 9 11 12 13 14 18 20 21 22 24 25 27 28 29 30 32 35 36 37 39 40 43 44 45 46 47 48 49 50 51 54 55 56 57 58 59 60 61 62 65 66 67 68 69 70 71 74 75 76 77 80 82 83 84 86 87 88 89 92 93 94 95 96 100 101 102 103 104 105 106 109 110 111 112 115 116 117 119 121 122 123 125 126 127 130 131 133 134 135 136 139 140 141 142 143 145 147 149 150 151 152 154 155 156 157 158 159 160 161 163 164 166 168 170 171 172 173 175 176 178 179 180 181 182 184 185 186 187 190 191 194 195 196 197 199 200 202 203 204 207 208 210 211 212 213 215 216 217 218 219 220 222 223 224 226 227 228 231 233 235 236 237 238 240 241 245 247 248 249 250 251 254 255 256 257 258 259 260 261 262 264 265 267 268 269 271 272 275 276 277 278 279 280 281 283 284 286 287 288 290 291 292 293 294 295 296 298 299 300 301 302 303 306 308 311 312 313 315 316 317 318 320 321 322 323 324 325 327 329 331 332 333 334 337 339 340 341 342 343 345 348 350 352 354 355 356 357 358 359 360 362 363 364 365 367 369 370 371 372 374 375 377 378 379 380 381 382 384 385 386 388 390 392 393 394 395 396 399 400 402 403 404 405 406 407 409 411 412 413 414 416 417 418 419 420 422 424 426 427 428 430 432 434 435 436 438 439 441 442 443 446 450 451 452 453 454 455 456 457 460 462 465 466 467 469 470 472 473 474 475 477 478 480 481 482 483 484 486 487 488 491 492 493 494 495 498 499 500 502 503 504 505 506 507 508 509 510 511 0
1 2 3 4 5 7 8 9 10 14 15 16 19 21 22 26 29 30 31 32 34 35 36 37 39 40 41 42 44 45 46 47 51 54 56 57 58 59 61 62 63 64 65 66 68 70 71 73 74 76 78 79 80 81 86 88 89 90 92 93 94 95 96 98 100 101 102 104 106 107 108 110 112 115 117 118 119 120 124 127 128 0
1 5 6 7 8 9 10 12 13 16 17 18 22 24 25 26 27 29 30 0

64
1 3 4 5 7 8 12 13 14 15 19 20 24 25 28 29 30 33 34 35 36 37 39 40 41 44 45 49 50 56 57 58 60 61 65 69 72 73 74 76 77 80 81 82 87 88 89 90 91 96 97 100 104 105 106 107 112 113 114 115 116 118 119 121 122 123 124 127 128 129 131 132 133 134 135 136 137 138 140 141 142 143 144 145 148 150 151 152 153 156 157 161 163 164 165 166 167 168 172 173 177 179 180 181 182 183 187 188 189 190 191 193 195 196 197 198 199 202 203 204 205 206 207 209 210 211 212 213 214 215 219 220 221 222 223 224 225 227 228 230 238 239 241 247 248 249 250 251 252 253 254 255 256 257 258 259 265 266 272 278 279 281 282 283 286 287 288 289 290 293 294 295 298 299 300 303 304 306 307 308 309 310 311 312 314 315 319 320 321 322 323 324 325 326 327 330 331 332 333 334 335 336 338 339 340 341 342 344 348 349 350 351 352 353 354 355 356 357 359 360 362 364 365 366 367 369 370 375 376 380 381 385 386 389 390 391 392 397 398 399 401 402 403 405 406 407 409 410 411 412 413 414 415 416 418 419 421 422 425 426 427 428 430 431 432 433 434 441 442 443 444 446 447 448 450 451 455 456 457 458 460 463 464 465 466 473 474 475 476 479 482 485 487 488 489 492 496 497 498 499 500 501 502 503 504 505 506 507 508 509 510 511 512 513 514 515 516 517 518 520 521 522 523 524 525 526 528 529 530 532 533 537 538 539 542 543 544 545 549 550 551 553 554 555 557 558 559 560 562 563 564 565 566 567 570 571 572 573 574 575 576 577 578 579 580 581 582 583 586 587 588 589 590 591 592 593 594 595 596 597 598 599 601 602 603 604 605 606 607 609 610 611 612 613 614 615 616 617 619 620 621 622 625 627 628 629 630 631 632 633 636 637 638 641 642 643 644 647 648 649 653 657 658 659 660 664 665 666 667 670 671 672 673 674 681 682 683 684 685 686 687 688 689 695 696 697 698 699 703 704 705 711 712 713 719 720 726 727 728 729 730 732 734 735 736 738 739 741 742 743 744 745 746 747 748 749 752 754 755 756 757 758 761 763 764 767 768 769 771 772 773 774 775 776 777 778 779 780 781 782 783 784 785 787 788 789 793 794 795 797 798 799 804 805 806 809 810 811 812 813 814 815 818 819 820 821 822 823 826 827 828 829 830 831 832 834 835 836 837 838 845 848 849 850 851 852 853 854 855 858 859 860 861 865 867 868 869 870 874 875 876 877 878 883 884 885 886 887 889 890 891 893 894 897 898 899 900 905 906 909 910 913 914 920 921 922 927 928 929 934 936 937 938 941 942 943 944 945 950 952 956 959 960 961 967 968 969 970 971 975 976 982 983 984 985 986 987 988 991 992 994 995 996 997 998 999 1000 1001 1002 1003 1004 1006 1007 1008 1010 1014 1015 1016 1017 1018 1019 1020 1021 1022 1023 0
4 5 6 7 8 9 10 11 12 14 18 20 21 22 23 28 32 35 36 37 38 39 40 42 43 44 48 49 50 51 54 55 57 58 59 63 64 66 68 69 71 73 74 76 78 81 84 85 86 88 89 90 92 93 96 97 100 101 103 104 106 107 108 109 110 111 112 113 114 115 116 117 118 119 120 121 122 127 129 130 131 132 133 134 135 136 137 138 139 140 143 145 146 148 149 150 151 152 153 156 157 158 160 161 162 163 165 166 168 170 171 172 173 177 178 179 180 181 182 183 184 185 186 187 191 192 193 194 195 197 198 199 205 207 209 210 213 214 217 218 219 221 222 223 224 225 226 228 229 233 235 236 237 238 239 240 243 244 245 247 248 250 251 252 253 254 0
1 2 3 4 5 7 8 10 11 12 13 17 22 25 26 27 28 36 37 43 44 48 50 51 55 56 57 58 59 61 62 63 64 67 68 70 71 72 73 74 75 76 78 79 80 81 82 84 85 87 88 89 92 93 94 96 102 106 108 109 110 111 117 118 121 122 123 124 125 126 127 128 129 130 132 135 136 140 142 143 145 146 148 149 151 152 153 155 156 157 160 164 165 166 167 168 169 170 173 174 175 181 182 183 184 186 189 190 191 193 194 195 198 200 202 203 205 207 208 209 210 211 214 215 219 225 229 230 232 233 234 235 237 238 239 240 243 244 246 248 249 250 251 253 254 256 257 258 260 262 264 265 268 269 271 275 278 281 283 285 287 291 292 295 298 299 300 301 302 305 306 307 308 309 310 312 313 314 315 318 319 320 321 322 324 325 327 328 331 333 338 339 340 342 343 346 347 349 351 352 353 356 358 359 364 365 366 369 372 375 376 377 378 379 381 382 383 385 386 387 388 389 390 391 392 393 394 398 400 401 403 404 409 411 412 415 417 420 421 422 423 428 430 431 432 434 437 438 439 440 441 442 443 447 448 450 454 455 456 461 462 465 468 470 472 474 476 478 481 492 493 494 495 496 499 500 502 503 505 506 507 509 510 511 0
1 2 5 7 8 12 16 17 18 20 21 24 28 29 30 31 32 33 36 40 42 45 47 48 55 56 59 60 61 62 63 64 66 68 69 70 71 73 74 77 78 80 82 84 85 87 91 94 96 98 101 102 104 105 109 110 111 112 114 115 116 118 119 120 121 122 123 124 125 126 127 128 0
2 3 4 6 8 10 11 15 16 19 21 24 26 28 30 32 0

65
1 2 3 9 10 12 13 14 16 18 19 22 23 25 26 27 28 30 31 32 34 38 39 41 48 50 55 56 60 61 64 65 66 68 70 71 72 73 74 75 77 78 80 81 83 84 85 86 88 89 91 92 93 94 96 99 100 101 102 103 104 105 106 107 108 109 110 111 112 115 116 118 119 120 121 122 123 124 126 128 131 132 133 134 135 136 137 138 139 140 141 142 144 146 148 149 151 152 153 154 155 156 158 160 161 162 164 165 167 168 169 170 171 172 173 174 175 176 177 179 181 182 183 184 185 186 187 188 189 192 195 196 197 198 199 200 203 204 208 209 210 211 212 214 215 216 217 218 219 221 225 227 230 231 236 237 239 241 243 245 246 248 249 250 251 252 253 254 255 257 258 259 260 261 262 263 264 265 266 267 269 270 272 274 275 281 282 283 284 285 286 287 288 290 291 292 293 294 295 296 297 298 299 302 303 304 306 307 308 309 310 311 313 314 315 318 319 320 321 322 323 324 325 326 327 328 329 330 331 332 333 334 335 336 338 339 340 341 342 343 344 345 346 349 351 352 353 354 355 357 359 360 361 362 363 364 365 366 368 370 371 372 373 375 376 377 378 379 382 383 384 385 386 388 389 390 391 392 393 394 395 396 397 398 400 401 404 405 406 407 409 410 411 412 413 414 416 417 420 423 424 425 427 428 429 430 431 432 433 434 435 441 442 443 444 445 446 447 448 449 450 451 453 455 456 457 458 459 460 461 462 463 464 465 467 468 469 470 471 472 473 474 475 476 477 478 479 480 482 483 486 488 491 494 497 498 499 500 501 502 503 504 505 506 507 508 509 510 511 512 513 514 519 520 521 522 523 524 525 526 528 529 530 531 532 535 536 537 538 539 542 543 544 545 546 547 548 549 551 552 553 554 555 557 558 559 560 561 562 563 564 566 567 568 571 572 573 574 575 576 577 578 579 580 581 582 583 585 586 588 589 590 591 592 593 594 595 596 597 598 599 600 601 602 603 605 606 607 608 609 610 611 612 613 615 616 617 618 619 621 622 623 624 625 626 627 628 630 631 632 633 634 635 638 639 640 641 642 644 646 647 648 649 650 651 652 654 655 656 657 660 662 663 664 665 666 667 668 670 671 672 676 677 678 679 680 681 682 683 684 686 687 688 689 690 691 692 693 694 695 696 697 698 699 701 703 704 705 706 707 708 709 710 716 718 719 720 722 723 724 725 727 728 732 733 734 735 736 738 739 740 741 742 743 747 748 749 750 753 754 755 756 757 758 759 760 761 762 763 764 765 769 770 771 774 775 776 777 778 782 783 784 785 786 787 788 789 790 791 792 793 794 798 799 800 801 802 803 804 808 811 812 813 814 815 816 817 818 822 823 824 825 826 827 828 829 830 831 832 833 834 835 837 838 839 840 841 842 843 845 846 847 848 849 850 851 852 854 855 856 861 862 863 865 866 869 870 871 879 880 881 882 884 885 886 887 888 889 890 891 892 893 894 897 898 899 900 901 902 903 904 905 906 907 908 909 910 911 912 914 915 916 918 919 920 921 922 923 924 925 926 930 931 932 933 934 935 936 937 938 939 940 941 942 943 944 945 946 947 948 949 950 951 952 953 955 956 957 958 959 960 961 962 963 964 966 967 968 969 970 971 972 973 975 976 977 978 979 980 981 982 987 988 989 990 993 994 995 996 997 998 999 1003 1004 1005 1006 1008 1009 1010 1011 1012 1013 1014 1015 1016 1017 1020 1021 1022 1023 1024 0
3 4 5 6 7 8 13 14 17 18 19 20 21 22 25 29 32 35 36 37 39 40 41 42 43 44 45 46 47 50 51 53 54 60 61 64 66 67 69 70 71 72 73 76 78 81 83 84 87 89 90 91 92 95 96 98 102 103 105 106 107 108 109 110 111 112 113 114 115 116 117 118 121 122 123 124 126 127 129 130 131 132 133 134 136 139 140 141 142 143 144 145 146 147 148 149 150 152 153 155 159 163 164 167 169 170 171 172 173 174 175 176 177 179 180 181 183 185 188 189 190 192 193 194 195 196 198 199 200 201 204 205 206 207 208 209 210 211 212 215 216 217 218 219 222 225 226 227 228 229 231 233 234 235 236 238 239 240 241 242 243 245 246 247 248 250 252 253 255 256 0
4 5 7 8 9 10 12 14 16 17 19 20 21 24 25 27 28 29 30 31 33 35 37 38 39 40 42 43 44 45 46 47 48 49 50 51 52 55 56 59 60 61 62 64 66 67 68 69 70 71 72 73 74 77 78 79 82 83 85 89 90 91 95 96 97 98 99 100 102 103 105 108 109 110 111 113 114 115 116 117 119 120 122 123 124 125 126 128 129 133 134 135 136 137 138 139 141 143 144 145 146 147 148 149 150 152 153 154 155 156 157 159 160 163 164 166 167 168 170 171 172 173 174 177 178 179 180 181 182 184 186 187 189 190 195 196 197 198 199 200 201 202 203 205 207 208 209 211 212 213 215 216 217 218 219 220 221 222 224 225 226 227 228 230 232 233 236 237 238 239 240 241 242 245 246 247 248 249 250 252 253 254 255 256 257 258 259 260 261 262 264 266 267 269 273 275 276 277 279 280 281 282 283 285 286 288 292 293 294 295 296 297 299 300 301 302 303 304 308 309 310 311 312 313 314 316 318 319 320 323 324 327 328 329 331 332 334 335 336 337 339 340 341 342 343 346 347 348 350 352 355 359 360 361 362 363 364 366 367 368 370 371 372 373 374 376 377 378 379 380 381 382 384 385 386 387 388 389 390 391 392 393 394 395 396 397 398 399 400 401 402 403 404 405 406 407 409 412 413 414 415 416 417 418 419 420 424 425 426 427 428 429 430 431 432 434 436 437 438 439 440 441 442 443 444 445 447 448 449 450 451 452 453 454 455 456 457 458 459 460 461 462 466 468 469 471 472 475 476 477 478 480 483 484 485 488 489 490 491 492 493 494 495 497 498 500 501 505 506 507 508 509 510 511 512 0
1 2 4 5 7 8 13 14 15 16 18 19 20 21 23 26 27 28 30 32 33 35 36 37 38 44 45 46 47 49 50 53 54 55 56 57 58 59 60 61 62 64 65 67 68 70 71 73 74 75 76 77 78 79 80 82 83 87 88 89 90 92 93 94 95 96 99 100 102 104 107 108 109 110 112 114 116 117 118 120 122 124 127 128 0
1 3 4 5 6 9 12 13 15 16 17 19 20 22 25 27 28 31 0

66
3 4 5 6 7 8 9 10 11 12 13 17 18 19 20 21 22 23 26 27 29 30 31 32 33 34 35 36 37 38 39 40 41 42 43 44 45 46 47 48 49 51 52 53 54 55 56 57 59 60 61 62 63 64 65 68 69 70 71 72 73 74 75 76 77 78 80 81 84 85 86 87 88 89 90 91 93 94 95 96 97 98 99 100 101 102 103 104 105 106 107 109 110 111 112 113 114 115 116 117 118 121 122 124 126 127 128 129 130 131 132 134 135 140 141 142 143 145 146 148 149 150 151 152 153 154 155 156 157 158 159 161 164 166 167 168 169 170 171 172 173 174 175 176 179 180 181 182 183 184 185 186 187 188 189 190 191 192 193 194 195 196 197 198 199 200 201 202 203 204 205 206 207 208 209 211 212 213 214 215 216 217 218 219 220 221 222 223 224 225 230 231 232 233 234 236 237 239 240 241 246 247 248 252 253 255 256 257 258 259 260 261 262 263 264 265 266 267 268 269 270 271 272 273 276 277 278 279 280 281 282 283 284 285 286 287 289 291 292 293 294 298 299 301 303 304 305 306 308 309 310 311 312 313 314 315 316 317 318 321 323 324 325 326 327 328 329 330 331 332 333 334 336 337 339 341 342 344 345 346 347 348 349 350 351 352 353 355 356 357 359 360 361 362 363 364 365 366 367 368 369 370 372 373 374 375 376 377 378 379 380 381 382 383 384 385 387 388 390 391 392 393 394 395 396 397 398 399 400 401 403 404 405 406 407 408 409 410 411 412 413 414 415 416 417 418 419 420 421 422 423 424 425 426 427 428 429 430 431 432 433 435 437 438 440 441 442 443 444 445 446 447 448 449 451 453 454 455 456 457 458 459 460 461 462 463 464 465 466 467 469 471 472 473 474 475 476 477 478 479 480 481 482 483 484 487 488 491 492 493 494 495 496 497 498 499 500 501 502 503 504 505 506 507 508 509 510 511 512 514 516 517 518 519 520 521 522 523 524 525 526 528 529 530 531 532 533 536 537 538 540 541 544 545 546 547 548 549 550 551 552 553 554 555 556 557 558 559 560 561 563 564 565 566 567 568 569 570 571 572 574 576 577 580 581 582 583 584 587 588 589 592 593 594 595 596 597 598 599 600 601 602 603 604 605 606 608 609 610 611 612 613 614 615 616 617 618 621 622 623 624 625 627 628 629 633 636 638 639 640 641 644 645 648 649 650 651 652 653 654 655 656 657 660 661 665 666 667 668 670 671 672 673 675 676 677 678 679 680 681 682 683 684 685 686 688 690 691 692 693 694 695 698 699 700 701 702 703 704 705 707 708 709 710 711 712 713 714 715 716 717 718 719 720 721 722 723 724 725 726 727 728 729 730 731 732 733 734 735 736 738 741 742 743 744 745 746 747 748 749 750 751 752 754 756 758 759 760 762 764 765 766 768 772 773 774 775 776 777 778 779 780 781 784 785 786 787 788 789 790 791 792 793 794 798 799 801 802 803 804 805 806 807 808 809 810 811 812 813 814 816 817 818 821 822 823 824 825 826 827 828 829 830 831 833 835 836 837 838 839 840 841 843 844 845 846 847 848 850 851 852 853 854 862 863 864 865 867 868 869 870 871 872 873 874 875 876 877 878 879 880 882 883 884 885 886 887 888 889 890 891 892 893 894 895 897 899 900 901 904 905 906 907 908 910 911 912 913 915 916 917 918 919 920 921 922 923 924 925 926 927 928 931 932 933 934 935 936 937 938 939 940 941 942 944 946 947 948 949 950 951 952 953 954 955 956 957 958 959 961 964 965 966 967 968 969 970 971 972 974 975 976 977 978 979 980 981 982 984 985 986 988 989 990 991 992 994 995 997 998 999 1000 1001 1002 1003 1004 1005 1006 1008 1009 1012 1013 1014 1015 1016 1017 1018 1019 1020 1021 1022 1023 1024 0
1 2 3 4 5 8 9 10 12 14 18 19 22 23 24 26 27 28 29 30 31 32 34 37 38 39 40 46 47 48 49 50 51 52 53 54 56 57 58 59 60 61 62 63 64 65 66 67 68 69 70 73 74 75 76 77 78 79 80 81 82 83 85 86 87 88 89 90 91 92 94 95 97 98 99 100 101 105 106 107 108 109 110 111 112 113 114 115 116 117 118 119 120 122 123 124 125 126 127 128 129 130 132 133 134 135 136 137 138 139 140 142 143 144 145 147 148 149 150 151 152 153 154 155 156 157 158 159 161 162 165 166 167 168 169 171 174 175 176 177 178 179 180 182 183 184 185 186 187 188 189 190 191 192 193 194 195 196 197 198 199 200 203 204 205 206 207 208 209 210 211 214 215 217 218 220 221 222 223 225 226 227 228 229 230 231 233 235 236 238 239 242 243 244 245 246 247 248 249 251 252 253 254 255 256 0
1 2 3 4 5 6 7 9 11 12 13 14 15 16 17 18 19 20 22 25 26 27 28 29 30 31 32 34 35 36 37 38 39 43 44 45 47 48 49 50 52 53 54 55 56 57 58 59 60 61 62 63 64 66 70 72 73 74 75 76 77 80 82 86 87 89 90 94 96 97 98 101 102 103 108 109 110 112 115 116 117 119 121 122 123 124 125 126 128 130 131 132 133 134 135 136 137 138 139 140 141 142 145 146 147 148 149 150 151 152 154 155 156 157 159 160 161 162 165 167 169 171 172 174 175 179 180 181 182 184 185 186 187 188 189 190 191 192 194 197 200 201 202 203 204 206 207 208 210 211 212 213 214 215 216 218 219 220 221 223 226 227 230 231 234 235 237 238 239 240 241 242 245 246 247 248 250 251 253 254 255 256 257 258 260 261 262 264 265 266 267 269 272 273 274 276 277 278 280 282 283 285 287 290 291 292 293 294 296 298 300 301 302 303 304 305 306 310 311 312 313 315 316 317 318 319 322 323 324 326 327 328 331 332 333 334 335 336 337 338 339 340 341 342 343 345 346 347 348 351 352 354 355 356 357 359 361 362 364 365 366 367 369 370 371 372 373 374 375 376 377 378 379 380 381 382 383 384 385 386 387 388 389 390 391 392 393 394 395 396 397 398 401 402 404 405 406 407 409 411 412 413 414 415 416 418 420 421 422 423 426 427 428 429 430 431 432 434 435 437 438 439 440 441 442 443 445 446 448 450 451 452 453 454 455 456 457 458 459 460 461 462 463 464 465 466 467 469 470 474 476 478 480 481 482 483 485 492 493 494 495 496 500 501 502 503 504 505 506 507 508 509 510 511 512 0
1 2 3 4 5 7 8 9 12 15 16 18 19 20 21 22 24 26 28 30 32 36 37 39 40 42 43 44 45 47 48 49 53 54 55 56 57 61 62 63 64 65 66 67 69 70 71 72 73 74 75 76 78 79 80 82 83 85 86 87 89 90 93 94 96 98 99 100 102 103 104 106 107 108 112 115 116 117 118 119 120 123 125 127 128 0
1 2 4 5 6 9 10 12 13 14 15 16 17 21 22 23 24 26 29 30 31 32 0

67
1 3 4 5 6 7 8 9 10 12 13 14 16 17 18 19 20 21 22 23 24 25 26 27 29 31 32 33 34 35 36 37 38 39 41 42 44 45 46 47 48 49 51 52 53 54 55 57 58 60 62 63 64 65 67 68 69 70 71 73 74 76 79 81 83 86 87 88 89 90 93 94 95 97 98 99 101 102 103 104 105 106 107 108 109 110 111 113 114 115 116 117 120 122 125 126 128 129 130 135 136 137 138 139 140 141 144 146 148 149 150 151 152 153 154 155 156 157 160 161 162 163 164 165 166 167 168 171 172 177 178 179 180 182 183 184 185 186 187 188 189 190 191 192 193 194 195 198 199 200 201 202 203 204 205 206 208 209 210 212 213 214 215 216 217 218 219 220 221 222 223 225 226 228 229 230 231 232 233 234 235 236 237 238 239 241 242 243 244 245 250 252 253 254 255 257 258 259 260 261 262 263 265 266 267 268 269 270 271 273 274 275 276 277 278 279 282 284 285 286 287 288 289 290 291 292 293 294 295 297 299 300 301 302 303 304 305 306 307 313 317 318 319 320 321 322 324 329 332 333 334 337 340 341 342 344 345 348 352 353 354 356 357 358 359 360 361 362 363 368 369 370 371 372 375 376 377 378 379 380 381 383 384 385 386 387 388 390 391 392 393 394 395 396 398 399 400 401 402 405 406 407 408 409 410 412 414 415 416 417 419 421 422 423 424 425 426 427 429 432 436 437 438 439 440 441 443 444 446 448 452 453 454 456 457 458 459 460 461 462 463 464 465 468 469 471 472 474 477 480 481 483 485 486 487 488 491 492 496 497 498 499 500 501 502 503 504 505 506 507 508 509 512 514 515 516 518 519 522 524 525 526 527 528 529 530 531 532 533 534 535 537 538 539 540 541 543 544 545 547 548 550 551 553 554 555 558 559 560 562 567 569 573 574 575 576 578 583 585 586 588 589 590 591 592 594 596 599 600 601 603 604 605 608 612 613 615 616 617 618 619 620 624 627 628 629 631 632 634 635 636 639 640 642 643 645 647 648 650 651 654 655 656 657 658 659 662 663 665 666 667 669 670 672 673 674 675 676 677 678 679 683 684 685 686 687 688 690 691 692 694 695 696 698 699 700 702 703 704 706 707 709 710 711 713 714 715 717 718 719 720 723 724 725 726 727 728 729 730 731 732 733 734 735 736 740 741 742 743 744 745 747 748 749 750 754 755 757 758 759 760 762 763 765 766 767 769 770 771 772 773 774 775 779 780 781 782 783 784 789 790 794 795 796 797 798 799 800 801 802 803 804 805 806 807 809 811 812 813 814 815 816 818 819 820 821 822 823 825 826 831 832 833 834 835 837 838 839 840 841 842 843 846 847 848 852 853 855 856 857 858 872 873 874 876 877 884 885 886 888 889 890 893 895 897 898 899 902 906 909 912 913 914 915 918 920 921 922 923 925 927 928 929 930 931 932 933 934 935 936 939 940 941 942 943 944 945 946 947 948 950 952 953 954 955 958 959 960 961 964 965 966 967 968 969 970 971 972 973 974 975 978 979 981 982 983 984 985 986 987 988 989 990 991 992 996 997 998 999 1000 1001 1004 1005 1006 1007 1008 1009 1010 1011 1012 1013 1014 1016 1017 1018 1019 1020 1021 1022 1023 1024 0
2 4 7 8 9 10 11 13 14 15 18 19 20 22 25 26 27 28 29 30 31 32 33 36 37 38 39 40 46 47 49 51 52 53 54 55 57 58 59 60 61 62 63 64 65 66 67 68 69 70 71 72 73 74 75 76 77 78 79 80 81 82 84 85 88 91 92 95 96 97 98 100 101 102 103 105 106 107 109 110 112 113 114 115 117 118 119 122 123 124 127 128 129 130 131 132 133 134 138 139 140 141 142 144 146 147 148 149 150 152 153 154 156 157 158 159 161 162 164 165 167 169 170 171 172 173 174 177 178 181 182 183 185 186 187 188 189 190 191 192 193 194 195 197 199 200 201 202 203 205 206 207 208 211 212 213 215 219 220 222 224 226 227 228 229 230 232 233 234 235 236 238 239 240 241 242 244 245 246 247 248 250 251 252 254 255 0
2 3 6 7 8 9 10 14 15 22 25 28 29 31 33 35 40 42 43 47 48 49 50 53 54 55 57 58 59 60 61 62 63 65 66 68 70 71 74 77 78 80 81 82 83 84 85 90 92 93 94 95 98 99 102 105 107 108 109 110 111 112 113 117 118 120 121 124 125 126 128 129 130 131 134 135 137 140 142 146 150 153 154 155 156 157 160 161 162 166 167 169 171 172 173 174 175 182 183 188 189 190 191 192 194 195 196 197 198 199 200 201 203 204 205 206 208 209 211 213 215 217 218 219 220 224 225 226 227 229 230 231 232 234 235 238 241 242 246 247 248 249 252 255 256 258 259 260 262 266 268 269 271 272 273 274 275 277 278 279 280 282 284 285 286 287 288 289 293 295 296 297 298 300 301 302 303 304 305 306 307 308 309 310 312 313 314 315 316 317 318 319 320 321 322 323 324 325 326 327 328 329 330 331 332 333 335 336 337 339 340 343 344 346 351 358 359 361 362 363 364 365 366 369 371 373 374 375 376 377 378 379 380 381 382 383 384 385 386 387 388 389 390 391 393 394 395 396 397 398 399 400 401 402 403 405 407 409 413 414 415 419 420 422 423 424 425 428 429 430 431 432 433 434 436 437 438 440 442 443 444 445 446 447 448 449 450 451 454 455 457 458 459 460 470 472 473 474 476 477 478 479 481 483 485 486 490 491 492 495 500 501 502 503 504 505 506 507 508 509 510 511 512 0
1 3 4 5 8 10 11 12 13 14 16 17 18 19 20 21 22 24 25 26 27 28 29 31 33 34 39 42 43 44 45 47 49 50 51 52 55 56 57 58 59 60 62 64 65 66 67 69 73 77 78 79 85 88 89 94 95 96 97 98 105 106 107 108 109 110 111 115 118 119 120 121 125 127 128 0
4 6 7 8 9 13 14 15 16 18 19 20 25 26 27 31 32 0

68
1 2 3 4 5 6 11 12 15 17 26 27 28 29 31 32 38 41 42 43 44 45 47 48 49 50 51 52 56 57 58 60 61 62 63 64 65 66 67 71 72 73 75 76 77 78 80 81 82 86 87 88 90 91 92 93 94 95 96 97 98 101 102 103 105 106 107 109 110 111 112 113 114 117 119 120 121 122 124 125 126 127 128 133 135 137 138 140 141 142 143 144 147 148 151 152 153 154 155 157 158 159 162 163 164 169 170 171 172 173 177 178 179 180 181 182 183 184 185 186 188 189 191 192 193 196 197 198 199 200 201 202 203 204 205 208 209 212 213 214 215 216 217 218 219 220 224 225 228 229 231 232 233 234 235 239 241 242 243 244 245 246 247 248 249 250 251 253 254 255 258 259 260 261 262 263 265 266 267 268 271 273 274 275 276 277 278 279 280 281 282 285 286 290 291 292 293 294 295 296 299 301 302 303 304 306 307 308 309 311 312 313 314 316 318 320 321 324 328 329 330 331 332 333 335 336 337 339 342 343 344 345 346 347 348 349 351 352 355 358 360 361 362 363 364 365 368 370 371 372 373 374 375 376 377 378 381 383 384 385 386 389 392 393 394 397 399 400 404 406 407 408 410 412 414 415 416 417 418 424 425 426 427 429 433 434 435 438 441 442 443 445 446 447 448 449 450 452 455 458 459 460 461 462 463 464 465 466 467 468 469 470 471 472 474 477 478 479 480 482 483 485 486 487 492 493 494 495 496 498 499 500 501 503 504 505 506 508 509 510 512 513 517 518 519 520 521 524 525 526 528 529 530 531 532 533 534 535 536 537 540 541 542 544 545 546 547 548 549 550 551 552 557 558 559 560 564 565 566 567 568 569 574 575 576 579 580 581 583 584 585 591 592 595 596 598 599 600 601 602 603 604 607 608 609 611 613 614 615 617 618 620 621 623 624 625 626 627 628 629 630 631 632 633 634 635 637 639 640 641 642 644 645 646 647 648 649 650 651 652 653 655 656 657 658 659 660 661 662 663 664 665 666 669 671 672 673 679 680 681 682 684 685 686 689 692 693 694 695 697 698 699 700 702 704 705 706 707 709 710 711 712 713 714 715 716 717 718 719 720 721 722 723 724 726 727 728 729 730 731 732 733 734 735 736 737 738 739 740 741 742 743 747 748 749 750 751 752 753 754 763 764 768 769 770 771 772 773 774 775 776 777 779 780 781 784 785 786 787 788 789 790 791 792 793 796 797 798 799 800 802 803 806 813 814 820 821 822 823 827 831 834 835 836 837 838 839 840 841 844 845 846 847 850 851 852 854 855 856 857 858 859 860 861 864 867 869 872 873 874 875 876 877 879 880 882 883 886 889 890 891 892 893 894 895 897 898 899 900 903 904 905 906 907 908 909 910 911 913 916 918 920 921 922 923 924 925 926 928 935 936 937 938 939 940 943 945 946 948 949 950 951 952 953 954 955 956 957 958 961 962 963 964 965 966 967 968 969 970 971 972 973 975 976 977 978 980 981 982 983 984 985 986 987 988 989 990 993 994 995 1002 1009 1010 1011 1012 1013 1014 1015 1016 1017 1018 1019 1020 1021 1022 0
1 2 4 5 8 10 12 13 15 16 17 18 20 22 23 24 25 26 27 28 29 31 34 35 37 39 41 44 45 46 47 48 50 51 52 53 54 55 56 59 60 61 62 63 64 65 66 70 72 75 76 77 78 79 80 81 84 85 87 88 89 90 91 93 94 95 96 98 100 101 102 103 105 106 107 109 110 113 114 115 116 117 118 119 122 123 124 125 126 128 129 130 131 132 133 134 136 142 144 145 146 149 150 151 152 153 154 155 156 159 161 163 164 165 166 167 168 169 170 173 174 175 176 177 178 179 180 183 185 188 189 190 193 194 195 196 197 198 199 200 201 202 203 204 205 206 207 208 209 210 211 212 213 214 215 216 218 219 221 223 224 225 226 228 229 231 232 233 234 235 236 237 238 241 242 243 244 247 251 252 253 255 256 0
4 5 6 7 8 10 12 13 14 15 16 18 19 20 21 28 29 30 32 33 35 36 37 38 39 42 44 45 47 48 49 50 52 54 55 56 58 59 60 61 62 67 68 69 70 71 72 74 75 76 77 83 84 85 86 88 90 92 93 95 99 100 102 106 108 109 110 111 112 113 115 116 117 118 119 120 121 122 123 124 126 128 129 130 132 133 136 137 138 139 140 141 146 147 148 149 150 153 155 156 157 158 159 161 162 163 164 167 168 171 173 174 176 177 179 180 181 183 185 186 187 191 195 196 198 199 200 201 202 203 204 205 206 208 211 212 213 214 216 219 220 221 222 224 226 227 228 229 230 231 232 233 236 238 239 240 242 245 247 249 250 254 255 256 257 258 260 263 264 269 270 271 272 273 275 276 277 278 279 281 282 285 286 288 289 292 293 294 295 297 299 300 301 302 304 308 310 311 314 315 316 317 318 319 320 323 324 326 327 330 331 335 338 339 340 341 343 344 345 346 347 348 349 350 351 352 353 355 356 357 358 359 360 361 362 363 364 365 366 367 368 369 370 371 373 374 376 378 379 380 381 385 386 387 388 389 390 391 392 393 394 395 396 397 398 399 401 402 404 405 406 408 409 410 411 412 413 414 415 416 417 420 421 422 423 424 425 426 427 428 429 430 431 433 435 437 440 442 443 445 446 447 448 449 453 454 456 457 458 459 460 461 462 463 465 466 467 472 473 474 476 477 480 483 485 486 487 488 491 492 493 495 496 497 498 500 501 505 506 507 508 509 510 511 512 0
1 4 5 6 7 8 9 10 11 13 14 15 17 18 19 20 22 23 24 28 30 32 34 35 36 37 38 39 42 44 45 46 47 48 49 50 52 53 54 56 57 58 59 60 61 62 64 67 68 69 70 73 74 76 78 79 80 81 82 83 84 85 86 87 88 89 90 91 92 94 95 96 98 99 100 102 103 105 106 107 108 110 111 112 114 115 116 118 119 120 124 125 127 128 0
1 3 5 6 7 9 12 13 14 16 17 18 19 20 21 22 23 25 26 27 30 31 0

69
1 2 3 6 7 8 9 11 12 13 14 15 16 18 20 21 22 23 26 27 28 29 32 36 37 43 44 48 49 53 56 57 58 59 60 61 64 65 67 69 70 71 72 73 75 76 77 78 80 81 82 84 85 86 87 89 90 92 93 95 96 97 99 100 101 102 103 106 110 115 116 117 118 119 120 121 122 123 124 126 130 131 132 133 134 136 137 139 140 141 142 143 145 148 149 150 152 153 154 155 156 159 160 161 164 165 166 167 168 169 170 171 172 173 174 175 177 180 181 182 183 184 185 186 187 188 189 190 191 192 195 196 197 198 199 200 201 202 203 204 205 206 207 208 211 212 213 214 215 216 217 218 219 220 221 222 223 226 227 228 229 230 231 232 233 234 239 241 242 243 244 245 246 247 248 250 251 253 254 256 257 258 259 260 264 265 266 267 268 269 270 271 272 273 276 277 278 279 280 281 282 283 284 285 286 287 288 291 292 293 294 295 296 297 298 299 300 301 304 305 307 308 309 310 311 312 313 314 315 316 317 318 319 320 321 324 325 326 327 328 329 330 331 332 333 334 336 337 338 339 340 341 342 343 344 345 346 347 348 349 351 352 353 355 356 357 358 359 360 361 362 363 364 365 367 368 370 371 372 373 374 375 376 377 378 379 380 381 382 383 386 387 388 389 390 391 392 393 394 395 397 398 399 401 402 403 404 405 406 407 408 409 410 411 412 413 414 415 416 418 419 420 421 422 423 424 425 426 427 428 429 430 431 432 434 436 437 438 440 441 442 443 444 446 447 448 451 452 454 455 457 458 460 461 462 464 465 466 467 468 469 470 475 476 477 481 482 483 484 485 486 487 488 489 490 491 492 493 499 501 502 503 504 505 506 507 508 509 510 511 512 515 516 517 518 521 522 527 528 529 530 531 534 535 536 537 541 542 543 544 546 547 550 551 552 553 556 560 562 563 564 565 567 568 569 570 571 572 573 576 577 578 579 580 581 582 583 584 585 586 587 588 589 591 592 593 596 597 598 599 600 602 603 604 605 607 608 609 611 612 613 614 616 617 618 620 621 625 627 628 629 630 631 632 633 634 636 637 639 641 642 643 644 645 646 648 649 650 651 655 657 659 660 661 662 663 664 667 668 670 671 672 673 675 676 677 678 679 681 682 683 686 687 688 689 690 691 692 693 694 695 696 697 699 700 701 702 703 704 705 706 707 708 709 710 711 712 713 714 715 716 718 719 720 721 725 726 727 728 729 730 731 732 733 734 735 736 740 742 743 744 745 747 748 749 750 751 752 755 758 760 762 763 764 765 766 767 768 770 771 772 773 776 777 778 782 783 784 785 786 787 789 790 791 792 793 796 797 798 799 800 801 802 803 804 805 806 807 808 809 810 812 813 814 815 818 819 821 822 823 824 826 827 828 829 830 831 834 835 836 837 838 839 840 841 842 843 844 845 846 847 848 849 850 851 852 853 854 855 856 857 858 859 860 861 862 863 864 865 866 867 868 869 871 872 873 874 875 876 877 878 879 880 883 884 885 889 890 891 892 893 894 895 899 900 901 905 906 907 908 909 910 911 915 916 917 918 919 920 921 922 925 926 928 929 930 931 932 933 934 935 936 937 938 939 940 941 942 944 946 947 948 949 950 951 952 953 954 955 956 957 958 959 960 961 962 963 964 965 966 967 968 969 970 971 972 973 974 975 976 980 981 982 983 984 985 986 987 988 989 991 992 996 997 998 999 1000 1001 1002 1003 1005 1006 1007 1008 1009 1011 1012 1015 1016 1017 1018 1019 1020 1021 1023 1024 0
2 4 5 8 9 10 11 12 13 15 18 20 21 22 23 24 27 28 29 30 31 32 33 35 36 37 38 39 40 42 43 45 46 47 50 51 52 53 54 55 57 59 60 61 63 65 66 67 68 69 70 71 72 73 74 75 77 78 79 80 82 83 84 85 86 87 88 89 90 91 92 93 96 97 98 99 100 102 103 104 105 106 107 109 110 111 114 115 117 118 119 120 121 122 123 124 125 127 129 130 132 133 135 136 137 138 139 140 141 143 145 147 148 149 150 152 153 155 156 158 159 161 162 163 164 166 167 169 170 171 173 174 175 176 177 178 179 180 181 182 183 184 185 186 187 188 189 190 191 192 193 194 195 196 197 198 199 200 201 202 203 204 205 206 207 208 210 211 213 215 216 219 221 222 223 224 225 226 227 228 231 232 233 234 235 236 238 239 242 243 244 245 246 247 248 250 251 252 253 254 255 256 0
1 4 5 7 8 10 11 12 13 14 15 16 17 18 19 20 21 24 25 26 28 29 30 31 32 34 35 36 40 42 43 44 45 46 47 48 50 51 52 54 55 56 57 58 59 60 61 62 63 64 65 66 67 68 69 70 72 73 74 75 76 78 80 81 83 84 85 86 88 89 90 92 93 94 95 96 97 100 102 108 109 112 114 115 116 118 122 123 124 125 126 128 129 130 131 132 134 136 138 139 141 142 147 148 149 150 151 152 154 155 156 157 158 159 161 162 163 164 166 169 170 171 173 174 175 176 178 179 180 181 182 186 187 188 189 190 191 192 193 194 195 196 197 200 204 205 206 210 211 212 213 215 216 218 219 220 222 223 224 225 226 227 228 231 232 233 234 235 236 237 238 239 240 241 242 243 244 245 246 247 248 250 251 253 254 255 256 257 258 259 262 264 265 267 268 269 271 273 274 275 276 277 279 280 281 282 284 285 286 287 288 289 291 292 294 295 296 298 299 300 302 303 306 307 309 310 312 313 315 316 318 319 320 322 323 324 325 326 328 329 331 332 333 336 339 340 341 343 344 345 346 347 348 349 350 353 355 356 357 358 359 360 362 363 364 368 369 370 371 372 373 374 375 377 379 380 383 384 385 386 388 389 390 391 392 393 394 395 396 397 400 403 404 405 406 408 409 411 412 413 414 415 416 419 420 421 426 427 428 432 433 435 438 439 440 441 442 443 445 446 447 449 450 452 453 455 456 457 458 459 460 461 462 463 465 466 467 468 469 470 471 472 473 474 476 477 478 479 482 483 484 485 486 489 490 492 493 494 495 496 498 499 500 501 502 503 505 506 507 508 509 510 512 0
1 2 3 4 5 7 10 12 13 14 16 17 18 19 22 25 27 30 31 32 33 36 39 40 41 42 43 44 45 46 47 48 49 50 51 55 56 57 58 59 60 61 63 64 65 66 67 68 70 71 72 73 74 75 77 78 79 80 81 83 85 86 87 88 89 90 91 92 93 94 97 98 99 101 102 105 106 108 110 111 112 113 115 116 117 118 120 123 125 127 0
2 3 6 9 10 13 14 16 20 21 24 25 29 30 31 32 0

70
1 2 3 4 5 6 7 8 10 11 12 13 14 15 16 17 18 19 21 22 24 25 26 27 28 29 30 31 32 33 34 35 36 37 38 39 40 42 43 44 45 46 47 48 49 50 51 52 53 54 55 56 57 58 59 60 61 62 63 64 65 66 67 68 69 70 71 72 73 74 75 76 77 78 79 80 81 82 83 85 86 87 88 89 90 91 93 94 95 96 97 98 100 101 102 104 105 107 108 109 110 111 112 113 115 116 117 118 119 120 121 123 125 126 127 128 129 132 133 134 137 138 139 142 143 144 147 148 149 150 151 152 156 157 158 159 160 162 163 165 166 168 169 171 172 174 175 178 179 180 181 182 183 184 185 186 187 188 189 190 192 193 194 196 198 199 200 201 204 205 206 209 210 211 214 215 216 217 219 220 221 222 224 225 226 227 229 230 233 234 235 236 237 241 242 243 245 246 247 248 249 250 251 252 254 255 256 257 258 259 260 261 262 263 264 265 266 267 268 269 270 271 272 273 274 275 276 277 278 279 280 281 282 283 284 287 288 289 290 291 292 293 294 295 297 298 299 300 302 303 304 305 306 307 308 309 310 311 313 314 315 317 318 319 320 321 322 323 324 326 328 329 330 331 332 333 334 335 336 337 338 339 340 341 342 343 344 345 346 347 348 349 350 351 352 353 354 355 356 357 358 359 360 361 362 363 366 367 368 369 370 371 372 373 374 375 376 377 378 379 380 381 382 383 384 386 387 388 389 390 391 392 393 397 398 399 400 402 404 405 406 407 408 410 411 412 413 414 415 416 419 421 422 424 425 430 431 433 435 437 440 441 443 444 445 446 447 448 450 451 452 453 457 458 459 460 463 464 465 466 468 469 471 472 473 475 476 477 478 479 480 481 483 486 487 488 489 491 494 495 496 497 499 500 501 502 507 508 509 510 512 513 514 515 516 518 519 520 521 522 524 525 526 527 528 529 530 531 532 533 534 535 536 537 538 539 540 541 542 543 544 545 546 547 549 550 551 552 553 554 555 556 557 558 559 560 561 562 563 565 566 567 568 569 570 571 572 573 574 575 576 577 578 579 580 581 582 583 584 585 586 587 588 589 590 591 592 593 594 595 596 597 598 599 600 601 602 603 605 606 607 608 609 610 611 612 613 614 615 616 617 618 619 620 621 622 623 624 625 626 627 628 629 630 631 632 633 634 635 636 637 638 640 641 645 647 649 650 652 653 654 655 656 658 659 660 661 662 663 664 665 667 668 669 670 671 672 673 674 675 676 677 678 679 681 682 683 685 686 687 688 690 691 692 693 694 700 701 702 704 705 706 709 710 711 712 713 715 716 717 718 720 721 722 725 726 727 728 730 731 732 733 734 736 737 738 739 741 744 745 746 747 748 749 752 753 754 755 756 757 760 761 762 763 764 765 766 767 769 770 771 772 773 774 775 776 778 780 781 782 783 784 785 786 787 788 789 790 791 792 793 794 795 796 797 798 799 800 801 802 803 804 805 807 808 809 810 811 812 813 814 815 816 817 818 820 821 822 824 825 827 828 829 830 831 832 833 834 837 838 839 840 841 842 843 845 846 847 848 849 850 851 852 854 855 856 858 859 860 861 864 865 866 867 868 869 870 871 872 873 874 875 876 877 878 880 881 882 883 884 885 886 887 888 889 890 891 892 893 894 895 896 898 901 902 903 904 905 907 908 909 910 911 912 913 914 915 916 917 918 919 921 922 923 924 925 926 927 928 929 930 931 932 933 936 937 938 939 940 941 942 947 948 949 950 951 954 956 958 960 961 963 964 965 966 967 968 969 970 971 972 973 974 975 976 977 982 985 986 990 993 994 995 998 999 1000 1001 1002 1003 1005 1006 1007 1008 1009 1010 1011 1012 1013 1014 1015 1016 1017 1018 1019 1020 1021 1022 1023 1024 0
1 2 3 4 5 7 8 9 10 14 16 17 18 19 20 21 22 23 24 25 26 27 28 29 30 31 32 35 36 38 39 40 41 42 43 46 47 50 51 52 55 56 57 58 59 60 61 62 63 65 66 68 69 70 72 74 75 76 77 78 79 80 81 82 83 84 85 88 89 91 92 95 96 98 99 100 101 102 103 104 105 106 107 108 111 112 113 114 115 116 117 118 119 120 121 124 125 126 127 128 129 130 131 132 133 134 135 136 137 140 141 142 143 144 146 148 149 150 151 152 153 155 156 157 158 160 166 167 168 169 170 171 172 174 175 176 177 178 179 180 181 183 184 185 186 188 189 190 191 193 194 195 197 198 199 200 201 202 203 204 206 207 208 209 210 211 212 213 215 216 217 218 219 220 221 222 223 224 225 227 229 231 232 233 235 236 237 240 241 242 243 245 246 248 249 250 251 254 0
1 2 3 4 7 8 9 11 12 13 14 15 17 19 20 21 25 27 28 29 30 33 34 35 36 37 39 40 41 42 43 45 46 50 51 53 54 56 57 58 59 60 62 63 65 66 67 68 70 71 72 73 76 78 79 81 82 83 85 86 87 89 90 93 95 97 98 99 101 102 103 104 105 106 107 108 110 111 112 114 115 116 117 122 123 124 125 127 128 129 130 131 132 133 134 136 137 139 140 141 142 143 144 145 147 148 153 155 156 157 158 159 164 165 166 167 169 170 173 174 175 176 177 179 180 181 185 186 189 190 192 193 194 195 197 198 199 200 202 204 205 207 209 210 212 214 215 216 217 220 222 224 225 226 227 228 229 230 232 233 234 237 239 240 242 244 245 246 248 249 250 251 252 253 254 255 256 257 258 259 261 262 263 264 265 266 267 268 269 270 271 272 273 274 275 276 278 279 280 281 284 286 287 289 294 295 297 298 300 301 303 305 306 307 308 309 311 312 313 315 316 318 321 322 323 324 325 326 327 328 329 330 331 332 333 335 336 337 339 340 341 342 344 345 347 348 349 351 352 354 359 361 362 364 365 366 369 370 371 373 376 377 379 380 381 382 383 385 386 387 388 390 391 392 393 394 395 397 398 400 402 403 404 405 406 407 408 409 410 411 413 414 415 416 417 418 419 421 422 424 425 426 427 428 431 432 433 434 435 438 439 441 442 444 446 447 448 449 450 451 452 453 454 455 456 457 460 461 465 466 467 469 470 471 472 473 474 478 479 480 481 482 483 485 487 488 490 495 497 498 502 503 504 505 506 507 508 509 510 511 512 0
1 2 3 4 5 6 7 8 9 10 12 14 15 16 17 19 20 21 22 24 25 26 28 31 32 33 35 36 37 39 40 42 45 46 47 50 51 52 55 56 57 58 59 61 64 65 66 68 69 70 71 72 73 74 75 76 78 79 80 81 83 84 85 86 87 89 93 94 96 97 98 99 100 105 106 107 109 110 111 113 114 116 118 120 123 124 127 0
1 5 6 7 8 10 12 15 16 18 19 23 24 28 29 30 31 32 0

71
1 2 6 7 8 9 10 11 12 13 14 15 16 17 18 19 22 23 24 25 26 27 28 29 30 31 32 33 34 38 39 40 41 43 44 45 46 47 48 49 51 52 53 54 55 56 57 58 59 60 61 62 63 64 65 66 67 68 70 71 72 74 75 76 77 78 79 80 81 83 84 86 87 88 89 90 91 92 93 94 95 96 97 98 99 100 101 102 103 104 107 108 109 110 111 112 113 114 116 117 118 119 120 121 122 123 124 126 127 128 129 133 134 135 136 137 138 139 140 141 142 143 144 145 146 149 150 151 152 154 156 157 159 160 162 165 166 167 168 169 170 171 172 174 175 176 178 179 180 181 182 183 184 187 188 189 190 191 192 194 195 196 197 198 199 200 201 202 203 204 206 207 208 209 210 211 212 214 215 216 217 218 219 220 221 222 223 224 225 226 227 230 231 232 234 235 236 237 240 241 245 246 247 248 249 250 251 252 253 254 255 256 257 258 262 263 264 265 266 267 268 269 270 271 272 273 275 276 277 278 279 280 281 282 283 284 285 286 287 288 289 290 292 294 296 297 298 299 300 301 303 304 305 306 310 311 312 313 314 315 316 319 320 322 323 324 325 326 327 328 329 330 331 332 334 335 336 338 339 340 341 342 344 345 346 349 350 351 352 353 354 355 356 357 358 359 360 361 362 363 364 365 366 367 368 369 370 371 372 373 374 375 376 377 379 380 381 382 383 384 386 387 389 390 391 392 393 394 395 396 397 398 399 400 401 404 405 406 407 408 409 412 413 414 415 416 418 419 420 421 422 423 424 425 426 428 429 430 431 432 434 435 436 437 439 440 441 442 443 444 446 448 449 450 452 453 454 455 457 458 459 460 461 462 463 464 465 466 467 468 469 470 471 472 473 474 475 476 478 479 480 481 482 483 484 485 487 488 489 490 491 492 493 494 495 496 497 498 499 500 501 502 503 504 505 506 507 508 509 510 511 512 514 515 516 517 518 519 520 521 522 523 524 525 526 527 528 531 532 533 534 535 536 537 538 539 540 542 543 544 547 548 549 550 551 552 553 555 556 557 558 559 560 562 563 566 567 569 570 571 572 573 574 575 576 577 578 579 580 584 585 586 588 589 590 591 592 594 595 596 597 598 599 600 602 603 604 605 606 607 608 609 610 611 612 613 615 616 617 618 619 620 621 622 623 624 625 627 628 630 631 632 633 635 636 637 638 639 640 641 642 643 645 646 647 648 649 651 652 653 654 655 656 657 658 659 660 661 662 663 664 665 666 667 668 669 670 671 672 673 674 675 676 677 679 680 682 683 684 685 686 687 688 690 691 692 693 695 696 698 699 700 701 702 703 704 706 707 708 709 710 711 712 713 714 715 716 717 718 719 720 723 724 725 726 727 728 729 730 731 732 733 734 735 736 737 738 739 742 743 744 745 746 747 748 749 751 752 753 754 759 760 761 762 763 764 765 766 768 770 771 772 773 774 775 776 777 778 779 780 781 782 783 784 787 788 789 790 791 792 793 795 796 800 802 803 804 805 807 808 809 810 811 814 815 816 818 819 820 821 822 823 824 825 826 827 829 830 831 832 833 834 835 836 837 838 840 841 842 843 844 845 846 847 848 850 851 852 853 855 858 859 860 861 862 863 864 865 866 867 868 869 870 871 874 875 876 877 878 879 880 881 882 883 884 885 886 887 888 889 890 891 892 893 896 897 898 899 900 901 902 903 905 906 907 908 909 910 912 913 914 915 916 917 918 919 922 923 924 925 926 927 928 929 930 932 933 934 935 936 937 938 939 940 941 942 943 944 945 946 947 948 949 950 951 952 953 954 955 956 957 958 959 960 961 962 963 964 965 966 967 968 970 971 972 973 974 975 976 977 978 979 980 981 982 983 984 985 986 987 988 989 990 991 992 994 995 996 997 998 999 1000 1001 1002 1003 1004 1005 1006 1007 1008 1009 1010 1011 1012 1013 1015 1016 1017 1018 1019 1020 1021 1022 1023 1024 0
1 3 4 5 6 7 10 12 13 14 15 16 17 18 19 20 21 22 23 24 25 26 28 29 30 31 32 34 35 36 37 38 39 40 41 42 43 44 45 47 48 49 50 51 52 53 55 56 57 58 59 60 61 62 63 64 65 66 67 68 69 70 71 72 73 74 75 76 77 79 80 81 82 83 84 85 86 88 89 90 93 94 95 96 97 98 99 100 101 102 104 106 107 109 110 112 113 114 115 116 118 119 120 121 123 124 125 127 128 129 130 131 132 134 135 137 138 140 141 142 143 144 145 146 147 148 149 151 152 154 155 156 157 158 159 160 161 162 164 165 166 167 168 169 170 171 173 174 175 176 178 179 180 181 182 183 184 185 186 187 188 189 190 191 192 193 194 195 196 197 198 199 200 201 202 203 204 207 208 209 210 213 214 215 216 217 218 219 220 221 223 224 226 227 228 229 230 232 233 235 237 238 239 240 241 242 243 245 246 247 248 249 250 251 252 253 254 255 256 0
1 2 3 4 5 6 7 8 9 10 11 12 13 15 17 18 19 20 22 23 24 25 26 27 28 29 30 31 32 33 34 36 37 39 41 42 43 44 45 47 48 49 50 51 52 54 55 56 57 58 59 61 62 63 64 65 68 69 71 72 73 74 75 77 78 79 81 83 84 85 87 88 89 90 91 97 98 99 100 102 103 104 105 106 107 108 111 112 113 114 115 116 118 119 120 121 122 127 128 129 130 131 132 133 134 135 136 137 139 141 143 147 148 150 151 152 153 155 156 157 158 161 162 163 164 165 166 167 168 169 170 172 173 174 176 177 182 183 184 185 187 188 189 190 191 192 194 197 203 204 205 207 208 209 210 211 212 215 216 218 219 222 223 224 225 226 227 228 230 231 232 234 235 236 238 239 240 241 242 243 244 245 247 248 249 250 251 253 254 255 256 257 258 259 261 264 265 266 267 268 271 273 274 275 277 278 279 280 281 284 285 287 288 289 290 291 292 293 294 295 296 297 298 300 301 302 303 304 305 307 309 310 311 312 314 315 317 318 319 320 321 322 324 325 326 327 332 333 335 336 337 339 340 341 342 344 345 346 347 348 349 350 351 352 355 358 359 361 362 363 364 365 366 367 370 372 374 375 376 378 379 380 382 383 384 385 386 387 388 389 390 391 392 394 396 397 398 399 400 401 403 405 406 407 410 411 415 420 422 423 424 425 427 428 429 430 431 432 433 434 436 437 438 439 441 442 443 444 445 446 447 449 450 451 452 453 455 456 460 461 462 464 465 466 467 470 471 473 474 475 478 479 480 482 484 485 486 488 489 490 491 492 493 494 495 498 499 500 501 502 503 504 505 506 507 508 509 510 511 512 0
2 3 4 7 8 9 10 11 13 15 16 17 19 21 22 23 24 29 32 34 35 36 39 41 42 43 44 45 46 47 51 53 54 55 56 57 59 60 61 62 64 65 66 68 69 70 71 72 76 77 78 79 82 83 84 85 86 87 88 89 90 93 94 95 96 98 101 104 105 108 111 112 113 114 115 116 118 120 121 122 123 126 127 0
4 5 6 8 9 12 14 19 21 25 26 27 31 0

72
1 3 4 5 10 11 12 14 15 20 26 27 28 29 30 32 39 41 42 43 45 46 48 49 53 56 57 58 59 60 61 62 64 68 71 72 73 77 80 81 86 87 89 92 97 101 102 103 104 107 108 109 110 111 112 113 116 117 118 119 122 123 124 125 126 127 129 131 132 133 135 137 138 139 140 143 144 145 146 147 148 149 153 154 158 159 160 161 162 163 164 165 166 167 169 170 171 172 173 174 175 176 177 182 183 188 189 190 191 192 193 194 197 199 200 201 203 204 205 208 209 210 211 212 213 214 215 216 217 218 219 220 221 225 226 227 228 229 230 231 233 234 236 237 238 239 241 242 243 244 245 246 247 250 251 252 253 254 255 256 257 263 264 265 269 271 273 274 279 280 285 286 287 290 291 293 294 300 302 304 305 306 307 308 309 310 315 316 317 318 319 320 321 322 323 324 325 328 330 331 332 333 334 335 336 338 339 340 341 343 344 346 347 348 349 350 351 352 354 355 356 357 359 360 361 362 363 365 367 369 370 371 372 375 376 377 378 386 387 388 389 390 391 392 393 394 396 400 401 407 413 414 415 416 417 418 420 422 425 426 427 429 430 431 432 434 435 438 442 443 446 447 448 450 451 453 454 455 459 460 463 464 466 468 471 475 476 477 478 479 480 486 487 488 489 490 491 492 493 494 495 496 497 498 502 503 504 505 506 507 508 509 510 512 513 514 517 518 519 520 521 524 525 529 530 532 533 534 535 536 537 540 542 543 544 545 546 547 548 549 550 551 552 555 557 558 559 560 561 562 563 564 565 566 567 568 570 571 572 573 574 575 576 577 578 579 580 581 582 583 584 585 586 587 588 589 590 591 592 593 594 595 596 597 599 601 602 603 604 605 606 607 608 609 610 611 612 615 616 617 618 620 621 622 623 624 625 626 627 628 630 631 632 633 634 639 640 641 642 643 646 647 648 649 650 651 652 653 654 656 657 661 662 663 664 665 666 667 668 669 670 671 672 673 675 676 678 679 680 681 683 684 687 688 689 690 691 693 694 695 696 697 698 699 702 703 704 705 706 707 709 710 713 714 718 719 720 723 724 725 733 734 735 736 742 743 747 748 749 750 753 758 759 760 762 763 764 765 766 768 769 770 772 773 774 775 776 777 778 779 780 781 784 785 786 787 788 789 790 791 792 797 798 799 800 801 802 806 808 809 811 814 817 818 819 821 823 824 825 826 830 833 834 835 836 837 840 841 842 843 844 845 846 847 848 849 850 854 855 856 857 858 859 860 861 862 863 864 865 866 867 868 869 871 872 877 878 879 880 881 882 883 884 885 886 887 888 892 897 898 901 902 903 904 905 906 907 908 909 910 911 915 916 917 918 919 920 921 922 923 924 930 931 932 933 934 935 936 937 938 939 943 944 945 946 948 949 950 951 952 953 954 955 957 958 959 960 962 964 965 966 967 968 969 971 972 973 974 975 976 981 989 990 995 996 998 999 1000 1003 1004 1005 1006 1010 1011 1012 1013 1016 1017 1022 1023 0
1 2 6 7 8 10 11 12 13 14 15 16 19 20 27 28 29 30 32 36 40 47 49 51 52 54 57 58 59 61 64 66 67 69 70 71 72 73 74 77 78 79 81 83 84 87 88 89 90 91 92 94 95 96 97 98 99 100 102 105 106 108 109 110 111 112 115 116 118 121 122 123 124 127 128 129 130 131 132 133 134 135 136 138 139 142 143 144 148 149 150 153 155 156 160 163 166 167 168 169 170 171 172 173 174 175 176 181 183 185 186 187 188 189 190 193 194 195 196 197 198 199 200 201 204 205 207 209 210 211 212 214 215 216 217 218 222 223 224 225 226 227 228 229 230 231 233 234 235 236 238 239 240 241 242 243 244 245 247 248 250 251 252 254 255 0
1 3 4 5 6 7 8 9 10 12 13 16 18 19 20 26 27 28 29 31 32 34 35 36 37 40 41 43 46 48 49 50 52 53 55 56 57 58 59 61 62 68 69 70 71 72 73 74 75 77 79 80 83 86 87 88 89 90 91 92 94 95 96 98 99 100 104 106 107 108 109 110 111 116 117 118 120 123 124 126 128 129 130 133 134 135 136 137 138 139 140 142 144 145 146 147 148 150 151 152 153 154 155 156 157 160 161 163 164 168 170 173 174 175 179 180 181 183 184 185 186 187 188 189 190 195 196 199 200 202 203 204 205 206 207 208 209 210 211 212 213 214 215 216 217 218 219 220 221 224 226 227 228 229 234 237 238 239 240 242 246 247 248 249 251 252 254 255 256 257 258 260 261 263 264 265 266 268 269 270 274 275 276 280 281 282 286 287 288 289 291 295 297 298 299 300 302 304 305 307 308 310 311 312 313 315 316 318 320 323 324 326 327 329 331 332 334 336 337 338 339 342 343 346 347 348 350 351 354 356 358 359 361 363 364 365 366 373 375 376 377 378 379 380 381 382 385 386 387 388 389 390 391 392 394 396 397 400 403 404 405 406 408 409 410 413 414 418 419 421 422 423 424 425 426 427 428 429 430 431 434 435 436 437 438 439 440 442 443 444 445 446 448 449 450 451 452 453 456 457 458 459 460 461 463 465 466 467 474 475 476 477 479 482 483 486 487 489 490 491 493 494 495 499 500 501 502 503 505 506 507 508 509 510 511 0
1 3 4 5 6 8 11 13 15 20 21 22 24 26 27 28 32 33 34 35 37 38 39 41 42 43 45 46 47 50 52 53 54 55 56 57 58 59 62 64 66 73 76 77 78 80 82 85 87 89 90 91 93 94 95 96 104 106 107 108 109 110 112 114 120 122 124 127 128 0
6 12 18 20 23 24 29 30 31 32 0

73
4 5 6 7 9 10 11 12 13 16 17 18 19 20 21 22 23 24 25 26 27 28 29 30 31 32 33 34 35 37 38 39 40 41 43 44 45 46 47 48 50 51 53 54 56 60 61 62 63 64 65 66 67 72 74 75 76 77 78 79 80 81 82 83 85 87 88 89 90 91 92 93 97 98 102 103 104 105 106 107 108 111 113 114 115 117 118 119 120 121 122 124 126 127 129 130 134 135 136 137 139 141 142 143 145 146 149 150 151 152 153 155 157 158 159 160 161 164 165 166 167 168 171 174 176 177 179 180 181 185 188 189 190 191 192 195 196 197 199 200 201 204 205 206 207 208 209 210 211 212 215 216 217 218 220 221 222 223 225 227 228 229 231 232 233 234 235 236 237 238 239 240 241 245 247 249 251 252 253 254 256 260 261 262 264 265 266 269 271 272 273 274 275 276 277 278 279 280 281 283 284 285 286 287 288 289 290 295 296 297 298 303 304 306 307 308 309 310 311 312 313 314 317 318 319 320 322 323 324 325 326 327 328 329 330 331 332 333 336 337 338 339 340 341 342 343 344 350 352 354 355 356 357 358 361 362 365 366 367 368 375 376 377 378 379 380 381 388 389 390 391 392 393 394 395 400 403 404 405 406 407 408 409 410 411 412 413 414 415 416 419 422 423 424 425 427 428 429 431 432 435 439 440 441 442 443 444 445 447 448 450 451 452 453 454 456 457 458 459 460 464 465 466 467 468 469 471 472 481 482 486 487 488 489 490 491 496 497 498 499 500 501 502 503 504 505 506 507 508 509 510 511 512 513 514 515 517 518 519 520 521 522 523 524 525 526 527 528 529 530 531 532 533 534 535 536 537 538 542 543 544 545 546 547 548 549 550 551 552 553 554 559 560 561 565 566 567 568 569 570 571 575 576 580 581 582 583 590 591 592 595 596 597 598 599 605 606 609 610 611 612 613 615 620 621 622 624 625 626 627 628 629 632 633 634 635 636 638 640 643 644 645 647 648 649 650 651 656 658 659 660 661 663 664 665 666 667 668 671 672 674 678 679 680 681 682 683 684 686 687 688 689 690 693 694 695 696 697 698 699 700 703 704 705 706 707 708 709 710 711 712 713 714 715 719 720 721 724 725 726 727 728 729 730 731 736 737 741 742 743 744 745 746 751 752 753 754 755 757 758 759 760 761 767 768 769 773 774 775 776 777 778 779 780 781 782 783 784 785 786 787 788 789 790 791 792 793 794 799 800 801 802 803 804 805 806 807 808 809 810 811 812 813 814 815 816 817 818 819 820 821 822 823 824 825 826 827 831 832 833 834 835 836 837 838 839 840 841 842 846 847 848 852 856 857 859 860 861 862 865 866 867 873 874 875 876 877 880 882 883 884 885 886 887 888 889 892 893 895 896 898 899 900 901 902 903 904 907 908 909 910 911 912 914 918 919 920 921 922 923 924 936 937 938 939 942 943 944 945 946 947 948 950 951 952 953 954 955 960 961 962 963 964 966 967 968 971 972 973 976 981 982 983 984 985 986 987 990 991 992 996 997 999 1000 1007 1008 1009 1011 1013 1015 1016 1017 1018 1019 1020 1021 1022 1023 1024 0
1 2 3 4 5 6 8 10 11 12 15 17 18 20 21 22 26 28 29 33 38 39 40 43 46 47 50 51 52 53 55 57 59 60 61 62 63 64 65 66 67 68 69 70 73 74 75 76 77 78 79 80 81 82 83 84 85 86 87 89 90 91 92 93 94 96 97 99 102 103 104 105 106 107 109 110 111 112 114 115 116 118 119 120 121 122 124 125 126 127 129 130 131 132 133 134 136 137 139 142 143 145 146 148 149 150 151 153 154 155 156 157 158 160 161 162 163 164 165 166 167 168 169 171 172 174 175 177 178 179 180 181 183 184 185 186 187 189 190 191 192 193 194 195 196 197 198 199 200 201 202 206 207 208 209 210 211 212 214 215 216 217 218 219 220 221 222 223 224 225 226 227 228 229 230 233 235 236 237 238 239 240 241 242 243 244 247 248 249 250 252 253 254 0
2 3 4 5 6 7 8 9 11 12 13 17 18 19 24 25 26 27 30 32 34 35 36 37 38 39 41 42 43 44 48 49 50 51 52 56 57 58 59 60 61 62 63 64 65 68 69 70 72 73 74 75 76 77 81 82 83 84 88 90 91 92 94 96 97 98 99 100 101 102 103 106 108 109 110 111 116 117 118 120 122 124 126 127 128 129 130 131 132 133 134 137 138 140 141 142 144 146 147 148 152 153 154 155 156 160 164 165 166 169 170 171 173 174 175 176 180 182 183 184 188 189 193 194 195 196 200 201 202 205 208 209 210 211 214 215 217 218 219 220 222 223 226 227 228 229 230 232 233 234 235 236 237 239 240 242 245 246 248 251 252 256 257 258 259 261 264 265 266 268 269 270 273 274 275 276 277 278 280 281 282 283 285 286 287 289 295 296 298 299 302 303 306 310 312 315 316 318 320 322 323 324 326 327 328 330 331 332 333 334 335 336 337 338 339 341 342 344 350 351 356 357 358 359 361 363 364 365 368 369 371 372 373 374 376 377 378 381 382 383 384 385 386 387 388 389 390 391 392 394 395 396 397 400 401 404 405 406 408 409 410 412 413 414 415 417 418 419 420 423 425 427 428 429 430 433 434 437 438 441 444 445 446 449 450 451 452 453 454 457 458 459 460 461 462 464 467 468 469 470 471 473 474 475 476 478 480 482 483 484 485 486 488 489 490 492 493 494 496 501 505 506 507 508 510 511 512 0
1 2 3 4 5 11 12 13 16 17 24 27 29 30 31 32 34 35 37 38 40 41 43 45 46 47 49 50 51 54 56 57 58 59 60 62 63 65 66 67 68 69 70 71 72 77 78 79 80 82 83 84 87 88 89 91 94 96 98 99 100 101 103 104 109 111 112 113 114 115 116 117 118 120 121 122 123 125 127 128 0
1 2 6 9 12 15 17 18 19 20 21 22 23 25 28 0

74
1 2 3 4 5 6 7 8 9 10 11 12 13 14 15 16 17 18 19 20 21 22 23 24 25 26 27 28 29 30 31 32 34 35 36 37 38 39 40 41 42 43 44 45 47 48 49 50 51 52 53 54 55 56 57 59 60 62 63 64 65 66 67 68 69 70 71 72 73 74 75 76 77 78 79 80 81 82 83 85 86 87 88 89 90 91 92 93 94 95 96 97 98 101 102 103 104 105 106 107 108 109 110 111 112 113 117 118 119 121 122 123 124 125 126 128 129 130 132 133 134 135 136 137 138 139 140 141 142 143 145 146 147 148 149 150 151 152 153 154 155 156 157 158 160 162 163 164 166 167 168 169 170 171 172 173 174 175 176 177 178 179 182 183 184 185 186 187 188 189 191 192 193 194 195 196 197 200 201 202 203 204 205 206 207 208 210 211 215 216 218 219 220 221 222 223 224 225 228 230 232 234 235 236 237 239 240 245 247 248 250 251 252 253 254 255 256 257 258 259 260 261 262 263 264 265 266 267 268 269 270 271 272 273 274 275 276 277 279 280 281 282 283 284 285 286 287 288 289 290 291 292 293 294 295 296 297 298 299 300 301 303 304 305 307 308 309 310 311 312 313 314 315 316 317 320 321 322 323 324 326 327 328 329 330 331 332 333 334 336 337 341 342 343 344 345 346 349 352 353 354 355 357 358 360 361 364 365 366 367 368 369 372 373 374 375 376 377 378 379 380 381 382 383 384 385 386 388 389 390 391 392 393 394 396 397 399 400 401 402 403 404 405 406 407 408 409 411 412 413 414 415 416 417 418 419 420 421 422 423 424 425 426 427 428 429 430 431 434 435 436 437 438 439 440 441 442 443 444 445 447 448 449 450 451 452 453 454 455 456 459 460 461 463 464 466 468 474 475 476 477 478 479 481 482 484 485 486 489 490 491 492 493 495 496 497 498 499 500 501 502 503 504 505 506 507 508 509 510 511 512 513 514 515 516 517 518 519 520 521 522 523 524 525 526 527 528 529 530 531 532 533 534 535 536 537 538 539 540 541 542 543 544 545 546 547 548 549 550 551 552 553 554 555 556 557 558 559 560 561 562 563 564 565 566 567 568 569 570 571 572 573 574 575 576 577 578 579 580 581 582 583 584 585 586 587 588 589 590 591 592 593 595 596 597 598 599 600 601 602 603 604 605 606 608 609 610 612 613 614 615 616 617 618 619 620 621 624 625 628 629 630 633 634 635 636 637 638 640 641 644 645 646 647 648 649 650 651 652 653 654 655 656 657 658 659 660 661 662 663 664 665 666 667 668 669 670 671 672 673 674 675 676 677 678 679 680 681 682 683 684 685 686 687 688 689 690 691 693 694 695 696 697 698 699 700 701 702 703 704 705 706 707 709 710 711 712 713 714 715 716 718 719 720 722 726 727 728 729 730 731 732 733 734 735 736 740 746 747 748 749 750 751 752 755 756 757 758 759 760 761 762 763 764 765 766 767 769 770 771 772 773 774 775 776 777 778 779 780 781 782 783 784 785 786 787 788 789 790 791 792 793 794 795 796 797 798 799 800 802 803 804 805 806 807 808 809 810 811 812 815 816 818 819 820 821 822 823 824 825 826 827 828 829 830 831 833 837 838 839 840 841 843 844 847 849 850 851 852 855 856 857 858 859 860 861 862 863 864 865 866 869 870 873 874 875 876 877 879 880 881 885 886 887 888 889 890 895 896 897 898 899 900 901 902 903 906 907 908 909 910 912 913 914 915 916 917 918 919 920 921 922 923 924 925 926 927 928 929 930 931 932 933 934 935 936 937 938 939 940 941 943 944 945 946 947 948 949 950 951 952 953 954 957 958 959 960 961 962 963 964 965 966 967 968 969 970 971 972 973 974 975 976 977 978 979 980 982 984 985 986 987 989 990 991 992 999 1000 1003 1004 1005 1006 1007 1008 1011 1012 1015 1016 1017 1018 1019 1020 1021 1022 1023 1024 0
1 2 3 4 5 6 7 8 11 12 13 14 19 20 21 22 25 26 30 33 35 36 37 38 39 41 42 44 45 46 47 48 49 51 52 53 54 55 56 58 59 60 63 64 65 66 67 68 69 70 71 72 73 75 76 77 78 79 80 81 83 84 85 86 87 88 89 90 91 92 93 94 95 97 98 99 100 101 102 103 105 106 107 108 109 110 112 113 114 115 117 118 119 120 121 122 124 125 126 127 128 129 130 131 132 133 134 135 136 137 141 142 143 144 145 147 148 149 150 152 153 155 156 157 159 160 161 162 163 164 166 167 168 170 171 172 173 174 175 177 178 179 180 181 182 184 185 186 187 188 189 190 192 193 194 195 196 197 198 199 200 201 203 204 205 206 207 208 209 210 211 213 214 215 216 217 218 219 221 222 224 225 227 228 229 230 231 232 233 234 235 236 237 239 240 241 242 243 244 245 246 247 250 251 252 253 254 255 256 0
1 2 3 4 5 6 7 8 9 11 12 13 14 15 16 18 19 20 21 22 23 25 26 28 29 30 33 36 37 39 40 41 42 43 45 46 47 48 49 50 51 52 53 56 58 59 60 61 62 63 64 65 66 67 68 71 72 74 76 77 78 79 80 81 82 83 85 87 89 90 91 94 95 99 100 101 102 103 104 106 108 111 112 113 114 115 116 117 119 120 122 124 126 127 128 129 131 132 133 134 135 136 139 140 145 146 147 148 149 150 151 153 155 156 158 161 162 163 164 165 166 167 170 172 174 175 177 179 180 181 182 183 184 185 186 187 188 190 192 194 196 197 198 200 201 202 203 205 206 207 208 209 211 212 213 215 218 220 221 222 223 226 227 229 231 232 233 237 238 239 240 241 242 243 246 247 248 249 252 253 254 255 256 257 260 261 264 265 266 267 268 271 273 274 275 276 277 278 279 281 282 283 284 285 286 287 290 291 292 294 297 298 300 301 304 305 306 308 309 310 311 314 315 316 317 318 319 320 324 326 327 328 331 332 335 336 337 340 341 343 345 346 348 349 350 352 353 355 358 360 361 362 363 366 370 372 374 375 376 377 378 379 383 384 385 386 387 388 389 390 391 392 393 394 395 396 397 398 399 400 402 405 406 407 409 410 412 413 415 416 417 418 419 421 422 423 426 428 429 435 436 437 438 440 441 442 445 446 447 449 451 452 454 455 456 459 460 461 462 463 464 466 468 469 470 471 474 475 477 478 480 481 482 483 484 486 487 488 489 490 491 492 494 495 496 499 500 501 502 504 505 506 507 508 511 512 0
1 3 4 5 7 8 12 13 14 15 16 18 19 20 23 24 26 27 28 29 30 31 32 33 35 36 38 39 41 42 44 45 48 49 53 54 55 56 59 60 61 63 64 66 68 69 70 72 73 74 75 76 77 78 80 83 85 86 88 89 93 94 98 99 100 102 104 107 108 109 111 112 115 117 119 120 122 123 0
1 2 3 4 6 7 9 11 14 17 18 20 21 24 25 27 28 29 32 0

75
1 2 4 5 6 7 8 9 10 11 12 15 16 17 20 22 23 24 26 27 28 32 33 37 38 40 41 42 43 44 45 46 47 48 49 50 51 53 54 55 56 60 61 63 65 67 68 69 70 71 72 73 74 75 79 81 82 83 85 86 87 90 92 93 94 95 96 98 99 100 101 102 104 105 107 108 110 112 114 116 117 118 119 120 122 123 126 127 128 129 130 131 132 133 134 135 136 137 138 139 141 142 143 144 145 146 147 151 153 154 155 156 158 160 162 163 166 167 168 169 170 171 173 174 176 178 179 183 185 186 187 188 189 190 193 198 199 200 202 204 205 206 207 208 210 211 212 215 216 217 218 219 221 222 223 224 225 226 227 228 231 232 233 234 236 237 238 239 240 241 244 245 248 249 251 255 257 258 261 265 266 267 268 269 270 271 273 274 275 277 279 280 281 287 288 289 290 291 292 294 295 296 297 298 302 303 304 305 307 309 310 311 312 313 314 315 317 318 319 322 325 326 327 328 329 330 331 332 334 335 336 337 338 339 340 341 342 343 344 345 346 347 348 351 352 353 354 355 357 360 361 362 363 366 367 368 369 370 371 372 373 374 375 376 378 384 385 386 387 388 389 390 391 392 393 397 399 400 401 402 403 404 405 406 407 408 410 411 412 413 416 418 419 420 423 424 428 429 430 431 432 434 435 436 437 440 441 442 443 444 445 446 447 448 449 452 453 454 455 456 457 458 459 460 461 464 465 471 472 473 474 475 476 477 480 481 485 486 487 491 492 493 494 496 497 498 499 500 501 502 503 506 507 508 509 510 511 512 514 515 516 517 518 519 523 524 527 528 529 530 531 532 533 534 535 538 540 542 543 544 546 547 548 549 550 552 554 555 559 560 561 562 563 565 567 568 571 572 574 575 578 579 580 581 582 583 584 585 586 588 591 593 594 595 597 598 599 600 601 602 604 607 608 610 612 613 614 615 616 617 618 619 620 621 623 624 628 629 630 631 632 633 635 638 639 640 642 644 645 646 647 648 649 654 656 657 658 659 660 661 663 664 665 667 670 671 672 673 674 675 676 677 679 680 681 682 683 686 687 688 689 691 692 693 694 696 697 698 699 701 702 703 704 709 710 711 716 717 718 719 720 723 725 726 727 728 729 730 731 732 736 737 739 741 743 745 746 747 748 749 751 752 753 754 755 756 757 758 759 764 765 767 768 769 770 771 773 774 775 778 779 780 781 782 783 784 786 787 788 789 790 791 794 795 796 797 798 799 800 801 802 805 806 807 808 809 810 811 812 813 816 818 819 820 821 822 823 824 825 826 827 828 829 830 834 836 837 839 840 841 842 843 845 846 847 848 849 850 851 852 853 855 856 857 858 859 860 861 864 865 867 868 870 871 872 873 875 876 880 881 883 884 885 886 887 888 889 890 891 892 893 894 895 896 897 899 900 901 902 903 904 905 906 909 910 911 912 913 914 915 917 919 920 921 922 923 924 925 926 929 930 931 933 935 936 937 938 940 941 942 943 944 945 946 947 948 949 950 951 952 953 954 956 957 958 959 960 965 966 967 968 969 970 971 972 973 976 978 979 981 982 983 984 985 986 988 989 990 991 992 993 994 995 996 998 999 1000 1001 1002 1003 1006 1007 1008 1009 1010 1011 1012 1013 1014 1015 1016 1017 1018 1019 1023 1024 0
1 2 4 6 8 9 12 15 18 19 21 22 23 24 26 27 29 33 34 35 37 38 39 40 42 43 45 46 47 51 54 57 58 59 60 61 62 63 64 67 72 73 74 75 76 77 78 80 81 83 84 85 87 88 89 91 93 94 98 99 102 103 104 105 107 109 110 111 113 114 115 116 117 118 119 120 121 124 125 126 127 128 129 130 131 132 133 135 136 140 141 142 144 145 147 148 150 151 152 155 157 158 161 162 163 164 165 166 167 168 169 170 171 172 175 177 179 180 181 183 185 186 188 189 191 192 194 195 196 197 198 199 202 204 205 207 208 209 210 211 212 214 215 216 217 218 219 220 221 222 223 224 225 226 227 229 231 232 233 234 237 238 239 242 243 244 246 247 249 250 251 252 253 254 255 256 0
1 3 4 6 7 8 9 10 11 13 14 17 18 21 22 23 26 27 29 30 31 32 33 34 35 36 37 39 40 42 44 46 48 49 50 51 52 53 54 55 57 58 59 60 61 62 63 64 66 67 68 69 70 71 72 73 75 78 79 80 81 82 83 84 85 86 87 88 90 91 94 96 97 98 100 102 106 108 110 111 112 113 115 116 118 119 120 122 123 124 125 126 127 128 130 131 134 136 137 139 141 142 143 144 146 147 149 150 153 155 156 157 159 166 168 169 170 171 173 174 176 180 181 183 184 185 186 187 188 189 190 192 193 194 195 197 199 200 202 203 204 205 207 208 209 211 213 214 215 216 217 218 219 220 224 227 231 232 233 237 238 240 242 243 244 245 246 247 248 249 250 251 252 255 256 257 258 259 260 261 262 263 264 265 266 268 269 270 272 273 274 275 276 277 278 280 281 282 284 285 286 289 290 292 294 295 296 297 299 303 307 310 312 313 314 315 316 319 322 323 324 325 326 327 328 329 330 332 333 334 336 337 338 339 342 343 344 345 346 347 352 353 354 355 356 357 359 361 362 363 364 366 368 369 370 371 372 373 374 375 376 377 378 379 380 383 384 385 386 387 388 389 390 391 392 393 395 396 400 401 402 404 405 410 411 412 413 415 417 418 419 420 422 426 430 431 433 434 435 437 438 439 440 442 445 446 447 449 452 453 454 455 456 458 459 460 461 462 463 464 465 466 467 468 469 470 471 475 481 482 483 484 485 486 492 493 495 496 497 498 499 500 501 502 503 505 506 507 508 509 510 511 512 0
2 4 7 8 9 11 12 13 14 15 16 17 19 23 24 25 26 28 29 30 35 37 38 39 40 42 43 46 48 49 51 54 55 56 57 58 59 60 61 63 65 66 68 69 70 75 76 77 78 79 80 85 86 87 89 90 91 92 94 96 100 101 102 103 104 108 114 115 118 119 122 123 125 126 127 128 0
1 5 6 9 11 12 14 16 20 22 23 25 27 28 32 0

76
1 2 3 4 6 7 11 12 13 14 15 16 18 19 21 23 24 25 27 28 30 31 32 33 34 36 37 38 40 41 43 46 47 48 50 52 53 54 56 57 59 60 62 64 66 67 68 69 70 72 73 74 77 78 79 80 81 82 84 85 86 88 89 90 91 93 94 96 97 98 99 100 101 103 104 105 106 107 108 110 111 112 113 114 115 116 117 118 122 124 125 126 127 128 131 132 133 135 136 137 138 140 142 143 144 147 149 150 152 153 155 157 158 159 160 162 163 165 166 168 171 172 173 174 175 176 178 179 180 182 186 187 188 189 190 191 192 193 194 195 196 197 198 199 200 201 202 203 204 205 206 207 208 210 211 212 213 214 215 216 217 218 219 220 221 222 223 224 225 227 228 230 231 232 234 235 237 238 239 240 241 242 244 245 246 247 248 249 250 251 255 256 257 258 259 262 263 264 267 268 269 270 271 272 274 275 276 277 278 283 284 288 290 291 292 293 294 295 296 302 303 304 305 307 308 309 310 311 312 314 315 316 317 318 319 320 321 322 323 324 325 326 328 329 334 335 336 337 338 339 340 341 342 343 344 350 351 352 353 354 355 356 357 358 359 362 366 367 368 369 370 371 372 377 378 379 380 382 383 384 386 387 390 391 392 393 394 395 396 398 399 400 401 402 403 406 407 408 409 410 413 414 415 416 417 418 419 424 425 428 429 430 431 432 434 435 436 437 438 440 441 443 444 445 446 447 448 449 450 451 452 453 454 455 456 459 460 462 463 464 465 466 467 468 474 475 477 478 479 480 482 483 484 485 486 487 488 490 492 493 494 495 496 497 498 499 500 501 502 503 504 505 506 507 508 509 510 511 512 513 514 515 516 519 520 521 522 523 524 525 526 527 528 529 530 531 535 536 537 538 541 542 543 544 545 546 547 548 550 551 552 553 558 559 560 561 562 563 564 565 566 567 568 569 573 574 575 576 578 579 580 581 582 583 584 589 590 591 592 593 594 595 596 597 598 605 607 608 609 611 612 613 614 616 617 621 622 623 624 625 626 627 628 629 630 631 632 634 635 636 637 638 639 640 641 642 643 645 646 648 649 650 651 653 654 655 656 657 658 659 664 665 669 671 672 673 674 675 676 678 679 680 681 682 683 684 685 686 688 689 690 691 692 693 694 695 696 697 700 701 703 704 705 706 708 709 710 711 715 716 719 720 721 722 724 725 726 727 730 731 732 736 737 738 740 741 742 743 744 746 747 748 749 750 752 753 754 755 756 757 758 759 760 761 762 763 764 765 766 768 769 770 771 772 775 776 777 778 779 781 782 783 784 786 791 792 793 794 795 796 797 798 799 800 801 802 804 805 806 807 808 809 813 815 816 817 818 819 820 821 822 824 827 831 832 833 834 835 836 837 838 844 845 846 847 848 849 850 852 853 854 856 859 862 863 865 866 867 868 869 870 871 872 874 875 877 878 879 880 881 882 883 884 885 890 893 894 895 896 897 898 900 901 902 903 904 905 906 908 909 910 911 912 913 914 915 919 922 923 924 925 926 927 928 929 930 931 932 934 935 936 937 938 939 940 941 942 943 944 945 946 949 950 951 952 953 956 957 958 959 960 961 962 963 964 965 966 967 968 971 972 973 974 975 976 977 978 979 980 981 982 983 984 986 987 988 989 991 992 994 995 1000 1003 1004 1005 1006 1007 1008 1009 1010 1011 1012 1014 1015 1016 1017 1018 1019 1020 1021 1022 1023 1024 0
1 2 4 5 6 7 8 10 16 17 18 19 20 21 23 24 25 26 30 31 32 33 36 37 40 42 43 47 50 51 52 54 56 57 58 60 62 63 64 66 67 68 69 70 72 73 74 75 76 77 79 80 82 83 84 85 86 87 88 89 90 91 92 95 96 97 98 99 100 101 102 103 104 105 106 107 110 111 112 113 114 116 117 118 119 120 121 122 123 124 126 127 128 129 130 131 132 133 134 135 136 137 138 139 140 141 142 144 146 147 148 149 150 151 152 153 154 155 156 157 158 159 160 161 165 168 169 171 172 173 175 176 177 178 179 180 181 182 183 184 185 187 188 189 190 191 192 193 195 196 197 198 199 200 201 202 204 205 206 207 209 210 211 213 214 215 217 218 220 221 224 225 226 227 228 230 231 232 234 235 236 237 238 239 240 241 242 243 244 245 246 247 248 249 250 251 252 254 255 256 0
2 4 5 6 7 8 10 11 17 19 20 23 24 25 26 27 28 29 31 32 33 34 35 36 37 38 39 40 41 43 46 47 48 49 50 52 53 54 58 59 60 61 62 63 64 65 67 69 70 72 76 80 81 82 83 86 87 88 89 92 93 94 95 96 97 98 99 100 101 102 103 104 105 107 110 111 112 114 115 119 121 123 124 125 126 127 128 129 130 131 134 136 137 138 139 145 147 148 150 151 153 154 155 156 158 160 161 162 163 165 166 167 168 169 172 173 175 178 181 182 183 190 193 194 195 197 199 201 202 203 207 208 209 210 211 215 217 220 223 224 225 226 227 229 230 231 236 237 238 239 240 241 242 243 245 246 247 250 251 252 253 254 255 256 257 258 259 260 265 266 269 270 272 273 274 275 276 277 278 279 280 281 282 284 285 286 287 288 289 290 292 293 294 296 297 298 299 303 304 305 306 307 309 310 311 312 313 314 315 317 318 319 320 321 323 324 325 326 327 328 329 330 331 332 333 335 336 338 339 342 343 346 347 349 351 352 354 357 359 360 361 365 366 367 369 372 373 374 375 376 377 379 380 381 383 384 385 387 388 389 390 391 392 393 394 398 399 400 401 402 403 404 405 406 407 409 412 413 414 415 416 417 418 423 424 428 429 432 433 434 435 438 440 442 443 444 446 447 448 449 451 455 456 457 458 460 462 463 465 466 467 468 469 470 471 472 473 474 478 479 482 483 485 486 487 488 489 490 491 492 494 496 498 499 502 505 507 508 511 512 0
2 3 5 6 8 11 13 14 15 17 20 21 22 23 24 26 27 28 29 31 32 33 37 38 39 40 41 43 44 45 47 48 49 51 55 56 57 58 59 60 61 62 63 65 69 72 73 74 75 76 77 78 79 80 81 84 89 92 93 94 95 96 97 98 99 104 105 106 108 110 112 113 114 115 116 117 118 119 120 121 122 123 124 126 128 0
2 3 7 8 9 10 14 15 17 18 21 23 24 25 26 29 32 0

77
1 3 4 5 9 10 11 15 16 17 20 21 22 26 27 29 30 31 32 36 37 39 40 41 42 43 44 46 47 48 51 52 53 54 55 56 57 58 59 60 61 62 64 67 68 70 71 72 74 77 78 80 81 82 83 86 89 90 91 93 94 95 97 98 99 100 101 102 103 106 107 108 109 111 113 116 117 118 119 122 123 124 129 132 133 134 135 137 138 139 140 143 148 149 150 153 154 155 156 157 158 159 161 165 166 168 169 170 171 173 174 175 179 180 181 182 183 185 186 188 189 190 192 193 195 196 197 198 199 200 201 203 204 205 208 209 211 212 214 215 216 217 218 219 220 221 223 224 225 226 228 230 231 232 235 236 238 239 240 241 244 248 250 251 252 253 254 256 257 258 259 260 261 262 263 264 265 266 267 268 269 270 271 273 274 275 276 277 279 280 281 282 285 288 289 290 291 292 293 294 295 296 297 298 299 300 301 304 306 307 308 309 310 311 312 313 314 315 316 317 319 320 322 323 324 325 326 327 328 329 330 331 332 333 334 335 336 337 338 339 340 341 342 343 345 346 347 349 350 353 354 355 356 357 358 359 361 362 363 364 365 367 368 369 370 371 372 373 374 375 378 379 380 381 382 384 385 386 388 389 390 394 395 396 397 398 399 400 401 402 404 405 407 408 409 410 411 412 420 421 422 423 424 425 426 427 432 433 436 437 438 439 441 442 443 448 449 453 454 457 458 459 462 463 464 465 466 467 468 469 471 472 473 474 475 476 477 478 479 480 481 485 486 488 489 490 491 493 494 495 496 497 498 499 500 501 502 503 504 505 506 507 508 509 510 511 512 514 515 516 517 520 521 522 526 527 528 530 531 532 533 534 536 537 538 544 546 549 551 552 553 554 560 564 565 566 567 568 569 570 571 572 575 576 578 579 580 581 582 583 584 585 586 587 588 589 590 591 592 595 597 598 599 601 602 603 604 605 606 607 608 609 610 611 612 613 614 617 618 619 620 621 622 624 625 626 627 628 629 630 631 633 634 635 636 640 643 644 645 646 647 649 650 651 652 654 656 660 661 664 665 666 667 669 670 675 676 677 678 679 680 681 682 684 685 686 688 690 691 692 693 694 696 697 698 700 701 704 705 707 708 709 710 711 712 713 714 715 716 720 721 724 725 726 727 728 729 730 731 733 734 735 736 737 739 740 741 742 743 744 745 746 747 748 749 750 751 752 753 755 762 763 764 765 766 767 768 770 771 772 773 776 777 778 779 780 781 782 783 784 786 788 789 791 792 798 799 800 808 809 810 816 817 818 819 820 821 822 823 824 825 826 827 828 830 831 832 834 835 837 839 840 841 842 843 845 846 847 848 849 850 854 855 856 857 858 859 860 861 863 865 866 867 868 869 872 873 874 875 877 878 879 880 881 882 883 884 885 889 890 891 892 895 896 899 900 901 904 905 906 907 909 910 911 913 915 916 917 918 919 920 921 923 924 925 926 928 930 931 932 933 934 935 936 937 938 939 940 941 942 943 944 946 948 949 950 951 952 953 954 955 956 957 958 961 964 965 966 967 968 969 970 971 972 973 974 975 976 977 980 981 982 983 984 985 986 987 988 991 993 994 995 996 998 999 1000 1001 1002 1005 1006 1007 1009 1010 1011 1012 1013 1014 1015 1016 1017 1019 1020 1021 1022 1023 1024 0
1 2 4 5 6 7 8 9 11 12 13 15 16 19 21 22 25 26 27 28 29 30 31 32 33 34 35 36 40 43 44 45 47 48 49 50 51 52 53 54 55 56 57 58 59 60 61 62 65 67 68 70 71 74 75 76 77 78 79 80 81 82 83 84 85 86 87 89 90 91 92 93 96 98 99 103 105 106 107 108 109 111 113 114 115 116 117 118 119 120 122 124 126 127 128 129 130 131 132 133 134 139 142 143 144 145 146 147 148 149 150 151 153 154 155 156 157 158 159 160 161 162 164 165 170 171 173 174 175 176 177 178 179 180 181 182 183 185 186 187 188 189 190 191 192 193 194 195 196 197 198 199 200 203 204 205 207 209 210 211 212 213 214 215 220 223 227 228 229 230 233 234 235 236 237 238 241 242 243 245 246 247 248 249 250 251 252 253 254 255 256 0
1 2 4 5 6 7 8 9 11 12 13 14 17 18 19 21 22 23 24 25 26 27 28 29 31 32 33 34 35 37 38 43 44 45 46 50 51 52 53 54 55 56 57 58 59 60 61 62 63 64 65 66 67 69 70 72 73 74 76 79 80 82 83 85 86 89 90 91 93 94 95 96 99 102 104 105 108 109 110 112 114 116 117 118 119 120 121 122 123 124 126 127 128 129 131 134 135 137 140 141 142 144 146 147 148 149 150 151 154 155 156 157 158 159 160 161 163 164 165 166 167 168 169 170 171 173 175 179 180 181 182 183 184 186 187 188 189 190 191 192 193 196 197 198 199 201 202 203 204 205 208 209 210 211 212 214 215 216 217 219 220 221 222 223 227 228 229 230 231 236 237 238 240 241 242 243 245 246 247 248 250 251 254 255 256 259 264 265 266 267 269 271 272 273 274 276 277 278 279 280 283 286 287 289 290 292 293 295 296 298 299 300 301 302 304 305 306 307 308 309 310 312 316 317 318 320 322 324 325 326 327 328 331 333 334 335 337 338 339 340 341 342 343 344 345 347 349 350 351 352 353 354 355 356 359 360 362 364 366 368 370 371 372 374 375 376 377 379 380 381 382 383 385 386 387 388 389 390 391 394 395 396 397 398 399 401 402 404 405 406 407 409 412 413 415 416 418 419 420 421 422 423 424 425 426 427 428 429 430 431 432 435 436 437 439 440 443 445 446 447 448 449 450 451 453 454 457 458 459 460 461 462 463 466 467 468 469 470 471 472 473 474 475 476 477 478 479 481 482 483 484 485 486 488 489 491 492 493 494 496 499 500 501 502 503 504 505 506 507 508 509 510 511 0
1 2 4 5 6 7 8 10 12 13 14 15 16 18 19 20 22 24 25 27 29 30 31 32 33 35 39 42 43 45 46 47 50 51 52 53 56 57 58 59 63 64 65 66 67 68 69 71 72 73 74 75 77 78 80 81 83 84 86 88 89 90 91 92 94 96 97 98 99 100 101 102 105 106 108 110 111 114 115 116 118 119 120 123 126 127 0
1 2 3 5 6 9 10 13 14 16 18 21 22 25 26 30 31 0

78
1 2 3 4 5 6 7 8 9 10 11 12 13 14 15 16 17 18 19 20 21 22 23 24 25 26 27 28 29 30 31 32 33 34 35 36 37 38 39 40 41 44 45 46 47 48 50 51 52 53 54 55 58 59 61 62 63 64 66 67 68 69 70 71 72 73 74 75 77 78 79 80 81 82 83 84 85 86 87 88 89 91 92 94 95 96 97 98 99 100 101 102 103 105 106 107 108 110 111 112 113 114 115 116 117 120 121 122 124 125 126 128 129 130 131 133 136 139 142 143 144 146 147 148 149 151 152 155 156 158 160 162 163 164 165 166 169 170 171 172 173 174 175 176 178 179 180 181 182 183 184 185 187 188 189 190 191 192 193 194 195 196 197 198 199 200 201 202 203 204 205 206 207 208 209 210 211 212 213 214 215 218 219 220 221 222 223 224 225 226 227 228 229 230 231 232 233 235 236 237 238 239 240 241 242 243 244 245 246 247 248 249 250 251 252 253 254 255 256 257 258 259 260 261 262 263 264 265 266 267 268 269 270 271 272 273 274 275 276 277 278 279 280 281 283 284 285 287 288 289 290 291 292 293 294 295 296 297 298 299 300 302 303 304 305 306 307 308 309 310 311 312 313 314 315 316 317 318 319 320 321 323 324 325 326 327 329 330 331 332 333 334 335 336 337 339 340 341 342 343 344 345 346 347 348 350 351 352 353 355 356 357 358 359 360 361 362 363 364 366 368 369 370 371 372 373 374 375 376 377 378 379 380 382 383 384 385 386 387 388 390 391 392 394 395 396 397 398 399 400 401 402 403 404 405 406 408 409 410 411 412 413 414 415 416 417 418 419 420 421 423 424 425 426 428 429 430 431 432 433 437 438 439 440 441 442 443 444 445 446 448 449 450 451 452 453 454 455 456 458 459 460 461 464 465 466 467 468 469 470 471 472 473 474 475 476 478 479 480 481 482 484 486 487 488 490 491 492 493 494 495 496 497 498 499 500 501 502 503 504 505 506 507 508 509 510 511 512 513 514 515 516 517 518 519 520 521 522 523 524 525 526 527 528 529 530 531 532 533 534 535 536 537 538 539 540 541 542 543 544 546 547 548 549 550 551 552 556 557 558 559 560 562 563 564 565 568 569 570 571 572 573 574 575 576 577 578 579 580 585 586 587 588 589 590 591 592 593 594 595 596 597 599 603 605 607 608 609 610 611 612 613 618 619 620 622 623 624 625 626 627 628 634 635 636 637 638 640 641 642 643 644 645 648 650 651 654 656 658 659 660 661 664 666 667 668 670 671 672 674 675 676 677 680 681 682 683 684 685 686 687 688 690 691 692 693 695 696 701 702 703 704 705 706 707 708 709 710 712 713 714 715 716 717 718 719 720 721 722 723 724 725 726 727 729 730 731 732 733 734 735 736 737 738 739 740 741 742 743 744 745 746 747 748 749 750 751 752 753 754 755 756 757 758 759 760 761 762 763 764 765 766 767 768 769 770 771 772 773 774 775 776 777 778 779 780 781 782 783 784 786 787 788 789 791 792 793 795 796 797 798 799 802 803 804 805 806 807 808 809 810 811 812 813 814 815 816 818 819 820 822 823 824 825 826 827 828 829 832 834 835 837 838 839 840 843 844 845 846 847 850 851 852 853 854 855 856 857 858 859 860 861 862 863 867 868 869 872 873 877 878 882 883 884 887 888 890 891 892 893 894 895 897 898 899 900 901 902 903 904 905 906 907 908 909 911 912 913 914 917 918 919 920 921 922 923 924 925 927 930 931 932 933 935 936 937 938 939 940 943 944 946 947 948 949 950 951 952 953 954 955 956 957 958 959 960 961 962 963 964 965 966 967 968 969 970 971 972 973 974 975 976 977 980 982 983 984 985 986 987 988 989 990 991 992 994 995 996 997 998 999 1000 1001 1002 1003 1004 1005 1006 1007 1008 1009 1010 1011 1012 1013 1014 1015 1016 1017 1018 1019 1020 1021 1022 1023 1024 0
1 2 3 4 5 6 7 8 10 12 13 14 16 17 18 19 20 21 22 24 25 26 27 28 29 30 32 34 35 36 38 39 40 42 45 46 47 48 49 50 51 54 55 58 59 60 64 65 66 67 68 69 70 71 72 74 75 76 77 78 79 80 82 83 84 85 86 87 88 90 91 94 95 96 98 100 101 102 103 104 106 107 108 109 111 112 114 116 117 118 119 120 121 122 123 124 125 126 127 128 129 130 131 132 133 135 136 138 139 140 141 142 143 144 146 147 148 149 150 151 152 153 154 156 157 158 160 161 162 165 166 167 168 169 170 171 172 174 175 176 178 180 181 182 183 184 186 187 188 189 190 191 192 193 194 195 196 197 198 199 200 201 202 203 204 205 206 207 208 209 210 211 212 214 215 216 217 218 219 222 224 226 229 230 232 233 234 235 236 237 238 239 240 242 243 244 245 246 247 248 249 250 251 252 254 255 256 0
2 3 4 5 6 7 8 11 16 17 18 19 20 21 22 25 26 27 28 29 30 33 34 35 36 37 38 45 48 49 51 52 54 55 56 57 58 60 61 62 63 64 65 66 67 69 70 72 73 74 75 77 78 79 80 81 82 83 84 85 86 87 88 89 90 91 93 94 95 96 97 98 99 101 102 103 104 106 107 108 109 110 111 114 115 116 117 118 119 120 121 122 124 125 126 127 128 129 131 134 135 136 140 141 142 145 146 147 148 149 150 151 154 155 157 158 159 160 161 162 163 168 169 170 171 172 173 174 175 176 179 181 182 183 184 186 187 188 189 190 192 196 197 198 200 201 204 205 206 208 209 210 211 212 214 216 217 218 219 221 222 223 224 225 226 227 228 229 230 231 232 233 234 238 239 240 242 243 244 245 246 247 248 249 250 251 252 254 255 256 257 261 262 263 264 265 266 267 268 269 270 271 272 273 274 275 276 277 278 279 280 282 284 288 289 290 291 294 295 296 297 298 299 300 301 302 303 304 308 309 310 311 314 315 317 318 319 320 321 326 327 329 331 332 333 335 336 337 339 340 343 345 346 347 349 350 351 352 353 356 357 358 359 360 363 365 366 368 371 372 373 374 375 376 377 379 380 381 382 383 384 385 386 387 388 389 390 391 392 393 394 395 396 397 398 399 400 401 402 403 404 405 406 407 408 409 410 411 412 414 415 416 417 420 422 424 425 426 427 428 429 430 431 432 438 439 440 443 444 445 446 447 448 449 450 451 452 455 456 457 458 459 460 461 462 463 464 465 466 467 468 471 474 476 480 481 482 483 484 485 486 487 488 490 491 493 494 496 497 498 501 502 503 504 506 507 509 510 511 512 0
1 2 3 4 5 6 7 8 9 10 11 12 13 14 15 16 17 18 19 20 21 22 23 24 25 27 28 29 30 32 33 36 38 40 41 44 45 49 50 51 54 55 56 57 58 59 60 61 64 65 66 67 68 69 70 73 74 77 78 79 80 82 83 86 88 89 90 92 93 94 95 96 97 98 99 100 104 108 109 110 111 112 113 114 115 116 118 120 121 122 125 126 127 128 0
2 5 6 9 11 13 14 20 21 22 24 25 29 31 0

79
1 3 4 5 6 9 11 12 14 15 16 17 19 22 23 24 25 26 27 28 31 32 34 39 40 41 42 44 46 47 48 49 50 51 52 54 57 59 60 61 62 64 65 66 67 68 69 73 74 75 76 77 79 80 81 84 88 89 90 91 92 93 95 96 97 98 99 100 101 104 105 106 108 109 110 111 112 113 114 115 116 117 118 119 120 121 123 124 125 127 128 129 130 131 132 133 134 135 136 138 139 140 141 142 143 144 145 146 147 148 149 150 151 153 154 155 156 157 158 159 160 161 162 163 165 166 167 168 169 170 172 173 174 175 176 178 179 180 182 183 184 185 187 188 190 191 192 194 195 196 198 199 200 201 202 203 204 205 206 207 208 211 212 214 216 217 218 219 220 222 223 224 225 226 227 228 232 233 234 235 237 238 239 240 241 244 245 246 247 248 249 250 251 252 253 254 255 256 257 258 259 260 261 262 263 264 265 266 267 268 269 270 271 273 274 275 276 278 279 280 282 283 284 286 287 288 289 290 292 293 294 295 297 298 299 300 301 302 303 304 305 306 307 308 310 311 312 313 314 316 318 319 320 321 322 323 324 325 326 327 328 329 330 331 332 333 334 335 336 337 338 339 340 341 342 343 344 345 346 347 348 351 352 353 354 355 356 357 358 360 361 362 363 364 365 366 367 368 369 370 371 372 373 374 375 376 377 378 380 381 382 383 384 385 386 389 390 391 392 394 395 397 398 399 400 401 403 404 405 406 407 408 409 410 413 414 415 416 417 418 419 420 421 422 423 424 425 426 427 428 429 430 431 432 433 434 435 436 437 440 441 442 443 444 446 447 448 449 451 452 453 454 455 456 457 458 459 460 461 462 463 464 466 467 468 471 472 473 474 475 476 477 478 479 480 481 483 486 487 488 491 492 493 494 495 496 497 498 499 500 501 502 503 504 505 506 507 508 509 510 511 512 515 516 518 522 523 524 526 527 528 529 530 531 532 533 534 535 536 537 538 539 540 541 542 543 544 545 546 547 548 550 551 552 553 554 555 556 557 558 559 560 561 562 564 566 567 568 569 570 571 572 574 575 576 577 578 579 580 583 584 585 586 587 588 589 590 591 592 594 595 596 597 599 600 601 602 603 604 605 606 607 608 609 610 611 612 615 616 617 618 620 621 623 624 625 626 627 628 629 630 631 632 633 634 635 636 637 638 640 641 642 643 644 645 646 647 648 649 650 651 652 653 655 656 657 659 660 661 662 663 664 665 666 667 668 669 670 671 672 673 674 675 676 677 678 679 680 681 682 683 684 685 686 687 688 689 690 692 693 694 695 696 697 698 699 700 702 704 705 707 709 710 711 712 713 714 715 716 717 718 719 720 721 723 726 727 728 729 730 731 732 733 734 735 736 739 742 743 745 746 747 748 749 750 751 752 753 755 757 760 761 762 763 764 765 766 768 770 771 773 774 775 776 777 778 779 780 781 782 783 784 785 787 788 789 791 792 793 795 796 797 798 799 800 801 802 803 804 805 808 809 810 811 812 813 814 815 816 817 818 819 821 822 823 825 826 827 829 830 831 833 834 835 836 837 838 839 840 841 842 843 844 845 846 847 848 849 850 851 852 853 854 855 856 857 858 859 860 861 862 863 864 865 867 868 869 870 871 872 873 875 876 877 878 879 880 881 883 885 889 890 891 892 893 895 896 897 898 899 900 901 902 903 904 905 906 907 908 909 910 912 913 914 915 916 917 918 920 922 923 924 925 926 927 928 930 931 932 933 934 935 937 938 939 940 941 942 943 944 945 947 949 950 951 952 953 954 956 957 958 959 960 961 962 963 964 965 966 967 968 969 970 971 972 973 974 975 976 977 979 980 981 983 984 985 986 987 988 989 990 991 992 996 1001 1002 1003 1004 1005 1006 1007 1008 1009 1010 1011 1012 1013 1014 1015 1016 1017 1018 1019 1020 1021 1022 1023 1024 0
3 4 6 8 9 11 12 13 14 15 16 18 19 20 21 22 23 24 26 27 28 29 30 31 33 34 35 38 40 41 43 44 45 46 47 48 50 51 52 53 54 56 57 58 59 60 61 62 63 64 65 66 67 68 69 70 71 72 73 74 75 76 77 78 79 80 81 82 83 84 85 86 87 88 89 90 91 92 94 95 96 97 98 99 102 103 104 105 106 107 108 109 110 111 112 113 114 115 116 117 118 119 121 122 123 124 125 126 127 128 129 130 131 132 133 135 136 137 138 139 140 141 144 145 146 150 151 152 153 154 155 156 157 158 159 161 162 163 164 165 166 167 168 169 170 171 173 174 175 176 177 179 180 181 183 184 185 189 190 191 192 193 194 195 196 197 198 199 200 201 202 205 206 207 208 209 210 211 212 213 214 216 217 218 219 220 221 222 223 224 226 230 232 233 234 235 237 238 239 240 241 243 244 245 246 247 248 249 250 251 252 253 255 256 0
3 4 5 7 8 10 13 14 15 16 19 20 21 25 26 27 29 30 31 32 34 35 37 39 41 44 45 48 49 51 52 53 54 56 57 58 59 60 61 63 64 65 67 68 69 72 73 74 75 76 78 81 82 83 85 86 87 88 89 90 91 92 93 94 95 96 97 98 100 101 103 104 105 107 110 111 112 113 115 116 117 118 119 120 122 123 124 127 129 131 132 133 134 136 137 138 140 141 142 145 146 147 149 150 151 152 153 154 156 160 162 163 164 165 166 167 168 169 170 171 173 174 176 177 178 179 180 181 183 184 187 188 190 191 194 196 197 198 200 203 204 205 206 211 212 213 214 215 216 217 219 220 221 222 223 224 226 227 228 229 230 231 232 233 234 237 238 239 240 241 242 245 247 248 249 251 252 253 254 255 256 257 258 259 260 261 262 263 264 265 266 268 269 270 271 272 273 276 277 278 279 280 281 283 284 285 286 287 288 289 290 293 294 296 297 300 305 307 308 309 311 312 313 314 315 316 317 319 324 325 326 329 330 331 333 334 335 336 337 338 339 340 341 342 343 344 346 347 348 349 350 351 352 353 354 355 356 357 358 359 361 362 363 364 365 366 369 371 372 374 375 376 377 379 380 381 382 383 384 385 386 387 388 389 390 391 392 393 394 395 396 397 398 400 401 403 404 405 406 407 408 412 413 414 415 416 417 420 421 423 424 425 426 427 428 429 433 436 437 439 440 441 446 447 448 449 451 452 453 454 455 456 457 458 459 461 462 463 464 467 468 469 470 471 472 474 475 477 478 479 480 481 482 484 485 486 487 488 489 490 491 492 493 494 497 498 499 500 502 504 505 506 507 508 509 510 511 512 0
1 2 3 4 5 6 7 8 10 11 12 13 14 15 17 19 24 25 28 29 32 33 38 40 41 42 43 44 45 46 48 50 53 54 56 59 60 61 63 64 66 68 69 70 72 75 77 78 79 80 82 83 85 86 87 88 90 93 94 95 96 100 101 102 103 104 107 111 112 114 115 116 118 120 121 122 123 125 127 0
1 2 3 4 6 7 10 11 14 15 16 19 20 21 25 28 29 32 0

80
1 6 7 9 11 14 15 16 17 18 19 20 21 22 23 27 30 31 32 33 34 35 38 39 44 45 46 48 49 50 51 53 57 59 60 62 63 64 65 68 69 70 71 72 74 75 76 77 78 79 80 81 82 83 84 85 87 88 89 90 91 92 93 94 95 96 97 98 100 101 102 103 104 105 106 107 108 109 111 112 113 114 115 116 117 118 119 120 122 124 126 131 134 135 136 137 138 139 140 141 142 143 144 145 146 147 148 149 150 151 152 153 154 155 156 157 158 159 160 161 163 164 165 167 168 169 170 171 172 173 175 176 179 180 182 183 184 185 186 187 188 191 192 193 194 195 196 197 198 199 200 201 202 203 204 205 207 208 209 210 211 212 213 214 215 217 218 219 220 221 223 224 225 227 228 229 230 231 235 236 239 240 243 244 245 246 248 250 253 256 257 258 259 260 261 262 263 264 265 266 267 268 269 270 271 272 273 274 275 278 279 280 281 283 286 287 288 289 290 292 293 294 295 296 297 298 299 300 301 302 303 304 305 306 307 308 309 310 311 312 313 314 315 316 318 319 320 321 322 323 324 328 329 330 331 332 334 335 336 337 338 339 340 342 343 344 345 346 347 348 350 351 352 353 354 355 356 357 358 359 360 361 362 363 364 365 367 368 369 370 372 373 374 375 376 377 378 379 380 381 384 385 386 387 390 391 392 393 394 396 399 401 402 403 404 405 406 407 408 409 410 412 413 414 415 416 417 418 419 420 421 422 423 425 426 427 428 430 431 432 433 434 435 436 437 441 443 445 447 448 449 450 451 452 453 454 455 457 458 459 461 462 463 464 465 466 467 468 469 470 472 473 475 476 478 479 480 481 483 484 485 486 487 488 489 494 496 497 498 499 500 501 502 503 504 505 506 507 508 509 510 511 512 513 516 517 518 519 520 521 525 526 527 528 529 530 534 535 536 538 539 540 541 542 543 544 545 546 547 550 551 552 553 554 555 556 557 558 559 560 561 562 563 564 566 567 568 570 571 572 574 575 576 577 578 579 580 582 584 585 586 587 588 590 591 592 593 594 595 596 598 599 600 601 602 603 604 606 607 608 609 610 611 612 614 615 616 617 618 619 620 623 624 626 627 629 630 631 632 633 634 635 637 642 643 644 645 646 647 648 650 651 652 653 656 657 659 660 661 662 663 664 665 666 667 668 669 671 672 675 676 677 678 680 681 682 683 684 685 687 688 689 691 692 693 694 695 696 697 699 700 701 703 704 705 706 707 709 710 711 712 713 714 715 716 717 718 719 720 721 722 723 724 726 727 728 729 730 731 732 733 734 735 736 737 739 740 742 743 744 745 746 747 748 750 752 753 755 756 757 758 759 760 761 762 763 764 765 766 768 770 771 772 773 774 775 776 777 778 779 780 781 782 783 784 785 786 788 789 791 792 793 794 797 798 799 801 802 803 805 806 807 808 809 810 811 812 813 814 815 816 818 819 820 822 823 824 826 827 828 829 830 831 832 833 834 837 838 839 840 841 842 843 844 846 847 848 850 851 852 855 858 859 860 861 862 863 865 866 867 868 869 870 871 873 875 876 877 880 884 885 886 887 888 889 890 891 893 896 897 898 899 900 901 902 906 907 908 909 910 912 914 915 916 917 918 921 923 924 926 927 931 932 933 934 935 936 937 938 939 940 941 945 946 947 948 949 950 951 952 953 954 955 956 957 958 959 961 963 964 965 966 967 968 969 970 971 972 973 975 976 977 978 979 980 981 982 983 984 985 986 987 988 989 990 992 993 994 995 997 1000 1001 1003 1004 1006 1009 1010 1011 1012 1013 1014 1015 1017 1018 1019 1020 1021 1022 1023 1024 0
1 3 5 7 9 10 11 12 13 14 15 17 21 22 25 27 28 29 30 33 35 36 38 39 40 42 45 46 47 49 50 51 52 53 54 57 58 59 60 61 62 64 65 66 67 68 69 70 71 72 73 74 75 76 78 79 80 81 82 83 84 85 86 87 88 89 90 91 92 93 94 95 97 99 100 101 102 103 105 106 107 108 109 110 111 112 113 114 115 116 117 118 120 121 122 124 127 128 129 130 131 132 133 134 135 136 137 138 139 144 145 146 149 150 151 152 153 154 155 156 157 158 159 160 161 162 164 165 167 169 170 171 172 173 174 175 176 177 178 179 180 181 182 184 185 188 189 190 191 192 193 194 195 196 197 198 199 200 202 204 205 206 207 208 209 210 211 212 213 215 216 217 218 219 220 221 223 225 226 227 228 230 232 233 234 235 236 237 238 239 240 241 243 244 245 247 248 249 250 251 252 253 254 255 256 0
1 2 3 5 6 7 8 9 11 12 13 14 16 17 18 19 20 21 22 23 24 25 26 27 28 29 30 31 32 34 35 36 39 42 43 44 48 49 50 51 52 54 55 56 57 58 59 60 61 62 63 64 66 69 70 72 73 75 76 77 79 80 81 82 84 85 86 87 88 89 90 91 92 93 94 95 98 100 101 103 104 105 106 109 110 111 112 113 114 115 116 119 120 121 122 123 124 125 127 128 130 132 135 136 137 138 140 143 147 148 149 150 152 154 155 156 157 158 159 160 161 162 164 166 167 168 169 170 171 173 174 175 177 178 180 181 182 183 184 187 188 189 190 191 194 195 197 198 199 200 201 202 203 204 205 206 207 208 210 212 213 214 215 216 217 219 220 221 222 223 225 226 227 228 229 230 232 233 234 235 238 239 240 241 244 245 246 247 248 249 250 251 252 253 254 255 256 257 258 259 260 263 264 265 266 267 268 269 270 271 272 273 275 276 277 278 279 280 281 282 283 285 286 287 288 289 290 291 292 293 294 296 297 298 300 301 302 303 304 305 306 308 309 310 311 313 314 315 316 318 319 321 322 323 326 328 329 330 331 332 333 334 335 336 337 338 339 341 342 343 344 345 346 347 348 350 351 352 353 354 355 357 359 361 362 363 364 365 366 369 370 371 373 374 375 377 378 379 380 381 382 385 386 387 388 389 390 391 392 396 398 399 400 401 404 405 406 407 409 410 411 413 418 419 422 424 425 426 427 428 429 430 431 432 434 437 438 439 442 447 448 450 455 456 459 460 461 462 463 464 465 467 468 469 471 472 473 476 477 478 479 480 481 482 483 485 487 489 490 491 492 493 494 498 499 501 502 503 504 505 506 507 508 509 510 0
1 5 7 8 9 14 15 16 18 19 20 21 22 23 24 25 26 28 29 32 33 35 36 38 39 40 41 42 44 45 46 47 49 50 51 52 54 55 56 57 59 60 61 62 64 65 69 72 73 74 76 77 79 80 81 83 84 85 86 88 89 92 95 96 99 100 101 102 103 104 105 106 108 109 110 111 113 116 118 120 121 124 125 126 127 128 0
1 4 5 6 7 8 10 12 16 18 19 20 22 23 26 30 31 0

81
1 2 4 7 8 9 13 14 16 21 23 28 29 30 31 32 38 39 42 43 44 45 46 48 54 55 56 57 58 59 63 64 69 70 71 72 73 74 75 78 79 80 81 82 85 88 89 90 91 92 97 101 102 103 104 105 106 107 108 110 111 115 116 117 118 119 120 121 122 123 126 127 129 130 131 132 133 134 135 136 137 138 139 143 145 146 148 149 150 152 153 154 155 156 157 158 159 161 165 166 167 168 169 170 171 172 173 174 175 176 178 180 181 182 183 184 185 186 187 188 189 190 191 192 194 195 197 198 199 200 201 202 203 204 205 206 207 209 214 215 216 217 218 219 220 221 222 223 224 230 231 232 233 236 240 242 244 245 246 247 248 249 250 251 252 253 254 255 259 261 263 265 267 268 270 272 273 274 275 276 277 278 281 282 283 287 288 289 290 291 292 293 294 295 297 299 300 301 302 303 304 305 306 307 308 309 310 312 313 314 315 316 317 318 320 323 324 325 326 327 328 329 330 331 332 333 334 336 337 338 339 340 343 344 345 346 347 348 349 350 352 354 358 359 360 361 362 363 364 365 366 368 372 373 374 375 376 379 380 381 382 383 387 389 390 391 392 394 395 396 397 398 399 400 402 403 404 405 406 407 408 410 411 417 418 419 420 421 422 424 425 426 427 428 429 432 433 434 435 436 437 438 439 440 441 442 443 444 445 446 448 449 450 451 452 453 454 455 456 457 458 459 460 461 462 463 464 466 467 468 469 470 471 472 473 474 476 477 478 479 481 484 485 486 487 488 489 490 491 492 493 494 497 499 500 502 503 504 505 506 507 508 509 510 512 513 514 515 516 517 518 521 522 523 524 526 527 528 529 530 531 532 533 534 535 536 537 538 539 542 543 544 545 546 547 548 549 550 551 552 553 554 555 556 557 558 559 560 561 562 563 564 565 568 569 571 572 573 574 575 576 577 578 579 580 581 583 584 585 587 588 589 590 591 592 594 595 596 597 598 599 600 601 602 603 604 605 606 607 608 609 610 611 612 613 614 615 616 617 618 619 620 621 622 625 626 630 631 632 633 634 636 637 638 641 645 646 647 648 649 650 651 652 653 654 658 659 661 662 663 664 665 667 669 672 674 675 676 677 678 679 680 681 683 684 688 690 691 692 693 694 696 697 698 699 701 703 704 706 708 709 710 711 712 713 714 715 716 717 718 719 720 721 722 724 725 726 727 728 729 730 731 732 733 734 735 736 737 738 739 741 742 743 744 745 747 748 749 750 752 753 757 758 759 760 761 762 763 764 765 768 769 770 771 772 773 776 777 778 779 782 783 784 785 786 787 788 790 791 792 793 794 795 796 798 799 800 801 802 803 804 806 807 808 809 810 811 812 813 814 815 816 817 818 819 820 824 825 826 827 828 829 830 831 832 833 834 835 838 839 840 841 842 843 844 845 847 848 852 853 854 855 856 857 858 859 860 861 862 863 865 866 867 868 869 870 871 872 873 874 875 876 877 881 882 886 887 888 889 891 892 893 894 898 904 905 906 907 909 911 917 918 919 920 921 922 923 927 928 929 930 933 935 936 937 938 941 942 943 944 945 946 947 948 949 950 951 952 953 954 955 956 957 958 959 963 965 966 967 968 969 970 971 972 973 974 975 977 978 980 981 982 983 984 985 986 987 988 989 990 991 992 993 994 995 996 997 998 1000 1001 1002 1003 1004 1006 1007 1008 1010 1011 1012 1014 1015 1016 1017 1018 1019 1020 1022 1023 1024 0
3 7 12 14 15 19 20 21 27 28 29 30 31 32 33 35 36 37 39 40 41 42 43 44 45 47 48 49 50 51 52 53 54 55 58 59 60 61 62 65 66 68 69 70 71 73 77 78 81 82 83 84 85 87 89 90 92 93 95 96 97 98 99 100 103 104 105 106 107 108 109 110 111 113 116 117 118 119 123 124 125 126 127 128 129 130 131 132 133 135 136 137 141 143 147 149 150 152 153 154 157 158 160 161 162 163 164 165 168 169 170 171 172 173 176 177 179 180 181 183 185 188 189 190 191 192 193 194 195 196 197 198 199 200 201 202 204 205 206 207 208 209 210 211 212 213 214 215 216 217 218 219 222 225 228 229 230 231 232 233 234 235 236 239 240 241 242 243 244 245 246 247 248 249 250 251 252 253 254 0
2 4 6 7 8 9 11 12 13 14 15 18 19 20 21 24 26 27 29 30 31 32 36 37 39 40 43 44 45 46 47 50 51 52 53 54 55 56 59 60 61 62 63 65 66 67 68 69 70 71 72 73 75 76 77 78 79 80 81 83 84 86 88 91 93 94 96 98 99 100 101 103 104 107 108 109 111 113 116 117 120 121 123 124 125 126 127 128 129 130 132 133 134 135 137 138 139 140 142 143 145 146 148 149 150 151 152 158 160 163 167 168 169 173 175 176 178 179 180 181 182 183 185 186 187 188 189 190 191 193 195 196 197 198 199 200 201 202 204 205 206 207 208 209 210 212 213 214 215 217 219 220 221 222 226 227 228 229 230 233 234 236 237 238 239 240 243 244 245 246 247 248 249 251 252 253 254 255 256 257 258 259 260 264 267 268 269 271 272 273 274 275 276 277 278 279 280 282 283 284 285 286 287 294 295 296 297 298 300 302 303 304 306 307 311 312 314 315 316 320 323 324 325 326 327 328 331 332 333 334 335 336 340 341 342 343 344 345 346 349 350 351 353 354 356 357 360 362 363 364 365 366 367 369 371 372 374 375 376 377 378 379 380 381 382 383 384 385 386 387 388 389 390 391 392 394 395 397 398 400 408 409 410 411 412 413 414 416 418 423 424 425 427 428 430 431 436 437 438 439 440 442 444 445 446 447 448 449 450 451 452 453 454 455 457 458 459 460 461 462 463 466 467 468 470 471 474 475 478 482 484 485 487 488 491 493 494 495 496 497 498 500 501 502 505 506 507 508 509 510 511 0
1 3 4 5 10 11 12 13 16 17 18 19 21 23 24 27 28 31 32 33 37 40 41 43 44 45 46 50 51 52 53 54 56 59 60 61 63 64 65 67 68 69 70 71 72 73 74 75 76 77 78 79 83 84 85 86 87 91 95 96 99 101 102 103 104 105 106 107 109 111 112 115 116 117 119 120 123 125 126 127 128 0
6 11 14 17 19 21 23 24 29 30 31 32 0

82
1 2 4 5 6 7 8 10 11 13 14 15 16 17 19 20 21 22 24 26 27 29 30 31 32 33 34 35 36 37 39 41 42 43 45 46 47 48 49 50 51 52 54 55 56 57 58 59 60 61 62 63 64 65 66 67 68 69 70 71 74 75 76 77 78 79 80 82 83 84 85 86 87 91 92 93 95 96 97 98 99 100 101 102 104 105 107 108 110 111 112 113 114 115 116 119 120 121 122 123 124 125 126 127 128 129 130 131 132 133 134 135 136 137 138 139 141 142 143 144 145 146 147 148 149 151 152 153 154 155 157 159 160 161 162 163 164 167 168 169 170 171 173 175 176 177 178 180 182 183 184 185 187 188 189 191 192 193 194 195 196 197 198 199 200 201 202 204 205 207 208 209 210 211 213 214 215 216 217 218 219 220 222 223 224 225 226 227 239 240 241 242 243 244 249 251 252 253 254 256 257 258 259 260 261 262 263 265 266 267 268 269 270 271 272 273 274 275 276 277 278 279 280 281 282 283 285 287 288 289 290 291 292 293 294 295 296 297 298 299 300 301 302 303 304 305 307 308 309 311 312 313 315 316 317 318 319 320 321 322 323 324 325 326 327 328 330 331 332 333 334 336 337 338 339 340 341 342 343 344 345 346 347 348 349 350 351 352 353 354 355 356 357 358 359 360 361 362 363 364 365 366 368 369 370 371 372 375 376 377 379 380 381 384 385 387 391 392 393 394 395 396 397 398 400 401 403 404 405 407 408 409 410 411 412 413 416 417 418 419 420 421 423 424 425 426 427 428 429 430 431 432 433 434 439 440 441 442 443 444 445 446 447 448 449 451 452 455 456 457 458 459 460 461 462 463 464 465 466 467 468 469 470 471 472 473 474 475 476 477 478 480 481 482 483 484 485 486 487 488 490 492 494 495 496 497 498 499 500 501 502 503 504 505 506 507 508 509 510 511 512 513 516 517 518 519 520 521 522 523 525 526 527 528 529 531 532 533 535 536 543 544 545 546 547 548 549 551 552 553 556 557 558 559 560 561 562 563 564 565 566 567 568 569 570 571 572 573 574 575 576 577 578 579 580 581 582 583 584 585 586 587 588 589 590 591 592 593 594 595 596 597 598 599 602 603 604 606 608 609 610 611 612 613 614 615 619 620 621 622 624 625 626 627 628 631 632 633 634 635 636 637 638 640 641 642 643 644 645 646 647 648 649 650 651 652 653 654 655 656 657 658 659 660 661 663 664 665 666 667 668 669 670 671 672 673 674 675 676 679 680 681 682 683 684 685 686 688 689 692 695 696 697 698 699 700 701 702 703 704 705 708 709 710 711 712 713 714 715 716 717 718 719 720 721 725 726 727 728 729 730 731 734 736 737 738 742 743 744 745 746 747 748 749 752 753 754 755 756 760 762 763 764 765 766 768 769 770 771 772 773 774 775 776 777 778 779 780 781 782 783 784 785 787 789 790 791 792 794 795 796 797 800 801 802 803 804 805 806 808 809 811 812 813 814 816 817 818 819 820 821 824 825 826 827 828 829 830 831 833 834 835 836 840 841 842 843 844 846 847 848 849 850 851 853 854 855 856 857 858 859 860 861 862 863 864 865 869 870 871 872 873 874 875 876 877 878 880 881 883 884 885 886 887 890 892 893 894 895 896 897 898 899 900 901 902 903 904 905 907 909 910 911 912 913 914 915 919 920 921 922 923 924 925 926 927 928 929 934 935 936 937 938 939 940 941 942 943 944 945 947 948 949 950 951 954 955 957 958 959 960 961 963 964 965 966 967 968 971 973 974 975 976 977 978 979 980 981 983 984 985 986 987 988 989 990 992 993 994 995 996 997 998 1001 1002 1005 1006 1007 1008 1009 1010 1011 1012 1013 1014 1015 1016 1017 1018 1019 1020 1021 1022 1023 1024 0
1 2 4 5 6 7 8 11 14 15 16 17 18 20 21 22 25 27 28 29 30 34 35 39 40 41 42 43 46 47 48 49 51 53 54 55 56 57 58 59 62 63 64 65 66 67 68 69 70 71 72 73 74 79 80 81 82 84 85 87 88 89 90 91 92 93 94 96 97 100 101 103 104 105 106 107 108 109 110 111 112 114 115 116 117 118 119 120 121 122 124 125 127 128 129 130 131 132 133 134 135 137 139 142 143 144 145 146 148 149 150 152 154 157 158 159 160 161 162 163 164 165 166 167 168 169 170 171 173 174 176 177 180 181 182 183 184 185 187 188 189 192 193 194 195 196 197 198 199 201 202 203 204 205 206 207 208 210 212 213 214 215 216 217 218 219 221 222 223 224 225 226 227 230 231 232 233 234 235 236 238 239 240 241 242 243 244 246 247 248 249 250 251 252 253 254 255 256 0
2 3 4 5 6 7 8 9 11 12 13 14 15 16 18 19 20 21 22 23 25 26 27 30 31 34 35 36 38 39 40 41 42 43 46 47 48 49 50 51 52 54 55 56 57 58 59 60 61 62 63 64 65 66 67 68 69 71 72 74 76 78 79 80 81 82 84 87 89 90 93 94 95 98 99 100 102 103 104 106 107 108 109 110 111 112 113 118 119 122 125 128 129 130 131 132 134 135 136 140 143 144 145 147 150 151 152 153 154 156 157 159 160 161 162 165 166 167 168 170 171 174 176 177 178 179 180 182 183 184 185 187 190 191 192 194 195 196 197 198 199 200 201 202 203 205 206 207 208 209 211 213 215 216 217 218 219 220 223 225 227 228 229 231 232 233 234 235 238 239 240 242 243 246 248 250 251 254 255 256 257 258 260 261 262 263 265 266 267 268 269 271 273 274 275 276 278 279 280 281 282 283 284 285 286 287 288 289 291 292 294 295 296 299 301 302 303 304 306 307 308 311 312 313 314 316 317 318 319 320 321 322 326 327 328 332 333 334 335 336 337 339 340 342 344 347 348 349 350 351 352 353 357 358 359 360 361 362 363 365 367 368 369 371 372 374 375 376 377 378 380 381 382 383 384 385 386 387 388 389 390 391 392 393 394 395 397 398 399 400 401 402 403 404 406 408 417 418 420 421 423 424 425 427 428 430 432 433 434 435 438 440 444 446 447 448 449 450 451 453 454 456 458 459 463 464 466 467 468 471 472 476 478 479 480 481 482 484 485 486 488 490 491 493 494 496 498 499 500 501 502 503 504 509 510 511 0
1 3 4 5 7 8 12 13 15 16 19 20 21 22 26 28 29 30 31 32 33 34 37 38 40 41 42 43 44 47 48 51 53 54 55 56 57 58 59 60 61 62 64 65 66 68 69 71 72 73 76 77 78 79 80 83 85 88 89 91 94 95 96 101 104 105 109 110 111 113 118 119 120 122 127 128 0
1 2 3 7 10 12 14 15 17 18 25 27 30 32 0

83
1 3 4 5 6 10 11 12 14 15 19 21 22 23 26 27 29 32 37 38 39 41 43 45 48 50 53 56 57 60 61 64 65 66 71 72 73 76 80 81 83 86 87 88 89 95 96 97 100 101 102 103 104 105 106 109 110 111 112 113 116 117 118 120 122 124 125 126 127 128 132 133 134 135 139 140 143 144 145 146 147 148 150 151 154 155 156 159 161 162 163 165 166 168 169 170 172 173 174 175 177 178 180 181 182 183 184 186 188 189 190 191 192 193 194 196 197 198 200 201 203 204 205 208 209 210 211 212 213 214 215 216 217 218 219 220 225 231 232 233 235 236 237 238 239 244 245 247 248 250 251 253 254 255 256 257 258 264 265 269 270 273 274 275 279 280 281 283 284 285 286 287 288 289 290 291 292 294 300 301 302 303 304 307 308 309 310 315 316 317 318 319 320 325 326 328 329 330 331 332 333 334 335 336 338 339 340 341 344 345 346 347 348 349 350 352 354 355 356 359 361 362 363 364 365 368 369 370 371 373 375 376 377 378 379 380 381 384 385 386 387 391 392 394 395 396 400 401 402 403 404 405 407 408 413 414 416 417 420 422 423 424 425 426 427 429 430 432 436 437 438 440 441 442 443 446 447 448 450 451 452 458 459 460 461 463 464 466 468 469 470 471 473 478 479 480 485 489 490 491 492 493 494 495 496 497 498 499 500 501 502 503 504 505 506 507 508 509 510 512 513 514 518 519 520 521 522 523 524 525 528 529 530 531 532 535 536 537 539 540 542 543 544 545 546 547 550 551 552 555 556 557 558 559 560 561 562 565 566 567 570 571 572 573 574 575 576 577 578 579 580 581 582 584 585 586 587 588 589 590 591 592 594 595 596 597 599 601 602 603 604 605 606 607 608 609 610 611 612 615 616 617 618 619 620 621 623 624 625 626 627 630 631 632 633 634 635 636 638 639 640 641 642 646 647 648 649 650 651 652 653 654 655 656 657 662 663 664 665 666 667 668 669 672 673 675 676 678 679 680 681 682 684 688 690 691 692 694 695 696 697 698 702 703 704 706 708 709 714 717 718 719 720 724 725 732 733 734 735 736 737 738 739 740 741 742 743 747 748 749 750 752 753 754 756 757 758 759 760 761 762 763 764 765 768 769 770 774 775 776 777 778 779 780 784 785 786 787 789 792 793 796 798 799 800 801 802 803 805 808 809 811 812 813 814 815 817 818 821 822 824 825 826 827 829 830 833 834 835 836 837 838 840 841 843 844 845 846 847 848 849 856 857 859 860 861 862 863 864 865 869 871 872 873 874 875 878 879 880 881 882 883 884 885 886 890 892 893 894 895 897 898 902 903 906 907 908 909 912 914 916 917 918 919 920 921 922 924 925 930 931 932 933 934 935 936 937 939 940 945 946 947 948 949 950 951 952 953 954 955 958 959 963 964 965 966 967 968 969 970 971 972 973 974 975 976 978 979 980 981 988 989 993 994 995 997 998 999 1000 1004 1005 1010 1011 1012 1013 1017 1020 1021 1022 1023 0
1 2 4 6 7 8 10 12 13 14 15 16 17 18 19 20 21 27 28 30 35 36 44 47 48 50 51 52 54 61 64 66 67 69 71 72 73 74 75 76 77 79 81 84 88 89 90 91 94 95 98 99 100 102 104 105 108 110 111 112 113 114 115 116 117 118 119 121 124 127 128 129 130 131 132 133 134 135 136 139 140 142 143 145 146 149 153 155 156 160 163 166 167 169 170 174 176 177 178 179 182 183 185 186 187 188 189 190 194 195 196 197 198 201 202 204 205 207 209 210 211 212 214 215 216 217 218 219 220 222 223 224 225 226 228 229 230 231 232 233 234 235 236 237 238 241 245 247 248 249 251 252 254 255 0
3 4 5 6 10 12 13 15 16 18 20 22 25 26 27 28 29 30 31 32 34 35 36 40 43 44 45 46 53 57 58 61 62 64 68 69 70 71 72 73 74 75 78 79 81 82 83 84 86 87 88 90 91 92 93 94 98 99 102 104 106 107 109 111 112 114 115 116 117 120 121 122 123 124 125 126 128 129 130 131 132 133 134 135 136 137 138 142 143 146 147 148 151 153 155 156 157 158 161 163 164 165 171 172 173 174 178 179 180 181 182 189 190 195 196 198 199 200 201 203 204 205 206 207 208 210 211 212 213 214 215 216 217 219 220 221 224 226 227 228 237 238 239 240 242 245 246 247 248 249 250 251 252 254 255 256 257 258 260 263 264 267 269 272 273 275 276 280 281 282 286 288 289 291 295 296 297 300 303 304 305 310 311 312 315 318 320 323 324 326 327 333 334 338 339 340 342 343 347 350 351 352 354 363 364 366 370 375 377 378 379 380 381 382 384 385 386 387 388 389 390 391 392 394 397 398 399 400 401 403 404 405 406 408 409 410 413 418 419 422 424 425 427 428 430 431 432 434 435 436 437 438 439 440 442 443 444 445 446 448 449 450 451 453 454 456 457 459 460 461 462 463 466 467 468 469 471 472 473 474 475 476 477 482 483 484 485 491 492 493 494 495 497 499 500 501 502 503 504 505 506 507 508 509 510 511 0
1 3 4 5 6 8 10 11 13 15 18 20 21 22 23 25 26 27 28 29 32 33 34 35 36 37 38 39 40 44 45 46 47 48 49 50 52 53 54 55 56 57 58 62 64 65 66 70 74 77 78 80 82 85 86 87 88 90 91 94 96 103 104 105 106 107 108 109 110 112 114 117 118 120 127 128 0
2 6 12 17 18 20 22 24 29 30 31 32 0

84
1 2 3 4 5 6 7 8 9 10 11 12 13 14 15 16 17 18 19 20 21 22 23 24 25 27 28 29 30 31 32 33 34 35 36 37 38 39 40 42 43 44 45 46 47 48 49 50 51 52 53 54 56 57 58 59 60 61 63 64 65 66 67 68 69 70 71 72 75 76 77 78 79 80 81 82 83 84 85 86 88 90 91 92 93 94 95 96 97 98 99 100 101 105 106 109 110 111 112 113 115 116 119 120 121 122 127 128 129 130 131 132 133 136 137 142 144 145 146 147 148 150 151 152 155 157 158 159 160 161 162 163 164 165 166 167 170 172 173 174 176 177 178 179 180 181 182 183 184 188 189 190 191 192 193 194 195 196 197 198 199 200 201 203 204 205 206 207 208 209 210 211 212 213 214 215 216 217 218 219 221 222 223 224 227 228 230 231 232 234 235 236 237 238 239 240 241 242 243 244 245 246 247 248 249 250 252 253 255 256 257 258 259 260 261 262 263 264 265 266 267 268 269 270 271 272 273 274 275 276 277 278 280 281 282 283 284 285 286 287 288 289 291 292 293 294 295 296 297 298 299 300 302 303 304 305 306 307 308 309 310 311 312 313 314 315 316 319 320 321 322 323 324 325 326 327 328 329 330 335 336 337 338 339 340 341 344 346 347 348 349 351 352 353 354 355 356 357 360 361 362 363 366 367 368 369 370 371 372 375 376 377 378 379 380 381 382 384 385 386 387 388 390 391 392 394 395 396 397 398 399 400 401 402 403 404 408 409 410 411 412 413 414 416 417 418 419 420 421 424 426 427 428 429 430 431 432 433 434 435 436 437 438 439 440 441 442 444 445 446 448 449 450 451 452 454 455 456 458 459 460 461 462 463 464 465 466 467 468 469 470 471 472 473 474 475 476 477 478 479 480 481 482 483 484 486 487 488 489 490 491 492 493 494 495 496 497 498 499 500 501 502 503 504 505 506 507 508 509 510 511 512 513 514 515 516 517 518 519 520 521 522 523 524 525 526 527 528 529 530 531 532 535 536 539 540 541 542 543 544 545 546 547 548 549 550 554 555 557 558 559 560 561 562 563 564 565 566 567 569 570 571 572 573 574 575 576 577 578 579 580 581 582 583 584 585 587 588 589 590 591 592 593 594 595 596 597 598 599 600 601 602 603 604 605 606 607 608 609 610 611 612 613 615 616 618 619 620 621 622 623 624 625 626 627 628 630 634 635 636 638 639 640 641 642 643 644 645 650 651 652 654 655 656 657 658 659 660 663 664 665 666 667 668 669 670 671 672 673 674 675 676 679 680 681 682 683 684 685 686 688 689 690 691 692 693 694 695 696 697 698 699 700 701 702 703 704 705 706 707 708 709 710 711 712 713 714 715 716 717 718 719 720 721 722 723 724 725 726 727 728 729 730 731 732 733 734 735 736 737 739 740 742 743 744 745 746 748 749 750 751 752 753 755 758 759 760 763 764 765 766 767 768 769 770 771 772 773 774 775 776 777 778 779 780 781 782 783 784 785 786 787 788 791 792 793 794 797 798 799 801 802 803 804 805 806 807 808 809 810 811 812 813 814 815 816 817 818 819 820 821 822 823 824 825 826 827 828 829 830 831 832 834 835 836 837 838 839 840 841 843 844 845 846 847 848 849 850 852 853 855 859 860 861 862 863 864 865 869 870 871 872 874 875 878 879 880 881 883 884 885 886 890 891 892 894 895 896 897 899 900 905 907 909 910 911 912 913 915 916 919 920 921 922 924 925 927 928 930 931 932 933 935 936 937 938 939 940 943 944 945 946 948 949 950 951 952 955 956 957 958 959 960 961 962 963 964 965 966 967 968 969 970 971 972 973 974 976 977 981 982 983 984 985 986 987 988 990 991 992 993 994 995 996 998 999 1000 1002 1003 1004 1005 1009 1010 1011 1012 1013 1014 1015 1016 1017 1018 1019 1020 1021 1022 1024 0
1 2 3 4 5 6 7 8 11 12 13 14 15 16 17 18 22 23 25 29 31 32 33 34 35 36 37 39 40 41 44 47 48 50 51 52 53 54 55 56 57 58 59 60 61 62 63 65 66 67 68 69 70 71 72 73 74 75 76 77 78 80 81 82 83 84 85 86 87 88 89 90 91 93 96 97 98 100 103 106 107 110 111 112 113 114 115 116 117 118 119 120 121 122 123 124 125 126 127 129 130 131 132 133 135 136 137 139 140 141 142 143 144 145 146 147 149 150 151 152 154 155 158 159 160 162 164 165 168 169 170 171 172 174 175 176 177 178 179 180 182 183 184 185 186 187 188 190 191 192 193 194 195 196 197 198 199 200 201 203 204 205 206 208 210 211 214 215 216 217 218 219 221 222 223 224 225 226 227 228 229 232 235 236 238 239 240 241 242 243 244 245 246 247 248 249 250 251 252 253 254 255 256 0
1 2 3 4 5 7 8 9 10 11 12 14 17 18 19 20 21 24 25 26 27 29 30 31 33 36 37 38 39 40 45 46 47 48 49 51 52 53 54 55 56 57 58 59 60 61 62 63 64 65 67 70 72 73 74 79 80 81 82 84 85 86 87 88 89 91 93 95 99 100 101 102 104 105 109 111 112 113 114 115 117 118 121 122 123 124 126 127 128 129 130 131 134 135 136 137 138 139 141 142 143 144 145 146 147 148 149 150 151 152 154 155 157 158 160 161 162 163 166 168 170 171 175 176 179 180 181 182 183 185 186 187 188 190 191 192 195 196 197 198 199 201 202 206 207 208 210 212 216 217 218 219 222 223 225 229 236 237 238 240 241 242 244 245 246 247 248 249 250 251 252 254 255 256 257 258 259 260 261 262 263 264 265 266 267 268 269 270 271 272 273 274 275 276 279 280 281 282 283 285 287 289 291 293 296 297 298 299 300 302 303 304 305 306 307 308 309 310 312 313 314 315 316 317 319 320 322 325 327 331 332 333 334 335 336 337 338 339 340 341 342 343 344 347 348 350 352 355 357 359 360 361 362 364 365 366 368 369 370 371 372 373 374 375 377 378 379 380 381 382 383 384 385 386 387 388 389 390 391 392 394 395 396 397 398 399 400 403 404 405 406 407 408 409 410 411 412 413 415 416 417 418 419 420 421 423 424 425 426 429 430 431 432 433 434 435 437 438 440 441 442 443 444 445 446 447 449 450 451 453 454 455 456 457 458 459 460 461 462 463 464 465 466 467 468 469 470 472 473 474 475 477 478 479 482 488 489 490 491 492 493 494 495 496 498 501 502 503 504 505 506 507 508 509 510 511 0
1 2 3 5 9 10 12 13 14 15 17 19 21 24 25 26 27 28 29 30 31 32 33 34 35 36 37 38 40 41 42 43 45 47 48 51 52 53 56 57 58 59 61 62 63 64 65 66 67 68 69 71 72 73 74 75 77 78 79 80 81 83 84 85 86 87 88 91 93 94 95 97 98 99 100 102 104 108 109 112 113 114 115 116 117 118 120 121 122 125 126 127 0
2 3 4 5 9 11 12 15 16 18 21 24 25 28 29 30 31 32 0

85
1 3 4 5 7 8 9 12 14 15 16 17 18 19 20 23 24 25 26 27 28 29 31 32 33 34 35 36 38 39 40 41 42 43 44 47 50 51 53 54 55 57 59 63 66 67 68 69 70 71 72 75 76 78 79 82 84 85 86 90 91 92 93 94 97 98 99 100 101 102 106 107 108 109 113 114 116 120 122 123 125 126 127 129 130 132 135 136 137 138 140 142 144 145 149 150 151 154 155 156 157 158 160 161 165 166 167 168 169 170 171 172 173 174 176 178 179 180 181 182 183 185 188 190 191 192 193 194 195 196 197 198 199 200 201 202 203 204 205 206 207 208 209 210 212 213 214 215 216 217 218 220 221 222 224 231 232 234 236 239 240 241 245 246 247 248 249 250 251 252 253 254 255 257 261 263 264 265 266 267 268 270 271 273 274 275 278 281 282 283 286 287 288 289 290 291 294 297 301 302 303 304 305 308 309 311 312 313 314 315 316 317 318 320 321 323 324 326 327 328 329 330 331 334 335 337 341 343 344 345 346 347 348 350 351 353 355 356 357 358 359 360 362 366 367 368 370 372 373 374 376 377 379 380 381 382 384 385 386 387 388 389 390 391 392 393 394 395 397 400 401 402 403 404 405 406 407 410 411 412 413 415 416 417 418 421 422 423 424 425 427 428 429 430 431 434 435 437 439 440 441 442 444 445 446 447 448 454 456 457 458 460 461 462 463 464 465 466 467 468 469 470 472 473 474 475 476 479 480 481 482 483 485 486 487 488 489 490 492 493 496 497 498 499 500 501 502 503 504 505 506 507 508 509 510 511 512 515 516 517 518 520 521 522 523 526 527 528 530 531 532 533 538 541 542 543 544 545 546 547 548 549 551 552 553 554 555 557 558 559 560 561 562 563 564 565 566 567 568 570 571 573 574 577 578 579 580 581 583 584 587 588 596 597 598 599 600 601 602 603 604 605 607 608 611 612 613 617 618 619 620 621 623 627 628 629 630 632 634 635 637 638 640 643 644 646 647 648 654 655 656 657 658 660 661 662 664 665 666 667 668 669 671 672 673 674 676 677 679 680 681 682 683 684 687 689 692 693 694 695 696 697 699 700 701 702 703 704 709 710 711 712 713 714 715 716 717 719 720 722 723 727 728 729 730 731 732 734 735 736 737 738 739 740 741 742 743 744 746 747 749 750 751 752 753 754 755 756 757 758 759 760 761 762 763 764 765 766 767 768 772 773 774 775 776 777 778 779 780 781 782 783 784 788 789 792 793 796 797 798 799 800 801 803 804 805 807 808 809 810 811 812 813 815 816 817 818 819 820 822 823 824 825 827 830 831 832 833 834 835 836 837 839 845 848 852 853 858 859 860 861 867 868 869 870 871 874 875 876 878 879 883 885 886 887 888 889 891 892 893 894 895 896 898 899 900 901 904 905 906 907 908 909 910 912 914 916 917 919 922 923 924 927 929 930 931 932 933 935 936 937 938 939 940 941 942 944 945 948 949 950 951 954 955 956 957 958 959 964 965 966 967 968 969 970 971 972 973 974 976 977 978 981 982 983 984 985 986 988 989 990 991 992 993 994 995 996 997 998 999 1000 1001 1002 1003 1004 1005 1006 1007 1011 1021 1022 1023 1024 0
1 2 8 9 10 11 12 13 17 18 19 21 22 23 24 26 27 32 33 34 36 37 39 43 45 48 49 50 51 52 53 54 55 62 63 64 65 66 67 68 70 72 73 74 75 76 77 78 80 81 83 84 86 87 88 89 90 94 96 97 98 99 100 101 102 103 106 107 108 109 110 111 112 113 114 115 116 117 118 119 120 123 124 125 127 129 130 131 132 133 135 136 137 138 140 141 142 144 145 148 149 150 153 154 155 158 161 162 164 165 168 169 171 174 177 178 179 180 181 182 183 184 185 186 187 188 189 190 191 194 195 196 197 198 201 202 203 209 210 211 214 216 219 220 224 228 229 231 232 233 234 235 236 237 239 240 243 245 247 248 249 250 251 252 253 255 0
3 4 5 6 7 9 10 11 13 17 18 19 20 21 22 23 25 26 27 29 34 35 36 43 44 45 46 47 48 49 50 51 52 53 54 57 58 59 62 63 64 65 68 69 71 72 75 76 77 80 82 83 84 85 86 87 88 89 90 91 93 96 97 98 99 100 101 102 104 107 108 115 116 117 118 119 120 121 122 123 127 128 129 130 132 134 136 137 139 140 141 142 144 146 147 148 149 150 151 152 154 157 158 159 161 165 166 167 168 169 172 173 176 179 180 181 182 183 184 185 186 187 188 194 195 196 198 199 200 201 202 203 204 206 207 208 210 211 213 214 216 218 219 220 221 223 224 225 226 231 232 234 235 236 240 242 243 244 245 248 252 255 256 257 258 260 262 263 265 266 267 268 271 272 275 276 280 281 282 286 287 289 291 292 293 294 295 296 298 299 300 301 303 305 306 308 312 313 314 315 316 319 321 322 323 324 325 326 328 332 334 335 337 339 340 341 342 343 345 346 347 348 352 353 354 355 356 359 361 362 363 364 365 366 368 369 370 371 372 373 374 376 377 378 379 380 381 382 383 385 386 387 388 389 390 391 392 395 400 401 405 406 408 410 411 414 415 416 417 419 421 422 423 424 428 429 430 431 436 437 438 439 440 442 443 444 445 446 448 450 452 453 454 456 457 458 459 462 466 467 468 469 470 471 475 477 478 481 482 485 486 489 492 495 496 498 499 500 501 502 504 505 506 507 508 509 510 511 512 0
2 3 4 5 8 9 12 14 16 21 25 28 29 30 32 35 37 42 43 44 46 47 48 49 50 51 56 57 58 59 60 61 65 66 69 71 73 74 76 78 79 80 82 83 85 88 89 90 91 93 94 95 96 98 100 102 103 105 109 111 112 113 118 122 125 126 127 0
3 4 6 9 11 16 19 20 29 30 31 32 0

86
1 2 3 4 5 7 8 9 10 11 12 16 17 18 19 21 22 23 24 25 26 27 30 31 32 33 34 35 36 37 38 40 41 42 46 47 48 49 50 51 52 53 55 56 57 59 62 63 64 66 67 68 70 71 72 73 74 76 78 79 80 81 82 83 84 85 86 87 89 91 93 94 95 96 97 98 99 101 104 105 106 107 108 109 110 111 112 115 116 117 119 121 122 123 124 125 126 127 128 129 130 131 133 134 135 137 138 139 140 141 143 144 146 147 148 149 153 154 155 156 157 159 160 161 162 163 168 170 171 172 173 175 176 177 178 181 183 186 188 190 191 192 197 198 199 200 201 202 203 205 206 207 208 209 210 211 212 213 214 215 216 217 218 219 221 222 223 225 226 227 228 229 230 231 232 233 234 235 236 237 238 240 242 243 245 246 247 248 249 250 251 252 253 254 255 256 257 258 259 260 261 262 263 264 265 266 267 269 270 271 272 273 274 275 276 277 278 279 280 281 282 283 284 287 288 290 292 293 294 295 296 297 298 299 300 301 302 304 305 306 307 308 309 310 311 312 313 315 316 318 319 320 321 322 323 324 325 326 327 332 333 334 335 336 337 338 339 340 341 342 343 344 345 347 350 351 352 353 354 355 356 357 358 360 361 362 363 364 365 366 367 368 370 371 372 373 374 375 376 377 378 380 381 382 383 384 385 387 389 390 391 393 394 395 396 397 398 399 400 401 402 405 406 407 409 410 411 412 413 414 415 416 418 419 420 421 424 425 426 427 428 429 430 431 432 434 435 439 440 441 442 443 444 445 446 449 450 451 452 453 455 458 459 460 461 462 464 465 466 467 468 469 470 471 475 476 477 479 480 481 484 485 486 487 488 489 490 491 492 493 494 495 496 497 498 499 500 501 502 503 504 505 506 507 508 509 510 511 512 513 514 515 516 517 518 519 520 521 522 523 524 526 527 528 529 530 531 532 533 537 538 539 540 543 544 545 546 547 548 549 550 551 552 553 554 555 556 557 558 559 560 561 562 563 564 565 566 567 568 569 570 571 572 573 575 576 577 578 579 580 581 582 583 584 585 586 587 588 589 590 591 592 594 595 596 597 598 599 601 602 603 604 605 606 607 608 610 611 612 613 614 615 616 617 618 619 620 621 622 623 624 625 626 627 628 629 630 631 632 633 634 635 636 637 638 639 640 642 643 644 645 646 647 648 649 650 651 652 653 654 655 656 657 658 659 660 661 662 664 665 666 667 668 669 670 671 672 673 674 675 677 678 679 680 681 682 683 684 685 686 687 688 689 690 695 696 697 698 699 700 701 702 703 704 706 707 708 710 711 712 713 714 715 716 717 718 719 720 721 722 723 724 725 726 727 728 729 730 731 732 733 734 736 738 739 740 741 742 743 744 745 746 747 748 750 751 752 754 756 757 758 759 760 761 762 763 764 765 766 767 768 769 770 771 772 773 776 777 778 779 782 783 784 785 786 789 790 791 792 794 795 796 798 799 801 802 803 805 806 807 808 809 810 811 812 813 814 815 816 818 819 820 821 822 824 828 831 833 834 835 838 839 840 841 842 845 846 847 848 849 850 851 853 854 855 856 857 858 859 860 861 863 864 867 869 870 871 872 873 874 875 876 877 878 880 881 882 883 885 886 887 888 889 890 891 892 893 894 895 896 897 898 900 901 904 905 906 907 908 909 910 911 912 913 914 919 920 921 922 923 927 928 930 931 934 935 936 937 938 939 940 941 942 943 944 945 946 949 950 956 957 958 959 960 964 965 966 967 968 969 970 971 972 973 974 975 976 977 978 979 980 981 982 983 984 985 986 987 988 989 990 992 994 995 996 997 998 999 1000 1001 1002 1003 1004 1005 1006 1009 1010 1011 1012 1013 1014 1015 1016 1017 1018 1019 1020 1021 1022 0
2 8 9 10 11 12 14 20 21 22 23 24 25 26 27 33 36 37 38 39 40 43 45 48 49 50 52 53 54 55 60 61 62 63 64 65 66 67 69 70 71 72 73 74 75 76 79 80 81 82 83 84 87 88 91 92 93 95 97 98 99 100 101 102 105 106 107 109 110 111 113 116 117 118 119 120 121 122 123 124 125 126 127 128 129 130 131 132 133 134 135 136 137 138 139 140 142 143 144 146 147 148 149 150 151 152 153 154 156 160 161 163 164 165 167 168 169 170 171 173 174 178 179 182 185 186 187 188 189 190 191 193 195 199 200 201 202 203 204 205 206 208 210 212 213 215 216 218 219 220 221 222 223 224 226 227 228 229 230 231 232 233 235 237 238 239 240 241 242 243 244 245 246 247 250 252 255 256 0
3 4 6 7 8 11 12 13 14 17 19 21 24 26 28 33 39 40 42 43 45 46 48 50 51 52 53 54 55 56 60 63 64 67 68 69 70 72 73 74 75 78 79 81 82 83 85 86 88 89 91 93 95 96 100 101 102 105 107 108 109 110 111 112 113 114 115 119 120 123 124 125 127 128 131 132 133 136 137 138 139 140 141 142 143 144 146 147 148 149 150 151 154 158 159 160 161 163 167 169 170 171 172 174 175 176 178 182 183 188 189 190 191 192 193 194 195 196 198 199 200 201 202 203 204 205 206 207 208 209 211 212 214 215 216 217 221 222 223 224 225 226 230 232 233 235 236 237 240 241 242 243 244 245 246 248 251 252 253 254 255 256 257 261 262 264 266 267 268 271 272 273 274 275 278 279 282 283 287 288 293 295 298 299 300 301 302 304 305 307 310 311 312 313 314 316 317 318 320 321 323 324 325 326 327 328 329 330 332 334 337 340 345 346 347 348 349 354 356 359 362 363 364 365 369 371 372 374 376 377 379 380 381 382 383 384 385 386 387 388 389 390 391 392 393 394 395 396 397 398 400 401 402 404 407 408 409 411 416 417 418 420 421 423 424 425 426 428 430 431 434 435 436 437 438 439 440 442 443 444 445 446 447 448 449 450 451 452 453 454 455 458 459 461 470 472 473 474 475 476 479 480 481 482 483 486 487 489 490 491 492 493 494 496 503 504 507 508 509 510 511 0
4 5 7 8 13 14 15 16 17 18 21 24 26 27 28 29 30 31 32 33 34 35 37 38 39 40 41 42 45 48 50 54 55 56 57 59 61 62 65 66 67 68 69 70 71 73 74 75 78 79 80 81 84 85 90 91 93 94 95 96 98 101 102 103 104 106 109 110 111 112 114 115 116 117 118 119 120 122 123 126 127 0
7 9 11 12 14 16 17 22 25 27 28 30 32 0

87
1 2 6 8 11 16 17 18 20 22 25 26 27 28 32 38 40 41 42 43 44 45 48 50 51 52 53 54 55 59 60 61 65 66 68 69 70 71 72 73 75 76 77 81 83 84 85 86 88 89 91 92 95 97 99 100 101 102 104 106 107 109 111 113 115 116 117 122 123 125 126 127 130 131 132 133 134 135 136 139 140 141 142 143 145 146 147 148 149 150 151 152 153 154 155 156 157 158 159 160 161 162 163 164 165 166 168 169 170 171 172 173 174 175 177 178 179 181 182 183 184 186 187 188 189 190 193 194 195 196 197 198 199 200 204 205 206 208 211 212 213 214 215 216 217 218 219 220 221 224 226 227 229 230 231 232 233 234 235 236 237 249 251 252 255 257 258 259 261 263 264 265 266 267 269 270 271 273 274 275 278 279 280 281 283 285 286 287 288 289 290 291 292 293 294 295 297 302 303 304 306 307 308 309 310 311 312 313 314 315 317 318 319 320 321 322 323 325 326 332 333 335 336 337 340 341 343 344 345 346 348 349 351 352 353 356 357 358 360 361 362 369 371 372 373 374 375 376 377 378 379 380 381 383 385 387 388 389 390 392 393 394 395 397 399 401 403 404 405 406 407 408 409 411 412 413 416 417 418 420 422 423 424 426 428 429 430 432 433 436 437 438 439 440 441 443 444 446 447 448 449 454 456 457 458 459 460 461 462 463 464 466 467 470 471 472 473 474 475 476 477 478 479 480 482 484 490 491 492 493 494 495 496 497 498 499 500 501 502 503 504 505 506 507 508 509 510 511 512 516 517 518 519 520 522 523 524 525 526 527 528 529 530 531 532 533 534 536 540 541 542 543 544 546 547 549 550 552 553 554 555 558 559 560 564 565 566 567 570 571 572 573 574 575 576 577 579 580 581 582 583 585 588 589 590 591 592 593 594 595 596 597 598 604 607 608 609 610 612 614 615 616 619 621 625 626 628 629 630 634 635 637 638 642 643 644 645 646 647 648 649 651 654 655 657 658 659 660 663 664 665 666 668 670 671 672 673 674 675 676 677 678 679 680 681 684 686 687 688 691 692 693 694 696 697 698 699 700 701 702 703 704 705 707 708 709 710 711 712 716 717 718 719 720 724 725 726 727 728 729 730 731 732 733 734 735 736 738 739 742 743 744 745 746 747 749 750 751 752 754 755 756 757 758 759 762 763 764 765 766 767 768 770 771 772 773 774 775 776 777 778 779 780 781 782 783 784 785 787 788 791 792 793 794 795 796 797 798 799 800 801 802 803 805 806 807 808 809 810 811 812 813 816 817 818 819 820 821 822 823 824 825 826 827 828 829 832 833 835 836 837 838 840 844 847 848 849 850 851 853 855 856 857 858 859 860 862 864 866 867 869 871 872 873 874 875 876 878 879 880 881 882 883 887 888 889 890 891 892 893 894 895 898 899 900 901 902 903 904 906 908 909 910 911 913 914 915 916 917 919 921 922 923 924 925 926 927 929 930 931 932 934 935 936 937 938 941 942 946 948 949 950 951 953 954 955 956 957 958 963 964 965 966 967 968 969 970 971 972 973 974 975 977 980 981 982 983 984 985 986 987 988 989 990 991 993 994 995 996 997 998 999 1000 1001 1002 1003 1004 1006 1007 1012 1013 1014 1016 1017 1018 1019 1020 1021 1022 1023 1024 0
1 3 4 5 7 8 11 12 13 14 15 18 19 20 21 22 25 32 34 35 36 39 40 41 42 44 46 47 49 50 52 54 55 58 59 60 61 62 64 67 68 70 71 72 74 75 76 77 78 81 82 83 84 85 86 87 88 89 90 91 93 94 96 97 98 101 103 104 105 106 107 109 110 111 114 115 116 117 118 119 121 123 124 125 126 128 129 130 131 133 135 136 139 141 142 145 146 147 148 150 151 153 154 155 156 157 158 160 161 162 165 168 169 170 171 173 176 177 178 179 181 183 184 186 187 188 189 190 191 194 195 196 197 198 199 200 203 204 205 206 209 211 213 214 215 216 221 222 223 224 225 227 228 229 230 231 233 237 239 240 244 245 246 247 248 251 253 254 256 0
1 3 4 5 6 7 8 10 11 12 13 14 16 17 18 19 20 21 22 23 24 25 26 27 28 29 32 36 38 40 43 44 45 46 47 48 49 50 51 52 53 55 56 57 58 59 60 61 62 63 65 66 67 68 69 70 72 73 74 75 77 78 81 82 85 86 88 90 91 93 94 95 96 98 101 103 104 105 108 110 112 113 114 115 116 118 119 120 121 122 124 125 126 127 128 131 132 133 134 136 137 139 140 141 142 143 144 145 147 148 149 151 153 154 155 156 159 160 161 163 164 165 167 168 170 171 174 175 177 179 180 182 184 185 186 188 189 190 191 193 195 196 197 198 199 200 201 202 203 204 207 208 210 211 212 214 215 216 217 218 219 220 221 226 227 229 230 231 232 233 235 236 237 238 239 240 241 246 247 248 253 254 255 257 259 260 261 263 264 267 268 269 270 271 273 274 275 276 277 278 279 280 281 282 285 286 287 288 289 292 293 294 295 296 297 299 300 301 302 303 304 305 306 307 309 310 311 312 313 314 315 319 321 322 323 325 326 329 332 334 335 336 338 339 341 342 343 344 345 347 348 350 351 352 353 354 355 356 358 359 361 363 364 365 366 369 370 372 373 374 375 376 377 378 379 380 382 383 384 385 386 387 388 389 390 391 392 393 394 395 396 397 398 399 400 403 404 405 406 407 408 409 411 412 413 414 415 419 422 423 424 425 426 427 428 431 432 433 436 437 438 439 440 444 445 446 447 448 449 450 452 453 454 455 456 457 458 459 460 461 462 463 464 466 467 468 469 473 474 475 476 477 478 480 481 483 484 485 488 489 490 491 492 493 494 495 496 497 498 499 500 501 502 503 504 505 506 507 508 509 510 511 0
1 2 4 7 9 12 13 14 17 18 19 20 24 28 29 31 32 35 36 38 39 42 43 47 48 49 51 52 53 54 55 56 59 60 61 62 63 64 65 66 70 71 72 73 75 76 77 78 79 80 82 83 86 87 88 89 90 94 96 97 99 100 101 104 108 109 110 114 115 116 119 120 122 123 124 125 126 127 128 0
1 4 6 8 9 14 15 16 27 28 0

88
1 2 3 4 5 6 7 8 9 10 11 12 13 14 15 16 17 18 19 20 21 22 23 24 25 26 27 28 29 30 31 32 33 34 35 36 37 38 39 40 41 42 43 44 45 46 47 48 49 50 51 52 53 54 55 56 57 58 59 61 62 63 64 65 66 67 68 69 70 71 72 73 75 76 78 79 80 81 82 83 84 85 86 87 88 89 90 91 92 93 94 95 96 97 98 99 100 101 102 103 104 105 106 107 108 110 112 114 115 116 117 118 119 120 122 123 126 127 128 130 131 132 133 134 135 136 137 138 139 140 141 143 144 145 146 147 148 149 150 151 152 153 154 156 159 160 161 162 163 164 165 166 168 169 170 171 173 174 175 176 177 178 179 180 181 183 184 185 186 187 188 189 190 191 192 193 195 196 199 200 204 205 206 207 208 209 210 212 215 216 217 218 219 220 221 222 224 225 226 231 232 233 234 235 236 237 240 241 242 244 248 249 250 251 256 257 258 259 260 261 262 263 264 265 266 267 268 269 270 271 272 273 277 278 279 280 281 283 284 285 286 287 288 289 290 291 292 293 294 295 296 297 298 299 300 301 302 303 304 305 306 307 308 309 310 311 312 313 314 315 316 318 319 320 321 322 324 326 327 328 329 330 331 332 333 334 335 336 337 339 340 341 342 343 344 345 346 348 349 350 351 352 353 354 355 356 357 358 359 360 361 362 363 364 365 366 367 368 369 370 371 372 373 374 375 376 377 378 379 380 382 383 384 385 386 387 388 389 390 392 393 394 397 398 399 400 401 402 403 404 405 406 407 408 412 413 414 415 416 418 419 420 421 422 423 424 425 426 427 428 429 431 432 433 434 435 436 437 438 440 441 442 443 444 446 447 448 449 452 453 454 456 457 458 459 460 461 462 464 465 466 467 468 469 470 471 472 476 477 478 479 480 483 484 485 486 487 488 489 490 491 493 494 495 496 497 498 499 500 501 502 503 504 505 506 507 508 509 510 511 512 513 514 515 516 517 518 519 520 521 522 523 524 525 526 527 528 529 530 531 532 533 534 535 536 537 538 539 540 541 542 543 544 545 546 547 548 549 550 551 552 553 554 555 556 557 558 559 560 561 562 563 564 565 566 567 568 569 570 571 572 573 574 575 576 577 578 579 580 581 582 585 586 587 589 590 591 592 593 594 595 596 597 598 601 602 603 604 605 606 607 608 609 610 611 612 613 615 616 617 618 621 622 623 624 625 626 627 628 629 630 631 632 633 635 636 638 639 640 641 642 643 644 646 647 648 649 650 651 654 655 656 657 658 659 660 661 662 663 664 665 666 668 670 671 672 673 674 675 677 678 679 680 681 682 683 685 686 687 688 689 690 691 692 693 694 696 697 698 699 700 701 702 703 704 705 706 707 708 710 711 713 716 717 718 720 721 722 723 724 726 727 728 729 730 731 732 733 735 736 737 738 739 740 741 742 743 744 745 746 747 748 749 750 751 752 753 755 756 757 759 760 761 762 763 765 766 767 768 769 770 771 772 773 774 775 776 777 778 779 780 781 782 783 784 785 786 787 788 789 790 791 792 793 794 795 796 797 798 799 801 805 806 807 808 809 810 811 812 813 814 815 816 817 819 820 821 822 823 829 830 831 833 834 835 836 837 839 840 841 842 843 844 845 846 847 849 850 851 853 854 855 856 857 858 859 860 861 862 863 866 869 870 871 872 873 874 875 876 877 878 879 880 881 884 885 886 887 888 889 890 891 892 894 895 896 897 898 899 900 901 902 903 904 905 906 907 909 910 911 912 913 915 916 917 918 919 920 921 922 923 925 926 927 928 929 930 932 933 934 935 937 940 941 942 944 945 946 947 948 949 950 951 952 953 954 957 958 960 961 962 963 964 966 967 968 969 970 971 972 973 975 976 977 978 979 982 983 984 985 986 987 989 990 993 994 995 997 998 999 1000 1001 1002 1003 1004 1008 1009 1010 1011 1012 1015 1016 1017 1018 1019 1020 1021 1022 1023 1024 0
1 2 3 4 5 6 7 8 9 10 19 20 21 22 24 25 26 27 28 29 32 33 34 35 36 37 39 40 42 43 45 46 47 48 50 51 53 54 55 56 57 58 59 60 61 62 65 66 67 68 69 70 71 72 74 75 76 77 78 79 80 81 82 83 84 85 86 87 88 89 90 92 95 96 97 98 99 100 101 103 104 105 106 107 111 114 118 119 120 123 124 125 127 128 129 130 131 132 133 134 135 136 137 138 139 140 141 142 143 144 145 146 147 148 149 150 151 152 153 154 155 157 158 160 161 162 163 164 165 166 167 168 169 170 171 172 177 178 179 181 182 183 184 185 186 188 189 190 191 192 193 194 195 196 197 198 199 202 203 204 205 206 208 210 211 212 213 214 215 216 217 218 219 220 221 223 224 225 226 227 228 232 233 234 235 236 240 242 243 244 246 247 248 249 250 251 252 253 254 255 256 0
1 2 3 5 6 7 8 12 13 14 16 18 19 20 22 23 25 26 27 29 30 32 33 35 36 38 39 41 42 43 44 45 46 48 49 50 51 52 53 55 56 57 58 59 60 61 62 63 64 65 68 69 71 72 74 75 76 78 79 81 82 83 84 85 86 88 89 90 91 93 95 97 98 100 101 103 105 107 108 109 110 111 112 113 114 115 116 117 120 121 124 125 126 127 129 130 133 134 135 136 137 138 141 144 146 147 148 149 150 151 152 153 154 156 157 161 162 163 164 165 167 168 169 170 174 175 176 177 178 180 181 182 183 184 187 188 189 190 191 192 193 195 196 198 199 204 205 206 207 208 209 211 212 213 214 215 216 217 218 219 220 222 223 224 225 227 228 229 232 233 234 235 236 238 239 240 241 242 244 245 246 247 248 249 253 254 255 256 257 258 259 260 262 263 264 265 266 267 268 271 272 274 275 276 277 281 282 283 284 287 288 290 291 292 295 296 297 298 300 301 303 304 305 310 312 315 316 318 319 320 322 323 324 326 327 331 332 334 335 336 338 339 340 342 343 344 345 347 348 349 350 351 352 353 354 355 359 360 361 362 363 364 366 367 368 369 370 371 372 373 374 375 376 377 378 379 380 381 382 383 385 386 387 388 389 390 391 392 393 394 395 396 397 398 399 400 401 402 403 404 405 406 409 412 413 414 415 416 417 420 422 423 424 426 427 431 432 433 437 438 439 440 441 444 445 446 447 448 450 451 452 453 454 455 456 457 458 459 460 461 462 463 466 467 468 469 470 471 472 473 474 475 476 477 478 480 481 482 483 484 485 488 491 492 493 494 496 497 499 500 501 502 503 504 505 506 507 508 509 510 511 512 0
1 2 3 4 5 7 9 11 12 13 14 16 18 19 21 24 27 29 31 32 33 35 36 37 39 41 42 43 47 48 49 50 51 52 53 56 57 58 59 61 62 63 64 65 66 67 68 69 70 71 72 73 77 78 80 81 83 84 85 86 87 88 89 90 91 92 94 96 98 101 102 104 108 110 113 114 115 116 117 118 119 120 122 123 124 125 126 127 0
4 6 8 9 11 14 15 16 18 23 27 28 31 0

89
1 2 3 4 5 6 7 8 9 10 11 12 13 17 23 24 25 26 28 29 32 39 40 41 44 45 48 51 54 55 57 59 60 61 62 63 64 65 66 67 72 76 77 79 80 81 82 83 88 89 91 92 93 94 95 96 97 98 99 100 101 103 104 105 106 107 108 109 110 112 116 117 118 119 120 121 122 123 124 128 132 133 134 135 137 138 139 140 142 144 145 147 148 149 150 151 153 156 157 158 159 161 162 163 164 165 167 168 170 171 172 174 176 177 178 180 181 182 183 193 196 197 198 199 204 205 206 207 212 213 214 215 216 217 218 219 220 221 222 223 224 228 229 230 231 232 233 234 235 236 240 241 242 245 247 248 249 250 251 252 253 254 255 256 259 260 261 262 263 264 265 266 267 268 272 273 274 275 276 277 278 280 282 283 284 285 286 287 289 290 291 292 293 294 295 296 297 298 299 300 302 303 304 305 306 307 308 309 310 311 312 313 314 318 319 320 322 323 324 325 328 329 330 335 336 338 340 342 344 345 347 352 354 355 356 358 359 360 361 363 367 368 369 370 371 373 375 376 377 379 381 383 384 385 386 387 388 390 391 392 396 397 398 399 400 401 402 404 406 407 408 410 411 414 416 417 420 421 422 423 424 425 426 433 434 436 437 438 439 441 442 444 447 448 449 450 452 453 454 460 461 462 464 465 466 468 471 472 473 474 475 476 478 480 482 483 484 485 486 487 488 489 490 491 493 494 495 497 498 499 500 501 503 504 506 508 509 510 511 512 513 514 515 517 521 522 525 526 527 528 529 530 531 532 533 534 537 538 539 541 542 543 544 545 546 547 548 549 550 552 554 555 557 558 559 560 561 562 563 564 567 568 571 574 575 576 577 578 579 580 581 582 584 587 591 592 593 594 595 596 597 600 601 602 603 607 608 610 611 613 615 616 619 623 624 625 626 627 630 631 635 637 638 639 640 641 642 643 645 646 648 650 651 653 655 656 657 658 661 662 668 673 676 677 679 683 684 686 687 688 689 690 691 692 693 694 695 697 698 700 702 703 704 705 706 708 709 710 711 712 713 714 716 718 721 723 724 725 726 727 728 732 733 734 736 737 739 740 741 742 743 744 745 746 748 752 754 755 756 757 758 760 761 762 763 764 768 769 770 772 773 774 775 776 777 778 779 780 781 782 784 785 786 787 788 789 790 791 792 793 796 797 798 799 800 801 802 803 804 805 806 808 809 810 813 814 815 817 818 824 825 827 828 829 831 832 833 834 835 836 837 838 841 843 845 846 847 848 849 851 852 853 856 858 859 861 863 864 866 869 870 871 874 875 879 880 881 882 884 885 886 887 888 891 893 897 898 899 900 901 903 905 906 909 912 913 914 915 916 918 919 923 924 925 926 928 929 932 935 936 937 938 939 943 946 948 950 951 952 959 962 963 964 965 966 967 968 969 970 972 973 974 978 980 981 982 983 984 985 986 987 988 989 990 991 992 995 996 997 998 999 1000 1001 1002 1004 1005 1006 1007 1009 1010 1011 1012 1016 1017 1018 1019 1020 1021 1022 1023 1024 0
2 4 6 7 11 12 13 16 17 22 23 24 25 28 29 30 31 35 38 39 41 42 43 44 45 51 54 55 56 58 59 61 62 63 64 65 66 67 68 71 72 76 77 78 81 82 83 84 86 87 88 89 90 91 92 93 94 95 97 98 99 100 102 103 104 105 106 109 110 113 114 115 116 119 120 122 123 124 125 126 127 128 129 130 131 132 133 134 135 136 140 141 145 146 147 148 149 151 153 154 157 158 159 160 163 164 165 166 169 170 171 173 174 175 176 177 178 179 184 187 188 189 190 191 192 193 194 195 196 197 199 200 201 202 206 207 208 209 210 211 212 213 214 215 216 218 219 220 224 225 226 227 228 230 231 233 236 237 238 239 240 241 242 243 244 246 247 250 251 0
3 4 5 8 15 16 19 20 22 23 24 25 26 27 29 33 34 35 38 40 41 42 43 44 45 47 48 50 52 53 54 58 59 60 61 63 65 66 67 68 69 70 72 74 76 77 78 82 86 94 96 98 99 100 102 104 105 106 107 109 110 111 112 114 118 121 124 125 128 129 130 132 133 135 136 142 146 147 148 150 151 152 153 155 156 157 158 159 160 161 163 164 165 166 168 170 171 172 174 175 176 180 181 182 183 184 185 186 187 188 189 190 191 192 194 198 199 200 201 202 203 208 210 211 212 216 217 218 219 220 223 224 225 226 227 231 232 233 234 235 237 238 246 248 251 253 254 255 256 257 260 261 262 263 264 266 267 269 270 271 273 274 277 278 280 281 287 288 289 290 294 296 297 298 299 300 301 302 304 307 309 312 314 315 316 318 319 320 324 325 326 327 330 331 332 333 335 340 341 342 343 345 346 347 348 349 352 353 355 359 360 361 362 363 366 368 369 370 371 372 374 375 378 379 381 382 383 385 386 387 388 389 390 391 392 393 394 395 397 398 399 400 402 405 406 407 409 410 411 412 414 415 416 417 418 419 420 421 427 428 430 431 432 433 436 438 439 440 441 443 444 445 446 447 448 449 453 454 455 456 457 458 459 460 461 464 468 470 471 473 474 478 482 483 484 485 488 489 490 491 493 494 495 497 498 499 500 501 502 503 504 506 507 508 509 510 511 512 0
1 3 4 5 6 7 8 9 11 15 16 20 23 26 27 28 32 33 35 37 41 43 44 45 47 48 50 51 53 54 56 57 59 60 61 62 63 65 66 69 74 77 78 79 80 82 85 88 90 92 93 94 95 96 100 102 103 104 105 106 109 111 112 116 118 119 125 126 127 0
1 2 3 4 13 14 15 16 18 19 20 21 22 27 28 32 0

90
1 2 3 4 5 7 13 14 17 19 23 27 28 29 31 32 33 35 37 38 39 40 41 43 44 45 48 49 52 53 55 56 57 59 60 61 64 65 69 70 71 72 73 74 75 77 80 81 83 85 89 90 91 93 94 96 100 103 104 105 106 107 108 109 111 112 114 116 118 120 121 122 123 124 125 126 127 128 129 130 131 132 133 135 136 137 138 140 141 142 143 144 145 148 149 150 151 153 154 155 156 157 158 159 160 164 165 166 170 171 173 174 175 176 177 180 181 182 183 186 187 188 189 190 191 192 193 195 196 198 199 200 202 203 204 205 206 207 208 209 210 211 212 213 214 215 218 219 220 222 225 226 227 228 231 233 234 235 241 242 243 244 245 246 247 248 249 250 255 256 257 258 259 260 261 262 263 264 265 266 267 268 269 270 271 272 273 274 275 281 282 283 284 285 286 287 288 289 290 291 292 293 294 295 297 299 300 301 302 303 304 305 306 308 309 310 311 312 313 314 315 318 319 321 322 323 324 325 327 328 329 330 331 332 333 334 335 336 337 338 339 341 342 343 344 345 346 347 349 351 352 354 355 356 357 358 359 360 361 362 363 365 367 368 369 374 375 376 377 378 379 381 384 385 388 390 391 392 393 394 395 396 397 400 401 402 403 404 405 406 408 409 410 412 413 416 417 418 419 423 424 426 428 429 430 431 432 433 436 437 439 440 441 442 443 444 445 446 447 448 449 450 451 452 453 457 459 464 465 466 467 468 471 472 473 474 475 479 485 486 488 489 490 491 492 493 495 496 497 498 499 500 501 502 503 504 505 506 507 508 509 510 511 512 513 514 515 520 521 522 525 526 528 529 531 535 536 538 541 544 545 546 547 549 550 551 552 553 554 556 557 558 559 560 561 563 564 565 566 567 568 569 570 571 572 573 574 575 576 577 579 580 581 582 583 584 586 587 588 589 590 591 592 593 594 595 597 598 599 600 601 605 606 608 610 613 614 615 616 617 618 619 621 622 623 624 627 630 631 632 633 634 635 636 637 640 641 642 643 644 645 646 648 649 650 651 652 653 656 657 658 659 660 661 663 664 665 666 667 668 669 671 672 675 676 677 679 680 682 683 684 685 686 687 688 689 690 691 692 693 694 696 697 698 699 700 701 702 703 704 705 706 707 709 710 711 712 714 715 716 717 718 719 720 721 722 723 724 725 726 727 730 731 732 735 737 739 740 741 742 743 744 745 746 747 751 753 754 758 759 760 761 765 766 767 768 769 770 771 774 775 776 777 778 779 780 781 785 786 787 793 794 796 797 798 800 801 802 803 804 805 806 807 813 814 815 817 819 823 824 825 826 827 828 829 830 833 835 836 837 838 839 840 841 842 843 844 845 846 847 849 850 851 853 854 855 856 857 858 859 860 861 862 863 864 866 867 869 870 875 876 877 878 881 883 886 887 888 889 891 892 893 896 897 898 899 900 904 905 907 908 909 912 913 914 915 916 917 918 919 920 921 922 923 924 925 927 932 933 936 937 938 939 940 941 942 944 945 946 947 948 950 951 952 953 954 955 956 957 958 959 961 962 963 965 966 967 968 969 970 971 972 973 974 975 976 977 978 979 982 983 984 985 986 987 991 992 993 994 995 996 998 999 1000 1001 1002 1003 1006 1007 1008 1009 1010 1011 1012 1013 1014 1015 1016 1017 1018 1019 1020 1021 1022 1023 1024 0
1 3 4 5 6 8 9 11 12 13 14 15 16 17 18 19 20 21 22 24 28 29 30 32 33 35 38 39 40 41 44 45 46 47 48 50 51 52 53 54 57 58 59 60 61 62 63 64 66 67 68 71 73 74 76 77 78 79 82 83 84 87 89 90 91 92 93 94 95 96 97 99 100 101 102 103 104 105 106 107 110 111 112 113 114 115 117 118 119 121 122 123 124 125 126 127 128 129 130 131 132 133 134 135 136 137 138 139 142 144 145 146 147 148 149 150 151 155 156 158 159 161 162 163 165 167 168 169 170 171 172 173 174 175 177 179 180 182 183 184 185 186 188 189 190 191 192 193 194 195 196 197 198 199 201 202 206 207 208 212 213 214 215 216 217 218 219 221 222 223 227 228 229 230 233 235 236 237 239 241 242 243 244 245 246 247 249 250 251 252 253 255 256 0
1 2 3 4 5 6 7 9 10 11 14 15 16 17 18 19 20 21 24 26 27 28 29 30 32 34 35 36 37 39 41 42 43 44 45 46 48 49 50 51 52 53 54 55 56 57 58 59 60 61 62 63 64 65 66 68 69 72 73 75 76 77 80 81 82 83 84 85 86 87 88 91 92 93 94 95 96 97 98 99 100 101 102 104 105 106 107 108 109 113 114 116 117 118 119 120 121 122 123 125 126 127 128 129 130 136 137 138 141 142 145 146 147 148 149 150 153 156 158 159 160 165 166 168 169 170 171 172 174 177 178 180 181 182 183 184 186 187 188 192 194 195 196 198 199 200 201 202 204 206 207 208 209 210 211 212 214 215 216 218 219 220 222 224 225 226 227 228 230 232 233 235 236 237 238 239 240 242 245 247 248 249 251 252 254 255 256 257 260 262 263 265 266 268 272 273 274 275 276 277 280 281 283 284 285 286 287 288 289 290 291 292 294 296 297 300 301 302 304 305 307 308 309 311 316 318 320 322 324 325 326 329 331 332 334 335 336 338 341 342 343 347 349 350 352 353 354 356 357 358 359 360 362 364 366 367 368 370 371 373 374 376 377 379 380 381 382 383 384 385 386 387 388 389 390 391 392 394 396 397 398 401 402 403 404 405 406 407 408 409 411 412 413 416 417 422 425 427 428 429 431 433 434 435 438 439 440 442 445 447 448 450 453 454 456 458 459 460 461 462 463 465 467 468 469 470 472 473 476 477 479 480 482 484 487 489 490 492 493 494 496 497 499 502 503 505 506 507 508 509 510 511 0
1 4 5 6 7 8 10 12 13 14 15 17 22 23 27 29 32 33 34 36 38 40 43 45 46 47 48 49 51 52 55 56 57 59 60 63 64 65 66 68 69 70 71 72 73 74 75 77 78 79 80 82 83 85 87 88 90 91 92 93 94 96 97 98 99 101 103 104 106 107 110 111 112 113 115 116 117 119 120 121 122 123 124 126 127 128 0
1 5 7 8 9 13 14 15 16 18 19 20 21 22 23 24 25 29 31 0

91
1 6 7 8 13 14 15 17 22 23 24 28 29 31 33 37 38 39 40 41 42 43 44 45 50 53 54 55 56 57 58 59 60 61 62 66 68 69 70 71 72 73 74 75 76 77 81 82 83 84 85 86 91 92 96 97 98 99 100 101 103 105 107 108 111 112 113 114 119 120 122 126 127 128 129 132 133 135 137 138 140 142 143 144 145 149 153 155 156 158 159 160 166 167 168 170 172 174 175 179 180 181 182 183 184 188 189 190 191 194 195 196 197 198 199 200 201 202 203 204 206 207 209 210 211 212 221 224 225 226 227 228 229 230 231 232 233 234 235 236 237 238 239 240 241 242 243 244 245 246 247 248 249 250 251 252 254 255 256 257 258 265 266 267 268 272 274 277 278 279 280 281 282 283 284 285 286 287 288 289 290 291 292 293 294 297 298 302 303 304 306 307 308 309 311 318 319 320 321 322 323 324 325 328 333 334 335 336 337 342 343 346 350 351 352 353 354 355 356 357 358 359 360 361 362 363 365 366 367 372 373 375 376 377 381 382 385 386 387 388 389 390 391 392 393 397 401 402 403 404 405 406 407 408 411 412 413 414 416 417 419 422 423 426 427 428 429 431 432 433 434 435 436 437 440 442 443 444 447 448 449 451 457 458 460 461 463 464 465 466 467 468 470 471 472 473 474 475 476 477 480 481 482 483 484 485 486 487 488 489 490 491 492 493 494 495 496 497 498 499 500 501 502 503 504 505 506 507 508 509 510 511 512 513 514 515 516 517 520 521 522 523 524 525 527 528 529 530 531 532 533 534 536 537 538 539 540 541 542 543 544 545 546 547 548 549 550 557 558 559 560 561 562 563 564 565 574 575 576 577 578 579 580 581 589 590 591 592 595 598 599 600 601 602 604 605 606 607 608 613 614 615 616 617 619 620 621 622 623 624 625 626 627 628 629 630 631 637 638 641 642 643 644 645 646 647 652 653 657 658 659 660 661 662 663 664 665 666 667 668 669 672 673 674 675 676 677 678 681 682 683 684 687 688 689 690 699 700 703 704 705 706 714 715 717 718 719 720 721 722 723 724 725 726 727 728 729 730 731 732 733 734 735 736 737 738 739 740 741 742 743 744 745 746 747 748 749 750 751 752 753 754 755 756 757 758 759 760 761 762 763 765 766 767 768 769 770 771 772 773 774 775 776 777 778 779 780 781 782 783 784 785 786 787 788 789 793 794 797 798 801 802 803 806 807 813 814 815 816 817 818 829 830 831 832 833 834 837 838 839 840 841 843 844 845 846 847 848 852 853 854 855 856 857 858 859 860 861 862 863 868 869 870 871 872 874 875 876 880 881 882 883 884 885 886 891 892 893 894 895 896 899 900 901 903 905 906 907 908 909 913 914 915 919 920 921 922 923 924 929 930 931 932 937 938 939 941 945 946 949 950 955 956 958 959 960 961 962 967 968 969 970 972 973 974 975 976 977 978 979 980 981 982 983 984 985 986 988 989 990 991 992 993 994 995 996 997 998 999 1000 1001 1002 1003 1004 1005 1006 1007 1008 1009 1010 1011 1012 1013 1014 1015 1016 1017 1018 1019 1020 1021 1022 1023 1024 0
3 4 7 8 10 11 13 14 15 18 19 20 22 25 30 37 38 39 40 47 48 49 50 51 52 53 54 55 56 57 58 59 60 61 62 63 64 65 68 71 73 75 76 77 78 79 80 82 83 84 85 86 89 90 92 94 96 97 98 99 100 101 102 104 105 108 109 111 112 113 114 115 116 117 118 119 120 121 122 123 124 125 126 127 128 129 130 131 132 133 134 135 136 137 139 140 142 143 144 147 148 149 150 151 153 154 155 161 164 165 166 167 168 169 170 176 177 178 179 180 181 182 183 184 186 192 193 194 196 197 198 199 200 201 204 206 207 208 209 210 211 212 213 214 215 216 217 218 219 220 221 222 223 224 225 226 228 229 230 232 233 234 235 236 237 238 239 240 241 242 243 244 245 246 247 248 249 251 252 253 256 0
1 2 3 5 6 7 8 10 11 12 13 14 15 18 19 21 22 23 25 27 28 29 30 33 35 40 44 47 48 49 50 54 55 56 58 59 63 64 66 67 70 71 72 73 75 78 79 80 84 85 86 87 88 91 92 93 94 95 96 98 100 101 103 104 105 106 108 110 111 112 113 114 115 116 117 118 119 120 121 122 123 124 125 127 128 129 130 136 137 138 139 143 145 146 148 149 150 151 154 156 157 158 160 161 164 168 169 171 173 174 175 176 178 179 180 181 182 183 184 185 186 187 188 189 190 191 192 194 197 199 200 201 202 207 208 211 212 213 215 216 217 218 220 222 223 227 230 231 232 233 237 239 240 242 243 244 246 247 248 249 254 255 256 257 258 259 260 261 262 264 266 267 268 271 272 273 274 275 276 277 278 279 281 282 283 284 285 287 289 290 292 294 295 296 297 300 301 302 303 304 305 306 307 311 312 313 315 316 320 321 322 324 325 326 328 330 332 333 334 335 338 339 340 341 343 344 345 347 348 349 352 359 360 361 362 363 364 365 366 367 369 370 371 373 374 375 376 378 379 380 381 382 383 384 385 386 387 388 389 390 391 392 393 394 395 396 397 398 399 400 403 405 406 407 409 410 411 413 414 418 419 422 426 430 431 433 434 435 436 438 439 440 441 442 443 444 445 446 447 448 449 455 456 458 459 460 461 462 463 464 466 467 468 469 470 473 475 476 481 482 484 485 486 487 489 490 491 492 493 494 495 498 499 500 502 503 504 505 506 507 508 509 510 512 0
1 9 11 13 14 15 18 19 23 24 25 26 29 31 32 33 35 36 37 38 39 40 41 42 43 44 45 47 48 50 55 56 57 59 60 61 62 63 64 65 67 68 69 70 72 73 76 77 78 83 84 87 88 90 94 95 96 97 98 99 100 102 104 106 109 111 112 113 115 116 117 120 121 122 125 127 128 0
4 5 6 9 10 11 15 16 19 20 21 25 26 27 29 30 31 0

92
1 2 3 4 8 9 10 11 12 13 15 16 17 18 19 20 21 22 23 24 25 26 27 28 29 31 32 33 34 35 38 39 40 41 42 43 44 45 46 47 49 54 55 56 57 58 59 60 61 62 64 65 69 70 71 73 76 77 81 82 85 87 89 91 92 93 94 97 98 99 100 101 102 103 106 107 108 109 110 111 113 114 115 116 117 118 119 120 122 123 124 126 127 128 130 132 133 134 135 137 138 139 140 142 144 145 146 147 148 149 150 152 153 154 155 156 157 158 159 160 161 162 163 164 165 166 167 168 169 170 171 172 173 174 176 177 179 180 181 182 183 184 185 186 187 188 189 191 195 196 197 198 199 200 202 203 204 205 206 207 211 212 213 214 215 216 217 218 219 220 226 227 228 229 230 231 232 235 236 237 238 240 241 244 246 247 248 249 250 251 252 253 254 255 256 257 258 259 260 261 262 264 265 266 267 268 269 270 271 272 273 275 277 280 281 282 283 285 286 287 288 289 290 291 292 293 294 295 296 297 298 299 300 301 302 303 304 305 306 307 309 310 311 312 313 314 315 316 317 319 320 322 324 326 327 328 329 330 331 332 333 334 335 336 337 338 339 340 341 342 343 344 345 346 347 348 349 350 353 354 355 356 357 358 359 360 361 362 363 365 366 367 368 369 370 371 372 373 374 375 376 377 378 379 380 382 383 384 385 386 387 388 389 390 392 393 394 395 396 397 399 400 402 404 405 406 407 408 409 410 411 412 413 414 415 416 417 418 419 420 421 422 423 424 425 426 427 428 429 430 431 432 437 438 439 440 441 442 443 444 446 447 448 449 450 451 452 453 454 455 456 457 458 461 462 465 466 469 470 472 473 474 475 476 477 480 481 482 483 484 485 486 487 488 489 490 491 492 493 497 498 499 500 501 502 503 504 505 506 507 508 509 510 511 512 513 514 515 516 517 520 521 522 523 524 527 529 530 531 532 533 534 535 536 537 538 539 540 542 543 544 545 546 549 550 551 552 553 554 555 556 557 558 559 560 561 562 563 564 565 566 567 568 569 570 571 572 574 575 576 578 579 581 582 583 584 585 586 587 588 589 590 591 592 594 596 597 598 599 603 604 605 606 608 611 612 613 614 615 616 617 619 620 621 622 624 625 626 627 628 629 630 631 632 633 634 635 636 637 638 639 640 642 643 644 645 646 647 648 649 650 651 652 654 655 656 658 659 660 661 664 665 666 667 669 670 671 672 675 676 677 680 681 682 683 684 685 686 687 688 689 690 691 692 693 694 695 696 697 700 701 702 703 705 706 707 708 709 710 711 712 713 714 715 716 724 725 726 727 728 729 730 731 741 742 743 744 745 747 748 752 754 755 756 757 758 759 761 762 764 766 767 768 771 772 773 774 775 776 777 778 779 780 781 782 785 786 787 788 789 790 791 792 793 794 795 796 797 798 799 800 801 802 803 804 805 806 807 808 809 810 812 813 814 815 816 817 818 819 820 822 823 824 825 826 827 828 829 830 833 834 835 837 839 840 841 842 843 844 845 846 847 850 851 854 855 856 857 858 859 860 861 862 863 864 866 867 868 870 871 872 873 875 876 877 878 879 880 882 883 884 887 889 890 891 892 893 894 896 898 899 900 901 902 903 904 905 906 907 908 909 910 912 915 916 917 918 919 921 922 923 924 925 926 928 931 932 933 935 936 937 938 939 940 941 942 943 945 946 948 949 950 951 952 953 954 955 956 957 958 959 961 963 964 965 966 967 968 969 970 971 972 973 974 981 982 983 984 985 986 987 988 993 996 997 998 999 1000 1001 1002 1003 1004 1005 1006 1007 1008 1009 1012 1013 1014 1015 1016 1017 1018 1019 1020 1021 1022 1024 0
1 2 3 5 6 7 8 9 10 11 12 13 14 15 16 17 18 19 20 21 22 23 25 27 28 29 31 32 33 34 35 36 37 38 39 42 45 46 47 50 51 52 53 54 56 57 59 63 64 65 66 68 69 70 71 72 73 74 75 76 77 78 79 81 82 83 85 86 88 89 90 91 92 93 94 95 96 97 98 99 100 101 102 103 104 105 106 107 109 110 111 114 115 116 117 118 119 120 121 122 123 124 125 126 127 128 129 130 131 133 135 136 137 138 140 141 142 144 145 147 148 149 150 151 152 153 155 157 158 159 160 161 162 163 164 166 167 169 170 171 173 174 175 179 181 183 185 186 187 188 189 190 191 193 195 196 197 199 201 202 203 204 206 207 208 209 210 212 213 214 215 216 217 219 220 221 222 223 224 225 226 229 230 231 233 237 238 239 243 244 245 246 248 250 252 253 254 255 256 0
1 2 3 4 5 6 7 9 10 11 12 14 16 18 19 20 21 22 24 25 26 27 28 29 30 32 33 40 41 43 44 45 46 47 50 51 52 56 57 58 59 60 61 62 63 64 65 66 67 68 69 70 74 75 76 77 78 79 80 81 82 83 84 85 86 87 88 89 90 91 93 94 95 97 98 99 100 101 102 104 106 107 108 109 110 111 112 113 114 115 116 117 118 120 121 122 125 126 127 128 129 130 132 133 134 135 136 137 138 139 140 141 142 143 144 145 146 147 148 149 150 151 152 154 155 156 157 159 160 161 162 163 164 165 166 168 169 170 171 172 173 177 178 180 181 182 183 184 189 190 193 194 195 196 197 198 199 202 203 204 205 206 207 208 209 211 212 214 215 216 218 219 220 221 222 223 224 225 226 227 229 230 232 233 234 235 236 237 238 240 242 243 244 246 249 250 251 252 253 254 256 257 258 260 261 263 264 265 268 269 270 273 274 275 276 277 278 279 280 281 283 284 285 286 289 292 293 294 295 296 297 299 300 302 303 304 306 307 311 312 313 315 317 318 319 321 322 323 324 325 326 328 329 331 332 333 334 335 338 339 340 341 342 343 345 346 347 349 350 353 354 355 356 357 358 361 362 365 366 367 368 369 371 372 373 376 377 378 379 380 381 382 383 387 388 391 392 394 395 396 397 398 399 400 401 402 403 404 405 406 407 409 412 413 414 415 416 417 422 423 424 425 426 427 428 429 431 432 433 434 435 436 437 439 441 442 443 445 446 447 450 451 452 453 454 455 456 457 459 460 461 462 465 466 467 468 469 472 473 474 475 476 477 478 479 483 484 485 488 489 490 492 493 494 495 496 500 501 502 505 506 507 508 509 510 511 0
1 2 3 4 5 6 7 8 12 13 14 16 19 20 21 23 24 26 27 28 29 30 31 32 35 38 39 40 41 43 44 45 46 47 49 50 53 54 56 57 59 63 65 67 68 71 73 74 76 77 78 82 83 84 86 88 90 92 93 94 96 98 99 100 102 103 105 106 108 109 110 111 112 113 114 115 116 117 118 119 121 123 124 125 126 127 0
2 4 5 6 8 10 12 13 15 16 17 18 19 21 25 0

93
1 2 3 4 5 6 7 8 9 10 11 12 13 14 15 16 17 18 19 20 21 22 23 24 25 26 27 28 29 30 31 32 33 34 35 36 37 38 39 40 41 42 43 44 45 46 47 48 49 50 51 52 53 54 55 56 57 58 59 60 61 62 63 64 65 66 67 68 69 70 71 72 73 75 77 78 79 80 81 82 83 84 85 86 88 89 90 93 94 95 96 97 98 99 100 101 102 103 105 106 107 108 110 111 112 113 114 115 116 118 119 120 121 122 123 124 126 128 129 130 131 132 133 134 135 136 137 138 139 140 141 142 144 145 146 147 148 149 150 151 152 153 154 155 156 157 158 159 160 161 162 163 165 166 167 168 169 170 171 172 173 174 175 176 177 178 179 180 181 182 184 185 186 187 188 189 190 191 192 193 194 195 196 197 198 199 200 201 202 203 204 205 206 207 208 209 210 211 212 213 214 215 216 217 218 219 220 221 222 223 224 225 226 227 228 229 230 232 233 234 236 237 238 239 240 241 242 243 244 245 246 247 248 251 252 253 254 255 256 257 258 259 260 261 262 263 264 265 266 267 268 269 270 271 272 273 274 275 276 277 278 279 280 281 282 283 284 285 286 287 288 289 290 291 292 293 294 295 296 297 298 299 301 302 303 304 305 306 309 310 311 312 313 314 315 316 317 318 319 320 321 322 323 324 326 327 328 329 330 331 332 333 334 335 336 337 338 339 340 341 342 343 344 345 346 347 348 349 350 351 352 353 354 355 357 358 359 360 361 362 363 365 366 368 369 370 371 372 373 374 375 376 377 378 379 380 381 382 383 384 385 386 387 388 389 390 391 392 393 394 395 396 398 399 400 401 402 403 404 405 407 409 410 411 412 413 414 416 417 418 419 420 421 422 424 425 426 427 428 429 430 431 432 433 434 435 437 439 440 441 442 443 444 445 446 448 449 451 452 453 454 456 457 458 459 460 461 463 464 465 466 467 468 469 470 471 472 473 474 475 476 478 479 480 481 482 483 484 486 487 488 489 491 493 494 495 496 497 498 499 500 501 502 503 504 505 506 507 508 509 510 511 512 513 514 515 516 517 518 519 520 521 522 523 524 525 526 527 529 530 531 532 533 534 535 536 537 538 539 540 541 542 543 544 545 548 550 551 552 553 554 555 556 557 558 559 560 561 562 563 565 566 567 568 569 570 571 572 573 574 575 576 577 578 580 581 582 583 584 586 587 588 589 590 592 593 594 595 596 597 598 599 600 601 602 603 604 605 606 607 608 609 610 611 612 613 614 615 616 617 619 620 621 622 623 624 625 626 628 629 630 631 632 633 634 635 636 637 638 640 641 642 643 644 645 646 647 648 650 651 652 653 654 655 656 657 658 660 661 666 667 668 669 670 672 673 674 675 676 677 678 680 681 682 684 685 686 687 688 689 690 691 692 693 694 696 697 698 699 700 701 702 703 704 705 706 707 708 709 710 711 712 713 714 715 716 717 718 719 720 721 722 723 724 726 727 728 729 730 731 732 733 734 735 736 737 738 739 740 743 744 745 746 747 748 749 750 752 753 758 759 760 761 762 763 767 768 769 770 771 772 773 774 775 776 777 778 779 780 782 783 786 787 788 789 790 791 792 794 795 796 797 798 799 800 801 802 803 804 805 806 807 808 809 810 811 812 813 814 815 816 817 818 819 820 821 822 823 824 825 826 827 828 829 830 832 833 834 835 836 837 839 840 841 842 843 844 845 846 848 849 850 851 852 853 854 855 856 857 858 859 860 861 862 864 865 866 867 868 869 870 872 873 875 876 877 878 880 881 883 884 885 886 887 888 889 890 892 893 894 895 896 897 898 899 900 901 902 903 904 905 906 907 908 909 910 912 913 914 915 916 917 918 919 920 921 922 923 924 925 926 927 928 929 930 932 933 934 935 936 937 938 939 940 941 942 943 944 945 946 947 948 949 950 951 953 954 955 956 957 958 959 960 961 962 963 964 966 967 968 969 970 971 972 973 974 975 976 977 978 980 982 983 984 985 986 987 988 989 990 991 992 993 997 998 999 1000 1001 1002 1003 1004 1005 1008 1009 1010 1011 1012 1013 1014 1015 1016 1017 1018 1019 1020 1021 1022 1023 1024 0
1 2 3 5 6 7 8 10 12 13 14 15 16 17 18 19 21 22 23 24 25 27 28 30 32 33 34 35 36 37 38 39 40 41 42 43 44 45 47 48 51 52 53 54 55 56 57 58 59 60 61 62 63 64 65 66 67 68 69 70 71 72 73 74 75 76 77 78 80 81 82 83 84 85 86 87 88 89 90 91 92 93 94 95 96 98 99 100 101 103 104 105 106 107 108 109 110 111 112 113 115 116 117 118 119 120 121 122 123 124 126 127 128 129 130 131 132 133 134 135 136 137 138 139 141 142 144 145 147 148 149 150 151 152 153 154 155 156 158 159 160 161 162 163 164 166 168 169 170 171 173 174 175 176 177 179 180 181 182 183 184 185 186 187 189 190 191 192 193 196 197 198 199 200 201 202 206 207 208 210 211 212 214 215 216 218 220 221 223 224 226 227 228 232 233 234 235 236 237 238 240 241 242 244 245 246 247 248 249 250 251 252 253 254 255 256 0
1 2 3 4 5 6 7 10 11 12 14 15 17 18 20 21 23 25 26 27 28 29 30 31 32 33 34 37 38 40 41 42 44 45 46 47 48 49 52 53 56 57 58 59 60 61 62 63 64 65 66 67 68 69 70 71 72 73 75 77 78 79 80 81 82 83 84 85 87 88 89 90 91 92 93 94 95 96 97 98 99 100 102 103 104 105 106 107 108 109 110 112 114 116 117 118 120 121 123 124 125 126 128 130 131 132 133 134 135 136 137 138 141 142 143 144 145 147 149 150 151 152 155 156 157 158 159 160 161 162 163 164 166 168 169 170 171 172 175 176 177 178 180 181 182 183 184 185 188 189 190 193 194 195 196 197 198 199 200 201 202 203 204 206 207 208 209 210 211 213 214 216 217 218 219 220 221 223 225 226 227 228 229 230 231 232 233 235 236 237 238 239 240 241 242 244 245 246 247 248 249 251 252 253 254 255 256 257 258 259 260 261 264 265 266 267 268 270 271 272 273 274 275 276 277 279 280 282 283 284 289 290 291 293 294 295 297 298 300 301 302 303 304 305 307 309 310 311 312 313 314 315 316 317 318 319 320 322 323 325 326 327 328 329 330 332 333 334 335 336 337 338 339 340 341 342 343 344 345 346 347 349 350 352 353 354 355 357 358 359 360 362 365 366 368 369 371 372 374 375 376 377 378 379 380 381 382 383 384 385 386 387 388 389 392 393 394 395 396 398 400 401 402 404 405 408 409 410 412 413 416 417 418 419 420 421 422 424 427 428 429 430 431 433 434 437 438 439 440 441 442 443 444 445 447 448 449 450 451 452 453 454 456 457 458 459 460 461 466 467 468 469 470 471 472 474 475 476 478 479 480 481 483 484 486 488 489 490 491 493 494 495 496 497 498 499 500 501 502 503 504 505 506 507 508 509 510 511 512 0
1 2 3 4 5 6 7 8 10 11 12 13 16 17 19 23 25 27 28 29 30 31 32 33 34 35 36 37 38 39 40 43 44 45 46 47 48 50 51 52 53 54 55 56 57 58 59 60 63 64 65 66 67 68 69 71 73 74 75 76 77 78 79 80 81 82 83 86 87 88 89 90 91 93 94 95 96 97 98 100 101 102 103 104 106 107 108 111 112 113 114 116 117 118 119 123 124 125 127 128 0
1 2 3 4 6 7 8 9 10 11 12 13 14 18 20 21 22 23 25 28 30 31 0

94
1 2 3 4 5 6 7 8 9 10 11 12 13 14 15 16 17 18 19 20 21 22 28 29 30 31 32 33 34 35 36 37 38 39 40 43 44 45 46 47 48 49 50 51 52 53 54 55 56 58 59 60 61 63 64 65 66 67 68 69 70 71 72 73 74 75 76 77 78 79 80 81 82 84 86 87 89 91 92 93 94 95 96 97 98 102 103 104 105 107 108 109 110 111 112 113 114 115 116 117 118 119 120 122 123 124 125 126 127 128 129 130 132 133 134 135 137 138 139 142 143 144 145 146 147 148 151 153 154 155 156 157 158 159 160 161 162 163 165 166 167 168 169 170 171 172 173 174 175 176 177 178 179 180 181 182 183 184 185 186 187 188 189 190 191 192 193 194 195 196 197 201 202 203 204 205 206 207 208 209 210 211 212 213 214 216 217 218 219 220 222 223 224 225 226 227 228 229 230 231 232 233 234 235 236 237 239 240 241 242 243 244 245 249 251 253 255 256 257 258 259 260 261 262 263 264 265 266 267 268 269 270 271 272 273 275 276 277 278 279 280 281 282 283 284 285 286 287 288 289 290 291 292 293 294 295 296 297 298 299 300 301 303 304 305 306 307 308 309 310 311 314 315 316 317 318 319 320 321 322 323 324 325 326 327 328 329 330 331 332 333 334 335 336 337 338 339 341 342 343 344 345 346 347 348 349 350 351 352 353 354 356 357 358 359 360 361 362 363 364 365 366 367 368 369 370 372 373 374 376 377 378 379 380 381 382 383 384 385 386 387 390 391 392 393 394 395 397 398 399 400 401 402 403 404 405 406 407 408 409 410 412 413 414 415 416 417 418 419 420 425 426 428 429 430 431 432 433 434 435 436 437 438 440 441 442 443 444 445 446 447 448 449 450 451 452 453 454 455 456 457 458 459 460 461 462 463 464 465 467 469 470 471 472 473 474 475 476 477 478 479 480 481 482 483 484 485 487 488 489 490 491 492 493 495 496 497 498 499 500 501 502 503 504 505 506 508 509 510 511 512 513 514 515 516 517 518 519 520 521 522 523 524 525 526 527 528 529 531 532 533 534 535 536 537 539 540 541 542 544 545 546 547 548 549 551 552 555 556 557 558 559 560 561 562 563 564 566 567 568 569 570 571 572 573 574 575 576 577 578 579 581 582 583 584 585 586 587 588 589 590 592 593 594 595 597 598 599 600 601 602 603 604 605 606 607 608 609 610 613 614 615 619 620 621 622 623 624 625 626 627 628 629 630 631 632 633 634 635 637 638 639 640 641 642 643 644 645 646 647 649 650 651 652 653 654 655 656 657 658 659 660 661 663 665 668 669 670 671 672 673 674 675 676 677 678 679 680 681 682 683 684 685 686 687 688 689 690 691 692 693 694 695 696 697 698 699 700 701 702 703 704 705 706 707 708 710 712 713 714 715 716 717 719 720 721 723 724 725 727 728 729 730 731 732 733 735 736 737 738 739 740 741 742 743 744 745 746 747 748 749 750 751 752 753 754 755 756 758 761 762 763 764 765 766 768 769 770 771 772 773 774 775 776 777 778 779 780 781 782 783 784 785 786 787 789 791 792 793 794 795 796 797 798 799 800 801 803 804 805 806 807 808 809 810 811 812 813 814 815 816 817 818 819 820 821 822 823 824 825 826 827 828 829 830 831 832 833 834 835 836 837 838 839 840 841 842 843 844 845 846 847 848 849 850 851 852 853 855 856 857 861 862 864 865 868 870 871 872 873 874 876 877 879 880 881 882 883 884 885 886 887 888 889 890 896 897 898 899 900 901 902 903 905 906 907 908 909 910 911 912 913 915 917 918 919 920 923 924 925 926 927 928 929 930 931 932 933 934 935 936 937 938 939 940 941 944 945 946 947 948 949 950 951 952 953 954 955 956 958 959 960 961 963 964 965 967 968 969 970 971 973 974 975 976 977 978 979 980 981 982 983 984 985 986 988 989 990 991 992 993 994 995 996 997 998 1004 1005 1006 1007 1008 1009 1010 1011 1012 1013 1014 1015 1016 1017 1018 1019 1020 1021 1022 1023 1024 0
1 2 3 6 7 8 9 10 11 12 14 15 16 17 18 19 20 21 22 23 27 28 29 30 32 33 34 39 40 41 43 44 45 46 47 49 50 53 54 55 56 57 58 59 60 61 63 64 65 66 67 68 69 70 71 72 73 74 75 76 77 78 79 80 81 82 83 84 85 86 87 88 89 90 91 92 93 94 95 97 98 99 100 101 102 103 104 106 107 108 109 110 111 113 114 115 116 117 118 119 120 121 122 123 127 128 129 130 131 132 133 135 137 138 139 140 141 142 143 144 145 146 147 148 149 150 152 153 155 156 157 158 159 161 162 163 164 165 166 167 169 171 172 173 174 175 176 177 178 179 180 181 182 183 184 185 186 187 188 189 190 191 192 193 194 196 197 199 200 201 202 203 204 205 206 207 208 209 210 211 212 215 216 217 218 220 222 223 225 226 227 228 229 230 232 233 234 235 237 238 239 241 242 244 245 246 247 248 249 250 251 252 253 255 256 0
1 2 3 4 5 7 8 9 10 11 13 14 15 16 17 20 22 23 25 26 27 28 29 30 31 34 35 37 38 40 41 43 44 45 47 48 49 50 51 53 55 56 58 59 60 61 62 63 64 65 66 67 68 70 72 73 74 76 79 81 82 83 84 85 86 87 88 91 93 94 95 96 98 99 100 101 102 103 104 105 106 107 108 109 110 112 113 114 116 117 118 119 120 121 122 123 125 126 127 128 129 130 131 132 133 136 137 138 141 142 144 145 146 147 148 149 150 151 152 153 155 156 157 159 160 161 162 163 165 166 167 168 169 170 172 173 176 178 179 180 181 182 183 184 185 186 187 191 192 193 195 197 198 199 201 203 205 207 208 209 210 211 213 214 216 217 218 220 222 223 224 225 226 231 233 234 235 236 237 238 239 240 241 242 243 244 245 246 247 248 250 251 252 253 254 255 256 257 258 260 261 262 263 264 265 266 267 268 269 270 271 272 273 274 275 277 278 279 280 281 282 283 285 288 289 290 291 292 293 294 295 297 299 301 302 303 304 306 307 309 310 311 312 313 314 316 317 318 319 320 322 323 324 325 327 329 330 332 333 334 335 336 337 338 339 341 343 344 345 347 350 351 354 355 358 359 360 361 362 364 365 367 368 369 371 373 374 375 377 378 379 380 381 382 384 385 386 387 388 389 390 391 392 393 394 395 396 397 398 399 401 404 405 406 407 409 410 413 416 417 420 421 422 424 426 427 428 429 430 431 432 433 434 436 438 439 441 442 443 444 447 448 449 452 453 455 457 458 459 460 461 462 463 464 465 469 470 471 473 478 479 480 481 482 483 484 485 486 487 488 489 490 491 492 493 494 495 497 499 500 503 505 506 508 509 510 512 0
1 2 3 4 5 6 8 10 12 13 14 16 17 18 21 23 24 25 28 29 30 32 34 35 36 37 38 40 41 42 44 45 46 47 48 49 50 51 52 53 54 55 56 58 59 60 64 65 66 67 68 69 71 73 74 75 76 77 79 80 81 83 85 86 87 88 90 92 94 96 97 98 99 100 101 103 104 105 108 109 111 112 113 114 115 116 117 118 120 121 122 124 125 127 128 0
3 6 7 8 9 11 14 15 18 20 22 23 25 28 29 30 31 0

95
1 2 5 7 8 9 10 17 21 22 23 24 25 26 27 28 31 37 38 39 40 41 42 44 45 46 47 48 52 53 54 57 58 59 60 61 62 64 65 69 70 71 72 74 77 80 81 84 85 86 87 88 89 90 93 95 96 97 99 100 102 103 104 105 106 107 108 109 110 112 115 116 117 118 119 120 121 122 124 125 126 127 128 129 131 132 133 134 140 141 142 144 145 146 147 151 152 153 156 157 158 160 161 162 165 166 167 168 169 171 172 173 176 177 178 179 182 183 184 185 186 188 191 193 196 197 198 199 200 203 204 206 207 211 212 213 214 215 216 218 219 221 222 223 226 227 228 229 230 231 232 234 235 238 239 241 243 244 245 246 250 251 252 253 254 255 257 258 259 260 261 262 263 264 265 266 267 269 270 271 273 274 275 276 277 279 283 284 288 289 290 291 292 293 296 305 306 307 308 314 315 320 321 322 323 324 327 328 329 330 331 334 335 336 337 338 342 343 344 348 349 350 352 353 354 356 357 359 361 362 365 366 367 368 369 370 372 373 374 375 376 377 378 379 380 381 382 383 384 385 386 388 389 390 391 392 393 397 398 399 400 401 404 405 406 408 409 411 412 413 414 415 416 417 419 420 421 422 426 427 428 429 430 431 433 436 439 440 441 442 443 444 445 446 449 452 453 456 457 458 461 465 466 472 473 475 477 480 482 486 487 489 493 494 497 498 499 500 501 502 503 504 505 506 507 508 509 510 511 512 514 515 516 519 522 523 524 525 526 527 529 532 533 535 537 539 540 541 548 553 554 556 557 560 562 564 565 567 568 569 570 574 575 576 577 580 583 584 585 586 588 590 591 592 593 595 596 600 601 605 606 607 608 611 612 613 614 616 617 618 620 621 622 623 624 626 628 629 630 631 632 633 634 635 636 637 638 639 640 642 645 646 647 652 653 654 655 656 657 659 661 662 664 665 667 668 669 670 671 672 673 674 675 676 677 679 680 681 682 684 685 687 688 689 690 691 692 693 694 695 696 699 700 701 702 703 704 705 711 716 728 732 738 744 745 747 748 754 755 756 757 758 759 760 761 765 766 767 769 770 771 772 778 779 780 781 782 783 784 785 787 789 790 792 793 794 796 797 798 800 803 804 806 807 808 809 810 812 813 814 815 816 819 820 821 823 824 825 826 828 830 831 833 834 836 837 839 840 845 846 848 850 854 856 857 858 860 861 862 866 868 869 870 871 872 873 874 875 876 877 878 880 882 883 884 885 886 887 888 889 892 893 894 895 900 901 902 907 908 912 913 914 916 917 920 921 923 924 928 929 933 934 935 936 938 939 940 941 945 946 949 950 951 955 956 957 958 959 960 961 962 963 964 965 966 967 968 969 970 971 972 973 974 975 976 978 979 980 981 982 983 984 985 986 987 988 989 990 992 994 996 997 998 999 1000 1001 1002 1003 1004 1006 1007 1008 1009 1010 1011 1012 1016 1017 1018 1019 1020 1021 1022 1023 1024 0
1 2 4 5 6 7 8 10 11 15 16 17 19 20 21 22 26 27 28 29 30 31 33 36 41 42 43 44 45 46 51 52 53 54 55 56 57 58 59 61 62 63 64 65 67 68 69 71 72 75 76 78 79 80 82 83 84 86 87 89 90 91 92 93 94 95 96 97 99 100 101 102 103 105 107 108 110 112 113 114 115 116 118 119 120 122 123 124 125 128 129 130 131 132 133 135 136 137 138 139 140 141 142 144 147 149 151 153 154 155 156 157 159 160 162 164 165 166 167 168 169 172 173 175 177 181 182 186 187 188 189 190 191 192 193 194 196 197 198 199 200 201 203 204 205 206 207 208 210 211 212 213 214 215 216 217 218 219 220 222 224 225 226 228 229 231 233 235 237 238 241 242 243 244 245 246 249 250 254 255 256 0
1 2 3 5 6 7 8 9 11 12 13 14 15 17 18 20 27 28 32 35 36 38 39 40 41 43 46 47 48 49 50 51 52 53 54 55 57 58 59 60 62 63 64 66 67 68 69 71 72 73 74 75 76 77 78 80 81 83 84 90 91 92 93 94 96 97 98 99 100 102 104 106 107 108 112 113 114 115 118 119 121 124 125 127 128 129 130 133 134 136 140 141 142 143 144 145 146 149 151 153 154 156 157 158 167 168 169 177 178 179 180 182 183 184 186 187 188 189 193 194 196 197 198 199 201 202 203 205 206 208 209 210 211 212 213 214 215 216 217 218 219 220 221 223 224 225 226 227 228 230 231 232 233 234 235 239 240 242 244 245 247 251 252 253 256 258 259 260 261 264 267 268 270 272 273 274 275 276 277 278 281 283 284 285 286 287 288 289 290 292 293 294 297 299 300 301 302 303 304 306 307 311 313 314 315 318 320 322 323 324 325 326 328 329 332 333 335 338 339 340 341 342 344 345 346 347 350 351 352 353 356 359 362 364 365 368 369 371 372 376 377 378 379 380 382 383 384 385 386 387 390 391 393 394 396 397 398 402 405 406 407 409 410 411 412 414 415 418 421 423 424 426 427 428 429 430 432 433 436 437 438 442 443 444 445 446 447 448 449 450 451 452 453 454 456 457 458 460 461 467 468 469 471 474 480 481 482 483 484 485 489 490 491 492 495 496 497 501 502 506 507 508 509 510 511 512 0
1 2 3 5 6 7 11 14 16 17 18 19 20 21 23 24 29 31 32 34 35 36 37 38 40 41 43 46 47 49 50 51 54 56 59 60 61 63 65 67 69 70 72 73 74 75 76 77 78 79 80 83 84 85 89 90 94 96 98 99 100 101 103 104 106 107 108 109 111 112 113 114 115 116 121 122 123 124 125 128 0
1 2 3 5 7 10 11 13 14 15 20 21 22 24 27 29 30 31 32 0

96
1 2 3 6 9 10 11 12 13 15 16 17 18 24 25 26 27 28 30 32 34 38 39 40 41 42 43 47 49 50 51 53 54 56 57 58 59 60 61 64 65 66 71 72 73 74 76 77 80 81 82 84 86 87 88 89 90 91 92 93 94 95 96 97 98 99 100 101 102 103 104 106 107 108 109 110 111 113 114 115 116 117 118 119 120 121 123 124 125 126 127 129 132 133 134 135 136 137 138 139 140 141 142 143 145 148 149 150 151 152 153 154 155 156 157 158 160 161 162 163 164 165 166 169 170 171 172 174 176 177 178 179 180 181 183 184 185 186 187 188 189 192 193 195 196 197 198 199 201 202 205 208 214 215 219 224 225 226 230 231 232 233 237 240 241 246 247 248 251 252 253 255 257 258 259 260 261 262 263 264 268 269 270 271 273 276 277 278 279 282 283 285 286 287 288 289 290 291 292 293 294 295 296 297 298 300 301 302 303 304 308 309 310 311 312 313 314 315 316 317 318 319 320 321 322 325 326 327 328 329 330 331 332 334 335 336 337 340 341 342 344 345 346 347 348 350 351 354 355 356 357 358 359 360 361 362 363 364 368 369 370 371 372 373 375 376 378 380 381 382 384 386 387 388 389 391 392 393 394 395 396 397 398 401 403 404 407 408 409 410 411 412 413 414 415 417 419 420 422 423 424 425 426 427 428 429 430 431 432 433 438 439 440 441 442 443 444 445 447 448 449 450 454 456 457 458 459 460 463 464 465 467 468 471 472 473 474 475 476 477 478 479 480 481 482 484 485 486 487 488 489 491 492 493 494 495 496 497 498 499 500 501 502 503 504 505 506 507 508 509 510 511 512 515 516 517 518 519 520 521 522 523 526 527 528 529 530 533 534 535 537 538 539 540 541 542 544 545 546 549 553 554 555 556 557 558 561 562 565 567 568 569 570 571 572 573 574 575 576 582 583 584 585 586 587 588 589 590 591 592 594 595 598 599 600 601 603 604 605 607 608 609 610 612 613 614 615 616 617 619 620 621 624 625 628 630 631 632 635 636 637 639 641 644 646 647 648 651 652 653 654 658 660 661 662 663 664 665 666 667 668 669 670 671 672 673 676 677 679 680 681 682 683 684 686 687 688 689 690 691 692 693 695 697 698 699 700 701 703 704 705 706 707 708 709 710 711 712 714 715 716 719 720 724 725 726 727 728 730 731 732 733 734 735 736 737 738 740 741 742 745 747 748 749 750 751 752 753 756 757 758 761 763 765 766 767 768 770 771 772 773 774 775 776 777 778 781 784 786 787 788 789 790 791 792 793 794 795 796 797 798 799 800 804 807 808 809 810 811 812 813 815 816 817 819 820 821 822 823 824 825 826 827 828 829 830 832 833 834 835 836 837 838 839 840 841 842 843 844 845 846 849 850 851 852 853 854 855 856 857 859 860 861 862 863 864 865 866 867 868 869 870 872 874 875 876 877 878 879 880 882 883 884 885 886 888 890 891 892 893 894 895 896 897 898 899 901 902 903 904 905 906 907 908 911 912 914 915 917 918 919 920 921 922 924 925 929 930 931 932 933 934 935 936 937 938 939 940 941 942 943 944 945 946 947 948 949 950 951 952 953 954 955 956 957 958 959 960 964 965 966 967 968 969 970 971 972 975 978 979 980 982 983 984 985 986 987 988 989 990 992 993 995 996 998 999 1004 1005 1007 1008 1009 1010 1011 1012 1013 1014 1015 1016 1017 1018 1019 1020 1021 1022 1023 1024 0
2 3 4 5 7 8 9 10 11 12 13 14 18 19 20 21 22 23 24 25 26 27 28 30 34 35 36 37 42 43 44 45 46 47 48 49 50 51 52 53 54 55 56 57 58 59 60 61 63 65 69 70 72 73 74 75 76 77 78 79 80 81 82 83 84 85 88 89 90 91 92 93 94 95 96 97 98 99 101 102 103 104 105 106 107 108 109 110 111 112 113 114 115 116 117 118 120 122 123 124 125 126 129 130 131 133 134 135 137 140 141 142 143 145 146 147 153 154 156 157 159 161 162 163 164 165 166 167 168 169 171 172 173 175 177 178 179 181 182 184 185 192 193 194 195 196 197 198 199 200 202 203 204 205 206 207 208 209 210 211 212 214 215 216 217 218 219 220 221 222 223 225 226 228 229 230 231 233 234 235 237 238 239 240 241 242 244 245 246 247 248 249 250 251 252 253 254 255 256 0
1 2 3 4 8 10 12 13 15 16 19 20 21 22 23 24 25 26 27 28 30 33 34 36 37 38 41 43 44 46 48 49 51 53 54 57 58 59 60 61 62 63 66 67 68 70 71 72 73 74 75 76 79 80 81 82 83 85 86 87 88 89 90 94 96 97 98 99 100 102 103 105 106 108 109 111 112 114 115 116 119 120 121 122 123 124 125 126 127 130 131 132 133 135 136 137 138 139 140 142 144 145 146 148 150 151 154 155 158 162 163 164 165 166 167 169 170 173 174 175 176 178 179 180 181 183 184 189 192 194 195 196 197 198 199 200 201 202 203 206 207 210 211 212 213 214 216 217 218 219 221 222 225 226 228 229 230 231 232 236 237 240 244 245 246 247 248 250 251 252 254 255 256 257 259 260 261 263 264 265 266 267 268 269 270 272 273 274 275 276 277 278 280 281 282 283 284 286 287 289 290 292 293 295 297 298 299 300 301 302 303 305 306 307 308 309 310 311 312 315 316 317 318 320 322 323 324 325 326 327 328 330 332 333 334 337 339 340 341 342 343 345 346 347 348 349 350 351 353 354 355 356 357 359 360 361 362 363 366 368 369 370 371 372 373 374 376 377 378 379 380 381 383 385 386 387 388 391 392 394 395 396 397 399 401 402 403 405 406 410 411 412 413 417 420 421 423 424 426 427 429 430 432 433 434 435 436 438 439 445 448 449 450 451 452 453 457 458 459 460 461 462 463 465 466 467 468 469 473 475 476 477 478 479 480 482 483 484 487 488 490 491 492 493 494 496 497 498 500 503 505 506 507 508 509 510 511 0
2 3 5 6 7 9 12 13 15 16 18 19 20 27 28 29 30 31 32 33 35 36 38 40 42 44 46 47 48 49 50 51 52 53 56 58 59 60 61 62 63 64 65 67 69 70 73 74 75 76 77 78 79 80 81 82 83 84 86 87 88 89 90 92 93 94 95 96 98 101 102 105 109 111 112 114 115 117 118 119 120 122 123 127 128 0
2 4 5 8 9 10 11 14 15 16 17 18 20 21 23 24 25 27 28 29 31 32 0

97
1 2 3 4 5 6 7 8 9 10 11 12 13 14 15 16 17 18 19 20 21 22 23 24 25 26 28 29 30 31 32 33 34 35 36 37 38 39 40 42 45 46 47 48 49 50 51 52 53 54 56 57 58 61 62 63 64 65 66 67 68 69 71 72 73 76 77 78 80 81 82 83 84 86 88 90 91 94 95 96 97 98 99 100 101 105 107 108 109 110 111 112 113 114 115 117 121 122 123 124 125 126 127 128 129 131 133 136 142 143 144 145 147 148 149 150 151 152 156 157 158 159 160 161 162 163 164 165 166 167 168 171 172 173 174 176 177 178 180 181 183 184 185 189 192 193 194 195 196 197 199 201 202 203 204 205 208 209 210 211 217 218 219 220 226 227 229 230 231 233 234 235 239 241 245 246 247 250 251 253 254 255 256 257 258 259 260 261 262 263 264 265 266 267 268 269 270 271 272 273 274 277 279 280 281 283 284 285 286 287 288 289 292 293 294 295 296 297 298 299 300 301 302 303 304 305 306 307 308 309 310 311 312 314 315 316 317 318 319 320 321 322 323 324 325 326 328 330 331 332 333 335 336 337 338 339 340 341 342 344 345 346 347 348 349 350 351 352 353 354 355 356 357 359 361 362 363 364 365 366 367 368 369 370 371 372 373 375 377 379 382 383 384 385 386 387 388 392 393 398 399 400 401 402 403 404 407 408 413 414 415 416 417 418 419 420 424 425 426 428 429 430 432 435 436 437 438 440 441 444 445 447 448 452 453 454 457 458 459 460 461 463 464 465 466 469 470 472 474 475 478 479 480 481 482 484 485 486 488 489 490 494 495 497 498 499 500 501 503 504 505 507 508 509 510 512 514 515 516 517 518 519 520 521 522 523 524 525 526 527 528 529 530 531 535 536 537 538 539 540 541 542 543 544 545 546 547 548 550 551 552 553 554 555 557 558 559 560 561 562 563 564 565 566 567 568 570 571 572 573 574 575 576 577 578 579 580 581 582 586 588 589 590 592 593 594 595 596 597 602 603 604 605 606 607 608 609 610 611 612 615 616 617 618 620 621 622 623 624 625 626 627 630 631 632 633 637 638 639 640 641 642 643 646 647 648 649 650 651 654 655 656 657 658 659 663 664 665 666 670 671 672 673 674 675 676 677 680 681 686 687 688 689 690 691 692 693 696 697 698 699 700 701 704 705 706 708 709 710 714 715 718 719 720 721 724 725 726 727 734 735 737 741 742 743 744 747 748 749 750 753 754 755 759 760 761 762 763 764 769 770 771 772 773 774 775 776 777 778 779 780 781 782 783 784 785 786 787 792 793 794 796 797 798 799 800 801 802 803 805 806 807 808 809 810 811 812 813 814 815 816 817 818 819 821 822 823 824 825 826 827 828 829 830 832 833 834 836 837 838 841 842 843 844 845 846 847 848 849 850 851 852 853 854 855 857 858 859 860 861 862 863 864 865 867 868 871 872 873 877 878 879 880 881 882 884 886 887 888 889 892 893 894 895 896 897 898 902 903 904 905 906 907 908 909 910 911 912 913 914 915 920 921 922 924 925 926 927 928 929 930 931 932 933 935 936 937 939 940 941 942 943 944 945 946 947 948 949 952 953 955 959 960 961 962 963 965 966 967 968 969 970 971 972 973 974 976 977 978 979 980 982 983 984 985 986 988 991 992 993 994 996 998 1003 1005 1008 1011 1012 1013 1014 1015 1020 1021 1022 1023 1024 0
1 2 3 4 5 6 7 8 9 10 11 12 13 14 15 16 17 18 19 20 22 23 24 25 26 27 30 32 33 39 40 41 42 43 44 45 46 47 49 50 51 52 53 54 57 58 60 61 64 65 66 67 68 69 70 71 72 73 74 75 76 77 80 81 82 83 84 85 87 88 89 90 91 92 94 95 97 99 101 103 104 109 110 111 112 113 114 115 116 117 118 121 122 123 125 126 128 129 130 131 132 133 134 135 136 137 138 140 141 142 143 144 145 146 147 148 149 151 152 154 155 156 157 159 160 161 162 163 165 166 167 168 170 171 172 174 175 177 178 180 181 182 183 185 186 189 190 192 193 194 195 196 197 198 199 200 201 202 203 204 205 206 207 208 209 210 211 213 214 215 216 217 218 220 223 224 225 226 227 228 229 230 231 232 233 235 236 238 239 240 241 242 244 245 248 249 250 252 255 256 0
1 2 3 4 5 7 8 9 10 11 12 14 15 16 18 19 20 21 22 23 24 25 26 28 29 30 31 32 33 35 37 38 40 41 42 43 44 45 47 48 50 52 53 55 57 58 59 60 61 64 65 66 67 68 69 70 71 72 73 74 75 76 79 80 81 83 85 86 87 88 89 90 92 95 96 97 98 99 100 101 103 105 106 107 112 113 114 115 116 117 118 119 120 122 123 126 128 129 130 131 135 136 137 138 139 140 141 142 143 144 145 146 147 151 152 154 156 157 159 160 161 163 164 165 166 167 168 169 170 171 172 174 176 177 180 181 185 186 187 189 194 195 196 197 198 199 200 201 202 203 204 206 207 208 210 211 212 213 214 215 216 217 218 219 220 221 222 224 226 227 228 229 230 232 234 236 238 239 240 241 243 244 245 246 247 249 250 251 253 254 255 256 257 258 259 260 261 263 265 266 267 268 269 270 271 273 274 275 277 278 279 280 282 284 286 288 289 295 297 298 300 301 302 303 305 306 307 308 309 310 313 315 316 317 318 319 320 322 326 327 330 331 333 334 335 336 337 338 339 340 341 344 345 346 347 348 349 352 353 354 355 356 359 361 362 363 364 365 366 367 368 369 370 371 373 375 376 377 380 381 384 385 386 387 388 389 390 391 392 393 394 396 397 398 399 400 402 403 405 406 407 408 409 410 411 413 414 415 416 417 419 420 421 423 425 426 427 430 431 432 433 435 438 439 440 441 442 445 446 448 450 451 452 455 456 457 458 459 460 461 462 463 464 465 468 470 472 473 475 476 477 480 483 484 485 486 488 489 490 491 493 494 495 497 499 501 502 505 506 507 508 509 510 512 0
3 5 6 7 8 12 15 17 18 19 23 24 26 28 32 33 34 35 36 37 38 39 40 41 44 45 47 51 54 55 56 57 58 59 60 61 62 63 64 65 66 68 69 70 72 76 77 78 79 80 82 84 85 86 88 90 91 92 93 94 95 96 98 101 103 108 112 113 114 115 116 118 119 120 121 122 123 124 125 126 127 128 0
1 5 9 12 13 14 16 17 18 19 20 21 22 23 25 27 29 0

98
3 5 7 9 10 11 13 15 16 17 19 20 23 24 26 27 30 33 34 35 36 39 40 41 44 45 46 49 50 51 56 57 59 60 63 64 65 66 67 68 69 70 71 72 73 75 76 77 78 79 80 81 82 83 84 85 86 87 90 91 98 99 101 102 104 106 107 108 110 111 113 115 117 120 121 122 123 124 125 128 131 132 135 136 137 138 140 144 146 147 148 149 150 151 152 153 155 156 157 158 159 162 164 165 166 167 171 172 173 174 175 176 180 181 182 187 188 189 191 192 194 195 196 197 198 201 204 205 206 208 209 210 211 212 213 214 215 216 219 221 222 223 225 226 227 228 229 230 232 233 234 236 237 238 239 241 248 249 250 255 256 257 258 259 260 261 262 263 264 265 266 267 268 269 270 271 272 273 275 276 277 278 279 281 285 286 287 288 289 290 291 293 294 297 300 302 303 304 305 306 307 308 311 312 315 317 318 319 321 322 323 324 325 326 327 331 332 333 336 337 338 339 340 341 342 343 346 347 348 352 353 354 355 356 357 358 359 360 361 363 364 365 367 368 369 370 371 374 375 376 377 378 379 380 381 382 383 384 385 386 387 391 392 393 394 395 396 399 400 401 402 403 404 405 409 410 412 414 415 416 417 418 420 426 427 428 429 431 432 435 440 441 442 443 444 445 448 450 451 456 457 462 463 464 465 471 480 481 483 486 487 488 490 491 496 497 498 499 500 501 502 503 504 505 506 507 508 509 510 511 512 513 514 518 521 522 523 524 525 526 527 528 533 538 539 541 545 546 548 549 550 556 557 558 560 561 562 564 565 566 570 571 574 575 576 577 578 579 580 581 582 583 586 589 591 592 593 594 595 596 597 598 599 600 601 604 606 608 609 610 611 612 613 615 616 619 620 622 623 624 625 626 627 628 629 635 636 637 639 640 641 642 645 646 647 648 650 652 653 655 656 657 658 659 660 664 666 668 670 671 672 673 675 679 680 682 686 688 689 690 691 692 694 695 696 698 703 704 705 710 711 712 713 714 715 718 719 720 721 727 728 729 736 737 743 748 752 753 754 755 756 759 760 762 763 764 765 766 768 769 770 771 772 773 774 775 776 777 778 779 780 781 782 783 784 787 788 789 790 791 792 793 794 795 796 797 798 799 800 801 804 805 808 810 811 812 813 815 816 817 818 819 820 821 823 824 825 826 827 828 829 830 834 835 836 837 838 839 841 843 844 845 846 847 848 849 850 851 852 853 855 856 860 863 864 865 866 867 868 869 871 872 875 876 878 881 882 883 885 887 888 891 892 894 895 896 897 899 900 901 903 904 905 907 908 909 913 914 915 916 920 922 923 926 928 929 930 931 932 936 938 939 940 942 943 944 946 947 948 949 950 951 953 954 955 958 959 961 964 965 966 967 969 970 971 972 973 974 978 979 984 985 986 987 988 989 990 991 992 993 994 995 999 1000 1002 1003 1004 1005 1006 1008 1009 1010 1011 1012 1013 1014 1015 1016 1017 1018 1019 1020 1021 1022 1023 1024 0
1 6 7 8 9 11 12 15 16 17 18 19 22 25 26 28 30 31 32 33 36 40 43 45 46 47 48 49 50 51 57 58 59 60 61 62 63 64 66 67 68 69 70 71 72 73 74 75 76 77 80 81 82 83 84 85 86 87 89 91 93 94 97 100 101 102 105 106 107 108 110 111 112 113 114 115 117 118 119 122 123 124 125 126 129 130 131 132 133 134 135 138 139 140 141 142 145 146 148 149 151 153 154 155 157 158 159 161 165 169 170 171 172 173 174 175 176 178 179 182 183 185 186 187 188 189 190 191 192 193 194 195 196 198 199 200 201 202 203 204 206 207 209 210 211 212 213 217 218 219 220 222 224 225 227 229 230 231 232 233 234 235 236 237 238 240 241 243 244 245 246 249 250 251 252 253 254 255 0
1 2 4 6 7 8 10 11 15 16 17 18 19 20 22 24 25 26 27 28 33 34 36 38 40 42 44 45 46 47 48 49 50 51 53 54 57 58 59 60 61 62 63 64 65 66 67 70 71 72 73 74 75 76 77 80 82 84 85 88 89 90 91 94 96 97 101 103 105 106 107 108 109 111 115 116 117 118 120 122 125 126 127 128 129 130 131 132 138 139 140 142 145 146 147 150 151 152 154 155 156 158 160 161 162 164 165 166 169 170 172 174 175 176 178 180 181 182 183 187 188 193 194 195 197 201 203 204 205 206 208 209 210 213 215 216 217 218 219 222 223 224 225 226 227 228 233 236 237 238 239 240 241 242 244 245 246 247 248 251 255 256 258 259 260 261 262 263 265 266 267 268 269 270 273 274 275 278 279 280 281 282 285 286 289 292 293 295 296 297 298 299 300 301 303 305 306 307 309 314 315 316 317 318 319 321 323 324 325 326 328 330 331 332 334 335 336 337 339 341 342 344 346 347 349 350 353 356 361 363 364 365 368 369 370 371 373 374 375 376 377 378 379 380 381 382 383 385 387 388 389 390 391 393 394 395 396 397 398 399 400 401 402 403 404 406 407 408 409 410 411 412 413 415 417 418 420 421 425 427 430 431 432 435 439 440 441 448 449 450 452 453 455 457 459 460 461 462 463 465 466 468 471 472 473 474 475 476 479 482 483 486 488 490 491 492 493 495 499 501 502 505 506 507 510 511 512 0
1 5 6 8 9 10 12 13 16 21 22 24 26 27 28 29 30 31 32 33 34 35 36 38 41 42 45 50 52 53 54 55 56 57 59 60 62 63 64 65 66 68 69 70 72 73 74 75 77 78 80 82 86 87 91 94 95 96 99 100 101 102 105 107 109 111 112 114 115 116 117 118 119 120 123 125 128 0
3 4 5 7 8 10 11 12 13 15 16 17 19 25 26 32 0

99
1 2 3 4 5 6 7 8 9 10 11 12 13 14 15 16 17 18 19 20 21 22 23 24 25 26 27 28 29 30 31 32 34 35 36 37 39 40 41 42 43 44 45 46 47 48 51 54 58 61 62 63 64 69 70 71 75 77 79 80 81 83 84 86 89 91 93 96 99 101 102 103 104 105 106 107 108 109 110 112 114 116 117 118 119 120 121 122 123 124 128 129 130 131 132 135 136 137 138 142 143 145 146 147 149 150 151 154 155 156 157 158 159 160 161 164 165 166 168 169 170 171 172 173 174 175 176 178 179 180 181 182 184 186 187 188 189 190 191 192 194 195 196 197 198 199 200 202 203 204 205 206 207 208 210 211 212 213 214 215 220 221 222 223 224 225 226 227 228 229 231 238 240 241 242 246 247 248 249 250 251 253 254 256 257 258 259 260 261 262 263 264 265 266 267 268 269 270 271 272 273 274 275 276 277 278 279 280 281 282 283 284 285 286 287 288 289 290 291 292 293 294 295 296 297 298 299 300 301 302 303 304 305 306 307 308 309 310 311 312 313 314 315 316 317 318 319 320 321 322 323 324 325 326 327 328 329 330 331 332 333 334 335 336 337 338 339 340 341 342 343 344 345 346 347 348 349 350 351 352 353 355 356 357 358 359 360 361 362 363 364 367 368 369 370 371 373 374 378 379 380 381 383 384 385 389 390 391 392 395 397 398 399 400 401 404 406 407 408 410 411 412 413 414 417 421 423 424 426 427 428 430 432 433 434 435 438 439 440 441 442 443 445 447 448 449 450 451 453 455 456 457 458 459 460 463 464 465 472 473 480 481 485 486 487 490 491 492 493 494 496 497 498 499 500 501 502 503 504 505 506 507 508 509 510 511 512 513 514 515 516 517 518 519 520 521 522 523 524 525 526 527 528 529 530 531 532 533 534 535 537 538 539 540 541 542 543 544 545 546 547 548 549 550 551 555 556 557 558 559 560 561 562 563 565 566 567 570 571 574 575 576 578 579 580 581 582 583 586 587 588 589 590 591 592 593 594 595 596 598 599 601 602 604 605 606 607 608 610 611 613 614 617 618 619 620 621 622 623 624 628 629 630 631 634 635 636 637 639 640 641 645 647 648 651 652 653 655 657 661 662 664 667 668 670 672 677 678 679 680 681 682 683 684 685 686 688 690 693 694 696 697 698 700 701 704 706 710 711 714 715 716 717 719 720 721 727 731 735 736 741 742 743 744 745 746 747 748 749 751 752 754 755 756 757 758 759 760 761 764 765 767 768 769 770 771 772 773 774 775 776 777 778 779 780 781 782 783 784 785 791 792 793 795 796 797 798 799 801 802 803 804 805 806 807 808 809 810 811 812 814 815 816 817 818 819 820 821 822 823 824 825 826 827 828 829 831 833 837 838 840 841 842 844 845 846 848 849 850 852 853 858 859 860 861 862 863 864 865 866 867 874 877 879 880 881 883 884 885 887 888 889 890 895 896 897 898 900 902 903 904 905 907 909 910 911 912 913 915 916 917 920 922 923 924 925 926 928 930 932 933 934 936 937 938 939 940 941 942 945 946 947 949 950 951 952 953 954 955 956 957 959 961 962 963 965 966 967 968 969 970 971 972 977 978 982 984 985 986 987 988 989 991 992 995 996 997 998 999 1000 1001 1002 1003 1004 1005 1006 1007 1008 1009 1014 1015 1016 1017 1018 1019 1020 1021 1022 1023 1024 0
1 2 3 4 5 6 7 9 10 11 12 13 14 16 19 20 22 23 27 28 30 31 32 33 34 36 38 40 42 43 44 47 48 50 51 52 54 55 56 57 58 59 63 65 66 67 68 69 70 71 72 73 74 76 77 79 80 81 82 83 84 85 86 88 89 90 91 94 96 97 98 99 100 101 103 104 105 106 107 108 109 110 111 112 114 115 116 117 118 119 120 121 122 124 125 126 127 128 129 130 131 132 134 135 136 137 138 139 140 141 142 143 144 148 149 150 152 153 155 156 157 159 160 161 162 164 165 168 169 170 171 172 173 174 175 176 179 182 183 184 185 186 187 188 189 191 193 194 198 199 200 201 202 203 204 205 206 207 208 211 213 214 215 216 217 222 223 224 225 227 228 229 231 232 233 236 237 238 241 242 243 244 246 247 248 249 251 254 255 256 0
1 2 3 4 6 7 8 9 10 12 13 15 16 17 18 20 23 24 25 26 28 32 34 36 38 40 42 43 48 50 51 54 55 56 57 58 59 62 63 64 65 66 67 69 70 71 72 74 76 77 78 79 80 81 82 83 84 86 87 88 89 90 91 92 93 94 95 96 97 100 101 103 105 106 107 108 109 110 111 115 116 117 118 119 121 122 123 124 125 126 127 128 129 130 131 132 133 134 136 139 140 144 145 147 148 150 151 153 154 155 158 160 162 165 166 168 169 171 173 175 177 178 182 183 184 190 191 194 195 196 197 198 199 201 202 203 205 206 207 208 210 211 212 213 214 216 217 218 220 221 222 223 229 230 233 234 235 236 237 238 240 241 242 243 244 246 247 248 251 252 255 256 259 260 261 262 263 265 268 269 270 272 273 274 276 277 278 279 280 281 286 287 289 291 292 293 294 295 296 298 299 300 302 303 304 305 306 308 309 310 312 313 314 321 323 324 325 326 328 329 330 331 333 334 336 337 338 341 342 343 344 347 348 349 350 351 352 353 355 356 357 358 359 360 361 362 364 365 370 372 375 376 377 378 379 380 381 382 383 385 386 387 388 389 390 391 392 393 394 395 396 397 398 399 400 402 403 404 405 406 407 409 414 416 419 422 423 424 425 426 427 428 430 431 432 434 435 436 437 439 440 441 442 443 444 445 447 448 449 450 451 453 454 455 456 457 458 459 460 461 462 463 464 465 466 467 470 471 472 474 477 478 480 484 485 488 489 490 494 495 496 501 502 503 504 505 506 507 508 509 510 511 512 0
1 2 3 5 6 8 12 14 16 17 18 19 20 22 24 25 28 31 32 33 34 35 36 41 42 43 45 47 49 50 51 52 53 54 56 58 59 60 61 63 64 66 67 69 70 72 73 75 77 78 84 86 87 88 90 92 93 94 95 96 98 100 101 102 104 105 108 109 110 111 112 114 115 116 119 120 121 122 123 125 127 128 0
4 6 7 8 11 12 13 16 17 19 27 28 31 32 0

100
1 2 3 4 5 6 7 8 10 11 12 13 15 16 18 19 20 21 22 23 24 26 27 29 30 32 34 35 36 37 38 39 40 41 42 45 46 47 48 49 52 53 56 57 58 60 62 63 64 65 66 67 68 72 73 75 76 79 80 81 83 84 86 89 91 92 95 96 97 98 99 100 103 107 108 109 111 112 113 114 115 120 122 123 124 125 127 128 129 130 131 135 138 139 141 143 144 145 146 147 148 149 150 151 152 153 154 155 156 157 159 160 161 163 164 165 166 167 168 169 170 171 172 173 175 176 177 179 180 181 182 183 184 185 186 191 192 193 194 196 197 198 199 200 201 205 206 207 208 210 211 214 219 223 224 225 226 227 228 229 230 231 232 233 234 236 237 238 239 240 241 242 243 244 245 246 247 250 251 252 253 254 255 256 257 258 259 260 261 262 263 264 265 266 267 268 269 270 271 272 273 274 275 277 278 279 280 283 288 289 292 293 294 295 296 297 298 299 301 302 303 304 305 308 309 310 311 312 313 314 315 316 317 318 319 320 321 323 324 325 326 327 328 329 330 331 332 333 336 337 339 340 342 343 344 345 346 348 349 352 353 355 356 357 358 359 360 363 364 366 367 368 369 370 371 372 373 375 376 377 378 379 380 381 383 384 385 386 387 388 389 390 391 392 394 395 396 397 400 401 402 403 404 405 407 408 409 410 411 412 413 414 416 417 420 421 423 424 425 426 427 428 429 430 432 433 435 436 437 438 439 440 441 442 443 444 446 448 449 451 453 455 456 457 458 460 461 463 464 465 467 468 469 475 476 477 478 479 480 481 482 483 484 485 490 491 492 494 495 496 497 498 499 500 504 505 506 507 508 509 510 511 512 514 515 516 517 518 519 520 521 522 523 524 528 529 530 531 533 534 535 536 537 544 545 546 547 548 549 550 551 552 553 554 559 560 561 563 564 565 566 567 568 569 570 572 573 574 575 576 577 579 580 581 582 583 584 585 586 587 588 589 590 591 592 593 595 596 597 598 599 600 601 603 604 605 606 608 609 610 611 612 613 614 619 620 621 622 624 625 626 627 628 634 635 636 637 640 641 642 643 644 645 646 648 649 650 651 652 653 656 657 658 659 660 661 662 663 664 665 666 667 668 669 672 673 675 676 677 678 679 680 681 682 683 684 685 688 689 691 692 693 694 695 696 697 698 699 700 701 703 704 705 707 708 709 710 711 712 713 714 715 716 718 720 721 725 726 727 728 729 730 731 733 734 735 736 737 738 739 740 741 745 746 751 752 753 754 755 756 757 758 759 760 761 762 763 766 767 768 769 770 771 772 773 774 775 776 777 778 779 780 781 782 783 784 785 786 787 788 789 790 791 792 793 794 795 799 800 801 802 804 805 806 807 809 810 811 812 813 816 817 819 820 821 822 827 828 829 831 832 833 835 836 837 841 842 843 844 845 846 847 848 849 850 851 852 854 855 856 857 858 859 860 861 862 863 864 865 866 867 871 872 873 875 876 877 878 879 880 881 882 886 888 889 890 891 893 894 895 896 897 898 899 900 901 902 904 905 907 909 910 911 912 913 914 915 916 917 918 919 920 921 922 923 924 925 926 927 928 929 930 931 932 933 934 935 936 937 938 939 940 941 942 943 944 945 947 948 949 950 951 952 953 955 956 957 958 959 961 964 965 966 967 968 972 973 974 975 976 977 978 979 980 981 982 983 984 985 986 987 989 990 991 992 993 994 995 996 997 998 999 1000 1002 1004 1007 1008 1009 1010 1011 1012 1013 1014 1015 1016 1017 1018 1019 1020 1021 1022 1023 1024 0
1 2 3 5 6 7 10 11 12 13 14 15 17 18 20 21 25 26 29 31 32 33 34 35 36 37 39 42 43 45 46 47 49 50 51 52 53 54 56 57 58 59 60 61 62 63 64 65 66 67 68 69 70 71 72 73 74 75 78 80 82 83 84 85 87 88 89 90 91 93 94 95 96 99 101 103 104 105 108 109 111 112 114 115 117 118 119 120 121 123 124 125 126 127 128 129 130 131 132 133 134 135 136 140 141 142 143 144 145 147 148 149 150 151 152 153 157 158 159 160 162 163 165 167 168 169 170 172 173 174 176 177 178 179 180 181 182 183 184 185 191 192 193 194 196 197 198 199 201 202 203 204 205 206 207 208 210 211 212 213 216 217 218 219 221 222 223 224 226 227 228 229 230 231 232 234 235 236 238 239 240 241 242 243 244 245 246 248 249 250 251 252 253 254 255 256 0
1 2 3 5 6 7 9 10 11 13 14 15 16 18 21 24 25 26 28 30 31 32 33 34 36 37 38 39 40 42 43 44 45 47 48 49 50 53 54 55 57 58 62 63 64 65 66 67 68 69 71 72 73 74 75 76 77 78 79 80 81 82 84 86 87 88 89 92 93 94 95 97 98 99 100 101 102 103 104 105 106 109 110 111 112 113 119 120 121 122 123 126 129 130 131 132 133 136 137 138 139 140 142 143 145 147 148 149 150 151 152 153 154 156 157 158 159 160 161 162 163 164 166 167 168 169 170 172 173 174 175 177 178 179 180 182 183 184 185 187 188 189 190 193 195 196 198 200 201 202 203 204 206 207 208 210 211 213 214 215 216 217 218 219 220 222 223 225 227 228 229 230 231 232 235 236 237 238 239 240 241 242 243 244 245 246 247 248 249 252 255 256 257 258 260 261 262 263 265 266 267 269 270 273 274 275 277 279 280 281 282 284 285 286 288 289 290 291 292 293 294 295 296 297 298 299 300 301 302 303 304 305 308 310 311 312 313 315 317 321 325 326 329 331 332 335 337 339 342 343 344 345 353 354 356 357 358 359 360 362 363 364 366 368 369 370 371 372 374 376 377 378 382 383 385 386 387 388 389 390 391 392 393 394 395 396 397 398 399 400 401 402 403 404 405 406 407 408 409 412 413 414 417 418 423 424 425 426 429 430 432 433 438 439 440 442 444 446 448 449 450 451 452 453 454 456 457 458 459 460 461 462 463 464 465 467 469 470 471 474 475 476 477 478 479 480 486 487 488 490 492 493 494 497 498 499 500 501 502 503 504 505 507 511 0
3 4 5 7 8 10 11 12 16 19 21 22 23 24 25 26 29 31 32 33 34 35 36 37 40 41 42 43 44 45 46 48 51 52 53 54 55 56 58 59 60 61 63 65 66 68 69 72 75 76 77 78 79 80 81 82 85 88 89 90 91 92 93 94 95 96 99 101 104 111 113 117 118 119 120 123 125 126 127 128 0
2 6 7 8 12 15 17 19 23 24 26 27 28 29 30 32 0

