1
1 2 3 4 5 6 7 8 9 10 11 12 13 14 15 16 18 19 20 21 22 23 24 25 26 27 28 29 30 31 32 33 34 35 36 37 38 39 40 41 42 43 44 46 47 48 49 50 51 52 53 54 55 56 57 58 59 60 62 63 64 65 66 67 68 69 70 71 72 73 74 75 76 77 79 80 81 82 83 84 85 86 87 88 89 90 91 92 93 94 95 96 98 99 100 101 102 103 104 105 108 109 110 111 112 113 114 115 116 117 118 124 126 129 130 131 132 134 135 138 140 142 143 144 145 146 147 148 149 150 151 152 153 154 155 156 157 158 159 160 161 162 164 165 166 167 168 169 170 171 172 173 174 175 176 177 178 179 180 181 182 183 184 185 186 187 189 190 191 192 193 194 195 196 197 198 199 200 201 202 203 204 205 206 207 208 209 210 211 212 213 214 215 216 217 218 220 221 222 223 224 225 226 227 228 229 230 231 232 233 234 235 236 237 238 239 240 241 242 243 244 245 246 247 248 249 250 251 252 253 254 255 256 257 258 259 260 261 262 263 264 265 266 267 268 269 270 271 272 273 275 276 277 278 279 280 281 282 284 286 287 288 289 290 291 292 293 294 295 296 297 299 303 304 305 306 307 308 309 310 311 312 313 314 315 316 317 318 320 321 322 323 324 325 326 327 328 329 330 331 333 334 335 336 337 339 340 341 342 343 344 345 346 347 348 349 350 351 352 353 354 355 356 357 358 359 360 361 362 364 365 366 367 368 369 370 371 372 373 374 375 376 378 379 380 381 382 383 384 385 386 387 388 390 392 395 396 397 399 400 401 402 403 404 405 406 407 409 410 411 412 413 414 415 416 417 418 419 421 422 423 426 427 428 429 430 431 432 433 434 435 437 438 439 440 441 442 443 444 445 446 447 448 449 451 452 453 454 455 456 457 458 459 460 461 462 463 464 465 466 468 469 470 471 472 473 474 475 476 477 478 479 480 481 483 484 485 486 487 488 489 490 491 492 493 495 496 497 498 499 500 501 502 503 504 505 506 507 508 509 510 511 512 514 515 516 517 518 519 520 521 522 523 524 525 528 529 530 531 532 533 534 535 536 538 539 540 541 542 543 544 547 550 551 552 553 554 556 557 558 559 560 561 562 564 565 567 568 569 570 571 572 573 574 577 579 580 582 584 585 586 587 588 589 591 592 593 594 595 597 598 599 600 601 602 603 604 605 606 608 609 610 611 612 613 614 615 616 618 619 620 621 622 624 625 626 627 628 630 631 635 636 637 638 640 641 642 643 644 645 646 647 648 649 650 652 653 654 655 656 657 658 659 660 661 662 664 665 666 668 669 670 671 672 673 674 676 678 679 680 681 682 683 686 689 690 691 692 693 694 695 696 697 698 700 701 702 703 705 706 707 709 710 711 713 715 716 717 718 721 722 723 724 725 726 727 728 729 730 731 732 733 738 739 740 746 747 750 752 754 755 756 762 765 766 767 768 769 770 771 772 773 774 775 776 777 778 779 780 781 782 783 784 785 787 788 789 790 791 792 793 794 795 796 797 798 799 800 802 803 804 805 806 807 808 809 810 811 812 813 814 815 816 818 819 820 821 822 823 824 825 826 827 828 829 830 832 833 834 835 836 837 838 839 840 841 842 843 844 845 846 847 848 850 851 852 853 854 856 857 858 859 860 861 862 863 864 865 866 868 869 870 871 872 873 874 875 876 877 878 879 880 882 883 884 885 886 887 889 891 892 894 895 896 897 898 899 901 903 904 905 906 907 908 909 911 912 913 914 915 916 917 918 919 920 921 922 923 924 925 926 927 928 929 930 931 932 933 934 935 936 937 938 939 940 941 942 943 944 945 946 947 948 949 950 951 954 955 956 958 959 960 961 962 963 964 965 966 967 968 969 970 971 973 974 975 976 977 978 979 980 981 982 983 984 985 986 987 988 989 990 992 993 994 995 996 998 999 1000 1001 1002 1003 1004 1006 1007 1008 1009 1010 1011 1012 1013 1014 1015 1016 1017 1018 1019 1020 1021 1022 1023 1024 1025 1026 1027 1028 1029 1030 1031 1032 1033 1034 1035 1038 1039 1040 1041 1046 1047 1048 1049 1050 1051 1052 1054 1056 1057 1058 1059 1060 1061 1062 1063 1064 1065 1066 1067 1068 1069 1070 1071 1072 1073 1074 1075 1076 1077 1078 1079 1080 1081 1082 1083 1085 1086 1088 1089 1090 1091 1092 1093 1096 1097 1098 1099 1100 1101 1102 1103 1104 1105 1106 1107 1108 1110 1111 1112 1113 1114 1115 1116 1117 1118 1119 1120 1121 1126 1127 1128 1129 1130 1131 1132 1133 1134 1135 1136 1137 1139 1140 1141 1142 1145 1149 1150 1151 1152 1153 1154 1155 1156 1157 1158 1162 1165 1166 1167 1168 1169 1171 1172 1174 1175 1176 1177 1178 1179 1181 1182 1183 1184 1185 1186 1187 1188 1189 1190 1191 1196 1197 1198 1200 1201 1202 1203 1204 1205 1206 1207 1210 1211 1212 1213 1216 1217 1218 1219 1220 1221 1222 1224 1225 1226 1227 1228 1231 1232 1233 1236 1237 1238 1239 1240 1244 1245 1247 1248 1249 1250 1253 1254 1255 1257 1259 1261 1262 1263 1264 1265 1266 1267 1268 1269 1270 1271 1272 1273 1274 1275 1276 1277 1278 1279 1280 1281 1282 1283 1284 1285 1286 1287 1288 1289 1290 1291 1292 1293 1294 1295 1296 1297 1298 1299 1300 1301 1302 1303 1304 1305 1306 1307 1308 1309 1310 1311 1313 1314 1315 1316 1317 1318 1319 1320 1321 1322 1323 1324 1325 1326 1327 1328 1329 1330 1331 1332 1333 1334 1335 1336 1337 1338 1339 1340 1341 1342 1343 1345 1346 1347 1348 1349 1351 1352 1354 1355 1356 1358 1359 1360 1361 1362 1363 1364 1367 1368 1369 1370 1371 1372 1373 1374 1375 1377 1378 1379 1380 1381 1382 1383 1384 1385 1386 1387 1388 1389 1390 1391 1392 1393 1394 1396 1397 1398 1399 1400 1403 1404 1405 1406 1407 1409 1410 1411 1415 1420 1422 1423 1424 1425 1426 1427 1428 1429 1430 1432 1433 1434 1436 1437 1438 1439 1441 1442 1443 1444 1445 1446 1447 1448 1449 1450 1452 1453 1454 1455 1457 1458 1459 1460 1461 1462 1463 1464 1465 1466 1467 1468 1469 1471 1472 1473 1474 1475 1476 1477 1478 1479 1480 1481 1482 1483 1484 1485 1487 1488 1489 1490 1491 1494 1495 1496 1498 1499 1500 1502 1503 1504 1505 1506 1507 1508 1509 1510 1512 1513 1514 1515 1516 1517 1518 1519 1520 1521 1522 1523 1524 1525 1526 1527 1528 1529 1530 1531 1532 1533 1534 1535 1536 1537 1538 1539 1540 1541 1542 1543 1544 1545 1546 1547 1548 1549 1550 1551 1552 1553 1554 1555 1556 1557 1558 1559 1560 1561 1562 1563 1564 1565 1566 1567 1568 1569 1570 1573 1574 1575 1576 1577 1578 1579 1580 1581 1582 1583 1584 1585 1586 1588 1589 1590 1591 1592 1593 1594 1595 1596 1597 1598 1599 1600 1601 1602 1603 1604 1605 1606 1607 1609 1610 1611 1612 1614 1615 1616 1617 1618 1619 1621 1622 1625 1626 1628 1629 1630 1631 1632 1633 1634 1635 1637 1638 1639 1641 1642 1643 1644 1647 1648 1649 1650 1651 1652 1653 1654 1655 1656 1657 1660 1661 1662 1663 1664 1665 1666 1667 1668 1669 1670 1672 1674 1676 1677 1678 1679 1680 1681 1682 1683 1685 1686 1688 1689 1690 1692 1693 1694 1695 1696 1697 1698 1699 1700 1701 1702 1703 1704 1705 1706 1707 1708 1709 1710 1711 1712 1713 1714 1715 1716 1718 1719 1720 1721 1722 1723 1724 1725 1726 1727 1728 1729 1730 1731 1732 1733 1734 1735 1736 1737 1738 1739 1740 1741 1742 1744 1745 1746 1747 1748 1749 1750 1751 1752 1753 1754 1755 1756 1757 1760 1761 1762 1763 1764 1765 1768 1771 1773 1776 1777 1779 1781 1782 1783 1784 1785 1786 1787 1788 1789 1790 1791 1792 1793 1794 1795 1796 1797 1798 1799 1800 1801 1802 1803 1804 1805 1806 1807 1808 1809 1810 1811 1813 1814 1815 1816 1817 1818 1819 1820 1821 1822 1823 1824 1825 1829 1830 1831 1832 1833 1834 1836 1837 1838 1839 1840 1841 1842 1844 1845 1847 1848 1849 1850 1851 1852 1853 1854 1855 1856 1857 1858 1861 1864 1867 1868 1869 1870 1871 1872 1873 1874 1878 1879 1881 1882 1883 1884 1885 1886 1887 1888 1889 1890 1899 1900 1901 1902 1903 1904 1906 1910 1911 1913 1914 1915 1916 1917 1918 1919 1920 1922 1923 1924 1925 1926 1927 1928 1929 1930 1931 1932 1933 1934 1935 1936 1937 1938 1940 1941 1942 1944 1945 1947 1948 1949 1950 1951 1952 1953 1954 1955 1956 1957 1958 1959 1960 1961 1962 1963 1964 1965 1966 1967 1968 1969 1970 1972 1973 1974 1975 1976 1977 1978 1981 1982 1983 1985 1986 1987 1988 1989 1990 1991 1992 1995 1996 1997 1998 2000 2001 2002 2003 2004 2005 2006 2007 2008 2009 2010 2011 2012 2014 2015 2016 2017 2018 2019 2020 2021 2024 2025 2026 2027 2029 2030 2031 2032 2034 2035 2036 2043 2044 2045 2046 2047 2048 0
1 2 3 4 6 7 9 10 11 14 19 20 21 22 23 24 25 26 27 28 29 30 31 0

2
1 2 3 4 5 6 7 8 9 10 11 13 14 15 16 17 19 20 22 23 24 25 26 27 29 31 33 34 35 36 37 38 39 40 41 42 44 45 46 48 49 50 51 52 53 55 56 57 58 60 61 62 63 64 65 67 68 70 71 72 73 74 75 76 77 78 79 80 81 82 83 84 85 86 88 89 91 92 93 94 95 96 97 99 100 101 102 103 104 105 106 107 108 109 110 111 112 113 115 117 118 119 120 121 122 123 124 125 127 128 129 132 133 134 135 137 138 139 141 142 143 145 146 147 148 149 150 151 152 153 155 158 159 160 161 162 163 164 165 166 167 168 169 170 171 172 173 174 175 176 177 178 179 180 181 183 184 185 186 187 188 190 193 194 195 196 197 198 199 200 201 202 203 204 205 208 209 211 212 214 215 216 218 219 220 221 222 224 225 227 228 230 231 232 233 234 235 236 237 238 239 240 241 243 244 245 246 247 248 249 250 251 252 253 254 255 256 257 258 261 262 263 265 266 267 268 269 270 271 273 274 275 276 278 279 280 282 283 285 286 288 289 291 292 293 294 296 297 298 299 300 303 304 305 306 307 308 309 310 311 312 313 314 315 316 317 320 321 322 323 324 325 326 327 328 329 330 331 333 334 335 336 337 338 339 340 341 342 343 344 345 346 347 348 349 350 351 352 353 354 355 356 357 359 360 361 362 363 364 365 366 367 368 369 370 371 372 373 375 376 377 378 379 380 381 382 384 385 386 387 388 389 390 391 392 393 395 396 397 398 399 400 401 402 403 404 405 407 409 410 411 412 413 414 415 417 418 419 420 421 422 423 424 425 426 427 428 429 430 431 432 433 434 435 436 437 438 439 440 442 443 444 445 446 447 448 449 450 451 452 453 454 456 457 458 459 460 461 462 464 465 466 467 469 470 471 472 473 474 475 476 477 478 479 480 481 482 483 484 485 486 487 488 489 490 491 492 493 496 497 498 499 500 501 502 503 504 505 506 507 508 509 510 511 512 513 514 516 518 522 523 525 526 527 528 529 530 531 533 534 535 536 537 538 539 542 543 544 545 546 547 548 549 550 551 552 553 554 555 556 557 559 560 561 563 564 565 566 567 568 569 570 571 572 573 574 575 579 580 581 582 583 584 585 586 587 588 589 590 591 593 596 597 599 600 601 602 604 605 606 607 609 611 612 613 614 615 616 617 618 619 620 621 622 624 625 626 627 628 629 630 631 632 633 634 635 636 637 638 641 643 644 645 646 647 648 649 650 651 652 653 654 655 656 658 659 660 661 662 663 664 665 666 667 668 669 670 673 674 675 676 677 679 680 681 682 684 685 686 687 688 689 690 691 692 693 695 696 697 698 699 700 701 702 704 705 706 707 708 709 710 711 712 713 714 715 716 717 718 721 722 723 724 725 726 727 728 729 730 731 732 733 735 736 737 738 740 741 742 743 744 745 746 747 748 749 750 751 752 753 754 755 761 762 763 765 766 767 769 770 771 772 773 774 775 776 777 778 779 780 781 782 783 784 785 786 788 789 790 791 792 793 794 795 796 799 801 803 804 805 806 807 808 809 811 812 813 815 816 817 818 819 820 821 823 824 825 827 828 829 830 831 833 834 835 836 838 839 840 841 842 843 844 845 846 847 848 849 850 852 853 854 855 856 857 858 859 860 861 862 863 865 867 868 869 870 871 872 873 874 876 877 878 879 880 881 883 884 885 886 887 888 889 890 891 894 895 896 898 899 900 902 903 905 907 908 909 910 911 913 914 915 916 917 918 919 920 921 922 923 924 925 926 927 929 930 931 932 933 934 936 937 938 940 941 942 943 944 945 946 947 948 949 950 951 952 953 954 955 956 957 958 959 961 962 963 964 965 966 967 968 969 970 971 972 973 974 975 977 978 979 980 982 983 984 985 986 987 988 989 991 992 993 994 996 997 998 999 1000 1001 1002 1003 1004 1005 1007 1009 1010 1011 1012 1013 1014 1015 1016 1017 1018 1019 1020 1021 1022 1023 1024 1025 1027 1028 1030 1031 1032 1033 1034 1035 1036 1039 1040 1041 1045 1046 1047 1048 1049 1050 1051 1054 1055 1056 1057 1058 1059 1060 1061 1062 1063 1064 1065 1066 1067 1068 1069 1070 1073 1074 1075 1076 1077 1079 1082 1083 1084 1085 1086 1088 1089 1091 1092 1093 1094 1095 1096 1097 1098 1099 1100 1101 1102 1103 1105 1107 1109 1110 1111 1112 1113 1114 1115 1116 1117 1118 1120 1121 1124 1125 1126 1127 1128 1129 1130 1132 1133 1134 1136 1137 1138 1140 1141 1142 1143 1144 1146 1147 1148 1149 1150 1151 1153 1154 1155 1156 1157 1158 1159 1160 1161 1162 1163 1164 1165 1166 1167 1168 1169 1171 1172 1173 1174 1175 1176 1177 1178 1179 1180 1181 1182 1183 1184 1185 1186 1187 1188 1189 1190 1191 1192 1193 1194 1195 1197 1198 1199 1200 1201 1202 1203 1204 1205 1206 1207 1208 1209 1210 1211 1212 1213 1214 1215 1216 1218 1219 1220 1221 1222 1223 1224 1225 1226 1227 1228 1229 1230 1231 1232 1234 1235 1236 1237 1238 1239 1240 1241 1242 1243 1244 1245 1246 1248 1250 1251 1252 1253 1256 1257 1258 1259 1260 1261 1263 1264 1265 1266 1267 1268 1269 1270 1271 1272 1273 1274 1275 1276 1277 1278 1279 1280 1281 1282 1283 1284 1285 1286 1288 1289 1290 1291 1292 1293 1294 1295 1296 1297 1301 1302 1303 1304 1306 1307 1308 1310 1311 1312 1313 1314 1315 1316 1317 1318 1319 1320 1321 1322 1323 1324 1326 1327 1328 1329 1330 1331 1332 1333 1334 1335 1336 1337 1338 1339 1340 1341 1342 1343 1344 1345 1346 1347 1348 1349 1350 1351 1352 1353 1354 1355 1356 1357 1358 1360 1361 1363 1364 1365 1366 1367 1368 1369 1370 1371 1372 1373 1374 1375 1377 1378 1379 1380 1381 1382 1383 1384 1385 1387 1389 1390 1391 1392 1393 1395 1396 1397 1398 1399 1400 1401 1402 1403 1404 1405 1406 1407 1409 1410 1411 1412 1413 1414 1416 1417 1418 1419 1420 1421 1422 1423 1424 1425 1426 1427 1428 1429 1430 1431 1432 1433 1434 1436 1437 1438 1439 1440 1441 1442 1443 1444 1445 1446 1447 1448 1449 1450 1452 1453 1454 1455 1456 1457 1458 1459 1460 1461 1462 1463 1464 1465 1466 1468 1469 1470 1471 1472 1473 1474 1475 1477 1478 1479 1480 1481 1482 1483 1484 1485 1486 1488 1489 1491 1492 1493 1494 1495 1496 1497 1499 1500 1501 1504 1505 1508 1509 1510 1511 1512 1513 1514 1515 1516 1517 1519 1520 1521 1522 1523 1524 1525 1526 1527 1528 1529 1530 1531 1532 1534 1535 1536 1537 1538 1539 1540 1541 1542 1543 1544 1545 1546 1548 1549 1550 1551 1552 1553 1555 1556 1557 1558 1559 1560 1561 1562 1563 1564 1565 1567 1569 1571 1572 1573 1575 1576 1577 1578 1580 1582 1583 1584 1585 1588 1589 1590 1591 1592 1593 1594 1595 1596 1597 1598 1599 1600 1601 1603 1604 1605 1606 1607 1608 1609 1610 1611 1612 1613 1614 1615 1616 1617 1618 1619 1620 1621 1622 1623 1624 1625 1626 1627 1628 1629 1630 1631 1633 1634 1635 1636 1637 1638 1639 1640 1642 1643 1644 1645 1646 1647 1648 1649 1651 1652 1653 1654 1655 1656 1657 1658 1659 1660 1661 1662 1663 1664 1665 1666 1667 1668 1669 1670 1672 1673 1674 1675 1676 1677 1678 1680 1681 1683 1684 1685 1686 1687 1688 1689 1690 1691 1692 1693 1694 1695 1696 1697 1699 1700 1701 1702 1703 1704 1705 1706 1707 1708 1709 1710 1711 1713 1715 1716 1717 1718 1719 1720 1721 1722 1723 1724 1725 1726 1727 1729 1730 1731 1732 1733 1734 1735 1736 1737 1739 1740 1741 1742 1745 1746 1747 1748 1749 1750 1751 1752 1753 1754 1755 1759 1760 1761 1762 1763 1764 1765 1768 1770 1771 1772 1773 1774 1776 1777 1779 1780 1781 1782 1783 1784 1786 1787 1788 1789 1791 1792 1793 1794 1795 1797 1798 1799 1800 1801 1802 1805 1806 1809 1810 1811 1812 1815 1816 1817 1818 1819 1822 1824 1825 1826 1827 1828 1834 1836 1837 1840 1841 1842 1843 1844 1847 1848 1849 1850 1851 1853 1856 1857 1858 1859 1860 1861 1862 1863 1864 1865 1866 1867 1868 1872 1874 1875 1877 1878 1879 1880 1881 1882 1883 1884 1885 1886 1887 1888 1890 1894 1895 1896 1897 1899 1901 1902 1904 1906 1909 1910 1911 1912 1913 1914 1915 1916 1917 1918 1920 1922 1924 1925 1926 1927 1928 1929 1930 1931 1932 1933 1934 1935 1939 1940 1941 1942 1943 1944 1945 1946 1947 1948 1949 1950 1951 1954 1955 1956 1957 1958 1959 1960 1961 1962 1963 1965 1966 1967 1969 1971 1972 1974 1975 1976 1977 1978 1979 1980 1981 1982 1983 1985 1987 1988 1989 1990 1991 1992 1993 1995 1996 1997 1998 1999 2001 2002 2003 2004 2005 2006 2007 2008 2009 2010 2011 2012 2013 2017 2018 2019 2020 2021 2022 2023 2024 2027 2029 2036 2037 2038 2039 2040 2041 2042 2043 2044 2046 0
1 2 3 4 5 6 7 8 11 12 13 14 15 17 19 21 22 23 24 25 26 27 28 32 0

3
1 3 4 5 7 10 12 14 16 17 20 24 26 27 28 32 33 34 35 36 37 38 39 40 43 44 45 46 47 48 49 50 51 53 54 55 56 57 58 60 61 62 64 65 67 68 69 71 72 73 74 75 76 77 79 80 81 82 83 84 85 86 87 88 89 90 91 92 93 94 95 96 97 98 99 100 101 102 103 104 105 106 107 108 109 110 111 112 113 114 115 116 117 118 119 120 121 122 124 125 126 127 128 129 130 131 132 133 134 135 136 137 138 139 140 141 142 143 144 145 147 148 149 150 151 152 153 155 156 157 158 159 160 161 162 163 164 165 166 167 168 169 170 171 172 173 174 175 177 178 179 181 182 183 184 185 186 187 188 189 190 191 192 194 198 199 200 201 202 203 204 205 206 207 208 209 212 213 214 215 216 217 218 219 220 222 223 224 225 227 229 230 231 232 233 234 235 236 240 241 242 243 244 245 247 248 249 251 253 254 255 256 257 258 259 260 261 262 263 264 265 266 267 268 269 272 273 274 275 276 277 278 279 280 281 282 283 284 285 286 287 288 289 290 291 292 293 294 295 296 297 300 301 302 303 304 305 306 308 309 311 313 314 316 317 318 319 320 321 322 323 324 325 326 327 329 332 333 334 336 337 338 340 341 342 343 344 346 347 349 350 351 353 354 356 357 358 359 360 361 362 363 365 366 367 368 369 372 373 374 375 376 377 378 379 381 382 384 385 386 387 388 390 391 392 393 394 395 396 397 398 399 400 401 402 403 404 407 408 409 410 412 414 416 417 418 419 420 421 422 423 424 425 427 428 429 430 432 433 434 435 436 438 439 440 441 442 443 445 447 448 449 451 453 454 455 456 459 460 461 462 464 465 469 470 473 474 475 476 477 480 481 482 483 484 485 486 487 488 489 490 491 492 493 494 495 496 498 499 500 501 502 503 504 505 506 507 508 509 510 511 512 513 514 515 516 517 518 519 520 521 522 523 524 525 528 529 530 531 532 533 534 535 537 538 539 540 541 542 543 544 545 546 549 552 553 554 555 556 557 558 559 560 561 562 563 564 565 566 567 568 569 570 571 572 573 574 575 576 577 578 579 581 582 584 585 586 587 588 589 591 592 593 595 596 597 598 600 601 602 603 604 605 607 608 609 610 611 612 613 614 615 617 618 619 620 621 622 623 624 625 626 627 628 629 630 632 634 635 636 637 638 641 642 643 644 645 648 649 651 652 653 655 656 657 658 659 660 661 662 663 664 666 667 668 669 671 672 673 674 675 676 677 678 680 681 682 683 684 685 686 687 688 689 690 691 692 693 694 695 696 697 698 699 700 701 702 703 704 705 708 709 710 711 713 714 715 716 717 718 721 722 723 724 727 728 729 730 731 732 733 737 738 739 740 741 742 743 744 745 746 747 748 749 752 753 754 755 756 757 758 759 760 761 762 763 769 770 771 772 773 774 775 776 777 778 779 780 781 782 783 784 785 786 787 788 789 790 791 792 793 794 795 796 797 800 801 803 804 805 806 807 808 809 810 811 812 813 814 815 816 817 821 822 823 824 825 826 827 828 829 830 833 834 835 836 837 838 839 840 841 842 843 844 845 846 847 848 849 850 852 853 854 855 856 857 858 859 860 863 864 865 866 867 868 870 871 872 873 874 875 876 877 878 879 880 881 882 883 884 885 887 888 889 890 891 892 893 894 895 897 898 899 900 901 902 903 904 906 907 908 909 911 913 914 915 916 917 918 919 920 921 922 923 924 925 926 927 928 929 930 931 932 933 934 936 937 938 939 943 944 945 946 947 948 949 950 951 952 953 954 955 956 957 959 960 961 962 963 964 965 966 967 968 969 970 971 972 973 974 975 976 977 978 979 980 981 982 983 984 985 986 988 989 990 991 992 993 994 995 996 997 998 999 1000 1001 1002 1004 1007 1009 1010 1011 1012 1013 1014 1015 1016 1017 1018 1019 1020 1021 1022 1023 1024 1025 1026 1027 1031 1032 1033 1034 1039 1040 1043 1049 1050 1054 1055 1056 1058 1059 1061 1063 1064 1065 1066 1068 1072 1075 1076 1077 1078 1079 1080 1081 1082 1083 1084 1085 1086 1087 1088 1089 1090 1091 1092 1094 1095 1098 1099 1101 1102 1104 1105 1106 1107 1108 1109 1110 1111 1112 1114 1115 1116 1117 1118 1119 1120 1121 1122 1123 1124 1125 1126 1127 1129 1130 1131 1132 1134 1135 1136 1137 1138 1139 1140 1143 1144 1145 1146 1147 1148 1149 1150 1151 1152 1153 1154 1155 1156 1157 1159 1160 1161 1162 1163 1167 1168 1170 1171 1172 1173 1176 1178 1179 1180 1181 1183 1184 1185 1186 1187 1188 1189 1191 1192 1193 1194 1195 1196 1198 1199 1200 1201 1202 1203 1204 1205 1206 1207 1208 1209 1210 1211 1212 1214 1215 1216 1217 1218 1219 1220 1221 1222 1223 1225 1226 1227 1228 1229 1230 1231 1232 1234 1235 1237 1238 1240 1241 1242 1243 1244 1245 1246 1247 1248 1249 1253 1254 1255 1256 1257 1258 1265 1266 1267 1268 1269 1270 1271 1272 1273 1274 1275 1278 1279 1280 1281 1282 1284 1285 1286 1288 1289 1291 1293 1294 1296 1297 1298 1299 1300 1302 1303 1304 1305 1306 1307 1308 1309 1312 1313 1314 1315 1316 1317 1318 1319 1321 1323 1324 1325 1326 1327 1328 1329 1330 1335 1336 1337 1338 1339 1340 1341 1342 1344 1345 1346 1347 1348 1349 1350 1352 1353 1354 1355 1356 1357 1359 1360 1361 1362 1363 1364 1365 1366 1367 1369 1370 1371 1372 1373 1374 1376 1377 1379 1380 1381 1382 1383 1384 1386 1387 1388 1389 1390 1391 1392 1393 1394 1395 1396 1397 1398 1399 1400 1401 1402 1403 1404 1405 1406 1407 1408 1409 1410 1411 1412 1413 1414 1415 1416 1417 1418 1419 1420 1421 1422 1423 1424 1425 1426 1427 1428 1429 1430 1431 1432 1433 1434 1435 1436 1437 1438 1439 1440 1441 1442 1443 1444 1445 1446 1447 1448 1449 1450 1451 1452 1453 1454 1455 1457 1458 1459 1460 1461 1462 1463 1464 1465 1466 1467 1468 1469 1470 1472 1473 1474 1475 1476 1477 1478 1479 1480 1481 1482 1483 1484 1485 1486 1487 1489 1493 1494 1495 1496 1497 1498 1499 1500 1501 1502 1503 1504 1505 1506 1507 1508 1509 1510 1513 1515 1516 1517 1520 1521 1522 1523 1524 1525 1526 1527 1528 1529 1530 1531 1532 1533 1534 1535 1537 1538 1542 1544 1545 1547 1550 1551 1552 1553 1554 1557 1559 1560 1563 1564 1565 1566 1567 1568 1569 1570 1571 1573 1577 1579 1580 1581 1582 1583 1584 1585 1586 1587 1588 1590 1592 1594 1595 1596 1597 1598 1599 1601 1603 1604 1607 1608 1609 1610 1611 1612 1613 1616 1617 1618 1620 1621 1622 1623 1624 1625 1626 1627 1628 1629 1630 1631 1632 1633 1634 1635 1636 1637 1638 1639 1640 1641 1642 1643 1644 1645 1646 1647 1648 1649 1650 1651 1652 1655 1656 1657 1658 1659 1660 1661 1662 1663 1664 1665 1666 1667 1668 1670 1672 1673 1674 1675 1676 1677 1679 1680 1681 1682 1683 1684 1685 1686 1687 1688 1689 1690 1691 1692 1693 1695 1696 1697 1698 1699 1700 1701 1702 1703 1704 1705 1706 1707 1708 1711 1712 1713 1714 1715 1716 1717 1718 1719 1720 1721 1722 1723 1727 1729 1730 1731 1732 1733 1734 1735 1736 1737 1738 1739 1741 1742 1743 1745 1746 1747 1748 1749 1750 1752 1753 1754 1755 1756 1757 1758 1759 1760 1761 1762 1763 1765 1766 1767 1768 1769 1771 1772 1773 1775 1777 1778 1779 1781 1782 1783 1784 1785 1786 1787 1788 1790 1791 1792 1793 1795 1796 1800 1801 1802 1806 1807 1808 1809 1810 1812 1813 1814 1815 1818 1819 1820 1821 1822 1825 1826 1827 1828 1829 1830 1831 1832 1833 1836 1837 1838 1839 1840 1841 1842 1843 1845 1846 1847 1848 1849 1850 1852 1853 1854 1855 1856 1857 1858 1859 1862 1863 1864 1865 1869 1870 1871 1872 1874 1877 1878 1880 1881 1885 1886 1887 1888 1892 1893 1894 1895 1897 1901 1902 1903 1904 1905 1906 1908 1909 1910 1911 1912 1918 1919 1920 1921 1922 1923 1925 1926 1927 1928 1929 1930 1933 1936 1937 1938 1939 1941 1942 1943 1944 1945 1947 1948 1949 1950 1951 1953 1954 1955 1956 1965 1966 1967 1968 1969 1976 1978 1979 1980 1981 1982 1983 1985 1986 1987 1988 1989 1990 1991 1995 1996 1997 1998 1999 2000 2001 2002 2003 2004 2005 2010 2012 2013 2014 2015 2017 2018 2019 2020 2021 2022 2023 2027 2028 2029 2030 2031 2032 2036 2037 2038 2039 2042 2043 2047 0
1 2 3 5 6 9 11 12 15 16 17 18 20 21 22 23 24 25 26 28 29 31 32 0

4
1 2 3 4 5 6 8 9 10 11 12 13 15 16 17 18 19 20 21 22 23 24 25 26 27 29 30 31 33 34 35 36 37 38 39 40 41 42 43 44 45 46 47 48 49 51 52 53 54 55 56 57 58 59 60 61 62 63 64 65 66 68 69 70 71 72 73 74 75 76 77 78 80 81 83 85 86 88 89 90 91 92 93 95 96 97 98 99 100 101 103 104 105 106 107 108 109 110 111 112 113 115 116 117 118 119 120 121 122 123 124 125 127 128 129 130 131 132 133 135 136 137 138 139 141 142 143 144 145 146 147 148 149 150 151 152 153 154 155 156 157 158 159 160 161 162 163 164 165 166 167 168 169 170 171 173 174 175 176 177 178 179 180 181 182 183 184 185 186 187 188 189 190 191 192 193 194 195 196 198 199 200 201 202 203 204 205 206 208 209 210 211 212 214 215 216 217 218 219 221 222 223 225 227 228 229 230 231 233 234 236 237 239 240 241 242 243 244 245 246 247 249 250 251 252 253 254 255 256 257 258 259 260 261 262 263 264 265 266 267 268 269 270 271 272 273 274 275 276 277 279 280 282 283 284 285 286 287 288 289 290 291 292 294 295 296 297 298 299 300 301 302 303 304 305 306 307 308 309 311 312 313 314 315 316 317 318 319 320 321 322 323 325 326 327 328 329 330 332 333 334 335 336 337 338 339 340 341 342 344 345 346 347 348 349 350 352 353 355 356 357 359 360 361 362 363 364 365 366 367 368 369 370 371 372 373 374 375 376 378 379 380 382 383 384 385 386 387 388 389 390 391 392 393 395 396 397 398 399 400 401 403 404 405 406 407 408 409 410 411 414 415 416 417 418 419 420 421 422 423 424 426 427 428 429 430 431 432 433 434 436 437 439 440 441 442 443 444 446 447 448 449 451 452 454 455 456 457 458 459 461 462 463 464 465 466 467 470 471 472 474 476 477 478 479 480 481 482 484 485 486 487 488 489 490 491 492 493 494 496 497 498 501 502 503 504 505 506 507 508 509 510 511 512 513 514 515 516 517 518 519 520 521 522 523 524 525 526 527 528 529 531 532 533 534 535 536 537 538 539 540 543 544 545 546 547 548 549 550 551 552 553 554 555 556 557 558 559 560 561 562 563 564 565 566 567 568 569 570 571 572 573 574 575 576 577 578 579 582 583 584 585 586 587 588 589 590 591 593 594 595 596 597 598 599 600 601 603 605 607 608 609 610 611 612 613 614 615 616 617 618 619 620 621 622 623 624 625 626 627 629 630 631 632 633 634 635 636 637 638 639 640 641 642 643 644 645 646 647 648 649 650 651 652 653 654 655 656 657 658 659 660 661 662 663 664 666 667 668 669 670 671 672 673 674 675 676 677 678 679 680 681 682 683 684 685 686 687 688 689 690 691 693 694 695 696 697 698 700 701 702 703 704 705 706 708 709 710 711 712 713 714 715 716 717 718 719 720 721 722 724 725 726 727 728 729 730 731 732 733 734 735 736 737 738 739 740 741 742 743 744 745 746 747 748 749 750 751 752 753 754 755 756 757 758 759 762 764 765 766 767 768 769 770 771 772 773 774 775 776 777 778 779 780 781 782 783 784 785 786 787 788 789 790 791 792 793 794 795 796 797 798 799 801 802 803 804 805 806 807 808 809 810 811 813 814 815 816 817 818 819 820 821 822 823 824 825 826 827 828 829 830 831 832 833 834 836 837 838 839 840 841 842 843 844 845 846 847 848 849 850 851 852 853 854 855 856 857 858 859 860 861 862 863 864 865 866 868 869 870 871 872 873 874 875 876 877 878 879 880 881 882 883 885 886 887 888 889 891 892 893 894 895 896 897 898 899 900 901 902 903 904 905 906 907 908 909 910 911 912 913 914 915 916 917 919 920 921 922 923 924 925 926 927 928 929 930 931 932 933 934 935 936 937 938 941 942 943 944 945 946 947 948 949 950 951 952 953 954 955 956 957 958 959 960 961 962 963 964 965 966 967 968 969 970 971 972 973 974 975 976 977 978 979 980 981 982 983 984 985 986 987 988 989 991 992 993 994 995 996 997 998 999 1000 1001 1002 1003 1004 1006 1008 1009 1010 1011 1012 1013 1014 1015 1016 1017 1018 1019 1020 1021 1022 1023 1024 1025 1026 1027 1028 1029 1030 1031 1032 1033 1034 1035 1036 1037 1038 1039 1040 1041 1042 1044 1046 1047 1048 1049 1050 1051 1052 1053 1054 1055 1056 1057 1058 1059 1061 1062 1063 1064 1065 1066 1069 1070 1071 1072 1073 1074 1076 1077 1078 1079 1080 1081 1082 1083 1084 1085 1086 1087 1090 1091 1092 1094 1095 1096 1097 1098 1099 1100 1101 1102 1103 1104 1105 1106 1108 1109 1110 1111 1113 1114 1115 1116 1117 1118 1119 1120 1121 1122 1123 1124 1125 1126 1127 1128 1129 1130 1131 1132 1133 1134 1135 1136 1137 1138 1139 1140 1141 1142 1143 1144 1145 1146 1147 1148 1149 1150 1152 1153 1154 1155 1156 1157 1158 1159 1160 1161 1162 1163 1164 1165 1166 1167 1168 1169 1170 1172 1173 1174 1175 1176 1177 1178 1179 1180 1182 1183 1184 1185 1186 1187 1188 1190 1191 1192 1193 1194 1196 1197 1198 1199 1200 1201 1202 1203 1204 1205 1206 1207 1208 1211 1212 1213 1214 1215 1216 1217 1218 1219 1220 1221 1222 1223 1224 1229 1230 1231 1232 1233 1234 1235 1236 1237 1238 1239 1240 1241 1242 1244 1246 1247 1248 1249 1250 1251 1253 1254 1255 1256 1257 1258 1259 1261 1263 1264 1265 1266 1267 1268 1269 1270 1271 1272 1273 1274 1275 1276 1277 1278 1279 1280 1281 1282 1284 1285 1286 1287 1288 1289 1290 1291 1292 1293 1294 1295 1296 1298 1301 1302 1303 1304 1306 1307 1308 1309 1310 1311 1312 1313 1314 1315 1316 1317 1318 1319 1320 1321 1322 1323 1324 1325 1326 1327 1328 1329 1330 1331 1332 1333 1334 1335 1336 1337 1338 1339 1340 1341 1342 1343 1344 1345 1346 1347 1348 1349 1350 1351 1352 1353 1354 1355 1356 1357 1358 1359 1360 1361 1362 1363 1364 1365 1366 1367 1368 1369 1370 1371 1372 1373 1374 1375 1376 1377 1378 1379 1380 1381 1382 1383 1384 1385 1386 1387 1388 1389 1390 1391 1392 1393 1394 1395 1396 1397 1398 1399 1400 1401 1402 1403 1404 1405 1406 1407 1408 1410 1411 1412 1414 1416 1417 1418 1419 1420 1421 1423 1424 1425 1426 1427 1428 1430 1431 1432 1433 1434 1435 1436 1437 1438 1439 1440 1441 1442 1443 1444 1445 1446 1447 1448 1449 1450 1451 1452 1454 1455 1456 1457 1459 1460 1461 1462 1463 1464 1465 1466 1467 1468 1469 1470 1471 1472 1473 1474 1475 1477 1478 1479 1480 1481 1482 1483 1484 1485 1486 1487 1488 1490 1491 1493 1495 1496 1497 1498 1499 1501 1502 1503 1504 1505 1506 1507 1509 1510 1513 1515 1516 1517 1518 1519 1520 1521 1522 1523 1524 1525 1526 1527 1528 1529 1530 1531 1532 1533 1534 1535 1536 1537 1538 1539 1540 1541 1542 1543 1544 1545 1546 1547 1549 1550 1551 1552 1553 1554 1555 1556 1557 1558 1559 1560 1561 1562 1563 1564 1565 1566 1567 1568 1569 1570 1571 1572 1573 1574 1575 1576 1577 1578 1580 1581 1582 1583 1584 1585 1586 1587 1588 1589 1590 1591 1592 1593 1594 1595 1596 1597 1598 1599 1600 1601 1602 1603 1605 1606 1607 1609 1611 1612 1613 1614 1615 1617 1618 1619 1620 1621 1622 1623 1625 1626 1627 1628 1629 1630 1632 1633 1634 1635 1636 1637 1638 1639 1641 1642 1643 1644 1647 1648 1649 1650 1651 1652 1653 1654 1655 1656 1657 1658 1659 1660 1661 1662 1663 1664 1665 1667 1668 1669 1670 1671 1672 1673 1675 1676 1677 1678 1679 1680 1681 1682 1683 1684 1685 1686 1687 1688 1690 1691 1692 1693 1694 1695 1696 1697 1698 1699 1700 1701 1702 1703 1704 1705 1706 1707 1708 1712 1713 1714 1715 1718 1719 1720 1721 1722 1723 1724 1725 1727 1728 1729 1730 1731 1732 1733 1734 1735 1736 1739 1741 1742 1743 1744 1745 1748 1749 1750 1751 1752 1753 1754 1755 1756 1757 1758 1759 1761 1762 1763 1764 1765 1766 1767 1768 1769 1770 1771 1772 1774 1775 1776 1777 1778 1779 1780 1781 1782 1783 1784 1785 1786 1787 1788 1789 1790 1791 1792 1793 1794 1795 1796 1797 1798 1799 1800 1801 1802 1803 1804 1805 1806 1807 1808 1809 1810 1811 1812 1813 1814 1815 1816 1817 1819 1820 1823 1824 1825 1826 1827 1828 1829 1830 1831 1834 1835 1836 1837 1841 1842 1843 1844 1845 1846 1847 1848 1849 1852 1853 1854 1855 1856 1857 1858 1859 1860 1861 1863 1864 1865 1866 1867 1868 1869 1870 1871 1872 1873 1874 1875 1876 1877 1878 1879 1880 1881 1882 1883 1884 1885 1886 1887 1888 1889 1890 1891 1892 1893 1897 1898 1899 1900 1901 1902 1903 1904 1905 1907 1909 1912 1913 1914 1915 1916 1917 1918 1919 1920 1922 1923 1924 1925 1926 1927 1928 1929 1930 1931 1932 1933 1934 1935 1936 1937 1938 1939 1940 1941 1942 1943 1944 1945 1946 1950 1951 1952 1953 1954 1955 1956 1957 1958 1959 1960 1961 1962 1963 1964 1965 1966 1967 1968 1970 1971 1972 1973 1974 1975 1976 1977 1978 1979 1980 1981 1982 1983 1984 1985 1986 1987 1988 1989 1990 1991 1997 1998 1999 2000 2002 2003 2004 2006 2007 2008 2011 2012 2013 2014 2015 2016 2018 2019 2021 2022 2023 2024 2025 2026 2027 2028 2029 2030 2031 2032 2033 2034 2035 2036 2037 2038 2039 2042 2043 2044 2045 2046 2047 2048 0
1 3 4 6 7 8 9 10 11 12 13 14 15 16 18 19 20 21 22 23 24 25 26 27 28 29 30 31 32 0

5
1 3 4 5 7 8 10 11 13 15 16 17 18 20 23 25 27 28 29 30 31 32 33 37 39 40 47 49 52 54 55 56 57 59 61 65 68 69 70 71 72 73 74 75 76 80 81 84 86 87 88 89 90 91 92 94 96 97 98 100 102 103 104 105 106 108 112 113 115 116 117 118 119 120 121 122 123 125 128 129 130 131 133 134 135 136 137 138 139 141 144 145 147 148 149 150 154 155 156 157 158 159 161 163 164 166 167 168 169 170 171 172 173 174 175 176 177 178 179 182 183 184 185 186 187 188 189 191 192 193 194 197 199 200 201 202 203 204 205 207 208 209 212 214 215 216 219 220 221 222 225 226 227 229 230 231 232 233 234 235 236 237 238 240 241 244 245 246 247 248 249 250 251 252 253 254 255 256 257 258 259 260 261 264 266 267 268 269 270 271 272 273 274 275 276 277 278 279 280 282 283 284 285 286 287 288 289 292 293 294 295 297 299 301 303 304 305 306 308 309 311 312 313 314 315 317 318 320 321 324 326 327 328 329 330 331 332 334 335 336 337 338 339 340 341 342 343 344 345 346 347 349 350 351 353 355 356 357 358 359 360 361 362 363 364 366 367 368 371 372 373 375 376 377 378 380 382 383 385 387 388 389 390 391 392 394 396 397 398 399 400 401 403 404 406 407 408 410 411 412 413 416 417 419 420 421 422 423 424 425 426 427 430 431 432 433 434 435 436 437 438 439 440 441 442 444 445 446 448 449 450 452 453 454 459 460 461 462 463 464 465 466 467 468 470 471 472 473 475 476 477 478 479 480 481 483 485 486 487 489 491 492 494 495 497 498 499 500 501 504 506 507 508 509 510 511 512 513 514 515 516 517 522 523 524 525 526 527 528 529 530 531 532 536 537 538 539 542 543 545 546 547 550 551 552 553 554 555 556 558 559 560 561 562 563 564 565 566 567 568 569 570 571 572 574 575 578 581 582 583 584 585 586 588 589 590 591 592 596 597 598 600 601 602 604 605 606 607 608 609 611 612 613 614 616 618 619 620 621 622 623 624 627 628 629 631 632 633 634 635 636 637 638 639 640 643 644 646 647 648 649 650 651 652 653 654 655 659 660 661 662 663 664 666 667 668 669 670 671 675 676 677 679 680 681 682 683 684 685 686 687 691 692 693 694 695 696 697 698 699 700 701 702 703 704 706 707 708 709 710 712 713 714 717 719 720 722 723 724 725 726 727 728 729 730 731 732 733 734 735 736 737 738 740 741 742 743 744 746 747 748 749 751 752 753 754 755 762 765 766 767 768 769 770 771 772 773 774 775 776 777 778 779 780 781 782 783 784 786 787 788 791 792 793 794 795 796 802 803 804 805 807 808 809 810 811 812 814 815 816 818 819 820 821 822 824 825 828 829 830 831 834 835 836 837 838 839 842 843 844 845 846 847 848 849 850 851 854 855 856 857 858 861 863 865 866 867 868 869 870 872 873 874 875 878 879 883 886 887 888 889 890 891 892 893 894 895 898 900 901 902 904 906 908 909 910 914 915 916 917 919 920 921 922 923 924 925 926 927 928 931 932 934 935 936 939 940 942 946 949 950 951 952 953 954 955 956 957 959 960 961 962 963 964 965 966 967 968 969 970 971 972 973 974 976 978 979 980 981 982 983 984 985 986 987 988 989 991 993 994 996 997 998 999 1000 1001 1004 1005 1006 1007 1008 1009 1010 1011 1012 1013 1014 1015 1016 1017 1018 1019 1020 1021 1022 1023 1024 1031 1035 1036 1037 1038 1039 1040 1041 1045 1046 1047 1048 1049 1050 1052 1054 1057 1061 1063 1064 1065 1066 1067 1068 1069 1073 1075 1076 1077 1078 1079 1080 1081 1082 1083 1084 1085 1087 1089 1091 1092 1094 1096 1097 1098 1099 1100 1101 1105 1106 1108 1109 1110 1111 1112 1113 1114 1115 1116 1119 1121 1122 1123 1124 1125 1127 1131 1135 1136 1137 1140 1141 1144 1145 1146 1147 1148 1152 1153 1157 1158 1159 1161 1162 1163 1164 1168 1169 1170 1172 1173 1174 1175 1176 1177 1178 1179 1180 1181 1182 1183 1184 1185 1186 1187 1188 1189 1191 1192 1193 1196 1197 1200 1201 1202 1203 1204 1206 1207 1208 1209 1211 1212 1213 1214 1217 1218 1219 1220 1221 1222 1223 1224 1225 1226 1227 1228 1229 1230 1231 1233 1235 1236 1237 1238 1239 1240 1241 1242 1247 1249 1250 1251 1252 1253 1254 1255 1256 1257 1258 1259 1260 1261 1262 1263 1264 1265 1266 1267 1268 1269 1270 1271 1272 1273 1274 1275 1276 1277 1278 1279 1280 1281 1282 1283 1285 1286 1287 1288 1289 1290 1292 1293 1294 1295 1296 1297 1300 1301 1307 1308 1309 1310 1311 1312 1313 1315 1316 1318 1319 1322 1323 1324 1327 1328 1329 1334 1335 1336 1337 1338 1339 1340 1341 1344 1345 1350 1351 1352 1353 1354 1355 1356 1361 1368 1369 1370 1372 1375 1376 1377 1380 1381 1384 1385 1386 1387 1388 1389 1392 1393 1396 1397 1398 1401 1404 1405 1406 1408 1410 1411 1413 1415 1417 1418 1420 1421 1422 1423 1424 1425 1427 1428 1430 1431 1433 1434 1436 1437 1438 1440 1441 1443 1445 1447 1449 1450 1452 1453 1454 1456 1458 1461 1462 1463 1466 1467 1468 1469 1470 1471 1472 1473 1474 1477 1478 1479 1480 1481 1482 1483 1484 1485 1488 1489 1491 1492 1495 1498 1499 1502 1503 1504 1505 1508 1509 1510 1511 1512 1513 1514 1515 1516 1517 1518 1519 1520 1522 1523 1524 1531 1532 1533 1534 1535 1536 1537 1540 1541 1542 1543 1544 1545 1547 1548 1549 1550 1551 1552 1553 1554 1555 1556 1561 1563 1567 1568 1569 1570 1571 1572 1573 1575 1576 1577 1579 1580 1581 1582 1584 1585 1586 1587 1588 1589 1590 1591 1592 1593 1595 1597 1599 1600 1601 1602 1605 1606 1607 1608 1609 1610 1611 1614 1615 1616 1617 1619 1621 1622 1623 1624 1625 1626 1630 1631 1633 1634 1636 1637 1638 1639 1642 1643 1646 1647 1649 1650 1651 1652 1654 1655 1657 1660 1662 1663 1665 1666 1667 1668 1669 1670 1671 1672 1674 1676 1678 1679 1681 1682 1683 1685 1687 1688 1689 1690 1691 1692 1693 1694 1695 1697 1699 1700 1701 1702 1703 1704 1705 1706 1707 1708 1709 1710 1711 1713 1714 1715 1716 1717 1719 1720 1722 1723 1725 1726 1727 1729 1731 1732 1733 1734 1736 1738 1739 1740 1741 1742 1744 1745 1747 1749 1750 1751 1752 1754 1755 1756 1757 1758 1760 1761 1763 1765 1766 1767 1768 1769 1771 1772 1773 1774 1776 1777 1778 1779 1780 1781 1782 1783 1784 1785 1786 1787 1789 1790 1791 1792 1793 1797 1798 1799 1800 1801 1802 1803 1804 1805 1806 1807 1808 1809 1810 1811 1812 1813 1814 1815 1816 1817 1818 1819 1820 1822 1823 1824 1825 1826 1827 1828 1829 1832 1835 1836 1839 1840 1841 1842 1843 1844 1848 1849 1852 1853 1856 1857 1863 1864 1865 1866 1867 1869 1870 1872 1878 1880 1881 1882 1883 1885 1886 1887 1888 1891 1897 1898 1899 1901 1902 1903 1906 1907 1908 1912 1913 1914 1915 1918 1919 1922 1923 1924 1925 1926 1927 1928 1931 1932 1934 1935 1938 1939 1940 1941 1943 1947 1948 1949 1950 1951 1955 1956 1957 1958 1959 1960 1961 1962 1963 1964 1965 1967 1971 1972 1973 1974 1975 1976 1977 1979 1980 1981 1982 1986 1987 1988 1990 1991 1992 1995 1996 1998 1999 2000 2002 2003 2004 2005 2006 2007 2008 2009 2010 2011 2012 2014 2016 2019 2020 2021 2022 2023 2024 2029 2032 2033 2034 2036 2037 2038 2039 2040 2041 2042 2044 2045 2046 0
3 5 8 9 10 11 12 13 14 15 16 17 19 20 21 22 23 24 26 28 29 0

6
1 2 3 4 5 6 7 8 9 10 11 12 14 15 16 17 18 19 20 21 22 23 24 26 27 28 30 31 32 33 34 35 36 37 38 39 40 41 42 43 44 45 46 47 48 49 50 51 52 53 54 55 57 58 59 60 61 62 63 64 65 66 67 68 69 70 71 72 73 74 75 76 77 78 79 81 82 83 84 85 86 87 88 89 90 91 92 93 94 95 96 97 98 99 100 101 102 103 104 105 106 107 108 109 110 111 112 113 114 115 116 117 118 119 120 121 122 123 124 125 126 128 129 130 131 132 133 134 135 136 137 138 139 140 141 143 144 145 146 147 148 149 150 151 152 153 154 155 156 157 158 159 160 161 162 163 164 165 166 167 168 169 170 171 172 173 174 175 176 177 180 181 182 183 184 185 186 187 188 190 191 192 193 194 195 196 197 198 199 200 201 202 204 205 206 207 208 209 210 211 212 213 214 215 216 217 218 219 220 221 223 224 225 226 228 230 231 232 233 234 235 236 238 239 241 242 243 244 245 246 248 251 252 253 254 255 256 257 259 260 261 262 263 264 265 266 267 268 269 270 271 273 274 276 277 278 279 280 281 282 283 284 285 286 287 288 289 290 292 293 294 295 298 299 300 301 302 303 304 305 306 307 308 309 310 311 313 315 316 317 318 319 320 321 322 323 324 325 326 327 329 330 332 333 334 335 336 337 339 340 341 342 343 344 346 347 348 349 350 351 352 353 354 355 356 357 358 359 360 361 363 364 365 366 367 368 369 370 371 372 374 375 376 379 380 381 382 384 385 386 387 388 390 391 392 393 394 395 396 397 398 399 400 401 402 403 404 405 406 407 408 409 410 411 412 413 414 415 416 417 418 419 421 422 423 424 425 426 427 428 430 431 432 433 434 435 436 438 439 440 441 442 443 444 445 446 447 448 449 451 452 453 454 456 458 459 460 462 463 464 465 466 467 468 469 470 471 472 473 474 475 476 477 478 479 480 481 482 483 484 485 486 487 488 489 490 491 492 493 494 495 496 497 498 499 501 502 503 504 505 506 507 508 509 510 511 512 513 517 518 519 520 521 522 523 524 525 526 527 528 529 532 533 534 535 536 537 538 539 540 541 542 543 545 546 547 549 551 552 553 554 555 556 557 558 559 560 561 563 565 566 567 568 569 570 571 572 573 574 575 576 577 578 579 580 581 582 583 584 585 586 587 588 591 593 594 595 596 597 598 599 601 602 603 604 606 607 608 609 610 611 612 615 616 617 618 619 620 621 622 623 624 625 626 627 628 629 630 631 632 633 634 635 636 637 638 639 640 641 643 644 645 646 647 648 649 650 651 652 653 654 655 656 657 658 659 660 661 662 663 664 665 666 667 668 669 670 671 672 673 674 675 676 677 678 680 681 682 684 685 686 687 688 690 691 692 693 694 695 696 697 698 699 700 701 702 703 704 705 706 707 708 709 710 711 712 713 714 715 716 717 718 719 720 721 723 724 725 726 727 728 729 730 731 732 733 734 735 737 739 742 743 744 745 746 747 748 749 750 751 753 754 755 756 757 758 759 760 761 762 763 764 765 766 767 768 770 771 772 773 774 775 776 777 778 779 780 781 782 783 784 785 786 787 788 789 790 791 792 793 794 795 796 797 798 799 800 801 803 804 805 806 807 808 809 810 811 812 813 814 815 816 817 818 819 820 821 822 823 824 825 826 827 828 829 830 831 832 833 834 835 836 837 838 839 840 841 842 843 845 846 847 849 850 851 852 853 855 856 857 858 859 860 861 862 863 864 865 866 867 868 869 870 871 872 873 874 875 876 877 878 879 880 881 882 883 884 885 887 888 889 890 891 892 893 894 895 896 897 898 899 900 901 902 903 904 906 907 908 909 911 912 913 914 915 916 917 918 919 920 921 922 923 924 925 926 927 928 929 930 932 933 934 935 936 937 938 939 940 941 942 943 944 945 946 947 948 949 950 951 952 953 954 955 956 957 958 959 960 961 962 963 964 965 966 967 968 969 970 971 972 973 974 975 976 977 978 979 980 981 982 983 984 985 986 987 988 989 990 991 992 993 997 998 999 1000 1001 1002 1003 1004 1005 1006 1007 1008 1009 1010 1011 1012 1013 1014 1015 1016 1017 1018 1019 1020 1021 1022 1023 1024 1025 1026 1027 1028 1029 1030 1031 1032 1033 1039 1040 1041 1042 1043 1044 1045 1046 1047 1048 1049 1050 1051 1052 1053 1054 1057 1058 1059 1060 1061 1062 1063 1064 1065 1066 1067 1068 1069 1070 1071 1072 1073 1074 1075 1076 1077 1078 1079 1080 1081 1083 1084 1085 1087 1088 1089 1090 1091 1094 1095 1096 1097 1098 1099 1100 1101 1102 1103 1104 1105 1106 1108 1109 1110 1111 1112 1113 1114 1115 1116 1118 1119 1120 1121 1122 1123 1125 1126 1127 1128 1129 1130 1131 1132 1134 1135 1136 1137 1138 1139 1140 1141 1143 1144 1145 1146 1148 1149 1150 1151 1152 1153 1154 1155 1156 1159 1160 1161 1162 1163 1164 1165 1167 1168 1169 1171 1172 1173 1174 1175 1176 1177 1178 1180 1181 1182 1183 1184 1185 1187 1188 1189 1190 1191 1192 1193 1194 1195 1196 1197 1198 1200 1201 1202 1203 1205 1208 1209 1210 1211 1212 1213 1214 1215 1217 1218 1220 1221 1222 1223 1224 1225 1226 1227 1228 1229 1230 1231 1232 1233 1237 1238 1239 1240 1241 1242 1243 1245 1246 1247 1248 1249 1250 1251 1253 1254 1255 1256 1257 1258 1262 1263 1264 1266 1267 1268 1269 1270 1271 1272 1273 1274 1275 1276 1277 1278 1279 1280 1282 1283 1285 1286 1287 1288 1289 1290 1291 1293 1294 1295 1296 1298 1302 1303 1304 1305 1306 1307 1308 1309 1310 1311 1312 1313 1314 1315 1316 1318 1319 1320 1321 1322 1324 1325 1326 1327 1328 1330 1331 1333 1335 1336 1337 1338 1339 1340 1341 1342 1343 1344 1346 1347 1348 1349 1350 1351 1352 1353 1354 1355 1356 1357 1358 1359 1360 1361 1362 1363 1364 1365 1366 1367 1368 1369 1370 1371 1372 1373 1374 1375 1376 1377 1379 1380 1381 1382 1383 1385 1386 1387 1388 1389 1390 1391 1392 1393 1394 1395 1396 1397 1398 1399 1400 1401 1402 1403 1404 1405 1406 1407 1408 1409 1410 1411 1412 1413 1414 1415 1416 1417 1419 1420 1421 1422 1423 1424 1425 1426 1427 1428 1429 1430 1431 1432 1433 1434 1435 1436 1437 1438 1439 1440 1443 1444 1445 1446 1447 1448 1449 1450 1451 1453 1454 1455 1456 1457 1458 1459 1460 1461 1462 1463 1464 1465 1466 1467 1468 1469 1470 1471 1472 1473 1474 1475 1476 1477 1478 1479 1480 1481 1482 1483 1484 1485 1486 1487 1488 1489 1490 1491 1492 1493 1494 1495 1496 1497 1498 1499 1500 1501 1505 1506 1507 1508 1509 1510 1511 1512 1513 1514 1515 1516 1518 1519 1520 1521 1522 1523 1524 1525 1526 1527 1528 1529 1530 1531 1532 1533 1534 1535 1537 1539 1541 1542 1543 1544 1547 1549 1550 1552 1553 1557 1559 1560 1561 1562 1563 1566 1567 1568 1569 1570 1572 1573 1574 1577 1578 1579 1580 1581 1582 1583 1584 1585 1586 1588 1589 1590 1591 1592 1593 1594 1595 1596 1597 1598 1599 1600 1601 1602 1603 1605 1607 1608 1609 1610 1611 1612 1613 1615 1616 1617 1618 1619 1620 1621 1622 1623 1624 1625 1626 1627 1628 1629 1630 1631 1632 1633 1634 1635 1636 1637 1638 1639 1640 1641 1642 1643 1644 1645 1646 1647 1648 1649 1650 1651 1652 1653 1654 1655 1656 1657 1658 1659 1660 1661 1662 1663 1664 1665 1666 1668 1669 1670 1671 1672 1673 1674 1675 1676 1677 1678 1679 1680 1681 1682 1683 1684 1685 1686 1688 1689 1690 1691 1692 1693 1694 1695 1696 1697 1698 1699 1700 1701 1702 1703 1704 1705 1706 1707 1708 1709 1710 1712 1713 1714 1715 1717 1718 1719 1720 1721 1722 1723 1724 1726 1727 1728 1729 1732 1733 1734 1735 1736 1737 1738 1739 1740 1742 1743 1744 1745 1747 1748 1749 1751 1752 1753 1754 1756 1758 1759 1760 1761 1764 1765 1766 1767 1768 1769 1770 1771 1774 1776 1777 1780 1781 1782 1783 1784 1785 1786 1787 1788 1789 1790 1791 1797 1800 1801 1802 1803 1804 1805 1806 1807 1808 1809 1813 1816 1817 1818 1819 1820 1821 1822 1823 1824 1825 1828 1829 1830 1831 1832 1833 1834 1835 1836 1837 1838 1839 1840 1844 1845 1846 1847 1848 1849 1850 1851 1852 1853 1854 1855 1857 1858 1859 1860 1861 1862 1863 1864 1865 1866 1867 1868 1869 1870 1871 1873 1875 1876 1877 1878 1879 1880 1881 1883 1884 1885 1886 1887 1888 1889 1891 1892 1893 1894 1895 1896 1897 1898 1899 1900 1901 1902 1904 1905 1906 1907 1908 1909 1910 1911 1912 1913 1914 1915 1916 1917 1918 1920 1921 1925 1926 1927 1928 1930 1931 1932 1933 1934 1936 1940 1941 1942 1943 1944 1945 1946 1947 1949 1950 1951 1952 1956 1957 1958 1959 1960 1961 1962 1963 1965 1966 1967 1968 1971 1973 1974 1975 1976 1977 1978 1979 1980 1981 1982 1985 1986 1987 1988 1989 1990 1991 1992 1993 1994 1995 1996 1997 1998 1999 2001 2002 2003 2004 2005 2009 2010 2013 2014 2015 2016 2017 2018 2019 2020 2021 2022 2023 2024 2026 2029 2030 2031 2032 2033 2035 2036 2037 2040 2041 2042 2043 2044 2045 2046 2047 2048 0
2 3 4 5 9 10 11 15 16 17 18 20 21 22 23 24 26 28 29 30 31 32 0

7
1 2 3 4 5 6 7 8 9 10 11 12 13 14 16 17 18 19 20 21 22 23 24 25 26 27 28 29 30 32 33 34 35 36 37 38 39 40 41 42 43 44 45 47 48 49 50 51 52 53 54 55 56 57 58 59 60 61 62 64 65 66 67 68 69 70 71 72 73 74 75 76 77 79 80 81 82 83 84 85 86 87 88 89 90 91 92 95 97 98 99 100 101 102 103 104 105 106 107 108 110 111 112 113 114 115 116 117 119 120 121 122 123 125 127 128 129 130 131 132 133 134 135 136 137 138 139 140 143 144 145 146 147 148 149 150 151 152 153 154 155 156 157 159 160 161 162 163 165 166 167 168 169 171 172 173 175 176 177 178 179 180 181 182 183 184 185 186 187 188 189 191 192 193 194 195 197 198 199 200 202 203 204 205 206 208 209 210 211 212 213 215 217 218 219 220 221 222 224 225 226 227 228 229 230 231 232 233 234 235 236 237 238 239 240 241 242 243 245 246 247 248 249 250 251 252 253 254 255 256 257 258 259 260 261 262 263 264 265 266 267 268 269 270 271 272 273 274 276 277 279 280 281 282 283 285 286 287 288 289 290 291 292 294 295 296 297 298 299 300 301 302 303 304 305 306 307 309 310 312 313 314 315 317 318 320 321 322 323 324 325 326 327 328 329 330 331 333 334 336 337 338 339 341 342 343 344 345 346 348 349 350 351 352 353 355 356 358 359 360 361 362 363 364 365 366 368 369 370 374 375 376 377 378 379 380 381 383 384 385 386 387 388 389 390 391 392 394 395 396 397 398 399 400 401 403 404 405 406 407 408 410 412 413 414 415 416 417 418 419 420 421 422 424 425 426 427 428 429 430 431 432 433 434 435 436 437 438 439 440 441 442 443 444 445 446 448 449 450 452 453 454 455 456 457 458 459 460 461 462 463 464 465 466 467 468 469 470 471 472 473 474 475 476 477 478 479 480 481 482 483 484 485 486 487 488 489 490 491 492 493 494 495 496 497 498 500 501 502 503 504 505 506 507 508 509 510 511 512 513 514 515 516 517 518 519 520 521 522 523 524 525 526 527 528 529 530 531 532 533 534 535 536 538 539 540 541 542 543 544 545 546 547 548 549 550 551 552 554 555 556 557 558 559 560 561 562 563 564 565 566 567 568 569 570 572 573 574 575 576 577 578 579 580 581 582 583 584 585 586 588 589 590 591 593 594 595 596 597 598 599 600 602 603 604 606 607 608 609 610 611 612 613 614 615 616 617 618 619 620 621 622 623 624 625 626 627 628 629 631 632 633 634 635 636 637 638 639 640 641 642 643 644 645 647 648 649 650 651 652 653 654 655 656 657 658 659 660 662 663 664 665 666 667 668 669 670 671 672 673 674 675 678 681 682 684 685 686 687 688 689 690 691 692 693 694 697 698 701 702 703 704 705 706 707 708 709 711 712 713 714 715 716 717 718 719 721 723 724 725 726 727 728 729 730 731 732 734 735 736 737 738 739 740 741 742 743 744 746 748 749 750 751 752 757 758 760 761 762 763 764 765 768 769 770 771 772 773 774 775 776 777 778 779 780 781 782 783 784 785 786 787 788 789 790 791 792 793 794 795 796 797 798 799 800 801 802 803 804 805 806 808 809 810 811 812 813 815 816 817 820 823 824 825 826 827 828 829 830 831 832 833 834 835 836 838 839 840 841 842 843 844 845 846 847 848 849 852 853 854 855 856 858 859 860 861 862 863 864 865 866 867 868 869 870 871 872 873 874 875 876 877 880 881 885 886 887 888 889 890 891 892 893 894 895 896 897 898 899 900 901 902 903 904 905 907 908 909 910 911 912 913 915 916 917 919 920 921 923 924 925 926 927 929 930 931 932 933 934 935 936 938 940 941 942 943 944 945 946 947 948 949 950 952 953 954 955 956 957 960 961 962 963 964 965 966 967 968 969 970 971 972 973 974 975 976 977 978 979 981 982 984 986 987 988 989 990 991 992 993 994 995 996 997 998 999 1000 1002 1003 1004 1005 1006 1007 1008 1009 1010 1011 1012 1013 1014 1015 1016 1017 1018 1019 1020 1021 1022 1023 1024 1025 1026 1027 1028 1029 1030 1031 1032 1033 1034 1035 1036 1037 1038 1039 1040 1041 1043 1044 1045 1046 1047 1048 1049 1050 1051 1052 1053 1054 1055 1056 1057 1058 1059 1060 1061 1062 1063 1064 1065 1066 1067 1068 1069 1071 1072 1073 1074 1075 1076 1077 1078 1079 1080 1081 1082 1083 1084 1085 1086 1087 1088 1089 1090 1091 1092 1093 1094 1095 1096 1099 1101 1102 1103 1104 1105 1106 1107 1108 1109 1110 1111 1112 1113 1114 1116 1118 1119 1120 1121 1122 1123 1124 1125 1126 1127 1129 1130 1131 1132 1134 1135 1136 1137 1138 1139 1140 1141 1142 1144 1145 1146 1147 1148 1149 1150 1151 1152 1153 1154 1155 1156 1157 1158 1160 1161 1162 1163 1164 1165 1166 1167 1168 1169 1170 1171 1172 1173 1174 1175 1176 1178 1179 1180 1181 1182 1183 1184 1185 1186 1187 1188 1189 1190 1191 1192 1193 1194 1195 1196 1198 1199 1200 1201 1202 1203 1204 1205 1207 1208 1209 1210 1211 1212 1213 1214 1215 1216 1217 1218 1219 1220 1221 1222 1223 1224 1225 1226 1227 1228 1229 1230 1231 1232 1233 1234 1235 1236 1238 1239 1240 1245 1249 1250 1251 1252 1253 1254 1255 1256 1257 1258 1259 1260 1261 1262 1263 1264 1265 1266 1267 1268 1269 1270 1271 1272 1273 1274 1275 1276 1277 1278 1279 1280 1281 1282 1283 1284 1285 1286 1287 1288 1289 1290 1291 1292 1293 1294 1295 1296 1297 1298 1299 1300 1301 1302 1303 1304 1305 1306 1307 1309 1310 1311 1312 1313 1314 1315 1316 1317 1318 1319 1321 1322 1323 1324 1325 1326 1327 1328 1329 1330 1331 1332 1333 1334 1335 1337 1338 1339 1340 1342 1343 1344 1345 1346 1347 1348 1349 1350 1351 1353 1354 1355 1356 1357 1358 1359 1360 1361 1362 1363 1364 1365 1368 1370 1371 1374 1375 1376 1377 1378 1379 1380 1381 1383 1384 1385 1387 1388 1391 1392 1393 1394 1395 1396 1397 1398 1399 1400 1402 1403 1404 1405 1406 1407 1408 1409 1410 1411 1412 1414 1415 1416 1418 1419 1420 1421 1422 1423 1424 1425 1426 1427 1428 1429 1432 1433 1434 1436 1437 1438 1439 1440 1441 1442 1443 1444 1445 1447 1450 1451 1452 1453 1454 1455 1456 1457 1458 1459 1460 1462 1463 1464 1466 1468 1469 1470 1471 1472 1473 1474 1475 1477 1478 1479 1480 1481 1482 1483 1484 1485 1486 1487 1488 1489 1490 1491 1492 1495 1496 1497 1498 1499 1500 1501 1502 1503 1504 1505 1506 1507 1508 1509 1510 1511 1512 1513 1514 1515 1516 1517 1518 1519 1520 1521 1522 1523 1524 1525 1526 1527 1528 1529 1530 1531 1532 1534 1536 1537 1538 1539 1540 1541 1542 1543 1544 1545 1546 1547 1548 1549 1550 1552 1553 1555 1556 1557 1559 1560 1561 1562 1563 1564 1565 1566 1567 1568 1569 1570 1571 1572 1573 1575 1576 1577 1578 1579 1580 1581 1582 1583 1584 1585 1586 1587 1589 1591 1592 1593 1594 1595 1596 1597 1600 1601 1602 1604 1605 1606 1607 1609 1611 1613 1614 1615 1617 1618 1619 1621 1622 1623 1625 1626 1627 1628 1631 1632 1633 1634 1636 1637 1638 1639 1641 1642 1643 1644 1648 1649 1650 1653 1654 1655 1657 1658 1659 1660 1662 1663 1665 1666 1668 1669 1670 1671 1672 1673 1674 1675 1676 1677 1678 1679 1680 1681 1682 1683 1684 1686 1687 1688 1689 1690 1691 1692 1693 1694 1695 1696 1697 1698 1699 1700 1701 1702 1703 1704 1705 1706 1707 1708 1709 1710 1711 1713 1714 1715 1716 1717 1718 1720 1721 1722 1723 1724 1725 1726 1727 1728 1729 1730 1731 1732 1733 1734 1735 1736 1737 1738 1739 1740 1741 1742 1744 1745 1746 1747 1748 1749 1750 1751 1752 1753 1754 1755 1757 1759 1760 1761 1763 1764 1765 1766 1767 1768 1769 1770 1771 1772 1774 1775 1776 1777 1778 1779 1780 1781 1782 1783 1784 1785 1786 1787 1788 1789 1790 1791 1792 1793 1794 1795 1796 1797 1798 1799 1800 1801 1802 1803 1804 1805 1806 1807 1808 1809 1810 1811 1812 1813 1814 1815 1816 1817 1818 1819 1820 1821 1822 1823 1824 1825 1826 1827 1828 1829 1830 1831 1832 1834 1835 1836 1837 1838 1839 1840 1841 1842 1843 1844 1845 1846 1847 1848 1851 1852 1853 1854 1855 1856 1857 1858 1859 1860 1861 1862 1863 1866 1867 1868 1869 1871 1872 1873 1874 1875 1876 1877 1878 1879 1880 1881 1882 1884 1885 1887 1888 1889 1890 1891 1892 1893 1894 1895 1896 1897 1898 1899 1900 1901 1902 1903 1904 1905 1906 1907 1908 1909 1910 1912 1913 1914 1915 1916 1917 1919 1920 1921 1922 1923 1924 1925 1928 1929 1930 1931 1932 1933 1934 1935 1937 1938 1939 1940 1941 1942 1943 1944 1945 1946 1947 1948 1949 1950 1951 1953 1954 1955 1956 1957 1958 1959 1960 1961 1962 1963 1964 1965 1966 1968 1969 1972 1973 1975 1976 1977 1978 1979 1980 1981 1982 1985 1988 1989 1990 1991 1992 1993 1994 1995 1996 1997 2001 2002 2003 2004 2005 2006 2007 2008 2009 2010 2011 2012 2013 2014 2017 2018 2020 2021 2022 2023 2024 2028 2032 2033 2034 2035 2036 2037 2038 2039 2040 2041 2042 2044 2048 0
2 3 4 8 10 11 13 14 15 16 18 19 20 21 22 23 24 25 26 27 29 30 31 0

8
1 2 6 7 10 11 12 13 14 15 16 17 22 23 24 25 26 28 29 31 32 33 34 35 37 38 39 40 41 42 43 44 45 46 47 48 49 50 51 52 53 55 56 57 58 59 61 62 63 64 66 68 69 70 71 72 73 74 75 76 77 78 79 80 81 82 83 84 85 86 87 88 89 90 92 93 94 95 96 97 98 99 100 101 102 103 104 105 106 107 108 109 110 112 114 115 116 117 118 119 120 121 122 123 124 125 126 128 129 130 132 133 134 135 136 137 138 139 140 141 143 144 145 146 147 148 149 150 151 152 153 154 155 156 157 158 159 160 161 162 163 164 165 166 167 168 169 170 171 173 174 175 176 177 178 179 180 181 182 183 185 186 188 189 190 191 192 193 194 195 196 197 198 199 200 201 203 204 205 206 207 208 209 210 211 212 213 214 215 216 217 218 219 220 221 222 223 224 225 226 227 229 230 232 233 234 236 238 240 241 242 243 244 245 246 247 248 249 250 251 252 253 254 255 256 257 258 259 260 261 262 263 265 266 267 268 269 270 271 272 273 274 275 276 277 278 279 280 281 284 285 287 288 289 290 292 293 294 297 299 301 302 304 305 306 307 308 309 310 311 312 313 314 316 317 319 320 321 322 323 324 326 327 328 329 330 331 332 333 335 336 337 338 339 341 342 343 344 345 346 347 348 350 351 352 353 354 355 356 357 358 359 360 361 362 364 365 366 368 369 370 371 372 373 374 376 378 379 380 381 382 383 384 385 387 388 389 390 391 392 393 394 395 396 397 398 399 400 401 403 404 405 406 407 408 410 411 412 413 414 415 416 417 418 419 420 421 422 423 425 426 427 428 429 430 431 432 433 434 435 436 437 438 439 440 441 442 443 444 446 448 449 450 453 454 455 456 457 458 459 460 462 463 464 465 466 468 469 470 471 472 473 474 475 476 477 478 479 480 481 482 483 484 485 486 487 488 489 490 492 494 495 496 497 498 499 500 501 502 503 504 505 506 507 508 509 510 511 512 513 514 515 516 517 518 519 520 521 522 523 524 525 526 527 528 529 530 531 533 534 535 536 538 539 544 545 547 548 549 550 551 552 553 554 555 560 561 562 563 566 567 568 569 570 571 573 576 577 578 579 580 581 582 583 584 585 586 587 592 593 595 596 597 598 599 600 601 605 606 607 608 609 611 612 613 614 615 616 617 618 619 620 621 623 624 625 626 627 628 629 630 631 632 633 634 635 636 640 641 642 643 644 645 646 647 648 649 650 652 654 655 657 658 659 660 661 663 664 665 667 669 670 671 672 673 675 676 677 678 680 682 684 685 686 687 688 689 695 697 698 699 700 701 702 704 705 710 712 713 714 715 716 717 720 721 722 727 728 729 730 731 736 737 738 739 740 741 742 743 744 745 746 747 748 751 752 754 755 756 757 758 759 760 761 762 763 764 765 766 767 768 769 770 771 772 773 774 775 776 777 778 779 780 781 782 783 784 785 786 788 789 790 791 796 798 799 800 801 802 803 804 805 806 807 808 809 810 811 812 813 814 815 816 817 818 819 820 822 823 824 825 826 827 828 829 830 832 833 834 835 836 838 839 840 841 842 843 844 845 847 848 849 850 851 852 853 854 855 856 857 858 859 860 861 862 863 864 865 866 867 868 869 870 871 872 873 874 875 876 877 878 879 880 881 882 883 884 885 887 888 889 890 892 893 894 898 899 900 901 902 903 904 905 906 907 908 909 910 911 912 913 914 915 916 917 918 919 920 921 922 923 924 925 926 927 929 930 931 932 933 934 935 936 937 938 939 940 941 943 944 945 946 947 949 950 951 952 953 954 955 956 957 958 960 961 963 964 966 967 968 969 970 971 972 973 974 975 976 977 978 979 980 981 982 983 984 985 986 987 988 990 991 992 994 995 996 997 998 999 1000 1001 1002 1003 1004 1005 1006 1007 1008 1009 1010 1011 1012 1013 1014 1015 1016 1017 1018 1019 1020 1021 1022 1023 1024 1025 1026 1028 1029 1030 1031 1034 1035 1036 1037 1038 1039 1040 1041 1042 1043 1044 1045 1046 1047 1048 1049 1054 1055 1057 1058 1059 1060 1061 1062 1063 1064 1065 1066 1067 1068 1069 1070 1071 1072 1073 1074 1075 1076 1077 1078 1079 1080 1081 1082 1083 1086 1087 1091 1093 1094 1095 1096 1097 1098 1099 1100 1102 1103 1104 1105 1106 1107 1108 1109 1110 1111 1113 1114 1115 1116 1117 1118 1119 1120 1121 1122 1123 1124 1125 1126 1127 1128 1129 1130 1131 1132 1133 1134 1135 1136 1137 1138 1139 1140 1141 1142 1143 1144 1146 1147 1148 1149 1150 1151 1152 1153 1154 1155 1156 1157 1158 1159 1160 1163 1164 1165 1166 1167 1168 1169 1170 1171 1172 1173 1174 1175 1176 1177 1178 1179 1180 1181 1182 1183 1185 1186 1187 1188 1189 1190 1191 1192 1193 1194 1195 1196 1197 1198 1199 1201 1202 1204 1205 1206 1207 1208 1209 1210 1211 1212 1213 1214 1215 1216 1217 1218 1221 1222 1223 1224 1225 1226 1227 1229 1230 1231 1232 1233 1234 1235 1238 1239 1240 1241 1242 1243 1244 1245 1249 1250 1251 1253 1254 1255 1256 1257 1258 1259 1260 1261 1263 1264 1265 1266 1267 1268 1269 1270 1271 1272 1273 1274 1275 1276 1277 1278 1279 1280 1281 1282 1283 1284 1285 1286 1287 1288 1289 1290 1291 1292 1293 1294 1295 1296 1297 1298 1299 1300 1301 1302 1303 1304 1305 1306 1307 1308 1309 1310 1311 1312 1313 1314 1315 1316 1317 1318 1319 1320 1321 1322 1323 1325 1326 1327 1328 1329 1330 1332 1333 1334 1335 1337 1338 1339 1340 1341 1342 1343 1344 1345 1346 1347 1348 1349 1350 1351 1352 1353 1354 1355 1356 1357 1358 1359 1360 1361 1362 1363 1365 1366 1368 1369 1370 1371 1372 1373 1374 1375 1376 1377 1378 1379 1381 1382 1383 1384 1385 1386 1388 1389 1390 1391 1392 1393 1394 1395 1396 1397 1398 1399 1400 1401 1402 1403 1404 1405 1406 1408 1409 1410 1411 1412 1413 1414 1415 1416 1417 1418 1419 1420 1421 1422 1424 1425 1426 1427 1428 1429 1431 1432 1433 1434 1435 1436 1438 1439 1440 1441 1442 1443 1444 1445 1446 1447 1448 1450 1451 1452 1454 1455 1456 1457 1458 1459 1460 1461 1462 1463 1464 1465 1466 1467 1468 1469 1470 1471 1472 1473 1474 1475 1476 1477 1478 1479 1480 1481 1482 1484 1485 1486 1487 1488 1489 1490 1491 1492 1493 1494 1495 1496 1498 1499 1500 1501 1502 1503 1504 1505 1506 1507 1508 1509 1510 1511 1512 1513 1514 1515 1516 1517 1518 1519 1520 1521 1522 1523 1524 1525 1526 1527 1528 1529 1530 1531 1532 1533 1534 1535 1536 1537 1538 1539 1540 1541 1542 1543 1544 1545 1547 1548 1549 1550 1552 1553 1554 1555 1556 1557 1558 1559 1560 1561 1563 1565 1566 1567 1568 1569 1570 1571 1572 1573 1575 1577 1578 1579 1582 1583 1584 1585 1586 1588 1589 1590 1591 1592 1593 1594 1595 1600 1601 1602 1603 1605 1606 1607 1608 1609 1610 1611 1612 1614 1615 1616 1617 1618 1619 1620 1621 1622 1623 1624 1625 1626 1627 1628 1629 1631 1632 1633 1634 1635 1636 1637 1638 1639 1640 1641 1642 1643 1644 1645 1646 1647 1648 1649 1651 1652 1654 1655 1656 1657 1658 1659 1660 1661 1662 1663 1664 1665 1667 1668 1670 1671 1672 1673 1674 1675 1676 1677 1678 1679 1680 1681 1682 1683 1684 1685 1686 1687 1688 1690 1691 1692 1693 1694 1695 1696 1697 1699 1700 1701 1702 1703 1704 1705 1706 1707 1708 1709 1710 1711 1712 1713 1715 1716 1718 1719 1720 1721 1722 1723 1724 1725 1726 1728 1729 1732 1733 1735 1736 1737 1738 1739 1740 1741 1742 1743 1744 1745 1747 1749 1750 1751 1752 1753 1754 1755 1756 1758 1760 1761 1763 1764 1765 1766 1767 1768 1769 1770 1771 1772 1773 1776 1777 1778 1781 1782 1783 1784 1786 1787 1788 1789 1790 1792 1793 1794 1795 1796 1797 1798 1799 1800 1802 1805 1806 1807 1808 1810 1811 1812 1813 1814 1815 1816 1817 1819 1822 1823 1824 1826 1827 1828 1829 1830 1831 1832 1833 1834 1835 1837 1838 1839 1840 1842 1843 1844 1845 1846 1847 1848 1849 1854 1856 1858 1859 1860 1861 1862 1863 1864 1865 1866 1871 1872 1873 1874 1875 1876 1877 1878 1879 1880 1881 1882 1883 1886 1888 1889 1890 1891 1892 1893 1894 1895 1896 1897 1898 1899 1900 1901 1902 1904 1906 1907 1908 1909 1910 1911 1912 1913 1914 1915 1916 1917 1918 1920 1922 1923 1924 1925 1926 1927 1928 1929 1930 1931 1932 1933 1934 1936 1937 1938 1939 1940 1941 1942 1943 1944 1945 1946 1947 1948 1949 1950 1954 1955 1956 1957 1958 1959 1960 1961 1962 1963 1964 1965 1968 1969 1973 1974 1975 1976 1977 1978 1979 1980 1984 1986 1990 1992 1993 1994 1995 1996 1997 1998 1999 2002 2003 2004 2005 2007 2008 2009 2010 2011 2012 2013 2014 2015 2017 2018 2019 2020 2021 2023 2024 2025 2026 2027 2028 2030 2031 2032 2034 2035 2036 2037 2038 2039 2040 2041 2042 2043 2044 2046 2047 2048 0
1 3 6 7 8 9 11 12 13 14 15 16 17 18 20 21 22 23 24 25 26 27 28 0

9
1 2 3 5 6 7 8 9 10 11 12 13 14 15 16 17 19 20 21 22 23 24 26 27 28 29 30 31 32 34 35 36 37 38 40 41 42 43 44 45 47 48 49 50 52 53 54 55 56 57 58 59 60 62 65 66 67 68 69 70 71 72 73 74 76 77 78 79 80 81 82 84 85 86 87 88 89 90 91 92 93 94 95 96 97 98 100 102 103 104 105 106 107 108 109 111 113 114 115 116 117 119 120 121 122 123 124 125 126 128 129 130 132 133 134 135 136 137 138 139 141 143 144 145 146 150 151 152 153 154 156 157 158 159 161 162 163 164 165 166 167 168 169 170 171 173 174 175 176 177 178 179 180 182 183 184 185 187 188 189 191 192 193 196 197 198 199 200 201 202 203 204 205 206 207 208 209 210 211 212 213 214 215 216 217 218 219 220 221 222 223 224 225 226 227 228 230 231 232 233 234 235 236 238 239 240 241 242 243 244 245 246 247 248 249 250 251 252 253 254 255 256 257 258 259 260 261 262 263 264 265 266 267 268 269 271 272 273 274 275 277 278 279 280 281 282 283 284 285 286 287 289 290 291 293 294 295 296 297 298 299 301 302 303 304 305 306 307 309 310 311 312 313 314 315 318 320 321 322 323 325 326 327 328 329 330 331 333 334 335 336 337 338 339 340 342 344 345 346 347 348 349 350 353 354 357 358 359 360 361 362 366 369 370 371 372 373 374 375 376 377 378 380 381 382 383 384 385 386 387 388 390 391 392 393 394 396 397 398 399 400 401 402 403 404 405 406 407 408 409 411 413 414 415 416 417 418 419 420 421 422 423 424 425 426 427 428 429 430 431 432 433 434 435 436 437 439 440 441 442 443 444 445 446 447 448 449 452 453 454 455 456 457 458 459 460 461 462 463 464 465 466 467 468 469 470 471 472 473 474 475 477 478 479 480 481 482 484 485 486 487 488 490 491 492 493 494 495 496 497 498 499 500 501 502 503 504 505 506 507 508 509 510 511 512 513 514 515 516 517 518 519 520 521 522 523 524 525 526 527 528 529 530 531 532 533 534 535 536 537 538 540 541 542 543 544 545 546 547 548 549 550 551 552 553 554 555 556 557 558 559 560 561 562 563 564 565 566 567 568 569 570 571 572 573 574 575 576 577 578 579 580 581 582 583 584 585 586 587 588 589 590 591 592 593 594 595 596 597 598 599 600 601 602 603 605 607 608 609 610 611 613 614 615 616 617 618 619 620 621 622 623 624 625 626 627 628 629 630 631 632 633 634 635 636 637 638 639 640 641 642 643 644 645 646 647 648 649 650 651 652 653 654 655 656 657 658 659 660 661 662 664 665 666 667 668 669 670 671 673 674 675 676 677 678 679 680 681 682 683 684 685 686 689 690 691 692 693 694 695 696 697 698 699 700 701 704 705 706 707 708 709 710 711 712 713 714 715 716 717 718 719 720 721 722 723 724 725 726 727 728 729 730 731 732 733 734 735 736 737 738 739 740 741 742 743 744 745 746 747 748 749 750 751 752 753 754 755 756 757 760 761 762 764 765 766 768 769 770 771 772 773 774 775 776 777 778 779 780 781 782 783 784 785 786 787 788 789 790 791 792 793 794 795 796 797 798 799 800 801 802 803 804 806 807 808 809 810 811 812 813 814 818 819 820 821 823 824 825 826 827 828 829 830 831 832 833 834 835 836 837 838 839 840 841 842 843 844 846 847 848 849 850 851 852 853 854 855 856 857 858 859 860 861 862 863 864 866 867 869 870 872 873 874 875 876 880 881 882 884 885 886 887 888 889 890 891 892 893 894 895 896 897 900 901 902 903 905 906 907 908 909 910 911 912 913 915 917 919 920 921 923 926 927 928 929 930 931 932 933 934 936 937 938 939 940 941 942 943 944 945 946 948 949 950 951 952 953 954 955 956 957 958 959 960 961 962 963 964 965 966 967 968 969 970 971 972 973 974 976 977 978 979 980 981 982 983 984 985 986 987 988 989 990 991 993 994 996 997 998 999 1000 1001 1002 1003 1005 1006 1007 1008 1009 1010 1011 1012 1013 1014 1015 1016 1017 1018 1019 1020 1021 1022 1023 1024 1025 1026 1027 1028 1029 1030 1031 1032 1033 1034 1035 1036 1037 1038 1039 1040 1041 1042 1043 1044 1045 1046 1047 1048 1049 1050 1051 1052 1053 1054 1055 1056 1057 1058 1059 1060 1061 1062 1063 1064 1065 1066 1067 1068 1069 1070 1071 1072 1073 1074 1075 1076 1077 1078 1079 1080 1081 1082 1085 1086 1087 1088 1089 1090 1091 1092 1093 1094 1095 1096 1097 1098 1099 1100 1102 1103 1104 1105 1106 1107 1108 1109 1110 1111 1112 1113 1114 1115 1116 1117 1118 1119 1120 1122 1123 1125 1126 1127 1128 1129 1130 1131 1137 1138 1139 1140 1141 1142 1143 1144 1145 1146 1147 1148 1152 1153 1154 1155 1156 1157 1158 1159 1160 1162 1163 1164 1168 1169 1170 1171 1172 1173 1174 1175 1176 1177 1178 1179 1180 1181 1182 1183 1184 1185 1186 1187 1188 1189 1190 1191 1193 1194 1195 1196 1197 1198 1199 1200 1201 1202 1203 1204 1205 1206 1207 1208 1210 1211 1212 1213 1214 1215 1216 1217 1218 1219 1220 1221 1222 1223 1224 1225 1226 1227 1228 1229 1230 1231 1232 1233 1234 1235 1236 1237 1238 1239 1240 1241 1242 1243 1244 1245 1246 1248 1249 1251 1252 1253 1254 1255 1256 1257 1258 1259 1260 1261 1262 1263 1264 1265 1266 1267 1268 1269 1270 1271 1272 1273 1274 1275 1276 1277 1278 1279 1280 1281 1282 1283 1284 1285 1287 1288 1289 1290 1291 1292 1293 1294 1295 1296 1297 1298 1299 1300 1302 1303 1304 1305 1306 1307 1308 1309 1310 1311 1312 1313 1314 1315 1316 1317 1318 1319 1320 1321 1322 1325 1328 1329 1330 1331 1332 1333 1334 1335 1336 1337 1338 1339 1340 1341 1342 1343 1344 1345 1346 1347 1348 1349 1350 1352 1353 1354 1355 1356 1357 1359 1360 1361 1362 1363 1364 1365 1367 1368 1369 1370 1371 1372 1373 1374 1375 1376 1377 1378 1379 1380 1381 1383 1384 1385 1386 1387 1388 1389 1390 1391 1392 1393 1394 1395 1396 1398 1399 1400 1401 1403 1404 1405 1406 1407 1408 1409 1410 1411 1412 1413 1415 1416 1417 1419 1420 1421 1422 1423 1424 1425 1426 1427 1428 1429 1433 1434 1435 1436 1437 1438 1439 1440 1441 1442 1443 1444 1445 1446 1447 1449 1450 1451 1452 1453 1454 1455 1456 1457 1458 1459 1460 1461 1462 1466 1467 1468 1469 1470 1471 1472 1473 1475 1476 1477 1478 1479 1480 1481 1482 1483 1484 1485 1486 1487 1488 1489 1492 1493 1494 1495 1496 1499 1500 1502 1503 1505 1508 1509 1510 1511 1512 1513 1514 1515 1516 1517 1518 1519 1520 1521 1522 1523 1524 1525 1526 1527 1528 1529 1530 1531 1532 1533 1534 1537 1538 1540 1541 1542 1543 1544 1545 1546 1547 1548 1549 1550 1551 1552 1553 1554 1555 1556 1557 1558 1559 1560 1561 1562 1563 1564 1565 1569 1570 1571 1572 1573 1574 1575 1576 1577 1578 1580 1581 1583 1584 1585 1586 1587 1588 1589 1590 1591 1592 1593 1594 1596 1597 1598 1599 1600 1601 1602 1603 1604 1605 1606 1607 1608 1609 1610 1611 1612 1613 1614 1615 1617 1618 1619 1620 1621 1622 1623 1624 1625 1626 1627 1630 1632 1633 1634 1635 1636 1637 1638 1639 1640 1641 1642 1643 1644 1645 1648 1649 1650 1651 1652 1653 1654 1655 1656 1657 1658 1661 1663 1664 1665 1666 1667 1668 1669 1670 1671 1672 1673 1674 1675 1676 1677 1679 1680 1681 1682 1683 1684 1685 1686 1688 1689 1691 1692 1693 1694 1695 1696 1697 1698 1699 1700 1701 1702 1703 1704 1705 1706 1707 1708 1709 1710 1711 1713 1716 1717 1718 1719 1721 1722 1723 1724 1725 1726 1727 1728 1729 1730 1731 1732 1733 1734 1735 1736 1737 1740 1741 1742 1743 1744 1745 1746 1747 1749 1750 1751 1752 1753 1754 1755 1756 1757 1758 1759 1761 1762 1763 1764 1765 1766 1767 1768 1769 1770 1772 1773 1774 1775 1776 1777 1778 1779 1780 1781 1782 1783 1784 1785 1786 1787 1788 1789 1790 1793 1794 1795 1796 1797 1798 1799 1800 1801 1802 1803 1804 1805 1806 1807 1808 1812 1813 1814 1815 1816 1817 1818 1819 1820 1821 1822 1823 1824 1825 1828 1829 1830 1831 1832 1833 1834 1835 1836 1837 1838 1839 1840 1841 1842 1844 1845 1846 1849 1850 1851 1852 1856 1857 1858 1859 1860 1861 1862 1865 1866 1867 1868 1869 1871 1872 1873 1874 1875 1876 1877 1881 1882 1883 1887 1888 1889 1890 1891 1892 1893 1894 1895 1897 1898 1899 1905 1906 1907 1908 1909 1910 1911 1912 1913 1914 1915 1921 1922 1923 1925 1926 1928 1929 1930 1931 1932 1933 1934 1935 1936 1938 1939 1940 1941 1942 1943 1944 1945 1946 1948 1949 1950 1951 1952 1954 1955 1956 1957 1958 1959 1960 1961 1962 1963 1964 1966 1967 1968 1969 1970 1972 1973 1975 1976 1977 1978 1979 1981 1982 1983 1984 1985 1986 1988 1989 1990 1991 1992 1993 1994 1995 1996 1999 2000 2001 2002 2004 2005 2006 2007 2008 2010 2011 2012 2013 2014 2015 2016 2017 2018 2019 2021 2022 2023 2026 2027 2028 2029 2030 2032 2033 2034 2035 2036 2037 2038 2039 2040 2041 2044 2045 2046 2047 2048 0
1 3 5 6 8 13 14 16 17 19 20 21 22 23 24 25 26 28 30 31 0

10
1 2 3 4 5 6 7 8 9 10 11 12 13 15 16 17 18 19 20 21 22 23 24 25 27 28 29 31 33 34 35 36 37 38 39 40 41 42 43 44 45 46 47 48 49 50 51 52 53 54 55 56 57 58 59 61 62 63 64 66 67 68 69 70 72 73 74 75 76 77 78 79 80 81 82 83 84 85 86 87 88 89 90 91 92 93 94 95 97 98 99 100 101 102 103 104 105 106 107 108 109 110 111 114 115 116 117 118 119 120 121 122 123 124 125 126 127 128 131 132 133 134 135 136 137 138 139 140 141 142 143 144 146 147 148 149 150 151 152 153 154 155 156 157 158 159 160 161 163 164 165 166 167 168 169 170 171 172 173 174 175 176 177 178 179 180 181 182 183 184 185 186 187 188 189 190 191 192 193 194 195 196 197 198 199 200 201 202 203 204 205 206 207 208 209 210 211 212 213 214 215 216 217 218 219 220 221 222 223 224 225 226 227 228 229 230 231 232 233 234 235 236 237 238 239 240 242 243 244 245 246 247 248 250 251 253 254 256 257 258 259 260 261 262 263 264 265 266 267 268 270 271 273 274 275 276 277 278 279 280 282 284 286 287 288 289 290 291 292 293 294 295 296 297 298 299 300 301 302 304 305 306 307 308 309 310 311 312 313 314 315 317 318 319 320 321 322 323 324 325 327 328 329 332 333 335 336 337 338 339 340 341 342 343 344 346 347 348 349 351 352 353 354 355 356 357 358 359 360 361 362 363 364 365 366 367 368 369 370 371 372 373 374 375 376 377 378 379 380 381 383 384 385 386 387 389 390 391 392 393 394 395 396 397 398 399 400 401 402 403 404 406 407 408 409 410 411 412 413 414 415 416 417 418 419 420 421 422 423 424 425 426 427 428 430 431 432 433 434 435 439 440 441 442 445 446 447 448 449 450 451 452 453 454 455 456 457 458 459 460 461 462 464 465 466 467 468 469 470 471 472 473 474 475 476 477 478 480 481 482 483 484 485 486 487 488 490 491 492 493 494 496 497 498 499 500 501 502 503 504 505 506 507 508 509 510 511 512 513 514 515 516 517 518 519 520 521 523 524 526 527 528 529 530 531 532 534 535 536 537 538 539 540 541 543 544 545 546 547 548 549 550 551 552 553 554 555 556 557 559 561 562 563 564 565 566 567 568 569 570 571 572 573 574 575 576 577 578 580 581 582 583 584 585 586 587 588 590 591 593 594 595 596 597 598 599 600 601 602 603 604 605 606 607 610 611 612 613 615 618 620 621 622 624 625 626 627 628 629 630 631 632 633 634 635 636 637 638 639 641 642 643 644 645 646 647 648 649 650 651 652 653 654 657 658 659 660 661 662 663 664 665 666 667 668 669 670 671 672 673 674 675 676 677 678 679 680 682 683 684 685 686 688 689 690 691 692 693 694 695 696 697 698 699 700 701 702 703 704 705 707 708 709 710 711 712 713 714 715 716 717 718 719 720 722 723 726 727 728 729 730 731 732 733 736 738 739 740 741 742 743 744 746 747 748 751 752 754 755 756 757 758 759 760 761 764 765 766 767 768 769 770 771 772 773 774 775 776 777 778 779 780 781 782 783 784 785 786 787 789 790 791 792 793 794 795 796 797 798 799 800 801 803 804 805 806 807 808 809 810 811 812 813 814 815 817 818 819 820 821 822 823 824 825 826 827 828 829 830 831 832 833 834 835 837 838 839 840 841 842 843 844 845 846 847 848 849 850 851 852 853 854 855 856 857 858 859 860 861 862 863 864 865 866 867 868 869 870 871 872 873 874 875 876 877 878 880 881 882 883 884 885 886 887 888 889 890 891 892 893 894 895 896 897 898 899 900 901 902 903 905 906 907 908 909 910 911 912 913 914 915 916 917 918 919 920 921 922 923 924 925 926 927 928 929 930 931 932 933 934 935 936 937 938 939 940 941 942 944 945 946 948 949 950 951 952 953 954 955 956 957 959 960 961 962 963 964 965 966 967 968 969 970 971 972 973 974 975 976 977 978 980 981 982 983 984 985 986 987 988 989 990 991 992 993 994 995 996 997 998 999 1000 1001 1002 1003 1004 1005 1006 1007 1008 1009 1010 1011 1012 1013 1014 1015 1016 1017 1018 1019 1020 1021 1022 1023 1024 1025 1026 1027 1028 1029 1030 1031 1032 1033 1034 1037 1038 1039 1040 1041 1042 1043 1044 1045 1046 1047 1048 1049 1051 1052 1054 1056 1057 1059 1060 1061 1062 1064 1065 1066 1067 1069 1070 1071 1074 1075 1077 1079 1080 1081 1082 1083 1084 1085 1086 1087 1088 1089 1090 1092 1094 1095 1096 1097 1098 1099 1100 1101 1102 1103 1104 1105 1106 1107 1109 1110 1111 1112 1113 1114 1115 1116 1118 1120 1124 1125 1126 1127 1128 1129 1130 1131 1132 1133 1134 1136 1138 1140 1141 1142 1143 1144 1145 1146 1147 1149 1150 1151 1152 1153 1154 1155 1156 1157 1158 1159 1160 1161 1162 1163 1164 1165 1166 1167 1168 1169 1170 1171 1172 1173 1174 1175 1176 1177 1178 1179 1180 1181 1182 1183 1184 1185 1186 1187 1188 1189 1193 1194 1197 1198 1199 1200 1201 1202 1203 1204 1205 1207 1209 1210 1211 1212 1213 1214 1216 1217 1218 1219 1220 1221 1222 1223 1224 1225 1226 1227 1228 1229 1230 1231 1232 1233 1234 1235 1236 1237 1238 1239 1240 1241 1242 1243 1244 1245 1246 1247 1248 1249 1250 1251 1252 1253 1254 1256 1257 1258 1260 1261 1265 1266 1267 1268 1269 1270 1271 1272 1273 1274 1275 1276 1277 1278 1279 1280 1281 1282 1283 1284 1285 1286 1287 1288 1289 1290 1291 1292 1293 1294 1295 1296 1297 1298 1299 1300 1301 1302 1304 1306 1307 1308 1309 1312 1313 1314 1315 1316 1317 1319 1320 1322 1323 1325 1326 1327 1328 1329 1330 1331 1333 1334 1335 1336 1338 1339 1340 1342 1343 1344 1345 1346 1347 1348 1349 1350 1351 1352 1353 1354 1355 1356 1357 1358 1359 1360 1361 1362 1363 1364 1365 1366 1367 1368 1369 1370 1371 1372 1373 1374 1375 1376 1377 1378 1379 1380 1381 1382 1383 1384 1385 1386 1387 1388 1389 1390 1391 1392 1393 1394 1395 1396 1397 1398 1399 1400 1401 1402 1403 1404 1405 1406 1407 1408 1409 1410 1411 1412 1413 1414 1415 1416 1417 1419 1420 1421 1422 1423 1424 1425 1426 1427 1428 1429 1430 1431 1432 1433 1434 1435 1436 1437 1438 1439 1440 1441 1442 1443 1444 1445 1446 1447 1448 1451 1452 1453 1454 1455 1456 1457 1458 1459 1460 1461 1462 1463 1464 1465 1466 1467 1468 1469 1470 1471 1472 1473 1474 1475 1476 1477 1478 1479 1480 1481 1482 1483 1484 1485 1486 1487 1488 1489 1490 1491 1492 1493 1494 1495 1496 1497 1498 1499 1500 1501 1502 1503 1504 1505 1506 1507 1508 1509 1510 1511 1512 1513 1514 1515 1516 1517 1518 1519 1520 1521 1522 1523 1524 1525 1526 1527 1528 1529 1530 1531 1532 1533 1534 1535 1536 1537 1538 1539 1540 1541 1542 1543 1545 1546 1547 1549 1550 1551 1552 1553 1554 1555 1556 1557 1558 1559 1560 1561 1562 1563 1564 1565 1566 1567 1568 1569 1570 1571 1573 1574 1575 1576 1577 1578 1579 1581 1582 1585 1586 1587 1588 1589 1590 1591 1592 1593 1594 1595 1596 1598 1599 1600 1601 1602 1604 1605 1606 1607 1608 1609 1610 1611 1612 1613 1614 1615 1616 1617 1618 1619 1620 1621 1622 1623 1624 1625 1626 1627 1628 1629 1630 1631 1632 1633 1634 1635 1636 1637 1638 1639 1640 1642 1643 1644 1645 1646 1647 1648 1649 1650 1651 1652 1653 1654 1655 1656 1657 1658 1659 1660 1661 1663 1664 1665 1666 1667 1668 1669 1670 1672 1673 1674 1675 1676 1677 1678 1679 1680 1681 1682 1683 1684 1685 1686 1688 1689 1690 1691 1692 1693 1694 1695 1696 1697 1698 1699 1700 1701 1702 1703 1704 1705 1706 1707 1708 1709 1710 1711 1713 1714 1715 1716 1717 1718 1719 1720 1721 1722 1723 1724 1725 1726 1727 1728 1729 1730 1731 1732 1733 1734 1735 1736 1738 1739 1740 1741 1742 1743 1744 1745 1747 1748 1749 1750 1751 1752 1753 1754 1755 1756 1758 1759 1760 1761 1762 1764 1765 1766 1767 1769 1770 1771 1772 1773 1775 1776 1777 1778 1779 1780 1781 1782 1783 1784 1785 1786 1787 1788 1789 1790 1791 1792 1793 1795 1796 1797 1798 1799 1800 1801 1802 1803 1804 1805 1806 1809 1811 1812 1813 1815 1817 1818 1819 1821 1822 1825 1826 1827 1828 1831 1832 1834 1835 1836 1837 1838 1841 1842 1843 1844 1845 1847 1848 1849 1850 1851 1852 1853 1854 1855 1856 1857 1858 1859 1860 1861 1862 1864 1865 1866 1867 1868 1869 1870 1872 1875 1876 1877 1879 1880 1881 1882 1883 1884 1885 1886 1888 1892 1893 1894 1895 1896 1897 1898 1899 1900 1901 1904 1905 1906 1909 1910 1911 1912 1914 1915 1916 1919 1920 1921 1922 1923 1924 1925 1926 1927 1928 1929 1930 1931 1932 1936 1937 1940 1941 1942 1943 1944 1945 1946 1947 1948 1949 1952 1954 1955 1956 1957 1958 1959 1961 1962 1963 1964 1967 1968 1969 1971 1972 1973 1974 1975 1977 1979 1980 1981 1983 1984 1988 1989 1990 1991 1993 1995 1996 1997 1998 1999 2003 2004 2005 2006 2008 2009 2010 2011 2013 2014 2018 2019 2021 2022 2023 2024 2025 2026 2027 2028 2029 2030 2031 2036 2037 2038 2039 2040 2041 2042 2043 2046 2048 0
1 3 4 5 6 9 10 11 12 13 14 15 16 18 19 20 21 22 23 26 27 28 32 0

11
1 3 4 7 8 9 10 12 13 14 16 20 21 22 23 24 25 27 28 29 30 31 33 34 35 36 37 38 39 40 41 43 44 45 46 47 48 49 51 52 53 54 55 56 57 58 59 60 61 62 63 65 67 68 69 70 71 72 73 74 75 77 78 80 81 82 83 85 86 87 88 89 90 91 93 94 95 96 97 98 99 101 102 105 106 108 109 111 112 113 114 115 116 117 120 122 123 124 125 126 127 128 129 130 131 132 134 135 136 137 140 141 145 146 147 148 149 150 151 152 154 156 157 158 160 161 163 164 165 166 167 168 169 171 173 175 176 177 178 179 180 181 182 183 184 185 186 187 188 189 190 191 192 193 194 195 196 197 198 199 200 201 202 204 208 209 210 211 212 213 214 215 216 217 218 220 221 222 223 224 225 226 227 228 229 230 231 232 233 234 235 236 237 239 240 241 242 243 244 245 246 247 248 249 250 251 252 253 254 255 256 257 258 259 260 261 262 263 264 265 266 267 268 269 270 271 273 274 275 276 277 278 279 280 281 282 283 284 285 286 287 288 289 290 291 292 293 294 296 297 298 299 300 301 302 304 305 306 307 308 309 310 311 312 313 314 315 316 317 319 320 321 322 323 324 325 326 327 328 329 330 331 333 334 335 336 337 338 339 340 341 342 343 346 347 348 349 350 351 352 354 355 357 358 359 361 362 363 365 366 369 370 371 373 377 378 379 380 385 386 387 391 393 394 395 398 399 400 401 402 403 404 408 409 410 411 413 415 417 418 419 420 422 426 427 428 429 433 434 435 436 437 438 443 445 446 447 448 449 450 451 452 454 455 456 458 459 460 463 464 465 466 467 468 469 470 471 473 474 475 476 477 480 481 482 483 484 485 486 487 488 489 490 491 492 493 494 497 498 499 500 501 502 503 504 505 506 508 509 510 511 512 514 515 516 517 518 519 520 521 522 523 524 525 526 527 528 531 532 533 536 537 538 539 540 541 542 549 550 551 552 553 554 555 557 559 560 562 563 564 565 566 567 569 570 571 573 574 575 581 582 583 584 585 586 588 589 590 591 592 593 594 595 596 597 599 600 601 602 603 604 606 607 608 609 610 611 614 615 617 618 620 622 624 626 627 629 630 632 633 640 642 643 647 648 649 650 653 656 659 660 661 662 663 664 665 668 672 676 678 680 682 683 684 688 689 690 692 694 695 697 699 700 701 702 703 709 710 711 712 713 714 715 716 717 719 720 721 723 724 725 726 727 729 730 731 732 735 736 737 738 739 740 741 742 743 746 749 750 751 752 753 754 756 757 758 759 762 763 764 765 766 767 768 769 770 771 772 773 774 775 776 777 778 779 780 781 782 783 784 785 786 787 789 790 792 793 794 796 797 798 799 801 803 806 807 809 810 811 812 813 814 815 816 817 823 824 825 826 827 828 829 830 831 832 836 837 838 839 840 841 842 843 844 845 846 847 849 852 853 854 855 856 857 858 859 860 861 862 863 866 867 868 869 870 871 872 873 874 875 877 878 879 880 881 883 884 885 887 888 889 890 891 892 893 895 896 898 902 905 906 909 910 912 914 916 917 918 919 920 921 923 926 927 928 929 931 932 933 934 935 936 937 938 939 940 941 942 943 946 948 949 950 951 952 953 954 955 956 957 958 959 960 962 963 965 966 968 969 970 971 973 974 975 976 977 978 979 980 981 982 983 984 987 988 989 993 994 995 996 997 998 999 1000 1001 1002 1003 1004 1005 1006 1007 1008 1009 1010 1011 1012 1013 1014 1015 1016 1017 1018 1020 1021 1022 1023 1024 1025 1026 1027 1028 1029 1030 1031 1032 1033 1034 1035 1036 1037 1038 1039 1040 1041 1043 1044 1045 1046 1047 1048 1049 1050 1051 1052 1053 1054 1055 1056 1057 1058 1059 1062 1063 1064 1066 1067 1068 1069 1070 1071 1072 1073 1075 1076 1077 1078 1079 1080 1081 1083 1084 1085 1088 1089 1090 1091 1093 1094 1095 1096 1097 1098 1099 1100 1101 1102 1103 1104 1105 1108 1109 1110 1111 1112 1116 1117 1118 1119 1120 1121 1122 1123 1124 1125 1126 1127 1129 1130 1131 1132 1135 1136 1137 1138 1139 1141 1142 1143 1144 1145 1148 1150 1151 1153 1154 1155 1156 1158 1160 1161 1162 1163 1165 1166 1169 1171 1174 1177 1178 1180 1181 1182 1185 1187 1188 1189 1192 1193 1194 1197 1198 1199 1201 1202 1203 1205 1206 1207 1210 1211 1212 1213 1214 1215 1216 1217 1218 1219 1220 1221 1223 1224 1225 1226 1227 1229 1230 1231 1232 1233 1234 1235 1236 1237 1238 1239 1240 1241 1242 1243 1244 1245 1248 1249 1250 1251 1253 1254 1255 1257 1258 1259 1260 1261 1263 1265 1266 1267 1268 1269 1270 1271 1272 1273 1274 1275 1277 1278 1280 1281 1282 1283 1284 1285 1286 1287 1288 1289 1290 1291 1292 1293 1294 1295 1296 1297 1298 1299 1300 1301 1302 1303 1304 1305 1306 1307 1308 1309 1310 1311 1312 1313 1314 1315 1316 1317 1318 1319 1320 1321 1322 1323 1324 1325 1326 1327 1328 1329 1330 1331 1332 1333 1334 1335 1337 1338 1339 1341 1342 1343 1345 1346 1347 1348 1349 1350 1351 1354 1355 1356 1357 1358 1359 1360 1361 1362 1364 1365 1366 1367 1369 1370 1371 1372 1373 1374 1375 1376 1377 1378 1380 1381 1382 1383 1384 1385 1386 1387 1388 1389 1391 1392 1393 1394 1396 1397 1398 1399 1403 1404 1405 1408 1409 1410 1411 1412 1413 1415 1420 1422 1423 1424 1425 1426 1427 1428 1429 1431 1435 1438 1439 1440 1441 1442 1443 1444 1445 1448 1449 1450 1452 1453 1455 1456 1457 1458 1459 1460 1461 1462 1464 1465 1466 1467 1468 1469 1470 1472 1473 1474 1476 1477 1480 1481 1482 1483 1485 1486 1488 1489 1490 1491 1492 1493 1494 1495 1496 1497 1499 1501 1503 1504 1505 1506 1507 1508 1509 1510 1512 1513 1514 1515 1516 1518 1520 1521 1522 1523 1524 1525 1526 1527 1528 1529 1530 1531 1532 1533 1534 1535 1536 1537 1539 1540 1541 1542 1543 1544 1545 1546 1548 1549 1550 1552 1553 1555 1556 1557 1558 1559 1560 1561 1562 1563 1566 1567 1569 1571 1572 1573 1574 1575 1576 1577 1578 1579 1580 1581 1582 1583 1584 1585 1586 1587 1588 1589 1590 1591 1592 1593 1594 1595 1596 1597 1598 1599 1601 1603 1604 1605 1606 1607 1608 1609 1611 1613 1614 1615 1617 1618 1619 1620 1621 1622 1623 1624 1626 1627 1628 1629 1630 1631 1632 1633 1634 1636 1637 1638 1639 1640 1641 1642 1643 1645 1646 1647 1648 1649 1650 1652 1653 1654 1655 1657 1659 1660 1661 1662 1665 1666 1668 1669 1670 1671 1672 1673 1675 1676 1677 1680 1681 1683 1684 1685 1687 1689 1690 1691 1692 1693 1695 1696 1697 1698 1699 1700 1701 1702 1704 1708 1709 1713 1714 1716 1717 1718 1719 1720 1721 1722 1723 1724 1725 1728 1729 1730 1731 1732 1733 1734 1735 1736 1737 1738 1741 1742 1743 1745 1746 1747 1748 1749 1750 1751 1752 1753 1754 1755 1756 1757 1759 1761 1762 1763 1764 1766 1767 1769 1771 1772 1773 1774 1775 1776 1777 1778 1779 1780 1781 1782 1784 1786 1787 1788 1789 1790 1793 1794 1796 1797 1798 1799 1800 1801 1802 1803 1804 1805 1806 1807 1808 1811 1813 1814 1815 1816 1817 1818 1819 1820 1821 1822 1824 1829 1830 1831 1832 1834 1835 1836 1837 1838 1840 1843 1846 1847 1848 1850 1851 1852 1853 1856 1857 1863 1864 1866 1867 1868 1869 1870 1873 1874 1875 1877 1878 1882 1883 1884 1885 1886 1889 1890 1891 1892 1893 1894 1895 1899 1900 1901 1907 1910 1913 1914 1915 1916 1917 1918 1919 1920 1922 1923 1924 1925 1927 1928 1929 1930 1933 1934 1935 1936 1938 1939 1941 1942 1943 1944 1945 1946 1950 1951 1952 1953 1954 1955 1956 1957 1958 1959 1960 1961 1962 1966 1969 1970 1971 1972 1973 1976 1984 1988 1989 1995 1996 2000 2003 2004 2005 2006 2007 2008 2009 2011 2012 2013 2016 2017 2018 2019 2020 2021 2022 2023 2024 2027 2028 2029 2031 2033 2034 2035 2036 2037 2038 2039 2040 2041 2042 2043 0
3 7 8 9 11 12 14 16 17 19 20 21 23 24 27 28 29 31 0

12
1 2 3 4 5 6 7 9 10 11 12 13 14 15 17 18 19 21 22 23 25 27 28 29 30 31 32 33 35 37 38 39 42 43 46 47 49 50 53 54 55 56 57 58 59 60 61 62 63 64 65 66 68 69 70 71 72 73 74 75 77 78 79 81 82 83 85 86 87 88 89 90 91 92 93 94 95 96 97 98 99 100 101 102 103 104 105 106 107 108 109 110 111 113 115 116 117 118 119 120 121 122 123 125 126 127 129 130 133 135 136 137 138 140 141 143 144 145 146 149 150 151 152 153 154 155 156 158 160 161 162 163 164 165 167 168 169 170 171 172 173 174 176 177 178 179 180 181 182 183 185 186 188 189 190 191 192 193 195 197 198 199 200 201 202 203 205 206 207 208 209 210 211 212 214 215 216 217 220 221 223 224 225 226 227 228 230 231 232 233 235 236 237 238 239 240 241 242 243 244 245 246 248 249 250 251 252 253 254 255 256 257 258 259 260 262 263 267 269 270 271 272 273 274 280 282 283 287 288 289 290 292 293 294 295 296 297 298 299 300 301 304 305 308 309 310 313 315 316 317 318 319 320 321 323 324 325 326 327 328 329 330 332 333 334 336 337 338 339 340 341 342 343 345 346 347 348 350 351 352 355 356 357 358 359 360 361 362 363 369 370 371 373 374 375 376 377 378 379 380 381 384 385 386 387 388 389 390 391 392 393 394 395 396 397 398 400 401 402 403 404 405 406 407 408 409 410 411 412 413 414 416 417 419 420 421 422 423 424 425 428 429 430 431 432 433 436 438 439 440 441 442 443 444 445 448 449 450 452 454 455 457 458 460 461 462 463 465 466 467 468 472 473 474 476 478 479 481 484 485 486 488 490 492 493 496 497 498 499 501 504 505 506 509 510 511 512 520 521 522 527 529 534 535 536 537 538 540 541 542 543 544 552 553 554 555 558 559 560 561 562 566 567 568 570 571 572 573 574 575 576 580 581 583 584 585 586 587 588 590 591 592 595 601 602 603 604 606 608 611 612 613 614 615 617 618 619 620 621 622 623 628 629 632 633 634 637 638 639 644 645 647 648 650 651 652 653 654 658 660 663 664 665 666 667 668 670 671 673 674 675 676 677 678 679 680 681 682 683 684 685 689 690 691 693 694 695 696 697 698 701 702 705 706 710 712 713 714 715 716 717 718 720 721 729 730 731 732 733 734 736 740 745 747 748 749 750 751 752 754 756 760 762 763 765 766 767 768 770 773 774 775 776 777 778 779 780 781 782 783 784 785 786 787 789 793 795 800 803 804 805 806 807 808 809 810 811 812 813 814 815 816 818 821 822 824 825 826 827 828 829 830 831 836 838 839 840 841 842 843 844 845 846 847 848 849 851 852 853 854 855 856 857 858 859 860 861 864 865 868 869 870 871 872 873 874 875 876 877 878 879 880 881 882 884 885 886 887 888 889 890 891 892 893 894 895 896 897 898 900 901 903 904 905 906 907 909 912 914 917 918 919 920 921 922 924 925 927 928 930 933 934 936 937 938 939 941 942 945 946 947 948 949 950 951 952 953 954 955 956 958 959 960 962 964 965 966 968 969 970 973 974 975 976 977 981 982 983 984 986 987 988 992 994 995 996 1001 1003 1005 1006 1009 1010 1011 1012 1013 1014 1015 1016 1017 1018 1019 1020 1021 1022 1023 1024 1030 1031 1032 1033 1034 1035 1036 1039 1040 1041 1048 1049 1050 1051 1052 1053 1054 1055 1056 1057 1061 1063 1064 1065 1066 1067 1068 1069 1070 1071 1072 1073 1074 1075 1076 1077 1078 1079 1081 1082 1083 1084 1085 1086 1087 1088 1089 1090 1091 1092 1093 1096 1097 1098 1099 1100 1102 1103 1104 1105 1106 1107 1109 1110 1112 1113 1114 1115 1116 1118 1121 1123 1124 1126 1127 1128 1129 1130 1131 1132 1134 1137 1141 1142 1143 1144 1145 1146 1147 1148 1149 1150 1156 1157 1160 1161 1165 1166 1169 1172 1176 1177 1178 1180 1181 1182 1183 1185 1186 1188 1189 1190 1191 1192 1193 1195 1197 1200 1201 1202 1203 1204 1206 1207 1208 1209 1210 1211 1212 1213 1215 1216 1217 1218 1219 1221 1222 1223 1224 1225 1228 1230 1232 1233 1234 1239 1240 1241 1242 1243 1244 1245 1246 1248 1249 1250 1251 1255 1256 1257 1258 1259 1260 1261 1262 1263 1264 1266 1267 1268 1269 1270 1271 1272 1273 1274 1275 1280 1282 1283 1285 1286 1287 1288 1289 1290 1291 1292 1293 1294 1295 1296 1297 1298 1299 1300 1301 1302 1304 1308 1309 1310 1311 1312 1323 1324 1325 1326 1327 1328 1330 1331 1332 1335 1336 1337 1339 1340 1341 1342 1343 1344 1350 1351 1352 1353 1354 1355 1356 1357 1358 1360 1361 1363 1365 1366 1367 1368 1369 1370 1372 1373 1374 1376 1377 1379 1380 1381 1382 1383 1384 1385 1386 1387 1388 1389 1390 1391 1392 1394 1395 1396 1397 1398 1400 1402 1403 1404 1405 1406 1407 1408 1410 1413 1414 1416 1417 1418 1419 1420 1421 1422 1423 1424 1426 1429 1430 1431 1432 1433 1434 1435 1436 1437 1438 1439 1440 1442 1446 1447 1449 1451 1454 1458 1460 1461 1463 1464 1465 1466 1467 1468 1469 1470 1471 1472 1473 1476 1477 1478 1480 1481 1482 1483 1484 1485 1486 1487 1488 1489 1492 1493 1494 1495 1496 1498 1500 1501 1502 1503 1504 1505 1507 1508 1509 1512 1513 1514 1515 1516 1517 1518 1519 1521 1522 1523 1524 1525 1527 1528 1529 1532 1533 1534 1535 1537 1538 1543 1544 1545 1546 1547 1548 1552 1553 1554 1560 1561 1562 1564 1565 1568 1569 1570 1571 1572 1573 1574 1575 1579 1580 1581 1582 1583 1584 1585 1586 1587 1589 1590 1591 1592 1593 1594 1595 1596 1597 1598 1600 1601 1602 1603 1604 1605 1606 1607 1610 1611 1613 1614 1616 1617 1618 1619 1621 1622 1623 1624 1625 1628 1629 1630 1632 1633 1634 1635 1637 1638 1639 1640 1641 1642 1644 1645 1649 1650 1651 1652 1653 1654 1655 1657 1658 1660 1661 1662 1663 1665 1666 1667 1668 1669 1670 1671 1672 1673 1674 1675 1676 1677 1678 1679 1681 1682 1683 1684 1685 1686 1687 1688 1689 1690 1691 1692 1693 1694 1695 1697 1698 1699 1700 1701 1702 1705 1706 1707 1709 1710 1711 1712 1713 1714 1715 1717 1718 1719 1720 1721 1722 1723 1724 1725 1727 1728 1729 1730 1733 1734 1737 1739 1740 1744 1745 1746 1748 1750 1751 1752 1753 1754 1755 1756 1757 1758 1760 1761 1762 1763 1765 1768 1769 1770 1771 1772 1773 1774 1775 1777 1778 1779 1781 1782 1783 1784 1785 1786 1787 1788 1791 1792 1793 1794 1795 1796 1797 1804 1805 1806 1807 1808 1809 1810 1811 1812 1813 1814 1815 1816 1818 1819 1820 1825 1826 1827 1828 1829 1830 1831 1832 1834 1835 1843 1844 1845 1846 1849 1860 1861 1863 1865 1866 1867 1868 1874 1877 1878 1879 1883 1884 1890 1891 1893 1894 1895 1896 1899 1900 1901 1902 1903 1904 1905 1906 1907 1908 1909 1910 1911 1912 1913 1914 1915 1916 1917 1918 1919 1920 1921 1922 1923 1924 1925 1926 1928 1929 1930 1931 1932 1933 1934 1935 1936 1939 1940 1941 1942 1946 1949 1950 1951 1952 1955 1956 1957 1960 1962 1963 1965 1973 1974 1976 1977 1978 1979 1980 1981 1984 1986 1989 1990 1991 1994 1996 2004 2005 2006 2007 2009 2010 2019 2020 2021 2022 2024 2033 2037 2038 2039 2040 2041 2042 0
1 2 3 4 5 6 10 13 14 18 21 22 23 24 26 30 32 0

13
1 3 4 5 6 7 8 9 10 11 12 13 14 15 17 18 19 20 21 22 23 24 25 26 27 28 29 30 31 32 33 34 35 36 37 40 42 43 44 45 46 47 49 50 52 53 54 55 56 58 59 61 62 63 64 65 66 68 70 71 72 75 76 77 78 79 80 81 82 83 84 85 86 87 89 90 91 92 93 94 95 96 97 98 100 101 103 105 106 107 108 109 110 112 113 114 115 117 119 121 122 123 125 127 128 129 130 133 134 135 136 137 138 141 143 144 145 146 149 151 152 154 157 159 161 163 164 166 167 168 169 171 174 175 176 177 180 181 182 183 184 186 188 189 191 192 193 194 195 197 198 199 200 201 202 203 204 205 206 208 209 212 213 215 216 217 218 219 220 221 222 224 225 226 228 229 230 231 232 233 234 235 236 237 238 239 240 241 242 243 244 245 246 247 248 249 250 251 252 253 254 255 256 257 258 259 260 261 263 265 266 269 270 271 273 278 279 282 283 285 286 287 288 291 292 297 298 299 304 305 307 308 310 311 312 313 318 319 323 324 325 326 327 329 330 331 333 335 336 338 342 345 346 353 354 357 358 360 361 362 364 369 370 371 372 373 374 375 376 377 378 380 383 384 385 387 388 391 392 393 395 396 399 400 401 402 403 404 405 406 407 409 410 411 412 413 415 416 417 418 421 422 426 427 428 430 431 432 433 437 440 443 445 446 448 449 450 451 455 459 460 462 463 464 465 466 468 469 470 471 473 474 475 476 478 479 480 481 484 486 489 490 491 492 494 496 497 498 500 501 504 505 506 507 508 509 511 517 518 519 520 521 529 533 534 535 536 537 538 539 540 541 542 547 549 552 554 555 556 557 562 564 569 571 574 575 576 580 582 583 585 586 589 590 592 593 594 595 596 597 598 599 600 602 607 608 609 611 612 613 614 615 617 624 625 627 628 629 630 631 632 633 634 636 637 641 644 646 647 648 649 650 652 657 660 663 664 665 666 668 673 674 675 676 678 679 680 684 686 688 689 690 694 696 701 705 706 707 708 712 715 718 719 722 723 724 725 728 729 730 733 734 735 736 738 739 740 744 745 746 747 748 749 750 752 755 759 761 762 763 764 765 768 769 770 773 774 775 776 777 778 779 780 781 782 783 784 785 787 788 789 795 796 797 799 804 805 806 812 813 814 815 816 819 821 823 824 828 830 831 832 833 836 837 838 839 840 841 842 844 847 848 850 851 852 856 857 858 859 860 864 866 873 877 878 882 886 888 889 892 893 894 895 898 899 900 904 905 906 908 909 910 913 914 915 917 920 925 926 927 928 930 931 932 934 935 942 945 946 950 951 957 958 959 960 970 971 972 973 974 975 976 979 985 986 987 988 990 992 993 995 996 999 1002 1006 1007 1009 1010 1011 1012 1013 1014 1015 1016 1017 1018 1019 1020 1021 1022 1023 1024 1025 1026 1027 1030 1031 1032 1033 1034 1035 1036 1037 1038 1040 1041 1043 1045 1046 1047 1048 1049 1050 1051 1052 1053 1054 1055 1057 1063 1064 1065 1066 1067 1068 1069 1070 1072 1073 1074 1075 1076 1079 1080 1081 1082 1083 1084 1085 1086 1089 1091 1092 1093 1095 1096 1097 1098 1101 1102 1103 1104 1105 1106 1107 1108 1109 1114 1115 1116 1117 1120 1121 1124 1125 1129 1137 1141 1142 1143 1144 1146 1152 1153 1158 1159 1160 1161 1162 1163 1164 1169 1173 1174 1175 1176 1177 1178 1179 1180 1181 1184 1185 1190 1191 1192 1193 1194 1196 1201 1203 1204 1205 1206 1207 1208 1209 1211 1212 1213 1214 1216 1217 1218 1219 1220 1221 1223 1227 1228 1229 1231 1232 1233 1234 1235 1236 1237 1238 1239 1240 1241 1242 1243 1244 1246 1247 1248 1249 1250 1251 1252 1253 1254 1255 1256 1257 1258 1259 1260 1261 1262 1263 1264 1272 1273 1274 1275 1276 1281 1282 1284 1285 1286 1287 1288 1289 1290 1291 1292 1293 1294 1296 1298 1299 1300 1301 1305 1306 1307 1308 1309 1310 1311 1312 1313 1316 1319 1327 1328 1329 1330 1331 1334 1335 1336 1337 1341 1342 1343 1344 1345 1349 1350 1351 1352 1353 1354 1355 1356 1357 1358 1359 1360 1361 1363 1364 1365 1366 1367 1368 1369 1370 1371 1372 1373 1374 1375 1379 1385 1386 1388 1389 1390 1391 1392 1393 1394 1395 1397 1398 1401 1404 1405 1406 1407 1408 1409 1410 1411 1412 1413 1417 1422 1423 1424 1425 1427 1428 1438 1439 1440 1441 1442 1443 1444 1445 1446 1447 1454 1456 1457 1458 1463 1464 1465 1468 1470 1471 1472 1475 1476 1477 1478 1479 1480 1481 1482 1483 1484 1485 1486 1487 1488 1492 1493 1494 1495 1496 1497 1498 1500 1501 1502 1503 1504 1505 1506 1511 1512 1513 1514 1521 1525 1526 1527 1528 1529 1530 1531 1536 1538 1541 1542 1543 1544 1546 1548 1549 1550 1552 1553 1558 1560 1563 1564 1565 1566 1569 1570 1576 1579 1580 1581 1583 1584 1585 1587 1589 1593 1595 1596 1597 1599 1600 1602 1604 1606 1607 1608 1609 1610 1611 1612 1613 1614 1615 1616 1617 1618 1620 1621 1622 1623 1624 1625 1626 1627 1628 1629 1630 1632 1633 1634 1635 1636 1638 1639 1642 1645 1649 1650 1652 1653 1654 1655 1665 1666 1668 1669 1671 1672 1673 1678 1681 1682 1683 1685 1687 1688 1689 1694 1697 1699 1700 1701 1702 1703 1704 1705 1706 1707 1709 1713 1718 1720 1721 1724 1726 1727 1729 1734 1736 1737 1738 1740 1741 1743 1745 1746 1747 1748 1749 1751 1754 1755 1759 1760 1761 1762 1763 1764 1765 1768 1769 1770 1772 1773 1774 1775 1776 1777 1779 1785 1786 1787 1793 1794 1795 1796 1797 1806 1807 1808 1809 1810 1811 1812 1813 1814 1821 1822 1823 1824 1825 1826 1827 1828 1829 1830 1831 1833 1834 1838 1839 1840 1841 1842 1843 1844 1845 1846 1855 1856 1858 1859 1863 1864 1867 1872 1874 1875 1878 1879 1880 1881 1885 1886 1887 1888 1890 1891 1893 1894 1895 1896 1898 1899 1900 1901 1902 1903 1904 1906 1907 1908 1909 1910 1915 1916 1917 1918 1919 1920 1922 1923 1924 1925 1932 1933 1934 1935 1936 1938 1939 1940 1941 1945 1947 1948 1949 1950 1951 1952 1953 1954 1955 1956 1957 1962 1963 1964 1965 1966 1967 1968 1969 1970 1973 1974 1976 1977 1978 1979 1982 1983 1984 1985 1989 1990 1991 1992 1993 1994 2000 2001 2002 2006 2007 2012 2017 2018 2019 2033 2034 2036 2037 2038 2039 2046 2047 2048 0
2 3 4 5 7 8 11 15 17 18 19 21 23 24 26 28 30 32 0

14
1 2 3 4 5 6 7 8 9 10 11 12 13 14 15 16 17 18 19 20 21 22 23 24 25 26 27 28 29 30 31 32 33 34 35 36 37 38 39 40 41 42 43 44 45 46 47 48 49 50 51 52 53 54 55 56 58 59 60 61 62 63 64 65 66 67 68 69 70 71 72 73 75 76 77 78 79 80 81 82 83 84 85 86 87 88 89 92 93 94 95 96 97 98 99 100 101 102 103 106 107 108 109 110 111 112 113 114 115 116 117 119 124 126 127 128 129 130 131 132 133 138 140 141 142 143 144 145 146 147 148 150 151 152 153 156 157 158 159 160 162 163 164 165 166 167 170 171 172 173 174 175 176 177 178 179 180 181 182 183 184 185 186 188 189 190 191 192 193 194 195 196 197 198 199 201 202 203 204 205 206 207 208 209 210 211 212 213 214 215 216 217 219 220 221 222 223 224 225 226 227 228 229 230 232 233 234 235 236 237 238 239 240 241 242 243 244 245 247 248 249 250 251 252 253 255 256 257 258 259 260 261 262 263 264 265 266 267 268 269 270 271 272 273 274 275 276 279 280 281 284 285 286 287 288 289 290 291 292 293 295 296 297 300 301 302 303 304 305 306 307 309 310 311 312 314 317 318 319 320 321 323 324 325 326 328 329 330 332 333 334 336 337 339 340 341 343 348 349 350 351 352 353 354 355 356 357 358 360 363 364 365 366 367 368 369 370 371 372 373 374 376 378 379 381 382 383 384 385 386 387 388 389 394 396 397 398 399 400 401 402 403 404 406 409 410 411 414 415 416 417 418 419 420 423 424 425 426 427 428 429 430 431 432 433 434 435 436 437 438 440 441 443 444 445 446 447 448 449 450 452 453 454 455 459 460 461 462 463 464 465 466 467 469 470 471 472 474 475 476 477 479 480 481 482 483 484 485 487 488 490 491 492 494 496 497 498 499 500 501 503 504 506 507 508 509 510 511 512 513 514 515 516 517 518 519 520 521 522 523 524 525 526 527 528 529 530 531 541 544 545 546 547 548 549 553 554 556 557 559 561 562 563 564 566 567 568 569 570 571 572 574 575 576 577 578 579 581 583 586 587 588 589 590 592 593 594 596 598 600 601 602 604 605 607 608 609 611 612 613 614 616 617 618 619 620 621 622 623 625 626 627 629 630 633 635 637 638 640 641 642 643 645 649 653 654 655 656 658 659 663 666 668 669 670 672 674 675 676 678 679 682 683 686 687 689 690 692 695 697 698 701 702 703 704 706 707 708 711 712 713 715 716 717 718 719 720 722 723 725 726 727 728 730 731 732 734 735 738 740 741 742 744 745 746 747 748 749 750 751 752 753 755 756 759 760 761 762 765 766 767 768 769 770 771 772 773 774 775 776 777 778 779 780 781 782 783 784 785 787 788 789 790 791 792 793 795 797 800 801 802 803 804 805 807 808 809 810 811 813 816 817 820 821 822 823 824 825 826 827 828 829 830 831 832 836 837 838 839 840 841 842 843 844 845 846 848 849 851 852 853 854 855 856 857 858 859 860 861 862 863 864 866 867 868 870 871 872 873 874 875 876 877 878 879 880 881 883 884 885 886 887 888 889 890 894 895 896 897 898 899 901 902 903 904 905 908 909 910 911 912 913 914 915 916 917 919 920 921 922 924 926 928 929 930 931 932 933 934 935 936 937 938 939 941 942 944 946 948 949 951 952 953 954 955 956 957 958 960 962 963 964 965 966 967 968 970 971 972 973 974 975 976 978 980 981 982 983 984 985 986 987 989 990 991 992 994 995 996 997 998 999 1000 1002 1003 1004 1005 1006 1007 1008 1009 1010 1011 1012 1013 1014 1015 1016 1017 1018 1019 1020 1021 1022 1023 1024 1025 1026 1027 1028 1029 1030 1031 1032 1033 1034 1035 1036 1037 1038 1039 1040 1041 1042 1043 1044 1045 1046 1047 1048 1049 1050 1052 1053 1054 1055 1057 1058 1059 1060 1061 1062 1063 1064 1065 1066 1067 1068 1069 1070 1071 1072 1073 1074 1075 1076 1077 1078 1079 1080 1081 1082 1083 1084 1085 1087 1088 1089 1090 1091 1092 1093 1094 1095 1096 1097 1098 1099 1100 1101 1102 1103 1104 1105 1106 1107 1108 1109 1110 1112 1117 1118 1119 1120 1121 1122 1123 1124 1125 1126 1127 1128 1129 1131 1132 1133 1134 1135 1136 1137 1138 1141 1142 1145 1146 1149 1150 1151 1152 1153 1154 1155 1156 1158 1163 1164 1165 1166 1167 1168 1170 1171 1172 1180 1181 1182 1183 1184 1185 1191 1192 1193 1194 1195 1196 1197 1198 1199 1200 1201 1202 1203 1205 1206 1207 1208 1210 1211 1212 1213 1214 1215 1216 1217 1218 1221 1222 1223 1224 1225 1226 1227 1228 1229 1230 1231 1233 1237 1238 1239 1240 1241 1242 1243 1244 1245 1246 1247 1248 1249 1250 1251 1252 1255 1256 1257 1258 1259 1260 1261 1262 1263 1264 1265 1266 1267 1268 1269 1270 1271 1272 1273 1274 1275 1276 1277 1278 1279 1280 1281 1282 1283 1284 1285 1286 1287 1288 1289 1290 1291 1292 1293 1294 1295 1296 1297 1298 1299 1300 1301 1302 1303 1304 1305 1306 1307 1308 1309 1310 1311 1312 1313 1314 1315 1316 1317 1318 1319 1320 1321 1322 1323 1324 1325 1326 1327 1328 1329 1330 1331 1332 1333 1334 1335 1336 1337 1338 1339 1340 1341 1342 1343 1344 1345 1346 1347 1348 1349 1350 1351 1352 1353 1354 1356 1357 1358 1359 1360 1361 1362 1363 1364 1367 1368 1370 1371 1372 1373 1374 1375 1376 1377 1378 1380 1382 1384 1385 1386 1387 1388 1389 1390 1391 1392 1393 1394 1397 1398 1399 1400 1401 1402 1405 1406 1407 1408 1409 1410 1412 1413 1414 1416 1418 1421 1422 1423 1424 1425 1426 1427 1428 1431 1432 1433 1435 1436 1437 1438 1439 1441 1442 1443 1444 1445 1448 1449 1450 1451 1453 1456 1457 1458 1459 1461 1462 1463 1464 1465 1466 1467 1468 1469 1470 1472 1473 1476 1477 1478 1479 1480 1481 1482 1483 1484 1485 1486 1488 1489 1490 1491 1492 1493 1494 1496 1497 1498 1500 1501 1502 1503 1504 1505 1506 1507 1508 1509 1510 1511 1513 1514 1515 1516 1517 1518 1519 1520 1521 1522 1523 1524 1525 1526 1527 1528 1529 1530 1531 1532 1533 1534 1535 1536 1537 1538 1539 1540 1541 1542 1543 1544 1545 1546 1547 1548 1549 1550 1551 1552 1553 1554 1556 1557 1558 1559 1560 1561 1563 1564 1565 1566 1567 1568 1569 1570 1571 1572 1573 1574 1575 1576 1577 1578 1579 1580 1581 1582 1584 1585 1586 1588 1589 1590 1591 1592 1593 1594 1595 1596 1597 1598 1599 1600 1601 1602 1604 1605 1606 1607 1609 1612 1613 1614 1615 1616 1617 1618 1619 1620 1621 1623 1624 1626 1627 1629 1630 1631 1632 1633 1634 1635 1636 1637 1638 1639 1641 1643 1646 1647 1648 1649 1650 1651 1652 1653 1654 1655 1660 1661 1662 1663 1664 1665 1666 1667 1668 1669 1670 1671 1674 1675 1676 1677 1678 1679 1680 1681 1682 1683 1684 1685 1686 1687 1688 1690 1693 1694 1695 1696 1697 1698 1699 1700 1701 1702 1704 1705 1706 1707 1709 1710 1712 1713 1714 1716 1717 1718 1719 1723 1724 1725 1726 1727 1728 1729 1730 1731 1733 1734 1735 1738 1739 1740 1741 1742 1743 1744 1745 1747 1749 1750 1751 1752 1753 1754 1755 1756 1757 1758 1759 1760 1761 1762 1763 1764 1765 1766 1767 1768 1770 1771 1772 1773 1774 1776 1777 1778 1779 1780 1781 1782 1783 1784 1785 1786 1788 1789 1790 1791 1792 1793 1794 1795 1796 1797 1798 1799 1800 1801 1802 1803 1804 1805 1806 1807 1808 1810 1811 1812 1813 1814 1815 1816 1817 1818 1819 1820 1821 1822 1823 1824 1826 1827 1828 1829 1830 1831 1832 1833 1834 1835 1836 1837 1838 1839 1840 1841 1842 1843 1844 1846 1847 1848 1849 1850 1851 1852 1853 1854 1855 1856 1857 1858 1859 1860 1861 1862 1863 1864 1865 1866 1867 1868 1869 1870 1871 1872 1874 1875 1878 1883 1884 1885 1886 1887 1888 1889 1890 1891 1892 1894 1899 1900 1901 1902 1903 1904 1905 1906 1907 1908 1910 1911 1912 1913 1914 1917 1918 1919 1920 1921 1922 1923 1925 1926 1927 1928 1929 1930 1933 1934 1936 1938 1939 1940 1941 1943 1944 1945 1946 1947 1950 1951 1952 1954 1955 1956 1957 1958 1963 1967 1968 1971 1972 1974 1979 1980 1983 1984 1986 1987 1988 1989 1992 1993 1996 1998 1999 2000 2001 2002 2003 2004 2005 2006 2007 2008 2010 2012 2014 2015 2016 2017 2019 2020 2021 2022 2025 2026 2027 2029 2030 2031 2032 2034 2035 2037 2038 2040 2041 2042 2043 2044 2045 2046 2048 0
1 3 4 5 6 8 12 14 15 18 20 21 22 23 29 30 31 32 0

15
1 2 3 5 6 7 8 9 10 11 12 13 14 15 16 17 18 19 20 21 22 23 24 25 26 27 28 29 30 31 32 33 34 35 36 37 38 39 40 41 43 44 45 46 47 48 49 50 51 52 53 55 56 57 58 59 60 61 62 63 64 65 66 67 68 69 70 72 73 74 75 76 77 81 82 83 84 85 86 87 88 89 90 92 94 95 96 97 98 99 100 101 102 103 104 105 106 107 108 109 110 111 112 113 114 115 117 119 120 121 122 123 124 125 126 127 128 129 130 132 133 134 135 137 138 139 141 142 143 144 145 148 150 151 152 153 154 155 156 157 158 159 160 161 163 164 165 166 167 168 169 170 171 172 173 174 175 176 177 178 179 180 181 183 184 186 187 188 189 190 191 192 193 194 195 196 197 198 199 200 201 203 204 205 206 207 208 209 210 211 212 213 214 215 216 217 219 220 221 222 224 225 226 227 228 229 230 231 232 233 234 235 236 237 238 239 240 241 242 243 244 245 246 247 248 249 250 251 252 253 254 255 256 257 259 260 261 262 263 264 265 266 267 268 269 270 271 272 273 274 275 276 277 278 279 280 281 282 283 284 285 286 287 288 289 291 292 293 294 295 296 297 298 300 301 302 303 304 305 306 307 308 310 311 312 313 314 315 316 317 318 319 320 321 322 323 324 325 326 327 328 329 330 331 332 333 334 335 336 337 338 339 340 341 342 343 344 345 346 347 348 349 350 351 352 353 354 355 356 357 358 360 361 362 363 364 365 366 367 368 369 370 371 372 373 374 375 377 378 379 380 381 383 384 385 386 387 388 389 391 392 393 394 395 396 397 398 399 400 401 403 404 405 407 408 409 410 411 412 413 414 415 416 417 418 419 420 421 422 423 424 425 426 427 428 429 430 431 432 433 434 435 437 438 439 440 441 442 443 444 445 446 447 448 449 450 451 452 453 454 455 457 458 459 460 461 462 464 465 466 467 469 470 471 472 473 474 475 477 480 481 482 483 485 486 487 489 490 491 493 495 496 497 498 499 500 501 502 503 504 505 506 507 508 509 510 511 512 513 514 515 517 518 519 520 521 522 523 524 525 526 527 528 529 530 531 532 533 534 535 537 539 540 541 543 544 545 546 548 549 550 551 552 554 556 557 558 559 560 561 562 563 564 565 566 567 568 569 570 571 572 574 575 576 577 578 580 581 582 583 584 585 586 587 588 589 590 591 593 594 595 596 597 598 599 600 601 602 603 604 605 606 607 608 609 610 611 612 613 614 615 616 617 618 619 620 621 622 623 624 625 626 628 629 631 632 633 634 635 636 637 638 639 640 641 642 643 644 646 647 648 649 650 651 652 653 654 655 656 657 658 659 660 662 663 664 665 666 667 668 669 670 671 673 674 675 676 677 679 680 681 682 683 684 685 686 687 688 689 690 692 693 695 696 698 699 701 702 703 705 706 707 709 710 711 712 713 714 715 716 717 718 719 721 722 723 724 725 726 727 728 729 730 731 732 733 734 736 737 738 741 742 743 744 745 746 747 748 749 750 751 752 753 754 755 756 757 758 759 760 762 763 764 765 766 767 768 769 770 771 772 773 774 775 776 777 778 779 780 781 782 783 784 786 787 788 789 790 791 792 794 795 796 797 798 799 800 802 803 804 806 807 808 809 810 811 812 813 814 815 816 817 818 819 820 821 822 823 824 825 826 827 828 829 830 831 832 833 835 836 838 839 840 841 842 843 844 845 846 847 849 850 851 852 853 854 855 856 857 860 861 862 863 864 865 866 868 869 870 871 872 873 874 876 877 878 879 880 881 882 883 884 886 887 888 889 890 891 892 893 894 895 896 897 898 899 902 903 904 905 906 908 909 911 912 913 914 915 916 917 918 919 920 921 922 923 924 925 926 927 928 929 930 931 932 933 934 935 936 937 938 939 940 941 942 943 944 945 946 947 949 950 951 953 954 955 956 958 959 960 962 963 964 965 966 967 968 969 970 971 972 973 974 977 978 979 980 981 982 983 984 985 986 987 988 989 990 991 992 993 994 995 996 997 998 999 1000 1001 1002 1003 1005 1006 1007 1008 1009 1010 1011 1012 1013 1014 1015 1016 1017 1018 1019 1020 1021 1022 1023 1024 1025 1026 1028 1029 1030 1031 1032 1033 1034 1035 1036 1037 1038 1039 1040 1041 1042 1043 1044 1045 1046 1047 1048 1049 1050 1051 1052 1053 1054 1055 1056 1057 1058 1059 1060 1062 1063 1064 1065 1066 1067 1068 1069 1070 1071 1072 1073 1074 1075 1076 1077 1078 1079 1081 1082 1083 1084 1085 1086 1090 1091 1092 1093 1094 1095 1096 1097 1098 1099 1101 1102 1103 1104 1105 1106 1107 1108 1109 1110 1111 1112 1113 1114 1115 1116 1117 1118 1119 1120 1121 1122 1123 1124 1125 1126 1127 1128 1129 1130 1131 1132 1134 1135 1136 1137 1138 1139 1140 1141 1142 1145 1148 1149 1150 1151 1153 1154 1155 1156 1157 1158 1159 1161 1162 1163 1164 1165 1166 1167 1168 1169 1170 1171 1172 1173 1174 1175 1176 1178 1179 1180 1181 1182 1183 1184 1185 1186 1189 1190 1191 1192 1193 1195 1196 1197 1198 1199 1200 1201 1202 1203 1204 1206 1208 1209 1210 1211 1212 1213 1215 1216 1217 1218 1219 1220 1221 1222 1223 1224 1225 1226 1227 1228 1230 1232 1233 1234 1235 1236 1237 1238 1239 1240 1241 1242 1243 1244 1245 1246 1247 1248 1249 1250 1251 1252 1253 1255 1256 1257 1258 1259 1260 1261 1262 1263 1264 1265 1266 1267 1268 1269 1270 1271 1272 1273 1274 1275 1276 1277 1278 1279 1280 1281 1282 1283 1284 1285 1287 1288 1289 1290 1291 1292 1293 1294 1295 1296 1297 1298 1299 1301 1302 1303 1304 1305 1306 1307 1308 1309 1310 1311 1312 1313 1314 1315 1316 1317 1320 1321 1322 1323 1324 1325 1326 1327 1328 1329 1330 1331 1332 1333 1334 1335 1336 1337 1338 1339 1340 1341 1344 1345 1346 1347 1349 1350 1351 1352 1353 1354 1355 1356 1358 1359 1360 1361 1362 1363 1365 1366 1367 1368 1369 1370 1371 1372 1373 1376 1377 1378 1379 1380 1382 1383 1384 1385 1386 1387 1388 1389 1390 1391 1392 1393 1394 1395 1396 1397 1400 1401 1402 1403 1405 1406 1407 1408 1409 1410 1411 1412 1413 1416 1417 1418 1419 1420 1421 1422 1424 1425 1426 1427 1429 1430 1431 1432 1433 1434 1435 1436 1437 1439 1440 1441 1442 1443 1444 1445 1446 1447 1448 1449 1451 1452 1453 1454 1455 1456 1457 1458 1459 1460 1461 1462 1463 1464 1466 1467 1468 1470 1471 1472 1473 1474 1475 1477 1478 1479 1480 1481 1482 1483 1485 1486 1487 1488 1489 1490 1491 1494 1495 1496 1497 1498 1499 1500 1501 1502 1503 1504 1505 1506 1507 1508 1509 1510 1511 1512 1513 1514 1515 1516 1517 1521 1522 1524 1525 1526 1527 1528 1529 1530 1532 1533 1534 1535 1537 1538 1539 1540 1541 1542 1543 1545 1546 1547 1548 1549 1550 1551 1552 1553 1554 1555 1556 1557 1558 1559 1561 1562 1563 1564 1566 1567 1568 1569 1570 1571 1572 1573 1574 1575 1576 1577 1578 1579 1580 1581 1582 1584 1585 1586 1587 1588 1589 1590 1591 1592 1593 1594 1595 1596 1598 1599 1600 1601 1602 1603 1604 1605 1606 1607 1608 1609 1610 1611 1612 1613 1614 1615 1616 1617 1618 1619 1620 1621 1622 1623 1624 1625 1626 1627 1628 1629 1630 1631 1632 1633 1634 1635 1636 1637 1638 1640 1641 1642 1643 1644 1645 1646 1648 1649 1650 1651 1652 1653 1654 1655 1657 1658 1659 1660 1661 1662 1663 1664 1665 1666 1667 1668 1669 1670 1671 1672 1673 1674 1675 1676 1677 1678 1679 1680 1681 1682 1683 1684 1685 1686 1687 1688 1689 1690 1691 1692 1693 1694 1695 1696 1697 1698 1699 1700 1701 1702 1703 1704 1705 1707 1708 1709 1710 1711 1712 1713 1714 1715 1716 1717 1718 1719 1720 1721 1722 1723 1724 1725 1726 1727 1728 1729 1731 1732 1733 1734 1735 1736 1737 1738 1739 1740 1741 1742 1744 1745 1746 1747 1748 1749 1750 1752 1753 1754 1755 1756 1757 1758 1759 1760 1761 1762 1763 1764 1765 1766 1767 1768 1769 1770 1771 1773 1774 1775 1776 1777 1778 1779 1781 1782 1783 1784 1785 1786 1787 1790 1791 1792 1793 1794 1795 1796 1797 1798 1799 1800 1801 1802 1803 1804 1805 1806 1807 1808 1809 1810 1811 1812 1814 1815 1816 1817 1818 1819 1820 1821 1822 1823 1824 1825 1826 1827 1828 1829 1830 1831 1832 1833 1834 1835 1836 1837 1838 1839 1840 1841 1842 1843 1845 1846 1847 1848 1849 1850 1851 1852 1853 1854 1855 1856 1857 1858 1859 1860 1861 1862 1863 1864 1866 1867 1868 1870 1871 1872 1873 1874 1875 1876 1877 1878 1879 1880 1882 1883 1884 1885 1886 1887 1888 1889 1890 1892 1893 1894 1895 1896 1897 1898 1899 1900 1901 1902 1903 1904 1905 1906 1907 1908 1909 1910 1913 1914 1916 1917 1918 1919 1920 1921 1922 1923 1924 1925 1929 1932 1933 1934 1935 1936 1937 1938 1940 1943 1944 1945 1946 1948 1949 1950 1951 1952 1953 1954 1955 1957 1959 1960 1963 1964 1965 1966 1967 1968 1969 1970 1971 1974 1976 1977 1978 1979 1980 1981 1982 1983 1984 1985 1986 1987 1988 1989 1992 1993 1994 1995 1996 1998 1999 2000 2001 2002 2004 2007 2008 2009 2011 2012 2014 2015 2016 2017 2018 2019 2020 2021 2022 2023 2026 2027 2028 2029 2030 2031 2032 2033 2034 2036 2038 2039 2040 2042 2043 2044 2045 2046 2047 2048 0
1 2 3 4 5 6 8 9 10 11 13 14 15 16 17 19 20 21 23 24 25 26 28 29 30 32 0

16
1 4 6 7 8 9 10 12 13 14 15 16 17 21 22 23 24 25 27 29 30 33 38 40 41 45 49 52 54 55 57 60 64 65 70 71 72 73 74 75 77 79 81 85 86 87 88 89 90 91 93 94 95 97 99 100 101 102 103 104 105 106 108 110 111 113 115 116 117 118 119 120 121 122 123 128 129 131 132 133 134 136 137 138 139 140 143 144 145 148 149 150 152 153 154 155 156 158 159 160 161 163 164 166 168 169 171 173 175 176 177 179 180 182 183 184 185 186 188 190 191 193 195 197 198 199 200 201 204 205 206 207 209 211 213 214 215 221 222 224 225 228 230 231 232 236 237 238 239 240 241 242 243 245 246 247 248 249 250 251 252 253 254 255 256 257 258 260 261 262 263 264 265 266 267 268 269 270 271 272 273 274 276 278 280 281 282 284 285 287 288 289 292 293 295 296 301 303 304 305 306 307 308 310 311 312 313 314 316 319 320 321 323 324 326 328 329 330 332 333 335 336 337 341 343 344 345 347 349 351 352 353 356 357 358 359 360 362 363 364 365 366 368 369 371 373 374 375 377 378 379 381 382 384 385 386 388 389 390 391 392 393 394 395 396 397 399 401 403 405 406 407 408 409 410 412 413 416 417 418 419 420 421 422 423 424 425 426 427 428 429 432 433 434 435 436 437 438 439 440 441 442 443 445 446 448 449 451 452 454 455 456 459 460 462 463 464 465 466 469 470 473 474 475 476 478 481 485 486 487 488 491 494 495 498 499 500 501 503 504 505 506 507 508 511 512 513 514 517 519 520 521 522 523 524 525 526 527 528 529 530 531 533 534 535 536 537 538 539 541 542 545 547 551 552 553 554 557 558 559 561 562 563 564 565 566 567 568 569 570 572 573 574 575 576 577 578 579 580 582 583 584 585 586 587 594 596 597 598 599 600 601 602 603 604 605 606 607 609 611 613 614 615 616 617 618 619 620 622 626 627 628 629 630 631 632 633 634 635 636 637 638 644 645 647 648 649 651 652 653 654 659 661 662 663 664 665 666 667 668 669 670 671 673 674 676 677 678 679 681 683 684 685 686 687 690 692 693 694 696 698 699 700 708 710 713 714 719 720 722 726 727 728 730 734 738 740 741 744 745 749 750 753 761 762 763 764 766 768 769 770 771 772 773 774 775 776 777 778 779 780 781 782 783 784 785 786 787 790 791 792 793 794 795 796 797 800 801 802 803 804 805 806 807 808 809 810 811 815 817 819 820 821 822 824 825 826 831 834 838 841 842 843 845 846 848 849 850 851 855 856 857 858 859 860 861 862 864 865 868 869 870 871 872 873 874 875 876 878 879 881 883 886 887 888 889 890 891 892 893 894 895 898 899 900 901 902 903 904 905 906 908 909 912 914 916 917 918 919 920 921 922 923 924 928 930 931 932 933 934 935 936 937 938 939 940 941 942 943 947 948 949 950 951 952 953 954 955 956 959 960 965 966 967 968 969 970 971 972 974 979 980 983 984 985 986 987 988 989 991 992 996 998 999 1000 1001 1002 1004 1007 1008 1009 1010 1011 1012 1013 1014 1015 1016 1017 1018 1019 1020 1021 1022 1023 1024 1028 1029 1030 1032 1033 1034 1035 1037 1040 1041 1043 1044 1046 1047 1048 1049 1050 1051 1052 1053 1054 1057 1060 1064 1065 1066 1067 1068 1069 1070 1073 1075 1076 1077 1078 1079 1080 1081 1082 1086 1088 1089 1091 1092 1093 1094 1099 1100 1101 1102 1103 1104 1105 1106 1107 1108 1109 1110 1116 1117 1118 1120 1121 1122 1123 1124 1125 1127 1128 1129 1130 1131 1134 1137 1138 1139 1140 1142 1143 1144 1145 1146 1147 1148 1149 1150 1153 1154 1155 1156 1157 1159 1160 1164 1165 1166 1169 1170 1171 1173 1174 1175 1176 1177 1178 1179 1180 1181 1182 1185 1186 1187 1188 1190 1191 1192 1193 1194 1195 1196 1197 1198 1201 1205 1206 1208 1209 1210 1211 1212 1213 1214 1217 1222 1223 1224 1225 1226 1227 1228 1229 1233 1234 1238 1239 1240 1245 1249 1250 1253 1255 1256 1257 1258 1259 1260 1261 1262 1265 1266 1267 1268 1269 1270 1271 1272 1273 1274 1275 1276 1277 1278 1279 1280 1281 1282 1283 1284 1285 1286 1287 1288 1289 1290 1291 1292 1293 1294 1295 1296 1297 1301 1303 1304 1305 1306 1307 1308 1310 1313 1315 1317 1319 1320 1321 1322 1323 1324 1328 1329 1333 1335 1336 1338 1339 1340 1345 1350 1351 1353 1354 1355 1361 1369 1370 1371 1372 1373 1374 1376 1377 1381 1382 1383 1384 1385 1386 1387 1388 1389 1390 1392 1393 1394 1396 1397 1399 1400 1401 1402 1403 1404 1405 1406 1407 1408 1409 1410 1411 1412 1413 1414 1415 1417 1418 1419 1420 1421 1422 1423 1424 1425 1426 1427 1428 1429 1430 1431 1434 1435 1436 1437 1438 1439 1440 1441 1444 1445 1446 1447 1448 1449 1450 1451 1452 1453 1454 1455 1458 1459 1461 1462 1463 1464 1465 1466 1467 1468 1469 1470 1471 1472 1473 1477 1479 1485 1488 1492 1494 1496 1500 1503 1504 1505 1510 1514 1516 1517 1519 1520 1521 1522 1523 1524 1525 1529 1530 1537 1538 1539 1541 1542 1543 1544 1546 1548 1549 1550 1552 1553 1555 1558 1559 1560 1561 1563 1565 1566 1568 1569 1571 1572 1574 1575 1576 1577 1578 1579 1581 1582 1583 1584 1585 1586 1590 1591 1592 1593 1594 1596 1597 1598 1599 1600 1601 1602 1603 1604 1606 1607 1608 1609 1610 1611 1612 1613 1614 1616 1617 1618 1619 1620 1622 1623 1624 1625 1626 1627 1628 1630 1632 1633 1634 1637 1638 1639 1640 1641 1642 1643 1644 1645 1646 1649 1650 1653 1654 1655 1656 1657 1658 1659 1660 1661 1662 1665 1666 1668 1670 1672 1673 1675 1676 1677 1678 1679 1681 1682 1683 1684 1685 1686 1687 1689 1691 1692 1693 1695 1697 1698 1700 1702 1703 1704 1705 1708 1709 1710 1711 1713 1717 1718 1719 1721 1722 1723 1724 1725 1729 1730 1734 1736 1737 1738 1739 1740 1741 1742 1745 1746 1748 1750 1751 1753 1755 1756 1758 1761 1762 1763 1766 1769 1770 1774 1777 1779 1780 1781 1783 1784 1787 1788 1789 1790 1791 1792 1793 1795 1797 1798 1800 1801 1802 1804 1805 1809 1810 1816 1817 1818 1820 1821 1822 1825 1826 1827 1831 1832 1833 1834 1835 1838 1839 1841 1842 1843 1847 1848 1849 1850 1856 1857 1858 1859 1863 1864 1865 1866 1867 1869 1870 1872 1873 1879 1880 1881 1882 1883 1887 1895 1903 1905 1911 1919 1921 1928 1929 1930 1931 1932 1933 1936 1937 1945 1948 1949 1950 1952 1957 1959 1960 1961 1962 1964 1965 1966 1967 1968 1969 1970 1971 1972 1973 1974 1978 1979 1980 1981 1982 1983 1986 1987 1988 1989 1990 1994 1995 1996 1997 1998 2002 2003 2004 2005 2006 2010 2019 2020 2021 2024 2036 2037 2038 2039 2041 2045 2046 2047 2048 0
3 10 11 12 20 21 22 23 24 27 28 29 30 31 32 0

17
1 3 4 5 8 11 13 14 15 16 17 18 19 21 23 24 25 26 27 28 29 30 31 33 34 36 39 40 41 42 43 44 45 46 47 48 49 51 52 54 55 57 58 60 62 63 65 66 67 68 69 71 72 73 74 75 76 78 80 81 82 84 85 88 89 90 92 93 95 96 97 98 100 101 102 103 105 106 107 108 109 112 113 114 118 119 120 121 122 123 124 125 126 127 128 129 130 131 133 134 135 136 137 138 139 140 141 142 143 144 145 146 148 149 150 151 152 153 154 155 156 157 159 161 162 163 164 165 166 167 168 169 170 171 172 173 176 177 178 179 180 181 183 184 185 186 187 189 190 192 193 194 195 196 197 198 199 202 203 204 205 206 207 209 212 214 215 217 218 219 220 221 222 223 224 225 226 227 228 229 230 231 232 233 234 235 236 238 241 242 243 244 245 246 247 248 249 250 251 252 253 254 255 256 257 258 259 260 261 262 263 266 267 268 269 270 271 272 273 274 275 279 280 281 282 283 284 285 286 287 288 289 290 291 292 293 294 296 297 298 299 300 302 303 304 305 306 307 309 310 312 313 314 315 316 317 319 320 321 322 323 324 325 326 327 328 329 330 331 332 333 334 335 336 337 338 339 341 342 343 344 345 346 347 348 350 351 352 353 354 355 356 357 358 359 360 361 362 363 366 367 368 369 371 373 375 376 377 378 379 380 381 382 384 385 387 388 389 390 391 392 393 394 395 396 397 399 400 401 403 404 405 406 407 408 409 410 411 412 413 414 416 417 418 419 420 421 423 424 425 426 427 428 430 431 432 433 434 436 439 440 441 442 443 444 446 447 448 449 450 451 457 458 459 460 461 462 463 464 465 466 467 471 472 473 474 475 476 477 479 480 481 482 483 485 486 487 488 489 490 492 493 494 495 496 497 498 499 500 501 502 503 504 505 506 507 508 509 510 511 512 513 514 515 516 517 518 519 521 522 523 524 525 526 527 528 529 530 531 533 534 535 536 537 538 539 540 541 542 543 544 545 546 547 548 549 550 551 552 553 555 556 557 558 559 560 561 562 564 565 566 568 569 570 571 573 575 577 578 579 580 581 582 583 584 585 587 588 589 590 591 592 593 594 595 596 597 598 599 600 601 602 603 604 605 606 607 608 609 610 611 612 613 614 615 616 617 618 619 620 621 622 624 625 627 628 629 630 631 632 633 634 635 636 637 638 639 640 642 643 644 645 646 648 649 650 651 652 653 654 656 658 659 660 661 662 663 664 665 666 667 668 669 670 671 672 673 674 675 676 677 678 679 680 681 682 683 684 685 686 687 688 689 690 691 692 693 694 695 696 697 698 699 700 701 703 704 705 707 708 710 711 712 713 714 715 716 717 719 720 721 723 724 725 726 727 728 729 730 731 732 735 736 737 738 739 740 741 742 743 744 745 746 747 748 749 750 751 752 753 754 756 757 758 759 760 763 765 766 768 769 770 771 772 773 774 775 776 777 778 779 780 781 782 783 784 785 788 789 794 795 796 797 798 799 801 802 803 804 806 807 809 810 811 812 813 814 815 816 817 818 819 821 822 824 825 826 827 828 829 830 831 832 833 834 835 836 839 840 841 843 846 847 848 850 851 852 853 854 857 858 859 860 861 862 863 864 865 867 868 869 870 871 872 873 874 876 877 878 879 880 881 882 883 884 885 886 888 889 890 891 894 895 896 897 898 899 902 903 904 905 906 907 908 910 911 912 913 914 915 917 918 919 920 921 923 924 925 926 927 928 929 931 932 933 934 935 936 937 938 940 941 942 943 944 946 947 949 950 951 952 953 954 955 956 957 958 959 960 961 962 963 964 965 966 967 968 969 971 973 974 975 976 977 978 979 980 981 983 984 985 986 987 988 989 990 991 992 993 995 998 999 1000 1001 1002 1003 1004 1005 1007 1009 1010 1011 1012 1013 1014 1015 1016 1017 1018 1019 1020 1021 1022 1023 1024 1025 1026 1027 1028 1029 1030 1031 1033 1035 1036 1037 1038 1039 1040 1041 1042 1043 1044 1045 1047 1048 1049 1050 1051 1052 1053 1054 1057 1058 1060 1062 1063 1064 1065 1067 1068 1069 1070 1074 1075 1077 1078 1079 1080 1083 1084 1085 1087 1088 1089 1090 1093 1096 1097 1098 1099 1100 1101 1104 1105 1106 1107 1108 1109 1110 1111 1113 1114 1115 1116 1117 1118 1119 1120 1121 1122 1123 1124 1126 1127 1128 1129 1130 1132 1133 1134 1135 1136 1138 1139 1141 1144 1145 1146 1147 1151 1152 1153 1154 1155 1156 1159 1160 1161 1162 1163 1164 1165 1169 1170 1171 1173 1174 1175 1176 1177 1178 1179 1180 1181 1182 1183 1184 1185 1186 1187 1188 1189 1190 1191 1192 1193 1194 1195 1196 1198 1200 1201 1202 1203 1205 1206 1207 1208 1209 1210 1211 1212 1213 1215 1216 1217 1218 1219 1220 1221 1222 1223 1224 1225 1226 1227 1228 1229 1230 1231 1233 1234 1235 1236 1238 1239 1241 1242 1243 1244 1245 1248 1249 1250 1251 1252 1254 1255 1256 1257 1258 1259 1260 1261 1262 1264 1265 1266 1267 1268 1269 1270 1271 1272 1273 1274 1275 1276 1277 1278 1279 1280 1282 1283 1284 1285 1286 1287 1288 1289 1290 1291 1292 1293 1294 1295 1296 1297 1298 1299 1300 1301 1302 1303 1304 1305 1306 1307 1308 1309 1310 1311 1312 1313 1314 1315 1316 1318 1319 1320 1321 1322 1323 1324 1325 1326 1327 1328 1329 1330 1331 1332 1333 1334 1335 1336 1337 1338 1339 1340 1341 1342 1343 1344 1345 1349 1350 1351 1352 1353 1354 1355 1356 1357 1358 1359 1360 1361 1365 1368 1369 1370 1371 1372 1373 1375 1376 1377 1378 1380 1381 1384 1385 1386 1387 1388 1389 1391 1392 1393 1394 1396 1398 1400 1401 1404 1405 1406 1407 1408 1409 1410 1411 1412 1413 1415 1416 1417 1419 1420 1421 1422 1423 1424 1426 1428 1431 1438 1440 1441 1442 1443 1444 1445 1446 1447 1448 1450 1451 1452 1453 1454 1455 1456 1457 1458 1459 1460 1462 1463 1464 1465 1466 1467 1468 1469 1470 1471 1472 1473 1474 1475 1476 1477 1478 1479 1482 1483 1484 1485 1486 1487 1488 1489 1490 1491 1492 1493 1496 1497 1498 1500 1501 1502 1503 1504 1505 1506 1507 1508 1509 1511 1512 1513 1514 1515 1516 1517 1519 1520 1521 1522 1523 1524 1525 1526 1527 1528 1529 1530 1531 1532 1536 1537 1539 1540 1541 1542 1543 1546 1547 1548 1549 1550 1551 1552 1553 1554 1555 1558 1559 1560 1561 1563 1564 1565 1566 1567 1568 1569 1574 1575 1576 1577 1579 1580 1581 1582 1583 1584 1585 1586 1587 1588 1589 1590 1591 1592 1593 1594 1595 1596 1597 1598 1599 1600 1601 1602 1603 1604 1607 1608 1609 1611 1614 1615 1616 1617 1618 1620 1621 1623 1624 1625 1627 1628 1629 1631 1632 1633 1634 1636 1637 1639 1640 1641 1642 1643 1644 1645 1646 1647 1648 1649 1650 1651 1653 1654 1655 1656 1657 1658 1660 1661 1663 1664 1665 1667 1669 1670 1671 1672 1673 1674 1675 1676 1677 1678 1680 1681 1682 1683 1684 1685 1686 1687 1688 1689 1690 1691 1692 1693 1695 1696 1697 1698 1699 1700 1701 1702 1703 1704 1705 1706 1707 1708 1709 1710 1711 1712 1713 1714 1715 1716 1717 1718 1719 1720 1722 1724 1725 1726 1727 1728 1729 1730 1731 1733 1734 1735 1736 1737 1738 1739 1740 1741 1742 1743 1744 1745 1747 1748 1749 1750 1751 1752 1753 1754 1755 1757 1758 1760 1761 1762 1763 1764 1766 1767 1768 1769 1770 1771 1772 1777 1778 1780 1781 1782 1783 1784 1785 1786 1787 1788 1789 1792 1793 1794 1795 1796 1797 1798 1799 1800 1801 1802 1803 1804 1805 1806 1807 1808 1809 1810 1811 1812 1815 1816 1817 1818 1819 1820 1821 1822 1823 1824 1825 1826 1827 1828 1829 1832 1833 1834 1835 1836 1837 1838 1839 1840 1841 1842 1843 1844 1845 1846 1847 1848 1849 1850 1851 1852 1853 1854 1855 1856 1857 1858 1859 1860 1861 1862 1865 1866 1867 1868 1869 1870 1871 1872 1873 1874 1875 1876 1877 1878 1880 1881 1882 1883 1884 1885 1886 1887 1888 1889 1890 1891 1892 1893 1894 1895 1896 1897 1899 1900 1901 1903 1904 1905 1906 1907 1908 1909 1911 1912 1914 1915 1916 1917 1918 1919 1920 1921 1922 1923 1924 1929 1930 1932 1933 1934 1935 1936 1937 1938 1939 1940 1941 1943 1946 1947 1948 1949 1950 1951 1952 1953 1954 1957 1959 1960 1962 1963 1965 1966 1967 1968 1969 1970 1972 1973 1974 1975 1977 1978 1979 1980 1981 1982 1983 1984 1985 1986 1987 1991 1992 1993 1994 1995 1996 1997 1998 1999 2000 2001 2002 2003 2004 2005 2006 2007 2008 2009 2010 2013 2014 2015 2016 2017 2018 2019 2020 2021 2022 2023 2024 2025 2026 2028 2029 2030 2031 2032 2033 2034 2035 2036 2037 2038 2039 2040 2041 2043 2045 2046 2047 2048 0
2 3 4 5 7 8 10 11 12 13 14 15 16 18 21 22 23 25 26 28 29 30 31 0

18
1 2 3 4 5 6 7 8 9 10 11 12 13 14 15 16 17 18 19 20 21 22 25 27 28 29 30 31 32 33 35 36 37 38 40 41 43 44 46 47 48 49 51 52 53 54 55 57 58 59 60 61 62 64 65 66 68 69 70 71 72 73 74 75 76 77 78 81 84 86 87 88 89 90 91 92 93 95 96 97 98 100 101 102 103 104 105 106 107 108 111 112 113 114 117 118 119 120 121 122 123 124 125 128 129 130 132 134 135 136 137 139 140 141 144 145 146 148 149 151 152 153 155 156 157 158 160 161 163 164 165 166 167 169 171 172 176 177 179 180 181 184 185 186 187 188 189 191 193 194 195 196 197 198 199 200 203 204 205 206 208 209 210 212 214 216 217 218 219 220 221 222 223 224 225 226 227 228 229 230 232 233 234 235 236 237 238 242 243 244 245 246 247 249 250 251 252 253 254 255 256 257 258 259 260 261 262 265 266 267 268 270 271 273 276 277 278 280 281 282 283 284 286 287 288 289 290 291 293 294 296 297 298 300 301 303 306 308 311 313 314 315 316 317 324 326 327 328 329 330 331 332 333 334 335 336 337 338 341 342 343 344 345 346 347 349 350 352 355 356 357 359 360 361 362 365 366 368 369 370 371 372 373 374 375 377 378 379 381 383 384 386 387 388 389 390 391 392 393 394 397 399 400 401 403 404 405 406 408 409 410 411 412 414 415 416 417 419 420 421 422 423 424 425 426 428 429 432 433 434 436 437 438 439 440 441 442 443 444 445 446 447 448 449 450 452 453 455 456 459 460 461 463 464 465 466 467 468 469 471 472 474 475 476 477 478 479 480 481 483 484 485 486 487 488 489 490 491 493 496 498 499 500 501 502 503 504 505 506 507 508 509 512 513 514 515 516 517 518 519 521 523 524 525 526 527 528 529 530 531 532 535 538 539 540 542 543 544 545 546 550 551 555 557 558 559 560 562 565 566 567 568 570 571 573 574 576 578 583 584 585 586 588 589 590 592 593 597 598 599 600 601 602 604 606 609 610 612 616 619 620 621 623 624 626 627 631 632 633 634 636 637 639 640 643 644 645 647 648 649 650 651 652 653 654 656 657 659 660 661 662 663 664 665 666 667 671 672 676 677 678 679 680 681 682 683 684 685 686 687 688 690 692 693 694 696 697 698 699 700 701 702 703 704 705 706 707 708 709 710 711 712 713 714 715 716 717 718 719 720 721 722 723 724 725 726 727 728 729 730 732 734 735 737 738 740 741 742 743 744 745 746 747 748 749 750 751 753 756 757 758 759 760 761 762 764 769 770 771 772 774 775 776 777 778 779 780 781 782 783 784 787 790 791 792 793 794 795 796 797 800 801 805 807 810 811 813 814 815 816 817 818 819 820 823 825 826 828 829 830 832 835 836 837 838 839 840 841 844 846 847 848 849 850 851 852 853 854 855 856 857 858 859 860 861 863 864 865 869 870 871 872 873 874 875 876 878 879 880 882 883 884 885 886 887 889 890 891 892 893 894 895 896 898 899 901 902 903 904 905 906 907 908 909 912 913 914 915 916 917 918 919 920 921 922 926 927 928 929 930 932 935 936 937 939 941 942 944 946 947 948 949 950 951 952 953 954 955 956 957 958 960 961 962 964 966 967 968 969 970 971 972 974 975 976 977 978 979 980 983 985 986 987 988 989 990 991 992 993 994 996 998 1000 1001 1002 1003 1004 1005 1008 1009 1010 1011 1012 1013 1014 1015 1016 1017 1018 1019 1020 1021 1022 1023 1024 1025 1026 1027 1028 1030 1032 1033 1035 1037 1038 1039 1040 1041 1047 1048 1049 1050 1051 1052 1057 1063 1065 1066 1067 1068 1069 1070 1073 1075 1077 1079 1081 1082 1083 1084 1086 1089 1090 1091 1092 1094 1095 1097 1100 1101 1102 1103 1105 1107 1108 1109 1110 1111 1113 1114 1115 1116 1117 1118 1119 1120 1121 1125 1127 1128 1129 1131 1132 1133 1134 1135 1136 1137 1141 1142 1144 1145 1146 1148 1150 1151 1152 1153 1154 1155 1156 1157 1158 1159 1160 1161 1162 1164 1165 1167 1168 1169 1170 1171 1172 1173 1175 1180 1181 1182 1183 1184 1185 1186 1187 1188 1194 1195 1198 1199 1200 1201 1202 1203 1204 1206 1207 1209 1210 1211 1212 1213 1216 1217 1218 1219 1220 1221 1222 1223 1225 1226 1227 1228 1229 1230 1232 1233 1234 1235 1236 1237 1238 1239 1240 1241 1242 1244 1245 1246 1247 1248 1249 1250 1253 1255 1256 1257 1258 1263 1264 1265 1266 1267 1268 1269 1270 1271 1272 1273 1274 1275 1276 1277 1278 1279 1280 1282 1283 1284 1285 1286 1287 1288 1289 1290 1291 1292 1293 1294 1295 1296 1297 1298 1299 1300 1301 1302 1303 1304 1306 1307 1308 1309 1310 1311 1312 1313 1314 1315 1316 1317 1319 1320 1325 1326 1327 1328 1329 1330 1331 1332 1335 1336 1337 1338 1339 1340 1341 1342 1344 1345 1352 1354 1355 1356 1357 1360 1361 1365 1367 1368 1369 1370 1371 1374 1376 1377 1378 1379 1383 1384 1385 1386 1387 1389 1391 1394 1395 1396 1397 1399 1403 1404 1407 1408 1409 1410 1411 1412 1413 1414 1415 1416 1417 1419 1420 1421 1422 1423 1424 1425 1427 1428 1429 1431 1432 1435 1437 1439 1440 1441 1442 1443 1446 1447 1448 1449 1450 1451 1452 1453 1454 1455 1456 1457 1461 1462 1464 1465 1466 1467 1469 1470 1471 1472 1473 1474 1475 1476 1477 1478 1479 1480 1481 1482 1483 1484 1485 1486 1487 1488 1489 1490 1491 1492 1493 1494 1495 1496 1497 1498 1499 1500 1502 1505 1506 1507 1508 1509 1511 1512 1513 1514 1515 1516 1517 1518 1521 1522 1523 1524 1525 1526 1527 1528 1529 1530 1533 1535 1536 1537 1539 1543 1544 1545 1546 1548 1552 1553 1554 1558 1559 1560 1561 1562 1563 1564 1565 1568 1569 1572 1574 1577 1578 1579 1580 1581 1582 1583 1584 1585 1586 1587 1590 1591 1592 1593 1595 1596 1597 1598 1599 1601 1602 1603 1607 1608 1609 1610 1611 1612 1613 1614 1615 1617 1620 1621 1623 1624 1626 1627 1628 1632 1633 1634 1636 1637 1638 1639 1640 1641 1642 1643 1644 1645 1646 1647 1648 1649 1651 1652 1653 1654 1655 1656 1657 1658 1660 1661 1662 1663 1664 1665 1667 1668 1669 1670 1671 1672 1673 1674 1675 1676 1677 1678 1679 1680 1681 1684 1685 1686 1687 1688 1689 1690 1691 1692 1693 1694 1695 1696 1697 1698 1700 1701 1702 1703 1704 1705 1706 1707 1708 1709 1710 1711 1712 1713 1714 1715 1716 1717 1718 1720 1721 1722 1723 1725 1726 1727 1728 1729 1731 1732 1733 1734 1735 1736 1737 1738 1739 1740 1741 1742 1743 1744 1745 1747 1748 1749 1750 1751 1752 1753 1754 1755 1756 1757 1758 1760 1761 1763 1764 1765 1766 1767 1768 1769 1770 1771 1772 1773 1777 1778 1779 1781 1782 1783 1784 1785 1786 1787 1789 1791 1792 1793 1794 1795 1796 1797 1798 1799 1800 1801 1802 1803 1804 1805 1806 1807 1808 1810 1815 1816 1817 1818 1819 1820 1823 1824 1826 1827 1828 1833 1834 1835 1836 1837 1838 1842 1843 1845 1846 1847 1848 1849 1850 1851 1852 1853 1854 1858 1860 1861 1862 1866 1867 1868 1869 1870 1873 1875 1876 1877 1878 1879 1880 1882 1883 1884 1885 1886 1887 1888 1892 1896 1897 1898 1899 1900 1901 1902 1903 1904 1909 1911 1912 1913 1914 1915 1916 1917 1919 1920 1922 1923 1924 1926 1928 1929 1930 1931 1933 1935 1936 1938 1939 1940 1941 1942 1943 1944 1945 1947 1949 1950 1951 1952 1953 1954 1955 1956 1958 1961 1962 1963 1964 1965 1967 1968 1969 1970 1971 1973 1974 1977 1979 1980 1981 1982 1983 1984 1986 1987 1988 1989 1990 1991 1992 1995 1996 1997 1998 1999 2000 2002 2003 2005 2006 2011 2012 2013 2015 2016 2017 2018 2022 2023 2025 2027 2032 2033 2034 2036 2038 2039 2040 2041 2042 2044 2045 2046 2047 0
3 5 8 9 11 12 13 14 15 16 17 18 19 21 23 24 25 26 27 29 32 0

19
1 2 3 4 5 6 7 8 9 10 11 12 13 14 15 16 17 18 19 20 21 22 23 24 25 26 27 28 29 30 31 32 33 34 35 36 37 38 39 40 41 42 43 44 45 46 47 48 49 50 51 52 53 54 55 56 57 58 59 60 62 64 66 67 68 69 70 71 73 76 78 79 81 82 83 84 86 87 88 89 90 93 94 96 97 98 99 100 101 102 103 105 107 108 109 110 112 113 115 117 118 119 120 122 124 125 127 128 129 131 132 133 134 135 136 137 138 139 141 142 145 146 147 148 149 150 151 152 153 154 155 156 157 159 161 163 165 166 167 168 169 170 172 173 174 177 178 179 182 183 185 186 187 188 189 190 193 197 198 200 201 202 204 207 208 209 212 213 215 216 217 218 221 222 224 225 226 228 229 230 232 233 234 236 238 239 240 242 244 245 246 247 248 249 250 251 252 253 255 256 257 258 259 260 261 262 263 264 265 266 267 268 269 270 272 273 274 275 276 277 278 279 280 281 282 283 284 285 286 287 288 289 290 291 292 293 294 295 296 297 298 300 302 304 305 306 309 311 312 313 314 315 317 318 319 320 321 322 323 324 325 326 327 328 329 331 337 338 339 340 341 342 343 344 346 347 352 353 357 358 359 360 362 363 365 366 367 368 369 372 373 375 376 378 379 380 381 383 386 387 389 390 391 392 393 395 399 401 402 403 404 406 409 410 411 412 413 414 416 417 419 420 421 422 425 426 427 428 429 431 432 433 434 435 436 437 439 440 441 442 444 446 448 449 450 451 452 453 454 455 456 458 459 460 462 464 465 466 467 468 469 471 472 473 475 477 479 480 481 484 486 487 488 489 490 491 492 494 496 499 500 501 505 507 508 509 510 511 512 513 514 515 516 517 518 519 520 521 522 523 524 525 527 528 529 530 531 532 533 534 535 536 537 541 542 544 545 546 547 549 550 551 552 553 554 556 557 559 560 561 562 563 564 565 566 567 568 569 570 571 572 573 575 577 578 581 582 583 584 585 589 590 591 593 594 597 598 599 600 601 602 603 604 605 606 607 609 612 613 614 615 616 617 618 620 621 622 624 629 630 631 632 633 634 635 637 638 639 640 642 643 645 646 647 648 650 651 654 655 658 659 660 661 662 663 664 665 667 669 670 671 672 676 677 678 679 680 681 683 684 685 686 687 688 691 692 693 694 696 697 698 699 700 701 702 703 704 707 708 709 710 711 712 713 714 715 716 717 718 720 721 722 723 724 725 726 728 729 730 731 732 733 734 735 736 737 738 739 740 742 743 744 746 747 748 749 750 751 752 753 757 758 764 765 766 767 769 770 771 772 773 774 775 776 777 778 779 780 781 782 783 784 785 786 787 788 789 790 791 793 794 795 796 797 799 801 803 804 807 808 809 810 811 812 816 817 818 819 820 821 822 823 824 825 826 827 828 831 833 834 835 836 837 838 839 840 841 842 843 844 845 846 847 848 849 850 851 852 853 854 855 857 858 859 860 861 862 863 864 865 866 867 868 869 870 871 872 873 874 875 876 879 881 884 885 887 888 889 890 891 892 896 898 899 900 901 904 905 906 907 908 910 911 915 916 918 919 920 921 922 923 925 927 928 930 931 932 934 935 936 937 938 939 942 943 946 947 948 950 951 952 953 954 956 958 959 960 962 963 964 965 966 967 968 969 970 971 972 973 974 975 976 978 979 980 981 982 983 984 985 986 987 988 989 990 993 994 995 996 997 998 999 1000 1001 1002 1006 1007 1008 1009 1010 1011 1012 1013 1014 1015 1016 1017 1018 1019 1020 1021 1022 1023 1024 1025 1026 1027 1028 1029 1030 1031 1032 1033 1034 1035 1036 1037 1040 1041 1042 1043 1044 1045 1046 1047 1048 1049 1050 1051 1052 1053 1057 1058 1059 1060 1061 1062 1063 1064 1065 1066 1067 1068 1071 1072 1073 1074 1075 1076 1077 1078 1079 1080 1081 1082 1083 1084 1086 1088 1089 1090 1091 1092 1093 1094 1095 1096 1097 1098 1099 1100 1101 1102 1103 1105 1106 1107 1108 1109 1110 1111 1112 1113 1121 1122 1123 1124 1126 1127 1128 1129 1130 1131 1137 1139 1142 1145 1146 1148 1152 1153 1155 1156 1157 1158 1159 1160 1161 1162 1164 1165 1166 1167 1169 1170 1171 1172 1175 1176 1177 1179 1180 1181 1185 1186 1187 1189 1190 1191 1194 1197 1198 1201 1204 1205 1206 1207 1208 1209 1210 1211 1212 1213 1217 1218 1220 1221 1222 1223 1224 1225 1226 1227 1228 1229 1230 1233 1235 1236 1237 1238 1239 1240 1241 1242 1243 1244 1245 1246 1247 1248 1251 1252 1253 1254 1258 1259 1260 1261 1262 1265 1266 1267 1268 1269 1270 1271 1272 1273 1274 1275 1276 1277 1279 1280 1281 1282 1283 1284 1285 1286 1287 1288 1289 1290 1291 1292 1293 1294 1295 1296 1297 1298 1299 1300 1301 1302 1303 1304 1305 1307 1308 1309 1310 1311 1312 1313 1314 1315 1316 1317 1318 1319 1320 1321 1322 1323 1324 1325 1326 1327 1328 1329 1330 1331 1332 1333 1334 1335 1336 1337 1338 1339 1340 1341 1342 1343 1344 1345 1346 1347 1348 1349 1350 1351 1352 1354 1355 1360 1361 1362 1363 1364 1365 1366 1367 1368 1369 1370 1371 1372 1373 1374 1375 1376 1377 1378 1381 1382 1384 1385 1386 1387 1388 1389 1390 1391 1393 1394 1396 1397 1398 1401 1402 1403 1404 1405 1406 1407 1408 1409 1412 1414 1417 1418 1419 1420 1421 1425 1426 1428 1431 1432 1434 1435 1437 1440 1441 1443 1444 1445 1446 1447 1448 1449 1450 1451 1452 1456 1457 1459 1460 1461 1462 1465 1466 1467 1468 1469 1472 1473 1475 1476 1477 1478 1479 1480 1481 1482 1483 1484 1489 1490 1492 1493 1494 1495 1496 1497 1498 1499 1500 1501 1502 1503 1505 1508 1509 1510 1511 1512 1513 1514 1515 1516 1517 1518 1521 1522 1523 1524 1525 1526 1527 1528 1529 1530 1531 1533 1534 1535 1536 1537 1538 1539 1540 1541 1542 1543 1544 1545 1546 1547 1548 1549 1550 1552 1553 1554 1556 1558 1561 1562 1563 1564 1565 1566 1567 1568 1569 1570 1572 1573 1575 1577 1578 1579 1580 1581 1583 1584 1585 1587 1588 1590 1591 1592 1593 1594 1596 1597 1601 1602 1603 1604 1605 1607 1608 1609 1610 1611 1614 1616 1617 1618 1619 1620 1622 1623 1624 1625 1626 1627 1629 1631 1633 1634 1636 1637 1639 1640 1641 1643 1644 1645 1649 1651 1653 1654 1655 1656 1657 1658 1659 1660 1662 1664 1665 1666 1668 1670 1671 1672 1673 1674 1676 1677 1678 1681 1682 1684 1685 1686 1687 1688 1689 1690 1691 1692 1693 1697 1698 1699 1700 1701 1702 1703 1704 1706 1707 1710 1713 1714 1715 1716 1717 1718 1720 1721 1722 1723 1724 1725 1726 1729 1731 1732 1733 1734 1735 1736 1737 1738 1739 1740 1742 1743 1744 1745 1747 1748 1749 1751 1753 1754 1755 1756 1757 1758 1759 1760 1761 1763 1764 1766 1774 1775 1776 1777 1778 1779 1780 1781 1782 1783 1784 1786 1791 1792 1793 1794 1795 1796 1797 1798 1799 1800 1801 1802 1803 1804 1805 1806 1807 1808 1809 1810 1811 1812 1813 1814 1815 1816 1817 1818 1819 1820 1821 1825 1826 1827 1828 1829 1830 1831 1832 1833 1834 1835 1836 1841 1842 1843 1844 1845 1846 1847 1848 1849 1850 1851 1858 1860 1861 1862 1863 1864 1866 1867 1872 1874 1876 1877 1879 1880 1881 1883 1885 1886 1887 1888 1891 1892 1893 1895 1897 1901 1902 1903 1904 1906 1907 1916 1918 1919 1920 1925 1926 1928 1929 1932 1933 1934 1935 1936 1942 1943 1944 1945 1946 1947 1951 1952 1954 1955 1956 1957 1958 1960 1962 1963 1964 1967 1968 1970 1971 1972 1973 1975 1976 1977 1978 1980 1981 1982 1984 1986 1987 1988 1989 1991 1992 1993 1994 1996 1997 1998 1999 2000 2002 2003 2004 2005 2006 2007 2008 2009 2010 2011 2012 2013 2014 2016 2017 2018 2019 2020 2021 2026 2027 2028 2029 2031 2033 2034 2035 2036 2037 2038 2041 2047 0
1 3 4 6 7 8 12 14 19 21 22 23 24 25 27 29 30 31 32 0

20
1 2 3 4 5 6 7 8 9 10 11 12 13 14 16 17 18 20 21 22 23 25 26 27 29 30 32 33 34 36 37 38 39 40 41 42 43 44 45 46 48 49 50 51 52 53 54 55 56 57 58 59 60 62 63 64 65 66 67 68 69 70 71 72 73 74 75 76 78 79 80 81 82 84 85 86 87 88 89 90 91 92 93 94 95 96 99 100 102 103 104 105 106 107 108 111 112 113 115 116 117 118 119 120 121 122 123 124 125 127 129 130 131 132 133 134 135 136 137 138 139 140 141 142 143 144 145 146 147 148 149 151 152 153 154 155 156 157 158 159 161 162 163 164 165 166 167 168 169 170 171 172 173 174 176 177 178 179 180 181 182 183 184 185 186 187 188 189 190 191 193 194 195 196 197 198 200 201 202 203 205 206 207 208 209 210 211 212 213 214 217 218 220 222 223 224 225 226 227 228 229 230 231 232 233 234 236 238 239 241 242 243 244 245 246 249 250 251 254 255 256 257 258 259 260 261 262 263 264 265 266 269 270 271 272 273 274 275 277 278 279 280 281 282 283 285 286 288 289 293 294 295 296 297 299 300 302 303 304 305 307 308 309 310 311 312 313 314 315 316 317 319 320 321 324 325 326 327 328 330 331 333 334 335 336 337 338 339 340 342 343 344 345 346 347 348 349 350 351 352 353 355 357 358 359 360 361 362 363 364 365 368 369 370 371 372 373 374 375 376 378 379 380 381 382 383 384 385 386 387 388 389 390 391 392 393 394 396 398 399 400 401 402 403 404 405 407 408 409 410 414 415 416 417 418 420 421 422 424 425 426 427 428 429 430 432 433 434 435 437 438 439 440 441 442 443 444 445 448 449 450 451 452 453 454 455 456 457 459 460 462 464 465 466 467 468 469 470 473 475 476 479 480 481 483 484 485 487 488 490 491 492 495 496 497 498 499 500 501 502 503 504 505 506 507 508 509 510 511 512 513 514 516 517 518 519 520 521 522 523 526 527 528 529 530 532 533 534 535 536 537 539 540 542 544 545 546 547 548 549 550 551 552 553 554 555 556 557 559 561 562 563 564 565 566 567 568 569 570 571 572 573 575 576 577 578 579 580 581 582 583 584 585 586 587 588 592 593 594 596 597 599 600 601 602 603 604 605 607 608 609 610 613 614 615 616 618 619 620 621 622 623 624 625 626 627 628 629 630 631 633 634 635 638 639 640 641 642 643 644 645 646 650 651 653 655 656 657 659 660 661 662 663 664 665 666 667 671 672 673 674 675 676 677 678 679 680 681 684 685 686 687 688 689 690 691 692 693 694 695 697 698 700 701 702 703 704 705 706 707 708 709 710 711 712 713 714 715 717 718 719 720 721 722 723 724 725 727 728 729 730 731 732 734 737 738 739 740 742 743 744 745 748 749 753 754 756 757 758 759 760 761 762 764 767 769 770 771 772 773 774 775 776 777 778 779 780 781 782 783 784 785 786 787 788 789 790 791 792 793 794 797 798 800 801 802 805 807 808 809 810 811 813 815 816 817 818 820 821 822 823 824 825 826 827 828 829 830 831 832 833 834 837 838 839 840 841 842 844 845 846 847 848 849 850 851 852 853 854 855 856 857 858 859 860 862 863 864 865 866 868 869 870 871 872 873 874 875 876 879 880 881 882 883 884 885 886 887 888 889 890 891 892 893 895 896 898 899 900 901 902 903 904 906 907 908 909 910 911 912 913 914 915 916 917 920 921 922 923 924 925 927 928 929 930 932 933 934 935 936 937 938 939 940 941 944 945 947 949 950 951 952 953 954 955 956 957 958 959 960 961 962 963 964 965 966 967 970 971 972 973 974 975 976 977 978 979 980 981 982 983 984 985 986 987 988 989 990 992 993 994 995 996 997 998 999 1000 1002 1003 1004 1006 1009 1010 1011 1012 1013 1014 1015 1016 1017 1018 1019 1020 1021 1022 1023 1024 1025 1026 1027 1028 1029 1031 1033 1035 1038 1039 1040 1041 1042 1043 1044 1045 1046 1047 1049 1050 1051 1052 1053 1054 1055 1056 1057 1058 1059 1060 1061 1062 1063 1064 1065 1066 1067 1068 1069 1070 1073 1074 1075 1076 1077 1078 1079 1080 1081 1082 1083 1084 1086 1087 1088 1092 1093 1094 1096 1097 1102 1103 1104 1107 1108 1109 1110 1111 1112 1114 1115 1116 1117 1118 1119 1120 1121 1123 1124 1125 1126 1127 1128 1129 1130 1131 1132 1133 1135 1136 1137 1140 1141 1142 1143 1145 1146 1147 1148 1149 1151 1152 1153 1154 1155 1156 1157 1158 1159 1160 1161 1162 1163 1164 1165 1169 1170 1171 1172 1173 1174 1176 1177 1178 1179 1180 1181 1182 1185 1186 1187 1188 1189 1190 1191 1193 1194 1195 1196 1197 1199 1200 1201 1202 1203 1204 1205 1206 1208 1209 1210 1211 1212 1213 1215 1216 1217 1218 1219 1220 1221 1222 1223 1226 1229 1230 1231 1232 1233 1234 1235 1236 1237 1238 1239 1240 1241 1242 1243 1244 1245 1248 1249 1250 1252 1253 1255 1259 1260 1262 1263 1265 1266 1267 1268 1269 1270 1271 1272 1273 1275 1276 1277 1278 1279 1280 1281 1282 1283 1287 1288 1289 1290 1291 1292 1293 1294 1295 1296 1297 1299 1300 1301 1302 1303 1304 1305 1307 1308 1309 1312 1313 1314 1315 1316 1320 1321 1322 1323 1325 1326 1327 1328 1329 1330 1331 1332 1335 1336 1338 1339 1340 1341 1342 1343 1344 1345 1346 1347 1348 1349 1350 1351 1352 1353 1354 1355 1356 1357 1358 1359 1360 1361 1362 1363 1364 1365 1366 1368 1369 1370 1371 1372 1373 1374 1375 1376 1377 1378 1379 1381 1382 1385 1386 1387 1388 1389 1390 1391 1392 1393 1394 1395 1397 1398 1399 1400 1402 1403 1404 1405 1406 1407 1408 1409 1410 1411 1412 1413 1415 1416 1417 1419 1420 1421 1422 1423 1424 1426 1427 1428 1429 1430 1431 1432 1433 1434 1435 1436 1438 1439 1440 1441 1443 1444 1445 1446 1447 1448 1449 1450 1451 1452 1453 1454 1455 1456 1457 1458 1459 1460 1461 1462 1465 1466 1467 1468 1469 1470 1471 1472 1473 1474 1475 1476 1478 1479 1480 1481 1482 1483 1484 1487 1489 1490 1491 1492 1494 1495 1496 1497 1498 1499 1500 1501 1506 1507 1508 1509 1510 1511 1512 1513 1514 1515 1516 1517 1521 1523 1524 1525 1526 1527 1528 1529 1530 1531 1532 1533 1534 1535 1537 1538 1539 1540 1542 1543 1544 1545 1546 1547 1549 1550 1552 1553 1554 1556 1557 1558 1559 1560 1561 1562 1563 1564 1565 1566 1567 1568 1569 1570 1571 1573 1574 1576 1577 1578 1579 1580 1581 1582 1583 1584 1585 1586 1588 1589 1591 1593 1597 1598 1599 1600 1601 1602 1603 1604 1605 1606 1607 1608 1609 1610 1611 1612 1613 1614 1615 1616 1617 1618 1619 1620 1621 1622 1623 1624 1625 1626 1627 1628 1629 1630 1631 1632 1633 1634 1636 1637 1638 1639 1640 1641 1642 1643 1644 1645 1648 1649 1650 1651 1652 1653 1654 1655 1656 1657 1658 1659 1660 1661 1662 1663 1664 1665 1666 1667 1668 1669 1670 1671 1672 1673 1674 1676 1677 1678 1680 1681 1682 1683 1684 1685 1686 1687 1688 1689 1690 1691 1692 1693 1694 1696 1697 1698 1699 1700 1701 1702 1703 1704 1705 1706 1707 1708 1709 1710 1711 1712 1713 1716 1717 1718 1719 1720 1721 1722 1723 1724 1725 1727 1728 1729 1730 1731 1732 1733 1734 1735 1736 1737 1738 1739 1740 1741 1742 1744 1745 1746 1747 1749 1750 1751 1752 1753 1754 1756 1757 1758 1759 1761 1762 1763 1764 1765 1766 1767 1768 1769 1770 1771 1772 1773 1774 1775 1777 1778 1779 1780 1781 1784 1785 1786 1787 1788 1789 1790 1791 1795 1796 1797 1798 1800 1801 1802 1803 1804 1805 1806 1807 1808 1810 1812 1813 1815 1817 1819 1820 1821 1823 1824 1826 1827 1831 1832 1833 1834 1835 1836 1837 1839 1840 1841 1842 1844 1846 1847 1848 1849 1850 1853 1856 1857 1860 1861 1862 1863 1864 1869 1872 1873 1874 1875 1877 1878 1879 1880 1881 1882 1884 1885 1887 1888 1890 1894 1895 1897 1898 1904 1906 1908 1909 1910 1911 1912 1913 1915 1917 1920 1921 1922 1923 1924 1925 1926 1927 1928 1929 1930 1931 1933 1936 1937 1938 1939 1942 1943 1944 1947 1948 1951 1952 1953 1954 1955 1956 1957 1958 1963 1966 1967 1968 1969 1970 1971 1972 1973 1974 1975 1976 1977 1978 1979 1980 1983 1985 1986 1987 1988 1989 1990 1995 1996 1997 1999 2001 2002 2003 2004 2005 2007 2008 2009 2010 2011 2012 2013 2014 2015 2017 2018 2020 2022 2023 2024 2025 2026 2027 2030 2031 2032 2033 2037 2038 2039 2040 2043 2044 2046 2047 0
1 3 5 6 7 8 9 10 11 16 17 18 20 21 22 23 24 26 28 29 30 31 32 0

21
1 4 6 7 8 9 10 11 12 13 14 15 17 18 21 22 23 24 25 26 27 28 29 30 31 32 33 37 40 43 46 47 49 54 55 56 57 59 62 63 64 65 66 68 69 70 71 73 74 77 79 80 81 83 84 85 86 87 88 89 90 91 92 93 95 96 97 99 100 101 102 103 104 106 107 109 110 112 113 115 116 117 118 119 121 122 123 124 125 128 129 130 131 132 133 134 135 136 137 138 140 142 144 145 146 148 149 150 151 154 155 156 157 158 159 160 161 163 164 166 167 168 170 171 174 175 176 177 179 182 183 185 186 187 189 190 191 192 193 194 195 196 198 200 203 204 206 208 209 211 214 216 217 218 219 220 223 224 225 226 228 229 230 231 232 233 234 235 236 237 238 240 241 242 243 244 245 246 247 249 250 251 252 253 254 255 256 257 258 259 260 261 263 265 266 267 268 269 270 271 272 277 278 279 280 281 283 284 285 287 288 289 292 293 296 297 298 300 301 302 305 306 307 309 310 311 312 313 315 317 318 319 320 321 324 325 326 327 328 329 330 331 333 334 335 338 341 343 344 345 346 347 350 353 354 355 357 358 360 361 362 363 364 366 367 368 369 371 372 374 375 376 377 378 380 381 383 384 385 386 388 391 392 393 394 397 398 399 400 401 403 405 406 407 408 411 413 414 416 417 419 420 422 423 424 426 428 429 430 431 432 433 435 436 437 439 441 442 443 444 445 447 449 450 454 455 456 457 459 462 463 464 465 466 467 468 469 470 471 473 474 475 477 478 479 480 481 483 488 489 492 493 494 495 496 499 501 504 505 506 507 508 511 512 513 514 515 516 517 518 519 520 521 522 524 525 526 527 528 529 531 532 534 535 537 538 539 541 542 543 545 547 548 549 550 557 559 561 562 565 566 567 569 570 574 575 577 578 581 582 584 585 586 595 596 597 600 601 603 604 605 607 611 613 615 617 618 619 620 623 626 629 630 632 634 635 636 638 639 640 643 646 648 649 651 652 655 656 658 659 661 663 666 670 671 676 677 678 679 682 683 684 685 688 692 693 695 696 697 698 699 700 703 704 706 710 711 712 714 715 718 719 720 721 727 728 730 731 734 735 736 737 742 743 744 745 746 747 748 753 760 761 762 763 768 769 770 771 772 773 774 775 776 777 778 779 780 781 782 783 784 785 786 787 788 789 790 792 795 797 799 800 801 802 804 805 809 811 813 814 815 816 817 818 822 823 828 829 831 836 837 839 840 841 842 843 845 848 853 854 855 856 857 858 861 862 864 867 868 871 872 873 874 875 878 879 884 890 891 893 895 896 898 899 900 901 902 906 915 916 917 918 919 920 921 923 924 925 927 928 930 931 932 933 934 935 936 937 938 942 943 946 948 949 951 952 953 954 955 956 957 958 962 963 964 965 966 967 971 972 973 974 975 976 977 978 979 982 989 990 991 992 993 994 995 997 998 999 1000 1002 1003 1004 1005 1006 1007 1009 1010 1011 1012 1013 1014 1015 1016 1017 1018 1019 1020 1021 1022 1023 1024 1025 1030 1031 1032 1033 1034 1035 1036 1037 1038 1040 1042 1045 1046 1047 1049 1050 1051 1052 1058 1059 1061 1062 1063 1064 1065 1066 1067 1068 1069 1076 1077 1078 1079 1082 1083 1084 1085 1089 1092 1093 1094 1095 1096 1098 1100 1101 1102 1105 1107 1108 1109 1111 1112 1113 1114 1116 1117 1118 1121 1122 1124 1125 1126 1128 1129 1131 1132 1135 1137 1138 1139 1140 1142 1146 1147 1148 1150 1152 1153 1154 1155 1159 1160 1167 1168 1169 1170 1171 1172 1175 1176 1177 1178 1179 1182 1183 1184 1185 1186 1187 1188 1189 1190 1191 1192 1193 1194 1195 1199 1200 1201 1202 1206 1208 1209 1210 1211 1212 1213 1214 1217 1222 1223 1224 1226 1227 1228 1229 1232 1233 1234 1240 1247 1248 1249 1256 1257 1258 1259 1262 1263 1264 1265 1266 1267 1268 1269 1270 1276 1277 1278 1279 1281 1282 1283 1285 1287 1289 1290 1291 1292 1293 1294 1296 1297 1298 1299 1300 1301 1302 1303 1304 1305 1306 1307 1308 1309 1310 1311 1312 1313 1316 1321 1322 1328 1329 1331 1332 1336 1338 1340 1344 1345 1351 1354 1355 1356 1357 1358 1360 1361 1363 1364 1365 1366 1367 1369 1370 1371 1372 1374 1376 1377 1378 1379 1380 1384 1385 1388 1389 1390 1391 1393 1394 1395 1396 1397 1398 1402 1403 1404 1405 1406 1407 1408 1410 1413 1414 1415 1416 1417 1418 1420 1421 1423 1424 1427 1429 1430 1431 1432 1433 1436 1437 1438 1439 1440 1441 1446 1447 1450 1452 1453 1455 1456 1457 1459 1461 1463 1464 1465 1466 1467 1471 1472 1473 1479 1480 1481 1482 1485 1486 1487 1488 1489 1490 1495 1496 1497 1498 1500 1501 1502 1503 1504 1505 1509 1510 1511 1512 1513 1515 1516 1517 1518 1521 1522 1523 1524 1525 1526 1527 1528 1529 1530 1531 1532 1533 1534 1536 1537 1541 1543 1545 1546 1547 1549 1552 1553 1557 1561 1562 1567 1569 1570 1573 1575 1577 1578 1579 1580 1581 1585 1586 1587 1588 1592 1593 1595 1596 1597 1599 1601 1602 1605 1607 1608 1609 1610 1611 1613 1614 1615 1617 1618 1619 1622 1623 1625 1626 1628 1630 1633 1635 1638 1639 1640 1641 1643 1644 1645 1646 1647 1649 1650 1653 1654 1655 1657 1658 1659 1660 1662 1663 1664 1665 1666 1670 1671 1672 1673 1674 1675 1676 1677 1678 1679 1680 1681 1682 1684 1685 1686 1687 1692 1693 1694 1695 1696 1697 1698 1700 1702 1703 1704 1706 1707 1709 1710 1711 1713 1714 1716 1717 1718 1719 1720 1721 1722 1723 1727 1728 1729 1730 1733 1734 1735 1736 1737 1738 1739 1740 1743 1744 1745 1746 1750 1752 1753 1758 1759 1760 1761 1762 1763 1765 1769 1770 1772 1773 1775 1776 1777 1779 1781 1782 1785 1788 1789 1792 1793 1794 1795 1796 1807 1808 1809 1810 1811 1812 1813 1814 1820 1821 1822 1823 1824 1825 1826 1827 1837 1838 1839 1840 1841 1842 1843 1854 1855 1856 1857 1858 1859 1864 1865 1867 1871 1872 1874 1880 1881 1883 1887 1888 1890 1895 1896 1900 1902 1903 1910 1911 1912 1913 1914 1915 1916 1918 1919 1928 1930 1931 1938 1943 1946 1954 1955 1956 1957 1958 1959 1960 1961 1963 1964 1970 1971 1972 1973 1974 1977 1978 1979 1980 1981 1982 1983 1984 1986 1987 1988 1989 1990 1991 1994 1995 1996 1997 1998 1999 2002 2003 2004 2005 2006 2007 2012 2013 2014 2015 2017 2018 2019 2020 2021 2022 2023 2028 2029 2030 2033 2034 2035 2036 2037 2038 2045 2046 2047 2048 0
2 3 7 8 14 15 17 18 21 23 30 0

22
1 2 3 5 6 7 8 10 12 14 15 16 17 18 19 20 21 22 23 24 26 27 30 31 32 33 34 35 36 37 38 39 40 42 43 45 46 48 49 50 51 52 53 54 55 56 57 58 59 60 61 62 63 64 65 66 67 68 69 70 71 72 73 74 75 76 77 78 79 80 81 82 83 84 86 87 88 89 90 91 92 93 94 95 96 97 98 99 100 101 102 103 104 105 106 107 108 109 110 111 112 113 114 115 116 117 118 119 120 121 122 123 124 126 127 128 129 130 131 132 133 134 135 136 137 138 139 140 141 142 143 144 145 146 147 148 149 150 151 152 153 154 156 157 158 159 160 162 163 164 165 166 167 168 169 170 171 172 173 174 175 176 177 178 179 180 181 182 183 184 185 186 187 188 189 190 191 192 193 194 195 196 197 198 199 201 202 203 204 205 206 207 208 209 210 211 212 213 214 215 216 217 218 219 220 221 222 223 224 225 227 228 229 230 231 232 233 234 235 236 237 238 239 240 244 246 248 249 250 251 253 254 255 256 257 258 259 260 261 262 264 265 266 267 268 269 270 271 272 273 274 275 276 277 279 280 281 282 283 284 285 286 287 288 289 290 291 292 293 294 295 296 297 298 299 300 301 302 303 304 305 309 310 311 313 314 315 316 317 318 320 321 323 324 325 326 327 328 329 330 331 332 333 334 335 336 337 338 339 340 341 345 346 347 348 349 351 352 353 354 355 356 359 360 361 362 363 365 366 367 368 369 370 371 372 373 374 375 376 377 378 379 380 381 382 383 384 385 386 387 388 389 390 391 392 393 394 395 396 397 399 400 401 402 403 404 406 407 408 409 411 412 413 414 415 416 417 418 419 420 422 423 424 425 429 430 431 432 433 434 435 436 437 438 439 440 441 442 443 444 445 446 447 448 449 450 451 452 453 454 455 456 457 458 459 460 461 462 463 464 465 467 468 469 470 472 473 475 476 477 478 479 480 481 484 485 486 487 488 489 490 491 492 493 495 496 497 498 499 500 501 502 503 504 505 506 507 508 509 510 511 512 513 514 515 516 517 518 519 520 521 522 523 524 525 526 527 528 529 530 531 532 533 534 535 536 537 538 539 540 541 542 544 545 546 547 548 550 551 552 553 554 555 556 557 558 559 560 561 562 563 565 566 567 568 569 570 571 572 573 574 576 577 578 579 580 581 582 583 584 585 586 587 588 589 590 591 592 593 594 596 597 598 599 600 601 602 603 604 605 606 607 608 609 610 611 612 613 614 615 616 617 618 619 620 621 622 625 626 627 628 629 630 632 633 634 635 636 637 638 641 643 644 645 646 647 648 649 651 652 653 654 656 657 658 659 660 661 662 663 664 667 668 669 670 671 672 673 674 675 676 677 678 679 680 681 682 683 684 685 686 687 688 689 690 691 692 693 694 696 697 698 699 700 701 702 703 704 705 706 707 709 710 712 713 714 715 716 718 719 720 721 722 723 724 726 727 728 729 730 731 732 733 734 735 736 737 738 739 740 741 743 744 745 747 748 749 750 751 753 755 756 757 759 760 761 763 764 765 766 767 768 769 770 771 772 773 774 775 776 777 778 779 780 781 782 783 784 785 786 787 788 789 790 792 793 794 795 796 797 798 799 801 802 803 806 807 808 809 810 811 812 813 815 816 817 818 820 821 822 823 826 827 828 829 830 831 832 833 834 835 836 837 839 840 841 842 843 844 845 846 847 848 849 850 851 852 853 854 855 856 857 859 860 861 862 863 864 865 866 867 868 869 870 871 872 873 874 875 876 877 878 879 880 881 882 883 884 885 886 887 888 889 890 891 892 893 894 895 896 897 898 899 900 901 902 903 904 906 907 908 909 910 912 913 914 915 916 917 918 920 921 922 923 924 925 926 927 928 929 930 931 932 933 934 935 936 937 939 940 941 942 943 944 945 946 947 948 949 950 952 953 954 955 956 957 958 959 960 961 962 963 964 965 966 967 968 969 970 971 972 973 974 975 976 977 978 980 981 982 983 984 985 986 987 988 989 990 992 993 994 995 996 997 998 999 1000 1001 1003 1004 1005 1008 1009 1010 1011 1012 1013 1014 1015 1016 1017 1018 1019 1020 1021 1022 1023 1024 1025 1026 1027 1028 1029 1031 1032 1033 1034 1035 1036 1037 1038 1039 1040 1042 1043 1044 1045 1046 1047 1048 1049 1050 1051 1052 1053 1054 1055 1056 1058 1059 1060 1061 1062 1063 1064 1065 1066 1067 1068 1071 1073 1074 1075 1076 1077 1078 1079 1080 1081 1083 1084 1085 1086 1087 1088 1089 1090 1091 1092 1093 1095 1097 1099 1100 1101 1102 1103 1104 1106 1107 1108 1109 1110 1111 1112 1113 1114 1115 1116 1117 1119 1120 1122 1123 1124 1125 1126 1127 1128 1129 1130 1132 1134 1135 1136 1138 1139 1140 1141 1142 1143 1144 1145 1146 1147 1148 1149 1150 1151 1152 1154 1155 1157 1158 1159 1160 1161 1162 1163 1164 1165 1168 1170 1171 1172 1173 1174 1175 1176 1178 1179 1180 1184 1185 1186 1187 1188 1189 1190 1192 1194 1195 1198 1200 1201 1202 1203 1204 1205 1206 1212 1214 1216 1217 1218 1221 1223 1224 1225 1229 1230 1232 1233 1236 1238 1239 1240 1241 1242 1243 1244 1247 1248 1249 1250 1251 1252 1253 1254 1255 1256 1257 1258 1259 1260 1261 1262 1263 1264 1265 1266 1267 1268 1269 1270 1271 1272 1273 1274 1275 1276 1277 1278 1279 1280 1281 1283 1284 1285 1286 1287 1288 1289 1290 1291 1292 1293 1294 1295 1296 1297 1298 1299 1300 1301 1302 1304 1305 1306 1307 1308 1309 1310 1311 1312 1313 1314 1315 1316 1317 1318 1319 1320 1321 1322 1323 1324 1325 1326 1327 1328 1329 1331 1332 1333 1334 1335 1336 1337 1338 1339 1340 1341 1342 1343 1344 1345 1346 1349 1350 1351 1352 1353 1354 1355 1356 1357 1358 1359 1360 1361 1363 1364 1365 1366 1367 1368 1369 1370 1371 1373 1374 1375 1376 1377 1379 1381 1382 1383 1384 1385 1386 1387 1388 1389 1390 1391 1392 1393 1395 1396 1397 1398 1399 1400 1401 1402 1403 1404 1405 1406 1407 1408 1409 1412 1413 1414 1415 1416 1417 1418 1419 1420 1421 1422 1423 1424 1425 1427 1428 1429 1430 1431 1432 1433 1434 1435 1436 1437 1438 1439 1440 1441 1442 1444 1445 1446 1447 1448 1449 1450 1451 1452 1453 1454 1455 1456 1457 1458 1459 1460 1461 1462 1463 1464 1465 1466 1467 1468 1469 1470 1471 1472 1473 1474 1475 1476 1477 1478 1479 1480 1481 1482 1483 1484 1485 1486 1487 1488 1489 1490 1491 1492 1493 1495 1496 1497 1498 1499 1500 1501 1503 1504 1505 1507 1510 1511 1513 1514 1515 1516 1517 1518 1519 1520 1521 1522 1523 1524 1525 1526 1527 1528 1529 1530 1531 1532 1533 1534 1535 1536 1537 1538 1539 1540 1541 1542 1543 1544 1546 1547 1548 1549 1550 1552 1553 1554 1555 1556 1557 1558 1559 1560 1561 1562 1563 1564 1565 1567 1568 1569 1570 1571 1572 1573 1574 1575 1576 1577 1578 1579 1580 1581 1584 1585 1586 1587 1588 1589 1590 1591 1592 1593 1594 1596 1597 1598 1600 1601 1602 1603 1605 1606 1607 1608 1609 1610 1611 1612 1613 1614 1616 1617 1618 1619 1620 1621 1622 1623 1624 1625 1626 1627 1628 1629 1630 1631 1632 1633 1634 1635 1636 1637 1638 1640 1641 1642 1643 1644 1645 1646 1647 1649 1650 1651 1652 1653 1654 1655 1657 1658 1659 1660 1661 1662 1663 1664 1665 1666 1667 1668 1669 1670 1671 1672 1673 1674 1676 1677 1679 1680 1681 1682 1683 1684 1685 1686 1687 1688 1689 1690 1692 1693 1694 1695 1696 1697 1698 1699 1700 1701 1702 1703 1704 1705 1706 1707 1708 1709 1711 1712 1713 1715 1716 1717 1719 1720 1721 1722 1723 1724 1725 1726 1728 1729 1730 1731 1732 1733 1734 1735 1736 1737 1738 1740 1741 1742 1743 1744 1745 1746 1747 1748 1749 1750 1751 1753 1754 1756 1758 1759 1760 1761 1763 1764 1765 1766 1767 1768 1769 1770 1771 1773 1774 1775 1776 1777 1779 1780 1781 1782 1783 1784 1785 1787 1788 1789 1790 1791 1792 1793 1794 1795 1796 1797 1798 1799 1804 1805 1806 1807 1808 1809 1812 1813 1814 1815 1820 1821 1822 1824 1826 1827 1828 1829 1830 1833 1834 1835 1836 1838 1839 1840 1842 1843 1844 1845 1846 1847 1848 1849 1850 1851 1852 1854 1855 1856 1858 1859 1861 1863 1864 1865 1867 1869 1871 1872 1874 1875 1879 1880 1881 1882 1883 1884 1888 1889 1890 1891 1898 1899 1900 1901 1902 1903 1904 1905 1906 1907 1909 1912 1913 1914 1915 1917 1918 1919 1921 1922 1923 1929 1930 1931 1932 1933 1934 1935 1937 1938 1939 1940 1944 1945 1946 1949 1950 1951 1952 1953 1954 1955 1956 1957 1959 1960 1961 1962 1963 1964 1965 1966 1967 1968 1970 1971 1972 1974 1975 1977 1978 1979 1980 1981 1982 1983 1984 1985 1986 1987 1988 1989 1990 1991 1992 1994 1995 1996 1998 1999 2000 2001 2002 2003 2004 2005 2006 2007 2008 2015 2016 2018 2022 2023 2024 2025 2026 2027 2028 2029 2030 2031 2032 2033 2035 2036 2038 2039 2040 2044 2045 2046 2047 2048 0
1 2 3 4 7 9 10 11 12 13 14 15 16 18 19 20 21 22 23 24 26 27 28 29 31 0

23
1 2 3 4 5 6 7 8 9 10 11 12 13 14 15 17 18 22 26 27 28 32 33 37 39 41 43 45 49 51 53 54 55 57 59 61 64 65 66 67 68 70 71 72 74 75 77 78 80 81 82 83 84 87 89 90 91 96 97 98 99 100 101 104 105 107 109 110 113 115 116 117 118 120 122 127 128 129 130 131 133 134 136 137 140 141 142 144 145 146 147 148 149 151 152 153 155 156 157 158 159 160 161 162 163 164 165 166 167 169 171 173 175 176 177 178 180 181 182 183 184 185 186 187 189 192 193 196 197 198 199 200 201 202 203 204 205 206 207 208 209 213 214 215 216 217 221 222 224 225 226 227 228 229 230 231 232 233 234 237 238 239 240 241 242 243 244 245 246 247 248 249 250 251 252 253 254 255 256 257 258 259 261 263 266 268 269 270 271 272 273 277 278 279 280 281 285 286 288 289 291 294 296 297 298 300 301 302 303 304 305 306 308 309 312 313 314 315 316 317 320 321 322 323 324 325 327 328 329 330 331 332 333 335 336 338 339 340 341 342 343 344 345 346 347 348 349 350 353 354 355 356 357 359 360 361 365 366 369 370 371 375 376 377 382 384 385 386 387 388 389 393 395 396 398 401 402 404 406 408 410 411 412 413 414 417 418 421 422 423 425 426 428 430 432 433 434 436 437 438 440 441 442 444 445 446 447 448 449 450 451 453 454 455 456 458 459 460 461 462 463 464 465 466 467 469 470 471 472 474 476 477 478 479 480 481 482 483 485 486 492 493 494 497 498 499 500 501 502 504 506 507 508 509 511 512 513 514 515 516 517 518 521 522 528 532 533 534 536 537 538 539 540 542 547 548 549 550 551 552 554 557 558 559 562 563 564 565 566 567 568 569 570 572 574 576 578 579 580 583 584 585 586 587 588 591 592 594 595 596 597 600 601 602 604 605 609 610 611 613 614 615 616 617 618 620 621 626 629 630 632 633 635 637 638 642 644 651 652 653 654 657 658 660 661 665 666 667 668 669 670 671 674 676 679 680 681 684 687 692 693 695 699 700 701 702 703 705 706 707 710 711 712 715 716 718 719 722 723 724 725 726 727 728 729 730 731 733 734 736 738 739 740 741 742 750 752 753 754 755 756 765 766 768 769 770 771 772 773 774 775 776 777 778 779 780 781 782 783 784 786 787 792 793 795 796 797 799 800 804 805 806 808 809 810 811 812 813 814 815 816 819 820 821 822 823 826 827 828 829 830 831 832 834 835 836 837 839 840 841 842 843 844 845 846 848 850 852 853 858 861 862 865 866 868 869 871 874 878 880 882 884 886 888 889 890 891 892 893 894 897 898 899 901 902 903 904 906 907 908 911 914 915 916 920 921 922 923 927 928 930 931 932 933 934 936 937 940 941 944 947 949 950 951 955 958 960 962 963 965 966 967 968 969 970 971 972 974 975 976 977 978 979 981 983 984 986 988 989 991 992 993 994 995 996 997 999 1001 1002 1003 1004 1009 1010 1011 1012 1013 1014 1015 1016 1017 1018 1019 1020 1021 1022 1023 1024 1031 1034 1035 1036 1041 1045 1046 1047 1048 1049 1050 1051 1052 1053 1057 1061 1062 1063 1064 1065 1066 1067 1068 1070 1072 1073 1076 1077 1078 1079 1080 1081 1082 1084 1089 1090 1091 1092 1093 1096 1097 1098 1099 1100 1101 1102 1103 1104 1105 1106 1107 1108 1109 1110 1114 1120 1121 1122 1123 1124 1125 1126 1128 1131 1132 1137 1138 1139 1140 1145 1146 1147 1148 1149 1153 1154 1155 1157 1158 1159 1160 1161 1162 1165 1169 1170 1171 1172 1174 1175 1176 1177 1178 1185 1187 1191 1192 1193 1194 1196 1197 1198 1201 1203 1204 1206 1208 1209 1212 1213 1216 1217 1220 1222 1223 1224 1225 1226 1227 1228 1232 1233 1234 1235 1236 1237 1238 1241 1242 1243 1244 1245 1246 1247 1248 1249 1251 1252 1253 1254 1256 1258 1259 1260 1261 1262 1264 1267 1268 1269 1270 1271 1272 1273 1274 1275 1276 1277 1278 1279 1280 1281 1282 1283 1284 1285 1286 1287 1288 1289 1290 1291 1292 1293 1294 1295 1296 1297 1300 1303 1304 1305 1307 1310 1313 1316 1318 1320 1321 1322 1323 1328 1329 1331 1335 1336 1337 1338 1341 1345 1351 1352 1353 1354 1355 1361 1362 1364 1365 1367 1368 1369 1370 1371 1372 1377 1378 1380 1381 1384 1385 1386 1387 1388 1392 1394 1395 1396 1400 1401 1402 1403 1404 1405 1406 1408 1410 1411 1412 1413 1421 1422 1423 1425 1426 1428 1435 1436 1437 1438 1439 1440 1441 1442 1443 1444 1445 1446 1447 1451 1452 1453 1454 1455 1456 1457 1460 1461 1462 1464 1465 1466 1469 1470 1471 1472 1473 1476 1477 1478 1479 1480 1481 1482 1483 1485 1488 1491 1492 1495 1496 1497 1498 1502 1503 1504 1507 1508 1511 1512 1514 1517 1518 1520 1521 1522 1523 1524 1525 1531 1532 1533 1534 1536 1537 1541 1542 1543 1544 1545 1546 1547 1548 1549 1552 1553 1556 1557 1561 1563 1565 1566 1569 1572 1574 1575 1576 1578 1579 1580 1582 1583 1584 1585 1586 1587 1588 1589 1594 1595 1597 1598 1599 1600 1601 1603 1604 1605 1606 1607 1608 1609 1610 1612 1613 1614 1615 1617 1618 1619 1620 1624 1625 1627 1629 1630 1631 1633 1634 1635 1636 1638 1639 1640 1641 1642 1643 1644 1646 1649 1650 1651 1652 1654 1656 1657 1658 1660 1662 1665 1666 1667 1668 1669 1670 1671 1672 1673 1674 1676 1677 1678 1679 1681 1682 1685 1687 1688 1689 1690 1691 1692 1694 1695 1697 1699 1700 1701 1703 1704 1705 1706 1707 1708 1710 1711 1713 1715 1716 1717 1718 1719 1720 1721 1722 1723 1724 1725 1726 1727 1728 1729 1730 1731 1732 1735 1736 1737 1738 1739 1740 1741 1742 1744 1745 1746 1747 1748 1751 1753 1755 1758 1759 1760 1761 1762 1763 1764 1765 1767 1768 1770 1772 1773 1774 1775 1776 1777 1778 1779 1780 1781 1782 1783 1784 1785 1787 1788 1790 1791 1793 1794 1795 1796 1797 1799 1805 1806 1807 1808 1809 1810 1811 1812 1821 1822 1823 1824 1825 1826 1827 1828 1832 1834 1836 1838 1839 1840 1841 1842 1853 1854 1857 1864 1866 1867 1868 1869 1870 1871 1874 1875 1876 1880 1881 1882 1883 1884 1885 1886 1887 1888 1891 1894 1895 1896 1897 1898 1900 1901 1902 1903 1904 1912 1913 1914 1915 1917 1918 1919 1920 1922 1923 1924 1926 1930 1931 1932 1933 1934 1935 1936 1938 1939 1940 1946 1948 1949 1950 1951 1952 1953 1954 1955 1956 1957 1958 1959 1961 1962 1963 1965 1966 1967 1968 1969 1970 1971 1972 1973 1974 1975 1976 1977 1978 1982 1983 1984 1986 1987 1990 1991 1992 1993 1994 1995 1996 2002 2003 2004 2006 2007 2008 2009 2010 2011 2012 2018 2019 2022 2023 2036 2037 2038 2039 2040 2041 2042 2045 2046 0
1 2 3 6 9 11 13 19 20 21 23 26 30 31 32 0

24
1 2 3 4 5 6 8 9 10 11 12 13 14 16 17 18 20 21 23 24 26 27 28 29 30 31 32 33 36 39 41 43 44 45 46 47 48 49 51 52 53 54 57 58 60 61 62 63 65 66 69 71 72 74 76 78 79 80 81 83 84 85 86 88 93 94 97 98 100 101 102 103 104 105 106 108 109 110 112 113 116 117 119 123 124 125 126 127 128 129 131 132 133 134 136 139 140 141 142 143 144 145 147 150 151 152 153 154 155 156 157 158 159 160 161 162 163 166 167 168 169 170 171 174 176 177 178 179 180 181 182 183 184 185 186 187 188 191 192 193 194 195 196 197 198 199 200 201 202 203 204 205 207 208 209 210 211 212 213 214 215 216 217 218 219 220 223 225 226 227 228 229 230 231 232 233 234 235 236 237 238 239 240 241 242 243 244 245 246 247 248 249 250 251 252 253 254 255 256 257 261 262 263 264 265 266 267 268 269 272 273 274 275 276 278 281 282 283 284 285 288 290 291 292 294 295 296 299 300 301 304 305 306 307 309 310 311 312 313 314 315 319 320 321 322 324 325 327 329 332 333 334 336 337 339 340 342 343 344 348 351 352 353 355 357 358 359 360 363 364 365 366 368 369 373 375 376 378 379 380 381 382 384 386 387 388 389 391 394 395 396 398 399 400 401 404 406 407 411 414 415 416 418 419 422 424 427 428 429 432 433 434 435 436 437 438 439 440 441 442 443 444 445 447 448 449 450 451 452 453 454 455 456 457 459 460 464 465 469 470 473 474 475 476 477 479 480 481 482 483 484 485 486 487 488 489 490 491 492 493 494 495 497 498 499 500 501 502 503 504 505 506 507 508 509 510 511 512 514 515 516 517 518 519 520 522 525 526 527 528 529 530 531 532 536 539 541 542 543 544 545 546 547 548 550 551 552 553 554 555 556 557 558 559 561 562 564 565 567 569 570 571 574 575 577 581 583 584 587 588 590 593 596 598 600 601 603 604 605 609 610 612 617 618 620 621 622 623 624 625 626 630 633 636 638 639 640 641 642 643 645 652 653 654 655 657 658 659 660 661 667 669 670 672 673 674 675 676 678 679 681 682 683 684 685 687 689 690 691 692 693 694 695 696 697 699 701 703 704 706 707 708 709 710 713 717 718 719 720 721 722 723 725 726 727 728 729 731 733 734 735 737 738 739 740 742 744 745 746 747 749 750 751 752 753 754 755 757 759 763 764 765 768 770 771 772 773 774 775 776 777 778 779 780 781 782 783 784 786 787 788 792 793 796 797 798 799 800 802 803 805 806 807 809 810 811 817 818 819 821 822 823 825 826 828 830 831 836 839 840 841 842 843 846 850 853 854 855 856 857 858 859 860 861 862 863 864 865 866 867 869 870 871 872 873 874 875 877 878 884 885 886 887 890 891 893 897 898 902 903 904 905 907 908 909 910 912 916 917 918 919 920 922 923 924 925 929 932 934 935 936 937 938 940 941 944 945 946 947 948 949 950 951 952 955 956 958 959 960 961 962 963 964 965 966 967 968 969 970 971 972 973 974 975 976 978 979 980 981 982 983 984 985 986 987 988 989 990 991 992 993 994 995 996 997 998 999 1000 1001 1002 1003 1004 1005 1006 1007 1008 1009 1010 1011 1012 1013 1014 1015 1016 1017 1018 1019 1020 1021 1022 1023 1024 1029 1032 1033 1039 1040 1041 1042 1043 1044 1047 1048 1049 1050 1051 1052 1053 1054 1055 1056 1057 1058 1059 1060 1064 1065 1066 1070 1071 1072 1073 1074 1075 1076 1077 1078 1079 1080 1083 1084 1085 1086 1088 1089 1090 1091 1092 1093 1096 1097 1098 1100 1101 1102 1105 1109 1110 1112 1115 1116 1117 1120 1121 1122 1125 1126 1130 1131 1132 1134 1136 1137 1138 1139 1143 1147 1149 1150 1151 1152 1153 1154 1155 1156 1158 1162 1163 1164 1165 1166 1167 1168 1169 1170 1171 1174 1180 1181 1182 1184 1185 1186 1187 1188 1190 1191 1193 1194 1195 1196 1197 1198 1199 1200 1201 1202 1203 1204 1205 1206 1207 1208 1209 1210 1214 1215 1216 1217 1218 1219 1220 1221 1222 1223 1224 1225 1226 1227 1230 1231 1232 1233 1234 1235 1236 1238 1239 1240 1241 1242 1243 1244 1245 1246 1247 1248 1249 1250 1251 1252 1254 1255 1256 1257 1258 1259 1260 1261 1262 1263 1264 1265 1266 1267 1268 1269 1270 1271 1272 1273 1274 1275 1276 1277 1278 1279 1280 1281 1282 1283 1284 1285 1286 1287 1288 1289 1290 1291 1292 1293 1294 1295 1296 1297 1298 1299 1303 1306 1307 1308 1309 1310 1311 1312 1317 1318 1319 1320 1322 1323 1324 1325 1326 1328 1329 1334 1335 1336 1337 1338 1345 1351 1352 1353 1356 1360 1361 1362 1364 1365 1366 1367 1368 1369 1372 1373 1374 1377 1380 1382 1383 1384 1386 1388 1389 1391 1392 1395 1396 1398 1399 1402 1404 1406 1407 1409 1410 1412 1414 1415 1418 1419 1420 1421 1425 1427 1428 1430 1431 1433 1434 1440 1444 1445 1447 1448 1449 1450 1452 1456 1457 1458 1459 1460 1461 1462 1463 1464 1465 1466 1468 1469 1470 1471 1472 1473 1474 1475 1476 1477 1478 1479 1481 1482 1483 1485 1486 1487 1488 1489 1491 1492 1494 1495 1496 1497 1499 1500 1501 1502 1504 1505 1506 1507 1509 1510 1513 1514 1515 1516 1517 1519 1520 1521 1522 1523 1524 1525 1526 1527 1528 1529 1530 1531 1532 1533 1534 1535 1536 1537 1539 1541 1543 1544 1545 1549 1550 1551 1552 1554 1555 1556 1557 1559 1561 1563 1564 1566 1567 1568 1569 1571 1572 1574 1575 1576 1578 1579 1580 1582 1583 1584 1585 1586 1589 1591 1593 1595 1596 1597 1601 1605 1606 1607 1609 1610 1611 1612 1613 1614 1615 1617 1619 1620 1621 1622 1623 1625 1626 1627 1630 1631 1632 1633 1635 1637 1640 1641 1642 1643 1644 1646 1647 1648 1649 1653 1654 1656 1660 1661 1662 1663 1664 1665 1666 1669 1670 1672 1674 1676 1677 1678 1679 1680 1681 1682 1684 1685 1689 1690 1691 1692 1694 1695 1696 1697 1698 1699 1701 1707 1708 1709 1711 1712 1713 1714 1715 1716 1717 1718 1719 1720 1721 1724 1725 1726 1727 1728 1729 1731 1732 1733 1734 1735 1736 1737 1738 1739 1740 1741 1742 1743 1744 1745 1746 1748 1749 1751 1752 1753 1754 1755 1756 1757 1758 1759 1760 1761 1762 1763 1764 1765 1766 1767 1768 1769 1770 1771 1772 1773 1774 1775 1776 1777 1778 1779 1780 1781 1784 1785 1786 1787 1788 1789 1790 1791 1792 1793 1797 1798 1799 1800 1801 1802 1803 1804 1805 1812 1813 1814 1815 1818 1819 1820 1821 1829 1830 1831 1832 1835 1836 1837 1838 1845 1846 1853 1854 1855 1856 1858 1859 1860 1861 1862 1868 1869 1870 1871 1872 1874 1875 1876 1878 1879 1882 1883 1884 1886 1887 1888 1891 1892 1893 1895 1896 1897 1898 1899 1900 1902 1903 1908 1909 1910 1911 1912 1913 1914 1916 1924 1925 1926 1927 1928 1929 1930 1935 1941 1942 1943 1944 1945 1946 1951 1952 1955 1961 1968 1969 1970 1971 1972 1973 1980 1982 1985 1986 1987 1988 1989 1990 1991 1992 1993 2002 2003 2007 2008 2009 2010 2013 2017 2018 2019 2020 2023 2024 2025 2027 2028 2029 2030 2031 2033 2035 2036 2041 2042 2043 2045 2046 2047 2048 0
1 2 3 6 8 9 10 12 13 14 15 18 20 21 23 26 28 29 30 31 32 0

25
1 3 4 5 6 7 8 9 10 11 12 13 14 18 19 20 21 22 23 24 26 27 28 29 30 31 32 33 34 35 36 37 38 39 40 42 43 44 45 46 47 49 50 51 52 53 54 55 56 57 58 59 61 62 63 64 65 66 67 68 69 70 71 72 73 74 75 76 77 78 79 80 81 82 83 84 85 86 87 89 90 92 93 94 95 96 97 98 99 100 101 102 103 104 105 106 107 108 109 111 112 113 114 115 116 117 118 119 120 121 122 123 124 125 126 127 128 129 130 131 133 134 135 136 137 138 139 140 141 142 143 146 147 148 149 150 151 152 153 154 156 157 158 159 160 161 162 163 164 165 166 167 168 169 170 171 172 174 176 177 178 179 180 181 182 183 184 185 186 187 188 189 190 191 192 193 194 195 196 197 198 199 200 201 202 203 204 205 206 207 208 209 210 211 212 213 215 216 217 219 220 221 222 223 224 225 226 227 228 229 230 231 232 233 234 235 236 237 238 239 242 243 244 245 247 248 249 250 251 252 253 254 255 256 257 258 259 260 262 263 264 265 268 269 271 273 275 276 277 278 279 280 281 282 283 284 285 286 290 292 293 295 296 297 298 302 303 304 305 307 308 309 310 311 312 313 314 315 316 317 318 319 320 321 322 323 324 325 326 327 328 329 330 331 332 333 334 335 336 337 338 339 340 341 342 343 344 345 346 347 349 350 351 353 354 355 356 358 359 360 361 362 363 364 365 366 367 368 369 370 371 372 374 375 376 377 378 379 381 382 383 384 385 386 387 388 389 391 392 393 394 395 396 397 398 399 400 401 402 403 404 405 407 408 409 410 411 412 413 414 415 416 417 418 419 420 421 424 426 427 428 429 430 431 432 433 434 436 437 438 439 441 442 443 444 445 446 447 448 449 450 451 452 453 454 455 456 457 458 459 460 462 464 465 467 468 470 471 472 473 474 475 476 477 479 481 482 483 484 485 486 487 488 489 490 491 492 493 494 495 496 497 498 499 500 501 502 503 504 505 506 507 509 510 511 512 513 514 515 516 517 518 520 521 522 523 524 525 526 527 528 529 530 531 532 533 534 535 536 537 539 540 541 542 543 544 545 546 547 548 549 550 551 552 553 554 555 556 557 559 562 563 564 565 566 567 568 569 570 571 572 573 574 575 576 577 579 580 581 582 583 584 585 586 587 588 589 590 591 592 593 594 595 596 597 600 601 602 604 605 606 607 608 609 610 611 612 613 614 615 616 617 618 619 620 621 622 623 624 626 627 628 630 631 633 634 635 636 637 638 639 641 642 643 644 645 646 647 648 649 650 651 653 654 655 656 658 659 660 661 662 663 664 665 666 668 669 670 671 672 674 675 676 677 678 679 680 681 683 684 685 686 687 690 691 692 693 694 695 696 697 698 699 700 701 703 704 705 706 707 708 709 710 711 712 713 714 715 716 717 718 719 720 721 722 723 724 725 726 727 728 729 730 731 732 733 734 735 736 737 738 739 740 741 742 743 744 746 747 748 749 750 751 752 753 754 756 758 759 760 761 762 763 764 765 766 768 769 770 771 773 774 775 776 777 778 779 780 781 782 783 784 785 786 787 789 790 791 792 793 794 795 796 797 798 800 801 802 804 805 806 807 808 809 810 811 812 813 814 817 818 819 820 821 822 823 824 825 826 827 828 829 830 831 832 834 835 836 837 838 839 840 841 842 843 844 845 846 847 848 850 852 853 854 855 856 857 858 859 860 861 863 864 865 866 867 869 871 872 873 874 875 876 877 878 879 880 881 882 883 884 885 886 887 888 890 891 893 894 895 896 897 898 899 900 902 903 904 906 909 910 911 913 914 915 916 917 918 919 920 921 922 923 924 925 926 927 928 930 931 932 933 934 935 936 937 938 939 940 941 942 943 944 945 946 947 949 950 951 952 953 954 955 956 957 959 960 961 962 963 964 966 967 968 969 970 971 972 973 974 975 976 977 978 979 980 981 982 984 985 986 987 988 989 990 991 993 994 995 996 998 999 1001 1002 1003 1004 1005 1008 1009 1010 1011 1012 1013 1014 1015 1016 1017 1018 1019 1020 1021 1022 1023 1024 1026 1027 1028 1029 1030 1031 1032 1033 1034 1035 1036 1037 1038 1040 1041 1042 1044 1045 1046 1047 1048 1049 1050 1051 1052 1053 1054 1055 1057 1058 1059 1060 1061 1062 1063 1064 1065 1066 1067 1068 1069 1070 1071 1075 1076 1077 1078 1079 1080 1081 1082 1083 1084 1085 1086 1087 1089 1090 1091 1092 1093 1094 1095 1096 1097 1098 1099 1100 1101 1102 1103 1105 1106 1108 1109 1110 1111 1112 1113 1114 1115 1116 1117 1118 1121 1122 1123 1124 1125 1126 1128 1129 1130 1132 1133 1134 1135 1136 1137 1138 1139 1140 1141 1142 1143 1144 1145 1146 1147 1148 1149 1150 1151 1153 1154 1155 1156 1157 1158 1159 1161 1162 1163 1164 1165 1166 1167 1168 1169 1170 1171 1172 1173 1174 1175 1176 1177 1178 1179 1180 1181 1182 1183 1184 1185 1186 1187 1188 1189 1190 1191 1192 1193 1194 1195 1196 1197 1198 1199 1200 1201 1202 1203 1204 1205 1206 1207 1208 1209 1210 1211 1212 1213 1214 1215 1217 1218 1219 1220 1221 1222 1223 1224 1225 1226 1227 1228 1229 1230 1231 1232 1233 1234 1235 1236 1237 1238 1239 1240 1241 1242 1243 1244 1245 1246 1247 1248 1249 1251 1252 1253 1254 1255 1256 1257 1258 1259 1260 1261 1262 1263 1265 1266 1267 1268 1269 1270 1271 1272 1273 1274 1275 1276 1277 1278 1279 1280 1281 1282 1283 1284 1285 1286 1287 1288 1289 1290 1291 1294 1295 1296 1297 1298 1299 1300 1301 1302 1303 1304 1305 1306 1307 1308 1309 1310 1311 1312 1314 1315 1316 1318 1319 1320 1321 1322 1323 1324 1325 1326 1327 1328 1330 1331 1332 1333 1334 1335 1336 1337 1338 1339 1340 1341 1342 1343 1344 1346 1347 1348 1349 1350 1351 1352 1353 1354 1355 1356 1358 1359 1360 1361 1363 1364 1365 1366 1367 1368 1369 1370 1371 1372 1373 1375 1376 1377 1378 1379 1380 1381 1384 1385 1386 1388 1389 1390 1391 1392 1393 1394 1395 1396 1397 1399 1400 1402 1404 1405 1406 1407 1408 1409 1410 1411 1412 1413 1414 1415 1416 1417 1418 1420 1421 1422 1423 1424 1426 1427 1428 1429 1430 1431 1432 1433 1434 1435 1436 1438 1439 1440 1442 1443 1444 1445 1446 1447 1448 1449 1450 1451 1452 1454 1455 1456 1458 1459 1460 1461 1462 1463 1464 1465 1466 1467 1468 1469 1470 1471 1472 1474 1475 1476 1477 1478 1479 1480 1481 1482 1483 1484 1485 1486 1487 1488 1489 1490 1491 1492 1493 1494 1495 1496 1497 1498 1499 1500 1501 1502 1504 1505 1506 1507 1508 1509 1510 1511 1512 1513 1514 1515 1516 1517 1518 1519 1520 1521 1522 1523 1524 1525 1526 1527 1528 1529 1530 1531 1532 1534 1537 1538 1539 1540 1542 1543 1544 1545 1546 1548 1549 1550 1552 1553 1554 1555 1556 1557 1558 1559 1560 1561 1563 1564 1565 1567 1568 1569 1570 1571 1572 1573 1574 1575 1576 1577 1578 1579 1580 1581 1582 1583 1585 1586 1587 1589 1590 1591 1592 1593 1594 1596 1597 1598 1599 1600 1601 1602 1603 1604 1605 1606 1607 1608 1610 1611 1612 1613 1614 1615 1616 1617 1618 1619 1620 1621 1622 1623 1624 1625 1626 1627 1628 1629 1630 1631 1633 1634 1636 1637 1638 1639 1640 1642 1643 1644 1645 1646 1647 1648 1649 1650 1652 1653 1654 1656 1658 1659 1660 1661 1662 1663 1664 1665 1666 1667 1668 1670 1671 1672 1674 1675 1676 1677 1678 1680 1681 1682 1683 1684 1686 1687 1689 1690 1691 1692 1693 1694 1695 1696 1697 1698 1699 1700 1701 1702 1703 1705 1707 1709 1710 1711 1713 1714 1715 1716 1717 1718 1719 1720 1721 1722 1723 1724 1725 1727 1728 1729 1730 1731 1732 1733 1734 1735 1736 1737 1738 1739 1740 1741 1742 1743 1744 1745 1746 1747 1748 1749 1750 1751 1752 1753 1754 1755 1756 1758 1759 1760 1761 1762 1763 1765 1766 1767 1768 1769 1770 1772 1775 1776 1777 1778 1780 1781 1782 1783 1784 1785 1786 1787 1789 1790 1791 1792 1793 1794 1795 1796 1797 1800 1801 1802 1803 1804 1805 1806 1807 1808 1809 1812 1813 1814 1815 1816 1817 1818 1821 1828 1830 1831 1833 1835 1836 1837 1838 1840 1842 1843 1844 1845 1846 1847 1848 1849 1850 1851 1853 1854 1855 1858 1861 1862 1863 1864 1865 1866 1868 1869 1870 1871 1872 1874 1876 1877 1878 1879 1880 1881 1882 1883 1884 1885 1886 1891 1892 1894 1895 1896 1897 1898 1900 1901 1902 1903 1905 1906 1907 1908 1909 1910 1911 1912 1913 1914 1915 1916 1917 1918 1919 1920 1922 1923 1924 1925 1926 1927 1928 1929 1930 1931 1932 1934 1935 1938 1939 1940 1941 1942 1943 1944 1945 1946 1947 1948 1950 1951 1954 1955 1956 1957 1958 1959 1961 1965 1966 1968 1969 1970 1972 1973 1974 1975 1976 1977 1978 1979 1980 1981 1982 1984 1985 1986 1987 1988 1989 1990 1991 1992 1993 1994 1996 1997 1998 1999 2000 2001 2002 2003 2004 2006 2007 2008 2009 2010 2011 2012 2013 2016 2019 2021 2022 2023 2024 2025 2026 2027 2028 2032 2033 2035 2036 2037 2038 2039 2041 2042 2043 2044 2048 0
1 2 3 4 5 6 7 9 10 12 14 17 19 20 21 22 23 24 26 28 29 32 0

26
1 2 3 4 5 7 8 9 10 11 12 13 14 15 16 17 18 19 20 21 22 23 25 26 27 28 29 30 31 32 33 34 35 37 38 39 40 41 42 43 44 45 46 47 48 49 50 51 52 53 54 55 56 57 58 59 60 61 62 63 64 65 66 67 69 70 71 72 73 74 75 76 77 78 79 80 82 83 85 86 87 88 89 90 91 92 93 94 95 96 97 98 99 100 101 102 103 104 105 106 107 108 109 110 111 112 113 114 115 116 117 118 119 120 121 122 123 124 125 126 127 128 129 130 131 132 133 134 135 136 137 138 139 140 141 142 143 144 145 146 147 148 149 150 151 152 154 156 157 158 159 160 161 162 163 164 165 166 169 170 171 172 173 174 175 176 177 178 179 180 181 182 183 184 185 186 187 188 189 190 191 192 193 194 195 196 197 199 200 202 203 204 205 206 207 208 209 210 211 212 213 215 216 217 218 219 220 221 222 223 224 225 226 227 228 229 230 231 232 233 234 235 236 237 238 239 240 241 242 243 244 245 246 247 248 249 250 251 252 253 254 256 257 259 260 261 262 263 264 265 266 267 268 269 270 271 272 273 274 275 276 277 278 279 280 281 282 283 284 287 288 289 290 291 292 293 294 295 296 298 299 300 301 302 303 304 305 306 307 308 310 311 312 313 314 315 316 317 318 319 320 321 322 323 324 327 328 330 332 333 334 335 336 337 338 339 340 341 342 343 344 348 350 351 353 354 355 356 357 358 359 360 361 365 366 367 368 369 370 371 372 373 374 375 376 377 379 380 381 382 383 384 385 386 387 388 389 390 391 392 393 394 395 396 397 398 399 400 401 402 403 404 405 406 407 409 410 411 413 414 415 416 417 418 419 420 421 422 423 424 425 427 428 429 430 432 433 434 435 436 437 438 439 440 441 442 443 444 445 446 447 448 449 450 451 452 453 454 455 456 457 458 459 460 461 462 464 465 467 468 469 470 471 472 473 474 477 478 479 480 481 482 483 484 485 486 487 488 491 493 494 496 497 498 499 500 501 502 503 504 505 506 507 508 509 510 511 512 513 514 515 516 517 519 520 521 522 523 524 525 526 527 528 529 530 531 533 534 535 536 537 538 539 540 541 542 543 544 545 546 547 548 549 551 552 553 554 555 556 557 558 559 560 561 562 564 565 566 567 568 569 570 571 572 573 574 575 576 577 578 579 580 581 582 583 584 585 586 587 590 591 592 593 595 597 598 599 600 601 602 603 604 605 606 607 608 610 612 613 615 616 617 618 619 621 622 623 624 625 627 628 629 631 632 633 634 635 636 637 638 639 640 641 642 643 644 645 646 647 648 650 651 652 653 654 655 656 657 658 659 660 661 662 663 664 665 666 667 668 669 670 672 673 674 675 676 677 678 679 680 681 682 683 684 685 686 687 688 689 690 691 692 693 694 695 696 697 698 699 700 701 702 704 705 706 707 708 709 710 711 712 713 714 715 716 717 718 719 720 721 722 723 724 725 726 727 729 730 732 734 735 736 737 738 739 742 743 744 745 746 747 748 750 751 752 753 754 755 756 757 758 759 760 761 762 763 765 766 768 769 770 771 772 773 774 775 776 777 778 779 780 781 782 783 784 785 786 787 788 789 790 791 792 794 795 796 797 800 802 803 804 805 806 807 808 811 812 813 814 815 816 817 818 819 820 822 823 824 825 826 827 828 829 830 832 833 835 836 837 838 839 840 841 842 843 844 845 846 847 848 849 850 852 854 855 856 857 859 860 861 863 864 865 866 867 868 869 870 871 872 873 876 877 878 879 880 881 882 883 884 885 886 888 889 890 891 893 895 896 898 899 900 901 902 903 904 905 906 907 908 909 910 911 912 913 914 915 916 917 918 919 920 921 922 923 925 926 927 928 929 930 931 934 935 936 937 940 941 942 944 945 947 948 949 950 951 952 953 954 955 956 957 958 959 961 962 963 964 965 966 967 968 969 970 971 972 973 974 975 976 977 979 980 981 982 983 984 985 988 989 990 991 992 993 995 996 997 999 1001 1002 1003 1004 1005 1007 1008 1009 1010 1011 1012 1013 1014 1015 1016 1017 1018 1019 1020 1021 1022 1023 1024 1025 1026 1027 1028 1029 1030 1031 1032 1033 1034 1035 1036 1037 1038 1039 1040 1044 1046 1047 1048 1049 1050 1051 1052 1053 1056 1057 1058 1059 1060 1061 1062 1063 1064 1066 1067 1070 1071 1072 1073 1074 1075 1077 1078 1079 1080 1081 1082 1083 1084 1085 1086 1087 1088 1089 1090 1091 1092 1093 1094 1095 1097 1098 1099 1100 1101 1102 1103 1104 1106 1107 1108 1109 1110 1111 1112 1113 1114 1115 1116 1117 1118 1119 1121 1122 1123 1124 1126 1127 1128 1129 1130 1131 1132 1137 1138 1139 1140 1141 1142 1144 1145 1146 1147 1148 1150 1151 1152 1153 1154 1155 1156 1157 1158 1159 1160 1162 1164 1165 1166 1167 1168 1169 1170 1171 1172 1173 1174 1175 1176 1177 1179 1180 1181 1182 1183 1184 1185 1186 1187 1188 1189 1190 1191 1193 1194 1195 1196 1197 1198 1199 1200 1201 1202 1203 1204 1205 1206 1207 1208 1209 1210 1211 1212 1213 1214 1215 1216 1217 1218 1219 1220 1221 1222 1224 1225 1227 1229 1232 1233 1234 1235 1236 1237 1238 1241 1242 1243 1244 1245 1246 1247 1248 1249 1250 1251 1252 1253 1254 1255 1256 1257 1258 1259 1260 1263 1264 1265 1266 1267 1268 1269 1270 1271 1272 1273 1274 1275 1276 1277 1278 1279 1280 1281 1282 1283 1284 1286 1287 1288 1289 1290 1291 1292 1293 1294 1295 1296 1297 1298 1299 1300 1301 1304 1305 1306 1307 1309 1310 1311 1312 1313 1314 1315 1316 1317 1320 1321 1322 1323 1325 1326 1328 1329 1331 1332 1333 1334 1335 1336 1337 1338 1339 1341 1343 1344 1345 1347 1348 1349 1351 1352 1353 1354 1355 1356 1357 1358 1359 1361 1362 1363 1364 1365 1366 1367 1368 1369 1371 1372 1373 1375 1376 1377 1378 1379 1380 1382 1383 1384 1385 1386 1387 1389 1390 1391 1392 1393 1394 1396 1397 1398 1399 1400 1401 1402 1403 1404 1405 1406 1407 1408 1409 1410 1412 1413 1414 1415 1417 1418 1419 1420 1421 1422 1423 1424 1425 1426 1428 1429 1430 1431 1432 1433 1434 1435 1436 1437 1438 1439 1440 1441 1442 1443 1444 1446 1447 1448 1449 1450 1451 1452 1454 1455 1456 1457 1458 1459 1460 1461 1462 1463 1464 1465 1466 1467 1468 1469 1470 1471 1472 1473 1474 1476 1477 1478 1479 1480 1481 1482 1483 1484 1485 1486 1487 1488 1489 1490 1491 1492 1493 1494 1495 1496 1497 1498 1499 1501 1502 1504 1505 1506 1507 1508 1509 1510 1512 1513 1514 1515 1516 1517 1518 1520 1521 1522 1523 1524 1525 1526 1527 1528 1529 1530 1531 1532 1533 1534 1535 1536 1537 1538 1539 1540 1541 1542 1543 1544 1545 1546 1547 1548 1549 1550 1551 1552 1553 1554 1555 1556 1557 1558 1561 1562 1563 1564 1565 1568 1569 1571 1572 1573 1574 1575 1576 1577 1579 1580 1581 1582 1583 1584 1585 1586 1587 1588 1589 1590 1591 1592 1593 1594 1596 1598 1599 1600 1601 1602 1603 1604 1605 1606 1607 1608 1609 1610 1611 1612 1613 1614 1617 1619 1620 1621 1622 1623 1624 1625 1626 1627 1628 1629 1630 1632 1633 1634 1635 1636 1637 1638 1639 1640 1641 1642 1643 1644 1645 1646 1647 1648 1649 1650 1651 1652 1653 1654 1656 1657 1658 1659 1661 1662 1664 1665 1666 1667 1668 1669 1670 1672 1673 1674 1675 1676 1677 1678 1679 1680 1681 1682 1683 1684 1685 1686 1687 1688 1689 1690 1691 1692 1693 1694 1695 1696 1697 1699 1702 1703 1704 1705 1706 1707 1708 1709 1710 1711 1712 1713 1714 1715 1717 1718 1719 1720 1721 1722 1723 1724 1725 1726 1727 1728 1729 1730 1731 1732 1733 1734 1735 1736 1737 1738 1739 1740 1742 1743 1744 1745 1746 1747 1748 1749 1750 1752 1753 1754 1755 1757 1758 1759 1760 1761 1763 1764 1765 1766 1771 1772 1773 1774 1775 1776 1777 1778 1779 1780 1781 1782 1783 1785 1786 1787 1788 1789 1790 1791 1792 1793 1794 1795 1796 1797 1798 1799 1800 1801 1802 1803 1804 1805 1806 1807 1808 1809 1810 1812 1813 1814 1815 1816 1817 1818 1821 1822 1823 1824 1825 1826 1829 1830 1831 1832 1833 1835 1837 1838 1839 1840 1842 1845 1846 1848 1849 1850 1851 1852 1853 1854 1855 1856 1858 1861 1862 1864 1867 1868 1869 1870 1871 1872 1875 1877 1879 1880 1881 1882 1885 1887 1888 1890 1891 1895 1896 1897 1898 1899 1900 1901 1902 1904 1906 1908 1909 1910 1911 1913 1917 1918 1919 1920 1921 1922 1923 1926 1930 1931 1933 1934 1935 1936 1937 1938 1939 1941 1942 1946 1947 1948 1949 1951 1952 1954 1955 1956 1957 1959 1960 1961 1962 1963 1964 1965 1966 1967 1968 1970 1971 1972 1973 1974 1975 1976 1977 1978 1979 1980 1981 1982 1983 1984 1985 1986 1988 1989 1990 1994 1995 1996 1997 1998 1999 2000 2001 2002 2004 2005 2006 2011 2012 2013 2014 2016 2020 2022 2023 2025 2026 2027 2028 2033 2034 2035 2036 2037 2039 2041 2042 2044 2045 2048 0
2 3 4 5 6 7 8 14 17 18 19 20 21 22 23 26 27 30 31 32 0

27
1 2 3 4 6 7 8 9 10 11 12 13 15 16 17 18 19 20 21 22 23 24 25 26 28 29 30 31 32 33 34 37 38 39 40 42 43 45 46 47 48 49 50 51 52 53 54 55 56 57 58 59 60 61 63 64 65 66 67 68 69 71 72 73 74 75 76 77 78 79 80 81 82 83 85 86 87 88 89 90 91 92 93 94 95 96 97 98 100 101 102 103 104 105 106 107 108 109 110 111 112 113 116 117 118 119 120 121 122 123 125 126 127 128 129 130 131 132 133 135 136 137 138 139 140 143 144 147 148 149 150 151 152 153 154 157 158 159 160 161 162 163 164 165 166 168 169 170 171 173 174 175 176 178 180 181 182 183 184 185 186 187 188 189 190 191 192 193 194 195 196 197 199 200 201 202 203 204 205 206 207 208 209 210 211 212 213 214 215 216 217 218 219 220 221 222 223 224 225 226 227 228 229 230 232 233 234 235 236 238 239 240 241 242 243 244 245 246 247 251 252 253 254 255 256 257 258 259 260 261 262 263 264 265 266 267 268 269 270 271 272 273 274 275 276 278 279 280 281 282 283 284 285 286 287 288 289 290 292 293 294 295 296 297 298 299 300 302 303 304 306 307 308 309 310 311 312 314 315 316 317 319 320 321 322 324 325 326 327 328 329 330 331 332 333 334 335 336 337 338 339 340 341 342 343 344 345 346 347 348 349 350 351 352 353 354 356 357 358 359 360 363 364 365 366 367 368 369 370 371 373 374 378 379 380 381 382 383 384 385 386 387 388 389 390 395 396 397 399 400 401 402 403 404 405 406 407 408 409 411 412 413 414 415 416 417 418 419 420 421 422 423 425 426 427 429 430 431 432 434 435 437 438 439 440 442 443 445 446 447 448 449 450 451 452 453 454 455 456 457 458 459 460 461 462 463 464 465 466 467 468 469 471 472 473 474 475 477 478 479 480 481 482 483 484 485 486 487 488 489 490 491 492 493 494 495 496 497 498 499 500 501 502 504 505 506 507 508 509 510 511 512 513 514 515 516 517 518 519 520 521 522 523 524 525 526 527 528 529 530 531 532 533 534 535 536 537 538 539 540 541 542 543 545 546 547 548 549 550 552 553 554 555 556 557 558 559 560 562 564 565 567 568 569 570 571 572 573 575 576 577 579 580 581 582 583 585 586 587 588 591 592 594 595 596 597 598 599 600 601 602 605 607 608 609 611 613 614 615 616 617 618 621 622 623 624 625 626 627 628 629 631 632 633 634 635 637 638 639 640 641 642 643 645 647 648 649 651 652 653 654 655 656 657 658 659 661 662 663 664 665 666 668 669 670 671 672 673 674 675 676 677 679 680 682 683 684 685 686 687 688 690 694 695 696 697 699 701 702 703 704 706 708 709 710 711 712 715 717 718 719 720 721 722 723 724 726 729 730 733 735 736 737 738 739 741 742 744 746 747 750 751 752 753 754 756 757 761 762 763 764 765 766 767 768 769 770 771 772 773 774 775 776 777 778 779 780 781 782 783 784 785 789 790 792 793 794 795 796 797 798 799 800 801 802 803 804 805 806 807 808 809 810 812 814 815 817 818 819 820 821 822 823 824 825 826 827 828 829 830 831 832 834 836 837 838 839 840 841 842 843 845 846 847 848 849 850 851 853 854 855 856 857 858 859 860 861 863 864 865 866 867 868 870 871 872 873 874 876 877 878 879 880 881 882 883 884 885 886 887 888 890 891 892 893 894 895 896 897 898 899 901 902 904 906 907 908 909 910 911 912 913 914 915 916 917 918 920 921 923 925 926 927 928 929 930 931 932 933 934 935 936 938 940 941 942 944 945 946 947 948 949 950 951 952 953 955 956 957 958 959 960 962 963 964 965 966 967 968 969 970 971 972 974 975 976 977 978 979 980 981 982 983 984 986 987 988 989 990 991 992 993 994 995 996 997 998 999 1000 1001 1002 1003 1004 1005 1007 1008 1009 1010 1011 1012 1013 1014 1015 1016 1017 1018 1019 1020 1021 1022 1023 1024 1025 1026 1027 1028 1029 1030 1031 1033 1034 1035 1037 1038 1039 1040 1044 1045 1046 1048 1049 1050 1051 1052 1054 1055 1056 1057 1058 1059 1060 1061 1062 1063 1064 1065 1066 1068 1069 1070 1071 1072 1073 1074 1075 1077 1078 1079 1080 1081 1082 1083 1085 1086 1087 1088 1089 1090 1093 1095 1097 1100 1103 1104 1105 1106 1107 1108 1109 1110 1111 1112 1113 1114 1115 1116 1118 1120 1121 1122 1123 1124 1128 1129 1130 1131 1132 1133 1134 1135 1136 1137 1138 1139 1140 1141 1142 1143 1144 1146 1147 1148 1149 1150 1151 1152 1154 1155 1156 1158 1159 1160 1161 1162 1163 1164 1165 1166 1167 1168 1170 1171 1172 1173 1174 1175 1177 1178 1179 1180 1181 1182 1183 1184 1185 1186 1187 1188 1189 1190 1191 1192 1193 1194 1195 1197 1198 1199 1200 1201 1202 1203 1204 1205 1206 1207 1208 1209 1210 1214 1215 1216 1217 1218 1219 1220 1224 1225 1229 1230 1232 1233 1234 1235 1236 1241 1242 1243 1244 1245 1246 1247 1248 1249 1250 1251 1253 1255 1258 1259 1260 1262 1263 1264 1265 1266 1267 1268 1269 1270 1271 1272 1273 1274 1275 1276 1277 1278 1279 1280 1281 1283 1284 1285 1286 1287 1288 1289 1290 1291 1293 1294 1295 1296 1297 1298 1299 1300 1301 1302 1303 1304 1305 1306 1307 1308 1309 1310 1311 1312 1313 1314 1315 1316 1317 1319 1321 1323 1324 1325 1326 1327 1328 1329 1331 1332 1333 1334 1335 1336 1337 1338 1339 1340 1341 1342 1343 1344 1345 1349 1351 1352 1353 1354 1355 1356 1357 1358 1360 1361 1362 1363 1366 1367 1368 1369 1370 1371 1372 1373 1376 1377 1378 1379 1380 1381 1382 1383 1384 1385 1386 1387 1388 1389 1390 1391 1392 1393 1394 1396 1397 1398 1399 1400 1401 1402 1403 1405 1407 1408 1409 1410 1411 1412 1414 1415 1416 1417 1418 1419 1421 1422 1423 1424 1425 1426 1427 1428 1429 1430 1431 1432 1433 1436 1437 1438 1439 1440 1441 1442 1443 1444 1446 1447 1448 1449 1450 1452 1454 1456 1457 1458 1460 1461 1462 1463 1464 1465 1467 1468 1469 1470 1471 1472 1473 1475 1476 1477 1478 1479 1480 1481 1482 1483 1484 1485 1486 1487 1488 1489 1491 1492 1493 1495 1497 1498 1499 1500 1501 1502 1504 1505 1506 1507 1508 1509 1510 1512 1514 1516 1517 1518 1519 1520 1521 1522 1523 1524 1525 1526 1527 1528 1529 1530 1531 1532 1533 1534 1535 1536 1537 1538 1539 1542 1543 1544 1545 1546 1547 1548 1549 1550 1551 1552 1553 1554 1555 1556 1557 1558 1559 1560 1561 1562 1563 1564 1565 1566 1568 1569 1570 1571 1572 1573 1574 1575 1576 1577 1578 1579 1580 1581 1583 1584 1585 1586 1587 1588 1589 1590 1591 1592 1593 1594 1595 1597 1600 1601 1602 1603 1604 1605 1606 1607 1608 1609 1610 1612 1613 1614 1615 1616 1617 1618 1619 1620 1623 1624 1625 1626 1628 1629 1630 1631 1632 1633 1634 1635 1637 1638 1639 1640 1641 1642 1644 1645 1646 1647 1648 1649 1651 1652 1653 1654 1655 1656 1657 1658 1660 1661 1662 1664 1665 1666 1667 1668 1670 1671 1672 1673 1674 1675 1676 1677 1678 1679 1680 1681 1683 1684 1685 1686 1688 1689 1690 1691 1692 1694 1695 1696 1697 1698 1699 1700 1701 1702 1703 1704 1705 1706 1707 1708 1709 1710 1711 1712 1713 1714 1715 1716 1717 1719 1720 1721 1723 1724 1725 1726 1727 1728 1729 1731 1733 1734 1735 1736 1738 1739 1740 1741 1742 1743 1744 1745 1746 1748 1749 1751 1752 1753 1754 1755 1756 1757 1758 1759 1760 1761 1762 1764 1765 1767 1769 1770 1771 1772 1773 1774 1776 1777 1778 1779 1780 1781 1782 1783 1784 1785 1787 1788 1789 1790 1791 1792 1793 1794 1795 1796 1797 1798 1799 1800 1801 1802 1803 1804 1805 1806 1807 1808 1809 1810 1811 1812 1813 1814 1815 1816 1817 1818 1819 1820 1821 1822 1823 1824 1825 1826 1829 1831 1832 1833 1834 1835 1837 1838 1839 1840 1841 1842 1843 1845 1846 1847 1849 1850 1851 1852 1854 1855 1856 1857 1861 1862 1863 1864 1865 1866 1867 1871 1872 1873 1874 1880 1881 1882 1883 1887 1888 1890 1894 1895 1896 1897 1898 1901 1902 1903 1904 1905 1906 1907 1908 1910 1911 1912 1913 1914 1917 1918 1919 1920 1925 1926 1927 1928 1929 1930 1932 1933 1937 1941 1942 1943 1944 1945 1947 1948 1949 1951 1952 1953 1954 1955 1957 1958 1960 1962 1963 1964 1965 1966 1967 1968 1969 1970 1971 1974 1975 1978 1979 1980 1981 1982 1983 1984 1985 1986 1987 1990 1991 1993 1994 1995 1997 1998 1999 2000 2001 2002 2003 2004 2005 2007 2011 2012 2013 2014 2015 2016 2017 2018 2019 2024 2026 2027 2031 2032 2033 2034 2035 2036 2037 2040 2041 2042 2043 2044 2045 2046 2047 2048 0
1 2 3 4 6 9 13 15 16 18 19 20 21 22 23 25 27 28 29 31 0

28
1 2 3 4 6 7 8 9 11 12 13 15 17 19 22 25 28 30 31 33 34 40 42 43 44 49 54 55 56 58 59 60 61 64 65 66 68 70 71 72 74 75 76 78 80 81 82 83 84 86 87 89 90 91 92 93 94 96 97 98 100 101 102 103 104 105 106 107 108 109 111 113 114 115 116 117 119 121 122 123 128 129 130 133 135 136 138 139 141 144 145 149 150 151 152 153 154 155 157 159 160 161 164 165 170 171 172 174 176 177 179 181 182 183 186 188 189 191 192 193 195 197 198 199 201 202 203 204 206 208 209 210 212 213 214 215 216 219 220 222 224 225 227 228 230 231 233 234 236 237 238 239 240 241 242 243 244 245 246 247 248 249 250 251 252 253 254 255 256 257 258 259 260 261 262 264 266 269 271 273 276 277 278 279 282 283 287 288 289 291 292 294 295 297 298 300 301 302 303 304 305 306 307 308 311 314 316 317 318 320 321 322 324 325 327 328 329 330 332 334 335 336 340 343 344 345 347 348 349 351 353 354 358 359 360 362 368 369 370 371 372 374 375 376 377 378 383 384 385 386 388 389 391 392 395 396 399 400 401 404 406 407 408 409 410 412 413 416 417 418 420 422 423 424 425 426 427 428 429 432 433 435 436 437 438 439 440 442 443 444 445 446 448 449 450 451 452 453 454 455 456 457 458 459 460 461 463 464 465 468 469 470 471 472 473 474 475 476 477 479 481 485 486 488 490 491 492 493 494 497 498 499 501 503 504 505 506 507 508 509 510 511 512 517 520 525 527 535 536 539 549 550 552 553 554 555 556 562 563 567 568 570 574 575 576 577 580 582 584 585 586 587 588 592 593 595 596 597 600 601 602 603 604 609 611 612 615 616 617 620 621 622 625 626 628 630 636 637 641 644 645 646 649 650 652 653 656 657 659 661 663 664 665 666 667 668 669 670 673 675 677 678 679 681 682 683 684 685 686 687 689 690 691 694 695 696 697 699 700 702 703 705 706 707 709 711 713 714 716 718 720 722 724 725 732 733 734 736 738 739 740 741 744 747 749 750 752 753 754 755 758 765 766 768 769 770 772 773 774 775 776 777 778 779 780 781 782 783 784 786 787 788 790 791 799 805 806 807 808 809 810 811 812 815 816 817 818 819 822 824 825 827 830 831 832 834 835 836 839 840 841 842 843 844 845 849 852 853 855 856 857 858 859 860 862 865 866 869 870 871 872 873 875 876 877 880 881 884 885 887 888 889 890 891 892 894 895 896 901 902 904 907 908 910 914 916 917 918 919 920 921 922 924 927 928 929 930 932 933 934 935 936 937 938 939 940 941 943 946 947 948 951 952 953 954 955 956 957 960 962 963 964 965 966 967 968 969 970 971 972 973 974 975 977 978 979 980 981 982 983 984 985 986 987 988 989 990 991 995 996 1000 1001 1002 1003 1004 1005 1009 1010 1011 1012 1013 1014 1015 1016 1017 1018 1019 1020 1021 1022 1023 1024 1029 1030 1031 1032 1033 1034 1035 1036 1040 1041 1046 1053 1061 1063 1064 1066 1069 1070 1073 1083 1084 1085 1087 1088 1089 1090 1091 1092 1095 1096 1097 1098 1099 1100 1101 1103 1104 1105 1106 1107 1108 1109 1110 1113 1115 1116 1117 1120 1121 1122 1125 1126 1128 1129 1130 1131 1137 1138 1141 1143 1144 1146 1147 1148 1149 1153 1157 1158 1159 1160 1161 1163 1164 1165 1169 1173 1174 1176 1177 1179 1180 1181 1184 1185 1193 1194 1195 1199 1200 1201 1206 1209 1210 1211 1214 1215 1216 1217 1218 1219 1220 1221 1224 1228 1229 1231 1232 1233 1234 1235 1236 1237 1241 1242 1243 1246 1247 1248 1249 1251 1252 1253 1254 1256 1257 1258 1259 1262 1263 1264 1269 1270 1271 1272 1273 1274 1275 1276 1279 1280 1282 1283 1285 1286 1287 1288 1289 1290 1291 1292 1293 1294 1296 1297 1303 1304 1305 1306 1308 1312 1313 1320 1321 1322 1328 1329 1332 1333 1334 1336 1337 1342 1344 1345 1349 1352 1353 1354 1355 1356 1357 1365 1367 1368 1369 1370 1371 1372 1373 1374 1375 1378 1379 1380 1383 1384 1385 1386 1388 1389 1390 1391 1392 1394 1395 1397 1398 1399 1400 1401 1402 1403 1404 1405 1406 1407 1408 1411 1413 1414 1415 1418 1419 1421 1422 1423 1424 1425 1428 1429 1430 1431 1436 1437 1438 1439 1440 1441 1444 1446 1447 1448 1449 1450 1451 1452 1453 1454 1455 1457 1460 1461 1462 1463 1464 1465 1467 1468 1470 1471 1472 1473 1476 1477 1478 1479 1480 1481 1482 1483 1484 1485 1486 1487 1488 1489 1491 1492 1493 1494 1496 1497 1500 1501 1502 1503 1504 1505 1506 1509 1510 1511 1512 1515 1516 1517 1520 1521 1522 1523 1524 1525 1526 1527 1528 1529 1530 1531 1532 1533 1534 1536 1537 1540 1542 1543 1544 1546 1547 1548 1550 1552 1553 1561 1562 1563 1564 1569 1573 1575 1577 1579 1580 1582 1583 1584 1585 1586 1587 1590 1592 1594 1596 1598 1600 1601 1602 1603 1606 1607 1608 1610 1613 1615 1616 1617 1618 1622 1623 1625 1627 1628 1631 1633 1634 1635 1636 1638 1640 1641 1642 1644 1645 1649 1650 1652 1654 1655 1657 1658 1659 1660 1665 1666 1667 1668 1669 1670 1671 1672 1673 1674 1675 1676 1678 1681 1685 1686 1687 1688 1689 1690 1691 1692 1694 1696 1697 1701 1702 1703 1705 1706 1708 1710 1711 1712 1713 1714 1715 1716 1717 1718 1719 1720 1721 1722 1723 1726 1727 1728 1729 1730 1731 1732 1733 1734 1735 1736 1741 1742 1744 1745 1746 1747 1748 1749 1750 1752 1754 1756 1757 1758 1759 1760 1761 1762 1763 1764 1765 1766 1767 1768 1769 1770 1771 1772 1773 1774 1775 1776 1777 1778 1779 1781 1782 1783 1784 1785 1788 1789 1791 1792 1793 1794 1795 1796 1797 1798 1799 1800 1801 1802 1804 1805 1806 1807 1808 1809 1810 1811 1812 1813 1816 1817 1818 1821 1822 1823 1824 1825 1826 1827 1828 1829 1836 1837 1838 1839 1841 1842 1843 1844 1845 1846 1847 1853 1854 1858 1861 1862 1865 1866 1869 1870 1871 1880 1881 1882 1883 1886 1887 1888 1890 1897 1899 1900 1901 1902 1903 1904 1906 1907 1908 1910 1915 1916 1917 1918 1919 1920 1922 1923 1924 1925 1926 1930 1931 1932 1933 1934 1935 1936 1937 1938 1939 1940 1941 1946 1949 1950 1951 1952 1953 1954 1955 1956 1957 1958 1962 1969 1970 1971 1972 1973 1974 1975 1976 1977 1978 1979 1985 1986 1989 1990 1991 1992 1993 1994 1995 1996 2001 2006 2007 2008 2010 2011 2012 2017 2018 2022 2023 2025 2026 2027 2028 2037 2038 2044 2047 2048 0
1 2 3 6 9 13 18 19 20 21 23 29 31 0

29
1 3 5 6 8 9 10 12 13 14 15 16 17 18 19 20 21 22 24 25 26 28 29 30 32 33 35 36 38 40 41 43 45 48 49 51 53 55 56 57 58 59 60 61 62 64 65 67 68 69 70 73 74 76 77 78 81 82 83 84 86 88 89 90 91 92 93 94 97 99 100 101 102 103 104 105 106 108 109 111 112 113 115 116 117 118 119 120 121 122 123 125 126 127 129 131 134 135 136 137 138 139 142 143 144 145 146 147 149 150 151 152 153 154 155 156 157 158 159 160 161 162 163 164 165 166 168 169 170 171 172 173 175 176 177 179 180 181 182 185 186 187 188 189 191 192 193 194 195 196 197 198 199 201 202 203 204 205 207 208 209 210 211 212 213 214 215 216 217 220 222 223 224 225 226 227 228 229 230 231 232 233 234 235 236 237 238 239 240 241 243 244 245 246 247 248 249 250 252 254 255 256 257 258 259 260 261 262 263 264 265 266 267 269 272 273 276 277 279 282 285 286 287 288 289 291 297 300 302 304 305 310 311 312 313 314 315 317 320 321 322 323 326 327 328 329 331 333 334 336 337 338 340 341 342 343 344 345 346 347 348 349 350 352 353 356 357 358 359 360 361 362 363 365 367 369 370 371 372 374 375 376 378 379 380 381 382 383 384 385 386 387 388 389 390 391 392 395 396 397 398 399 400 401 403 404 405 406 407 408 409 410 411 412 413 414 415 417 419 420 421 422 423 424 425 426 427 428 429 430 431 432 433 434 435 436 437 438 439 440 443 444 445 446 447 448 449 450 451 452 454 457 458 459 460 461 463 465 467 468 469 470 471 472 473 474 475 476 477 479 480 481 482 483 484 485 486 487 488 489 490 491 492 493 494 495 496 499 500 501 502 503 504 505 506 507 508 509 510 511 512 513 524 526 527 528 530 531 532 535 537 542 543 544 545 547 548 549 552 553 558 559 560 561 562 563 564 565 569 570 571 573 574 575 577 579 580 581 582 583 584 585 586 587 589 590 593 595 597 598 599 600 601 602 603 605 606 612 613 614 615 616 617 618 619 620 622 625 627 628 629 630 631 632 633 634 635 637 643 644 645 646 649 650 651 653 654 655 658 659 660 661 662 664 665 666 668 669 670 671 673 674 675 676 677 678 679 680 681 682 684 685 688 689 690 692 694 695 696 697 698 699 702 703 704 705 707 708 710 713 716 718 719 721 722 723 724 725 726 728 729 730 731 733 734 735 737 738 740 741 742 743 745 748 750 751 752 755 756 757 758 759 760 761 762 763 764 765 766 767 768 769 770 771 772 773 774 777 778 779 780 781 782 783 784 785 787 788 789 791 792 798 799 804 808 809 810 811 812 813 817 818 819 820 821 822 824 825 826 827 829 830 831 832 834 835 836 840 841 842 843 844 845 846 847 851 853 856 857 858 859 860 861 862 863 864 867 868 869 870 871 872 873 874 875 876 877 879 880 883 884 885 887 888 889 890 891 892 893 894 895 896 897 901 902 903 904 905 906 907 908 909 913 914 916 917 918 919 920 921 922 923 927 928 929 930 931 932 934 935 936 937 938 939 940 941 942 943 944 946 947 948 949 950 951 952 953 954 955 956 957 960 963 964 965 966 967 968 969 970 971 973 974 975 976 977 978 979 981 982 983 984 985 986 987 988 989 990 991 992 994 996 997 998 999 1000 1001 1002 1003 1004 1005 1006 1007 1009 1010 1011 1012 1013 1014 1015 1016 1017 1018 1019 1020 1021 1022 1023 1024 1025 1028 1033 1034 1035 1036 1038 1039 1040 1049 1051 1052 1053 1055 1056 1057 1064 1068 1071 1072 1073 1075 1076 1077 1078 1079 1080 1081 1082 1083 1084 1085 1086 1088 1089 1092 1093 1096 1097 1098 1099 1100 1101 1102 1104 1105 1107 1108 1109 1110 1111 1113 1114 1115 1116 1117 1118 1121 1122 1126 1127 1128 1129 1130 1132 1134 1137 1138 1140 1141 1142 1143 1144 1145 1146 1147 1148 1150 1151 1153 1154 1156 1157 1158 1159 1160 1161 1162 1163 1164 1165 1166 1167 1169 1172 1173 1174 1175 1176 1178 1181 1182 1183 1188 1189 1190 1191 1192 1193 1196 1197 1198 1199 1201 1205 1206 1207 1208 1209 1210 1211 1212 1213 1214 1215 1216 1217 1218 1219 1221 1223 1224 1225 1226 1227 1228 1229 1230 1231 1232 1233 1235 1236 1237 1238 1239 1240 1241 1243 1244 1245 1247 1248 1249 1250 1251 1252 1253 1254 1255 1256 1259 1260 1261 1262 1264 1265 1266 1267 1268 1269 1270 1271 1272 1273 1274 1275 1276 1277 1278 1279 1280 1281 1282 1283 1284 1285 1286 1287 1289 1290 1291 1292 1293 1294 1295 1296 1297 1298 1299 1300 1303 1304 1305 1309 1310 1313 1317 1319 1321 1322 1323 1324 1325 1326 1329 1331 1332 1335 1337 1338 1339 1340 1341 1342 1345 1347 1348 1349 1352 1353 1354 1355 1356 1357 1358 1361 1362 1363 1364 1365 1366 1367 1368 1369 1370 1371 1372 1374 1376 1377 1380 1382 1383 1384 1385 1387 1388 1389 1392 1393 1394 1396 1397 1398 1399 1400 1401 1402 1403 1404 1405 1406 1407 1408 1409 1410 1413 1414 1415 1416 1417 1418 1419 1420 1422 1423 1424 1425 1426 1427 1429 1430 1431 1432 1433 1437 1438 1439 1440 1441 1443 1444 1445 1446 1447 1449 1450 1455 1456 1457 1458 1459 1460 1461 1463 1464 1465 1466 1467 1468 1469 1470 1472 1473 1474 1475 1478 1479 1480 1481 1482 1483 1484 1485 1486 1487 1488 1489 1490 1491 1492 1493 1494 1495 1496 1497 1498 1500 1503 1504 1505 1506 1507 1508 1511 1512 1513 1514 1516 1517 1518 1519 1520 1521 1522 1523 1524 1525 1526 1527 1528 1529 1530 1531 1532 1533 1534 1535 1536 1537 1538 1540 1545 1546 1547 1548 1551 1552 1553 1556 1557 1560 1561 1563 1564 1568 1569 1570 1571 1572 1573 1575 1578 1580 1581 1583 1584 1585 1586 1588 1589 1590 1591 1592 1593 1594 1596 1597 1598 1599 1601 1602 1603 1605 1606 1607 1608 1609 1610 1611 1612 1613 1614 1615 1617 1618 1620 1621 1622 1623 1624 1625 1626 1627 1628 1629 1630 1631 1633 1634 1635 1636 1637 1638 1639 1640 1642 1643 1644 1645 1646 1649 1650 1651 1652 1653 1654 1655 1656 1657 1658 1659 1660 1661 1662 1663 1664 1665 1666 1667 1668 1669 1670 1671 1672 1673 1674 1675 1676 1677 1678 1679 1681 1682 1683 1684 1685 1686 1687 1688 1689 1690 1691 1692 1695 1696 1697 1698 1699 1700 1702 1703 1705 1706 1707 1711 1712 1713 1714 1715 1717 1718 1719 1720 1722 1723 1725 1726 1727 1728 1729 1730 1731 1732 1733 1734 1736 1737 1738 1739 1740 1741 1742 1743 1744 1745 1747 1749 1750 1751 1753 1754 1755 1756 1757 1758 1759 1760 1761 1762 1763 1764 1766 1767 1769 1770 1772 1773 1774 1775 1776 1777 1778 1779 1780 1781 1782 1783 1784 1785 1786 1787 1788 1789 1790 1791 1792 1793 1794 1795 1796 1797 1798 1799 1800 1801 1802 1809 1810 1811 1812 1813 1814 1815 1816 1817 1818 1821 1822 1823 1825 1826 1829 1830 1831 1834 1837 1838 1839 1841 1842 1846 1847 1848 1852 1855 1857 1858 1861 1862 1863 1864 1865 1866 1867 1868 1871 1874 1875 1876 1877 1878 1879 1880 1881 1882 1883 1884 1885 1887 1888 1891 1892 1893 1894 1895 1896 1897 1898 1900 1902 1903 1904 1908 1909 1910 1911 1914 1915 1917 1918 1919 1920 1921 1923 1924 1925 1926 1927 1928 1929 1930 1931 1933 1934 1936 1937 1938 1939 1940 1941 1942 1943 1944 1945 1947 1948 1949 1950 1951 1952 1953 1954 1955 1957 1958 1960 1961 1962 1964 1965 1968 1969 1972 1974 1976 1977 1978 1979 1981 1991 1993 1994 1995 1996 1997 2002 2003 2008 2009 2010 2014 2015 2016 2017 2018 2019 2020 2021 2026 2030 2031 2032 2033 2034 2035 2036 2037 2038 2039 2040 2041 2042 2044 2045 2046 2047 2048 0
1 3 4 5 6 7 8 9 10 11 12 13 16 17 19 20 21 23 24 25 27 28 29 31 32 0

30
1 3 4 5 7 8 9 12 14 15 16 17 18 19 20 21 22 23 24 25 26 27 28 29 30 31 33 34 35 36 37 39 40 41 42 43 44 45 46 47 49 50 51 52 53 54 55 56 57 58 59 60 61 62 64 65 67 68 69 71 72 73 74 75 76 77 78 79 81 83 84 85 86 87 88 89 90 91 92 93 94 95 96 97 101 102 103 104 105 106 107 108 109 110 111 112 113 115 116 118 119 120 121 122 123 124 126 127 128 129 130 131 132 133 134 135 136 137 139 140 141 142 143 144 145 146 147 148 149 150 151 152 153 156 157 158 159 160 161 163 164 166 167 168 169 170 171 172 173 174 175 176 177 178 179 180 181 182 183 184 185 186 187 188 189 190 191 192 193 194 195 197 198 200 201 202 204 206 207 208 209 211 215 216 217 218 220 221 222 224 225 226 227 228 229 231 232 233 234 235 236 237 238 241 242 243 244 245 246 247 248 249 250 251 253 254 255 256 257 258 259 260 261 262 263 264 265 266 267 268 269 270 271 272 273 274 275 277 278 279 280 281 282 283 287 288 289 290 291 292 293 294 295 296 297 298 299 300 301 302 304 305 306 307 308 309 310 311 312 313 314 315 316 317 318 319 320 322 323 325 326 327 328 329 330 331 332 333 334 335 336 337 338 340 341 342 343 344 345 346 347 348 349 350 352 353 355 356 357 358 359 360 361 363 364 365 366 367 368 369 370 372 373 374 375 376 377 378 379 380 381 383 384 385 386 387 388 389 390 391 392 393 394 395 396 398 399 400 401 402 403 405 406 407 408 409 410 411 414 415 416 417 418 419 420 421 422 423 424 425 426 428 429 430 431 432 433 434 435 436 437 438 439 440 443 444 445 446 447 448 450 451 452 454 455 456 457 458 460 461 462 463 464 465 467 468 469 470 471 472 473 474 475 476 477 480 481 482 483 484 485 486 487 488 489 490 491 492 493 494 495 496 497 498 499 500 501 503 504 505 506 507 508 509 510 511 512 513 514 515 516 517 518 519 520 522 523 528 529 530 531 533 534 535 536 538 539 541 543 544 545 546 547 548 549 550 551 555 556 557 558 561 562 563 564 565 566 567 569 571 572 573 576 577 578 579 580 581 582 583 584 585 586 587 588 589 590 591 593 595 596 597 598 599 600 601 602 603 604 608 609 611 613 614 615 616 617 618 619 620 621 623 625 626 627 630 631 632 633 635 637 639 640 641 642 644 645 646 647 649 650 651 652 653 654 655 657 659 661 662 663 665 667 668 671 672 673 674 675 677 678 679 680 682 683 684 685 687 688 689 690 692 693 694 695 696 697 698 699 700 701 702 703 704 706 707 708 709 710 711 712 713 715 716 717 718 720 721 722 723 724 727 728 729 730 731 732 734 735 736 737 738 741 743 744 745 746 747 748 750 751 752 756 757 758 760 761 762 763 764 768 769 770 771 772 773 774 775 776 777 778 779 780 781 782 783 784 786 787 788 789 790 791 792 793 794 795 796 797 798 802 803 804 805 806 807 808 809 810 811 812 813 816 817 818 821 823 824 825 826 827 828 829 830 831 832 833 834 835 836 837 838 839 840 841 842 843 844 845 846 847 849 850 851 852 853 854 855 856 857 858 859 860 861 862 863 864 865 870 871 872 873 875 876 877 878 879 880 883 885 886 887 889 890 892 893 895 896 897 898 899 900 901 902 903 904 905 906 907 908 909 910 911 912 913 914 915 916 917 918 919 920 921 922 923 924 925 926 927 928 929 930 931 932 933 934 935 936 937 938 939 940 944 945 947 948 949 950 951 952 953 954 955 956 957 958 959 960 961 962 963 964 965 966 967 968 969 970 972 973 974 975 976 977 978 980 981 982 983 985 986 987 989 990 991 992 993 994 995 996 998 999 1000 1001 1002 1003 1004 1005 1006 1008 1009 1010 1011 1012 1013 1014 1015 1016 1017 1018 1019 1020 1021 1022 1023 1024 1025 1026 1027 1028 1029 1031 1032 1034 1035 1036 1037 1038 1039 1040 1041 1042 1043 1044 1046 1047 1048 1050 1056 1057 1058 1059 1060 1061 1062 1064 1066 1067 1068 1069 1072 1074 1075 1076 1077 1078 1079 1080 1081 1082 1083 1084 1085 1086 1087 1088 1089 1090 1091 1092 1094 1095 1096 1097 1098 1099 1100 1101 1103 1104 1106 1109 1110 1111 1112 1113 1114 1115 1116 1117 1118 1119 1123 1125 1126 1127 1128 1129 1130 1131 1132 1134 1135 1136 1139 1141 1142 1143 1144 1145 1146 1147 1148 1149 1150 1151 1152 1153 1155 1156 1157 1158 1159 1160 1161 1162 1163 1164 1165 1166 1167 1168 1169 1170 1177 1178 1179 1180 1182 1185 1186 1187 1190 1191 1192 1193 1194 1195 1196 1197 1198 1199 1200 1201 1203 1204 1205 1206 1207 1208 1209 1210 1211 1212 1213 1214 1215 1216 1217 1219 1220 1221 1222 1223 1224 1225 1226 1228 1229 1230 1231 1232 1233 1234 1235 1236 1237 1238 1239 1240 1241 1242 1243 1244 1245 1246 1248 1249 1250 1255 1256 1257 1258 1259 1260 1261 1262 1263 1264 1265 1266 1267 1268 1269 1270 1271 1272 1273 1274 1275 1276 1277 1278 1279 1280 1282 1283 1286 1287 1288 1289 1290 1291 1292 1293 1295 1296 1297 1298 1299 1301 1306 1307 1308 1309 1311 1313 1314 1315 1316 1317 1318 1321 1322 1324 1325 1327 1328 1329 1330 1333 1334 1335 1336 1337 1338 1339 1342 1344 1345 1347 1348 1349 1350 1351 1352 1354 1355 1357 1358 1360 1361 1363 1364 1365 1366 1368 1369 1370 1371 1372 1373 1374 1375 1376 1377 1379 1381 1382 1385 1386 1387 1388 1389 1392 1393 1396 1397 1398 1399 1400 1401 1402 1403 1404 1405 1406 1407 1408 1409 1410 1413 1414 1415 1416 1418 1419 1420 1421 1422 1423 1424 1425 1426 1429 1430 1432 1433 1434 1436 1437 1438 1439 1440 1441 1442 1445 1446 1447 1450 1451 1452 1453 1454 1455 1457 1461 1462 1463 1464 1465 1466 1467 1468 1469 1470 1471 1472 1473 1474 1475 1476 1477 1479 1480 1481 1482 1483 1484 1485 1486 1487 1489 1491 1493 1494 1496 1497 1498 1499 1500 1501 1503 1505 1506 1507 1508 1509 1510 1511 1514 1515 1516 1517 1518 1519 1520 1521 1522 1523 1524 1525 1526 1527 1528 1529 1530 1531 1532 1533 1534 1535 1536 1537 1539 1540 1541 1543 1544 1545 1546 1549 1550 1551 1552 1553 1554 1556 1557 1558 1559 1560 1561 1565 1566 1567 1568 1569 1570 1571 1572 1573 1574 1576 1577 1578 1580 1581 1582 1585 1586 1588 1589 1590 1591 1592 1593 1594 1595 1596 1598 1600 1601 1602 1603 1605 1606 1607 1608 1610 1611 1612 1613 1614 1615 1616 1617 1618 1619 1620 1621 1622 1623 1625 1627 1628 1629 1630 1631 1632 1633 1634 1635 1637 1638 1639 1641 1643 1644 1645 1646 1647 1648 1649 1650 1652 1653 1654 1655 1656 1658 1660 1661 1662 1663 1664 1665 1666 1669 1670 1671 1672 1673 1674 1675 1676 1677 1678 1679 1680 1681 1682 1683 1685 1686 1687 1688 1689 1690 1691 1692 1693 1694 1695 1696 1697 1698 1699 1700 1701 1702 1703 1704 1705 1706 1707 1708 1710 1712 1713 1714 1715 1716 1717 1718 1719 1721 1722 1723 1724 1725 1726 1727 1728 1729 1730 1731 1732 1733 1734 1735 1736 1737 1738 1740 1741 1742 1743 1744 1745 1746 1747 1748 1749 1750 1751 1752 1753 1755 1756 1758 1759 1760 1761 1762 1764 1765 1766 1767 1768 1769 1770 1771 1772 1774 1775 1777 1778 1779 1780 1781 1782 1783 1785 1786 1788 1789 1790 1791 1792 1793 1794 1795 1796 1797 1798 1799 1800 1801 1802 1805 1806 1807 1808 1810 1811 1813 1814 1817 1822 1823 1824 1826 1827 1828 1829 1830 1831 1832 1833 1834 1838 1839 1840 1841 1842 1843 1844 1845 1846 1847 1848 1849 1852 1853 1854 1855 1856 1857 1862 1863 1864 1865 1866 1868 1869 1870 1871 1872 1873 1874 1876 1877 1878 1879 1881 1882 1883 1884 1885 1886 1887 1888 1889 1890 1892 1893 1895 1896 1897 1898 1899 1900 1901 1902 1903 1904 1905 1906 1907 1911 1912 1915 1916 1917 1918 1919 1920 1922 1923 1924 1925 1926 1927 1928 1930 1931 1932 1933 1934 1935 1936 1938 1941 1942 1943 1946 1947 1948 1949 1950 1951 1952 1953 1954 1955 1956 1957 1958 1959 1960 1961 1963 1964 1965 1966 1967 1968 1969 1970 1971 1972 1973 1974 1976 1977 1978 1979 1980 1981 1983 1984 1985 1986 1988 1989 1990 1991 1992 1993 1994 1996 1997 1998 1999 2000 2001 2002 2004 2005 2006 2007 2008 2009 2012 2013 2014 2015 2016 2017 2021 2022 2031 2032 2033 2034 2035 2036 2037 2040 2041 2042 2043 2044 2045 2046 2047 0
1 3 4 5 7 8 9 10 13 14 15 17 19 20 21 22 23 26 27 29 31 32 0

31
1 2 3 4 5 7 8 9 10 11 12 14 15 16 17 18 20 21 24 25 26 27 29 30 31 32 33 34 36 38 39 40 41 43 44 45 46 47 48 49 52 54 55 57 58 60 61 62 63 64 65 66 67 69 70 71 72 73 74 75 76 77 81 82 83 84 85 87 88 89 90 92 93 94 96 97 98 99 100 101 102 103 104 106 108 109 110 112 113 114 115 116 117 118 119 120 121 122 123 124 125 128 129 130 131 132 133 135 136 137 139 140 141 143 145 146 147 149 150 151 152 153 154 157 158 160 162 163 164 165 166 167 168 169 170 171 172 173 175 176 178 179 181 182 183 184 185 186 187 188 190 191 193 194 195 196 197 198 199 200 201 202 203 204 205 206 207 208 209 210 212 213 214 215 216 217 218 219 220 221 222 223 224 226 227 228 229 230 231 232 233 235 237 238 239 240 242 243 245 246 247 249 250 251 252 253 254 255 256 257 258 259 260 261 262 263 264 265 266 267 268 269 270 274 275 276 277 278 279 280 281 283 284 285 288 290 291 293 294 295 296 299 300 302 305 306 308 309 310 311 312 314 316 317 318 320 321 323 324 325 327 328 329 330 332 333 336 337 339 340 341 342 343 344 346 347 348 349 350 351 353 354 355 356 357 358 359 361 362 363 364 365 366 368 369 370 371 372 373 374 375 377 378 379 380 381 384 385 386 387 388 389 390 391 392 393 394 395 396 397 400 401 402 403 405 406 408 409 410 411 412 413 414 415 417 418 419 420 421 422 423 424 425 426 427 428 429 432 433 435 436 437 438 439 441 442 443 444 445 447 448 449 450 451 452 453 455 457 458 459 460 461 462 463 464 465 466 467 469 470 471 474 475 476 479 480 481 482 483 484 485 489 490 492 493 495 496 497 498 500 501 503 508 509 510 511 512 513 514 515 516 517 518 522 523 524 526 527 528 529 530 534 543 546 549 550 551 552 553 555 558 559 560 561 564 565 566 567 568 569 571 572 573 574 575 577 581 582 583 584 585 586 587 588 589 590 593 596 597 598 599 601 602 603 604 606 608 609 610 611 612 613 617 618 619 620 621 622 624 625 628 629 631 632 633 634 635 636 637 639 640 642 643 644 645 647 648 650 651 652 653 655 656 657 658 659 660 661 662 663 664 665 666 668 669 670 672 674 675 676 677 679 680 681 682 683 685 686 687 689 690 691 692 694 695 696 697 698 700 701 702 703 705 706 707 708 709 711 712 713 714 715 716 717 718 719 720 721 722 723 724 725 726 727 728 729 730 731 732 733 734 735 737 738 739 740 741 742 743 744 745 746 747 753 756 757 758 759 760 761 764 765 766 767 768 770 771 772 773 774 775 776 777 778 779 780 781 782 783 784 786 787 788 792 793 795 796 800 802 803 804 805 806 807 808 809 810 811 812 813 815 816 817 818 819 820 821 822 824 825 826 827 828 830 831 832 833 834 835 836 837 838 839 840 841 842 843 845 846 847 848 849 850 852 854 855 856 857 859 860 861 862 865 866 867 868 869 870 871 872 873 875 876 877 879 880 881 882 885 886 887 888 890 891 892 893 897 898 900 901 903 905 906 907 908 909 910 911 913 914 916 917 918 919 921 922 923 924 925 926 928 929 930 931 932 933 934 935 936 937 938 939 940 941 942 943 945 946 948 949 950 951 952 953 954 955 956 957 959 960 961 962 963 964 965 966 967 968 969 970 971 972 973 974 977 978 979 980 981 982 983 984 985 986 987 988 989 993 994 996 997 998 999 1000 1001 1002 1009 1010 1011 1012 1013 1014 1015 1016 1017 1018 1019 1020 1021 1022 1023 1024 1031 1032 1033 1040 1041 1042 1047 1048 1049 1050 1057 1058 1063 1064 1065 1066 1073 1074 1075 1077 1081 1082 1083 1084 1087 1089 1090 1091 1092 1093 1094 1095 1096 1097 1098 1099 1100 1101 1102 1103 1105 1106 1108 1109 1110 1111 1112 1113 1114 1115 1116 1117 1121 1122 1123 1124 1125 1126 1127 1128 1129 1131 1132 1133 1135 1136 1137 1138 1140 1141 1142 1143 1144 1145 1148 1149 1150 1151 1152 1153 1154 1155 1156 1157 1158 1159 1160 1161 1162 1163 1164 1165 1166 1168 1169 1172 1173 1174 1175 1176 1178 1179 1180 1181 1185 1186 1187 1188 1189 1190 1191 1192 1196 1198 1201 1202 1204 1205 1207 1208 1209 1210 1211 1212 1213 1214 1215 1216 1217 1218 1219 1220 1222 1223 1224 1225 1226 1227 1228 1229 1230 1231 1232 1233 1234 1235 1236 1237 1238 1239 1240 1241 1242 1243 1244 1245 1246 1247 1248 1249 1250 1251 1252 1255 1257 1258 1260 1261 1262 1263 1264 1265 1266 1267 1268 1269 1270 1271 1272 1273 1274 1275 1276 1277 1278 1279 1280 1281 1282 1283 1284 1285 1286 1287 1288 1289 1290 1291 1292 1293 1294 1295 1296 1298 1299 1300 1301 1302 1303 1305 1310 1311 1312 1313 1314 1316 1319 1320 1321 1322 1323 1324 1325 1326 1327 1328 1333 1334 1335 1336 1340 1346 1350 1351 1352 1353 1354 1356 1357 1361 1362 1363 1364 1365 1366 1367 1368 1369 1371 1372 1373 1374 1377 1378 1379 1380 1381 1382 1383 1384 1385 1387 1388 1392 1393 1394 1395 1397 1398 1399 1400 1401 1402 1405 1407 1409 1410 1411 1412 1413 1415 1416 1417 1418 1421 1422 1425 1426 1427 1428 1429 1430 1431 1432 1433 1434 1435 1438 1439 1440 1441 1442 1443 1444 1445 1446 1447 1448 1449 1450 1451 1452 1453 1456 1457 1458 1459 1460 1461 1462 1463 1464 1465 1466 1467 1468 1469 1470 1471 1472 1473 1474 1475 1477 1479 1480 1481 1482 1483 1484 1485 1486 1487 1488 1489 1490 1491 1492 1493 1494 1496 1497 1498 1504 1505 1506 1507 1508 1509 1510 1511 1512 1513 1514 1520 1521 1522 1523 1524 1525 1526 1527 1528 1529 1531 1537 1544 1545 1546 1549 1552 1555 1556 1557 1560 1561 1562 1563 1567 1569 1571 1573 1574 1576 1577 1578 1582 1583 1585 1586 1587 1589 1591 1592 1594 1595 1596 1598 1599 1601 1602 1604 1605 1606 1607 1608 1609 1610 1611 1612 1613 1614 1615 1617 1618 1620 1621 1622 1623 1624 1625 1626 1628 1630 1631 1633 1634 1635 1636 1637 1638 1639 1640 1641 1642 1643 1644 1645 1646 1647 1648 1649 1650 1651 1652 1653 1654 1655 1656 1657 1658 1659 1661 1662 1663 1664 1665 1666 1667 1668 1669 1670 1671 1672 1673 1674 1675 1676 1677 1678 1680 1681 1683 1684 1685 1686 1687 1689 1690 1691 1692 1693 1694 1697 1698 1699 1700 1701 1702 1703 1704 1705 1706 1707 1709 1710 1711 1713 1714 1715 1716 1717 1719 1720 1721 1722 1723 1724 1725 1726 1727 1728 1729 1730 1731 1732 1733 1734 1735 1736 1737 1738 1739 1740 1741 1742 1743 1744 1745 1746 1748 1749 1750 1751 1752 1753 1754 1755 1756 1758 1759 1760 1761 1762 1764 1765 1766 1767 1768 1769 1770 1772 1773 1774 1775 1776 1777 1779 1780 1781 1782 1783 1784 1785 1786 1789 1790 1793 1794 1795 1796 1797 1798 1799 1802 1803 1804 1805 1806 1809 1811 1812 1813 1814 1815 1819 1820 1821 1822 1823 1824 1827 1828 1829 1830 1831 1835 1836 1837 1838 1839 1840 1844 1845 1846 1847 1851 1853 1855 1856 1859 1860 1861 1862 1863 1864 1866 1867 1868 1869 1870 1871 1872 1874 1875 1876 1877 1878 1879 1880 1881 1883 1884 1885 1886 1887 1890 1891 1892 1893 1894 1895 1897 1898 1899 1900 1901 1902 1906 1907 1908 1909 1910 1914 1916 1917 1918 1921 1923 1924 1925 1926 1927 1928 1930 1931 1932 1933 1934 1935 1937 1938 1939 1940 1941 1942 1943 1945 1946 1947 1950 1951 1952 1953 1954 1955 1957 1959 1962 1963 1967 1968 1974 1976 1977 1978 1980 1991 1992 1993 1994 1995 2007 2008 2009 2010 2017 2018 2023 2024 2025 2026 2027 2036 2037 2038 2039 2040 2041 2042 2043 2044 2046 2048 0
1 2 3 4 6 9 12 15 18 21 22 23 25 26 27 28 29 30 32 0

32
1 2 3 4 5 6 7 8 9 10 11 12 14 15 16 17 18 19 20 21 22 25 26 27 28 29 30 31 32 33 34 35 36 37 38 40 41 42 43 44 45 46 47 48 49 50 51 52 53 54 59 60 61 62 64 65 66 67 68 69 70 72 73 74 76 78 80 81 82 83 84 85 86 87 88 89 91 93 94 95 97 98 99 101 102 103 104 105 106 107 108 109 110 111 112 113 114 115 116 117 118 119 120 121 122 123 124 125 126 127 128 130 131 132 133 134 135 136 137 138 139 140 141 142 143 144 145 146 147 148 149 150 151 154 155 156 157 158 159 160 161 162 163 164 165 166 167 168 169 170 171 172 173 174 176 177 178 179 180 181 183 184 185 186 187 188 189 190 191 192 193 194 195 196 197 198 199 200 201 202 203 204 205 206 207 208 209 210 212 213 214 215 216 218 219 220 221 222 223 224 225 226 227 228 229 230 232 233 234 235 237 238 239 241 242 243 244 245 246 247 248 249 250 251 252 253 254 255 256 257 258 259 260 261 262 263 264 265 266 267 268 269 270 271 272 273 275 276 277 278 279 283 285 286 288 289 291 292 293 294 295 296 297 298 299 300 301 302 303 304 305 306 307 308 309 310 311 312 313 314 316 317 318 319 320 321 322 323 325 326 327 329 330 331 332 333 334 336 337 338 339 340 341 342 343 344 345 346 347 348 349 350 351 352 353 354 355 356 357 358 359 360 361 362 363 364 365 366 367 368 369 370 371 372 373 374 375 376 377 378 379 380 381 382 384 385 388 389 390 391 392 393 394 395 396 397 398 399 400 401 402 403 404 405 406 407 408 409 410 411 412 413 414 415 416 417 419 420 422 423 424 425 426 427 428 429 430 431 432 433 435 437 438 439 440 441 442 443 444 445 447 448 449 450 451 453 454 455 456 457 458 459 460 461 462 464 465 466 471 472 473 474 475 476 477 478 479 480 481 482 483 484 485 486 487 489 490 491 492 493 495 496 497 498 499 500 501 502 503 504 505 506 507 508 509 510 511 512 513 514 515 516 517 518 519 520 521 522 523 524 525 526 527 528 529 530 532 533 536 537 539 544 545 546 548 549 550 551 552 553 554 555 556 558 559 560 561 562 563 564 565 566 567 568 569 570 571 572 573 574 575 577 578 579 580 581 582 583 584 585 586 587 588 589 590 591 592 593 594 595 596 597 598 599 600 601 602 603 604 605 606 607 609 611 612 613 614 615 616 617 618 619 620 621 622 623 625 627 628 629 630 631 632 633 634 635 636 637 638 639 641 642 643 644 645 646 647 648 649 650 651 652 653 655 656 657 658 659 660 661 662 663 664 665 666 667 668 669 670 671 672 673 675 676 677 678 679 680 681 682 683 684 685 686 687 688 689 691 692 693 694 695 696 697 698 699 700 701 702 703 705 706 707 708 709 710 711 712 713 714 715 716 717 718 719 720 721 723 724 725 726 727 728 729 730 731 732 733 734 735 736 737 738 740 741 742 743 744 746 747 748 749 750 751 752 753 754 755 756 757 758 759 760 761 762 763 764 765 766 767 768 769 770 771 772 773 774 775 776 777 778 779 780 781 782 783 784 785 787 788 789 790 791 792 793 794 795 796 797 798 799 800 801 802 803 804 805 806 807 808 809 810 811 816 817 818 819 820 821 823 824 825 826 827 828 829 831 832 833 834 835 836 837 838 839 840 841 842 843 844 845 846 847 848 849 850 851 852 853 854 855 856 857 858 859 860 861 862 863 864 865 866 867 868 869 870 871 872 873 874 875 876 877 878 879 881 882 883 884 885 886 887 888 889 890 891 892 893 894 895 896 897 898 899 900 901 902 903 904 905 906 908 909 910 911 912 913 914 915 916 917 918 919 920 921 922 923 924 925 926 928 929 930 931 932 933 934 935 936 937 938 939 940 941 943 946 947 948 950 951 952 953 954 955 956 960 961 962 963 964 965 966 967 968 969 970 971 972 974 975 976 977 978 979 980 981 982 984 985 986 987 988 989 990 991 992 993 994 995 996 997 999 1000 1001 1002 1004 1005 1006 1007 1008 1009 1010 1011 1012 1013 1014 1015 1016 1017 1018 1019 1020 1021 1022 1023 1024 1025 1026 1027 1028 1029 1030 1031 1032 1034 1035 1036 1037 1038 1039 1040 1041 1042 1043 1044 1045 1047 1048 1049 1055 1056 1058 1059 1060 1061 1062 1063 1064 1065 1066 1067 1068 1069 1070 1072 1073 1074 1075 1076 1077 1078 1079 1080 1081 1082 1084 1085 1086 1087 1088 1090 1091 1092 1093 1094 1095 1096 1097 1098 1099 1100 1102 1103 1108 1109 1110 1111 1112 1113 1114 1115 1116 1117 1118 1119 1120 1121 1122 1123 1124 1125 1126 1127 1128 1129 1130 1131 1132 1133 1134 1135 1136 1138 1139 1140 1142 1143 1144 1145 1146 1147 1148 1149 1150 1151 1152 1153 1154 1155 1156 1157 1158 1159 1160 1161 1162 1163 1164 1165 1166 1167 1168 1169 1170 1172 1173 1174 1175 1176 1177 1178 1179 1180 1181 1182 1184 1186 1187 1188 1189 1190 1191 1192 1193 1194 1195 1196 1197 1198 1199 1201 1203 1204 1205 1206 1207 1208 1209 1210 1211 1212 1213 1215 1216 1217 1218 1219 1220 1221 1222 1223 1224 1225 1226 1227 1228 1229 1230 1231 1232 1233 1234 1235 1236 1237 1238 1239 1240 1241 1242 1243 1244 1246 1247 1248 1249 1251 1252 1253 1254 1255 1256 1257 1258 1259 1260 1261 1262 1263 1265 1266 1267 1268 1269 1270 1271 1272 1273 1274 1275 1276 1277 1278 1279 1280 1281 1282 1283 1284 1285 1286 1287 1288 1289 1290 1291 1292 1293 1294 1295 1296 1297 1298 1299 1300 1301 1302 1303 1304 1305 1306 1307 1308 1309 1310 1311 1312 1313 1314 1315 1316 1317 1318 1319 1320 1321 1322 1323 1324 1325 1326 1327 1328 1329 1330 1331 1332 1333 1334 1335 1336 1337 1338 1339 1340 1341 1342 1343 1344 1345 1346 1347 1348 1349 1351 1353 1354 1355 1356 1357 1358 1359 1360 1361 1362 1363 1364 1366 1367 1368 1369 1370 1371 1372 1373 1374 1375 1376 1377 1378 1379 1380 1381 1382 1383 1384 1385 1386 1387 1388 1389 1390 1391 1392 1393 1394 1395 1396 1397 1398 1399 1400 1401 1402 1403 1404 1405 1406 1407 1408 1409 1410 1411 1412 1413 1414 1415 1416 1417 1419 1420 1421 1422 1423 1424 1425 1426 1427 1428 1429 1430 1431 1432 1433 1434 1435 1436 1437 1438 1439 1440 1441 1442 1445 1446 1447 1448 1449 1450 1451 1452 1453 1454 1455 1456 1457 1458 1459 1460 1461 1462 1463 1464 1465 1466 1467 1468 1469 1470 1471 1472 1473 1474 1475 1476 1477 1478 1479 1480 1481 1482 1483 1484 1485 1486 1487 1488 1489 1490 1491 1492 1494 1495 1496 1497 1498 1499 1500 1501 1502 1503 1504 1505 1506 1507 1508 1509 1510 1511 1512 1513 1514 1515 1516 1517 1518 1519 1520 1521 1522 1523 1524 1525 1526 1527 1528 1529 1530 1531 1532 1533 1534 1535 1536 1537 1538 1539 1542 1543 1545 1547 1549 1550 1552 1553 1554 1555 1556 1557 1559 1561 1562 1567 1568 1569 1572 1573 1574 1578 1579 1584 1585 1586 1587 1589 1590 1591 1592 1593 1594 1595 1596 1597 1598 1599 1601 1603 1604 1605 1606 1607 1608 1609 1610 1611 1612 1613 1614 1615 1616 1617 1619 1620 1621 1622 1623 1624 1625 1626 1627 1628 1629 1631 1632 1633 1635 1636 1637 1638 1639 1640 1641 1642 1643 1644 1645 1646 1647 1648 1649 1652 1653 1654 1655 1656 1657 1658 1659 1660 1661 1662 1663 1664 1665 1666 1667 1668 1669 1670 1671 1672 1673 1674 1675 1676 1677 1678 1679 1680 1681 1682 1683 1684 1685 1686 1687 1688 1689 1690 1691 1692 1693 1694 1695 1696 1697 1699 1700 1701 1702 1703 1704 1705 1706 1707 1708 1709 1710 1711 1712 1713 1715 1716 1717 1718 1719 1720 1721 1722 1723 1724 1725 1726 1727 1728 1729 1730 1731 1732 1733 1734 1735 1736 1737 1738 1739 1740 1741 1744 1745 1746 1747 1748 1749 1750 1751 1752 1753 1754 1755 1756 1757 1759 1760 1761 1763 1765 1766 1767 1768 1769 1770 1772 1773 1774 1775 1776 1777 1778 1779 1780 1781 1782 1783 1784 1785 1786 1787 1788 1789 1790 1791 1792 1793 1794 1795 1796 1797 1798 1799 1800 1801 1802 1803 1804 1805 1806 1807 1808 1810 1811 1812 1813 1814 1815 1816 1817 1818 1819 1820 1821 1822 1823 1824 1826 1827 1828 1829 1830 1831 1832 1833 1834 1835 1836 1837 1838 1839 1840 1842 1843 1844 1845 1846 1847 1849 1850 1851 1852 1853 1854 1855 1856 1858 1859 1860 1861 1863 1864 1865 1866 1867 1868 1869 1870 1871 1872 1874 1875 1877 1878 1879 1880 1881 1882 1883 1884 1885 1886 1887 1888 1890 1892 1893 1894 1895 1896 1897 1898 1899 1900 1901 1903 1904 1906 1907 1908 1909 1910 1911 1912 1913 1914 1915 1916 1917 1918 1919 1920 1922 1923 1924 1925 1926 1927 1930 1931 1932 1933 1934 1935 1936 1938 1939 1940 1941 1942 1943 1944 1945 1946 1947 1948 1949 1951 1952 1954 1956 1957 1958 1959 1960 1961 1962 1963 1964 1965 1967 1968 1970 1972 1973 1974 1975 1976 1977 1978 1979 1980 1981 1983 1984 1986 1987 1989 1990 1991 1992 1993 1994 1995 1996 1997 1998 1999 2000 2002 2003 2004 2005 2006 2007 2008 2009 2010 2011 2012 2013 2014 2015 2016 2018 2019 2020 2021 2022 2024 2026 2028 2029 2030 2031 2032 2034 2035 2036 2037 2038 2039 2040 2041 2042 2043 2044 2045 2046 2047 2048 0
1 3 4 5 7 8 10 11 12 13 15 16 17 18 20 21 22 23 24 25 27 29 30 31 32 0

33
1 2 3 4 5 6 7 8 10 11 12 13 14 15 16 17 18 19 21 22 23 24 25 26 27 28 29 30 31 32 33 34 35 36 37 38 39 40 41 42 43 44 45 46 47 48 49 50 51 52 53 54 55 56 57 58 59 60 61 62 63 64 65 66 67 68 69 70 71 72 73 74 75 76 77 78 79 80 81 82 83 84 86 87 88 89 90 91 92 93 95 96 97 98 99 100 101 102 103 104 105 106 107 108 109 110 111 112 113 114 115 116 117 118 119 120 121 122 123 124 125 126 127 128 129 130 131 132 133 134 135 136 137 138 139 140 141 142 143 144 145 146 147 148 149 150 151 152 153 154 155 156 157 158 159 160 161 162 163 164 165 166 167 168 169 170 171 172 173 174 175 176 177 178 179 180 181 182 183 184 185 186 187 188 189 190 191 192 193 194 195 196 197 198 199 200 201 202 203 204 205 206 207 208 210 211 212 213 214 215 216 217 218 219 220 221 222 223 224 226 227 228 229 230 231 232 233 234 235 236 237 238 240 241 242 243 244 245 246 247 248 250 251 252 254 255 256 257 258 259 260 261 263 264 265 266 267 268 269 270 271 272 273 274 276 277 278 279 280 281 282 283 285 286 287 288 289 290 291 293 294 295 296 298 299 300 303 304 305 306 307 309 310 311 312 313 314 315 316 317 318 319 320 321 322 324 325 326 327 328 329 330 331 333 334 335 336 337 338 339 340 341 342 343 344 345 346 348 349 350 351 352 353 354 355 356 357 359 361 362 363 365 366 367 368 369 370 371 372 373 374 375 376 377 378 379 380 381 382 383 384 385 386 387 388 389 391 392 393 394 395 396 398 399 400 401 402 403 404 405 406 407 408 409 410 411 412 413 414 415 416 417 418 419 420 421 422 423 424 425 426 427 428 429 430 431 432 433 434 435 438 440 441 442 443 444 445 446 447 448 449 450 451 452 455 457 458 459 460 461 462 463 464 465 466 467 468 470 471 472 473 474 475 476 477 478 479 480 481 482 483 484 485 486 487 488 489 490 491 492 493 494 495 496 497 498 499 500 501 502 503 504 505 506 507 508 509 510 511 512 513 514 515 516 517 518 519 520 521 522 523 524 525 526 527 528 529 530 531 532 533 534 535 536 537 538 539 540 541 542 543 544 545 546 547 548 550 551 552 553 554 555 556 558 560 561 562 563 564 565 566 567 568 569 570 571 572 573 574 575 576 577 578 579 580 581 582 583 584 585 586 587 588 589 590 591 592 593 594 595 596 597 598 599 600 601 602 603 604 605 606 607 608 609 610 611 612 613 614 616 617 618 619 620 621 622 623 624 625 626 627 628 629 630 631 632 633 634 635 636 637 638 639 640 641 642 643 644 645 646 647 648 649 650 651 652 653 654 655 657 658 659 660 661 662 663 664 665 666 667 668 669 670 672 673 674 675 676 677 678 679 680 681 682 683 684 685 686 687 689 690 691 692 693 694 695 696 697 698 699 700 701 702 703 705 706 707 708 709 710 711 712 713 714 715 716 717 718 720 721 722 723 725 726 727 728 729 730 731 732 733 734 735 736 737 738 739 741 742 743 744 745 748 749 750 751 752 753 754 755 756 757 758 759 760 762 763 764 765 766 767 768 769 770 771 772 773 774 775 776 777 778 779 780 781 782 783 784 785 786 788 789 790 791 792 793 794 795 796 798 799 800 801 805 806 807 808 809 810 811 812 813 814 815 816 817 818 819 820 821 822 823 824 825 826 827 828 829 830 831 832 833 834 835 836 837 838 839 840 841 842 843 845 846 847 848 849 850 851 852 853 854 855 856 857 858 859 860 861 862 863 864 865 866 867 868 869 870 871 872 873 874 875 876 877 878 879 880 881 882 883 884 885 886 887 888 889 890 891 892 893 894 895 896 897 898 899 900 901 902 903 904 905 906 907 908 909 910 912 913 914 915 916 917 918 919 921 922 923 924 925 926 927 928 929 930 931 932 933 934 935 936 937 938 939 940 941 942 943 944 945 946 947 948 949 950 951 952 953 954 955 956 957 959 960 961 964 965 966 967 968 969 970 971 972 973 974 975 976 977 978 979 980 981 982 983 984 985 986 987 988 989 990 991 992 993 994 996 997 998 999 1000 1001 1002 1003 1004 1005 1006 1007 1008 1009 1010 1011 1012 1013 1014 1015 1016 1017 1018 1019 1020 1021 1022 1023 1024 1025 1026 1027 1028 1029 1030 1031 1032 1033 1034 1035 1036 1037 1038 1039 1040 1042 1043 1044 1045 1046 1047 1048 1049 1050 1051 1052 1053 1054 1055 1056 1057 1058 1059 1060 1061 1062 1063 1064 1065 1066 1067 1068 1069 1070 1071 1072 1073 1074 1075 1076 1077 1078 1079 1081 1083 1084 1085 1086 1087 1088 1090 1091 1092 1093 1094 1095 1096 1098 1099 1100 1101 1102 1103 1104 1105 1106 1107 1108 1109 1110 1111 1112 1113 1114 1115 1116 1118 1119 1120 1121 1122 1123 1124 1125 1126 1127 1128 1129 1130 1131 1132 1133 1134 1135 1136 1138 1139 1140 1141 1142 1143 1144 1145 1146 1147 1148 1149 1150 1151 1152 1153 1154 1155 1156 1157 1158 1159 1160 1161 1162 1163 1164 1165 1166 1168 1169 1170 1172 1174 1175 1176 1177 1178 1179 1181 1182 1184 1185 1186 1187 1188 1193 1194 1195 1196 1197 1198 1199 1200 1201 1202 1203 1204 1205 1209 1210 1211 1213 1214 1216 1217 1218 1219 1220 1221 1222 1223 1224 1225 1226 1227 1228 1230 1231 1232 1234 1235 1236 1237 1238 1239 1240 1241 1242 1243 1244 1245 1246 1247 1248 1250 1251 1252 1253 1254 1255 1256 1257 1258 1259 1260 1261 1262 1263 1264 1265 1266 1267 1268 1269 1270 1271 1272 1273 1274 1275 1276 1277 1278 1279 1280 1281 1282 1283 1284 1285 1286 1287 1288 1289 1290 1291 1292 1293 1294 1295 1296 1297 1298 1299 1300 1301 1302 1303 1304 1305 1307 1308 1309 1310 1311 1312 1313 1314 1315 1316 1317 1318 1319 1321 1322 1323 1324 1325 1326 1327 1328 1329 1330 1331 1332 1333 1334 1335 1336 1337 1338 1339 1340 1341 1342 1343 1344 1345 1346 1347 1349 1350 1351 1352 1353 1354 1355 1356 1357 1358 1359 1360 1361 1362 1364 1365 1366 1367 1368 1369 1370 1371 1372 1373 1374 1375 1376 1377 1378 1380 1381 1382 1383 1384 1385 1386 1387 1388 1389 1390 1391 1392 1393 1394 1395 1396 1397 1398 1399 1400 1401 1402 1403 1404 1405 1406 1407 1408 1409 1411 1412 1413 1414 1415 1416 1417 1418 1419 1420 1421 1422 1423 1424 1425 1426 1427 1428 1429 1430 1431 1432 1433 1434 1436 1437 1438 1439 1440 1441 1442 1444 1445 1446 1447 1448 1449 1450 1451 1452 1453 1454 1455 1456 1457 1458 1459 1460 1461 1462 1463 1464 1465 1466 1468 1469 1470 1471 1472 1473 1474 1475 1476 1477 1478 1479 1480 1481 1482 1483 1484 1485 1487 1488 1489 1490 1491 1492 1493 1494 1495 1496 1497 1498 1499 1500 1501 1502 1503 1504 1505 1506 1507 1508 1509 1510 1511 1512 1513 1514 1515 1516 1517 1518 1519 1520 1521 1522 1523 1524 1525 1526 1527 1528 1529 1530 1531 1532 1533 1534 1535 1536 1537 1538 1539 1540 1541 1542 1543 1544 1545 1546 1547 1548 1549 1550 1551 1552 1553 1556 1557 1558 1559 1560 1561 1562 1563 1564 1567 1568 1569 1570 1571 1573 1574 1575 1578 1579 1580 1581 1582 1583 1584 1585 1588 1589 1590 1591 1592 1593 1594 1595 1596 1597 1599 1600 1601 1603 1604 1605 1606 1607 1608 1609 1610 1611 1612 1613 1614 1615 1616 1617 1618 1619 1620 1621 1623 1624 1625 1626 1627 1628 1629 1630 1631 1632 1633 1634 1635 1636 1637 1638 1639 1641 1642 1643 1644 1645 1646 1647 1648 1649 1650 1651 1652 1653 1654 1655 1656 1657 1658 1659 1660 1661 1663 1664 1665 1666 1667 1668 1669 1670 1671 1672 1673 1674 1675 1676 1677 1679 1680 1681 1682 1683 1684 1685 1686 1687 1688 1689 1690 1691 1692 1693 1694 1695 1696 1697 1698 1699 1700 1701 1702 1703 1704 1705 1706 1707 1708 1709 1710 1711 1712 1713 1714 1715 1716 1717 1718 1719 1720 1721 1722 1723 1724 1725 1726 1727 1728 1729 1730 1731 1732 1733 1734 1735 1736 1737 1738 1739 1740 1741 1742 1743 1744 1745 1746 1747 1749 1750 1751 1752 1753 1754 1755 1756 1758 1760 1761 1762 1763 1765 1766 1767 1768 1770 1771 1773 1774 1775 1776 1777 1778 1779 1780 1781 1782 1783 1784 1785 1786 1787 1788 1789 1790 1791 1792 1793 1794 1795 1796 1797 1798 1799 1800 1801 1803 1804 1805 1806 1807 1808 1809 1810 1811 1812 1813 1814 1816 1817 1819 1820 1821 1822 1823 1824 1825 1826 1827 1828 1829 1830 1831 1832 1833 1834 1835 1836 1837 1838 1839 1840 1841 1842 1843 1844 1845 1846 1847 1848 1849 1850 1851 1852 1854 1855 1856 1858 1859 1860 1861 1862 1864 1865 1866 1867 1868 1869 1870 1871 1872 1873 1874 1876 1877 1878 1879 1881 1882 1883 1884 1885 1886 1887 1888 1890 1892 1893 1894 1895 1896 1897 1898 1901 1903 1904 1906 1908 1909 1910 1911 1912 1913 1914 1918 1919 1920 1922 1923 1924 1925 1926 1927 1928 1930 1932 1935 1936 1937 1938 1939 1940 1941 1942 1943 1944 1946 1947 1948 1949 1951 1952 1953 1954 1955 1956 1957 1958 1959 1960 1962 1963 1964 1965 1966 1967 1968 1969 1970 1971 1972 1973 1974 1975 1976 1977 1979 1980 1983 1984 1985 1986 1987 1988 1989 1991 1992 1993 1994 1995 1996 1997 1998 1999 2000 2001 2002 2006 2008 2010 2011 2012 2014 2015 2016 2018 2019 2020 2022 2023 2024 2025 2026 2027 2028 2029 2030 2031 2032 2033 2034 2035 2036 2037 2038 2039 2040 2041 2042 2044 2045 2046 2047 2048 0
1 2 3 4 5 9 10 11 12 13 14 15 16 17 18 19 20 21 22 23 26 27 28 29 30 31 32 0

34
1 3 4 5 6 7 8 9 10 11 12 13 14 15 17 18 20 21 22 25 26 27 28 29 30 31 32 33 37 38 39 41 42 43 45 46 47 49 51 53 54 55 56 58 59 60 61 62 64 65 68 70 71 72 74 75 76 78 80 81 82 83 86 87 88 89 91 92 93 95 96 97 98 100 102 103 104 106 107 108 109 110 111 112 113 115 117 118 119 120 122 123 124 126 128 129 131 133 134 135 136 137 139 140 141 143 144 145 146 147 149 150 151 152 153 157 159 160 161 162 163 164 165 166 167 168 171 173 176 177 178 179 181 182 183 184 185 187 188 189 190 191 192 193 194 195 197 198 199 200 203 205 206 207 208 209 210 213 214 215 216 217 218 219 220 221 222 223 224 225 226 227 228 230 231 232 233 234 235 237 238 239 240 241 242 243 244 245 246 247 248 249 250 251 252 253 254 255 256 257 258 260 261 263 266 267 268 269 270 271 272 273 275 276 277 279 280 281 283 284 285 287 289 295 298 299 300 304 305 308 309 312 313 317 318 319 321 324 326 327 328 329 331 335 338 339 340 342 343 345 350 351 353 356 357 359 360 361 362 364 366 368 369 373 375 376 377 382 384 385 386 391 392 393 394 401 402 406 407 408 409 410 411 413 415 416 417 418 419 421 422 423 425 426 427 430 432 433 434 435 436 437 439 440 443 446 448 449 452 456 457 458 459 460 461 464 465 466 467 470 472 473 474 475 478 479 480 481 484 485 487 488 489 490 491 492 496 497 499 501 503 505 506 507 508 509 510 512 514 515 518 520 521 522 526 528 530 533 534 536 537 538 539 540 541 542 543 546 547 548 549 552 553 554 555 556 557 558 559 562 563 564 565 569 572 573 574 578 579 580 581 583 585 587 588 589 592 593 594 595 596 597 598 599 601 602 603 608 609 610 611 612 613 614 615 618 619 620 621 624 625 626 627 629 630 631 635 641 642 643 645 646 648 649 650 654 655 656 657 658 659 661 662 663 664 665 666 668 670 671 673 674 675 676 678 679 680 681 682 686 689 690 692 693 695 696 697 702 704 705 706 708 709 711 718 719 720 722 724 728 729 730 731 734 735 738 740 744 745 746 747 748 749 754 760 761 762 763 765 769 770 771 772 774 775 776 777 778 779 780 781 782 783 784 789 794 795 796 797 805 806 807 809 810 811 813 814 819 820 821 822 823 824 825 826 829 830 832 835 836 837 839 840 841 844 846 847 848 849 852 853 857 858 859 860 861 864 866 869 872 889 898 899 904 905 908 910 912 914 915 921 922 923 924 928 930 932 934 935 939 940 941 942 944 947 948 949 950 951 952 953 956 957 958 959 967 971 972 973 975 978 983 988 992 994 996 997 999 1002 1007 1009 1010 1011 1012 1013 1014 1015 1016 1017 1018 1019 1020 1021 1022 1023 1024 1026 1027 1028 1030 1031 1032 1033 1034 1035 1037 1038 1040 1041 1042 1043 1045 1046 1047 1048 1049 1050 1051 1053 1055 1056 1057 1065 1066 1067 1068 1069 1070 1071 1072 1073 1075 1076 1077 1080 1081 1082 1083 1084 1085 1086 1089 1090 1091 1092 1093 1096 1097 1098 1099 1100 1101 1102 1103 1104 1105 1106 1107 1108 1109 1110 1112 1113 1114 1115 1116 1117 1118 1119 1120 1121 1122 1123 1124 1125 1126 1127 1132 1133 1134 1135 1136 1137 1138 1139 1140 1141 1142 1143 1147 1149 1152 1153 1154 1155 1156 1157 1158 1159 1160 1165 1169 1170 1171 1172 1173 1174 1175 1176 1177 1179 1182 1183 1184 1185 1186 1187 1188 1189 1190 1191 1192 1193 1194 1195 1199 1200 1201 1202 1206 1208 1209 1213 1215 1216 1217 1218 1224 1225 1227 1228 1232 1233 1234 1235 1241 1242 1243 1247 1248 1249 1250 1251 1252 1253 1256 1257 1258 1259 1260 1262 1263 1264 1272 1273 1274 1275 1276 1277 1282 1283 1284 1285 1286 1287 1288 1289 1290 1291 1292 1293 1294 1295 1296 1305 1306 1307 1308 1309 1310 1315 1318 1319 1322 1328 1329 1330 1332 1334 1335 1336 1337 1344 1345 1351 1352 1353 1354 1355 1356 1361 1364 1367 1368 1369 1370 1371 1372 1373 1374 1376 1378 1384 1385 1386 1387 1388 1389 1390 1391 1392 1393 1394 1395 1401 1402 1404 1406 1407 1408 1409 1410 1411 1412 1413 1416 1419 1421 1422 1423 1424 1425 1426 1427 1428 1429 1430 1433 1435 1436 1437 1438 1440 1441 1445 1446 1451 1452 1453 1454 1455 1456 1457 1463 1464 1465 1466 1468 1469 1470 1471 1472 1476 1477 1478 1479 1481 1482 1483 1484 1486 1487 1488 1492 1495 1496 1497 1498 1501 1502 1508 1509 1511 1512 1513 1514 1516 1517 1518 1520 1521 1527 1528 1536 1537 1538 1539 1542 1543 1544 1545 1546 1550 1552 1553 1554 1555 1558 1560 1561 1562 1563 1564 1565 1566 1567 1568 1569 1571 1572 1574 1576 1578 1579 1580 1581 1582 1585 1586 1587 1588 1591 1593 1595 1596 1597 1598 1601 1602 1603 1604 1605 1607 1611 1612 1613 1614 1615 1617 1618 1619 1620 1621 1623 1625 1626 1627 1628 1629 1630 1632 1633 1634 1635 1636 1637 1638 1639 1640 1641 1643 1644 1645 1646 1648 1649 1650 1651 1654 1655 1657 1658 1660 1661 1665 1666 1667 1669 1670 1672 1674 1678 1681 1682 1683 1687 1688 1689 1691 1692 1693 1694 1697 1698 1699 1700 1703 1704 1705 1706 1707 1708 1710 1713 1714 1715 1716 1717 1718 1719 1720 1723 1724 1725 1726 1727 1729 1730 1731 1732 1733 1734 1735 1737 1738 1739 1741 1743 1745 1746 1747 1748 1750 1752 1755 1757 1759 1760 1761 1762 1763 1764 1765 1768 1769 1770 1771 1772 1774 1775 1776 1777 1779 1780 1785 1786 1788 1789 1793 1794 1796 1797 1798 1799 1804 1806 1807 1808 1809 1810 1811 1812 1813 1814 1815 1816 1819 1820 1821 1825 1826 1827 1828 1829 1830 1831 1832 1838 1839 1840 1841 1842 1846 1847 1848 1855 1856 1863 1871 1872 1880 1890 1896 1897 1898 1899 1903 1911 1912 1913 1914 1915 1916 1917 1918 1919 1920 1924 1925 1929 1930 1931 1932 1933 1934 1935 1936 1940 1941 1946 1947 1948 1949 1950 1951 1952 1955 1956 1957 1963 1964 1965 1966 1967 1968 1970 1971 1972 1973 1974 1977 1978 1979 1980 1981 1982 1983 1984 1986 1987 1988 1989 1990 1991 1994 1995 1996 1997 1998 1999 2003 2004 2005 2006 2007 2008 2012 2013 2014 2017 2018 2019 2020 2021 2022 2023 2028 2029 2030 2033 2037 2038 2039 2040 2046 2047 2048 0
1 2 3 4 6 7 9 11 15 16 17 18 19 20 21 23 24 25 26 29 30 32 0

35
1 2 3 4 5 6 7 8 9 10 15 16 17 18 19 21 22 23 24 25 26 27 28 29 30 31 32 33 34 35 37 38 39 40 42 43 44 45 46 47 49 50 51 52 53 55 56 57 58 59 60 61 62 63 64 65 66 67 68 69 70 71 72 73 74 75 76 77 78 79 80 81 82 83 85 86 87 88 89 90 92 93 94 95 96 98 99 100 101 102 103 104 105 106 107 108 109 110 111 112 113 114 115 116 117 118 119 120 121 124 125 126 127 128 129 130 131 132 133 134 135 136 137 138 139 140 141 142 143 144 145 146 147 148 149 150 151 152 153 154 155 156 157 158 159 160 161 162 163 164 165 166 167 168 169 170 171 172 173 174 175 176 177 178 179 180 181 182 183 184 185 186 187 188 190 191 192 193 194 195 196 197 198 199 201 202 203 204 205 206 207 208 211 212 213 214 215 216 217 219 221 222 223 224 225 226 228 229 230 231 232 233 235 236 237 238 239 240 241 242 243 244 245 246 247 249 250 251 252 255 256 257 258 259 260 261 262 263 264 266 268 269 270 271 272 273 274 276 277 279 280 281 282 283 286 287 288 292 293 294 295 296 297 299 301 302 303 304 308 309 310 311 312 313 314 315 316 317 318 319 320 321 322 323 324 325 326 327 328 329 332 333 334 335 336 337 338 339 340 341 342 343 344 346 347 348 349 350 351 352 353 354 355 356 357 358 359 360 361 362 363 364 365 367 368 369 370 371 372 373 374 375 377 378 379 380 381 382 383 384 385 386 387 388 389 390 391 392 393 394 395 396 397 398 399 400 401 402 403 404 405 406 407 408 409 410 411 412 414 415 416 417 418 419 420 421 422 424 425 426 427 428 429 430 431 432 433 434 435 436 437 438 439 440 442 443 444 445 446 447 448 449 450 451 452 453 454 456 457 458 459 460 461 462 463 464 465 467 468 469 470 471 472 474 475 476 477 478 479 480 481 482 483 484 485 487 488 489 490 491 493 494 495 496 498 499 500 501 502 503 504 505 506 507 508 509 510 511 512 513 514 515 516 517 518 519 521 523 524 526 527 528 529 530 531 532 534 535 536 538 539 540 541 542 543 544 545 546 547 549 550 551 552 553 554 555 556 557 558 560 562 564 565 566 567 568 569 570 571 572 574 575 576 577 578 579 580 583 584 585 586 587 588 589 591 592 593 594 595 596 598 599 600 601 602 605 606 607 608 609 610 611 613 615 617 618 619 620 621 622 623 625 626 627 628 629 630 631 632 633 634 635 637 638 639 640 641 642 643 644 645 646 647 648 649 650 651 652 653 654 655 656 657 658 659 660 661 662 663 664 665 666 667 668 669 670 671 672 673 674 675 676 678 679 680 681 683 685 686 687 689 690 692 693 695 696 697 698 699 700 701 703 704 705 706 707 708 709 710 711 713 714 715 716 717 718 719 720 721 722 723 724 725 726 727 728 729 730 731 732 733 734 736 737 738 739 740 741 742 743 744 745 746 747 748 749 750 751 752 753 755 756 757 758 759 761 762 763 764 765 767 769 770 771 772 773 774 775 776 777 778 779 780 781 782 783 784 785 786 787 788 789 790 791 792 793 794 795 796 797 798 799 800 801 802 805 806 807 808 809 810 811 812 813 814 815 817 818 819 820 821 822 823 824 825 826 827 828 829 830 832 833 834 835 836 837 838 839 840 841 842 843 844 845 846 847 848 849 850 851 852 853 854 855 856 857 858 859 860 861 862 863 864 865 866 867 868 869 870 871 872 873 875 876 877 879 881 882 883 884 886 887 888 889 890 891 892 893 894 895 896 898 899 900 902 903 904 905 906 907 908 910 911 912 914 915 916 917 918 919 920 921 922 923 924 925 926 927 928 929 930 931 932 933 934 935 936 937 938 939 940 941 942 943 944 945 946 947 948 949 950 951 952 953 954 955 957 959 960 961 964 965 966 967 968 969 970 971 972 973 974 976 977 978 979 980 981 982 983 984 985 986 987 988 989 990 992 993 994 995 996 998 999 1000 1001 1002 1003 1004 1005 1007 1008 1009 1010 1011 1012 1013 1014 1015 1016 1017 1018 1019 1020 1021 1022 1023 1024 1025 1026 1027 1028 1029 1030 1031 1033 1035 1036 1039 1040 1041 1042 1043 1044 1045 1046 1047 1048 1050 1051 1052 1053 1054 1055 1056 1057 1058 1059 1060 1062 1063 1064 1065 1066 1067 1069 1070 1071 1072 1073 1074 1075 1076 1077 1078 1079 1080 1081 1082 1083 1084 1085 1086 1087 1088 1089 1090 1091 1092 1093 1096 1097 1098 1099 1100 1102 1103 1104 1105 1106 1107 1108 1109 1110 1111 1112 1113 1114 1115 1116 1117 1118 1119 1120 1121 1122 1123 1124 1125 1126 1127 1128 1129 1130 1131 1132 1133 1134 1135 1136 1137 1139 1140 1141 1142 1143 1144 1145 1146 1147 1148 1149 1150 1151 1152 1153 1154 1155 1156 1157 1158 1160 1161 1162 1163 1164 1165 1166 1167 1168 1169 1171 1172 1173 1174 1175 1176 1178 1179 1180 1181 1182 1183 1184 1186 1187 1188 1189 1190 1191 1192 1193 1194 1195 1196 1197 1198 1199 1200 1201 1202 1203 1204 1205 1206 1207 1208 1209 1210 1211 1213 1214 1215 1216 1217 1218 1220 1222 1223 1224 1225 1226 1227 1228 1229 1230 1231 1232 1233 1234 1235 1236 1237 1239 1241 1242 1243 1244 1246 1247 1248 1250 1251 1252 1253 1254 1255 1256 1257 1258 1259 1260 1261 1262 1264 1265 1266 1267 1268 1269 1270 1271 1272 1273 1274 1275 1276 1277 1278 1279 1280 1281 1282 1283 1284 1285 1286 1287 1288 1289 1290 1291 1292 1293 1294 1295 1296 1297 1298 1299 1300 1301 1304 1305 1306 1308 1311 1312 1313 1314 1315 1316 1317 1319 1320 1321 1322 1323 1324 1325 1326 1327 1328 1329 1333 1334 1336 1337 1338 1339 1341 1344 1345 1347 1348 1349 1350 1351 1352 1353 1354 1355 1356 1358 1359 1360 1361 1362 1363 1365 1366 1367 1368 1369 1370 1371 1372 1373 1374 1375 1376 1377 1378 1380 1381 1382 1383 1384 1386 1390 1391 1392 1393 1394 1395 1396 1397 1398 1399 1400 1401 1402 1403 1404 1405 1406 1407 1408 1409 1410 1411 1412 1413 1416 1417 1419 1420 1421 1422 1423 1424 1425 1426 1427 1428 1429 1430 1431 1432 1433 1434 1435 1436 1437 1438 1439 1440 1441 1442 1443 1444 1445 1446 1450 1451 1452 1453 1455 1456 1457 1458 1460 1461 1462 1463 1464 1465 1467 1468 1469 1470 1472 1473 1476 1477 1478 1479 1480 1481 1482 1483 1484 1485 1488 1489 1490 1491 1492 1493 1494 1495 1497 1498 1499 1500 1501 1502 1504 1505 1506 1507 1508 1511 1512 1513 1514 1515 1517 1518 1519 1520 1521 1522 1523 1524 1525 1526 1527 1528 1529 1530 1531 1532 1533 1534 1535 1536 1537 1538 1539 1540 1541 1542 1543 1544 1545 1546 1547 1548 1551 1552 1553 1554 1555 1556 1557 1558 1559 1560 1561 1562 1563 1564 1565 1566 1568 1569 1570 1571 1572 1574 1576 1577 1578 1579 1580 1581 1582 1583 1584 1585 1586 1587 1589 1590 1591 1592 1593 1594 1595 1596 1597 1598 1600 1601 1602 1603 1604 1605 1606 1607 1609 1610 1611 1612 1613 1614 1615 1616 1617 1618 1619 1621 1622 1623 1624 1625 1626 1627 1628 1629 1630 1631 1632 1633 1634 1635 1636 1637 1638 1639 1640 1641 1642 1643 1644 1645 1646 1647 1648 1649 1650 1651 1652 1653 1654 1657 1658 1659 1660 1661 1662 1663 1664 1665 1666 1667 1668 1669 1670 1671 1672 1673 1674 1675 1676 1677 1678 1679 1680 1681 1682 1683 1684 1685 1686 1687 1688 1689 1690 1691 1692 1693 1694 1695 1696 1697 1698 1699 1700 1701 1702 1703 1705 1706 1707 1708 1709 1710 1711 1712 1713 1714 1715 1716 1717 1718 1719 1720 1721 1722 1723 1724 1726 1727 1728 1729 1730 1732 1733 1734 1735 1736 1737 1739 1740 1741 1742 1743 1744 1745 1746 1747 1749 1750 1751 1752 1753 1754 1755 1756 1757 1759 1760 1761 1762 1763 1765 1766 1767 1769 1770 1771 1772 1773 1774 1775 1776 1777 1779 1780 1781 1782 1783 1784 1786 1787 1788 1789 1790 1791 1792 1793 1794 1795 1796 1797 1798 1799 1800 1801 1802 1803 1805 1806 1807 1808 1809 1810 1811 1812 1813 1814 1815 1816 1817 1818 1819 1820 1821 1822 1823 1824 1825 1826 1827 1828 1829 1832 1836 1837 1838 1839 1840 1842 1843 1844 1845 1847 1848 1849 1850 1851 1852 1853 1854 1855 1856 1857 1859 1860 1865 1866 1868 1869 1870 1871 1872 1873 1875 1877 1878 1879 1880 1881 1882 1883 1884 1885 1886 1888 1889 1891 1892 1893 1894 1895 1896 1897 1898 1900 1901 1902 1903 1905 1907 1908 1909 1910 1911 1912 1913 1914 1915 1916 1917 1918 1919 1921 1922 1923 1924 1926 1927 1929 1930 1931 1932 1934 1935 1937 1938 1939 1940 1942 1943 1944 1945 1946 1947 1950 1951 1953 1956 1957 1958 1959 1960 1961 1962 1963 1964 1965 1966 1967 1972 1973 1975 1976 1977 1978 1979 1980 1981 1982 1983 1986 1987 1989 1990 1991 1992 1994 1995 1997 1998 1999 2000 2001 2002 2003 2004 2005 2006 2007 2008 2009 2014 2015 2016 2017 2018 2019 2020 2021 2022 2027 2028 2029 2030 2031 2032 2033 2034 2036 2037 2038 2039 2040 2041 2044 2045 2047 2048 0
1 2 3 4 5 6 8 12 14 18 20 21 22 23 25 29 30 31 0

36
1 2 3 4 5 6 7 8 9 10 11 12 13 14 15 16 17 18 19 20 21 22 23 24 25 26 27 28 29 30 31 32 33 34 35 36 37 38 39 40 41 42 43 45 46 47 48 49 50 51 52 53 54 55 56 57 59 60 61 62 63 64 65 66 67 68 69 70 71 72 73 75 76 77 78 79 80 81 82 83 84 85 86 87 88 89 90 91 92 93 94 95 96 97 98 99 100 101 102 103 104 105 106 107 108 109 110 112 113 114 115 116 117 118 119 120 121 122 123 124 125 127 128 129 130 131 132 133 134 135 136 137 138 139 140 141 142 143 144 145 146 147 148 149 150 151 152 153 154 155 156 157 158 159 160 161 162 163 164 165 166 167 168 169 170 171 172 173 174 175 176 177 178 179 180 181 182 183 184 185 186 187 188 189 190 191 192 193 194 195 196 197 198 199 200 201 202 203 204 205 206 207 208 209 210 211 212 213 214 215 216 217 218 219 220 221 222 223 224 225 226 227 228 229 231 233 234 235 236 238 240 241 242 243 244 245 246 247 248 249 250 251 252 253 254 255 256 257 258 259 260 261 262 263 264 265 266 267 268 269 270 271 272 273 274 275 277 278 279 280 282 283 284 287 288 289 290 291 293 294 295 296 297 298 299 300 301 302 303 304 305 307 309 310 311 312 313 314 315 316 317 318 319 320 321 324 325 326 328 329 330 331 332 333 334 335 336 337 339 340 341 342 343 344 345 346 347 348 349 350 351 352 353 354 355 356 357 358 359 360 361 362 363 364 365 366 367 368 369 371 372 373 374 375 376 377 378 379 380 381 382 383 384 385 386 387 388 389 390 391 392 393 394 395 396 397 398 399 400 401 402 403 404 405 406 407 408 409 410 411 412 413 414 415 416 417 418 419 420 421 422 423 424 425 426 427 428 429 430 431 432 433 434 435 436 437 438 439 440 441 442 443 444 445 446 447 448 449 451 452 453 454 455 456 457 458 459 460 461 462 463 464 465 466 467 469 470 471 472 473 474 475 476 477 478 479 480 481 482 483 484 485 487 488 489 490 492 493 494 495 497 498 499 500 503 504 505 506 507 508 509 510 512 513 522 524 525 527 528 533 534 535 536 540 542 543 544 546 549 550 551 552 553 554 555 556 559 560 565 566 567 568 569 570 571 572 573 574 575 576 578 579 580 581 582 583 584 585 586 587 588 589 590 592 593 594 595 596 597 598 599 600 601 602 603 604 605 606 607 608 610 611 612 613 614 615 616 617 618 619 620 621 622 623 624 626 627 628 629 630 631 632 633 634 635 636 637 638 639 640 641 642 643 644 645 646 647 648 649 650 651 652 653 654 655 656 657 658 659 660 661 662 663 664 665 666 667 668 669 670 671 672 675 676 677 678 679 680 681 682 683 684 685 686 688 692 693 694 695 696 697 698 699 700 701 702 703 704 708 709 710 711 712 713 714 715 716 717 718 719 720 724 725 726 727 728 729 730 731 732 734 735 736 737 739 742 743 745 746 747 748 749 750 752 753 754 755 758 759 760 761 762 763 764 765 766 768 769 770 771 772 773 774 775 776 777 778 779 780 781 782 783 784 785 788 789 790 792 793 794 795 796 797 798 799 800 801 802 803 805 806 807 808 809 810 811 812 813 814 815 816 817 820 821 822 823 824 825 826 827 828 829 831 832 833 835 836 837 838 839 840 841 842 843 844 845 846 847 848 849 851 852 853 854 855 856 857 858 859 860 861 862 863 864 866 867 868 869 870 871 872 873 874 875 876 877 878 879 880 881 882 884 885 886 887 888 889 890 891 892 893 894 895 896 897 898 899 900 901 902 903 904 905 906 907 908 909 910 911 912 913 915 916 917 918 919 920 921 922 923 924 925 926 927 928 929 930 931 932 933 934 935 936 937 938 939 940 941 942 943 944 945 946 947 948 949 950 951 952 953 954 955 956 957 958 959 960 962 964 965 966 967 968 969 970 971 972 973 974 975 976 977 980 981 982 983 984 985 986 987 988 989 990 991 992 994 995 996 998 999 1000 1001 1002 1003 1007 1008 1009 1010 1011 1012 1013 1014 1015 1016 1017 1018 1019 1020 1021 1022 1023 1024 1025 1026 1027 1028 1029 1030 1031 1032 1033 1034 1035 1036 1037 1038 1039 1040 1041 1042 1043 1044 1045 1046 1048 1049 1050 1053 1054 1055 1056 1060 1061 1062 1063 1064 1065 1066 1067 1068 1069 1070 1071 1072 1074 1077 1078 1079 1080 1081 1082 1083 1084 1085 1086 1087 1088 1089 1092 1093 1094 1095 1096 1097 1098 1099 1100 1101 1102 1103 1104 1105 1106 1107 1108 1109 1110 1111 1112 1113 1114 1115 1116 1117 1118 1119 1120 1121 1122 1123 1124 1125 1126 1127 1128 1129 1130 1131 1132 1133 1135 1136 1137 1138 1139 1140 1141 1142 1143 1144 1145 1146 1147 1148 1149 1150 1151 1152 1153 1154 1156 1157 1158 1159 1160 1161 1162 1163 1164 1165 1166 1167 1168 1169 1170 1171 1172 1173 1174 1175 1176 1177 1178 1179 1180 1181 1182 1183 1184 1185 1186 1188 1189 1190 1191 1192 1193 1194 1195 1196 1197 1198 1199 1200 1202 1203 1204 1205 1206 1207 1208 1209 1210 1211 1212 1213 1214 1215 1216 1217 1221 1222 1223 1224 1225 1226 1227 1228 1229 1230 1231 1232 1236 1237 1238 1239 1240 1241 1242 1243 1244 1245 1247 1248 1254 1256 1257 1258 1264 1265 1267 1268 1269 1270 1273 1276 1277 1278 1279 1280 1281 1283 1285 1286 1287 1288 1289 1290 1291 1292 1293 1294 1295 1296 1297 1299 1300 1301 1302 1303 1304 1305 1306 1307 1308 1309 1311 1312 1313 1314 1317 1318 1319 1321 1322 1323 1324 1325 1326 1327 1328 1330 1333 1334 1335 1336 1338 1339 1340 1341 1342 1343 1344 1346 1347 1348 1349 1350 1351 1353 1354 1355 1356 1357 1358 1359 1360 1362 1363 1364 1365 1366 1367 1368 1369 1370 1371 1372 1373 1374 1375 1376 1378 1379 1380 1381 1382 1383 1384 1385 1386 1387 1388 1389 1390 1391 1392 1394 1395 1396 1397 1398 1399 1400 1401 1402 1403 1404 1405 1406 1407 1408 1410 1411 1412 1413 1414 1415 1416 1418 1419 1420 1421 1422 1423 1424 1425 1427 1428 1429 1430 1431 1432 1433 1434 1435 1436 1437 1438 1439 1440 1441 1442 1444 1445 1446 1447 1448 1449 1450 1451 1452 1453 1454 1455 1456 1458 1459 1460 1461 1462 1463 1464 1465 1466 1467 1468 1469 1470 1471 1472 1473 1474 1475 1477 1478 1479 1480 1481 1482 1483 1484 1485 1486 1488 1490 1491 1492 1494 1495 1496 1497 1498 1499 1500 1501 1503 1504 1506 1507 1508 1509 1510 1511 1512 1513 1514 1515 1516 1517 1518 1519 1520 1521 1522 1523 1524 1525 1530 1531 1532 1533 1534 1535 1536 1537 1538 1539 1540 1541 1542 1544 1545 1546 1547 1549 1550 1551 1552 1553 1557 1563 1566 1567 1568 1569 1574 1575 1576 1578 1579 1582 1583 1584 1585 1589 1590 1591 1592 1593 1594 1595 1596 1597 1598 1599 1600 1601 1603 1604 1605 1606 1607 1608 1609 1610 1611 1612 1613 1614 1615 1616 1617 1618 1619 1620 1621 1622 1623 1624 1625 1626 1627 1628 1630 1631 1632 1633 1634 1635 1636 1637 1638 1639 1640 1641 1642 1643 1644 1645 1646 1647 1648 1649 1650 1651 1652 1653 1654 1655 1656 1657 1658 1659 1660 1661 1662 1663 1664 1665 1667 1668 1669 1670 1671 1672 1673 1676 1677 1678 1679 1680 1681 1682 1683 1684 1685 1686 1687 1688 1689 1690 1691 1692 1693 1694 1695 1696 1697 1698 1700 1701 1702 1703 1704 1705 1706 1707 1708 1709 1710 1711 1712 1713 1715 1716 1717 1718 1719 1720 1721 1722 1723 1724 1725 1726 1727 1728 1729 1733 1734 1735 1736 1737 1738 1739 1740 1742 1743 1744 1745 1749 1750 1751 1752 1753 1754 1755 1756 1759 1760 1761 1767 1768 1769 1771 1773 1775 1776 1777 1778 1779 1780 1781 1782 1788 1790 1791 1792 1794 1795 1796 1798 1800 1801 1808 1809 1810 1811 1812 1813 1814 1815 1816 1817 1818 1819 1820 1821 1823 1824 1825 1826 1827 1828 1830 1831 1832 1833 1834 1835 1837 1838 1839 1840 1841 1842 1843 1844 1845 1846 1848 1849 1850 1851 1852 1853 1854 1855 1856 1857 1858 1859 1860 1861 1862 1863 1864 1865 1866 1867 1868 1869 1870 1871 1872 1875 1876 1877 1878 1879 1880 1881 1882 1883 1884 1885 1886 1887 1888 1891 1892 1893 1894 1895 1896 1897 1898 1899 1900 1901 1902 1904 1908 1909 1910 1911 1912 1913 1914 1915 1916 1917 1918 1919 1920 1921 1924 1927 1928 1929 1930 1931 1932 1933 1936 1937 1939 1940 1941 1942 1943 1944 1945 1946 1947 1948 1949 1950 1952 1953 1955 1956 1957 1958 1959 1960 1961 1962 1963 1964 1965 1966 1967 1968 1969 1970 1971 1972 1973 1974 1975 1976 1977 1978 1979 1980 1981 1982 1983 1985 1986 1987 1988 1989 1990 1991 1992 1993 1994 1995 1996 1997 1998 1999 2000 2001 2002 2003 2004 2005 2006 2007 2008 2009 2010 2011 2012 2013 2014 2015 2016 2017 2018 2019 2020 2021 2022 2023 2024 2025 2026 2028 2029 2030 2031 2032 2033 2034 2035 2036 2037 2038 2039 2044 2045 2046 2047 2048 0
1 3 4 5 7 8 10 11 12 13 15 16 17 18 20 21 22 23 24 25 27 29 30 31 32 0

37
1 2 3 4 5 6 7 8 9 10 11 12 13 14 15 16 17 18 19 21 22 23 24 25 26 27 28 29 30 31 32 33 35 37 38 39 40 41 42 43 44 45 46 47 48 51 52 54 55 56 57 58 59 60 61 62 63 64 65 66 67 69 70 71 72 73 74 75 76 77 78 79 80 81 83 84 87 89 90 91 92 94 95 96 97 99 100 101 102 103 104 105 106 107 108 109 110 111 112 113 116 117 118 119 121 123 124 125 126 127 128 129 131 133 134 135 136 137 139 140 141 142 145 147 149 152 153 154 155 156 157 159 161 162 163 164 165 166 167 168 169 170 171 172 173 174 175 177 178 179 180 181 182 183 187 188 189 190 191 192 193 195 196 198 199 200 201 203 204 205 206 207 208 209 210 211 212 213 214 215 216 217 218 220 221 222 223 224 225 226 227 229 231 233 235 237 238 239 240 241 243 244 245 246 247 248 249 250 251 252 253 254 255 256 257 258 259 260 261 262 263 264 265 266 267 268 269 270 271 272 273 274 275 276 277 278 279 280 281 282 283 284 285 287 288 289 290 291 293 295 296 298 299 302 303 304 305 306 307 308 309 310 311 312 314 315 316 317 318 319 320 321 322 323 324 325 327 328 329 330 331 332 333 335 336 337 338 339 340 342 343 344 346 347 348 349 350 351 352 353 354 356 357 358 359 360 361 362 363 364 365 366 367 368 369 370 371 372 373 375 378 382 383 384 385 386 387 388 389 390 391 393 394 397 398 400 401 402 403 404 405 406 408 409 410 411 412 414 419 421 422 423 424 425 426 428 430 431 432 434 435 436 437 439 441 442 443 444 445 446 449 451 452 454 455 456 457 458 459 460 461 464 465 466 467 469 471 472 474 475 477 478 480 482 483 484 486 488 489 495 496 497 499 500 501 503 505 507 508 509 510 511 512 513 514 515 516 517 518 519 520 521 524 525 527 528 529 530 531 532 533 534 535 536 537 538 539 540 541 542 543 544 545 546 547 548 549 550 551 552 553 554 555 556 557 558 559 560 561 562 563 564 565 566 567 568 569 570 571 573 574 575 576 577 578 579 584 585 586 587 588 589 590 591 592 593 597 598 599 601 603 604 605 606 609 611 612 614 615 617 618 619 620 621 624 628 629 632 633 634 635 636 637 640 641 643 644 645 646 647 650 651 652 653 654 660 662 663 664 665 668 669 670 672 673 674 676 677 678 680 681 682 683 684 685 686 687 688 689 690 692 694 695 698 700 701 702 703 705 706 707 708 709 711 712 713 714 715 716 717 718 719 721 722 724 725 731 732 733 734 737 738 739 740 741 742 752 753 754 755 756 757 764 765 766 767 768 769 770 771 772 773 774 775 776 777 778 779 780 781 782 783 784 785 786 787 790 791 792 793 794 796 797 798 799 800 801 802 803 805 807 808 809 810 811 812 813 814 815 816 818 820 821 822 823 824 825 826 827 828 829 830 831 832 833 834 835 838 840 841 843 844 846 847 849 850 851 853 854 855 856 857 858 859 860 862 865 866 867 869 870 871 872 873 874 877 878 879 880 882 883 884 885 886 887 888 889 890 891 892 893 894 895 896 897 898 899 900 901 903 904 905 906 908 909 910 911 915 916 917 918 919 920 921 922 923 924 925 926 931 932 933 934 935 936 937 938 940 941 942 946 947 948 949 950 951 952 953 954 955 956 958 959 960 961 962 963 965 966 967 968 970 972 973 974 977 978 979 980 982 983 984 985 986 987 988 989 990 991 992 993 994 995 996 997 1000 1001 1002 1003 1004 1007 1008 1009 1010 1011 1012 1013 1014 1015 1016 1017 1019 1020 1021 1022 1023 1024 1025 1029 1030 1031 1032 1035 1036 1040 1041 1042 1044 1045 1046 1047 1048 1049 1050 1051 1054 1057 1058 1059 1060 1061 1062 1063 1064 1065 1067 1068 1069 1070 1071 1072 1073 1074 1076 1077 1078 1079 1082 1083 1084 1085 1086 1087 1088 1089 1092 1095 1096 1097 1098 1099 1101 1102 1103 1104 1105 1106 1107 1108 1109 1111 1112 1113 1114 1116 1117 1118 1119 1120 1121 1122 1128 1129 1130 1131 1132 1133 1134 1135 1136 1137 1138 1139 1140 1141 1142 1143 1144 1145 1146 1147 1148 1149 1150 1152 1153 1155 1156 1157 1158 1159 1160 1161 1162 1163 1164 1165 1166 1169 1171 1172 1173 1174 1175 1176 1177 1178 1179 1180 1181 1182 1183 1185 1188 1189 1190 1191 1192 1193 1194 1195 1198 1201 1204 1205 1207 1208 1209 1210 1211 1212 1213 1214 1215 1217 1221 1222 1224 1226 1227 1228 1229 1230 1231 1232 1233 1234 1235 1236 1237 1239 1240 1241 1242 1243 1244 1245 1246 1247 1248 1249 1252 1253 1254 1255 1256 1257 1259 1260 1261 1262 1263 1265 1266 1267 1270 1271 1272 1273 1274 1275 1276 1277 1278 1280 1281 1282 1283 1284 1286 1287 1288 1289 1290 1291 1292 1293 1294 1295 1296 1297 1298 1299 1300 1301 1302 1303 1304 1305 1306 1307 1308 1309 1310 1311 1312 1313 1314 1315 1316 1317 1318 1319 1320 1321 1322 1323 1324 1325 1326 1327 1329 1330 1332 1333 1334 1335 1336 1337 1338 1339 1340 1341 1342 1343 1344 1345 1346 1347 1348 1349 1350 1351 1352 1353 1354 1355 1356 1357 1358 1361 1362 1364 1365 1366 1367 1368 1369 1370 1371 1373 1374 1375 1377 1378 1379 1382 1383 1384 1385 1386 1388 1389 1390 1391 1392 1393 1394 1395 1396 1397 1398 1399 1400 1401 1402 1408 1409 1410 1411 1413 1414 1416 1417 1418 1419 1420 1421 1422 1424 1425 1426 1427 1429 1430 1431 1433 1434 1435 1436 1438 1440 1441 1443 1444 1445 1446 1447 1450 1451 1452 1453 1454 1456 1460 1462 1463 1464 1465 1466 1467 1468 1469 1470 1471 1472 1477 1478 1479 1480 1481 1482 1483 1486 1487 1489 1490 1492 1493 1494 1495 1496 1498 1499 1502 1503 1505 1506 1507 1508 1509 1510 1511 1512 1513 1514 1515 1520 1521 1522 1523 1524 1525 1526 1527 1528 1529 1530 1537 1538 1539 1540 1541 1542 1543 1544 1545 1546 1547 1548 1549 1550 1551 1552 1553 1554 1555 1556 1558 1559 1560 1561 1564 1565 1566 1567 1568 1569 1570 1571 1572 1574 1575 1576 1577 1578 1579 1580 1581 1582 1584 1585 1586 1587 1588 1589 1591 1592 1593 1594 1595 1596 1597 1598 1599 1600 1601 1602 1603 1604 1605 1606 1607 1608 1610 1611 1612 1613 1614 1615 1616 1617 1618 1621 1622 1623 1624 1625 1626 1627 1628 1629 1630 1631 1632 1633 1634 1635 1636 1637 1640 1641 1642 1643 1645 1646 1649 1652 1653 1655 1656 1657 1658 1659 1661 1662 1664 1665 1666 1667 1668 1669 1670 1671 1672 1673 1674 1676 1680 1681 1682 1683 1684 1685 1686 1687 1688 1689 1690 1691 1692 1693 1694 1695 1696 1697 1698 1700 1701 1702 1703 1704 1705 1706 1707 1708 1709 1710 1712 1713 1714 1716 1717 1719 1720 1721 1723 1725 1726 1727 1728 1729 1730 1731 1732 1734 1735 1736 1737 1738 1739 1741 1742 1743 1744 1745 1746 1747 1748 1749 1751 1752 1753 1755 1757 1758 1761 1762 1763 1764 1765 1766 1767 1768 1772 1774 1776 1777 1778 1779 1782 1783 1784 1785 1793 1794 1798 1799 1800 1801 1802 1803 1804 1805 1806 1807 1808 1809 1810 1818 1819 1820 1821 1822 1823 1824 1825 1826 1834 1836 1837 1838 1839 1840 1842 1846 1847 1848 1849 1850 1851 1852 1853 1854 1855 1856 1857 1858 1864 1865 1866 1867 1868 1872 1873 1874 1880 1881 1882 1883 1884 1885 1888 1889 1890 1895 1896 1897 1898 1900 1901 1902 1906 1907 1909 1911 1914 1915 1916 1917 1918 1919 1920 1922 1923 1924 1925 1926 1927 1929 1930 1931 1932 1933 1934 1935 1936 1938 1939 1940 1941 1942 1943 1944 1945 1946 1947 1948 1949 1950 1951 1952 1954 1955 1956 1957 1958 1959 1960 1961 1962 1966 1967 1968 1970 1971 1972 1974 1976 1979 1980 1982 1984 1986 1987 1991 1992 1993 1994 1995 1996 2000 2007 2008 2009 2010 2011 2016 2018 2019 2023 2024 2025 2026 2027 2033 2035 2038 2039 2042 2043 2045 2046 0
1 2 3 4 5 6 9 10 11 12 13 16 17 20 21 22 23 24 25 26 28 29 30 32 0

38
1 3 4 5 6 7 8 9 11 12 13 14 16 17 18 19 20 21 23 24 25 26 27 28 29 30 31 32 33 34 35 36 37 38 39 41 42 43 44 46 47 48 49 50 51 53 54 56 58 59 60 61 63 64 65 66 67 68 69 71 72 73 75 76 77 78 79 80 81 82 83 84 85 86 87 88 91 92 93 94 95 96 99 101 106 107 108 109 110 111 112 113 115 116 117 118 119 120 124 126 127 130 131 132 133 136 140 141 142 144 145 146 147 149 150 151 152 153 154 156 157 158 159 160 161 162 163 164 165 167 169 170 171 172 173 174 175 176 177 178 179 180 181 182 183 185 186 187 188 189 190 191 193 194 195 197 198 199 200 201 203 205 206 208 209 210 211 212 213 215 216 217 218 219 220 221 222 223 224 225 226 227 228 229 230 231 232 233 234 235 236 237 240 241 242 243 244 245 246 247 248 249 250 251 252 253 254 255 256 257 258 259 261 262 263 264 265 267 268 269 270 271 272 273 274 275 276 278 279 280 281 282 283 284 285 286 287 288 289 290 291 292 293 294 295 298 299 300 301 303 304 305 306 307 308 309 310 311 313 314 315 317 318 319 320 321 322 323 325 326 327 328 330 333 334 335 336 337 338 339 340 341 342 344 345 346 347 348 349 350 351 352 353 355 356 357 360 362 364 365 367 368 370 371 373 374 375 378 379 381 382 383 384 385 386 388 393 394 396 398 399 400 401 402 407 408 409 411 412 414 415 416 417 418 419 420 424 425 426 428 429 430 431 432 433 434 435 436 437 438 439 440 442 443 444 445 446 447 448 449 451 453 454 455 458 459 460 461 463 464 465 466 468 469 471 473 474 475 476 478 480 481 482 483 484 485 486 488 489 490 491 492 493 494 495 496 497 498 499 500 501 503 504 505 506 507 508 509 511 512 514 515 516 518 519 520 521 522 523 524 525 526 527 528 530 532 534 535 536 538 539 540 541 545 547 548 549 550 551 553 556 557 558 559 560 561 562 563 564 566 567 571 572 573 574 575 577 578 579 580 581 582 585 586 587 588 589 590 591 592 593 595 596 598 599 602 604 605 606 607 608 609 611 613 615 616 618 619 621 622 623 624 626 627 628 630 631 632 634 635 636 639 640 641 642 644 646 647 648 649 651 652 653 654 655 656 657 658 659 661 663 664 665 666 668 669 671 673 674 675 676 677 678 679 680 682 683 684 685 686 688 689 690 691 692 694 695 696 697 699 700 701 704 708 709 710 714 715 716 719 720 722 723 724 725 726 729 730 731 732 733 737 739 741 743 744 745 746 747 748 749 750 751 752 753 754 757 759 760 761 762 763 764 765 769 770 771 772 773 774 775 776 777 778 779 780 781 782 783 784 786 787 788 789 790 791 792 793 794 795 797 798 800 802 804 805 806 808 809 810 811 812 813 814 815 816 817 818 819 820 821 822 823 826 827 829 830 831 832 833 834 835 836 838 839 842 843 844 845 846 848 849 850 851 853 854 855 856 859 860 861 862 863 864 865 866 867 868 871 872 873 874 876 877 878 880 881 882 883 886 887 888 891 892 894 895 896 897 898 899 900 901 904 905 906 907 910 911 912 913 914 915 916 917 920 921 922 923 924 925 926 927 928 929 930 931 934 935 937 939 940 941 942 943 944 945 946 947 948 949 950 951 952 955 956 957 958 959 960 961 962 963 964 965 966 967 971 972 973 974 975 977 978 979 980 981 983 984 986 987 989 991 993 994 995 996 997 998 999 1000 1001 1002 1003 1004 1005 1006 1007 1008 1009 1010 1011 1012 1013 1014 1015 1016 1017 1018 1019 1020 1021 1022 1023 1024 1025 1028 1031 1032 1033 1034 1035 1036 1037 1038 1039 1040 1041 1042 1043 1044 1045 1046 1050 1051 1053 1056 1057 1058 1059 1060 1061 1063 1064 1065 1066 1067 1068 1070 1071 1072 1073 1074 1075 1076 1077 1078 1079 1080 1081 1083 1084 1086 1087 1088 1089 1094 1095 1096 1098 1100 1101 1102 1103 1104 1105 1106 1107 1108 1109 1110 1112 1113 1114 1116 1117 1118 1120 1121 1122 1123 1124 1133 1134 1135 1136 1137 1138 1139 1140 1141 1145 1146 1147 1148 1149 1150 1151 1152 1153 1154 1156 1157 1158 1159 1162 1163 1164 1165 1166 1167 1168 1169 1170 1172 1178 1179 1180 1181 1182 1184 1185 1186 1187 1191 1195 1196 1197 1198 1199 1200 1201 1202 1203 1204 1205 1206 1207 1208 1209 1210 1211 1212 1213 1214 1216 1217 1218 1219 1220 1221 1222 1223 1225 1226 1227 1230 1231 1232 1233 1235 1236 1237 1238 1239 1241 1242 1243 1244 1245 1246 1247 1248 1249 1250 1251 1252 1253 1254 1255 1256 1257 1259 1260 1261 1262 1264 1265 1266 1268 1269 1270 1271 1272 1275 1276 1277 1278 1279 1280 1281 1282 1283 1284 1285 1286 1287 1288 1289 1290 1292 1293 1294 1295 1296 1297 1298 1299 1300 1301 1302 1303 1304 1306 1307 1309 1310 1312 1313 1314 1315 1316 1317 1318 1319 1321 1322 1323 1324 1325 1326 1327 1328 1329 1330 1331 1332 1333 1337 1338 1339 1340 1341 1342 1343 1344 1345 1346 1347 1348 1349 1350 1355 1356 1359 1360 1361 1362 1363 1364 1365 1369 1370 1371 1372 1373 1374 1375 1376 1377 1378 1380 1381 1382 1383 1384 1386 1387 1388 1389 1390 1391 1392 1393 1394 1395 1396 1398 1400 1401 1403 1404 1405 1407 1408 1409 1410 1413 1414 1420 1422 1423 1424 1425 1426 1427 1428 1429 1430 1431 1434 1435 1436 1437 1438 1439 1440 1441 1442 1443 1444 1445 1446 1448 1451 1453 1455 1457 1458 1460 1467 1468 1469 1470 1471 1472 1473 1474 1475 1477 1478 1480 1481 1483 1484 1485 1486 1487 1489 1491 1492 1493 1494 1495 1496 1499 1500 1501 1502 1503 1504 1505 1507 1508 1509 1510 1511 1512 1514 1515 1516 1517 1518 1520 1521 1523 1524 1525 1527 1528 1529 1530 1531 1532 1533 1534 1535 1536 1537 1538 1539 1540 1541 1543 1544 1547 1548 1549 1550 1551 1552 1553 1555 1556 1557 1559 1561 1562 1563 1565 1566 1567 1568 1569 1570 1571 1572 1574 1575 1576 1578 1579 1581 1582 1584 1585 1587 1588 1589 1590 1591 1592 1594 1595 1596 1597 1598 1599 1600 1601 1603 1604 1605 1606 1607 1608 1609 1611 1612 1613 1614 1616 1617 1618 1619 1620 1621 1622 1628 1629 1630 1631 1632 1633 1634 1635 1636 1638 1640 1641 1642 1643 1644 1645 1646 1647 1648 1649 1650 1652 1653 1656 1660 1661 1662 1663 1664 1665 1666 1667 1669 1670 1671 1672 1673 1678 1679 1680 1681 1682 1683 1686 1688 1689 1690 1691 1692 1693 1694 1695 1696 1697 1698 1699 1700 1701 1702 1703 1704 1705 1706 1707 1709 1710 1711 1712 1713 1714 1715 1716 1717 1718 1720 1721 1724 1726 1727 1729 1730 1731 1732 1733 1734 1735 1736 1737 1739 1740 1741 1742 1743 1744 1745 1746 1747 1748 1749 1750 1751 1752 1753 1754 1755 1756 1757 1758 1759 1760 1761 1762 1763 1764 1765 1766 1767 1768 1769 1770 1771 1772 1773 1775 1776 1777 1778 1779 1780 1781 1782 1783 1784 1785 1787 1788 1789 1790 1791 1792 1793 1794 1796 1797 1798 1799 1800 1802 1806 1807 1808 1810 1811 1812 1813 1814 1815 1816 1819 1821 1823 1824 1825 1826 1827 1830 1831 1832 1834 1837 1838 1839 1840 1841 1842 1843 1845 1846 1850 1851 1852 1853 1854 1855 1856 1858 1859 1860 1861 1863 1867 1870 1871 1872 1874 1875 1876 1877 1878 1879 1880 1882 1883 1884 1885 1888 1890 1891 1892 1893 1894 1896 1897 1898 1900 1903 1904 1907 1909 1911 1912 1913 1914 1916 1920 1926 1927 1928 1929 1930 1934 1935 1936 1941 1942 1943 1944 1945 1946 1952 1953 1954 1955 1958 1960 1961 1967 1968 1970 1971 1982 1984 1987 1989 1991 1995 1996 1998 1999 2000 2001 2002 2006 2007 2012 2013 2018 2021 2025 2026 2027 2028 2029 2033 2034 2036 2038 2041 2042 2043 2044 2045 2048 0
3 4 7 9 10 11 13 14 15 17 19 20 21 22 23 24 25 26 27 30 31 0

39
1 2 3 4 5 6 7 8 9 10 11 12 13 14 15 16 18 19 20 21 22 23 24 25 26 27 28 29 30 31 33 34 35 36 37 38 39 40 41 42 43 44 45 46 47 48 49 50 51 52 53 54 55 56 57 58 59 60 61 62 63 64 65 66 67 68 69 70 71 72 73 74 77 78 79 80 81 82 83 84 85 87 89 90 91 92 93 94 95 96 98 99 100 101 102 103 104 105 106 108 110 111 112 113 114 115 116 117 118 119 120 121 122 123 124 125 126 127 128 129 130 131 132 133 135 137 138 139 140 141 142 143 144 145 146 147 149 150 152 153 154 155 157 158 159 160 161 162 163 164 165 166 168 169 170 171 172 173 174 175 176 177 178 179 180 182 183 184 185 186 187 188 189 190 191 192 193 194 195 196 197 198 199 200 201 202 203 204 205 206 207 208 209 210 211 212 213 214 215 216 217 218 219 220 221 222 223 224 225 226 227 228 229 230 231 232 233 234 235 236 237 238 239 240 241 242 243 244 245 248 249 251 253 254 255 256 257 259 260 261 262 263 264 265 266 267 268 269 270 271 272 273 274 276 279 280 281 282 283 285 286 287 288 289 290 291 292 293 294 295 296 297 298 299 300 301 302 303 304 305 306 307 309 310 311 313 315 316 318 320 321 322 323 324 326 327 328 329 331 332 333 335 336 337 339 341 342 343 344 345 346 347 349 350 351 352 353 354 356 357 358 359 360 361 362 363 364 365 366 367 368 369 370 371 372 373 374 375 376 377 380 381 382 383 384 385 387 388 389 390 391 393 395 397 398 399 400 401 404 405 406 407 408 409 410 412 413 414 415 416 417 418 419 422 423 424 426 427 428 429 430 431 432 433 434 435 437 438 439 440 441 442 443 444 445 446 447 448 449 451 453 454 455 456 457 458 459 460 461 462 463 464 465 467 469 470 471 472 473 474 475 476 479 480 481 482 483 484 485 486 487 489 490 491 492 493 494 495 496 498 499 500 501 502 503 504 505 506 507 508 509 510 511 512 514 515 516 517 518 519 520 521 522 523 524 525 528 529 530 532 533 534 535 536 537 539 540 541 542 544 546 547 548 549 550 551 554 555 556 557 558 559 560 561 562 564 565 566 567 568 570 571 572 573 574 575 576 577 578 579 580 581 582 583 584 585 588 589 591 592 593 594 595 596 598 600 601 602 603 604 605 608 609 610 611 613 614 615 616 617 618 619 620 623 626 627 629 630 631 632 633 635 636 638 640 641 643 644 647 648 649 650 651 652 653 655 656 657 658 659 660 661 662 663 664 665 666 667 669 671 672 673 674 675 676 677 678 679 680 681 682 685 686 688 689 690 691 692 693 697 698 700 701 705 706 707 708 709 710 711 712 714 715 716 717 718 721 722 723 724 725 726 730 731 734 736 737 738 739 740 750 752 753 754 755 756 763 764 765 766 767 768 769 770 771 772 773 774 775 776 777 778 779 780 781 782 783 784 785 786 787 788 789 790 791 792 793 794 795 796 797 798 799 800 801 802 803 804 805 806 807 808 809 810 811 812 813 814 815 816 817 818 819 820 821 822 823 825 826 827 828 829 830 831 832 833 834 835 836 838 839 840 841 842 843 844 845 846 847 848 850 851 852 853 854 855 856 857 858 859 860 861 862 863 864 866 867 868 869 871 872 873 874 876 877 879 880 881 883 884 885 886 887 888 889 890 891 892 893 896 897 899 900 902 904 905 906 909 910 911 912 913 914 915 916 917 919 920 921 922 923 925 926 927 928 929 930 931 932 933 934 935 936 938 939 940 941 942 943 944 945 946 947 948 949 950 951 952 953 954 955 956 957 958 959 960 961 962 963 964 965 966 967 968 969 970 971 972 973 974 975 976 978 979 980 981 982 983 984 985 986 987 989 990 991 992 993 994 995 996 997 998 999 1000 1001 1002 1003 1004 1005 1006 1007 1008 1009 1010 1011 1012 1013 1014 1015 1016 1017 1018 1019 1020 1021 1022 1023 1024 1025 1026 1027 1028 1029 1030 1031 1032 1033 1034 1035 1036 1039 1040 1041 1042 1044 1045 1046 1047 1049 1050 1051 1052 1053 1054 1055 1056 1057 1058 1061 1062 1063 1064 1065 1066 1067 1068 1072 1073 1074 1075 1076 1077 1080 1081 1082 1083 1084 1089 1090 1091 1092 1094 1095 1096 1097 1098 1099 1100 1101 1103 1104 1105 1107 1108 1109 1111 1112 1113 1114 1115 1116 1117 1118 1119 1120 1121 1124 1125 1126 1127 1128 1129 1130 1131 1133 1134 1135 1136 1137 1139 1140 1141 1142 1143 1144 1145 1146 1147 1148 1149 1150 1151 1152 1153 1154 1155 1156 1157 1158 1159 1160 1161 1162 1164 1165 1167 1168 1169 1171 1172 1173 1174 1175 1176 1177 1178 1180 1181 1183 1184 1185 1186 1188 1190 1191 1192 1194 1195 1196 1198 1199 1200 1201 1202 1203 1204 1205 1206 1207 1208 1209 1210 1211 1214 1215 1216 1217 1218 1219 1220 1221 1222 1223 1224 1225 1228 1229 1230 1231 1232 1233 1235 1236 1239 1240 1241 1242 1243 1244 1245 1246 1247 1248 1249 1250 1252 1253 1254 1255 1256 1257 1258 1259 1260 1261 1262 1263 1264 1265 1266 1267 1268 1269 1270 1271 1272 1273 1274 1275 1276 1277 1278 1279 1280 1281 1282 1284 1285 1286 1287 1288 1289 1290 1291 1292 1293 1294 1295 1296 1297 1298 1299 1300 1301 1302 1303 1304 1305 1306 1307 1308 1309 1310 1311 1312 1313 1316 1317 1318 1319 1320 1321 1325 1328 1329 1330 1331 1332 1333 1334 1335 1336 1337 1338 1339 1340 1341 1342 1343 1344 1345 1346 1347 1348 1349 1350 1351 1352 1353 1354 1355 1356 1357 1358 1359 1360 1361 1362 1363 1364 1365 1366 1367 1368 1369 1370 1371 1372 1373 1374 1375 1376 1377 1378 1379 1380 1381 1382 1384 1385 1386 1389 1390 1391 1392 1393 1394 1395 1398 1399 1400 1401 1402 1403 1404 1405 1406 1407 1408 1409 1410 1411 1412 1413 1414 1415 1419 1420 1421 1422 1423 1424 1425 1426 1427 1428 1429 1430 1431 1434 1436 1437 1438 1439 1441 1442 1443 1444 1445 1446 1447 1448 1449 1450 1451 1452 1453 1454 1455 1456 1457 1458 1459 1460 1461 1462 1463 1464 1465 1466 1467 1468 1469 1470 1471 1472 1473 1474 1475 1476 1477 1478 1479 1480 1481 1482 1484 1485 1486 1487 1488 1489 1490 1491 1492 1493 1494 1495 1496 1497 1498 1499 1500 1501 1502 1503 1505 1506 1507 1508 1509 1510 1511 1512 1513 1514 1515 1516 1517 1518 1519 1520 1521 1522 1523 1524 1525 1526 1527 1528 1529 1530 1531 1532 1533 1534 1535 1536 1537 1538 1540 1541 1542 1543 1544 1545 1546 1547 1548 1549 1550 1551 1552 1553 1554 1556 1559 1561 1564 1565 1566 1567 1568 1569 1570 1572 1574 1575 1577 1579 1580 1582 1583 1584 1585 1586 1588 1590 1591 1593 1594 1595 1596 1597 1598 1600 1601 1602 1603 1604 1605 1606 1607 1609 1610 1611 1612 1613 1614 1615 1616 1617 1618 1619 1621 1623 1624 1625 1626 1627 1628 1629 1631 1632 1633 1634 1635 1636 1637 1638 1639 1641 1642 1643 1644 1645 1647 1648 1649 1650 1651 1652 1653 1654 1655 1656 1658 1659 1661 1662 1664 1665 1666 1667 1668 1669 1670 1671 1672 1673 1675 1677 1678 1680 1681 1682 1683 1684 1685 1686 1687 1688 1689 1690 1691 1692 1693 1694 1695 1696 1697 1698 1699 1700 1701 1703 1704 1705 1706 1707 1708 1709 1710 1711 1712 1713 1714 1715 1716 1718 1719 1720 1721 1722 1723 1724 1725 1726 1728 1729 1730 1731 1732 1733 1734 1735 1736 1742 1744 1745 1746 1747 1748 1749 1750 1752 1753 1755 1756 1760 1761 1763 1764 1765 1766 1767 1768 1769 1770 1771 1772 1775 1776 1777 1778 1779 1780 1781 1782 1783 1784 1785 1786 1787 1788 1789 1790 1791 1792 1793 1794 1795 1796 1797 1798 1799 1800 1801 1802 1803 1804 1805 1806 1807 1808 1809 1810 1811 1812 1813 1814 1815 1817 1818 1819 1820 1821 1822 1823 1824 1825 1826 1829 1831 1832 1833 1835 1836 1837 1840 1841 1842 1845 1846 1847 1848 1850 1851 1852 1853 1854 1855 1856 1857 1858 1859 1863 1865 1866 1867 1868 1869 1871 1872 1873 1874 1875 1876 1877 1878 1880 1881 1883 1885 1888 1889 1890 1891 1893 1894 1895 1896 1897 1898 1901 1904 1906 1907 1909 1913 1914 1915 1916 1917 1920 1921 1922 1923 1924 1927 1928 1929 1930 1931 1932 1933 1936 1937 1938 1939 1940 1941 1943 1944 1945 1946 1947 1948 1949 1952 1953 1954 1955 1957 1958 1960 1961 1962 1964 1965 1968 1969 1970 1974 1975 1976 1977 1978 1979 1980 1981 1984 1985 1986 1987 1988 1989 1990 1991 1992 1993 1994 1995 1996 2000 2001 2002 2003 2004 2005 2006 2008 2014 2015 2016 2017 2018 2019 2020 2021 2022 2026 2027 2028 2029 2030 2031 2032 2033 2034 2035 2036 2037 2040 2041 2042 2048 0
1 2 3 4 6 7 9 10 11 13 14 15 16 18 20 21 22 23 24 25 26 27 28 29 30 31 0

40
1 2 3 4 5 6 7 8 9 10 11 12 13 16 17 19 24 26 27 29 30 31 32 33 37 39 40 41 43 45 46 47 48 49 51 52 53 54 55 56 57 60 64 65 69 70 73 74 75 76 77 78 79 81 84 85 86 87 88 89 90 92 93 94 97 100 101 102 103 104 106 107 108 109 110 111 112 113 115 116 118 119 120 122 125 126 127 128 129 130 131 132 133 134 135 139 141 142 143 145 146 147 149 150 151 152 155 156 157 158 159 160 161 162 163 164 165 167 169 171 172 173 174 175 176 177 178 180 181 182 183 184 186 188 190 191 192 193 196 197 198 201 203 204 205 206 207 208 209 212 213 214 217 219 221 223 224 225 226 227 228 230 231 233 234 235 236 237 239 240 241 242 243 244 245 246 247 248 249 250 251 252 253 254 255 256 257 260 261 263 264 265 266 267 268 269 270 271 272 273 275 278 279 281 283 284 285 290 291 293 295 296 297 299 300 303 304 305 306 309 312 314 315 317 318 320 321 323 325 326 327 329 330 331 332 333 334 335 336 337 338 340 341 342 344 346 347 350 351 352 353 355 356 357 358 359 361 362 364 365 366 367 368 369 370 371 372 374 376 377 381 385 388 389 390 391 392 396 398 399 400 401 402 403 404 405 406 407 409 410 412 413 417 418 419 421 426 427 429 430 431 432 433 435 440 441 445 446 449 452 456 457 459 460 461 464 466 467 469 470 471 473 475 476 477 478 479 480 481 485 486 488 489 490 493 494 496 499 500 501 502 503 506 510 512 514 515 516 517 518 519 520 523 524 525 526 528 529 530 531 532 533 534 535 536 537 538 539 541 542 545 546 547 548 549 550 552 554 555 556 557 558 559 561 562 563 565 567 570 571 572 573 574 575 577 578 581 583 584 585 586 587 588 589 590 591 599 600 601 602 604 605 608 610 613 614 615 616 617 618 619 620 621 622 624 626 628 632 633 635 636 637 639 640 641 643 645 646 657 661 663 670 672 673 676 679 680 681 682 685 689 692 693 694 695 696 697 698 700 701 702 703 705 706 707 708 709 710 711 712 713 714 716 717 718 719 721 722 723 724 725 726 727 729 731 732 733 734 735 737 738 739 740 741 750 751 752 753 754 755 756 757 759 765 766 767 768 769 770 771 772 773 774 775 776 777 778 779 780 781 782 783 784 786 787 789 790 792 795 796 799 800 801 802 803 804 805 806 807 808 809 810 811 814 815 816 817 821 822 823 824 825 826 827 828 829 830 833 840 841 842 845 848 849 850 852 855 856 857 860 861 862 864 870 871 872 873 875 881 884 885 886 887 888 889 890 891 892 894 895 896 898 899 900 902 903 904 905 906 907 908 909 910 911 912 913 916 917 918 919 920 921 922 923 924 926 927 930 932 933 934 935 936 937 938 939 941 943 945 946 948 949 950 952 954 955 956 957 958 959 960 961 962 963 967 968 969 970 974 975 976 977 978 979 980 981 983 984 985 987 988 989 990 992 995 996 997 999 1000 1008 1009 1010 1011 1012 1013 1014 1015 1016 1017 1018 1019 1020 1021 1022 1023 1024 1025 1028 1029 1033 1037 1038 1041 1042 1043 1044 1045 1046 1052 1055 1056 1057 1058 1059 1060 1061 1062 1064 1065 1069 1070 1073 1074 1075 1076 1077 1078 1079 1080 1083 1084 1085 1086 1087 1089 1090 1091 1092 1094 1097 1099 1100 1101 1102 1103 1104 1105 1110 1112 1113 1114 1115 1117 1118 1120 1121 1122 1123 1125 1126 1127 1129 1133 1134 1137 1138 1139 1140 1141 1145 1146 1147 1148 1149 1150 1153 1155 1157 1158 1163 1164 1165 1166 1167 1168 1169 1177 1180 1181 1182 1185 1186 1191 1192 1196 1197 1198 1201 1202 1205 1207 1208 1209 1211 1213 1214 1215 1216 1217 1218 1221 1222 1223 1225 1226 1227 1230 1231 1232 1233 1234 1235 1236 1237 1238 1239 1240 1241 1242 1243 1244 1245 1246 1247 1248 1249 1250 1251 1252 1253 1254 1255 1256 1258 1259 1260 1261 1262 1263 1265 1266 1267 1268 1269 1273 1274 1275 1277 1279 1280 1281 1282 1283 1284 1285 1286 1287 1288 1289 1290 1291 1292 1293 1294 1295 1296 1298 1306 1310 1311 1313 1319 1320 1322 1323 1324 1327 1328 1329 1335 1336 1337 1338 1345 1352 1356 1357 1360 1361 1363 1364 1365 1366 1367 1368 1369 1371 1372 1373 1376 1377 1380 1381 1382 1383 1384 1385 1389 1392 1393 1396 1397 1398 1399 1400 1401 1408 1410 1411 1412 1413 1415 1417 1418 1419 1420 1421 1425 1430 1431 1432 1433 1435 1436 1437 1438 1440 1444 1445 1446 1447 1448 1449 1450 1451 1452 1453 1460 1461 1462 1464 1465 1468 1469 1470 1471 1472 1476 1479 1480 1484 1485 1486 1487 1488 1489 1504 1518 1520 1522 1523 1524 1525 1526 1527 1528 1536 1537 1538 1539 1540 1541 1545 1546 1550 1551 1553 1554 1555 1556 1557 1558 1559 1562 1563 1564 1566 1567 1568 1569 1570 1571 1572 1573 1574 1575 1577 1578 1579 1581 1582 1583 1585 1586 1587 1588 1589 1590 1591 1593 1594 1595 1596 1597 1598 1599 1601 1602 1603 1606 1607 1609 1611 1612 1613 1614 1616 1617 1622 1623 1625 1626 1628 1629 1630 1632 1633 1635 1638 1639 1640 1641 1643 1644 1645 1648 1649 1651 1654 1655 1658 1659 1661 1662 1664 1665 1675 1676 1678 1679 1680 1681 1682 1684 1685 1690 1691 1696 1697 1698 1700 1701 1702 1703 1706 1708 1709 1710 1713 1714 1716 1719 1723 1725 1726 1727 1728 1729 1730 1731 1732 1733 1734 1736 1739 1741 1742 1743 1744 1745 1746 1747 1748 1749 1750 1751 1753 1754 1756 1757 1758 1759 1760 1761 1762 1763 1764 1765 1767 1769 1772 1773 1774 1776 1777 1779 1781 1785 1786 1788 1789 1790 1791 1793 1794 1797 1798 1799 1800 1801 1802 1803 1804 1805 1806 1807 1808 1809 1815 1816 1817 1818 1819 1820 1824 1825 1826 1832 1833 1834 1835 1836 1837 1839 1840 1841 1842 1848 1849 1850 1856 1857 1858 1859 1862 1863 1865 1867 1868 1870 1872 1873 1874 1875 1876 1878 1880 1881 1882 1883 1884 1886 1887 1888 1889 1890 1891 1895 1896 1899 1900 1903 1904 1905 1906 1910 1911 1912 1913 1919 1920 1922 1923 1924 1926 1927 1928 1929 1930 1935 1936 1938 1939 1940 1941 1943 1944 1945 1946 1947 1951 1952 1954 1955 1956 1957 1958 1967 1968 1970 1971 1972 1979 1980 1981 1984 1986 1987 1988 1992 1993 1994 1996 2002 2008 2009 2023 2024 2025 2026 2038 2039 2040 2041 2042 2043 0
3 4 6 8 9 10 12 13 14 19 20 21 23 24 28 31 0

41
1 4 5 6 8 9 11 12 13 14 15 16 17 18 19 20 21 22 23 24 25 26 27 28 29 31 32 33 34 35 36 37 38 39 40 41 42 43 45 46 48 49 50 51 52 53 54 55 56 57 58 59 61 62 63 64 65 66 67 68 69 70 71 72 73 78 79 80 81 82 83 84 85 87 89 91 94 95 97 98 99 100 103 104 105 107 108 110 111 113 114 115 116 117 118 119 120 122 123 124 126 128 129 130 131 132 134 135 136 138 139 140 142 143 144 145 146 147 149 150 151 153 155 156 159 160 161 162 164 166 167 168 170 171 172 173 176 177 178 180 181 185 188 190 191 193 194 197 198 201 203 204 205 206 207 209 210 211 212 213 214 215 216 217 218 220 221 222 224 225 226 227 228 229 230 231 232 233 234 236 237 240 241 243 244 245 247 248 249 250 251 252 253 254 255 256 257 258 260 261 262 263 264 265 266 268 270 271 272 273 275 276 277 278 281 283 284 285 288 289 292 294 295 296 299 300 303 305 306 308 309 310 313 314 315 317 318 319 320 321 322 323 324 325 327 328 329 330 331 332 333 334 335 336 337 339 340 342 349 351 352 353 355 357 358 359 361 362 363 364 366 367 368 369 370 371 372 375 378 379 381 382 383 384 385 386 387 389 390 391 392 393 394 395 398 399 400 401 403 404 405 406 407 408 411 413 414 416 417 418 419 420 421 422 423 425 427 428 429 430 431 432 433 434 435 437 438 443 445 446 448 449 453 454 456 457 458 460 461 463 464 465 466 467 468 469 470 472 473 475 479 480 481 482 483 484 485 487 488 489 490 491 492 496 497 498 500 501 502 503 504 505 506 509 510 511 512 514 515 516 517 519 520 521 522 524 525 526 527 528 529 530 531 532 533 534 535 536 537 538 539 540 541 542 543 545 546 547 548 549 555 556 557 558 559 560 561 562 563 564 569 573 575 577 578 579 581 582 583 584 585 589 590 593 594 595 596 597 599 600 603 607 611 612 613 614 615 619 620 621 622 623 624 626 629 634 635 637 638 639 640 643 644 647 651 652 653 654 655 656 658 661 663 664 665 666 667 668 670 671 672 673 674 678 679 680 681 682 684 688 689 690 692 693 694 695 696 697 698 703 705 707 712 713 715 721 722 723 724 726 729 730 731 732 738 739 740 742 743 744 745 746 747 748 750 751 752 758 759 760 763 766 767 768 769 770 771 772 773 774 775 776 777 778 779 780 781 782 783 784 785 786 787 788 789 790 792 793 794 795 796 797 799 800 801 802 803 804 805 806 807 808 809 810 811 813 817 818 819 821 822 823 826 827 828 832 833 834 836 837 839 840 841 842 843 844 845 846 847 849 850 851 852 854 855 856 859 860 861 863 864 866 868 870 871 872 873 874 879 883 884 886 891 892 893 896 897 898 899 904 905 906 907 908 909 914 915 917 920 922 923 924 927 928 930 931 933 936 938 939 943 944 945 946 947 948 950 953 954 955 957 958 959 960 962 963 964 965 966 968 969 970 972 973 975 976 977 978 979 980 981 982 983 984 985 986 987 988 989 990 991 993 994 995 996 997 998 999 1000 1001 1002 1003 1004 1005 1006 1007 1009 1010 1011 1012 1013 1014 1015 1016 1017 1018 1019 1020 1021 1022 1023 1025 1032 1033 1034 1036 1037 1040 1041 1042 1043 1044 1046 1047 1048 1049 1053 1054 1055 1056 1057 1058 1059 1060 1063 1065 1066 1067 1069 1070 1071 1072 1073 1074 1075 1078 1079 1082 1083 1085 1086 1087 1088 1089 1090 1091 1092 1101 1102 1103 1104 1105 1107 1108 1109 1110 1111 1112 1113 1114 1115 1116 1118 1121 1123 1124 1125 1126 1127 1130 1133 1138 1139 1140 1141 1142 1143 1147 1148 1149 1150 1153 1154 1155 1156 1157 1158 1159 1160 1161 1162 1164 1165 1166 1167 1168 1169 1171 1172 1173 1174 1175 1178 1181 1182 1183 1184 1185 1186 1187 1188 1189 1190 1191 1192 1193 1196 1198 1199 1200 1201 1202 1203 1205 1206 1207 1208 1209 1210 1211 1217 1219 1222 1223 1224 1225 1226 1227 1228 1233 1238 1239 1240 1241 1242 1243 1244 1249 1254 1256 1258 1259 1260 1261 1262 1263 1264 1265 1266 1267 1268 1269 1270 1271 1272 1274 1275 1276 1277 1278 1281 1282 1283 1284 1285 1286 1287 1289 1290 1291 1292 1293 1294 1295 1296 1297 1299 1300 1301 1304 1305 1306 1307 1308 1309 1311 1313 1314 1315 1316 1317 1318 1319 1320 1321 1322 1323 1324 1327 1328 1329 1330 1331 1332 1333 1334 1336 1337 1339 1340 1341 1343 1345 1346 1347 1348 1350 1351 1352 1353 1354 1355 1358 1359 1360 1361 1362 1363 1365 1366 1367 1369 1370 1371 1372 1376 1377 1378 1379 1380 1383 1384 1387 1388 1389 1391 1392 1393 1394 1395 1396 1401 1402 1403 1404 1405 1406 1407 1408 1409 1410 1411 1412 1413 1415 1416 1417 1418 1419 1420 1421 1423 1424 1425 1427 1428 1429 1431 1432 1433 1434 1435 1436 1437 1439 1440 1441 1442 1443 1444 1445 1446 1455 1457 1458 1460 1463 1464 1465 1466 1467 1470 1471 1472 1473 1474 1475 1476 1477 1478 1480 1481 1482 1484 1485 1487 1489 1490 1491 1492 1493 1494 1495 1496 1497 1499 1501 1502 1504 1505 1506 1507 1508 1509 1510 1513 1514 1515 1516 1518 1519 1520 1521 1522 1523 1524 1525 1526 1527 1528 1529 1530 1532 1533 1534 1535 1537 1538 1539 1540 1541 1542 1543 1545 1546 1547 1548 1550 1551 1552 1553 1554 1555 1556 1557 1559 1561 1562 1563 1564 1565 1567 1568 1569 1570 1571 1572 1573 1574 1576 1577 1578 1579 1580 1581 1582 1583 1585 1586 1587 1588 1589 1590 1591 1593 1595 1597 1598 1599 1601 1602 1603 1604 1605 1607 1608 1610 1613 1616 1617 1618 1619 1620 1621 1623 1624 1625 1626 1627 1628 1629 1630 1631 1633 1634 1635 1636 1639 1640 1641 1642 1643 1644 1646 1647 1649 1650 1651 1652 1653 1655 1659 1661 1663 1664 1665 1666 1667 1668 1673 1674 1675 1676 1677 1680 1681 1682 1683 1687 1690 1692 1693 1695 1697 1698 1699 1700 1701 1703 1704 1705 1706 1707 1708 1709 1710 1711 1713 1714 1715 1716 1717 1720 1721 1722 1723 1724 1725 1727 1729 1730 1733 1734 1740 1741 1743 1745 1747 1750 1751 1752 1754 1755 1756 1757 1758 1761 1763 1765 1766 1767 1768 1769 1770 1771 1772 1774 1775 1776 1777 1778 1779 1781 1782 1783 1784 1786 1787 1788 1789 1791 1792 1793 1794 1795 1799 1802 1804 1805 1806 1810 1811 1812 1813 1814 1815 1818 1819 1824 1826 1827 1828 1832 1833 1834 1842 1843 1844 1845 1846 1848 1849 1850 1851 1856 1858 1859 1860 1862 1864 1865 1866 1872 1874 1875 1876 1878 1880 1882 1884 1885 1886 1887 1888 1889 1893 1895 1896 1900 1902 1903 1905 1907 1912 1913 1914 1919 1921 1923 1929 1930 1935 1936 1937 1945 1946 1947 1948 1949 1952 1954 1955 1957 1961 1963 1964 1965 1966 1967 1968 1972 1973 1979 1980 1981 1982 1983 1984 1986 1987 1988 1989 1990 1996 1997 1998 1999 2000 2002 2003 2006 2013 2014 2015 2017 2018 2019 2020 2021 2022 2030 2033 2042 2048 0
2 3 7 12 21 23 26 27 28 29 0

42
1 3 4 6 7 8 10 11 12 13 16 17 19 20 23 24 25 27 29 33 38 39 40 41 43 45 46 49 52 54 55 56 57 58 59 60 61 64 65 67 68 69 71 72 73 74 75 76 79 80 81 83 84 85 86 87 88 89 90 92 94 95 97 99 100 101 102 104 105 106 107 109 110 111 113 115 116 117 118 121 122 124 125 126 129 130 131 132 134 135 137 138 139 140 141 142 143 144 145 147 149 150 151 153 154 155 156 158 159 160 161 163 165 166 167 168 169 170 171 172 173 174 175 176 177 178 181 182 187 189 190 191 193 194 197 199 200 201 202 203 204 206 207 208 209 212 213 214 217 220 221 222 223 224 225 226 227 229 230 232 233 236 237 238 240 241 242 243 244 246 247 248 249 250 251 252 253 254 255 256 257 258 259 260 261 262 263 264 265 266 267 268 269 270 271 272 273 276 278 279 280 285 286 287 288 289 292 297 298 302 304 305 306 308 309 311 315 316 317 318 320 321 322 323 324 325 326 327 328 329 330 333 336 340 343 344 345 349 350 351 353 354 357 358 359 360 366 367 368 369 370 373 375 379 381 382 384 385 386 387 388 390 395 396 398 399 400 401 402 404 406 408 409 410 412 414 419 420 421 422 424 425 426 427 430 433 434 435 437 439 440 441 443 444 447 448 450 452 453 454 455 456 457 458 464 465 467 469 470 471 473 475 476 477 480 481 482 486 488 490 492 495 496 497 501 503 504 505 506 507 509 510 511 512 513 514 516 519 520 521 522 523 524 525 528 530 531 532 533 537 539 545 547 548 549 550 551 552 555 557 558 559 560 561 562 563 564 565 566 567 568 570 571 573 575 576 577 581 584 585 586 589 590 591 593 595 597 598 599 600 601 602 603 604 605 606 609 612 615 616 617 618 621 625 630 632 633 635 636 641 643 644 645 647 650 651 658 660 662 663 664 667 668 669 670 671 676 678 679 680 681 683 684 685 686 690 691 692 694 697 699 700 702 705 707 711 714 715 717 718 720 721 722 723 724 725 726 727 728 730 731 733 734 735 736 737 740 741 742 743 744 745 746 749 750 751 752 755 756 757 758 760 762 764 765 766 767 768 769 770 771 772 773 774 775 776 777 778 779 780 781 782 783 784 785 786 787 788 789 790 791 792 793 795 796 797 798 805 808 809 810 811 817 820 821 822 823 824 825 826 827 828 829 830 831 835 840 841 842 845 846 847 849 851 852 854 856 858 862 863 864 865 869 870 871 872 873 874 879 881 882 884 885 887 888 889 890 892 893 900 902 903 904 905 906 907 908 910 911 912 915 916 917 918 919 920 921 922 923 926 928 931 932 933 935 936 937 938 942 943 944 946 947 948 950 951 952 953 954 955 956 957 958 959 960 963 964 965 966 967 968 969 970 971 972 974 976 979 981 983 986 987 988 989 992 993 995 997 998 999 1000 1001 1004 1005 1007 1009 1010 1011 1012 1013 1014 1015 1016 1017 1018 1019 1020 1021 1022 1023 1024 1025 1026 1034 1035 1040 1041 1044 1045 1051 1052 1056 1057 1058 1059 1060 1061 1062 1067 1068 1072 1075 1076 1077 1078 1079 1084 1085 1086 1087 1088 1089 1091 1092 1093 1094 1098 1099 1102 1103 1104 1108 1109 1110 1111 1117 1118 1121 1125 1126 1127 1128 1129 1133 1139 1140 1141 1143 1144 1145 1146 1149 1153 1156 1157 1158 1159 1160 1161 1162 1164 1165 1166 1169 1175 1176 1177 1181 1184 1185 1191 1192 1193 1194 1195 1196 1197 1198 1201 1204 1205 1206 1207 1208 1209 1210 1211 1212 1213 1214 1215 1217 1222 1225 1226 1228 1230 1231 1232 1233 1236 1241 1242 1243 1244 1245 1246 1247 1248 1249 1250 1251 1252 1253 1254 1255 1256 1257 1258 1259 1260 1261 1262 1263 1264 1265 1266 1267 1268 1270 1271 1272 1273 1274 1275 1276 1282 1283 1284 1285 1286 1287 1289 1290 1291 1292 1294 1296 1297 1298 1304 1312 1313 1318 1319 1321 1322 1323 1324 1327 1329 1330 1331 1333 1337 1338 1339 1340 1341 1344 1345 1347 1348 1350 1352 1354 1356 1357 1361 1362 1363 1364 1365 1366 1367 1368 1369 1371 1372 1373 1376 1377 1378 1379 1380 1381 1382 1385 1386 1387 1388 1389 1392 1393 1394 1396 1399 1400 1401 1402 1403 1404 1407 1408 1409 1411 1412 1413 1415 1416 1417 1418 1419 1420 1421 1422 1426 1428 1430 1431 1432 1433 1435 1436 1437 1438 1439 1440 1441 1443 1444 1445 1447 1448 1451 1452 1456 1461 1462 1463 1464 1465 1466 1467 1468 1469 1472 1473 1476 1477 1478 1482 1485 1486 1488 1489 1492 1493 1500 1501 1502 1503 1504 1505 1508 1514 1516 1517 1518 1521 1522 1523 1524 1525 1526 1527 1528 1529 1530 1532 1533 1534 1535 1536 1537 1538 1539 1540 1541 1545 1546 1547 1548 1551 1552 1553 1554 1555 1556 1557 1558 1559 1561 1563 1564 1565 1568 1569 1570 1572 1574 1576 1577 1578 1580 1581 1582 1583 1584 1585 1586 1587 1589 1592 1594 1596 1598 1599 1600 1601 1603 1604 1605 1607 1609 1610 1611 1612 1613 1614 1617 1618 1623 1624 1625 1626 1627 1628 1629 1630 1631 1633 1634 1635 1640 1642 1644 1645 1646 1647 1649 1650 1652 1654 1655 1657 1658 1660 1661 1665 1668 1670 1671 1673 1674 1675 1676 1678 1679 1681 1683 1685 1686 1687 1688 1689 1690 1691 1693 1695 1696 1697 1698 1699 1700 1701 1702 1703 1704 1706 1710 1711 1713 1714 1716 1717 1718 1719 1721 1723 1725 1726 1727 1728 1729 1730 1731 1734 1736 1738 1739 1740 1741 1742 1743 1745 1747 1752 1753 1754 1755 1757 1760 1761 1762 1763 1764 1765 1766 1767 1768 1769 1770 1771 1772 1773 1774 1776 1777 1778 1779 1782 1783 1784 1786 1787 1795 1796 1797 1798 1799 1800 1801 1802 1804 1805 1806 1807 1808 1809 1810 1811 1815 1816 1817 1818 1821 1822 1823 1824 1825 1826 1832 1833 1834 1835 1836 1837 1838 1839 1841 1842 1847 1848 1849 1850 1851 1857 1858 1864 1865 1867 1871 1872 1873 1874 1875 1880 1881 1883 1886 1887 1888 1889 1890 1891 1895 1896 1897 1898 1902 1903 1904 1905 1906 1910 1911 1912 1914 1918 1919 1920 1921 1922 1923 1924 1926 1927 1928 1929 1930 1931 1932 1935 1936 1937 1938 1939 1940 1942 1944 1945 1946 1951 1952 1954 1955 1956 1957 1958 1960 1961 1964 1967 1968 1970 1971 1972 1975 1976 1979 1980 1981 1986 1987 1988 1992 1995 1996 2001 2002 2003 2004 2011 2012 2016 2017 2018 2033 2034 2035 2036 0
1 2 3 6 8 9 10 12 13 20 21 22 23 25 27 28 29 31 32 0

43
1 2 3 4 5 6 7 8 9 10 11 12 13 14 16 17 18 19 20 21 22 23 24 25 26 27 28 29 30 31 32 33 34 35 36 37 38 39 40 41 42 43 44 45 46 47 48 49 50 51 52 53 54 55 56 57 58 59 61 62 63 65 66 67 68 69 70 71 72 73 74 75 76 77 78 79 81 82 83 84 85 86 87 88 89 90 91 94 96 97 98 99 100 101 102 103 104 105 106 107 109 113 114 115 116 117 118 119 120 122 123 124 125 126 128 129 130 131 132 133 135 136 137 139 140 141 143 144 145 146 147 148 149 150 151 152 153 155 156 157 158 159 160 161 163 164 166 167 168 170 171 172 173 174 175 176 177 178 180 181 182 183 184 185 186 188 189 191 193 195 196 197 199 200 201 202 204 205 207 209 211 214 215 216 217 218 219 221 222 225 227 228 229 230 231 232 233 234 236 237 238 239 240 241 242 243 244 246 247 248 249 250 251 252 253 254 255 256 257 258 259 260 261 262 263 264 265 266 267 268 269 271 272 273 274 276 277 278 279 281 282 283 284 285 286 288 289 290 291 292 293 294 295 296 297 298 299 301 303 304 305 306 309 310 311 312 313 317 318 319 320 321 322 324 325 327 328 329 330 334 335 336 337 338 339 341 342 343 344 345 346 347 349 350 351 352 353 354 355 357 358 359 360 361 362 367 368 369 370 371 372 373 374 375 376 377 378 379 380 383 384 385 386 387 388 389 390 391 392 393 394 396 397 398 401 402 403 404 405 406 407 408 409 411 412 415 416 418 419 421 422 424 425 426 427 428 430 432 433 434 435 436 437 438 439 440 441 442 443 446 448 449 450 452 453 454 457 458 459 460 461 462 464 465 467 468 469 470 471 472 473 474 475 476 477 478 479 481 482 483 484 485 486 487 488 489 490 491 492 493 495 498 499 501 502 503 504 507 508 510 511 512 513 514 515 516 517 518 519 520 521 522 523 524 525 528 529 530 531 532 533 534 535 536 537 538 540 541 542 543 544 545 546 547 548 549 550 551 552 553 555 556 557 559 560 561 562 563 564 565 566 567 569 572 574 575 576 577 578 579 580 581 582 583 584 585 586 587 589 591 592 593 594 595 596 597 598 599 600 601 602 603 606 607 608 609 610 611 612 613 614 615 617 618 619 623 624 625 626 627 628 629 630 631 633 634 635 637 638 639 640 641 642 644 646 647 649 650 651 652 653 654 655 656 657 658 659 660 661 662 663 664 665 667 668 669 670 672 674 675 676 677 678 679 681 682 683 684 685 686 687 688 690 691 692 693 694 696 697 698 699 700 701 702 703 704 705 706 707 708 709 712 713 714 716 717 718 719 720 721 722 723 724 725 726 727 728 729 730 731 732 733 734 735 736 737 739 740 741 742 743 744 745 747 751 752 753 754 755 756 757 758 759 760 762 763 767 768 769 770 771 772 773 774 775 776 777 778 779 780 781 782 783 784 785 786 787 791 792 793 794 795 796 797 799 801 802 803 804 807 808 809 810 811 812 814 815 816 817 818 820 821 822 823 824 825 826 828 829 830 831 832 833 835 838 839 840 841 842 844 845 846 849 850 851 852 853 854 855 856 857 860 861 862 863 865 866 868 869 870 871 872 874 875 876 877 879 880 881 882 884 885 886 887 888 889 890 891 892 893 894 895 896 897 898 899 900 901 902 903 904 905 906 907 908 910 912 913 914 915 916 918 919 920 922 923 925 926 927 930 931 932 934 935 936 937 938 939 940 941 942 944 946 947 948 949 950 951 952 953 954 955 956 957 958 959 960 962 963 964 965 966 967 968 969 970 971 972 973 974 975 976 977 980 981 982 983 984 985 986 987 988 989 991 993 994 995 996 998 999 1000 1001 1002 1003 1004 1005 1006 1007 1009 1010 1011 1012 1013 1014 1015 1016 1017 1018 1019 1020 1021 1022 1023 1024 1025 1026 1027 1028 1029 1030 1031 1032 1033 1034 1035 1036 1037 1038 1039 1040 1041 1042 1043 1044 1045 1046 1047 1048 1049 1050 1051 1052 1053 1056 1057 1058 1059 1060 1061 1062 1063 1064 1065 1066 1067 1068 1073 1074 1075 1076 1077 1078 1079 1080 1081 1082 1083 1084 1087 1088 1089 1090 1091 1092 1093 1094 1095 1096 1097 1098 1099 1100 1102 1103 1104 1105 1106 1107 1108 1109 1110 1111 1112 1113 1114 1115 1117 1118 1119 1120 1121 1122 1123 1124 1125 1126 1127 1129 1130 1131 1133 1135 1136 1137 1138 1139 1140 1141 1142 1143 1144 1145 1146 1147 1149 1151 1152 1153 1154 1155 1156 1157 1158 1159 1160 1162 1163 1165 1166 1167 1168 1169 1170 1171 1172 1173 1175 1176 1178 1179 1180 1181 1182 1183 1184 1185 1186 1188 1189 1190 1191 1192 1195 1196 1197 1200 1201 1204 1205 1206 1207 1208 1210 1211 1212 1213 1214 1215 1216 1217 1218 1219 1220 1221 1222 1223 1224 1225 1226 1227 1228 1229 1230 1231 1232 1234 1235 1236 1237 1238 1239 1240 1241 1242 1243 1244 1245 1246 1247 1248 1249 1250 1251 1252 1253 1254 1255 1256 1257 1258 1259 1260 1261 1262 1263 1264 1265 1268 1269 1270 1271 1272 1273 1274 1275 1276 1277 1278 1279 1280 1281 1282 1283 1284 1286 1287 1288 1289 1290 1291 1292 1293 1294 1295 1296 1297 1298 1299 1301 1302 1303 1304 1305 1306 1307 1308 1309 1310 1311 1313 1314 1315 1318 1319 1320 1321 1322 1323 1329 1330 1331 1332 1333 1334 1335 1336 1337 1339 1342 1343 1344 1345 1346 1347 1348 1349 1350 1351 1352 1353 1354 1355 1356 1357 1358 1359 1360 1361 1362 1363 1364 1365 1366 1369 1370 1371 1372 1373 1375 1376 1377 1378 1379 1380 1382 1384 1385 1386 1387 1388 1389 1392 1393 1394 1395 1396 1397 1398 1401 1402 1403 1404 1408 1409 1410 1411 1412 1413 1415 1417 1418 1419 1420 1423 1424 1425 1426 1427 1428 1429 1430 1431 1432 1434 1435 1436 1438 1439 1440 1441 1443 1444 1447 1448 1449 1450 1451 1452 1454 1456 1457 1459 1460 1461 1463 1465 1466 1468 1469 1472 1473 1474 1476 1477 1478 1479 1480 1481 1482 1483 1484 1487 1488 1489 1490 1491 1492 1493 1494 1495 1496 1497 1498 1499 1501 1502 1503 1504 1506 1507 1508 1511 1512 1513 1515 1516 1517 1518 1519 1520 1521 1523 1524 1525 1526 1527 1528 1529 1530 1531 1535 1536 1537 1538 1539 1540 1541 1542 1543 1544 1546 1547 1548 1549 1550 1551 1552 1553 1554 1555 1556 1557 1559 1560 1561 1563 1564 1565 1566 1567 1568 1569 1570 1571 1572 1573 1574 1575 1576 1577 1578 1580 1582 1583 1584 1585 1586 1587 1588 1589 1591 1592 1593 1594 1595 1597 1598 1600 1601 1605 1606 1607 1608 1609 1610 1611 1612 1615 1616 1617 1619 1620 1621 1622 1623 1624 1625 1626 1627 1628 1630 1631 1633 1635 1637 1639 1641 1642 1643 1644 1645 1646 1647 1649 1650 1651 1652 1653 1654 1655 1657 1658 1659 1661 1663 1664 1665 1666 1667 1668 1669 1670 1671 1672 1673 1674 1675 1676 1678 1682 1683 1684 1685 1686 1688 1689 1690 1691 1692 1693 1695 1697 1699 1700 1701 1702 1703 1704 1705 1706 1707 1708 1709 1713 1714 1715 1716 1717 1718 1719 1720 1721 1722 1723 1724 1726 1727 1729 1730 1731 1732 1733 1734 1735 1736 1737 1738 1739 1740 1742 1744 1745 1747 1748 1749 1750 1751 1752 1753 1754 1756 1757 1758 1760 1761 1763 1764 1765 1766 1767 1768 1769 1770 1771 1772 1773 1774 1776 1777 1778 1779 1780 1781 1782 1783 1784 1786 1787 1788 1789 1790 1791 1792 1793 1794 1795 1796 1797 1798 1799 1800 1801 1802 1803 1804 1805 1806 1807 1809 1810 1811 1812 1813 1814 1815 1816 1817 1818 1819 1820 1821 1822 1823 1824 1825 1826 1827 1828 1829 1830 1831 1836 1837 1838 1839 1840 1841 1842 1843 1844 1845 1846 1847 1849 1851 1852 1853 1854 1855 1856 1858 1859 1860 1861 1862 1863 1864 1865 1867 1868 1869 1870 1871 1872 1874 1875 1876 1877 1878 1879 1880 1883 1884 1885 1886 1887 1888 1889 1890 1891 1892 1893 1895 1896 1897 1900 1901 1902 1905 1906 1907 1908 1910 1911 1914 1915 1916 1917 1919 1920 1921 1923 1924 1925 1926 1928 1930 1931 1934 1935 1936 1937 1938 1939 1943 1944 1946 1947 1948 1951 1952 1954 1955 1956 1957 1958 1959 1960 1961 1962 1963 1964 1965 1968 1969 1970 1971 1972 1973 1975 1976 1977 1978 1979 1980 1981 1982 1983 1986 1987 1988 1989 1990 1991 1992 1993 1994 1995 1997 1998 1999 2000 2003 2004 2005 2006 2007 2008 2009 2011 2012 2013 2014 2016 2020 2021 2024 2025 2028 2029 2032 2037 2041 2042 2043 2045 2046 2047 2048 0
1 2 3 4 6 7 8 9 11 12 15 18 19 21 22 23 27 28 29 30 32 0

44
1 3 4 5 6 7 8 10 11 12 13 14 15 17 18 20 23 24 25 26 27 28 29 30 31 32 33 35 37 39 41 42 43 45 46 47 48 49 52 53 54 55 57 58 59 61 62 63 64 65 67 68 69 70 71 72 73 74 75 76 77 79 80 81 83 84 85 86 87 88 89 90 91 92 93 95 96 97 98 100 101 102 103 104 105 106 107 108 109 111 113 114 116 117 118 119 120 121 124 126 128 129 130 131 133 134 135 137 138 139 140 141 142 143 144 145 146 147 148 149 150 151 152 155 157 158 159 160 161 162 163 164 165 166 167 168 170 172 173 175 176 177 178 179 180 181 182 183 185 186 187 188 189 193 194 195 196 199 200 201 202 203 205 206 208 209 210 212 216 217 219 220 224 225 226 228 231 232 234 240 241 242 245 247 248 249 252 253 254 255 256 257 258 260 261 267 268 269 270 271 273 274 275 276 280 284 285 286 287 289 291 292 293 296 297 298 304 305 306 308 309 311 312 323 327 328 329 332 334 335 337 338 340 341 342 343 345 346 347 350 351 353 355 356 358 359 360 361 364 368 371 373 375 376 377 378 379 380 383 385 386 387 388 389 391 392 393 394 395 399 400 401 402 404 405 407 410 411 412 414 415 416 417 420 421 422 423 424 426 427 429 432 433 434 435 438 439 440 441 443 444 445 446 448 449 450 451 453 454 455 456 457 459 460 461 464 465 468 469 470 472 474 475 476 477 480 481 482 484 485 486 488 491 492 494 497 498 499 500 502 503 504 505 506 507 508 509 510 511 512 513 515 516 517 518 519 520 522 528 530 531 532 533 534 536 537 540 541 544 546 547 548 549 551 552 555 557 558 560 561 562 563 564 571 572 573 574 576 577 578 579 581 583 587 588 589 590 591 592 593 595 596 597 598 601 602 603 604 605 606 607 608 611 612 613 614 618 619 620 621 622 624 627 628 630 633 634 635 640 641 644 645 646 648 649 656 657 658 661 662 663 668 671 672 673 674 675 676 678 679 680 681 682 683 686 687 688 689 690 695 696 698 702 703 704 705 706 708 710 713 714 715 717 720 722 724 729 730 731 735 736 737 738 740 741 745 746 747 750 753 754 760 761 762 768 769 770 771 772 773 774 775 776 777 779 780 781 782 783 784 786 787 789 794 797 803 806 808 811 812 814 815 816 817 820 822 823 824 825 831 834 836 839 840 841 842 843 845 846 847 848 849 850 851 852 853 854 855 856 857 858 859 860 861 863 864 868 869 870 872 873 874 876 877 880 882 883 884 885 887 889 890 891 896 897 898 900 901 902 903 905 907 909 912 914 916 917 918 919 920 921 922 923 926 927 928 930 931 932 934 935 939 943 944 949 951 952 953 954 955 956 957 958 960 961 962 963 965 966 967 970 971 972 973 974 978 980 981 982 983 988 991 992 993 994 996 997 1000 1001 1003 1004 1005 1006 1009 1010 1011 1012 1013 1014 1015 1016 1017 1018 1019 1020 1021 1022 1023 1024 1025 1026 1027 1029 1030 1031 1032 1033 1034 1036 1037 1038 1039 1040 1041 1043 1044 1045 1046 1047 1048 1049 1050 1051 1053 1055 1056 1057 1059 1060 1061 1064 1069 1070 1073 1075 1076 1077 1078 1084 1085 1086 1087 1089 1090 1091 1092 1093 1096 1097 1100 1101 1102 1103 1104 1105 1106 1107 1108 1109 1112 1115 1116 1117 1118 1119 1120 1121 1123 1124 1125 1126 1127 1128 1129 1130 1131 1132 1133 1134 1135 1136 1139 1140 1141 1142 1143 1144 1146 1147 1148 1149 1150 1153 1154 1156 1157 1158 1159 1160 1163 1164 1169 1170 1171 1179 1185 1186 1187 1190 1193 1194 1196 1197 1199 1200 1201 1202 1203 1204 1207 1208 1210 1211 1212 1215 1216 1217 1218 1223 1225 1227 1228 1230 1231 1232 1233 1234 1241 1242 1247 1248 1249 1256 1257 1258 1259 1263 1264 1265 1268 1269 1270 1271 1272 1273 1274 1275 1276 1277 1278 1279 1281 1282 1283 1284 1285 1286 1287 1288 1289 1290 1292 1293 1294 1295 1296 1297 1298 1299 1300 1309 1310 1311 1312 1313 1314 1315 1316 1317 1319 1320 1324 1327 1328 1330 1335 1336 1337 1338 1340 1341 1342 1343 1344 1345 1351 1352 1353 1354 1355 1356 1357 1358 1359 1360 1361 1366 1367 1371 1372 1373 1376 1381 1382 1383 1384 1386 1387 1393 1395 1396 1397 1403 1407 1408 1409 1410 1411 1413 1414 1415 1418 1419 1420 1421 1422 1424 1425 1430 1432 1434 1435 1436 1438 1439 1440 1441 1442 1444 1445 1447 1450 1451 1453 1455 1457 1459 1463 1464 1465 1467 1468 1469 1470 1473 1474 1475 1477 1478 1479 1481 1482 1483 1484 1485 1486 1487 1492 1493 1495 1496 1500 1501 1502 1503 1504 1508 1509 1510 1511 1512 1513 1514 1515 1516 1517 1518 1519 1520 1522 1523 1524 1525 1526 1530 1531 1532 1533 1534 1535 1536 1537 1538 1539 1541 1542 1543 1545 1546 1548 1550 1551 1552 1553 1554 1555 1556 1557 1559 1561 1562 1563 1565 1567 1568 1569 1570 1571 1572 1574 1576 1580 1582 1583 1585 1586 1587 1588 1589 1590 1591 1596 1597 1598 1599 1600 1601 1602 1603 1604 1605 1607 1611 1612 1613 1614 1617 1619 1622 1626 1627 1628 1629 1630 1631 1633 1635 1638 1639 1640 1641 1642 1643 1644 1645 1646 1648 1649 1651 1654 1655 1656 1657 1658 1661 1662 1664 1665 1666 1669 1671 1672 1673 1674 1675 1680 1681 1682 1683 1684 1685 1686 1687 1688 1690 1691 1692 1694 1696 1697 1698 1700 1702 1704 1705 1706 1707 1708 1709 1711 1712 1713 1715 1716 1719 1721 1723 1725 1726 1727 1729 1730 1731 1732 1735 1736 1740 1742 1743 1744 1745 1746 1747 1748 1749 1752 1759 1760 1761 1762 1764 1765 1768 1769 1770 1771 1775 1776 1777 1778 1780 1781 1782 1783 1785 1787 1788 1789 1792 1804 1805 1806 1809 1819 1820 1821 1825 1830 1831 1832 1833 1834 1835 1836 1839 1840 1841 1842 1847 1848 1849 1850 1851 1856 1862 1863 1865 1867 1872 1873 1874 1879 1881 1882 1887 1889 1890 1898 1899 1902 1903 1904 1905 1906 1907 1912 1913 1914 1918 1919 1920 1922 1923 1924 1928 1929 1930 1931 1934 1935 1936 1939 1940 1941 1946 1947 1948 1949 1950 1951 1952 1956 1957 1958 1959 1965 1966 1967 1972 1973 1974 1975 1976 1981 1982 1987 1988 1989 1990 1991 1996 1997 1998 2003 2004 2005 2006 2007 2012 2013 2014 2015 2017 2018 2019 2020 2021 2022 2023 2027 2028 2029 2030 2031 2036 2037 2038 2039 2040 2045 2046 2047 2048 0
3 4 6 7 8 9 11 12 13 14 15 18 21 22 23 24 27 28 29 0

45
1 2 3 4 5 6 7 8 9 10 11 12 13 14 15 16 17 19 20 22 23 24 25 26 27 28 29 30 31 32 33 34 35 36 37 39 40 41 42 43 44 45 46 47 48 49 51 52 53 55 56 57 58 59 61 64 65 66 69 70 71 72 73 74 75 76 77 79 80 81 84 86 87 88 89 90 97 101 102 103 104 105 106 107 108 109 110 112 113 115 116 118 119 120 121 123 125 126 128 129 131 134 135 136 138 139 140 141 142 144 145 146 147 148 149 150 151 152 153 154 155 156 157 158 159 160 161 163 164 165 166 167 168 169 171 172 173 174 175 176 177 178 179 180 181 182 183 184 185 186 187 188 189 190 191 193 194 195 196 197 198 199 200 202 204 205 206 207 208 209 210 212 213 214 215 216 217 218 219 220 221 222 223 224 225 227 228 229 230 231 232 233 234 235 236 237 238 239 240 241 242 243 244 245 248 250 251 252 253 254 255 256 257 258 259 260 261 262 263 265 266 267 268 269 270 271 272 273 274 275 276 277 278 279 280 281 282 283 284 285 286 287 288 289 290 291 292 293 294 295 297 298 299 300 301 302 303 304 305 306 307 308 309 310 311 312 313 314 315 316 317 318 319 320 321 322 323 325 326 327 328 329 330 331 332 334 335 337 338 339 340 342 343 344 345 346 347 348 350 352 353 354 355 357 358 359 360 361 362 363 364 365 366 368 370 371 372 373 374 375 376 377 378 380 382 383 384 385 386 387 388 389 390 392 393 394 396 397 398 400 401 402 403 404 405 406 407 409 410 412 413 414 416 417 418 419 420 421 422 423 424 426 427 428 429 432 433 434 435 436 437 438 439 440 441 442 443 444 445 446 449 450 451 452 453 455 456 457 458 459 460 461 462 463 465 466 467 468 470 472 473 474 475 476 477 478 479 481 482 483 484 485 486 487 488 490 491 492 493 494 495 496 497 498 499 502 503 504 505 506 507 508 509 510 511 512 513 514 515 516 517 518 519 520 521 522 523 524 525 526 527 528 529 530 532 533 534 535 536 537 538 539 540 541 542 543 544 545 548 549 550 551 552 553 554 555 556 557 558 559 560 561 563 565 566 567 568 569 571 572 573 575 576 577 578 580 581 582 583 584 585 586 588 589 593 594 596 597 598 599 600 601 603 604 605 607 608 610 612 614 615 616 619 620 621 622 624 626 628 629 630 631 632 633 634 635 636 639 640 642 643 644 645 646 647 648 649 650 651 655 656 657 659 660 662 664 667 668 671 672 673 675 676 677 678 679 680 682 683 684 686 688 689 691 692 693 694 695 699 700 701 703 704 705 707 709 710 711 712 714 715 716 717 720 721 722 723 724 725 726 727 728 731 732 733 734 735 736 737 738 739 740 741 742 743 744 746 747 748 749 750 751 752 753 754 755 756 757 759 760 761 767 768 769 770 771 772 773 774 775 776 777 778 779 780 781 782 783 784 785 786 787 788 789 791 792 793 795 796 797 798 800 801 802 803 804 805 806 807 808 809 810 811 812 813 814 815 816 818 819 820 821 822 823 824 825 826 827 828 829 830 831 832 833 834 836 837 838 839 840 841 842 843 845 846 847 848 850 851 852 853 854 856 857 858 859 860 861 862 863 864 867 868 869 871 872 873 876 878 879 881 882 884 885 887 888 889 891 893 894 896 898 899 901 902 904 905 906 908 909 910 911 912 914 915 916 917 919 920 923 925 926 927 928 930 934 935 936 937 939 940 941 942 944 946 947 948 949 950 951 953 955 956 957 959 960 962 963 964 965 966 967 968 969 970 971 972 973 975 976 977 978 979 980 981 982 983 984 985 986 987 988 989 991 992 995 996 997 998 999 1000 1001 1002 1003 1004 1005 1006 1007 1008 1009 1010 1011 1012 1013 1014 1015 1016 1017 1018 1019 1020 1021 1022 1023 1024 1026 1027 1028 1029 1030 1031 1032 1033 1034 1035 1036 1037 1038 1039 1040 1043 1044 1045 1046 1047 1048 1049 1050 1051 1052 1053 1054 1055 1056 1059 1060 1061 1062 1063 1064 1065 1066 1067 1068 1069 1070 1071 1072 1073 1075 1076 1077 1079 1081 1084 1085 1086 1087 1088 1091 1092 1093 1094 1095 1096 1097 1098 1099 1100 1101 1105 1106 1107 1108 1109 1110 1112 1114 1116 1117 1118 1120 1121 1122 1124 1125 1126 1129 1130 1131 1132 1133 1134 1137 1138 1139 1140 1141 1142 1143 1144 1145 1146 1148 1149 1150 1152 1153 1154 1156 1157 1158 1161 1162 1163 1164 1165 1166 1167 1168 1169 1170 1171 1172 1174 1175 1176 1177 1178 1179 1180 1181 1182 1183 1184 1185 1188 1190 1191 1192 1193 1194 1195 1196 1197 1198 1199 1200 1201 1203 1204 1205 1208 1210 1213 1214 1216 1217 1219 1220 1221 1222 1223 1224 1225 1227 1228 1229 1230 1231 1232 1233 1235 1236 1237 1238 1239 1240 1241 1242 1243 1244 1245 1246 1247 1248 1249 1250 1251 1252 1253 1254 1256 1259 1260 1261 1262 1264 1265 1266 1267 1268 1269 1270 1271 1272 1273 1274 1275 1276 1277 1278 1279 1280 1281 1282 1283 1284 1285 1286 1287 1288 1289 1290 1291 1292 1293 1294 1295 1296 1297 1298 1299 1300 1301 1302 1303 1304 1305 1306 1307 1308 1309 1310 1311 1312 1313 1314 1315 1316 1317 1318 1319 1320 1321 1322 1323 1324 1325 1326 1327 1328 1329 1330 1333 1334 1335 1337 1338 1339 1340 1341 1342 1343 1344 1345 1346 1347 1348 1350 1351 1352 1353 1354 1355 1356 1360 1361 1362 1364 1368 1369 1370 1371 1372 1373 1376 1378 1380 1381 1382 1385 1386 1387 1388 1391 1393 1394 1396 1397 1398 1399 1400 1401 1402 1403 1405 1406 1407 1410 1412 1413 1415 1416 1417 1419 1421 1422 1423 1424 1425 1426 1427 1428 1431 1432 1434 1435 1436 1437 1438 1439 1440 1441 1442 1443 1444 1445 1446 1447 1448 1450 1451 1452 1453 1454 1456 1457 1458 1459 1460 1461 1462 1463 1464 1465 1466 1467 1468 1469 1470 1471 1472 1473 1474 1475 1477 1479 1481 1482 1483 1484 1485 1486 1487 1488 1489 1490 1493 1494 1495 1496 1497 1498 1499 1500 1502 1503 1504 1505 1506 1507 1508 1509 1510 1511 1512 1513 1515 1516 1517 1518 1520 1521 1522 1523 1524 1525 1526 1527 1528 1529 1530 1531 1532 1533 1534 1535 1536 1537 1538 1539 1540 1541 1542 1543 1545 1546 1547 1548 1549 1550 1551 1552 1553 1554 1555 1556 1557 1558 1559 1560 1561 1562 1563 1564 1565 1566 1567 1568 1569 1570 1571 1572 1573 1574 1575 1576 1577 1578 1579 1580 1582 1583 1584 1585 1586 1587 1588 1589 1590 1591 1592 1593 1594 1595 1596 1597 1598 1599 1600 1601 1602 1603 1604 1605 1607 1608 1609 1610 1611 1612 1614 1616 1617 1618 1619 1620 1622 1623 1624 1625 1626 1627 1630 1632 1633 1634 1635 1636 1637 1639 1640 1641 1642 1643 1646 1647 1649 1652 1653 1654 1656 1657 1658 1659 1660 1662 1663 1664 1665 1667 1668 1669 1670 1671 1672 1673 1676 1677 1678 1679 1680 1681 1682 1683 1684 1685 1686 1687 1688 1689 1690 1691 1692 1693 1694 1695 1696 1697 1698 1699 1700 1701 1702 1703 1704 1705 1706 1707 1708 1709 1710 1711 1712 1713 1714 1715 1717 1718 1719 1720 1722 1724 1725 1726 1728 1729 1730 1731 1732 1733 1734 1735 1736 1738 1739 1741 1742 1743 1744 1745 1747 1748 1749 1750 1751 1753 1754 1755 1756 1757 1758 1759 1760 1761 1762 1763 1764 1765 1768 1769 1770 1771 1775 1776 1777 1779 1780 1781 1783 1784 1786 1787 1788 1789 1790 1791 1792 1793 1796 1797 1798 1799 1800 1801 1802 1803 1804 1805 1806 1807 1808 1809 1812 1813 1814 1815 1818 1819 1820 1821 1822 1823 1824 1825 1828 1829 1830 1831 1832 1834 1835 1836 1837 1840 1841 1844 1846 1847 1848 1850 1851 1853 1854 1855 1857 1858 1864 1865 1866 1870 1871 1872 1873 1875 1880 1881 1883 1884 1887 1888 1891 1895 1897 1898 1899 1900 1901 1903 1904 1907 1908 1910 1911 1913 1914 1915 1917 1920 1923 1924 1926 1927 1928 1929 1931 1932 1933 1936 1937 1938 1939 1943 1944 1945 1947 1948 1949 1950 1952 1953 1954 1956 1957 1959 1960 1961 1962 1963 1964 1966 1968 1969 1970 1971 1972 1973 1974 1975 1976 1977 1978 1979 1980 1981 1985 1986 1987 1988 1989 1990 1991 1992 1993 1994 1995 1996 1997 1998 2001 2002 2003 2004 2005 2006 2007 2009 2011 2012 2013 2014 2016 2017 2018 2019 2020 2021 2022 2023 2024 2026 2028 2030 2032 2034 2036 2041 2042 2043 2044 2047 2048 0
2 3 4 5 6 7 8 9 10 11 12 13 14 15 16 18 19 20 21 23 24 27 28 30 31 0

46
1 2 3 6 7 8 9 10 11 12 15 16 17 18 19 20 22 23 24 25 26 27 28 30 31 32 33 34 35 36 37 38 39 40 41 42 43 44 45 46 47 48 49 50 51 52 53 54 55 56 58 59 60 61 62 63 64 65 66 67 68 69 70 71 72 73 74 75 76 77 78 79 80 81 82 83 84 85 86 87 88 89 90 91 92 93 94 95 96 97 98 99 100 101 102 103 104 105 106 107 108 109 110 111 112 113 114 115 116 117 118 119 120 121 122 123 124 125 126 127 128 129 130 131 132 133 134 135 136 137 138 139 140 141 142 143 144 145 146 147 148 149 150 151 152 153 154 155 156 157 158 159 160 161 162 164 165 166 167 168 169 170 171 172 173 174 175 176 177 179 180 181 182 183 184 185 186 187 188 189 190 191 192 193 194 195 196 197 198 199 200 201 202 203 204 205 206 207 208 209 210 211 212 214 215 216 217 218 219 220 221 222 223 224 225 226 227 228 229 230 232 233 234 235 236 237 238 239 240 241 242 243 244 245 246 247 248 249 250 251 252 253 254 255 256 257 258 259 260 261 262 263 264 265 266 267 268 269 270 271 272 273 274 275 276 277 278 280 281 282 283 284 285 287 288 289 290 291 292 294 297 298 299 300 301 303 304 305 306 307 308 309 311 312 313 314 315 316 317 318 319 320 321 322 323 324 325 326 327 328 329 330 331 332 333 334 335 336 337 338 339 340 341 342 343 344 345 346 347 348 349 350 351 352 353 354 355 356 357 358 359 360 361 362 363 364 365 366 367 368 369 370 371 372 373 374 375 376 377 378 379 380 381 382 383 384 385 386 387 388 389 390 391 392 393 394 395 396 397 398 399 400 401 402 403 404 405 406 407 408 409 410 411 412 413 414 415 416 417 418 419 420 421 422 423 425 426 427 429 430 431 432 433 434 435 436 437 438 439 440 441 442 443 444 445 446 447 448 449 451 452 453 454 456 457 458 459 460 461 462 463 464 465 466 467 468 469 470 471 473 474 475 476 477 478 479 480 481 482 483 484 485 486 488 489 490 491 492 493 494 495 496 497 498 499 500 501 502 503 504 506 507 508 509 510 511 512 513 514 515 516 517 518 519 520 521 522 523 524 525 526 527 528 529 530 532 533 534 535 536 538 539 540 541 542 543 544 545 546 547 548 549 550 551 552 554 555 556 557 558 560 561 562 563 564 565 566 567 569 570 571 572 573 574 575 576 577 578 579 580 581 582 583 584 585 586 587 588 589 590 591 592 593 594 595 596 597 599 600 601 602 603 604 606 607 608 609 610 611 612 613 614 615 616 617 618 619 620 621 622 623 624 625 626 627 628 629 630 631 632 633 634 635 636 637 638 639 640 641 642 643 644 645 646 647 648 649 650 651 652 653 654 655 656 657 658 659 660 661 662 663 664 665 666 667 668 669 670 671 672 673 674 675 676 677 678 679 680 681 682 683 684 685 686 687 688 689 691 692 693 694 695 696 697 698 699 700 701 702 704 705 706 707 708 709 710 711 712 713 714 715 716 717 718 719 720 721 722 723 724 725 726 727 728 729 730 731 732 733 734 735 736 737 738 739 740 741 742 743 744 745 746 747 748 749 750 751 752 753 754 755 756 757 758 759 760 761 762 763 764 765 766 767 768 769 770 771 772 773 774 775 776 777 778 779 780 781 782 783 784 785 786 787 789 790 791 792 794 795 796 797 798 799 800 802 803 804 805 806 807 809 810 811 812 813 814 815 816 817 818 819 820 821 822 823 824 825 826 827 828 829 830 831 832 833 834 835 836 837 838 839 840 841 842 843 844 845 846 847 848 849 850 851 852 853 855 856 857 858 859 860 861 862 863 864 865 866 867 868 869 870 871 872 873 874 875 876 877 878 879 880 881 882 883 884 885 886 887 888 889 890 892 893 894 895 896 897 898 899 900 901 902 903 904 906 907 908 909 910 911 912 913 914 915 916 917 918 919 920 921 922 923 924 925 926 927 928 929 930 931 932 933 934 935 936 937 938 939 940 941 942 943 944 945 946 947 948 949 950 951 952 953 954 955 956 957 958 959 960 961 962 965 966 967 968 969 970 971 972 973 974 975 976 977 979 980 981 982 983 984 985 986 987 988 989 990 991 992 993 994 995 996 997 998 999 1002 1003 1004 1005 1006 1007 1008 1009 1010 1011 1012 1013 1014 1015 1016 1017 1018 1019 1020 1021 1022 1023 1024 1026 1028 1029 1030 1031 1032 1033 1035 1036 1037 1038 1039 1040 1041 1042 1043 1044 1045 1046 1047 1048 1049 1050 1051 1053 1054 1055 1056 1057 1058 1059 1060 1061 1062 1063 1064 1065 1066 1067 1068 1069 1070 1073 1074 1075 1077 1078 1079 1080 1081 1082 1083 1084 1085 1086 1087 1089 1090 1091 1093 1094 1095 1096 1097 1098 1099 1100 1101 1102 1103 1104 1105 1106 1107 1108 1109 1110 1111 1112 1113 1114 1115 1116 1117 1118 1119 1120 1121 1122 1123 1124 1125 1126 1127 1128 1129 1130 1131 1132 1133 1134 1135 1136 1137 1138 1139 1140 1141 1142 1143 1144 1145 1146 1147 1148 1149 1150 1151 1152 1153 1154 1155 1156 1157 1158 1159 1160 1161 1162 1163 1164 1165 1166 1167 1168 1170 1171 1172 1173 1174 1175 1176 1177 1178 1179 1180 1181 1182 1183 1184 1185 1186 1187 1188 1189 1190 1191 1192 1193 1194 1195 1196 1197 1198 1199 1200 1201 1202 1203 1204 1205 1206 1207 1208 1209 1210 1211 1212 1213 1214 1215 1216 1217 1218 1219 1220 1221 1222 1223 1224 1225 1226 1227 1228 1229 1230 1231 1232 1234 1235 1236 1237 1238 1239 1240 1241 1242 1243 1244 1245 1246 1247 1248 1249 1250 1251 1252 1253 1254 1255 1256 1257 1258 1259 1260 1261 1262 1263 1264 1265 1266 1267 1268 1269 1270 1271 1272 1273 1274 1275 1276 1277 1278 1279 1280 1281 1282 1283 1284 1285 1286 1287 1288 1289 1290 1291 1292 1293 1294 1295 1296 1297 1298 1299 1300 1301 1302 1303 1304 1305 1306 1307 1308 1309 1310 1311 1312 1313 1314 1315 1316 1317 1318 1319 1320 1321 1322 1323 1324 1325 1326 1327 1328 1329 1330 1331 1332 1333 1334 1335 1336 1337 1338 1339 1340 1341 1342 1343 1344 1345 1346 1347 1348 1349 1350 1351 1352 1353 1354 1355 1356 1357 1358 1359 1360 1361 1362 1363 1364 1365 1366 1368 1369 1370 1371 1372 1373 1374 1375 1376 1377 1379 1380 1381 1382 1383 1384 1385 1386 1387 1388 1389 1390 1391 1392 1393 1394 1395 1396 1397 1399 1400 1401 1402 1403 1404 1405 1406 1407 1408 1409 1410 1411 1412 1413 1414 1415 1416 1417 1418 1419 1420 1421 1422 1423 1424 1425 1426 1427 1428 1429 1430 1431 1432 1433 1434 1435 1436 1437 1438 1439 1440 1441 1442 1443 1444 1445 1446 1447 1448 1449 1450 1451 1452 1453 1454 1455 1456 1457 1458 1459 1460 1461 1462 1463 1464 1465 1466 1467 1468 1469 1470 1471 1472 1473 1474 1475 1476 1477 1478 1479 1480 1481 1482 1483 1484 1485 1486 1487 1488 1489 1490 1491 1493 1494 1495 1496 1497 1498 1499 1500 1501 1502 1503 1504 1505 1506 1508 1509 1510 1511 1512 1513 1514 1515 1516 1517 1518 1519 1520 1521 1522 1523 1524 1525 1526 1527 1528 1529 1530 1531 1532 1533 1534 1535 1536 1537 1538 1539 1541 1542 1543 1544 1545 1546 1548 1549 1550 1551 1552 1553 1554 1555 1556 1557 1558 1559 1560 1561 1562 1563 1564 1565 1566 1568 1569 1570 1571 1572 1573 1575 1576 1577 1578 1579 1580 1581 1582 1583 1584 1585 1586 1587 1588 1589 1590 1591 1592 1593 1594 1595 1596 1597 1598 1599 1600 1601 1602 1603 1604 1605 1606 1607 1608 1609 1610 1611 1612 1613 1614 1615 1616 1617 1618 1619 1620 1621 1622 1623 1624 1625 1626 1627 1628 1630 1631 1632 1633 1634 1635 1636 1637 1638 1639 1640 1641 1642 1643 1644 1645 1646 1647 1648 1649 1650 1651 1652 1653 1654 1655 1656 1657 1658 1659 1660 1661 1662 1663 1664 1665 1666 1667 1668 1669 1670 1671 1672 1673 1674 1675 1676 1677 1678 1679 1680 1681 1682 1683 1684 1685 1686 1687 1688 1689 1690 1691 1692 1694 1695 1696 1697 1698 1699 1700 1701 1702 1703 1704 1705 1707 1708 1709 1710 1711 1712 1713 1715 1716 1717 1718 1719 1720 1721 1722 1724 1725 1726 1727 1728 1729 1731 1732 1733 1734 1735 1736 1737 1738 1740 1741 1742 1743 1744 1745 1747 1748 1749 1750 1751 1752 1753 1754 1755 1756 1757 1758 1759 1760 1761 1762 1764 1765 1766 1767 1768 1769 1770 1771 1772 1773 1774 1775 1776 1777 1778 1780 1781 1782 1783 1784 1786 1787 1788 1789 1790 1791 1792 1793 1794 1795 1796 1797 1798 1799 1800 1801 1802 1803 1804 1805 1806 1807 1808 1809 1810 1811 1812 1813 1814 1815 1816 1817 1818 1819 1820 1821 1822 1823 1824 1825 1826 1827 1828 1829 1830 1831 1832 1833 1834 1835 1836 1838 1839 1840 1841 1842 1843 1844 1845 1847 1849 1850 1851 1852 1853 1854 1855 1856 1857 1858 1860 1861 1862 1863 1864 1865 1866 1867 1868 1869 1870 1871 1872 1874 1875 1876 1877 1878 1881 1882 1883 1884 1885 1886 1887 1888 1890 1891 1892 1893 1894 1895 1896 1897 1898 1900 1901 1902 1903 1904 1905 1906 1907 1908 1909 1910 1911 1912 1913 1914 1915 1916 1917 1918 1919 1920 1921 1922 1923 1924 1925 1926 1927 1928 1929 1930 1931 1932 1933 1934 1935 1936 1937 1938 1939 1940 1941 1942 1943 1944 1945 1946 1947 1948 1949 1950 1951 1952 1954 1955 1956 1957 1958 1959 1960 1961 1962 1964 1965 1966 1967 1968 1970 1971 1972 1973 1974 1975 1976 1978 1979 1980 1981 1982 1983 1984 1986 1987 1989 1990 1991 1992 1993 1994 1995 1996 1997 1998 1999 2000 2002 2003 2004 2005 2006 2007 2008 2009 2010 2011 2012 2013 2014 2015 2016 2017 2018 2019 2020 2021 2022 2023 2024 2025 2026 2027 2028 2029 2030 2031 2032 2034 2035 2036 2037 2038 2039 2040 2043 2044 2045 2046 2047 2048 0
1 2 3 4 5 7 8 9 11 13 14 15 16 17 18 19 20 21 23 24 26 27 28 31 32 0

47
1 2 3 4 5 6 8 9 11 12 13 14 15 16 17 18 19 23 24 25 31 32 33 38 39 40 43 44 48 49 52 54 55 59 61 64 65 67 70 71 72 73 74 75 77 78 81 83 84 85 86 87 88 90 92 93 94 97 99 100 101 102 103 104 105 106 107 108 109 110 111 113 115 116 117 118 120 121 122 123 124 125 126 127 129 131 135 136 137 139 141 142 143 145 146 147 149 150 152 153 154 155 156 157 158 159 160 161 162 164 165 166 167 168 170 171 172 173 175 177 178 179 180 181 182 183 184 185 186 187 188 189 191 192 193 194 195 196 197 198 199 200 201 202 203 205 207 208 209 210 212 213 214 215 217 218 219 220 221 222 223 224 225 226 227 228 229 231 232 233 234 235 236 237 238 240 241 242 243 244 245 246 247 248 249 250 252 253 254 255 256 257 260 262 264 265 266 267 268 269 270 271 273 276 280 281 284 285 287 288 289 291 294 295 296 297 298 299 303 304 305 306 309 310 311 312 313 314 315 316 318 319 320 321 324 325 326 327 328 329 330 331 332 333 335 336 337 340 341 342 343 344 347 348 349 352 353 354 355 356 357 358 359 360 361 363 364 366 368 369 370 371 372 373 374 378 380 381 382 383 384 385 387 388 389 391 393 394 395 396 398 400 401 402 403 404 405 406 408 409 411 413 414 417 418 419 420 421 422 423 424 426 427 428 429 430 432 433 434 435 438 439 441 442 443 444 445 446 447 448 449 450 451 452 453 454 455 457 458 459 460 461 462 463 464 465 466 467 470 472 473 474 477 478 479 480 481 482 483 486 487 488 489 490 491 492 493 494 495 496 497 498 499 500 501 503 504 505 506 507 508 509 510 511 512 513 514 515 516 520 522 523 525 526 528 530 531 532 533 534 538 539 546 547 548 549 550 554 555 557 558 561 563 564 566 568 569 570 572 573 574 575 577 578 581 582 583 584 585 586 587 588 591 596 597 598 599 600 601 602 603 604 605 606 609 610 611 612 613 614 616 617 618 619 620 621 622 625 628 629 630 631 632 634 635 636 637 638 640 641 644 645 648 650 652 653 654 655 660 664 665 666 668 669 670 671 673 676 677 678 679 680 682 683 684 685 687 688 690 691 692 694 695 696 697 698 702 703 704 705 706 707 708 709 711 712 713 714 715 716 718 719 720 721 722 723 724 725 726 728 729 730 731 733 734 735 737 738 740 741 742 743 744 745 747 748 749 750 751 752 753 754 755 756 758 759 761 765 766 767 768 769 770 771 772 773 774 775 776 777 778 779 780 781 782 783 784 786 787 788 789 795 796 797 798 799 801 803 804 805 806 807 808 809 810 811 813 814 815 816 820 821 823 824 825 826 827 828 829 830 833 834 835 837 839 840 841 842 843 844 846 847 848 852 853 854 855 857 858 859 861 862 864 865 867 869 870 871 872 873 874 875 878 879 880 883 884 885 887 888 889 890 894 895 896 899 900 901 902 903 904 905 906 908 909 910 911 912 914 916 917 919 920 921 922 923 924 927 930 932 933 934 935 936 937 938 939 940 941 942 943 944 946 947 948 949 950 951 952 953 954 955 956 957 958 959 960 961 962 963 964 965 966 968 969 970 971 973 975 976 977 979 981 982 983 984 985 986 987 988 989 990 991 994 995 996 997 998 999 1000 1001 1002 1003 1004 1005 1006 1007 1008 1009 1010 1011 1012 1013 1014 1015 1016 1017 1018 1019 1020 1021 1022 1023 1024 1029 1030 1031 1032 1040 1041 1042 1043 1044 1045 1046 1047 1048 1049 1057 1058 1060 1061 1062 1063 1065 1066 1073 1075 1076 1077 1078 1079 1081 1082 1083 1084 1085 1086 1089 1090 1091 1092 1094 1096 1097 1098 1099 1100 1101 1102 1103 1104 1105 1106 1107 1109 1111 1112 1113 1114 1115 1117 1118 1119 1120 1121 1122 1123 1124 1125 1127 1128 1129 1130 1131 1132 1134 1137 1138 1139 1141 1142 1143 1144 1145 1146 1148 1149 1150 1153 1155 1156 1157 1158 1159 1160 1161 1162 1163 1164 1165 1166 1167 1169 1172 1173 1174 1176 1177 1178 1179 1180 1181 1182 1183 1185 1189 1190 1192 1193 1194 1195 1196 1197 1198 1200 1201 1202 1207 1208 1209 1210 1211 1212 1215 1216 1217 1218 1219 1220 1221 1223 1225 1226 1227 1228 1229 1230 1232 1233 1234 1235 1236 1237 1239 1240 1242 1243 1244 1245 1246 1247 1248 1249 1250 1252 1253 1254 1255 1258 1259 1260 1261 1262 1264 1265 1266 1267 1268 1269 1270 1271 1272 1273 1274 1275 1276 1277 1278 1279 1280 1282 1283 1284 1285 1286 1287 1288 1290 1291 1292 1293 1294 1295 1296 1297 1305 1314 1315 1316 1319 1320 1321 1322 1323 1324 1328 1329 1333 1334 1335 1336 1337 1338 1339 1346 1348 1349 1350 1351 1352 1353 1354 1355 1356 1357 1361 1366 1368 1369 1371 1372 1373 1377 1383 1384 1385 1386 1388 1392 1393 1395 1396 1397 1398 1399 1400 1401 1404 1405 1407 1408 1409 1412 1413 1414 1417 1418 1419 1420 1421 1424 1425 1428 1429 1430 1431 1432 1433 1437 1438 1440 1441 1445 1446 1447 1448 1449 1450 1451 1453 1454 1456 1457 1459 1460 1461 1463 1464 1465 1466 1467 1468 1469 1470 1472 1473 1474 1475 1476 1477 1479 1480 1481 1482 1484 1485 1488 1489 1490 1491 1492 1493 1494 1495 1496 1497 1498 1503 1504 1505 1507 1508 1509 1510 1511 1512 1515 1518 1519 1520 1521 1522 1523 1524 1525 1526 1527 1528 1529 1530 1531 1532 1533 1534 1535 1536 1537 1538 1539 1540 1541 1543 1544 1546 1552 1554 1555 1556 1557 1558 1559 1560 1565 1566 1569 1570 1571 1572 1573 1574 1576 1579 1580 1585 1587 1593 1594 1595 1596 1597 1598 1599 1601 1602 1603 1604 1605 1606 1607 1608 1609 1610 1611 1612 1613 1614 1615 1616 1617 1618 1620 1621 1622 1623 1624 1625 1626 1627 1628 1629 1630 1631 1632 1633 1636 1637 1638 1639 1640 1642 1643 1645 1646 1649 1650 1651 1652 1653 1654 1655 1656 1658 1659 1660 1661 1662 1664 1665 1667 1668 1669 1670 1671 1672 1673 1674 1675 1676 1677 1678 1679 1680 1681 1684 1685 1686 1687 1688 1689 1690 1691 1692 1694 1696 1697 1700 1701 1702 1703 1704 1705 1706 1707 1708 1709 1711 1712 1713 1714 1715 1716 1717 1718 1719 1720 1721 1722 1723 1724 1726 1727 1728 1729 1730 1731 1732 1734 1736 1737 1738 1739 1740 1741 1742 1743 1744 1745 1746 1747 1748 1749 1751 1753 1756 1758 1759 1761 1762 1763 1764 1765 1768 1769 1771 1775 1776 1777 1778 1779 1780 1781 1782 1783 1785 1786 1787 1788 1789 1790 1791 1792 1794 1795 1797 1798 1799 1800 1810 1814 1815 1816 1817 1825 1827 1828 1830 1831 1842 1843 1844 1849 1850 1852 1853 1854 1859 1864 1865 1866 1867 1868 1869 1870 1871 1872 1873 1874 1875 1878 1881 1882 1883 1884 1885 1888 1889 1891 1895 1896 1899 1900 1901 1902 1905 1906 1911 1916 1917 1918 1919 1921 1922 1923 1924 1925 1926 1933 1934 1935 1937 1938 1940 1941 1944 1950 1954 1956 1957 1958 1959 1960 1961 1962 1963 1964 1967 1969 1972 1973 1974 1975 1976 1977 1980 1982 1983 1984 1985 1986 1987 1988 1989 1991 1992 1993 1994 1995 1998 2001 2003 2004 2005 2007 2008 2009 2010 2011 2012 2014 2015 2016 2017 2018 2019 2020 2021 2022 2025 2028 2029 2030 2031 2032 2036 2037 2038 2041 2046 2047 2048 0
1 2 3 4 5 6 8 10 11 12 13 15 21 22 23 25 32 0

48
1 2 4 6 7 9 10 11 12 13 15 16 17 18 21 22 24 25 27 30 31 32 33 34 37 39 40 41 42 43 44 45 48 49 50 51 53 54 58 59 60 61 65 66 67 68 69 70 71 73 74 75 76 77 78 79 80 81 82 83 84 86 87 88 89 90 91 92 93 94 96 97 98 99 100 101 102 103 104 106 107 108 109 111 112 113 114 115 118 119 121 122 124 125 127 129 130 134 135 136 140 141 143 144 145 147 148 149 150 151 152 153 155 156 161 163 165 166 168 169 170 171 172 173 174 177 178 180 181 183 185 186 187 188 189 190 191 192 193 194 195 196 197 198 199 200 203 204 205 206 207 208 209 210 212 214 216 218 219 220 221 222 223 224 225 226 227 228 230 232 234 235 237 238 240 241 242 244 245 246 247 248 249 250 253 254 255 256 257 258 259 260 261 263 267 268 269 270 271 272 273 280 283 286 288 289 292 294 295 296 298 300 302 303 304 305 309 310 312 313 314 315 317 318 320 321 322 323 324 325 326 327 328 329 330 331 332 333 334 336 337 338 341 342 343 344 346 347 349 350 353 356 358 359 360 361 363 366 367 368 369 370 371 372 373 374 375 376 377 378 379 381 382 384 385 386 389 390 391 392 394 395 396 397 398 400 401 404 405 406 407 409 410 411 412 413 414 416 417 419 420 421 422 423 424 425 426 427 428 429 430 432 433 435 437 438 439 440 441 443 444 445 446 447 448 449 453 454 455 458 459 460 461 463 464 465 466 468 470 471 472 475 476 477 478 479 480 481 482 486 487 488 489 490 491 492 493 496 497 498 499 500 501 502 503 504 505 506 507 508 509 510 511 512 513 514 515 516 517 520 523 524 525 526 527 528 529 533 534 535 536 537 538 539 540 541 545 551 554 555 560 561 566 567 568 569 570 571 572 573 574 576 577 580 581 583 584 585 586 587 588 592 593 595 596 597 599 600 602 603 604 605 606 607 609 611 612 614 615 616 618 620 621 626 627 629 630 632 633 636 637 641 642 643 644 645 648 649 651 653 657 658 659 660 661 662 663 664 665 666 667 668 669 670 673 675 676 677 679 680 681 682 683 684 687 689 691 692 693 694 695 697 698 700 701 702 705 706 708 709 710 711 712 713 716 717 718 720 721 722 725 726 727 728 730 732 733 734 735 737 738 741 742 743 745 746 748 750 753 754 755 756 760 764 765 766 767 769 770 771 772 773 774 775 776 777 778 779 780 781 782 783 784 785 787 788 789 791 792 797 798 799 800 801 804 807 808 809 810 811 814 815 816 817 818 819 821 822 823 824 825 826 827 828 829 830 831 832 833 834 835 836 837 838 839 840 841 842 844 845 850 851 853 854 855 856 857 858 859 860 861 863 864 865 866 867 868 869 870 871 872 873 875 876 878 880 883 884 885 886 887 888 889 890 891 892 893 895 896 897 898 899 900 901 903 904 905 906 907 908 912 913 914 915 916 917 922 925 927 928 929 930 931 933 934 935 936 937 938 939 940 941 942 943 944 950 951 952 953 954 955 956 958 962 963 965 967 968 969 970 971 973 974 975 976 978 979 980 981 982 983 984 985 986 987 988 989 990 991 993 994 995 996 997 998 999 1000 1001 1002 1003 1004 1005 1006 1007 1008 1009 1010 1011 1012 1013 1014 1015 1016 1017 1018 1019 1020 1021 1022 1023 1024 1025 1031 1032 1034 1035 1036 1040 1041 1046 1047 1048 1049 1050 1051 1052 1063 1064 1065 1066 1067 1068 1069 1073 1079 1080 1081 1082 1084 1089 1092 1093 1094 1095 1096 1097 1098 1099 1100 1105 1106 1107 1109 1112 1113 1114 1115 1116 1117 1118 1119 1122 1123 1124 1125 1126 1127 1128 1131 1133 1134 1137 1138 1139 1140 1142 1143 1144 1147 1148 1149 1153 1154 1155 1156 1157 1158 1159 1162 1163 1164 1165 1166 1168 1169 1170 1171 1172 1173 1175 1176 1177 1178 1179 1181 1182 1183 1187 1188 1189 1190 1191 1192 1193 1196 1197 1200 1201 1203 1204 1205 1206 1207 1208 1209 1210 1211 1212 1214 1217 1219 1220 1221 1223 1224 1225 1226 1227 1229 1233 1234 1235 1237 1238 1244 1246 1247 1248 1249 1250 1251 1252 1253 1254 1256 1257 1258 1259 1260 1261 1262 1263 1264 1265 1266 1267 1268 1269 1270 1271 1272 1273 1274 1275 1276 1277 1278 1279 1280 1281 1282 1283 1285 1286 1287 1288 1289 1290 1291 1292 1293 1294 1296 1297 1299 1300 1301 1303 1304 1305 1306 1310 1312 1313 1318 1320 1325 1328 1329 1332 1335 1336 1337 1338 1339 1341 1342 1343 1344 1345 1347 1348 1349 1350 1351 1352 1353 1354 1355 1356 1357 1360 1361 1364 1366 1367 1368 1369 1370 1371 1372 1373 1377 1379 1380 1381 1383 1384 1385 1386 1387 1388 1389 1392 1393 1396 1398 1399 1400 1401 1402 1403 1405 1406 1407 1408 1409 1410 1411 1412 1413 1417 1419 1420 1421 1422 1424 1425 1426 1427 1428 1429 1436 1437 1439 1440 1441 1444 1445 1446 1447 1451 1452 1453 1454 1456 1457 1458 1459 1460 1461 1463 1464 1465 1466 1467 1468 1472 1473 1476 1477 1478 1479 1480 1481 1482 1483 1484 1485 1486 1487 1488 1489 1491 1492 1493 1495 1496 1497 1498 1499 1500 1501 1503 1505 1506 1508 1509 1510 1511 1512 1513 1514 1515 1517 1520 1521 1522 1523 1524 1525 1526 1527 1528 1529 1530 1531 1532 1533 1534 1535 1536 1537 1539 1541 1543 1544 1545 1546 1547 1548 1550 1552 1553 1557 1558 1559 1560 1562 1563 1564 1568 1569 1574 1575 1576 1577 1578 1579 1580 1581 1583 1584 1585 1586 1589 1590 1591 1592 1593 1594 1595 1597 1600 1601 1602 1603 1604 1605 1606 1607 1608 1610 1612 1614 1615 1616 1617 1618 1619 1622 1623 1626 1627 1628 1629 1631 1632 1633 1634 1637 1638 1640 1644 1646 1649 1650 1651 1653 1655 1656 1657 1659 1661 1662 1665 1667 1668 1669 1670 1673 1675 1676 1677 1678 1680 1681 1682 1683 1684 1685 1686 1687 1689 1690 1691 1692 1693 1694 1695 1696 1697 1699 1700 1701 1702 1703 1705 1706 1707 1708 1711 1712 1713 1714 1715 1716 1717 1718 1719 1720 1723 1724 1726 1727 1728 1729 1730 1733 1735 1736 1737 1738 1739 1740 1741 1742 1743 1745 1746 1747 1750 1751 1752 1754 1755 1756 1757 1758 1759 1760 1761 1762 1765 1768 1769 1770 1771 1773 1774 1775 1776 1777 1780 1781 1782 1783 1784 1785 1786 1788 1791 1792 1793 1798 1799 1800 1801 1802 1803 1804 1809 1810 1814 1815 1816 1817 1818 1819 1820 1825 1826 1831 1832 1833 1834 1835 1837 1840 1846 1850 1851 1852 1855 1856 1857 1859 1860 1861 1863 1864 1869 1872 1875 1878 1881 1882 1883 1884 1885 1888 1891 1894 1895 1896 1897 1898 1900 1901 1907 1908 1910 1913 1914 1917 1918 1921 1923 1924 1925 1930 1931 1932 1933 1934 1937 1938 1939 1940 1942 1945 1946 1950 1951 1952 1953 1954 1955 1956 1957 1960 1963 1968 1969 1970 1972 1973 1974 1984 1985 1989 1990 1991 1992 1993 1994 1995 1998 1999 2000 2001 2002 2003 2004 2005 2006 2007 2008 2009 2010 2011 2012 2013 2014 2015 2016 2018 2019 2020 2021 2022 2027 2029 2030 2031 2032 2034 2041 2045 2046 2047 2048 0
1 2 3 5 6 11 13 16 19 21 23 24 25 29 30 0

49
1 2 3 4 5 9 10 11 13 14 15 16 17 18 19 20 21 22 23 24 25 26 27 28 29 30 31 32 33 34 35 36 37 38 40 41 42 43 44 46 47 48 49 50 51 52 53 54 55 56 58 59 60 61 62 63 64 65 66 67 68 69 70 71 72 73 74 75 76 77 78 79 80 81 82 83 84 85 86 89 90 91 93 94 95 96 97 98 99 100 102 103 105 106 107 108 110 111 112 113 114 115 116 117 118 119 120 122 123 124 125 126 127 128 129 131 132 135 137 138 141 142 143 144 145 146 147 148 149 150 151 153 155 157 158 159 161 162 163 165 166 167 169 170 171 172 173 174 175 177 179 180 181 182 183 184 185 188 189 191 192 193 194 195 199 201 207 209 210 213 214 218 219 221 222 224 225 226 227 228 229 231 233 234 235 237 238 239 240 241 243 244 245 246 247 248 249 250 251 252 253 254 255 256 257 258 259 260 261 263 264 265 267 268 269 270 271 272 273 276 277 278 280 283 284 285 286 288 289 290 293 296 299 300 304 305 306 307 309 312 313 315 316 318 320 321 322 323 325 326 327 328 329 330 332 334 336 337 338 340 341 342 343 344 346 347 349 350 352 353 354 356 358 360 361 363 364 365 366 368 369 370 371 372 373 374 377 379 380 382 384 385 386 387 388 389 390 391 392 393 394 396 398 400 401 402 404 405 409 411 412 414 415 416 417 419 420 421 422 423 426 427 428 429 432 433 434 437 440 441 442 443 444 448 449 450 456 457 458 459 460 461 463 464 465 468 469 470 472 474 476 477 478 480 481 483 484 485 486 487 489 491 492 493 494 495 496 497 498 499 500 501 502 503 507 508 512 513 516 518 520 521 522 523 524 528 529 531 532 533 534 535 536 537 538 539 540 545 548 549 550 551 552 553 554 555 556 557 558 561 562 563 564 565 566 567 568 569 570 571 572 573 574 575 577 578 579 582 583 584 586 588 589 590 591 593 594 595 597 598 599 600 601 602 606 610 611 613 616 617 618 621 626 628 629 630 631 632 633 635 636 637 646 647 648 649 657 660 662 663 664 665 666 668 669 671 672 678 679 680 681 685 686 687 688 689 692 693 695 696 700 701 702 703 704 706 707 708 709 710 711 713 716 717 718 719 720 722 723 724 725 726 730 731 732 733 734 735 738 739 740 741 745 752 754 755 756 757 765 767 768 769 770 771 772 773 774 775 776 777 778 779 780 781 782 783 784 787 788 789 793 794 795 796 797 798 799 800 801 802 803 804 805 806 808 809 810 811 812 813 814 815 816 817 818 821 822 823 824 825 826 828 829 830 831 832 834 835 838 839 840 841 843 845 846 847 848 849 854 855 856 857 858 859 860 861 865 866 870 871 872 873 874 875 879 880 881 884 886 887 888 890 891 892 893 896 898 901 902 903 904 905 906 907 908 911 912 914 915 916 917 918 919 920 921 922 923 924 926 927 928 930 931 932 933 935 936 937 938 939 940 943 944 946 949 950 953 954 955 957 958 964 965 966 967 968 969 970 971 973 974 976 978 979 981 982 983 984 985 988 989 991 993 994 995 996 997 999 1000 1001 1003 1007 1008 1009 1010 1011 1012 1013 1014 1015 1016 1017 1018 1019 1020 1021 1022 1023 1024 1025 1027 1029 1031 1037 1038 1039 1041 1042 1044 1046 1047 1048 1049 1052 1055 1056 1057 1058 1059 1060 1061 1062 1064 1068 1071 1072 1073 1074 1075 1078 1085 1088 1090 1093 1094 1095 1096 1097 1103 1104 1105 1107 1108 1109 1110 1111 1112 1113 1115 1116 1117 1118 1121 1122 1125 1128 1129 1131 1133 1136 1137 1139 1140 1142 1143 1144 1145 1146 1147 1148 1152 1153 1154 1155 1156 1157 1158 1159 1160 1161 1162 1163 1164 1168 1169 1170 1171 1172 1173 1174 1175 1176 1177 1178 1180 1181 1183 1184 1185 1187 1188 1189 1190 1191 1192 1193 1195 1196 1197 1198 1199 1200 1201 1206 1208 1209 1210 1212 1213 1214 1215 1217 1218 1219 1220 1221 1222 1223 1224 1228 1229 1230 1233 1234 1235 1237 1238 1239 1241 1244 1245 1246 1248 1249 1250 1251 1252 1253 1254 1257 1259 1260 1261 1262 1263 1265 1268 1269 1270 1271 1272 1274 1275 1276 1277 1278 1279 1280 1281 1282 1283 1284 1285 1286 1287 1288 1289 1290 1291 1293 1294 1295 1296 1297 1298 1299 1300 1301 1302 1303 1304 1305 1306 1307 1308 1309 1310 1311 1313 1314 1315 1316 1317 1318 1319 1320 1321 1322 1323 1324 1325 1326 1327 1329 1331 1332 1333 1334 1335 1336 1337 1338 1339 1340 1341 1342 1343 1345 1346 1347 1348 1349 1350 1351 1352 1353 1354 1355 1356 1357 1358 1359 1361 1362 1363 1364 1365 1366 1368 1369 1370 1371 1372 1373 1374 1375 1377 1378 1379 1380 1381 1383 1384 1385 1386 1387 1388 1389 1390 1391 1392 1393 1394 1395 1396 1397 1398 1399 1400 1402 1403 1404 1405 1406 1407 1408 1409 1410 1411 1412 1413 1414 1415 1416 1417 1418 1419 1420 1421 1422 1423 1424 1425 1426 1427 1428 1430 1432 1434 1435 1436 1437 1438 1440 1441 1442 1443 1444 1445 1447 1448 1449 1450 1452 1453 1454 1455 1456 1457 1458 1459 1460 1461 1462 1463 1464 1465 1466 1467 1468 1469 1470 1471 1473 1474 1476 1478 1484 1485 1486 1487 1488 1489 1490 1491 1492 1493 1494 1500 1501 1502 1503 1505 1507 1509 1511 1512 1513 1514 1516 1517 1518 1519 1520 1521 1522 1523 1524 1525 1526 1527 1530 1531 1533 1534 1535 1536 1537 1538 1539 1540 1541 1543 1544 1545 1546 1547 1549 1552 1553 1554 1556 1557 1558 1559 1561 1562 1563 1564 1566 1568 1569 1570 1571 1572 1573 1574 1575 1576 1577 1578 1579 1580 1581 1585 1586 1587 1588 1589 1590 1591 1593 1594 1595 1596 1597 1599 1600 1601 1602 1603 1605 1606 1609 1610 1611 1612 1613 1615 1616 1617 1618 1619 1621 1624 1625 1627 1628 1629 1631 1633 1634 1635 1637 1638 1639 1641 1642 1646 1649 1650 1652 1653 1654 1655 1656 1658 1659 1660 1662 1664 1665 1666 1669 1670 1671 1672 1673 1675 1676 1678 1680 1681 1682 1683 1685 1686 1687 1688 1690 1691 1692 1693 1694 1695 1696 1697 1699 1701 1702 1704 1707 1708 1709 1711 1712 1713 1714 1716 1717 1718 1720 1721 1727 1728 1729 1731 1732 1733 1734 1738 1739 1744 1745 1746 1747 1751 1753 1754 1755 1757 1761 1762 1765 1770 1772 1773 1775 1776 1777 1778 1780 1782 1783 1784 1786 1787 1789 1790 1791 1792 1793 1794 1795 1796 1797 1798 1799 1800 1801 1802 1803 1804 1810 1812 1813 1814 1815 1816 1817 1818 1819 1820 1821 1822 1825 1828 1829 1830 1831 1832 1833 1835 1841 1843 1844 1845 1846 1847 1848 1849 1850 1851 1854 1855 1857 1859 1863 1870 1871 1872 1873 1875 1876 1878 1880 1882 1883 1884 1886 1887 1888 1890 1892 1899 1901 1908 1911 1912 1913 1916 1917 1921 1925 1926 1928 1929 1930 1931 1932 1937 1938 1940 1941 1942 1946 1947 1948 1949 1952 1953 1957 1958 1959 1960 1968 1969 1970 1971 1972 1973 1974 1976 1977 1978 1979 1980 1983 1984 1992 1993 1994 1995 1996 2000 2002 2003 2006 2007 2008 2009 2010 2011 2012 2016 2021 2022 2023 2024 2026 2027 2028 2039 2040 2041 2042 2044 2045 2046 2047 2048 0
1 3 5 7 8 9 10 13 14 15 16 17 20 21 22 23 24 25 27 28 29 0

50
1 3 5 6 8 10 11 12 13 14 15 16 17 20 22 23 24 25 26 27 28 29 30 31 32 33 36 37 38 39 40 41 42 43 45 49 52 53 54 55 56 57 58 60 62 63 64 65 67 68 69 70 72 74 76 79 81 84 85 86 89 90 91 94 95 96 97 99 100 101 102 103 104 105 106 107 108 109 110 112 113 116 118 119 120 121 122 123 124 126 127 128 129 131 132 133 134 138 139 141 143 145 146 147 149 150 151 152 153 154 156 157 159 160 161 162 163 164 165 168 169 171 173 177 178 179 180 182 183 185 186 188 191 193 194 195 196 199 200 202 205 206 207 209 211 212 213 214 215 216 217 219 222 223 224 225 227 228 229 230 231 234 235 236 237 238 239 240 242 243 244 245 246 247 248 249 250 251 252 253 254 255 256 257 258 259 261 262 263 264 265 266 267 268 269 270 271 272 273 274 277 279 280 281 282 283 284 285 287 288 289 290 291 292 295 297 299 300 304 306 307 308 309 310 312 314 315 316 317 318 319 320 321 323 324 325 326 327 328 330 331 332 333 335 338 339 340 341 342 344 345 347 348 352 353 354 355 356 357 358 360 361 364 365 366 368 369 371 372 376 377 378 380 382 383 384 385 386 387 388 390 391 392 393 394 395 396 397 398 401 403 404 405 406 407 409 410 412 413 416 417 418 419 421 422 423 425 426 427 428 432 433 434 435 437 438 439 440 441 442 443 444 446 447 448 449 451 452 453 454 456 457 458 460 461 462 464 465 466 468 469 470 471 472 473 474 475 476 478 480 481 482 484 485 486 487 488 489 490 491 492 493 494 495 496 497 498 499 501 503 504 505 506 507 508 509 511 512 513 518 519 520 521 522 523 524 527 528 531 533 534 535 536 538 539 542 545 548 549 550 551 552 553 556 557 558 561 562 563 567 568 571 572 574 575 577 578 579 580 581 582 583 584 585 586 587 589 590 591 593 594 595 596 597 598 599 600 601 604 606 607 608 609 611 612 614 615 617 618 619 620 621 622 623 625 628 629 630 631 632 634 637 638 640 641 642 643 645 646 648 650 651 652 653 654 655 660 663 664 665 667 668 669 674 680 681 682 683 684 687 688 690 691 694 695 697 698 700 701 703 705 706 707 708 712 715 719 721 722 723 724 725 726 727 729 730 734 735 737 738 740 741 742 743 744 745 746 749 750 751 752 753 757 758 759 760 764 769 770 771 772 773 774 775 776 777 778 779 780 781 782 783 784 786 788 789 790 791 793 794 795 796 799 800 801 805 806 808 810 813 814 817 820 821 822 823 824 826 827 828 829 830 831 835 836 837 839 840 841 842 844 845 848 849 850 851 852 853 854 855 856 857 858 859 860 861 862 866 868 869 870 871 872 873 874 876 879 880 882 883 884 885 887 888 890 891 892 893 896 899 900 904 905 908 909 912 915 916 919 920 921 923 924 927 930 931 932 933 934 935 936 938 939 940 941 944 946 947 948 949 950 951 952 953 954 956 957 958 959 960 962 964 965 966 967 968 969 970 971 973 975 977 978 979 980 981 982 983 984 986 987 993 996 997 998 999 1000 1001 1004 1005 1006 1007 1009 1010 1011 1012 1013 1014 1015 1016 1017 1018 1019 1020 1021 1022 1023 1024 1028 1031 1035 1036 1037 1038 1039 1040 1041 1042 1043 1045 1046 1050 1051 1053 1054 1056 1057 1059 1060 1061 1062 1063 1064 1065 1066 1067 1068 1069 1070 1072 1075 1079 1080 1081 1082 1083 1084 1085 1086 1089 1091 1092 1094 1095 1097 1098 1100 1101 1102 1106 1107 1108 1109 1111 1113 1114 1115 1116 1118 1120 1121 1122 1123 1124 1125 1126 1127 1128 1129 1132 1134 1137 1139 1140 1141 1142 1143 1147 1150 1151 1152 1153 1154 1156 1157 1158 1159 1160 1164 1165 1166 1167 1168 1169 1171 1173 1175 1176 1177 1179 1180 1183 1184 1185 1187 1188 1189 1191 1192 1193 1194 1195 1196 1197 1198 1199 1201 1202 1204 1207 1208 1209 1210 1211 1215 1216 1217 1218 1220 1221 1222 1223 1224 1225 1226 1227 1228 1229 1233 1235 1238 1239 1240 1242 1243 1244 1245 1248 1252 1253 1255 1256 1259 1260 1261 1262 1265 1266 1267 1268 1269 1270 1271 1272 1273 1274 1275 1276 1277 1278 1279 1280 1281 1282 1283 1284 1285 1287 1288 1289 1290 1291 1292 1293 1294 1295 1296 1297 1299 1302 1305 1306 1307 1308 1309 1310 1313 1317 1320 1321 1322 1323 1324 1328 1329 1332 1334 1335 1336 1337 1338 1339 1344 1345 1348 1352 1353 1357 1358 1360 1361 1364 1366 1368 1369 1370 1371 1373 1374 1375 1376 1377 1381 1382 1383 1384 1385 1386 1387 1389 1390 1391 1392 1393 1394 1395 1396 1397 1399 1400 1402 1403 1404 1406 1407 1408 1409 1410 1411 1412 1413 1415 1417 1418 1419 1420 1423 1424 1425 1426 1427 1429 1430 1431 1432 1433 1434 1435 1436 1437 1438 1439 1440 1441 1443 1444 1446 1447 1448 1450 1452 1453 1454 1455 1456 1457 1458 1459 1460 1461 1462 1463 1464 1465 1466 1467 1468 1472 1473 1476 1477 1478 1479 1480 1481 1482 1485 1488 1489 1490 1494 1495 1496 1497 1498 1499 1501 1505 1506 1507 1508 1509 1510 1511 1512 1517 1518 1520 1521 1522 1523 1524 1525 1526 1527 1528 1530 1534 1535 1536 1537 1538 1539 1540 1541 1542 1543 1545 1549 1550 1552 1553 1556 1557 1558 1561 1564 1567 1568 1569 1570 1573 1574 1575 1576 1577 1578 1585 1589 1590 1591 1592 1594 1595 1598 1601 1603 1604 1608 1609 1610 1611 1612 1614 1615 1616 1617 1620 1621 1622 1625 1626 1627 1628 1629 1630 1633 1634 1635 1637 1639 1641 1642 1643 1644 1645 1647 1649 1650 1651 1652 1656 1658 1659 1660 1661 1663 1664 1665 1666 1667 1668 1670 1672 1673 1674 1675 1676 1677 1678 1680 1681 1682 1683 1684 1685 1686 1691 1692 1693 1696 1697 1698 1699 1700 1701 1702 1703 1707 1708 1709 1713 1714 1715 1716 1719 1721 1722 1723 1724 1725 1727 1729 1730 1732 1733 1734 1736 1738 1739 1740 1741 1745 1747 1749 1750 1751 1752 1756 1758 1761 1762 1763 1764 1765 1766 1769 1771 1772 1775 1776 1777 1778 1780 1781 1782 1783 1784 1785 1786 1787 1788 1789 1790 1791 1793 1794 1795 1796 1797 1799 1801 1805 1809 1810 1811 1815 1817 1824 1825 1826 1832 1838 1839 1841 1842 1843 1847 1848 1849 1850 1854 1855 1857 1858 1859 1860 1863 1864 1865 1866 1867 1871 1872 1873 1874 1875 1876 1879 1880 1881 1882 1885 1887 1889 1890 1891 1896 1897 1903 1904 1905 1906 1909 1911 1913 1914 1925 1927 1929 1930 1942 1943 1946 1947 1948 1949 1950 1951 1952 1954 1955 1956 1957 1958 1959 1961 1962 1963 1964 1965 1966 1967 1968 1969 1970 1971 1972 1973 1974 1975 1977 1978 1979 1980 1981 1982 1983 1984 1985 1986 1987 1988 1989 1993 1994 1995 1996 1997 1998 1999 2000 2001 2002 2003 2004 2005 2006 2007 2013 2014 2015 2016 2017 2018 2019 2020 2021 2022 2023 2031 2032 2033 2036 2037 2038 2039 2043 2045 2046 2047 2048 0
2 3 8 9 11 12 13 14 15 17 20 21 23 28 29 0

51
1 3 5 6 7 8 9 10 11 12 13 14 15 16 17 18 21 22 24 27 29 30 32 33 34 37 38 39 42 43 45 48 49 51 52 53 54 55 56 57 59 60 61 64 65 66 67 68 70 71 72 73 74 75 76 78 80 81 82 83 84 86 89 91 92 94 96 97 100 103 104 105 106 107 108 110 113 114 116 117 118 119 120 121 123 124 129 130 134 135 137 140 145 149 150 152 153 154 155 157 160 161 163 164 165 166 167 168 170 172 174 176 177 179 181 183 184 186 188 189 192 193 194 196 202 203 204 205 208 209 210 212 213 214 216 217 219 220 221 224 225 226 228 230 233 235 236 237 238 239 241 242 243 244 245 246 247 249 250 252 253 255 256 257 258 259 260 261 262 263 265 266 267 268 269 270 271 272 273 277 278 279 280 282 284 287 289 291 292 293 294 295 296 297 298 299 300 301 304 305 306 309 310 312 314 315 316 317 320 322 323 324 327 328 330 331 334 337 338 339 342 343 344 346 348 349 351 352 353 354 356 358 359 360 361 367 368 369 372 373 374 375 376 377 378 379 382 384 385 386 388 389 390 391 392 393 394 395 400 401 402 404 405 406 410 411 412 413 419 421 423 424 427 429 430 432 434 435 437 441 444 445 447 448 449 451 454 456 457 458 459 460 462 464 465 466 467 469 470 472 473 475 477 478 480 481 483 485 486 488 489 490 491 494 495 496 497 499 501 502 503 504 506 508 510 511 512 513 517 520 521 522 523 528 529 531 532 533 534 535 536 537 538 539 542 545 547 548 551 552 553 554 555 558 559 560 561 563 570 571 574 575 576 577 578 586 587 589 590 592 593 598 600 601 602 603 605 606 607 608 611 612 613 614 615 616 617 618 619 621 625 630 631 632 633 634 641 647 648 649 650 651 656 658 659 663 664 665 670 673 674 675 676 677 679 680 681 685 686 687 688 690 691 692 693 700 701 702 703 704 705 706 708 709 710 711 716 717 718 719 720 722 723 724 725 726 728 729 731 734 735 736 737 738 740 741 742 743 744 745 747 749 750 751 752 753 756 757 758 760 763 764 768 769 770 771 772 773 774 775 776 777 778 779 780 781 782 784 785 786 787 788 789 790 791 792 793 794 795 798 799 801 802 803 805 806 807 808 811 812 813 814 815 816 820 821 824 825 826 829 830 831 832 833 834 838 845 846 848 850 852 853 854 855 856 857 859 860 861 863 864 865 866 871 872 873 874 875 878 885 886 887 888 889 890 891 896 899 900 901 902 903 904 905 906 907 912 913 914 915 916 917 918 919 920 921 922 923 925 927 928 929 930 931 933 934 935 936 938 939 940 942 943 944 945 946 947 948 949 950 951 952 953 956 958 959 960 962 967 968 969 970 971 972 973 975 976 977 978 979 980 981 982 983 984 985 986 987 989 990 991 992 993 994 995 996 997 999 1001 1003 1004 1007 1008 1009 1010 1011 1012 1013 1014 1015 1016 1017 1018 1019 1020 1021 1022 1023 1024 1025 1026 1030 1031 1032 1033 1034 1035 1036 1037 1039 1040 1041 1047 1048 1049 1050 1051 1052 1057 1066 1067 1068 1069 1073 1074 1075 1076 1077 1080 1081 1082 1083 1084 1086 1087 1088 1089 1090 1091 1092 1093 1096 1098 1099 1101 1102 1103 1105 1106 1108 1109 1110 1111 1115 1118 1121 1125 1130 1134 1135 1136 1137 1139 1141 1142 1143 1144 1153 1160 1161 1162 1163 1164 1165 1169 1174 1175 1176 1177 1178 1180 1185 1189 1190 1191 1192 1193 1196 1197 1201 1202 1203 1206 1211 1215 1216 1217 1218 1219 1226 1229 1231 1232 1233 1234 1235 1236 1237 1238 1241 1242 1245 1246 1247 1248 1249 1250 1251 1252 1253 1254 1255 1257 1258 1262 1263 1264 1265 1266 1267 1271 1273 1274 1275 1276 1277 1280 1281 1282 1283 1284 1285 1286 1287 1288 1289 1290 1291 1292 1293 1294 1295 1296 1298 1299 1301 1302 1303 1310 1311 1312 1313 1315 1317 1318 1319 1320 1321 1322 1326 1327 1328 1329 1330 1332 1334 1335 1336 1337 1342 1344 1345 1346 1347 1348 1350 1351 1352 1353 1356 1362 1363 1366 1369 1370 1373 1375 1376 1377 1379 1380 1382 1385 1386 1390 1391 1393 1394 1395 1396 1397 1398 1400 1401 1402 1407 1408 1409 1410 1412 1413 1414 1415 1416 1417 1418 1419 1421 1422 1424 1425 1427 1428 1429 1430 1431 1432 1433 1434 1435 1437 1438 1439 1440 1441 1443 1444 1445 1446 1447 1448 1449 1450 1451 1453 1456 1457 1459 1460 1461 1462 1463 1464 1465 1466 1470 1471 1472 1473 1475 1477 1480 1481 1482 1484 1485 1487 1488 1490 1492 1493 1494 1497 1500 1503 1504 1505 1511 1515 1516 1518 1519 1521 1522 1523 1524 1525 1526 1527 1528 1529 1530 1531 1532 1533 1534 1535 1536 1537 1541 1542 1543 1544 1545 1546 1548 1552 1553 1554 1557 1558 1559 1560 1561 1562 1563 1569 1570 1571 1572 1574 1575 1577 1578 1579 1580 1581 1582 1583 1584 1585 1586 1588 1591 1593 1594 1595 1596 1598 1599 1600 1601 1602 1603 1604 1605 1606 1609 1610 1611 1613 1614 1615 1617 1618 1620 1621 1625 1627 1629 1630 1631 1632 1633 1634 1638 1639 1640 1641 1642 1645 1647 1649 1650 1651 1652 1653 1654 1655 1656 1657 1658 1665 1668 1669 1670 1671 1672 1673 1674 1675 1680 1681 1683 1684 1685 1686 1687 1688 1689 1690 1691 1694 1696 1697 1698 1700 1701 1702 1705 1706 1707 1710 1711 1712 1713 1714 1715 1716 1718 1719 1720 1721 1722 1723 1725 1726 1727 1728 1729 1730 1731 1732 1733 1735 1739 1741 1742 1743 1744 1745 1746 1747 1748 1749 1750 1753 1755 1758 1759 1760 1761 1762 1763 1764 1765 1766 1768 1769 1770 1772 1773 1774 1775 1776 1777 1778 1779 1781 1782 1785 1787 1791 1794 1795 1796 1797 1804 1805 1806 1807 1809 1810 1811 1812 1813 1814 1820 1821 1822 1823 1824 1825 1826 1827 1828 1829 1830 1831 1836 1837 1838 1839 1840 1845 1846 1847 1852 1853 1855 1856 1864 1865 1868 1869 1872 1874 1875 1880 1881 1882 1883 1884 1885 1886 1887 1888 1890 1891 1894 1895 1896 1897 1898 1899 1900 1901 1902 1903 1904 1906 1907 1908 1909 1913 1914 1915 1916 1917 1918 1919 1921 1922 1923 1924 1925 1926 1928 1929 1930 1931 1932 1933 1934 1935 1936 1937 1938 1939 1940 1941 1942 1943 1944 1946 1947 1948 1950 1951 1952 1953 1954 1955 1957 1958 1959 1963 1964 1967 1974 1975 1980 1981 1990 1991 2011 2012 2023 2026 2027 2028 2029 2030 2033 2034 2035 2039 2040 2041 2042 2043 2044 2045 2048 0
3 4 5 9 10 13 14 15 16 17 19 20 21 22 23 24 25 26 27 28 30 31 32 0

52
1 2 3 4 5 6 7 8 9 10 11 12 13 14 15 16 17 18 19 20 21 22 23 24 25 26 27 28 29 30 31 32 33 34 35 36 37 38 40 42 43 44 45 46 48 49 50 51 52 53 55 56 57 58 59 60 61 62 63 64 65 66 67 68 69 70 71 72 73 74 75 76 77 78 79 80 81 82 83 84 85 86 87 88 89 90 91 93 94 95 96 97 98 100 101 102 103 104 105 106 107 108 109 110 111 113 114 115 116 117 118 119 120 121 122 124 126 128 129 130 131 132 133 134 135 137 138 139 140 141 142 143 144 145 146 147 148 150 151 152 153 154 155 156 157 158 159 161 162 164 165 166 167 168 169 170 171 172 173 174 175 176 177 179 180 181 182 183 186 187 188 189 190 191 193 194 195 196 197 198 199 200 202 204 205 206 208 209 210 212 213 214 215 216 220 222 223 224 225 226 228 229 230 231 233 234 235 236 238 239 240 244 246 247 249 250 252 253 254 255 256 257 258 259 260 261 262 263 264 265 266 267 268 269 270 271 272 273 274 275 276 278 279 280 281 282 283 284 285 286 287 288 289 290 291 292 293 294 295 296 297 300 301 302 303 304 305 306 307 309 310 311 312 313 314 315 316 317 318 319 320 321 322 323 324 325 326 327 328 329 330 331 332 333 334 336 337 338 339 340 341 342 343 346 348 349 350 351 352 353 354 355 356 358 359 360 361 363 364 365 366 367 368 369 370 371 372 373 374 375 378 379 380 381 382 383 384 385 386 387 388 389 390 391 392 393 394 395 396 398 400 401 402 404 405 406 409 410 411 412 413 414 415 416 417 418 419 420 421 422 423 424 426 427 428 429 430 431 432 433 434 435 436 437 438 439 440 441 442 443 444 445 446 448 449 450 451 452 453 454 455 456 457 458 459 460 461 462 463 464 465 466 467 468 470 471 472 473 474 475 476 477 478 479 480 481 482 483 484 485 486 487 488 489 490 491 492 493 494 495 496 497 498 500 501 502 503 505 507 508 509 510 511 512 513 514 515 516 517 518 519 520 521 522 523 525 526 527 528 529 530 531 532 533 534 538 539 540 541 542 543 544 545 546 547 549 551 552 553 554 555 556 557 559 560 561 562 565 566 567 568 569 570 571 572 573 574 575 576 578 579 583 584 589 590 591 592 593 594 595 596 597 598 599 600 601 603 604 605 606 607 611 612 613 614 615 616 617 619 623 624 625 626 628 629 630 631 632 633 634 635 636 638 639 641 642 643 644 645 646 647 648 649 650 652 654 655 657 658 659 660 661 662 663 664 666 667 668 669 670 671 672 673 674 675 676 677 678 679 680 681 682 683 684 685 686 688 689 690 691 692 693 694 695 697 698 700 702 703 704 708 710 711 712 713 714 716 717 718 719 722 727 728 729 730 731 734 736 739 740 741 742 743 744 745 747 748 749 751 752 753 754 756 761 762 763 764 765 766 769 770 771 772 773 774 775 776 777 778 779 780 781 782 783 784 785 786 788 790 791 792 793 794 795 796 797 798 799 800 801 802 803 804 805 806 807 808 809 810 811 812 813 814 815 816 817 818 819 820 821 822 823 824 825 826 827 828 829 830 831 832 833 834 835 836 837 838 839 840 841 842 844 845 846 847 848 849 850 851 852 853 854 855 856 859 860 861 862 863 864 865 866 867 868 869 870 871 872 875 876 877 878 879 880 881 882 883 884 885 886 887 888 889 890 891 892 893 894 895 896 897 898 899 900 901 902 903 904 905 906 908 909 910 911 912 913 914 915 917 918 919 920 921 922 923 924 925 926 927 928 929 930 931 932 933 934 935 936 937 940 941 942 944 945 946 947 948 949 950 951 952 953 954 955 956 957 958 959 960 961 962 963 964 965 966 967 968 969 970 971 972 973 974 975 976 977 978 979 980 981 982 984 985 986 987 988 989 990 991 992 993 994 995 996 997 998 999 1000 1001 1002 1003 1004 1005 1006 1009 1010 1011 1012 1013 1014 1015 1016 1017 1018 1019 1020 1021 1022 1023 1026 1027 1028 1029 1030 1031 1032 1033 1034 1035 1036 1037 1038 1039 1040 1041 1042 1043 1044 1045 1046 1047 1048 1049 1050 1051 1052 1053 1054 1055 1056 1057 1058 1059 1060 1061 1062 1063 1064 1065 1066 1067 1068 1069 1070 1072 1073 1074 1075 1076 1077 1083 1084 1085 1086 1087 1088 1089 1090 1091 1092 1093 1094 1095 1096 1097 1098 1099 1100 1101 1102 1103 1104 1105 1106 1107 1108 1110 1112 1113 1114 1115 1116 1118 1119 1120 1121 1122 1123 1124 1126 1129 1130 1131 1132 1134 1135 1137 1138 1139 1140 1141 1142 1143 1144 1145 1146 1147 1148 1149 1150 1151 1152 1153 1154 1155 1156 1157 1158 1160 1162 1163 1165 1166 1168 1169 1170 1172 1173 1174 1175 1176 1177 1178 1180 1184 1185 1186 1187 1188 1189 1190 1191 1192 1193 1194 1195 1196 1197 1199 1200 1201 1202 1203 1204 1205 1206 1207 1208 1209 1210 1211 1212 1214 1215 1216 1217 1218 1219 1220 1221 1222 1223 1224 1225 1226 1227 1228 1232 1233 1234 1235 1236 1237 1238 1239 1240 1241 1242 1243 1244 1246 1247 1248 1249 1250 1251 1255 1256 1257 1258 1259 1260 1263 1264 1265 1266 1267 1268 1269 1270 1271 1272 1273 1274 1275 1276 1277 1278 1279 1280 1281 1282 1283 1284 1285 1286 1287 1288 1289 1290 1291 1292 1293 1294 1295 1296 1297 1298 1299 1300 1301 1302 1303 1304 1305 1306 1307 1308 1309 1310 1311 1312 1313 1314 1315 1316 1317 1318 1319 1320 1321 1322 1323 1324 1325 1326 1327 1328 1329 1330 1331 1332 1333 1334 1335 1336 1337 1338 1339 1340 1341 1343 1344 1346 1349 1350 1351 1353 1354 1355 1356 1358 1359 1360 1361 1362 1363 1364 1365 1366 1367 1368 1369 1370 1371 1372 1373 1374 1375 1376 1377 1378 1379 1380 1382 1383 1384 1385 1386 1387 1391 1392 1393 1394 1396 1397 1398 1399 1400 1401 1402 1403 1404 1405 1406 1407 1408 1409 1410 1413 1414 1415 1416 1417 1418 1419 1420 1421 1422 1423 1424 1425 1426 1427 1428 1430 1431 1432 1433 1434 1435 1436 1437 1438 1439 1440 1441 1442 1443 1444 1445 1446 1447 1448 1449 1450 1451 1452 1453 1454 1455 1456 1457 1458 1459 1460 1461 1462 1463 1464 1465 1467 1468 1469 1470 1471 1472 1473 1474 1475 1476 1477 1478 1479 1480 1481 1482 1483 1484 1485 1486 1487 1488 1489 1490 1491 1492 1493 1494 1495 1497 1499 1500 1501 1502 1503 1504 1505 1506 1507 1508 1509 1510 1511 1512 1513 1514 1515 1516 1517 1518 1519 1521 1522 1523 1524 1525 1526 1527 1528 1529 1530 1531 1532 1533 1534 1535 1536 1537 1538 1539 1540 1541 1542 1543 1545 1546 1547 1548 1549 1550 1551 1552 1553 1554 1559 1560 1563 1564 1565 1566 1567 1568 1569 1570 1571 1572 1573 1575 1576 1577 1578 1579 1580 1582 1583 1584 1585 1586 1587 1588 1589 1590 1591 1592 1593 1594 1595 1596 1597 1598 1599 1600 1601 1602 1603 1604 1605 1606 1607 1608 1612 1613 1614 1615 1617 1619 1620 1621 1622 1623 1624 1627 1628 1629 1631 1632 1633 1634 1635 1636 1637 1638 1639 1640 1643 1644 1645 1646 1647 1648 1649 1650 1651 1652 1653 1654 1655 1656 1657 1658 1659 1660 1661 1662 1664 1665 1666 1667 1668 1669 1670 1671 1673 1674 1675 1676 1677 1678 1679 1680 1681 1682 1683 1685 1686 1687 1688 1689 1690 1691 1692 1693 1694 1695 1696 1697 1698 1699 1700 1701 1702 1703 1704 1705 1707 1708 1709 1710 1712 1713 1714 1715 1716 1717 1718 1719 1720 1721 1722 1723 1724 1725 1726 1727 1728 1729 1730 1731 1732 1733 1734 1735 1736 1737 1738 1739 1740 1741 1742 1743 1744 1745 1746 1748 1749 1750 1751 1752 1753 1754 1756 1757 1758 1759 1760 1761 1762 1763 1764 1765 1767 1769 1770 1771 1772 1773 1774 1775 1776 1777 1778 1779 1780 1781 1782 1783 1784 1785 1786 1787 1788 1789 1790 1791 1792 1793 1794 1795 1796 1797 1798 1799 1800 1801 1802 1803 1804 1805 1806 1807 1808 1809 1810 1811 1812 1813 1815 1820 1822 1823 1824 1826 1827 1828 1833 1834 1835 1836 1837 1839 1840 1841 1842 1843 1845 1846 1847 1848 1849 1850 1851 1852 1856 1860 1862 1863 1864 1868 1869 1874 1876 1878 1879 1880 1884 1886 1889 1891 1894 1895 1896 1900 1901 1902 1903 1905 1906 1907 1908 1911 1912 1913 1915 1916 1919 1921 1922 1923 1924 1925 1926 1928 1929 1930 1931 1932 1934 1935 1938 1939 1940 1941 1942 1943 1944 1945 1946 1948 1949 1950 1951 1952 1953 1955 1956 1957 1958 1959 1960 1961 1962 1963 1964 1965 1966 1967 1968 1969 1971 1972 1973 1974 1975 1976 1977 1978 1979 1980 1981 1983 1984 1988 1989 1990 1991 1992 1995 1996 2001 2002 2003 2007 2008 2011 2014 2020 2021 2022 2024 2025 2026 2027 2032 2033 2037 2038 2039 2040 2041 2042 2043 2044 2045 0
1 2 3 5 6 7 9 10 11 12 13 15 16 17 18 20 21 23 24 27 28 29 31 0

53
1 2 3 4 6 7 8 9 11 12 14 15 17 18 19 20 21 22 23 24 25 26 27 29 30 31 32 33 34 36 38 39 40 41 42 43 44 45 46 47 48 49 50 51 52 53 54 55 56 57 58 59 60 61 63 65 68 69 71 72 73 74 75 76 78 79 81 82 83 84 86 87 88 89 90 91 92 93 95 96 97 98 99 101 102 103 104 105 106 107 108 109 110 112 113 115 117 118 119 120 121 122 123 124 125 126 129 130 131 133 134 135 136 137 138 139 140 141 142 145 146 147 148 149 150 151 152 153 154 155 156 157 158 161 163 164 165 166 167 168 169 170 171 172 176 177 178 179 181 182 183 184 185 186 187 188 190 193 194 195 196 197 198 199 200 201 202 203 205 207 209 210 211 212 213 214 215 218 219 221 222 223 224 225 228 229 230 231 232 233 234 235 237 238 241 243 246 247 251 252 253 254 255 256 257 258 261 262 263 264 265 266 267 268 269 270 273 274 275 276 277 278 279 280 282 283 285 287 289 290 291 292 293 294 295 296 297 298 299 300 303 305 306 307 308 309 310 311 312 313 314 315 316 317 320 324 325 326 327 328 329 330 331 333 334 336 337 338 340 341 342 343 344 345 346 347 348 349 350 351 352 353 355 356 357 358 359 362 363 364 365 366 368 369 371 372 373 374 375 378 379 380 381 383 384 385 386 387 388 389 390 391 392 395 396 397 398 400 401 402 403 404 405 406 408 409 410 411 412 413 414 415 417 420 421 422 423 424 425 426 427 428 429 430 431 432 433 434 435 436 437 438 439 440 441 442 443 444 445 446 447 448 449 451 455 456 457 458 459 461 462 463 464 465 467 469 472 473 474 475 476 477 479 480 481 484 485 486 487 489 490 491 493 494 495 496 499 501 502 503 506 507 508 509 511 512 513 514 515 519 523 528 529 532 533 534 535 537 539 545 546 547 548 549 550 551 552 553 555 558 559 560 561 562 563 564 565 566 567 568 569 570 571 572 573 574 575 577 578 579 580 581 582 583 585 586 587 588 589 595 596 597 599 600 601 602 603 604 605 607 608 609 610 611 612 613 614 615 616 617 618 619 620 621 622 624 625 626 627 628 630 631 632 633 634 635 637 639 640 642 643 644 645 646 648 649 650 651 653 658 659 660 664 665 669 670 674 680 681 682 684 685 686 687 690 692 693 694 695 697 701 702 703 705 706 708 709 710 711 712 715 716 717 718 719 720 721 723 727 728 729 730 731 732 733 734 735 736 737 738 739 740 743 744 745 746 747 748 749 750 751 752 755 757 758 759 763 764 765 769 770 771 772 773 774 775 776 777 778 779 780 781 782 783 784 785 787 789 790 791 792 793 794 795 800 802 803 804 805 806 810 811 812 813 814 815 816 817 820 823 824 825 826 827 828 829 830 831 832 833 834 835 837 838 839 840 841 842 843 844 845 846 847 848 850 851 852 853 854 855 856 857 858 859 860 861 864 865 866 867 870 871 873 874 875 876 878 879 880 882 883 884 885 886 887 888 892 895 896 898 899 900 902 903 904 905 906 907 909 910 913 915 916 917 918 919 920 921 922 924 925 927 928 932 933 934 935 936 937 938 939 940 941 942 943 944 947 948 949 950 951 952 953 954 955 956 957 958 960 961 962 963 964 966 967 968 969 970 971 974 976 977 978 980 981 982 983 984 985 986 987 988 989 992 994 995 996 997 998 1000 1001 1002 1003 1005 1006 1007 1008 1009 1010 1011 1012 1013 1014 1015 1016 1017 1018 1019 1022 1023 1025 1026 1027 1028 1032 1033 1034 1039 1040 1041 1042 1043 1046 1047 1048 1049 1050 1051 1054 1057 1060 1061 1063 1065 1066 1067 1068 1073 1075 1079 1080 1081 1082 1084 1085 1087 1089 1090 1091 1092 1093 1094 1095 1096 1097 1098 1099 1100 1102 1106 1107 1108 1109 1110 1111 1112 1114 1115 1117 1118 1122 1123 1124 1125 1126 1127 1128 1129 1131 1132 1133 1135 1136 1137 1138 1139 1140 1141 1143 1144 1145 1146 1147 1148 1149 1150 1151 1152 1153 1154 1155 1156 1157 1158 1159 1160 1163 1164 1165 1166 1169 1171 1172 1173 1174 1175 1176 1180 1181 1182 1185 1187 1188 1189 1190 1191 1192 1193 1194 1195 1196 1197 1198 1201 1202 1206 1207 1208 1209 1210 1211 1212 1213 1214 1215 1216 1217 1218 1220 1222 1223 1224 1225 1226 1227 1231 1232 1233 1234 1235 1237 1238 1239 1242 1243 1244 1247 1248 1249 1251 1252 1253 1254 1255 1256 1257 1258 1260 1261 1262 1263 1264 1265 1266 1267 1268 1269 1270 1271 1272 1273 1274 1275 1278 1279 1280 1281 1282 1283 1284 1285 1286 1287 1288 1289 1290 1291 1292 1293 1294 1295 1296 1297 1298 1299 1301 1302 1303 1304 1305 1306 1309 1310 1311 1312 1313 1315 1318 1319 1323 1324 1325 1326 1327 1328 1329 1332 1333 1334 1335 1336 1337 1338 1339 1340 1345 1346 1347 1350 1351 1352 1353 1354 1355 1356 1361 1362 1363 1364 1365 1368 1369 1370 1371 1372 1373 1377 1378 1379 1380 1381 1382 1383 1384 1385 1386 1387 1389 1391 1393 1394 1395 1396 1397 1398 1399 1400 1401 1402 1403 1404 1405 1406 1408 1409 1410 1411 1412 1413 1414 1415 1416 1417 1418 1419 1420 1421 1422 1425 1428 1429 1430 1431 1432 1433 1434 1435 1436 1437 1438 1439 1440 1445 1446 1447 1448 1449 1450 1451 1452 1453 1456 1457 1458 1459 1460 1461 1462 1463 1464 1465 1466 1467 1468 1469 1471 1472 1475 1476 1478 1479 1480 1481 1482 1483 1484 1486 1487 1488 1489 1490 1491 1495 1496 1497 1498 1499 1500 1502 1504 1505 1506 1507 1511 1512 1513 1514 1515 1516 1519 1520 1521 1522 1523 1524 1525 1526 1527 1528 1529 1530 1531 1532 1533 1534 1535 1537 1538 1539 1540 1543 1545 1546 1549 1552 1553 1554 1555 1557 1558 1559 1561 1562 1567 1569 1570 1571 1572 1573 1574 1575 1577 1579 1580 1581 1583 1585 1586 1589 1590 1591 1592 1593 1594 1595 1596 1597 1598 1599 1601 1602 1604 1605 1606 1607 1609 1610 1611 1614 1615 1617 1618 1619 1620 1621 1622 1623 1624 1625 1626 1627 1628 1631 1633 1635 1636 1637 1638 1639 1640 1641 1642 1643 1644 1645 1647 1649 1651 1652 1653 1654 1655 1656 1657 1658 1659 1660 1661 1662 1664 1665 1666 1667 1668 1669 1670 1671 1672 1673 1674 1675 1676 1677 1678 1680 1681 1682 1684 1685 1686 1687 1688 1689 1690 1691 1692 1693 1694 1695 1696 1697 1699 1701 1702 1704 1705 1706 1707 1708 1710 1711 1712 1713 1714 1717 1718 1719 1720 1722 1723 1724 1725 1726 1727 1728 1729 1730 1732 1733 1734 1735 1736 1737 1738 1739 1740 1741 1742 1743 1744 1745 1746 1747 1748 1749 1751 1752 1753 1754 1757 1758 1759 1760 1761 1763 1764 1767 1768 1769 1770 1771 1772 1773 1775 1776 1777 1778 1779 1781 1783 1784 1785 1786 1787 1788 1789 1790 1792 1793 1794 1795 1796 1797 1798 1800 1801 1802 1803 1804 1805 1809 1812 1813 1814 1815 1819 1820 1821 1824 1828 1829 1830 1831 1834 1835 1836 1837 1838 1839 1840 1841 1844 1845 1846 1847 1852 1853 1855 1856 1858 1859 1861 1862 1865 1867 1868 1869 1871 1872 1874 1875 1876 1877 1878 1880 1881 1882 1884 1885 1886 1887 1888 1891 1892 1893 1894 1896 1897 1898 1899 1900 1901 1902 1903 1907 1908 1909 1911 1912 1913 1914 1915 1917 1918 1923 1924 1925 1927 1928 1929 1930 1931 1933 1934 1935 1938 1939 1941 1944 1945 1946 1951 1953 1954 1955 1962 1963 1964 1968 1975 1976 1977 1978 1979 1980 1981 1984 2005 2007 2008 2009 2010 2011 2017 2018 2023 2024 2025 2026 2027 2033 2034 2035 2037 2038 2040 2041 2043 2044 2045 2048 0
1 2 3 4 5 6 8 9 12 13 14 16 17 21 22 23 24 25 26 28 29 32 0

54
1 2 3 6 7 8 9 11 14 15 16 17 18 22 23 24 25 27 33 34 38 39 40 41 42 43 44 45 46 49 51 52 54 55 56 58 59 60 62 63 64 65 68 69 71 72 73 74 75 76 77 78 79 81 84 85 86 88 89 90 92 93 95 96 97 99 101 102 103 104 105 106 107 109 110 111 112 113 114 115 116 117 118 119 120 121 122 123 124 126 127 128 129 131 134 135 136 137 138 139 140 141 143 144 145 147 149 150 151 152 153 154 155 156 157 158 160 161 163 164 165 166 167 168 169 170 171 172 173 175 176 177 178 179 181 182 183 184 185 186 187 188 192 193 194 195 196 197 198 199 201 202 203 204 205 206 207 208 209 210 211 212 213 214 215 216 217 219 220 221 222 223 224 225 226 227 228 229 232 234 235 236 237 238 239 240 245 246 247 248 250 251 253 254 255 256 257 258 260 261 262 263 264 265 267 268 269 271 272 273 275 277 278 279 280 282 283 284 286 287 288 289 292 293 294 295 296 297 299 300 301 303 304 305 306 309 310 311 313 314 315 316 318 319 320 322 323 324 325 326 327 328 329 330 331 332 334 335 336 337 338 339 340 341 342 343 344 347 348 349 351 353 354 355 356 357 358 359 360 361 362 363 364 366 367 368 370 371 372 373 374 375 379 380 381 382 383 384 385 386 387 388 389 390 391 393 394 397 399 400 401 403 404 405 406 407 408 409 410 411 412 413 414 416 418 419 420 421 422 423 425 426 427 429 430 432 433 434 435 436 438 440 442 443 444 445 446 447 449 451 452 455 456 457 458 459 460 461 463 464 465 466 469 471 473 474 475 476 477 478 479 481 484 487 488 489 490 491 492 493 495 496 497 498 499 500 501 502 503 504 505 506 507 508 509 511 512 514 515 516 518 522 523 525 528 530 531 532 533 534 535 536 537 538 540 542 543 545 546 547 548 549 550 551 552 553 554 555 556 558 561 562 563 564 566 567 568 569 570 571 572 573 574 575 576 577 578 579 580 581 582 583 584 585 586 587 588 590 593 594 596 597 598 599 600 601 602 606 609 611 612 613 614 616 618 619 620 625 627 628 629 630 634 637 638 641 642 643 644 647 649 650 651 653 654 657 658 659 660 661 663 664 665 667 668 669 670 671 672 673 674 675 676 677 680 681 682 684 685 686 687 689 690 691 692 693 694 695 696 697 698 701 702 703 706 707 708 710 713 714 716 718 719 720 721 722 724 725 727 728 730 731 732 734 736 737 738 739 740 741 742 743 744 745 746 750 751 752 753 754 760 761 764 766 767 768 769 770 771 772 773 774 775 776 777 778 779 780 781 782 783 784 786 787 788 792 793 794 796 797 802 803 804 805 806 807 811 812 813 816 817 818 819 823 824 825 826 827 828 829 830 833 835 837 838 839 840 841 842 843 844 845 846 847 848 849 850 853 854 855 856 857 858 859 860 861 863 864 866 867 868 870 872 873 875 877 878 880 883 884 886 887 888 889 890 891 892 893 894 896 898 899 900 901 902 903 904 905 906 907 908 909 911 912 914 915 916 917 918 919 920 921 922 923 924 925 927 928 930 931 933 934 935 936 937 938 939 940 942 944 945 946 947 949 950 951 952 953 954 955 956 957 958 961 962 963 964 965 966 967 968 969 970 971 972 973 974 975 976 977 978 980 982 983 984 985 986 987 988 989 990 991 992 994 995 996 997 998 999 1000 1001 1002 1003 1004 1005 1006 1007 1008 1009 1010 1011 1012 1013 1014 1015 1016 1017 1018 1019 1020 1021 1022 1023 1024 1025 1027 1028 1029 1033 1034 1035 1037 1038 1041 1042 1043 1044 1045 1046 1047 1052 1053 1054 1056 1057 1058 1059 1060 1061 1062 1064 1065 1066 1067 1068 1073 1074 1075 1076 1077 1080 1083 1084 1085 1086 1087 1089 1090 1091 1092 1093 1098 1099 1100 1102 1103 1104 1105 1106 1108 1111 1112 1113 1114 1115 1116 1117 1119 1120 1121 1122 1123 1124 1125 1126 1127 1128 1129 1130 1131 1132 1137 1138 1139 1140 1141 1142 1143 1144 1145 1146 1147 1148 1149 1150 1153 1154 1155 1156 1157 1158 1159 1160 1161 1162 1163 1164 1165 1166 1167 1168 1169 1171 1172 1173 1174 1175 1176 1177 1178 1179 1180 1182 1183 1184 1185 1187 1188 1190 1191 1192 1193 1194 1195 1196 1197 1198 1199 1201 1202 1204 1205 1206 1207 1208 1211 1212 1213 1214 1217 1218 1220 1221 1223 1224 1225 1226 1227 1228 1229 1232 1233 1235 1236 1237 1239 1240 1241 1243 1244 1246 1247 1248 1249 1251 1252 1254 1255 1256 1261 1262 1263 1264 1265 1266 1267 1268 1269 1270 1271 1272 1273 1274 1275 1276 1277 1278 1279 1280 1282 1283 1284 1285 1287 1288 1289 1290 1292 1293 1294 1295 1296 1297 1298 1299 1300 1301 1302 1303 1304 1305 1307 1308 1309 1311 1313 1315 1316 1317 1318 1319 1320 1321 1322 1323 1327 1328 1329 1332 1333 1334 1335 1336 1337 1338 1339 1340 1342 1345 1346 1347 1348 1349 1350 1352 1353 1354 1355 1356 1357 1358 1361 1362 1363 1365 1366 1367 1368 1369 1370 1371 1372 1373 1374 1376 1377 1378 1379 1381 1382 1383 1384 1385 1386 1387 1388 1389 1390 1391 1392 1393 1394 1395 1396 1398 1399 1400 1401 1402 1403 1404 1405 1406 1408 1410 1411 1412 1413 1415 1416 1417 1418 1419 1420 1421 1422 1423 1424 1425 1426 1427 1428 1429 1431 1432 1433 1434 1435 1436 1437 1438 1439 1440 1441 1443 1444 1446 1448 1449 1450 1451 1452 1453 1454 1455 1457 1458 1459 1460 1461 1462 1463 1464 1465 1466 1467 1468 1469 1470 1471 1472 1473 1476 1477 1478 1479 1480 1481 1482 1483 1484 1485 1486 1488 1489 1490 1491 1492 1493 1496 1497 1498 1499 1500 1503 1504 1505 1506 1507 1508 1509 1510 1511 1512 1513 1514 1515 1517 1518 1519 1520 1521 1522 1523 1524 1525 1526 1527 1528 1529 1530 1531 1532 1533 1534 1535 1536 1537 1539 1540 1541 1542 1544 1546 1547 1548 1549 1550 1551 1552 1553 1555 1558 1559 1560 1564 1565 1566 1567 1569 1570 1572 1575 1577 1580 1581 1582 1583 1584 1585 1586 1587 1589 1590 1591 1592 1593 1594 1595 1596 1597 1598 1599 1600 1601 1602 1603 1604 1605 1606 1607 1608 1609 1610 1611 1612 1613 1614 1615 1616 1617 1619 1620 1621 1622 1623 1627 1628 1629 1631 1632 1633 1635 1636 1637 1638 1639 1640 1641 1643 1645 1648 1649 1651 1652 1653 1654 1655 1656 1657 1659 1660 1661 1662 1663 1664 1665 1667 1669 1670 1671 1672 1673 1675 1676 1677 1678 1680 1681 1683 1685 1686 1687 1688 1689 1690 1691 1692 1694 1695 1696 1697 1699 1700 1701 1702 1704 1705 1707 1708 1709 1710 1711 1713 1714 1715 1716 1717 1718 1719 1720 1721 1722 1723 1724 1725 1727 1729 1730 1732 1733 1734 1735 1736 1737 1740 1741 1742 1744 1745 1746 1749 1750 1751 1752 1753 1754 1755 1756 1757 1758 1759 1760 1761 1762 1763 1764 1766 1768 1769 1771 1774 1776 1777 1779 1780 1783 1784 1785 1786 1787 1788 1789 1791 1792 1797 1800 1801 1804 1805 1807 1817 1818 1821 1823 1829 1831 1840 1841 1842 1847 1848 1849 1850 1851 1852 1853 1857 1858 1859 1863 1864 1865 1866 1867 1868 1870 1873 1874 1875 1876 1879 1880 1883 1887 1888 1894 1895 1899 1900 1904 1909 1910 1915 1916 1917 1918 1919 1922 1923 1924 1925 1926 1927 1928 1929 1931 1932 1934 1935 1938 1939 1940 1941 1948 1949 1950 1954 1955 1956 1957 1958 1959 1960 1961 1964 1965 1966 1967 1970 1971 1972 1973 1974 1975 1976 1977 1978 1981 1982 1983 1984 1987 1988 1989 1990 1991 1992 1993 1994 1996 1997 1998 1999 2000 2002 2004 2005 2006 2007 2008 2009 2010 2011 2012 2014 2016 2018 2020 2021 2022 2023 2024 2026 2029 2032 2034 2036 2037 2038 2039 2040 2041 2042 2043 2044 2047 2048 0
3 5 6 7 8 9 10 11 12 16 17 18 20 21 22 23 24 25 26 27 28 30 31 32 0

55
1 2 3 4 5 6 7 8 9 10 11 12 13 15 17 18 19 22 24 25 26 28 29 30 31 32 33 35 37 38 39 40 42 45 46 48 49 50 51 52 53 54 55 56 57 58 59 60 61 62 64 67 68 69 70 71 73 74 75 76 77 78 79 80 81 82 83 84 85 86 87 88 89 90 91 93 95 96 97 99 100 101 102 104 105 106 107 108 109 110 111 112 113 114 116 118 119 120 121 122 127 128 129 131 132 133 134 135 136 137 138 140 141 144 145 149 151 152 153 154 156 157 158 160 161 162 164 165 166 167 169 172 173 174 176 177 179 181 182 183 184 185 186 187 188 189 190 191 192 193 194 195 196 197 198 199 200 201 202 203 204 205 206 208 209 210 211 212 216 219 220 221 222 224 225 228 229 230 232 233 234 235 236 237 238 239 240 241 242 243 244 245 246 247 248 249 251 252 253 254 255 256 257 258 259 260 261 262 263 264 267 268 269 271 272 273 274 275 276 277 278 279 280 281 282 283 285 286 287 288 289 292 293 294 295 301 302 303 305 306 307 309 310 311 312 313 314 315 316 317 318 319 320 321 323 324 325 326 328 329 330 331 332 333 334 336 339 342 343 344 346 348 349 350 352 353 354 355 359 363 364 366 369 371 372 373 375 379 380 381 384 385 388 389 391 394 396 398 399 400 401 406 407 409 410 411 412 413 414 416 419 420 421 422 423 424 425 426 429 430 431 432 433 434 435 436 437 438 439 440 441 442 443 444 445 446 447 448 449 450 452 453 454 455 456 457 458 459 461 462 463 464 465 467 469 471 472 473 474 475 476 479 480 481 482 483 485 486 487 488 489 491 493 495 496 498 499 500 501 503 504 506 507 508 511 512 516 517 519 521 522 523 525 528 533 535 536 538 539 542 543 545 546 547 550 553 554 557 558 561 562 564 566 567 571 572 578 581 584 589 590 591 592 595 597 600 601 603 606 607 608 609 611 614 615 616 617 619 620 622 624 625 626 627 628 629 631 632 633 634 636 639 640 641 642 643 644 647 648 649 650 652 654 655 656 657 658 659 661 662 663 664 665 667 671 672 673 674 675 678 680 681 683 684 686 687 688 689 691 695 698 699 700 702 703 704 705 710 712 714 717 718 719 720 721 722 723 727 728 729 730 731 734 735 736 742 745 746 747 750 753 754 760 761 762 763 769 770 773 774 775 776 778 779 780 781 782 783 784 785 786 788 790 791 792 793 794 795 796 797 798 799 800 801 802 803 804 805 806 807 808 809 810 811 812 815 816 817 818 819 820 821 822 823 824 825 826 827 828 829 830 832 834 835 836 838 839 840 841 842 844 845 847 849 850 851 852 853 854 855 856 857 859 860 863 864 866 867 869 870 871 872 873 875 876 878 881 882 884 885 886 888 890 891 892 893 894 895 899 900 901 902 903 905 906 907 908 909 913 916 917 918 920 922 923 927 930 931 934 935 936 937 938 939 941 942 943 945 946 950 951 952 953 955 958 960 965 966 968 969 970 971 972 973 975 976 978 980 981 982 983 984 985 988 989 990 991 992 993 994 995 996 998 999 1000 1001 1002 1005 1007 1009 1010 1011 1012 1013 1014 1015 1016 1017 1018 1019 1020 1021 1022 1023 1024 1025 1028 1029 1030 1031 1032 1034 1035 1037 1038 1041 1046 1047 1048 1049 1050 1051 1052 1057 1059 1061 1062 1063 1064 1065 1067 1068 1069 1070 1071 1074 1076 1077 1078 1084 1085 1087 1089 1093 1094 1095 1096 1097 1098 1099 1102 1104 1105 1106 1110 1111 1115 1118 1119 1120 1121 1122 1123 1125 1127 1130 1131 1132 1135 1136 1137 1138 1139 1143 1144 1146 1147 1148 1149 1152 1153 1154 1155 1156 1159 1160 1161 1162 1163 1164 1165 1166 1167 1168 1169 1170 1171 1172 1173 1174 1175 1178 1179 1180 1181 1182 1183 1184 1186 1187 1190 1191 1192 1193 1194 1195 1196 1198 1199 1200 1201 1202 1203 1206 1207 1209 1210 1213 1215 1216 1217 1218 1219 1223 1224 1225 1229 1230 1231 1232 1233 1234 1235 1240 1241 1243 1246 1247 1248 1249 1250 1256 1257 1258 1260 1262 1263 1264 1266 1267 1268 1269 1270 1271 1272 1273 1276 1277 1279 1281 1282 1283 1285 1287 1288 1289 1291 1292 1293 1294 1296 1297 1298 1299 1300 1302 1303 1304 1306 1308 1309 1310 1311 1312 1313 1314 1315 1316 1317 1318 1319 1320 1321 1322 1323 1324 1325 1326 1328 1329 1330 1331 1335 1336 1337 1338 1339 1340 1345 1346 1347 1349 1350 1351 1352 1353 1354 1355 1358 1360 1361 1363 1365 1366 1368 1369 1370 1371 1372 1373 1374 1375 1376 1381 1382 1383 1385 1386 1387 1388 1392 1394 1395 1396 1397 1398 1399 1400 1401 1402 1403 1405 1407 1408 1409 1410 1411 1413 1415 1416 1417 1418 1419 1420 1424 1425 1426 1428 1429 1431 1432 1433 1434 1435 1436 1437 1439 1440 1441 1444 1448 1449 1450 1451 1452 1453 1454 1455 1456 1457 1462 1463 1464 1465 1466 1467 1468 1469 1470 1471 1472 1473 1474 1475 1476 1477 1478 1482 1483 1484 1485 1486 1487 1488 1489 1490 1493 1494 1495 1496 1497 1498 1500 1505 1506 1508 1510 1511 1514 1516 1517 1518 1522 1523 1524 1525 1526 1527 1529 1530 1531 1532 1534 1536 1537 1538 1539 1541 1542 1543 1544 1545 1546 1547 1550 1552 1553 1554 1556 1557 1558 1560 1561 1562 1563 1564 1569 1570 1571 1572 1574 1575 1576 1578 1579 1581 1583 1585 1586 1587 1588 1589 1590 1593 1596 1597 1598 1599 1600 1602 1605 1606 1607 1609 1611 1612 1613 1614 1615 1617 1618 1619 1620 1621 1622 1623 1625 1627 1628 1629 1630 1631 1632 1633 1635 1637 1638 1640 1641 1643 1645 1646 1647 1648 1649 1651 1652 1653 1654 1655 1656 1657 1658 1661 1663 1665 1666 1668 1669 1670 1671 1672 1673 1674 1677 1678 1679 1681 1682 1683 1684 1685 1686 1687 1689 1690 1691 1693 1695 1696 1697 1699 1700 1701 1702 1703 1704 1705 1706 1708 1711 1712 1713 1714 1715 1716 1718 1719 1720 1721 1724 1725 1726 1727 1728 1729 1731 1733 1735 1736 1737 1739 1740 1743 1744 1745 1747 1748 1749 1750 1751 1752 1755 1756 1759 1760 1761 1766 1768 1769 1770 1772 1777 1778 1780 1782 1783 1784 1787 1788 1791 1792 1794 1795 1796 1797 1798 1803 1806 1807 1808 1809 1810 1811 1812 1813 1814 1815 1817 1819 1821 1823 1824 1827 1831 1832 1833 1834 1835 1839 1840 1841 1842 1846 1847 1848 1849 1850 1851 1856 1857 1862 1863 1865 1866 1867 1868 1872 1878 1879 1894 1895 1900 1906 1911 1912 1913 1916 1917 1918 1919 1920 1928 1929 1931 1932 1933 1934 1940 1944 1945 1946 1947 1948 1949 1950 1956 1957 1958 1959 1961 1962 1963 1964 1965 1972 1973 1974 1975 1976 1978 1979 1980 1981 1986 1988 1989 1990 1991 1992 1995 1996 1997 1998 2004 2005 2006 2007 2009 2011 2012 2013 2014 2019 2020 2021 2022 2023 2027 2028 2029 2030 2033 2037 2038 2039 2040 2041 2045 2046 2047 2048 0
1 2 3 4 5 6 7 13 16 17 18 21 23 27 28 31 0

56
1 2 3 5 6 8 11 12 13 16 17 18 19 21 22 23 24 27 28 29 30 31 33 34 35 37 38 39 40 41 42 43 44 45 48 49 50 51 52 53 54 55 56 57 58 59 60 61 62 63 64 65 66 67 68 69 70 71 72 73 74 76 77 78 79 80 81 82 83 84 85 86 87 88 89 90 91 92 94 95 96 97 98 99 100 101 102 103 104 105 106 107 108 109 110 111 112 113 115 116 117 118 119 120 121 122 123 124 125 127 129 131 132 133 134 135 136 137 138 139 140 141 142 143 144 145 146 147 148 149 150 151 152 153 154 155 156 157 158 160 161 162 163 164 165 166 167 168 169 170 171 172 173 174 175 177 178 179 180 181 182 183 184 185 186 187 188 189 190 191 193 194 195 196 197 198 199 200 201 202 203 204 205 206 207 208 209 210 211 212 213 214 216 217 218 219 221 222 223 225 226 227 228 229 230 231 233 235 236 238 240 241 242 243 244 245 246 247 248 249 250 251 252 254 255 256 257 258 260 262 264 265 266 267 268 269 270 273 274 275 278 280 282 284 285 287 288 289 290 291 292 293 295 296 297 298 299 300 301 303 304 305 306 307 308 309 310 311 312 314 315 316 317 318 320 321 322 323 324 325 326 327 328 330 331 332 334 335 336 337 338 339 340 342 343 344 345 346 347 348 350 351 352 353 354 355 356 357 358 359 361 362 364 365 366 367 369 370 371 372 373 374 375 376 377 378 379 380 382 383 384 385 386 387 388 389 390 391 392 393 394 395 396 397 398 399 400 401 402 403 404 407 408 409 410 411 412 413 414 415 417 418 419 420 421 423 424 426 427 428 429 430 431 432 433 434 435 436 437 438 439 440 442 444 445 446 447 448 449 450 451 452 453 454 455 456 457 458 459 460 461 462 463 464 465 466 467 469 470 471 472 473 474 475 476 477 478 479 480 481 482 483 484 485 486 487 488 489 490 491 492 493 494 495 496 497 498 499 500 501 502 503 504 505 506 507 508 509 510 512 513 514 515 516 517 518 519 520 521 522 523 524 525 526 527 528 529 530 531 532 534 535 536 537 538 539 540 541 543 544 545 546 547 548 549 550 551 552 553 554 555 556 557 558 559 560 561 562 563 564 565 566 567 568 571 572 574 575 576 577 578 580 581 582 583 584 585 586 587 588 589 590 591 592 593 594 596 597 598 600 601 602 603 604 605 607 608 609 610 611 612 613 614 615 616 617 618 619 620 621 622 624 625 626 627 628 629 630 631 632 633 634 635 636 637 640 641 642 643 644 645 646 647 648 650 651 652 655 656 657 658 659 660 661 662 663 664 665 666 667 668 669 670 673 674 675 676 677 678 679 680 681 682 683 684 685 686 689 690 691 692 693 694 695 696 697 698 699 700 701 702 703 704 705 706 707 708 709 710 711 712 713 714 715 716 717 718 719 720 721 722 723 724 725 726 727 728 729 732 734 735 736 737 738 739 740 741 742 743 744 745 748 749 750 751 752 753 754 755 756 757 758 760 764 765 766 767 768 770 771 772 773 774 775 776 777 778 779 780 781 782 783 784 785 787 791 792 793 794 795 796 797 798 799 801 802 803 804 805 807 808 809 810 811 812 813 814 817 818 819 820 822 823 824 825 826 827 828 829 830 831 834 836 837 838 839 841 842 843 844 845 846 847 848 850 851 852 853 854 855 856 858 859 861 862 863 864 865 866 868 869 871 873 874 875 876 877 878 879 880 881 882 883 884 885 887 889 890 891 892 893 894 895 896 897 898 899 900 901 902 903 904 905 906 908 910 911 912 913 914 915 916 917 918 919 920 921 922 923 924 926 927 928 929 930 931 932 933 934 935 937 938 939 940 942 943 945 946 947 948 949 950 951 952 953 954 955 956 957 958 959 961 962 963 964 965 966 967 968 969 970 971 972 973 974 975 976 977 978 979 980 981 982 983 984 985 986 987 988 989 990 991 992 993 994 996 997 998 999 1000 1001 1002 1003 1004 1005 1006 1007 1008 1009 1010 1011 1012 1013 1014 1015 1016 1017 1018 1019 1020 1021 1022 1023 1024 1025 1027 1028 1029 1030 1032 1033 1034 1035 1037 1038 1039 1040 1041 1042 1043 1045 1046 1047 1048 1049 1050 1051 1052 1053 1054 1055 1056 1057 1058 1059 1060 1062 1063 1064 1065 1066 1067 1068 1069 1070 1073 1074 1075 1076 1077 1078 1079 1080 1081 1082 1083 1084 1088 1090 1091 1092 1093 1094 1095 1096 1097 1098 1099 1100 1101 1102 1103 1104 1105 1106 1108 1109 1110 1111 1112 1113 1114 1115 1116 1117 1118 1119 1120 1121 1122 1123 1124 1126 1127 1128 1129 1130 1131 1132 1133 1134 1135 1137 1139 1140 1141 1142 1143 1144 1145 1146 1147 1148 1150 1153 1154 1155 1156 1157 1158 1159 1160 1161 1162 1163 1165 1166 1167 1168 1169 1170 1171 1173 1174 1175 1176 1177 1178 1179 1180 1181 1182 1183 1184 1185 1186 1187 1189 1191 1192 1193 1194 1195 1196 1198 1199 1201 1202 1203 1204 1205 1206 1208 1209 1210 1211 1213 1214 1215 1216 1218 1219 1220 1221 1222 1223 1224 1225 1226 1227 1228 1229 1230 1231 1232 1234 1235 1236 1237 1238 1239 1240 1241 1242 1243 1244 1245 1246 1247 1248 1249 1250 1251 1252 1253 1254 1255 1256 1257 1258 1259 1260 1261 1262 1263 1264 1265 1266 1267 1268 1269 1270 1271 1272 1273 1274 1275 1276 1277 1278 1279 1280 1281 1282 1283 1284 1285 1286 1287 1289 1290 1291 1292 1294 1295 1296 1297 1298 1299 1300 1301 1304 1305 1306 1307 1308 1309 1310 1312 1313 1314 1315 1316 1317 1320 1321 1322 1323 1324 1325 1326 1327 1328 1329 1330 1331 1332 1334 1335 1336 1337 1338 1339 1340 1341 1342 1343 1344 1345 1346 1347 1349 1350 1352 1353 1356 1357 1358 1359 1360 1361 1362 1364 1365 1366 1367 1368 1369 1370 1371 1372 1373 1374 1375 1376 1377 1378 1380 1381 1382 1383 1384 1385 1386 1387 1388 1389 1390 1391 1392 1393 1394 1396 1397 1398 1399 1400 1401 1402 1403 1404 1405 1406 1407 1408 1409 1410 1411 1413 1414 1415 1416 1417 1419 1420 1421 1422 1423 1424 1425 1427 1428 1429 1430 1431 1432 1433 1434 1435 1436 1437 1438 1439 1440 1441 1442 1443 1444 1445 1446 1447 1448 1449 1450 1451 1452 1453 1454 1455 1456 1457 1459 1460 1461 1462 1463 1464 1465 1466 1467 1468 1469 1470 1471 1472 1473 1474 1475 1476 1477 1478 1479 1480 1481 1482 1483 1484 1485 1486 1487 1488 1489 1490 1491 1492 1493 1494 1495 1496 1497 1498 1499 1500 1501 1503 1504 1505 1506 1507 1508 1509 1510 1511 1512 1513 1514 1515 1517 1518 1519 1520 1521 1522 1523 1526 1528 1529 1531 1532 1533 1534 1537 1538 1539 1540 1541 1542 1543 1545 1546 1547 1548 1549 1550 1551 1552 1553 1554 1555 1556 1557 1558 1559 1560 1561 1562 1563 1564 1565 1566 1568 1569 1570 1571 1572 1573 1574 1575 1576 1577 1578 1579 1581 1582 1583 1584 1585 1586 1588 1589 1590 1591 1592 1594 1595 1596 1597 1598 1601 1602 1603 1604 1605 1608 1609 1610 1611 1612 1613 1614 1615 1617 1618 1619 1620 1621 1622 1623 1624 1626 1627 1628 1629 1630 1631 1632 1633 1634 1635 1636 1637 1640 1641 1642 1643 1644 1645 1646 1647 1649 1650 1651 1652 1653 1654 1655 1657 1658 1659 1660 1661 1662 1663 1664 1665 1666 1668 1669 1670 1672 1673 1674 1675 1676 1678 1679 1680 1681 1682 1683 1684 1685 1686 1687 1688 1689 1690 1691 1692 1694 1695 1697 1698 1699 1700 1701 1702 1703 1704 1705 1706 1707 1709 1710 1711 1712 1713 1714 1715 1716 1717 1718 1719 1720 1721 1722 1723 1724 1725 1726 1727 1728 1729 1730 1731 1732 1733 1734 1735 1736 1737 1738 1739 1740 1741 1742 1743 1744 1745 1746 1748 1749 1750 1751 1752 1753 1754 1755 1756 1757 1758 1759 1760 1761 1762 1763 1764 1765 1767 1768 1769 1771 1772 1773 1775 1776 1777 1778 1779 1780 1781 1782 1784 1785 1786 1787 1788 1789 1790 1791 1792 1793 1794 1795 1796 1797 1799 1800 1802 1803 1804 1805 1806 1807 1808 1809 1812 1813 1814 1818 1819 1820 1821 1822 1823 1824 1825 1826 1828 1829 1830 1834 1835 1836 1837 1838 1839 1840 1844 1845 1846 1847 1848 1849 1850 1851 1852 1853 1855 1856 1858 1859 1860 1862 1863 1864 1865 1866 1867 1868 1869 1871 1872 1873 1874 1875 1877 1878 1879 1880 1881 1882 1883 1884 1885 1886 1887 1888 1889 1890 1891 1893 1894 1895 1896 1897 1898 1899 1900 1901 1902 1904 1905 1906 1908 1909 1910 1911 1912 1913 1914 1915 1916 1917 1918 1919 1920 1921 1922 1923 1924 1925 1926 1928 1929 1930 1931 1932 1933 1934 1935 1936 1937 1938 1939 1940 1941 1942 1943 1944 1945 1946 1947 1948 1949 1950 1951 1953 1954 1956 1957 1958 1959 1960 1961 1962 1963 1964 1965 1966 1967 1969 1970 1971 1972 1973 1974 1975 1976 1977 1978 1979 1980 1981 1982 1983 1984 1985 1986 1987 1988 1989 1990 1991 1992 1993 1994 1995 1996 1997 1998 1999 2000 2001 2002 2004 2006 2007 2008 2009 2010 2011 2012 2013 2014 2015 2016 2017 2018 2019 2020 2021 2023 2025 2029 2030 2032 2033 2034 2035 2036 2037 2038 2040 2043 2044 2045 2048 0
1 2 3 4 6 7 9 10 11 12 14 15 16 17 18 19 20 21 22 23 26 27 28 29 31 32 0

57
1 2 3 4 5 6 8 9 10 11 12 14 15 16 17 18 19 20 21 22 24 26 27 28 29 30 31 32 33 34 36 37 38 43 45 46 47 48 49 50 51 52 54 56 57 58 61 62 64 65 66 67 68 69 70 72 73 74 76 77 78 80 81 82 83 84 85 87 89 90 91 92 93 96 97 99 100 101 103 104 106 107 108 109 112 113 114 115 116 119 120 121 122 128 129 130 131 133 134 136 138 139 140 144 145 148 149 151 152 153 154 156 161 163 166 167 168 169 170 171 172 175 176 177 178 179 180 181 182 183 184 186 187 188 189 190 193 194 195 197 201 203 204 205 206 207 208 209 210 212 213 214 217 220 221 223 224 225 228 229 230 231 232 233 234 235 236 237 238 239 240 241 242 243 244 245 246 247 248 249 250 251 252 253 254 255 256 257 258 259 260 261 262 263 264 265 266 267 268 269 270 271 272 274 276 278 279 280 281 283 284 286 287 289 290 293 294 295 296 298 300 305 308 309 310 311 312 315 317 318 319 320 322 324 325 326 327 328 329 330 332 333 334 336 340 341 342 343 344 345 346 348 350 352 353 355 356 357 358 359 360 361 362 363 365 366 367 368 369 371 372 373 375 377 378 379 381 382 384 385 388 389 390 392 393 394 397 398 399 400 401 402 403 404 405 406 407 409 410 411 412 413 414 416 417 418 420 422 424 425 426 427 428 429 432 435 436 438 442 443 444 445 446 447 448 449 452 453 455 456 458 459 460 464 465 468 470 472 473 474 478 480 481 482 483 485 486 487 489 490 491 496 500 501 502 503 504 505 506 507 508 509 510 511 512 513 515 516 517 518 519 520 522 523 524 525 526 527 528 529 531 533 534 536 537 538 548 549 558 559 563 564 565 566 567 568 571 572 574 575 578 579 580 581 582 583 584 585 586 587 588 590 594 595 596 597 598 599 600 601 603 604 606 607 608 610 611 612 613 614 615 616 617 618 619 620 621 622 624 627 628 629 631 633 634 635 636 637 639 640 641 643 644 647 649 651 652 653 655 656 657 660 662 663 664 665 666 667 668 669 670 671 672 673 674 675 677 678 679 680 681 682 683 684 685 687 688 691 693 696 697 698 700 701 703 704 706 707 712 713 714 715 716 717 718 719 720 722 723 724 725 728 729 730 732 733 734 735 740 741 742 743 744 745 746 747 748 749 752 753 756 757 759 760 762 763 764 765 766 767 768 770 771 772 773 775 776 777 778 779 780 782 783 784 786 788 792 793 794 797 798 799 800 802 803 804 805 807 808 809 810 811 814 815 816 817 819 822 823 824 825 826 828 835 838 839 840 841 842 843 845 847 848 849 851 853 854 855 856 860 861 863 867 868 869 870 871 872 873 874 875 877 878 880 881 883 885 888 890 893 895 897 898 899 902 903 904 905 907 908 909 911 914 916 917 918 919 920 921 923 924 925 926 928 930 933 934 935 936 937 938 940 941 942 943 944 946 950 951 952 953 954 955 956 960 962 963 964 965 966 967 968 969 970 971 973 976 980 981 982 983 984 985 986 987 988 989 991 993 995 996 997 998 999 1000 1001 1002 1003 1004 1006 1007 1009 1010 1011 1012 1013 1014 1015 1016 1017 1018 1019 1020 1021 1022 1023 1024 1028 1031 1032 1033 1034 1035 1040 1041 1042 1043 1048 1057 1058 1064 1065 1066 1067 1073 1074 1081 1082 1083 1084 1085 1086 1087 1089 1090 1091 1092 1093 1098 1101 1102 1103 1105 1106 1107 1108 1109 1110 1111 1112 1113 1114 1116 1117 1118 1121 1122 1123 1124 1125 1126 1128 1129 1130 1131 1132 1134 1135 1136 1137 1138 1139 1140 1141 1142 1143 1145 1148 1149 1150 1151 1152 1153 1154 1156 1157 1158 1159 1161 1163 1164 1165 1167 1168 1169 1172 1173 1174 1176 1178 1179 1180 1181 1182 1183 1184 1185 1188 1189 1190 1191 1192 1194 1195 1196 1199 1200 1201 1202 1203 1204 1206 1207 1208 1209 1210 1211 1212 1213 1214 1215 1216 1217 1218 1219 1220 1222 1223 1224 1225 1226 1227 1228 1229 1231 1232 1233 1234 1235 1236 1237 1238 1239 1245 1246 1247 1248 1249 1250 1251 1252 1253 1254 1255 1256 1258 1260 1261 1262 1263 1264 1265 1266 1267 1268 1269 1270 1271 1272 1273 1274 1275 1276 1277 1278 1279 1280 1282 1283 1284 1285 1286 1287 1288 1289 1290 1291 1292 1293 1294 1295 1296 1298 1299 1300 1301 1302 1303 1304 1305 1306 1307 1308 1309 1310 1311 1312 1314 1315 1319 1320 1321 1322 1324 1325 1326 1327 1328 1330 1331 1337 1341 1342 1346 1349 1350 1351 1352 1353 1356 1357 1358 1360 1364 1365 1366 1367 1368 1369 1370 1371 1372 1373 1376 1378 1379 1380 1382 1383 1384 1385 1388 1389 1391 1392 1393 1396 1397 1398 1400 1401 1405 1407 1409 1410 1411 1412 1414 1415 1416 1417 1421 1422 1423 1424 1425 1426 1427 1428 1429 1430 1431 1432 1433 1434 1439 1440 1442 1443 1444 1445 1446 1447 1452 1453 1456 1457 1459 1460 1461 1464 1465 1466 1468 1469 1470 1471 1472 1474 1477 1478 1480 1483 1484 1485 1486 1487 1488 1492 1494 1495 1496 1497 1498 1499 1500 1501 1504 1505 1508 1511 1512 1513 1514 1515 1520 1521 1522 1523 1524 1525 1526 1527 1528 1529 1530 1533 1534 1536 1537 1543 1544 1546 1552 1553 1555 1557 1559 1561 1562 1563 1566 1567 1568 1569 1574 1575 1576 1577 1578 1584 1585 1586 1589 1590 1591 1592 1595 1596 1597 1601 1602 1605 1606 1607 1608 1611 1613 1614 1617 1618 1619 1620 1623 1624 1625 1628 1629 1630 1633 1634 1635 1636 1637 1639 1640 1642 1644 1645 1646 1648 1649 1650 1651 1652 1653 1654 1655 1656 1657 1658 1659 1661 1664 1665 1667 1668 1669 1670 1671 1672 1673 1677 1679 1680 1681 1682 1683 1684 1685 1686 1688 1690 1691 1693 1695 1696 1697 1698 1701 1702 1704 1705 1707 1708 1709 1710 1712 1713 1714 1715 1718 1719 1720 1723 1724 1725 1726 1728 1729 1730 1731 1733 1735 1736 1737 1738 1740 1741 1742 1744 1745 1746 1747 1748 1750 1751 1753 1754 1755 1756 1757 1758 1759 1760 1761 1762 1763 1764 1766 1767 1768 1769 1770 1771 1772 1773 1774 1775 1777 1779 1780 1781 1782 1785 1786 1788 1789 1790 1791 1793 1794 1795 1796 1797 1798 1799 1803 1804 1805 1806 1812 1813 1814 1815 1817 1819 1820 1821 1822 1824 1828 1829 1830 1831 1832 1836 1837 1840 1845 1846 1847 1848 1851 1856 1862 1863 1864 1866 1867 1868 1872 1878 1879 1880 1882 1883 1884 1885 1888 1893 1895 1898 1899 1900 1901 1908 1909 1911 1912 1913 1914 1916 1917 1918 1922 1923 1924 1925 1926 1928 1929 1930 1932 1933 1934 1937 1938 1939 1940 1941 1943 1945 1947 1948 1949 1953 1954 1955 1957 1959 1963 1964 1978 1979 1980 1981 1991 1992 1993 1994 1995 1996 2007 2008 2009 2010 2011 2012 2021 2022 2023 2024 2025 2027 2033 2034 2036 2037 2038 2039 2040 2041 2042 2043 2046 2047 2048 0
1 2 3 5 6 12 13 15 18 19 21 22 23 25 26 28 29 30 32 0

58
1 2 3 4 5 6 7 8 9 10 11 12 13 15 16 17 18 19 20 21 23 24 25 26 28 30 31 32 33 34 35 37 38 40 41 42 43 45 46 47 48 49 50 51 52 53 54 55 56 57 58 59 60 61 62 63 64 65 66 67 68 69 70 71 72 73 74 76 77 78 79 81 82 83 84 85 86 87 88 90 91 92 94 96 97 98 99 100 101 102 103 104 105 106 107 108 109 111 112 113 114 115 116 117 118 119 120 121 122 123 124 125 127 128 129 130 131 132 133 134 135 136 137 138 139 140 141 142 144 145 146 147 148 149 150 151 152 153 154 156 157 158 159 160 161 162 163 164 165 166 167 168 169 170 172 173 174 175 177 178 179 180 181 182 183 184 185 186 187 189 190 191 192 193 194 195 196 197 198 200 201 202 203 204 205 206 207 208 209 211 212 213 214 215 216 217 218 219 221 223 224 225 226 227 229 230 231 232 233 234 235 236 237 239 240 241 242 243 246 247 248 249 250 251 252 253 254 256 257 258 259 260 261 262 263 264 265 266 267 268 269 270 271 272 274 277 279 280 281 285 286 287 289 290 291 294 295 296 297 298 299 300 301 302 303 304 305 306 307 308 309 310 311 312 313 314 315 316 319 320 321 322 323 324 326 327 328 329 330 331 333 334 335 336 337 338 339 341 342 343 344 345 346 347 348 349 350 352 353 355 356 357 358 359 360 361 362 363 364 365 366 367 368 369 370 371 373 374 375 376 377 378 379 380 382 383 384 385 386 388 389 390 391 392 393 394 399 400 401 403 404 405 406 407 408 409 410 411 412 413 414 416 418 419 420 421 422 424 425 426 427 428 429 430 431 432 433 434 435 437 438 439 440 441 442 444 445 446 447 448 449 451 452 453 455 456 457 458 459 460 461 462 463 464 465 466 467 468 469 470 471 473 475 476 477 478 479 480 481 482 483 485 486 487 488 489 490 491 492 494 495 496 497 498 499 500 501 502 503 504 505 507 508 509 510 511 512 513 514 515 516 517 518 519 520 521 524 525 526 528 529 531 533 535 536 537 539 541 544 545 551 552 553 554 555 556 558 559 560 561 562 563 564 565 566 567 568 569 570 571 572 573 576 577 578 579 580 581 583 584 585 586 587 590 592 593 594 595 596 597 598 599 600 601 602 603 604 606 609 610 611 612 613 614 615 616 618 619 620 621 623 624 625 626 627 629 630 631 632 633 634 635 636 637 639 641 642 644 645 646 647 648 649 650 651 652 653 655 656 657 658 659 660 662 663 664 665 666 667 668 671 672 673 674 675 677 678 679 680 681 682 683 684 685 688 689 690 691 692 693 694 695 696 697 698 699 700 701 702 703 705 706 707 708 709 710 711 713 714 715 716 717 718 719 720 721 722 723 724 725 726 727 728 729 730 731 732 733 734 735 736 737 738 739 744 745 747 751 752 753 754 755 756 757 758 759 763 764 765 766 767 768 769 770 771 772 773 774 775 776 777 778 779 780 781 782 783 784 785 786 787 788 789 793 794 795 798 799 800 801 802 803 804 805 806 807 808 809 810 811 812 813 815 817 818 819 820 821 822 824 825 826 827 828 829 830 831 832 833 834 835 836 837 838 839 841 842 844 845 846 847 848 849 850 851 852 854 855 857 858 859 861 864 866 870 872 873 874 879 880 881 882 883 884 885 886 887 888 889 890 891 892 893 896 897 899 900 901 902 903 904 905 906 907 908 909 910 912 913 914 915 916 917 918 919 920 922 923 925 926 927 928 929 930 931 932 934 935 936 937 938 939 940 942 943 944 945 947 948 949 950 951 952 953 955 956 957 959 960 961 962 963 964 965 966 967 968 969 970 971 972 973 974 975 976 978 979 980 983 984 985 986 987 988 989 990 991 992 993 995 996 997 998 999 1000 1001 1002 1003 1004 1005 1006 1007 1008 1009 1010 1011 1012 1013 1014 1015 1016 1017 1018 1019 1020 1021 1022 1023 1024 1025 1026 1028 1029 1033 1034 1035 1036 1037 1038 1039 1040 1041 1042 1043 1044 1045 1047 1049 1050 1051 1056 1061 1062 1063 1064 1066 1067 1068 1072 1073 1074 1075 1076 1077 1078 1079 1081 1082 1083 1084 1088 1089 1090 1091 1092 1093 1094 1096 1097 1098 1100 1101 1102 1104 1105 1106 1107 1108 1109 1112 1113 1114 1115 1116 1117 1118 1121 1123 1124 1125 1126 1127 1128 1129 1130 1131 1132 1137 1138 1139 1140 1141 1142 1143 1144 1146 1147 1148 1149 1150 1151 1153 1154 1155 1156 1157 1158 1159 1160 1161 1162 1163 1164 1166 1167 1168 1169 1170 1171 1172 1173 1176 1178 1179 1180 1181 1182 1183 1184 1185 1186 1187 1188 1189 1190 1191 1192 1193 1194 1195 1196 1197 1198 1199 1201 1203 1204 1205 1206 1207 1208 1209 1210 1211 1212 1213 1214 1215 1216 1218 1219 1220 1221 1222 1223 1224 1225 1226 1227 1228 1229 1230 1231 1232 1233 1234 1235 1236 1238 1239 1240 1241 1242 1243 1244 1245 1246 1247 1249 1250 1251 1252 1253 1254 1255 1256 1257 1258 1259 1260 1261 1262 1263 1264 1265 1266 1267 1268 1269 1270 1271 1272 1273 1274 1275 1276 1277 1278 1279 1280 1281 1282 1283 1284 1285 1286 1287 1288 1289 1290 1291 1292 1293 1294 1296 1297 1298 1299 1300 1301 1302 1303 1304 1305 1306 1310 1312 1313 1314 1316 1319 1320 1322 1325 1327 1328 1329 1330 1331 1332 1333 1334 1335 1336 1337 1338 1339 1343 1345 1346 1347 1348 1349 1350 1351 1352 1353 1354 1355 1359 1360 1361 1362 1363 1364 1365 1366 1367 1368 1369 1370 1371 1372 1375 1376 1377 1378 1379 1380 1381 1382 1383 1384 1385 1386 1387 1388 1391 1393 1394 1395 1396 1397 1400 1403 1404 1405 1408 1409 1410 1411 1412 1413 1414 1416 1417 1418 1419 1420 1421 1422 1423 1424 1425 1426 1427 1428 1429 1430 1432 1433 1434 1435 1436 1437 1438 1439 1440 1441 1442 1443 1444 1445 1446 1447 1448 1449 1450 1452 1453 1454 1456 1457 1458 1460 1462 1463 1464 1465 1466 1468 1469 1470 1471 1472 1473 1474 1475 1477 1478 1479 1480 1481 1482 1483 1484 1485 1486 1487 1488 1489 1491 1492 1493 1494 1495 1496 1497 1500 1501 1502 1503 1504 1505 1506 1507 1508 1509 1510 1511 1512 1513 1514 1515 1516 1517 1518 1520 1521 1522 1523 1524 1525 1526 1527 1528 1529 1530 1531 1532 1533 1534 1535 1536 1537 1538 1539 1541 1545 1547 1548 1549 1550 1551 1552 1553 1554 1556 1559 1560 1561 1563 1567 1569 1570 1573 1574 1576 1577 1578 1579 1580 1583 1585 1588 1589 1590 1591 1592 1593 1594 1595 1596 1597 1599 1601 1602 1603 1604 1605 1606 1607 1608 1609 1610 1611 1613 1614 1617 1618 1619 1620 1621 1622 1623 1624 1625 1626 1627 1628 1630 1631 1633 1634 1637 1638 1639 1640 1641 1642 1643 1644 1647 1648 1649 1650 1652 1653 1654 1655 1656 1657 1658 1659 1660 1661 1662 1663 1665 1666 1667 1668 1669 1670 1671 1672 1673 1674 1675 1676 1677 1678 1679 1680 1681 1682 1683 1684 1686 1687 1688 1689 1690 1691 1692 1694 1695 1696 1697 1698 1699 1700 1701 1702 1704 1705 1706 1707 1708 1709 1710 1711 1712 1713 1714 1715 1716 1717 1718 1720 1721 1722 1723 1724 1725 1726 1727 1728 1729 1731 1732 1733 1734 1735 1738 1739 1740 1741 1742 1743 1744 1745 1748 1749 1750 1751 1752 1753 1754 1755 1756 1757 1758 1759 1760 1761 1763 1766 1767 1768 1770 1771 1772 1773 1774 1777 1778 1779 1783 1784 1787 1788 1789 1790 1792 1793 1797 1798 1799 1801 1802 1803 1804 1805 1806 1807 1808 1809 1812 1819 1821 1822 1823 1824 1825 1826 1829 1831 1833 1834 1835 1837 1838 1839 1840 1844 1845 1851 1853 1854 1855 1856 1859 1860 1861 1862 1865 1866 1867 1868 1871 1873 1874 1875 1876 1877 1878 1880 1881 1882 1883 1884 1885 1886 1887 1889 1890 1891 1892 1893 1894 1895 1896 1897 1898 1899 1902 1904 1905 1906 1907 1908 1909 1910 1912 1913 1914 1915 1916 1917 1918 1920 1921 1922 1923 1924 1925 1926 1928 1931 1932 1933 1934 1936 1937 1938 1939 1940 1942 1943 1945 1948 1950 1951 1952 1955 1956 1959 1960 1961 1963 1964 1966 1967 1968 1970 1971 1973 1974 1975 1976 1977 1978 1979 1981 1982 1983 1984 1985 1986 1988 1990 1991 1992 1993 1994 1995 1996 1997 1998 1999 2000 2002 2003 2007 2008 2009 2010 2011 2012 2013 2014 2016 2017 2018 2019 2023 2025 2026 2027 2028 2029 2030 2031 2032 2034 2035 2036 2037 2038 2039 2040 2041 2042 2043 2044 2048 0
1 3 5 8 9 10 12 14 16 17 19 20 21 23 24 26 27 28 30 31 32 0

59
1 3 4 5 6 7 9 10 13 14 15 16 17 19 20 21 22 23 24 25 26 29 33 35 36 37 38 39 42 44 45 48 49 51 52 53 54 55 56 58 59 60 62 64 65 67 68 69 70 71 72 73 74 75 76 77 78 79 80 81 83 84 85 87 88 89 90 91 92 93 94 95 96 97 99 100 101 102 103 104 105 106 107 108 109 111 113 115 116 117 118 119 121 122 125 126 127 129 131 132 133 134 135 136 137 138 139 140 141 142 144 145 148 149 150 151 152 153 154 155 156 157 158 159 160 161 162 163 164 165 166 167 168 169 170 171 173 175 176 177 180 181 182 183 184 185 186 187 188 189 190 191 192 193 194 196 197 198 199 200 201 203 204 205 206 207 208 209 210 211 212 213 215 216 217 218 219 220 221 222 223 224 225 227 228 230 231 232 233 235 236 237 239 240 241 243 244 245 246 247 250 251 252 253 254 256 257 258 259 260 261 262 264 265 266 267 269 271 272 273 274 277 278 279 280 281 282 283 284 285 286 288 289 291 292 293 294 295 297 299 300 301 302 303 304 305 306 307 309 310 311 315 316 317 319 320 321 322 323 324 325 326 327 328 329 330 331 332 333 334 335 336 337 339 340 341 342 343 345 346 347 348 349 350 351 353 354 355 356 357 358 359 360 362 363 364 366 367 368 369 371 372 373 374 375 377 378 379 381 382 385 386 387 388 389 390 391 392 394 395 396 398 400 401 402 403 404 405 406 407 408 409 410 411 412 413 414 415 416 418 419 420 421 422 423 424 427 428 429 430 431 432 433 434 435 436 437 438 440 442 443 444 445 447 448 449 451 452 454 456 457 458 459 460 461 462 463 464 465 466 467 468 469 470 471 472 473 474 475 476 477 478 479 480 481 482 483 484 485 486 487 489 490 491 492 493 494 496 497 498 499 500 501 502 503 504 505 506 507 508 509 510 511 512 513 514 515 516 518 519 523 524 525 528 529 530 531 533 536 537 538 540 541 549 550 552 556 557 558 560 562 563 564 568 569 570 571 572 573 574 575 576 580 581 583 584 585 586 587 588 589 590 591 593 595 596 598 599 600 601 602 603 604 608 611 612 613 614 616 617 618 619 623 627 628 629 630 633 634 635 636 637 641 643 644 645 647 649 650 651 652 654 656 657 659 660 661 664 667 668 669 670 671 672 673 675 676 677 681 683 685 686 687 688 689 690 691 694 695 700 701 702 703 706 708 709 710 712 713 714 715 716 717 718 719 720 721 723 724 725 726 728 729 731 732 733 734 735 736 737 738 739 741 742 743 745 747 748 749 750 751 752 753 755 756 757 758 759 760 761 762 763 764 766 767 768 769 770 771 772 773 774 775 776 777 778 779 780 781 782 783 784 786 787 788 789 790 791 792 796 797 798 799 800 802 808 809 810 811 812 813 814 815 816 817 818 819 820 821 822 823 824 825 826 827 831 832 834 835 836 837 838 839 840 841 842 845 847 848 850 851 853 854 855 856 857 858 859 860 861 862 863 868 869 871 872 874 875 876 879 880 882 883 885 886 887 888 889 890 891 892 895 896 899 901 902 903 904 906 909 913 914 915 916 918 919 920 921 922 923 925 926 927 928 930 931 932 933 934 935 936 937 939 940 941 942 943 944 945 946 948 949 950 951 952 953 954 955 956 957 958 959 960 962 963 965 966 967 968 969 970 971 973 974 975 976 977 978 979 981 982 983 984 985 986 987 988 989 990 991 993 994 995 996 997 998 999 1003 1004 1005 1007 1008 1009 1010 1011 1012 1013 1014 1015 1016 1017 1018 1019 1020 1021 1022 1023 1024 1026 1027 1028 1029 1030 1034 1035 1036 1037 1039 1040 1041 1043 1046 1051 1052 1053 1054 1055 1056 1057 1058 1059 1063 1064 1065 1066 1068 1069 1070 1072 1073 1075 1076 1077 1078 1085 1086 1087 1089 1091 1092 1093 1094 1096 1097 1098 1100 1101 1102 1103 1104 1105 1106 1107 1110 1111 1112 1113 1114 1115 1117 1118 1121 1122 1125 1126 1127 1128 1129 1130 1131 1132 1137 1138 1140 1141 1142 1143 1144 1145 1146 1147 1148 1149 1153 1154 1156 1157 1159 1160 1161 1162 1163 1164 1165 1166 1169 1172 1173 1174 1175 1176 1177 1178 1180 1181 1182 1183 1184 1185 1188 1189 1190 1191 1192 1193 1194 1195 1196 1197 1198 1199 1200 1201 1202 1203 1204 1205 1206 1207 1208 1209 1210 1211 1213 1216 1217 1218 1219 1221 1223 1224 1227 1228 1229 1230 1231 1232 1233 1234 1235 1236 1237 1238 1240 1241 1243 1244 1245 1246 1247 1248 1249 1250 1251 1252 1253 1255 1256 1257 1258 1259 1260 1261 1262 1263 1264 1265 1266 1267 1268 1269 1270 1271 1272 1273 1274 1275 1276 1277 1278 1279 1280 1281 1282 1283 1284 1285 1286 1287 1288 1290 1291 1292 1293 1294 1295 1296 1298 1300 1301 1302 1303 1304 1306 1309 1310 1312 1313 1315 1317 1319 1322 1323 1324 1325 1326 1329 1331 1332 1333 1334 1335 1336 1337 1338 1340 1341 1342 1343 1344 1345 1349 1350 1351 1352 1353 1354 1355 1357 1358 1361 1362 1363 1364 1365 1366 1367 1371 1372 1376 1377 1379 1380 1381 1382 1383 1384 1385 1386 1387 1388 1392 1393 1395 1396 1397 1398 1399 1400 1401 1402 1403 1404 1405 1408 1409 1411 1413 1414 1415 1416 1421 1422 1423 1424 1425 1428 1429 1430 1431 1432 1434 1435 1436 1438 1439 1440 1441 1442 1444 1445 1446 1447 1448 1449 1450 1451 1452 1453 1454 1455 1456 1458 1461 1463 1464 1465 1466 1467 1468 1469 1471 1472 1473 1474 1476 1478 1479 1480 1481 1482 1483 1484 1485 1486 1487 1488 1489 1492 1493 1495 1496 1500 1501 1502 1503 1504 1505 1506 1507 1508 1511 1512 1513 1514 1515 1516 1517 1518 1520 1521 1522 1523 1524 1525 1526 1527 1528 1529 1530 1531 1532 1533 1534 1535 1536 1537 1538 1539 1540 1541 1542 1543 1544 1546 1547 1549 1550 1551 1552 1553 1554 1555 1556 1557 1558 1559 1560 1561 1563 1564 1565 1566 1568 1569 1570 1573 1574 1575 1576 1577 1578 1579 1580 1581 1582 1583 1584 1585 1586 1589 1591 1594 1596 1597 1598 1599 1600 1601 1602 1603 1605 1606 1607 1608 1609 1610 1611 1612 1613 1614 1617 1618 1619 1620 1621 1622 1623 1626 1627 1628 1630 1631 1632 1633 1634 1635 1636 1637 1638 1639 1640 1641 1642 1643 1644 1646 1648 1649 1650 1651 1652 1653 1654 1655 1656 1657 1659 1660 1661 1662 1664 1665 1666 1667 1669 1670 1671 1672 1673 1675 1676 1677 1681 1683 1685 1686 1688 1689 1691 1694 1695 1696 1697 1699 1700 1701 1702 1703 1704 1705 1706 1707 1709 1710 1711 1712 1713 1714 1716 1717 1720 1722 1723 1724 1725 1726 1727 1728 1729 1730 1731 1732 1733 1734 1735 1736 1737 1739 1740 1741 1742 1743 1744 1745 1747 1749 1751 1752 1756 1758 1759 1760 1761 1762 1763 1764 1766 1767 1768 1770 1772 1773 1774 1776 1777 1778 1779 1780 1781 1782 1783 1784 1785 1786 1787 1788 1789 1790 1791 1792 1793 1794 1795 1796 1797 1798 1801 1802 1803 1804 1805 1806 1807 1808 1809 1811 1812 1813 1814 1816 1817 1818 1819 1820 1821 1822 1823 1824 1826 1827 1828 1829 1830 1831 1834 1837 1838 1839 1840 1841 1842 1843 1846 1847 1851 1853 1854 1855 1856 1857 1858 1859 1861 1862 1863 1864 1867 1868 1869 1870 1871 1872 1874 1875 1876 1877 1878 1879 1880 1881 1884 1886 1891 1892 1893 1894 1897 1898 1899 1902 1907 1908 1909 1910 1913 1917 1918 1919 1921 1923 1924 1925 1926 1927 1928 1931 1932 1933 1934 1939 1940 1941 1942 1943 1944 1946 1947 1949 1950 1952 1953 1954 1955 1959 1960 1961 1962 1964 1965 1966 1967 1968 1969 1970 1971 1972 1973 1974 1977 1979 1980 1981 1982 1983 1984 1985 1986 1987 1988 1989 1994 1995 1996 1998 1999 2000 2001 2002 2003 2004 2005 2006 2009 2010 2012 2013 2014 2015 2016 2017 2018 2019 2020 2021 2023 2024 2025 2028 2029 2030 2032 2033 2034 2035 2037 2038 2039 2043 2044 2045 2046 2048 0
1 3 4 5 6 7 8 9 12 13 14 16 17 19 20 21 23 24 25 27 28 32 0

60
1 2 3 4 5 6 7 8 10 11 13 14 15 16 17 19 21 22 23 24 26 27 29 30 31 32 33 34 35 36 37 38 39 42 43 44 45 46 48 49 50 51 52 54 56 57 58 59 63 64 65 66 67 69 70 71 72 73 74 75 76 78 80 81 83 85 86 87 91 92 93 95 97 99 100 101 103 104 105 106 107 108 111 115 116 117 118 120 121 123 124 127 128 129 131 135 137 142 144 145 147 149 151 153 154 156 157 159 160 161 162 163 164 165 166 167 171 172 175 177 178 179 180 181 182 183 184 187 188 189 190 191 193 194 195 197 198 199 201 202 203 204 206 208 209 210 213 214 215 216 217 221 222 224 225 226 228 229 231 232 233 235 236 237 238 239 240 241 242 244 245 246 247 248 249 250 251 252 253 254 255 256 257 258 259 260 261 262 264 266 267 268 269 270 271 272 273 274 275 276 278 279 280 282 283 284 285 286 287 289 293 295 297 298 299 300 301 302 303 304 305 306 307 308 309 311 312 314 316 318 319 320 321 323 325 326 327 328 329 330 332 335 336 337 338 339 340 342 343 344 345 346 347 348 349 352 353 354 355 356 357 358 360 361 362 363 364 365 366 367 369 371 372 373 374 375 376 377 379 380 381 382 384 385 386 387 388 389 390 392 393 394 395 397 401 403 404 405 406 407 408 409 411 412 413 415 417 421 422 423 424 425 426 427 428 429 432 434 435 437 438 439 440 442 443 444 445 446 447 448 449 450 451 452 453 454 455 456 458 459 461 464 466 467 468 471 472 474 476 477 479 481 482 483 484 485 486 487 488 489 490 491 492 493 494 496 499 502 503 504 505 506 507 508 509 510 511 512 513 514 515 516 517 518 519 520 525 526 527 528 529 530 531 532 533 535 536 537 539 541 542 543 544 546 547 549 550 551 553 557 558 559 561 563 568 569 571 573 574 578 580 581 582 583 584 585 586 587 588 589 590 591 592 593 595 596 598 599 600 602 603 605 606 607 609 611 612 614 615 617 618 619 621 622 623 624 627 628 629 630 631 632 633 635 636 637 638 639 642 646 647 648 649 650 651 652 653 654 655 657 659 660 662 663 665 666 667 668 669 671 673 674 676 677 678 679 680 682 683 685 686 690 691 692 693 694 696 697 698 699 702 703 704 706 707 709 710 711 712 713 714 715 716 717 719 720 721 722 724 726 727 728 729 730 731 733 734 736 737 738 739 741 742 743 744 745 746 747 748 749 750 752 754 755 757 765 766 768 769 770 771 772 773 774 775 776 777 778 779 780 781 782 783 784 785 786 787 788 794 795 796 797 798 799 802 803 804 806 807 808 809 810 813 814 815 816 817 818 819 820 821 822 823 824 825 826 827 828 829 830 831 832 833 834 835 836 837 838 840 841 842 844 847 848 849 850 851 852 854 855 856 857 858 859 860 861 862 863 866 867 868 870 871 872 873 874 875 876 877 878 879 881 882 883 884 887 888 889 890 891 892 893 894 895 896 898 899 900 901 904 906 907 909 914 915 916 917 919 920 921 922 923 930 931 932 933 934 935 937 939 940 942 943 944 948 949 950 951 952 953 954 955 956 957 958 959 960 963 964 966 967 968 969 970 971 973 974 975 977 980 981 982 984 985 986 987 988 989 990 993 994 995 996 997 998 999 1000 1001 1002 1003 1004 1005 1007 1008 1009 1010 1011 1012 1013 1014 1015 1016 1017 1018 1019 1020 1021 1022 1023 1024 1025 1027 1028 1029 1030 1031 1032 1033 1034 1035 1036 1037 1038 1039 1040 1041 1042 1043 1044 1045 1046 1047 1049 1050 1051 1054 1055 1057 1058 1059 1060 1061 1062 1063 1064 1065 1066 1067 1068 1069 1073 1075 1077 1078 1079 1080 1081 1082 1084 1086 1087 1089 1090 1091 1092 1093 1096 1097 1098 1100 1104 1105 1106 1107 1108 1109 1111 1112 1115 1117 1120 1121 1124 1125 1126 1128 1129 1130 1131 1132 1133 1134 1137 1138 1139 1140 1143 1147 1148 1149 1150 1151 1153 1154 1156 1157 1158 1160 1162 1163 1165 1166 1169 1170 1173 1174 1175 1176 1177 1178 1181 1182 1185 1186 1188 1189 1190 1191 1192 1194 1196 1197 1198 1201 1202 1204 1205 1206 1207 1208 1209 1210 1211 1212 1213 1216 1217 1218 1219 1220 1221 1224 1225 1226 1227 1228 1230 1232 1233 1234 1235 1236 1237 1238 1239 1240 1242 1245 1246 1247 1248 1249 1250 1251 1252 1253 1254 1255 1258 1259 1260 1261 1262 1264 1267 1268 1269 1270 1271 1272 1273 1274 1275 1276 1277 1278 1279 1280 1281 1282 1283 1284 1285 1286 1287 1288 1289 1292 1293 1294 1295 1296 1297 1298 1299 1301 1302 1303 1304 1308 1309 1310 1311 1312 1313 1314 1315 1316 1319 1320 1321 1322 1324 1325 1327 1328 1329 1330 1332 1333 1334 1335 1338 1339 1340 1341 1342 1343 1345 1346 1347 1352 1353 1354 1355 1359 1360 1361 1362 1363 1364 1365 1366 1367 1368 1369 1370 1371 1372 1373 1377 1378 1379 1380 1381 1382 1383 1384 1385 1386 1387 1388 1392 1393 1394 1395 1396 1397 1398 1399 1401 1402 1403 1405 1406 1409 1410 1412 1416 1420 1421 1422 1423 1424 1425 1426 1428 1430 1432 1433 1434 1436 1437 1438 1439 1440 1441 1442 1443 1446 1450 1451 1452 1453 1454 1455 1456 1457 1460 1461 1463 1464 1465 1466 1468 1469 1472 1473 1474 1477 1478 1479 1480 1481 1483 1484 1487 1488 1490 1493 1496 1497 1498 1499 1500 1503 1504 1510 1511 1512 1513 1514 1515 1516 1517 1518 1519 1520 1521 1522 1523 1524 1525 1526 1527 1528 1529 1530 1531 1532 1534 1535 1536 1537 1538 1539 1540 1541 1542 1543 1544 1545 1546 1547 1549 1550 1551 1552 1553 1554 1556 1557 1558 1559 1560 1561 1563 1564 1565 1568 1569 1570 1571 1572 1574 1575 1578 1579 1580 1581 1582 1584 1585 1586 1587 1588 1589 1590 1593 1594 1595 1596 1598 1599 1600 1601 1603 1605 1606 1607 1608 1609 1610 1611 1612 1617 1618 1622 1623 1624 1626 1627 1628 1629 1633 1634 1635 1636 1637 1638 1639 1641 1642 1643 1644 1645 1647 1649 1650 1651 1652 1653 1655 1656 1658 1659 1661 1663 1665 1667 1668 1669 1670 1671 1672 1675 1676 1677 1679 1681 1683 1684 1685 1686 1687 1688 1689 1690 1692 1693 1695 1697 1699 1701 1702 1705 1706 1707 1708 1709 1710 1711 1713 1715 1716 1718 1719 1720 1721 1723 1724 1725 1726 1729 1730 1731 1732 1733 1734 1736 1737 1738 1739 1740 1741 1744 1745 1746 1747 1750 1751 1753 1754 1755 1758 1760 1762 1765 1766 1768 1769 1771 1773 1774 1775 1776 1777 1778 1779 1780 1781 1782 1783 1784 1785 1786 1787 1788 1789 1790 1793 1794 1795 1796 1797 1798 1799 1800 1803 1804 1805 1806 1807 1808 1809 1810 1811 1812 1813 1814 1815 1822 1823 1824 1826 1827 1829 1830 1831 1834 1835 1836 1838 1839 1840 1841 1842 1843 1844 1845 1849 1850 1852 1855 1856 1857 1858 1859 1861 1862 1863 1866 1867 1868 1869 1870 1874 1875 1876 1881 1883 1885 1886 1887 1888 1890 1891 1896 1897 1900 1901 1902 1903 1904 1906 1907 1912 1913 1914 1915 1916 1917 1918 1919 1920 1922 1923 1924 1926 1927 1928 1929 1930 1931 1932 1933 1934 1935 1936 1942 1943 1944 1945 1948 1949 1950 1951 1952 1955 1956 1957 1959 1960 1961 1962 1963 1965 1966 1967 1970 1972 1973 1974 1975 1979 1980 1981 1982 1983 1986 1987 1988 1989 1990 1991 1992 1993 1994 1995 1996 1997 1998 2003 2004 2006 2007 2008 2009 2010 2011 2012 2013 2019 2020 2021 2022 2023 2024 2025 2026 2027 2029 2043 2046 2047 0
1 2 3 4 6 8 9 10 11 13 14 20 21 23 27 29 31 32 0

61
1 2 3 4 5 9 10 11 13 15 16 17 18 21 22 23 24 25 27 28 29 30 31 32 33 34 35 36 37 38 39 40 41 45 46 47 48 49 51 52 53 54 55 57 59 60 63 64 65 67 68 69 70 73 75 77 78 79 80 81 83 85 87 88 90 91 93 96 97 98 99 100 101 103 105 106 107 109 110 112 113 114 115 119 121 122 123 124 125 126 127 128 129 135 138 139 140 141 142 144 145 146 147 148 152 153 155 156 157 159 160 161 162 163 165 166 167 168 169 171 172 174 175 177 178 179 180 181 182 183 184 185 186 188 189 191 192 193 195 196 197 198 199 200 202 203 204 205 206 207 208 209 210 211 212 213 214 215 216 218 219 220 221 222 223 224 225 226 227 228 231 232 234 235 236 238 239 240 241 242 243 244 245 247 248 249 250 252 253 254 255 256 257 258 259 260 263 265 266 267 268 269 270 271 272 273 274 275 276 277 278 280 281 282 283 285 286 287 288 292 294 295 296 297 298 299 302 303 304 306 307 309 310 311 312 313 316 317 320 321 322 324 325 326 329 330 331 332 333 334 335 336 337 339 340 343 348 351 352 353 354 355 356 357 359 360 363 364 365 367 368 369 370 371 372 374 375 376 377 378 379 381 382 383 384 385 386 387 394 395 398 400 401 402 403 404 405 406 408 410 411 414 415 417 418 419 421 423 424 426 428 429 430 431 432 433 434 437 438 439 443 444 445 446 447 449 450 451 455 456 460 461 462 463 464 465 466 467 468 471 473 474 475 476 477 478 479 480 481 482 483 484 485 486 487 488 489 490 491 492 493 495 496 497 498 499 501 502 503 504 505 506 507 508 509 511 512 514 515 516 517 518 519 520 521 524 525 527 528 529 530 531 532 533 534 535 536 538 539 540 541 542 543 546 547 548 549 552 553 554 555 556 557 558 561 562 563 564 565 566 572 573 574 577 578 579 580 581 583 584 588 589 590 591 593 594 595 596 597 598 599 601 602 604 605 606 607 609 610 611 612 613 614 616 618 619 620 621 622 624 625 626 627 629 630 631 635 636 637 638 640 641 642 643 644 645 646 647 648 649 650 651 652 653 654 655 656 657 658 659 661 663 664 665 666 668 670 672 674 676 678 679 680 681 685 686 687 688 689 690 691 692 693 694 695 696 697 700 701 703 704 705 706 707 708 709 710 711 713 715 717 718 719 720 721 724 725 727 728 729 730 731 732 733 734 735 736 737 738 739 740 745 747 749 750 751 752 753 760 761 762 763 767 768 769 770 771 772 773 774 775 776 777 778 779 780 781 782 783 784 785 786 787 789 790 791 792 793 795 796 797 798 799 800 801 802 804 805 806 807 808 809 810 811 812 813 814 815 817 818 819 820 821 822 823 824 825 826 828 829 830 831 832 835 836 839 840 841 842 843 846 847 848 849 850 852 853 855 856 857 858 859 860 861 862 864 865 869 871 872 873 874 875 876 877 878 881 882 885 886 887 889 896 897 898 899 904 905 906 910 912 913 914 915 918 919 920 922 924 927 928 929 930 931 932 935 936 937 938 939 940 941 942 943 946 947 948 949 950 951 952 953 954 955 957 958 959 960 961 963 964 965 966 967 968 969 970 971 972 973 974 975 976 977 978 979 980 981 982 983 984 985 986 987 988 989 990 991 992 993 994 995 999 1001 1002 1004 1005 1006 1007 1008 1009 1010 1011 1012 1013 1014 1015 1016 1017 1018 1019 1020 1021 1022 1023 1024 1025 1026 1027 1028 1029 1031 1033 1037 1039 1041 1042 1043 1045 1046 1047 1049 1050 1057 1058 1059 1060 1066 1067 1070 1074 1075 1076 1078 1079 1080 1081 1082 1083 1084 1085 1086 1089 1090 1093 1096 1097 1098 1099 1100 1101 1102 1103 1104 1105 1106 1107 1108 1109 1118 1119 1120 1121 1122 1123 1124 1125 1126 1127 1130 1132 1133 1137 1138 1139 1140 1141 1142 1143 1148 1149 1152 1153 1155 1156 1157 1160 1163 1164 1165 1167 1168 1169 1170 1171 1172 1173 1174 1175 1176 1178 1182 1183 1184 1185 1186 1187 1190 1191 1192 1193 1194 1195 1196 1197 1198 1201 1202 1207 1208 1210 1211 1213 1215 1216 1218 1224 1232 1233 1234 1235 1236 1240 1242 1243 1244 1245 1246 1247 1248 1249 1252 1253 1256 1257 1258 1259 1260 1261 1262 1263 1264 1265 1266 1267 1268 1269 1270 1271 1272 1274 1275 1276 1277 1278 1279 1280 1281 1282 1283 1284 1285 1286 1287 1288 1289 1291 1292 1293 1294 1295 1296 1297 1298 1299 1300 1301 1302 1303 1304 1305 1307 1308 1309 1311 1313 1314 1315 1316 1317 1318 1319 1320 1321 1322 1323 1324 1325 1326 1327 1328 1329 1330 1331 1332 1333 1334 1338 1339 1340 1341 1342 1343 1345 1346 1347 1348 1349 1350 1351 1356 1357 1358 1359 1360 1361 1362 1364 1365 1366 1367 1374 1375 1377 1378 1379 1380 1381 1382 1383 1384 1386 1389 1390 1391 1392 1393 1395 1396 1397 1398 1399 1400 1401 1402 1403 1404 1405 1406 1407 1408 1409 1410 1411 1412 1414 1415 1416 1417 1418 1419 1420 1421 1422 1423 1425 1426 1427 1428 1429 1431 1432 1433 1434 1435 1436 1437 1438 1439 1440 1441 1442 1444 1446 1447 1448 1449 1450 1453 1454 1455 1457 1458 1460 1463 1464 1465 1466 1467 1468 1469 1470 1471 1472 1473 1474 1475 1476 1477 1478 1482 1483 1486 1487 1488 1489 1490 1491 1492 1493 1494 1495 1496 1499 1500 1501 1502 1503 1504 1505 1506 1507 1508 1509 1510 1511 1513 1514 1515 1516 1517 1518 1519 1520 1521 1522 1523 1524 1525 1526 1527 1528 1529 1530 1531 1532 1533 1534 1535 1536 1537 1538 1539 1540 1541 1542 1543 1544 1545 1548 1549 1550 1552 1553 1554 1555 1556 1557 1558 1559 1560 1561 1562 1563 1564 1565 1566 1568 1569 1570 1571 1572 1573 1574 1575 1576 1577 1579 1582 1583 1584 1585 1587 1588 1589 1590 1591 1592 1593 1595 1599 1601 1603 1604 1605 1609 1611 1612 1617 1619 1620 1621 1622 1625 1626 1627 1628 1632 1633 1635 1636 1637 1639 1641 1642 1643 1644 1645 1647 1648 1649 1650 1651 1652 1653 1655 1656 1662 1663 1664 1665 1666 1667 1669 1670 1671 1672 1675 1676 1678 1679 1680 1681 1682 1683 1684 1686 1687 1688 1689 1690 1694 1695 1696 1697 1698 1699 1700 1701 1703 1704 1705 1707 1708 1709 1710 1711 1712 1713 1714 1715 1716 1717 1718 1719 1720 1723 1724 1725 1726 1727 1728 1729 1730 1732 1734 1735 1736 1739 1740 1742 1744 1745 1746 1747 1748 1750 1752 1753 1754 1755 1757 1758 1759 1760 1761 1762 1763 1764 1765 1768 1769 1770 1771 1773 1776 1777 1778 1779 1780 1781 1785 1786 1787 1788 1789 1790 1791 1792 1794 1795 1796 1797 1799 1800 1801 1803 1804 1805 1806 1807 1808 1809 1810 1811 1818 1821 1822 1823 1825 1826 1827 1834 1838 1839 1841 1842 1847 1848 1850 1855 1857 1858 1862 1863 1864 1865 1866 1867 1868 1879 1880 1881 1882 1883 1884 1887 1895 1896 1897 1898 1901 1902 1903 1911 1912 1913 1914 1915 1916 1917 1918 1919 1920 1926 1927 1929 1930 1931 1932 1933 1936 1946 1947 1948 1949 1950 1951 1954 1955 1956 1957 1963 1964 1965 1966 1967 1968 1972 1973 1974 1975 1977 1978 1979 1980 1981 1982 1983 1985 1988 1989 1990 1991 1992 1993 1994 1995 1996 1997 1998 2000 2001 2006 2007 2010 2011 2012 2013 2014 2016 2018 2019 2020 2021 2022 2023 2024 2027 2032 2034 2041 2044 2045 2046 2048 0
1 2 3 5 6 10 12 15 16 18 21 22 23 25 28 29 32 0

62
1 2 3 4 6 7 9 10 11 12 13 14 15 17 18 19 26 27 28 29 30 31 32 33 34 35 39 42 43 44 49 52 53 54 55 56 59 60 64 65 67 68 70 71 73 74 75 77 78 80 81 82 84 86 87 89 90 91 92 93 94 96 97 100 102 103 104 105 106 107 108 109 110 111 113 115 116 117 118 120 121 122 123 124 126 129 130 131 134 135 136 138 139 140 144 145 146 149 150 151 152 155 156 157 159 160 161 165 166 167 173 174 176 177 179 180 181 182 183 184 186 188 189 191 192 193 194 195 197 198 199 201 202 203 204 205 206 207 208 209 210 211 212 214 215 216 217 219 220 221 222 224 225 227 228 229 230 231 232 233 234 235 237 238 239 240 241 242 243 244 245 246 247 248 249 250 251 252 253 254 255 256 257 258 259 260 261 267 269 270 273 277 278 287 288 289 290 291 294 296 297 299 300 301 302 304 305 306 307 308 309 310 311 312 313 314 315 317 320 321 325 326 327 328 329 330 333 336 339 340 341 342 343 345 348 350 352 353 354 355 356 358 359 361 362 366 368 369 371 372 374 375 376 377 378 382 384 385 387 388 391 392 396 398 400 401 402 403 404 405 407 410 411 413 414 416 417 418 419 420 421 422 423 424 425 426 428 431 432 433 435 436 438 439 440 442 443 445 446 447 448 449 450 453 455 456 458 460 461 464 465 468 469 470 472 474 476 477 478 481 482 485 487 488 491 497 498 499 500 501 504 508 511 512 515 517 518 520 524 526 533 534 536 549 556 562 563 566 567 568 569 570 571 572 573 574 576 577 578 581 583 584 586 587 588 589 592 593 596 597 599 601 604 605 607 609 611 617 620 621 622 625 627 628 630 637 638 639 641 646 647 648 649 650 652 653 654 656 657 659 660 662 663 664 665 668 670 671 673 675 677 678 679 680 681 684 685 686 687 689 690 691 694 695 698 700 701 702 703 705 706 707 708 709 711 712 713 714 715 716 718 719 720 721 722 723 724 733 734 736 737 738 739 740 749 750 752 753 754 755 765 766 768 769 770 771 772 773 774 775 776 778 779 780 781 782 783 784 789 790 791 792 796 797 798 799 800 807 808 809 811 815 816 817 818 819 822 823 824 825 826 827 828 829 830 832 836 839 840 841 842 843 845 850 851 852 854 855 856 857 859 860 865 868 869 871 874 875 876 877 884 885 887 888 889 890 891 892 893 896 898 899 901 903 904 907 908 911 912 914 917 918 919 920 921 922 923 927 928 929 931 932 933 934 935 940 944 950 951 952 953 954 955 956 957 960 962 963 964 968 969 970 971 972 974 978 979 980 981 983 986 987 988 989 991 994 995 996 999 1001 1002 1004 1009 1010 1011 1012 1013 1014 1015 1016 1017 1018 1019 1020 1021 1022 1023 1024 1030 1031 1032 1033 1034 1035 1040 1041 1046 1048 1049 1050 1051 1053 1057 1062 1063 1064 1067 1068 1069 1070 1071 1072 1073 1078 1080 1081 1082 1084 1085 1087 1088 1089 1091 1092 1093 1096 1097 1098 1099 1100 1102 1103 1104 1105 1106 1107 1108 1109 1110 1111 1112 1113 1114 1115 1116 1119 1120 1121 1124 1125 1126 1127 1131 1132 1137 1141 1145 1146 1147 1148 1149 1153 1154 1157 1158 1160 1161 1165 1166 1169 1175 1176 1177 1179 1181 1182 1185 1189 1190 1193 1194 1196 1197 1198 1200 1201 1202 1203 1205 1208 1209 1210 1211 1213 1216 1217 1218 1219 1220 1222 1223 1227 1228 1231 1232 1233 1234 1235 1236 1237 1238 1239 1240 1241 1243 1244 1246 1247 1248 1249 1250 1251 1252 1253 1254 1255 1256 1257 1258 1259 1260 1262 1264 1265 1268 1272 1273 1274 1279 1282 1283 1284 1285 1286 1287 1289 1290 1291 1292 1293 1294 1295 1296 1302 1305 1307 1308 1312 1319 1320 1327 1328 1334 1336 1337 1342 1344 1349 1351 1352 1353 1354 1355 1356 1357 1359 1364 1365 1367 1368 1369 1370 1371 1372 1374 1375 1377 1378 1379 1380 1381 1383 1384 1387 1388 1389 1390 1391 1392 1393 1394 1395 1399 1401 1402 1403 1404 1405 1406 1407 1408 1409 1411 1413 1420 1421 1422 1423 1424 1428 1430 1431 1435 1436 1437 1438 1439 1440 1444 1446 1447 1448 1449 1450 1451 1453 1454 1455 1462 1463 1464 1465 1466 1467 1468 1469 1471 1472 1476 1477 1479 1480 1484 1486 1488 1489 1490 1492 1493 1496 1497 1498 1500 1501 1502 1503 1504 1505 1506 1510 1511 1512 1513 1514 1515 1516 1517 1520 1522 1523 1526 1527 1530 1532 1533 1534 1536 1537 1543 1546 1547 1552 1553 1557 1564 1569 1574 1576 1578 1579 1580 1584 1585 1586 1587 1589 1592 1595 1598 1600 1601 1602 1604 1606 1607 1608 1609 1611 1614 1615 1616 1617 1618 1620 1622 1624 1625 1626 1628 1629 1631 1632 1633 1634 1635 1636 1638 1640 1641 1646 1649 1650 1651 1652 1654 1655 1658 1659 1660 1662 1665 1666 1667 1668 1671 1672 1673 1674 1676 1678 1681 1683 1684 1686 1687 1688 1689 1690 1691 1692 1697 1700 1701 1703 1706 1707 1708 1709 1711 1712 1713 1714 1715 1717 1718 1719 1720 1721 1722 1725 1726 1727 1728 1729 1730 1731 1732 1733 1734 1735 1736 1737 1738 1739 1742 1743 1744 1745 1746 1747 1748 1749 1750 1751 1753 1756 1757 1758 1759 1760 1761 1762 1763 1764 1765 1772 1773 1774 1775 1776 1777 1780 1785 1787 1790 1792 1793 1794 1795 1796 1797 1803 1804 1805 1806 1807 1808 1809 1810 1811 1812 1813 1821 1822 1823 1824 1825 1826 1827 1828 1829 1836 1837 1838 1839 1841 1842 1843 1844 1845 1846 1853 1854 1857 1858 1861 1863 1865 1866 1867 1868 1870 1874 1880 1881 1882 1883 1885 1886 1887 1890 1891 1894 1896 1897 1898 1900 1901 1902 1903 1904 1906 1907 1908 1914 1915 1916 1917 1918 1919 1920 1922 1923 1924 1925 1930 1931 1932 1933 1934 1935 1936 1937 1938 1939 1940 1941 1947 1948 1949 1950 1951 1952 1953 1954 1955 1956 1957 1960 1966 1967 1969 1970 1971 1972 1973 1974 1975 1976 1977 1979 1989 1990 1991 1992 1993 1994 1995 1996 2001 2005 2006 2007 2008 2009 2010 2011 2012 2017 2018 2021 2022 2023 2037 2038 2039 2040 2041 2042 2043 2048 0
1 2 3 6 9 13 15 18 19 20 21 23 29 30 0

63
1 2 3 4 6 7 8 9 10 11 12 13 15 16 17 19 21 22 23 24 26 28 29 30 32 33 37 38 39 40 42 43 44 45 48 49 51 52 53 55 57 58 59 61 64 65 68 69 70 71 73 74 75 77 78 80 81 82 84 85 86 87 88 89 91 94 95 96 97 98 99 100 101 102 103 104 105 106 107 108 109 111 113 115 116 117 118 119 121 122 123 124 125 127 128 129 130 131 132 133 134 136 137 138 139 141 145 148 150 151 152 153 154 155 156 157 158 160 161 162 164 166 167 168 170 171 172 173 175 176 177 179 180 181 182 183 184 185 186 187 188 189 190 191 192 193 194 195 196 197 198 199 200 202 203 204 205 206 207 208 209 210 213 214 215 216 220 221 222 223 224 225 227 228 229 230 234 235 236 237 238 240 242 243 244 245 246 247 249 253 254 255 256 257 258 259 260 261 262 263 266 267 268 270 271 272 273 274 276 278 279 282 283 284 285 288 289 292 293 294 296 297 299 300 301 303 305 307 308 309 310 311 312 313 314 315 316 317 319 321 322 323 325 326 327 328 329 331 333 337 338 339 340 341 342 343 346 347 348 349 350 351 352 353 354 355 356 357 358 359 360 361 362 363 364 365 366 368 369 371 372 373 374 375 376 377 378 379 380 381 382 383 384 385 387 388 389 390 391 392 393 394 396 397 398 400 401 402 403 404 405 406 408 409 411 413 414 415 416 418 419 420 421 422 423 426 427 428 429 430 432 433 434 435 436 437 438 439 441 442 443 444 445 446 447 448 449 450 451 452 453 454 455 457 458 459 461 462 463 464 465 467 468 470 474 475 476 477 478 480 481 482 483 484 485 486 487 489 490 491 492 493 494 495 496 497 498 499 500 501 502 505 506 508 509 510 511 512 513 514 515 516 517 518 519 520 522 524 525 526 527 528 529 530 532 533 534 535 540 542 544 545 547 548 549 550 551 552 555 556 557 559 560 561 562 563 565 566 567 568 569 570 571 572 573 576 577 578 579 580 581 582 583 585 586 587 588 589 590 591 594 595 596 597 599 600 601 602 603 604 605 606 607 611 613 614 615 616 617 618 619 620 621 622 626 627 632 633 635 636 637 638 639 640 643 644 647 649 651 652 653 654 655 657 659 660 663 665 666 668 669 670 672 673 675 676 677 678 680 683 684 685 686 687 688 691 692 693 694 695 697 698 699 700 701 702 703 704 705 708 709 710 711 712 713 714 715 716 717 718 719 720 723 724 725 726 727 728 730 734 735 736 737 738 742 743 744 745 746 747 748 749 750 753 754 755 756 757 761 762 763 764 765 768 772 773 774 775 776 777 778 779 780 781 785 787 790 791 792 793 794 795 796 798 801 802 804 809 810 811 812 813 816 817 819 820 822 823 824 825 826 827 828 829 830 831 832 834 838 839 840 841 842 843 844 846 847 848 851 852 853 855 856 857 858 859 860 861 863 867 868 869 870 872 873 874 876 878 881 883 885 886 887 891 892 893 894 895 897 898 899 900 901 902 903 904 905 907 909 910 912 913 914 915 916 917 918 919 920 921 922 923 924 925 928 929 930 931 932 933 934 935 936 937 938 939 940 941 942 947 949 950 951 952 953 954 955 956 957 958 960 962 963 964 965 966 967 968 969 970 971 972 973 975 976 977 978 980 981 982 986 987 988 989 990 991 993 994 995 998 999 1000 1001 1002 1003 1007 1008 1009 1010 1011 1012 1013 1014 1015 1016 1017 1018 1019 1020 1021 1022 1023 1024 1025 1028 1029 1030 1031 1032 1033 1034 1035 1037 1038 1040 1043 1047 1048 1049 1050 1051 1052 1061 1062 1063 1064 1065 1066 1067 1068 1069 1076 1077 1078 1079 1080 1081 1083 1084 1085 1086 1089 1091 1092 1093 1094 1095 1096 1097 1098 1099 1100 1101 1102 1105 1106 1107 1109 1110 1111 1112 1113 1114 1115 1116 1117 1121 1123 1124 1125 1126 1127 1130 1132 1133 1134 1136 1137 1138 1139 1140 1146 1148 1149 1150 1152 1153 1156 1157 1158 1159 1160 1163 1164 1165 1166 1167 1168 1169 1170 1171 1172 1173 1174 1176 1177 1179 1181 1182 1183 1184 1187 1188 1189 1191 1192 1193 1194 1195 1196 1197 1198 1200 1201 1202 1204 1205 1206 1207 1208 1209 1210 1211 1212 1213 1214 1216 1217 1218 1220 1221 1222 1223 1224 1225 1226 1227 1228 1229 1230 1231 1232 1233 1234 1237 1238 1239 1240 1241 1242 1243 1244 1245 1247 1248 1249 1250 1251 1255 1256 1257 1258 1259 1262 1263 1264 1265 1266 1267 1268 1269 1271 1272 1273 1274 1275 1278 1279 1280 1281 1283 1284 1285 1286 1288 1289 1290 1291 1292 1293 1294 1295 1296 1297 1298 1299 1300 1301 1302 1303 1304 1305 1306 1309 1310 1311 1312 1313 1316 1319 1320 1321 1323 1326 1327 1328 1329 1332 1333 1334 1335 1336 1337 1338 1340 1343 1344 1345 1347 1348 1349 1350 1351 1352 1353 1354 1355 1356 1357 1358 1359 1360 1363 1365 1366 1367 1368 1369 1370 1371 1372 1373 1374 1380 1381 1382 1383 1385 1386 1387 1388 1389 1390 1391 1393 1397 1398 1399 1400 1402 1404 1405 1406 1407 1408 1409 1410 1412 1413 1414 1415 1416 1417 1418 1420 1421 1422 1423 1424 1425 1426 1427 1428 1429 1431 1432 1434 1435 1436 1438 1439 1440 1441 1442 1443 1445 1446 1447 1448 1449 1450 1451 1452 1454 1455 1456 1457 1459 1460 1461 1462 1463 1464 1465 1466 1467 1468 1469 1470 1471 1472 1473 1475 1477 1478 1479 1480 1481 1482 1483 1484 1485 1486 1487 1488 1489 1490 1493 1494 1495 1496 1497 1498 1499 1500 1501 1502 1505 1509 1513 1514 1515 1516 1517 1518 1520 1521 1522 1523 1525 1526 1527 1528 1529 1530 1531 1532 1533 1536 1537 1538 1541 1542 1544 1545 1546 1547 1549 1550 1551 1552 1553 1557 1559 1560 1561 1562 1563 1569 1570 1572 1573 1574 1576 1578 1579 1580 1581 1584 1585 1587 1589 1590 1591 1592 1595 1596 1597 1598 1599 1600 1601 1602 1604 1605 1606 1607 1608 1609 1610 1611 1612 1614 1615 1617 1619 1620 1622 1623 1624 1625 1626 1627 1628 1629 1630 1631 1633 1635 1636 1637 1638 1639 1640 1641 1642 1644 1646 1647 1649 1651 1652 1653 1654 1655 1656 1657 1658 1659 1660 1661 1662 1663 1664 1665 1667 1668 1669 1670 1671 1672 1673 1674 1675 1676 1677 1678 1679 1680 1681 1682 1683 1684 1685 1686 1687 1688 1689 1690 1691 1692 1693 1695 1696 1697 1698 1699 1700 1701 1702 1703 1705 1706 1707 1708 1709 1710 1711 1712 1713 1716 1717 1718 1719 1720 1724 1726 1727 1728 1729 1731 1732 1733 1734 1735 1736 1737 1738 1739 1740 1741 1742 1743 1744 1745 1746 1747 1748 1749 1750 1751 1752 1753 1755 1756 1757 1758 1759 1760 1761 1762 1763 1764 1765 1766 1767 1768 1769 1770 1771 1772 1774 1775 1776 1777 1778 1779 1780 1782 1783 1784 1786 1787 1790 1791 1792 1793 1794 1795 1796 1797 1809 1810 1811 1812 1813 1814 1815 1820 1821 1822 1823 1824 1825 1826 1827 1828 1832 1834 1835 1838 1839 1840 1841 1842 1843 1844 1845 1846 1847 1852 1854 1855 1856 1857 1858 1861 1862 1863 1866 1867 1868 1869 1871 1872 1877 1878 1879 1880 1881 1882 1883 1884 1885 1886 1887 1888 1892 1895 1896 1897 1898 1899 1900 1901 1902 1903 1907 1908 1909 1910 1911 1912 1914 1915 1917 1918 1919 1924 1926 1927 1928 1930 1931 1933 1934 1935 1937 1938 1939 1940 1942 1943 1944 1945 1953 1954 1955 1956 1957 1958 1959 1960 1961 1962 1969 1972 1973 1974 1975 1976 1977 1980 1981 1982 1987 1988 1989 1990 1991 1992 1995 1996 1997 1998 2003 2004 2005 2006 2007 2008 2009 2012 2013 2014 2017 2020 2021 2022 2023 2024 2025 2026 2027 2028 2029 2033 2034 2039 2040 2041 2042 2043 2047 2048 0
1 2 3 4 5 6 7 8 9 10 12 13 14 15 16 17 18 20 21 22 23 25 26 27 28 30 31 32 0

64
1 3 4 5 6 7 8 9 10 11 12 13 14 15 17 18 21 23 25 26 27 28 29 30 32 33 36 39 41 42 43 45 46 47 49 51 52 54 55 57 59 60 61 64 65 66 68 69 70 71 72 73 75 76 77 79 80 81 84 85 86 87 88 89 90 92 93 95 97 99 100 101 102 103 104 106 107 108 110 111 112 113 115 116 117 118 119 120 121 122 126 128 129 131 132 133 134 135 137 138 141 142 143 144 145 146 147 148 149 150 152 153 154 156 157 158 159 160 161 162 163 164 165 166 168 169 170 171 172 173 175 176 177 178 180 181 182 183 184 185 187 189 190 192 193 194 195 198 199 200 201 203 205 206 208 209 210 211 213 214 215 216 217 221 222 224 225 226 227 228 229 230 231 233 235 236 237 238 239 240 241 242 244 245 246 247 248 249 250 251 252 253 254 255 256 257 259 260 262 264 266 267 268 269 270 271 272 273 275 277 279 283 285 286 287 289 291 292 294 295 297 298 299 302 304 305 306 307 310 311 312 313 315 317 318 319 326 328 329 330 336 337 338 341 344 345 346 347 348 349 350 353 354 355 356 361 363 364 366 367 368 369 370 372 373 375 384 385 388 389 390 391 392 397 398 399 401 402 403 406 410 412 414 417 418 420 421 422 424 426 429 432 433 434 435 438 442 443 445 449 452 453 456 457 459 460 464 465 467 469 471 472 473 475 477 481 483 485 486 487 488 489 491 492 493 494 496 497 500 501 503 504 505 506 507 508 511 512 514 515 516 517 518 519 521 524 525 526 527 528 530 532 533 534 535 536 537 538 539 540 541 544 547 548 549 550 551 552 555 556 557 558 560 562 563 564 565 566 571 573 577 578 579 580 582 587 588 589 593 594 595 596 597 598 599 602 604 605 609 610 611 612 614 615 617 618 619 620 621 622 625 626 627 628 630 631 635 641 642 643 645 646 647 650 654 655 657 658 659 661 662 663 664 665 666 667 668 670 671 673 676 678 679 680 681 682 686 687 689 694 695 698 700 701 705 709 710 711 713 714 717 720 721 724 725 726 728 729 736 738 739 740 752 753 754 760 761 763 764 766 768 769 770 771 772 773 774 775 778 779 780 781 782 783 784 788 789 790 791 792 794 795 796 797 798 800 801 802 807 808 815 817 819 820 821 823 825 829 830 834 837 838 841 842 843 844 845 846 847 850 851 852 857 858 862 863 869 870 875 876 878 882 883 887 890 891 892 895 905 906 907 908 909 911 912 915 916 917 918 919 920 921 922 923 924 928 930 931 933 934 937 938 942 943 944 947 948 949 950 951 952 953 954 955 956 960 962 963 964 965 966 967 968 969 970 971 972 974 978 979 980 981 983 984 985 986 987 988 989 990 994 995 996 997 998 999 1000 1001 1003 1004 1005 1006 1009 1010 1011 1012 1013 1014 1015 1016 1017 1018 1019 1020 1021 1022 1023 1024 1028 1032 1033 1034 1035 1036 1037 1040 1041 1045 1046 1047 1048 1049 1050 1051 1056 1057 1060 1061 1062 1063 1064 1065 1066 1067 1068 1069 1070 1072 1073 1075 1076 1077 1078 1079 1080 1081 1082 1083 1084 1085 1089 1091 1092 1093 1094 1095 1098 1099 1100 1101 1104 1105 1106 1107 1108 1109 1110 1115 1116 1117 1120 1121 1122 1123 1124 1125 1126 1127 1131 1132 1133 1134 1137 1138 1139 1140 1141 1142 1143 1148 1149 1150 1153 1154 1155 1156 1157 1158 1159 1166 1167 1169 1170 1171 1172 1173 1174 1175 1176 1177 1178 1183 1185 1186 1187 1188 1189 1190 1191 1192 1193 1194 1195 1196 1201 1207 1208 1209 1210 1213 1214 1216 1217 1223 1224 1232 1233 1237 1238 1239 1240 1241 1242 1243 1244 1245 1246 1248 1249 1253 1254 1255 1256 1257 1258 1259 1260 1261 1264 1265 1266 1269 1270 1271 1272 1273 1274 1275 1276 1277 1278 1279 1280 1281 1282 1283 1284 1285 1286 1287 1288 1289 1290 1291 1292 1293 1294 1295 1296 1302 1303 1304 1305 1306 1307 1308 1309 1315 1316 1317 1318 1319 1320 1321 1322 1323 1330 1336 1337 1338 1339 1352 1353 1354 1356 1360 1363 1364 1365 1366 1369 1370 1371 1372 1376 1380 1381 1382 1383 1385 1387 1388 1391 1392 1394 1396 1397 1398 1400 1401 1402 1403 1407 1408 1410 1412 1413 1414 1415 1419 1420 1421 1422 1423 1424 1431 1432 1435 1436 1437 1438 1439 1440 1445 1446 1447 1452 1453 1454 1455 1456 1459 1460 1462 1463 1464 1465 1466 1467 1468 1469 1470 1471 1472 1477 1481 1487 1488 1496 1503 1504 1505 1506 1507 1508 1512 1514 1516 1517 1518 1519 1520 1523 1524 1525 1530 1531 1532 1533 1535 1536 1537 1538 1540 1541 1542 1543 1548 1549 1552 1553 1555 1556 1557 1558 1559 1561 1562 1564 1565 1568 1569 1571 1572 1574 1575 1582 1585 1586 1587 1588 1590 1592 1593 1594 1598 1601 1602 1603 1606 1607 1608 1610 1614 1617 1618 1620 1623 1626 1627 1629 1630 1633 1634 1636 1641 1642 1643 1644 1646 1649 1650 1655 1656 1662 1663 1665 1666 1670 1671 1672 1676 1679 1681 1682 1684 1685 1687 1688 1690 1691 1692 1693 1695 1697 1700 1701 1702 1704 1705 1707 1708 1710 1711 1713 1716 1721 1724 1726 1729 1733 1734 1735 1737 1739 1743 1745 1748 1749 1751 1752 1753 1754 1756 1757 1759 1760 1762 1763 1766 1768 1770 1772 1773 1774 1775 1776 1777 1778 1781 1784 1785 1786 1787 1788 1792 1793 1794 1795 1796 1797 1798 1803 1804 1805 1806 1807 1808 1809 1810 1811 1812 1813 1821 1822 1823 1825 1826 1827 1828 1833 1834 1837 1838 1839 1840 1841 1842 1843 1848 1849 1850 1854 1855 1856 1857 1858 1863 1864 1865 1866 1867 1868 1869 1870 1871 1872 1873 1874 1880 1881 1883 1886 1887 1888 1896 1897 1898 1899 1900 1903 1904 1911 1912 1913 1914 1915 1916 1919 1920 1928 1929 1930 1931 1932 1933 1935 1936 1946 1947 1948 1949 1950 1951 1952 1953 1954 1955 1956 1964 1965 1966 1967 1968 1969 1970 1971 1972 1973 1974 1978 1979 1980 1981 1982 1983 1984 1985 1986 1987 1988 1989 1990 1994 1995 1996 1997 1998 1999 2001 2002 2003 2004 2005 2006 2007 2008 2009 2010 2013 2014 2015 2017 2018 2019 2020 2022 2023 2030 2031 2037 2038 2039 2040 2045 2046 2047 2048 0
3 4 9 11 13 17 20 21 22 23 27 30 32 0

65
1 3 6 7 8 10 12 13 14 15 16 17 18 22 23 24 26 27 28 29 30 31 33 38 40 43 44 46 48 49 51 52 54 55 56 57 59 60 61 62 63 64 65 68 69 70 71 73 74 75 76 77 78 79 80 81 84 85 86 87 89 90 91 92 93 94 97 99 100 101 102 103 104 105 106 107 109 110 111 112 113 114 115 116 117 118 119 120 121 122 123 124 125 127 129 130 132 134 135 136 137 138 139 140 141 142 143 145 148 149 150 151 152 154 155 156 157 160 161 162 163 164 165 167 168 169 170 171 172 173 174 176 177 178 179 180 181 182 183 185 186 187 188 189 190 191 192 193 195 196 198 199 200 203 205 208 209 211 213 215 216 217 219 220 221 223 224 225 227 228 229 230 231 232 233 235 236 237 238 240 241 243 244 245 247 249 251 252 253 254 255 256 257 258 259 260 261 262 264 265 267 268 269 271 272 273 274 276 277 279 280 281 282 283 286 287 288 289 291 292 294 296 297 298 302 304 305 306 307 308 309 311 312 313 314 315 317 319 320 321 322 325 327 328 329 330 331 332 335 336 337 340 341 342 343 345 346 347 348 349 350 351 352 353 355 356 357 358 361 363 364 366 367 368 369 370 371 372 373 376 377 378 382 383 384 385 386 387 388 389 391 392 394 396 397 398 399 400 401 402 403 404 405 406 407 410 413 414 415 417 418 420 421 422 423 424 425 427 428 430 431 432 433 434 436 437 438 439 440 443 444 445 446 448 449 450 452 457 458 459 460 464 465 467 468 469 471 472 473 474 475 476 478 480 481 483 484 485 486 487 488 489 490 491 493 494 495 496 497 498 499 500 501 502 503 504 505 507 508 509 510 511 512 513 515 516 520 521 532 534 536 537 539 546 547 548 549 551 552 554 555 557 561 562 563 564 565 566 567 568 569 570 571 572 573 575 578 579 580 581 583 584 585 586 587 588 591 592 593 594 595 597 598 600 601 602 603 604 605 606 609 610 611 612 613 614 615 616 617 618 620 621 624 625 626 627 628 631 632 633 634 635 636 637 639 640 642 643 646 647 648 649 650 652 653 654 655 657 659 662 663 664 665 666 668 672 673 675 676 679 681 684 687 688 689 691 692 694 699 700 703 704 705 710 711 712 713 714 716 718 719 720 721 722 724 725 726 727 729 732 733 734 736 737 738 739 740 741 742 744 745 748 749 750 751 752 753 754 755 756 757 763 764 765 766 767 768 769 770 771 772 773 774 775 776 777 778 779 781 782 784 785 788 790 791 794 795 798 799 800 802 803 804 805 806 807 808 809 810 811 813 814 815 817 818 820 822 823 824 825 826 827 828 829 830 832 834 836 837 839 840 841 842 843 844 845 846 847 848 849 850 851 852 853 854 855 856 857 858 859 861 863 864 865 866 868 869 870 871 872 873 876 879 880 881 884 885 886 887 888 894 895 896 897 899 900 901 902 903 904 905 906 909 910 911 912 913 915 916 917 918 919 920 921 922 923 924 928 932 933 934 935 936 937 938 939 940 941 942 943 944 945 946 947 949 950 951 952 953 954 955 956 957 958 959 960 962 964 965 966 967 968 969 970 971 972 973 976 977 978 980 981 982 983 984 985 986 987 988 991 992 995 996 997 998 999 1000 1001 1002 1003 1004 1005 1007 1009 1010 1011 1012 1013 1014 1015 1016 1017 1018 1019 1020 1021 1022 1023 1024 1029 1031 1034 1035 1036 1037 1038 1039 1040 1041 1045 1046 1047 1048 1049 1050 1051 1052 1054 1056 1061 1062 1063 1064 1065 1066 1067 1068 1071 1072 1073 1076 1080 1083 1084 1085 1089 1090 1091 1095 1096 1097 1098 1099 1102 1105 1106 1107 1108 1110 1113 1114 1117 1118 1120 1121 1122 1123 1125 1126 1130 1131 1132 1134 1137 1138 1141 1142 1143 1148 1149 1150 1151 1152 1153 1154 1155 1156 1158 1160 1161 1162 1163 1164 1165 1166 1167 1168 1169 1171 1172 1174 1178 1179 1180 1181 1182 1185 1187 1188 1189 1190 1191 1192 1193 1194 1195 1196 1199 1201 1203 1205 1206 1207 1208 1209 1210 1211 1212 1213 1216 1217 1218 1220 1221 1222 1223 1224 1225 1226 1227 1228 1231 1232 1233 1234 1236 1237 1238 1239 1240 1241 1244 1245 1246 1247 1248 1249 1252 1253 1254 1255 1256 1258 1259 1261 1262 1264 1265 1269 1270 1271 1272 1273 1274 1275 1276 1277 1278 1279 1280 1281 1282 1283 1284 1285 1286 1287 1289 1290 1292 1293 1294 1295 1296 1297 1298 1299 1300 1302 1303 1304 1305 1308 1309 1310 1311 1312 1313 1315 1316 1320 1321 1322 1325 1326 1327 1329 1330 1331 1333 1334 1335 1336 1337 1338 1339 1340 1343 1345 1346 1347 1348 1349 1351 1352 1353 1354 1355 1356 1357 1361 1363 1364 1365 1366 1367 1370 1371 1372 1373 1374 1376 1377 1378 1379 1380 1381 1385 1386 1387 1388 1390 1392 1393 1394 1395 1396 1397 1398 1399 1400 1401 1402 1403 1404 1405 1406 1407 1408 1409 1410 1411 1412 1413 1414 1416 1417 1418 1419 1420 1421 1422 1423 1425 1426 1427 1428 1429 1430 1431 1434 1435 1437 1438 1439 1440 1441 1442 1443 1445 1446 1448 1449 1450 1451 1452 1453 1455 1456 1457 1458 1459 1460 1462 1463 1464 1465 1466 1467 1469 1470 1471 1472 1473 1474 1475 1476 1477 1478 1479 1480 1481 1482 1483 1489 1490 1492 1494 1495 1496 1497 1498 1499 1504 1505 1506 1507 1508 1509 1511 1512 1513 1516 1521 1522 1523 1524 1525 1526 1527 1528 1529 1530 1531 1532 1535 1536 1537 1540 1541 1543 1544 1545 1546 1547 1552 1553 1555 1556 1557 1558 1559 1560 1561 1562 1563 1564 1565 1567 1568 1569 1571 1572 1574 1576 1577 1578 1580 1583 1585 1586 1587 1588 1590 1595 1597 1601 1602 1605 1606 1607 1608 1610 1611 1612 1613 1614 1615 1616 1617 1618 1619 1620 1621 1622 1623 1624 1626 1627 1629 1631 1633 1634 1635 1636 1637 1639 1640 1641 1642 1643 1644 1646 1648 1649 1651 1652 1653 1654 1655 1656 1657 1658 1661 1662 1664 1665 1668 1669 1670 1671 1672 1673 1674 1675 1678 1679 1680 1681 1682 1684 1685 1686 1687 1688 1689 1690 1691 1692 1693 1695 1696 1697 1699 1700 1701 1702 1703 1704 1705 1706 1707 1708 1709 1711 1712 1713 1714 1715 1716 1717 1718 1719 1722 1723 1725 1727 1728 1729 1730 1732 1733 1735 1736 1737 1738 1739 1740 1743 1744 1745 1746 1747 1750 1751 1752 1753 1757 1761 1762 1763 1767 1769 1773 1777 1781 1784 1785 1786 1787 1788 1790 1791 1792 1793 1794 1795 1796 1801 1802 1809 1810 1811 1812 1813 1817 1818 1820 1821 1822 1823 1825 1826 1827 1828 1833 1837 1838 1839 1841 1842 1843 1853 1854 1855 1857 1858 1862 1865 1867 1871 1878 1880 1884 1885 1886 1887 1888 1895 1896 1897 1898 1899 1900 1901 1902 1903 1904 1910 1911 1912 1913 1914 1917 1918 1919 1922 1923 1924 1925 1926 1927 1928 1929 1930 1933 1934 1935 1937 1938 1939 1940 1942 1943 1944 1945 1946 1948 1949 1950 1951 1952 1953 1954 1955 1956 1958 1959 1960 1961 1962 1964 1968 1970 1971 1972 1974 1976 1980 1981 1984 1987 1991 1995 1996 2000 2004 2006 2007 2008 2009 2010 2011 2012 2016 2021 2022 2023 2024 2025 2026 2027 2028 2032 2037 2038 2039 2043 2044 2046 2048 0
1 2 3 4 5 6 8 9 11 16 19 20 21 22 23 24 25 26 31 32 0

66
1 4 5 6 7 8 9 10 11 13 14 16 17 19 20 21 22 23 24 25 26 28 29 33 37 38 39 40 41 42 43 44 45 46 48 49 51 53 54 55 57 58 59 60 61 62 63 65 69 70 71 72 73 74 75 76 77 78 79 81 83 84 85 86 87 88 89 90 91 92 93 96 97 100 101 102 103 104 105 106 107 108 109 110 111 112 113 115 117 118 119 121 122 124 125 126 128 129 130 131 132 133 134 136 137 138 139 140 141 145 146 147 148 149 150 151 152 153 154 155 156 157 160 161 162 163 165 166 167 168 169 170 171 172 173 175 176 177 179 180 181 182 183 185 186 187 189 190 191 192 193 194 195 197 198 199 201 202 203 204 206 207 208 209 211 212 213 214 216 217 219 220 221 222 223 224 225 228 230 231 233 234 235 236 237 238 239 240 241 242 244 245 246 247 248 250 251 252 253 254 255 256 257 258 259 260 261 262 263 264 265 266 267 268 269 270 271 273 274 275 276 277 278 279 280 281 283 285 287 288 289 290 293 294 295 296 297 298 299 300 301 304 305 307 308 310 311 312 313 314 315 317 318 320 321 322 323 325 326 327 328 329 331 332 334 335 336 337 339 340 341 342 344 345 346 347 348 349 350 351 352 353 354 355 356 357 358 359 360 361 362 363 364 365 366 367 368 369 370 372 373 374 375 376 377 378 379 380 381 382 383 384 385 386 387 388 389 390 391 392 393 394 395 396 397 398 399 400 401 402 403 404 405 406 407 408 409 410 411 412 413 414 415 416 417 418 419 420 421 422 424 425 426 427 428 429 430 431 432 433 434 435 436 437 438 439 441 442 443 444 445 446 447 448 449 450 451 452 453 454 455 456 457 458 459 460 461 462 463 464 465 468 471 472 473 474 475 476 477 478 479 480 481 482 483 484 485 489 490 491 493 494 495 496 498 499 500 501 502 503 504 505 506 507 508 509 510 511 512 513 514 515 517 518 519 520 521 522 523 524 525 526 527 528 529 530 531 532 533 534 535 536 537 538 539 540 541 542 544 545 546 547 548 550 551 552 553 554 555 556 557 558 561 562 564 565 566 567 568 569 570 571 572 573 574 575 577 578 580 581 582 583 584 586 587 588 589 590 591 594 595 596 597 598 600 601 605 606 607 608 609 611 612 613 615 618 619 620 621 622 623 624 626 627 628 629 630 631 632 633 634 635 636 637 638 639 640 641 643 644 645 646 647 648 649 650 651 652 653 654 655 656 659 660 661 662 663 664 665 666 667 668 669 670 672 674 675 676 677 678 680 684 685 686 687 689 690 691 692 693 694 696 697 699 700 701 702 703 704 705 706 707 708 709 710 711 712 716 717 718 719 720 721 722 723 724 725 726 727 728 729 730 731 732 734 735 736 737 738 739 740 741 742 743 745 746 748 749 750 751 752 753 756 758 759 760 761 762 763 765 766 767 768 770 771 772 773 774 775 776 777 778 779 780 781 782 783 784 785 786 787 788 789 790 791 792 793 794 795 796 797 798 799 800 801 802 803 804 805 806 807 808 809 810 811 812 813 814 815 816 817 819 820 821 822 823 824 825 826 827 828 829 830 831 834 836 838 839 840 841 842 843 844 846 847 848 850 851 852 853 854 855 856 857 858 860 861 863 864 866 867 868 870 871 872 873 874 875 876 877 880 882 883 884 885 886 887 888 889 890 891 892 893 894 895 896 897 898 899 900 902 903 904 905 906 907 908 909 910 912 913 915 916 917 918 919 920 921 922 923 924 926 927 929 930 931 932 933 934 936 938 939 940 941 942 944 947 948 949 950 951 952 953 954 955 956 957 958 959 960 961 962 963 964 966 967 968 969 970 971 972 973 974 975 976 977 978 979 980 981 982 983 984 985 988 989 990 991 992 993 994 998 999 1000 1001 1002 1003 1004 1005 1006 1008 1009 1010 1011 1012 1013 1014 1015 1016 1017 1018 1019 1020 1021 1022 1023 1024 1025 1028 1029 1030 1031 1032 1033 1034 1035 1036 1037 1038 1039 1040 1042 1043 1044 1045 1046 1047 1048 1049 1050 1051 1052 1053 1054 1058 1059 1061 1066 1067 1068 1076 1080 1081 1082 1083 1085 1089 1090 1091 1092 1093 1094 1095 1096 1097 1098 1099 1100 1102 1105 1107 1108 1109 1110 1111 1113 1114 1115 1116 1118 1119 1121 1122 1123 1124 1125 1127 1128 1129 1130 1131 1132 1133 1134 1135 1136 1137 1139 1140 1141 1142 1143 1144 1145 1146 1147 1148 1149 1150 1151 1153 1155 1156 1158 1159 1161 1162 1163 1164 1165 1166 1167 1169 1173 1174 1175 1176 1177 1178 1179 1180 1181 1182 1183 1184 1185 1186 1187 1188 1189 1190 1191 1192 1193 1194 1195 1196 1197 1198 1199 1200 1201 1203 1204 1205 1206 1207 1208 1209 1210 1211 1212 1213 1215 1216 1217 1220 1221 1223 1224 1225 1226 1227 1228 1229 1231 1232 1234 1235 1237 1238 1240 1241 1243 1244 1245 1246 1247 1248 1253 1254 1255 1256 1257 1258 1259 1260 1261 1262 1263 1264 1265 1266 1267 1268 1269 1270 1271 1272 1274 1275 1276 1277 1278 1279 1280 1281 1282 1283 1284 1285 1286 1287 1288 1289 1290 1291 1293 1294 1295 1296 1297 1299 1300 1301 1302 1303 1304 1305 1306 1307 1308 1309 1310 1311 1312 1313 1317 1318 1319 1320 1321 1323 1324 1325 1326 1327 1329 1332 1333 1334 1335 1336 1337 1338 1339 1340 1341 1342 1344 1345 1347 1348 1350 1351 1352 1354 1355 1356 1357 1358 1359 1360 1361 1363 1366 1367 1368 1369 1370 1371 1372 1373 1375 1376 1377 1378 1379 1380 1382 1383 1384 1385 1386 1387 1388 1389 1390 1391 1392 1393 1396 1397 1398 1399 1400 1401 1402 1403 1404 1405 1406 1407 1408 1409 1412 1414 1415 1416 1418 1419 1420 1421 1422 1423 1424 1426 1427 1428 1429 1430 1431 1432 1433 1434 1436 1437 1438 1439 1440 1441 1443 1444 1445 1446 1447 1448 1449 1450 1451 1452 1454 1455 1456 1457 1458 1459 1460 1461 1462 1463 1464 1465 1466 1467 1468 1470 1471 1472 1473 1476 1477 1478 1479 1480 1481 1482 1483 1485 1486 1487 1488 1489 1493 1495 1496 1497 1499 1500 1501 1502 1504 1505 1506 1507 1508 1509 1511 1512 1515 1517 1518 1519 1520 1521 1522 1523 1524 1525 1526 1528 1529 1530 1531 1532 1533 1534 1535 1536 1537 1540 1541 1542 1544 1546 1547 1548 1549 1550 1552 1553 1554 1556 1557 1558 1559 1560 1561 1562 1564 1565 1568 1569 1570 1571 1572 1573 1575 1576 1577 1578 1579 1580 1581 1582 1583 1584 1585 1586 1587 1589 1590 1591 1592 1593 1594 1595 1597 1598 1601 1603 1604 1605 1606 1607 1608 1611 1612 1614 1615 1616 1617 1618 1619 1620 1621 1622 1623 1625 1626 1627 1628 1629 1630 1631 1632 1633 1635 1636 1637 1638 1639 1640 1641 1642 1643 1644 1645 1647 1648 1649 1651 1652 1653 1654 1655 1656 1658 1659 1660 1661 1662 1663 1664 1665 1667 1668 1669 1670 1671 1673 1674 1675 1676 1678 1679 1680 1681 1682 1683 1685 1688 1689 1691 1693 1694 1695 1696 1697 1698 1699 1701 1702 1703 1707 1708 1709 1710 1711 1712 1713 1715 1716 1718 1719 1720 1721 1723 1724 1725 1726 1727 1729 1730 1732 1733 1735 1736 1737 1738 1739 1740 1741 1742 1743 1744 1745 1746 1747 1748 1749 1750 1751 1752 1753 1754 1755 1756 1757 1758 1759 1760 1761 1764 1766 1767 1768 1770 1772 1774 1776 1777 1778 1779 1780 1781 1782 1783 1785 1787 1788 1789 1790 1791 1792 1793 1796 1797 1798 1799 1800 1801 1802 1803 1804 1805 1809 1810 1811 1812 1813 1814 1815 1816 1817 1818 1819 1824 1825 1826 1827 1828 1836 1840 1841 1842 1844 1846 1847 1848 1849 1850 1857 1858 1859 1860 1861 1862 1863 1864 1865 1866 1868 1869 1875 1876 1879 1880 1881 1882 1883 1884 1885 1886 1888 1890 1894 1895 1896 1897 1898 1899 1900 1902 1904 1911 1912 1913 1914 1915 1916 1917 1918 1920 1926 1927 1928 1930 1932 1934 1936 1940 1943 1944 1948 1950 1952 1954 1956 1958 1959 1960 1962 1963 1964 1965 1966 1967 1968 1970 1971 1972 1973 1974 1975 1976 1977 1978 1979 1981 1982 1985 1987 1988 1989 1990 1991 1992 1996 1997 2000 2001 2002 2004 2005 2006 2009 2010 2011 2013 2014 2015 2016 2017 2018 2019 2021 2022 2025 2029 2031 2032 2033 2034 2035 2037 2038 2039 2041 2042 2044 2045 2046 2047 2048 0
2 3 7 8 9 11 13 16 17 18 20 21 22 23 24 25 27 32 0

67
1 2 3 4 6 7 8 10 11 12 13 14 15 16 17 18 20 21 23 24 25 26 27 29 30 32 33 35 36 38 39 40 42 43 45 46 47 48 49 51 52 55 57 58 60 61 62 64 65 66 67 69 70 72 74 76 77 78 79 80 81 82 83 84 85 86 87 88 89 90 91 93 94 95 96 97 98 99 100 102 103 104 106 107 108 110 112 113 114 115 117 119 120 122 124 125 126 129 130 131 134 135 136 137 138 139 140 141 144 145 146 147 148 149 150 151 152 153 154 155 157 158 159 161 162 163 164 165 166 168 169 170 172 174 175 177 178 179 180 181 183 184 185 186 187 188 189 190 191 192 193 194 195 196 197 198 199 202 203 204 207 208 209 210 211 212 214 216 218 219 220 221 222 224 225 228 229 230 231 232 233 234 235 237 238 241 242 243 244 245 246 247 248 249 250 251 252 253 254 255 256 257 258 259 260 261 263 264 265 266 267 268 269 270 271 272 273 274 275 276 278 279 280 281 282 284 285 286 287 288 290 291 292 293 294 297 299 300 302 304 305 306 307 311 312 314 315 317 319 320 324 325 326 328 329 330 335 336 337 338 339 340 341 342 343 344 345 346 348 349 352 353 355 356 357 359 360 361 364 365 367 368 369 370 371 372 373 374 376 377 378 380 381 382 383 384 385 386 387 388 391 392 393 394 395 396 399 400 403 405 406 407 408 411 412 414 415 416 417 418 419 421 422 423 425 426 429 430 431 432 433 434 436 437 438 439 440 442 443 444 445 446 447 448 449 450 452 453 454 456 459 460 461 462 463 464 465 466 467 468 469 471 472 473 474 476 477 480 481 483 484 485 487 488 489 490 493 496 497 500 501 502 504 505 506 507 508 510 512 513 514 515 516 517 518 520 521 522 523 524 525 526 527 528 529 530 532 533 534 535 538 539 540 542 543 544 545 546 547 548 549 550 552 553 558 559 560 561 563 564 565 570 573 574 576 579 584 585 586 589 590 591 592 593 594 595 596 597 599 600 601 602 605 606 607 608 609 611 612 615 616 617 618 619 620 621 622 623 624 628 629 630 631 632 633 635 636 639 640 641 642 643 644 645 646 647 648 649 650 651 652 655 656 657 658 659 662 663 664 665 666 667 668 669 677 678 679 680 681 682 683 684 687 688 693 694 695 696 698 699 700 702 703 705 708 709 710 711 713 714 715 716 717 718 720 722 724 725 726 727 729 730 731 732 733 735 736 737 738 740 741 743 744 745 746 747 748 750 751 752 753 758 759 760 761 766 769 770 771 772 773 774 775 776 777 778 779 780 781 782 783 784 785 786 787 788 789 790 793 794 795 796 797 798 799 800 801 802 803 804 805 806 807 808 809 812 813 814 815 817 818 819 820 822 824 825 827 828 831 832 833 834 836 837 838 839 840 842 848 850 851 852 854 855 856 857 858 859 860 861 864 865 866 867 868 870 871 873 874 875 879 880 883 884 885 886 887 893 898 901 902 904 905 910 911 912 916 917 919 920 921 922 923 925 927 934 935 936 937 939 940 941 942 943 944 947 948 949 950 951 952 953 954 955 956 958 959 960 962 963 964 965 966 967 968 969 970 971 972 973 974 975 976 977 978 979 982 983 984 985 986 987 988 990 992 994 995 996 997 998 999 1000 1001 1004 1005 1006 1007 1008 1009 1010 1011 1012 1013 1014 1015 1016 1017 1018 1019 1020 1021 1022 1023 1024 1025 1026 1027 1029 1030 1031 1032 1033 1034 1035 1037 1038 1039 1040 1041 1042 1043 1044 1045 1046 1047 1048 1051 1052 1053 1054 1055 1056 1057 1058 1059 1060 1061 1062 1063 1064 1065 1066 1070 1071 1072 1073 1075 1076 1078 1080 1081 1082 1083 1084 1085 1086 1087 1088 1089 1090 1093 1094 1095 1097 1098 1100 1101 1103 1105 1106 1108 1109 1110 1113 1114 1115 1116 1118 1119 1120 1121 1122 1123 1124 1125 1126 1132 1133 1134 1135 1136 1137 1138 1139 1141 1142 1143 1144 1145 1146 1152 1153 1154 1155 1156 1158 1159 1160 1161 1166 1167 1168 1169 1170 1171 1172 1173 1174 1175 1177 1179 1181 1184 1185 1190 1191 1193 1198 1201 1204 1207 1208 1209 1210 1211 1212 1213 1214 1215 1216 1217 1218 1221 1222 1223 1224 1225 1226 1227 1228 1229 1230 1232 1233 1234 1236 1237 1238 1239 1240 1241 1242 1243 1244 1245 1246 1248 1249 1250 1251 1252 1253 1254 1255 1256 1257 1258 1259 1260 1261 1264 1265 1266 1267 1268 1269 1270 1271 1273 1274 1275 1276 1277 1278 1279 1280 1281 1282 1283 1284 1285 1286 1287 1289 1290 1292 1293 1294 1295 1296 1297 1301 1303 1304 1305 1306 1307 1308 1309 1310 1311 1313 1314 1315 1316 1317 1318 1320 1323 1324 1328 1329 1331 1334 1340 1344 1345 1346 1347 1348 1349 1354 1355 1360 1362 1363 1366 1369 1370 1371 1372 1373 1374 1375 1376 1378 1379 1382 1383 1384 1385 1386 1387 1391 1392 1393 1394 1395 1396 1399 1401 1402 1404 1405 1408 1411 1412 1414 1415 1420 1421 1424 1425 1429 1430 1431 1434 1435 1438 1440 1444 1450 1451 1452 1453 1454 1456 1457 1459 1464 1465 1466 1468 1469 1471 1472 1474 1475 1477 1478 1479 1480 1481 1482 1483 1484 1486 1487 1488 1490 1491 1492 1493 1495 1497 1498 1499 1500 1501 1502 1503 1504 1506 1507 1508 1509 1510 1511 1513 1514 1515 1516 1517 1518 1521 1522 1523 1524 1525 1526 1527 1528 1529 1530 1531 1532 1533 1534 1535 1537 1538 1539 1540 1542 1543 1545 1546 1547 1548 1550 1551 1552 1553 1554 1556 1559 1562 1563 1564 1566 1567 1568 1569 1573 1574 1575 1576 1578 1580 1582 1583 1584 1585 1587 1589 1590 1591 1592 1593 1594 1596 1598 1599 1601 1603 1604 1606 1607 1608 1611 1612 1613 1614 1617 1618 1619 1622 1623 1624 1625 1626 1627 1628 1630 1632 1633 1634 1635 1637 1638 1639 1640 1641 1643 1644 1645 1646 1648 1649 1650 1651 1652 1653 1655 1656 1657 1658 1659 1660 1661 1663 1664 1665 1666 1667 1668 1669 1670 1671 1672 1673 1674 1675 1676 1677 1678 1679 1681 1682 1683 1684 1686 1687 1688 1689 1690 1691 1692 1693 1695 1697 1699 1700 1701 1702 1703 1705 1706 1707 1708 1709 1710 1711 1712 1713 1714 1716 1717 1718 1719 1721 1722 1723 1724 1726 1727 1728 1729 1730 1731 1732 1733 1734 1735 1738 1739 1742 1743 1744 1745 1746 1747 1748 1749 1750 1751 1752 1753 1754 1755 1756 1757 1759 1760 1761 1762 1763 1765 1766 1767 1768 1773 1776 1777 1781 1782 1783 1785 1790 1791 1792 1793 1794 1795 1796 1797 1798 1799 1800 1802 1803 1804 1805 1806 1807 1808 1810 1811 1812 1813 1814 1815 1816 1820 1821 1822 1823 1824 1826 1827 1828 1829 1840 1845 1846 1848 1849 1850 1851 1852 1855 1862 1863 1864 1865 1866 1868 1871 1879 1880 1881 1882 1883 1886 1887 1888 1895 1896 1897 1898 1900 1904 1908 1912 1913 1914 1918 1919 1920 1924 1925 1928 1929 1930 1932 1933 1935 1944 1945 1946 1949 1950 1951 1953 1955 1957 1958 1959 1960 1961 1962 1963 1968 1970 1971 1973 1974 1976 1980 1982 1984 1987 1988 1989 1990 1991 1992 1993 1994 1997 1998 2000 2004 2005 2006 2007 2008 2009 2010 2011 2012 2013 2016 2017 2018 2021 2022 2023 2024 2026 2027 2028 2029 2033 2034 2035 2036 2038 2039 2045 2046 2047 2048 0
3 4 6 7 10 11 12 19 20 21 22 23 25 27 28 31 32 0

68
1 2 3 4 5 6 7 10 11 12 13 14 15 17 22 23 25 26 28 30 31 32 33 37 39 44 45 46 48 49 52 54 55 57 59 60 61 64 65 69 70 71 72 73 74 76 80 81 84 86 87 89 90 91 92 93 97 100 101 102 103 104 105 106 107 108 109 110 113 115 116 117 118 119 120 121 122 123 124 125 127 129 131 132 133 134 135 136 137 139 140 141 142 143 144 145 146 147 148 149 150 151 153 154 155 156 157 158 159 160 161 162 163 164 165 166 167 168 169 170 171 172 174 175 176 177 178 180 181 182 183 184 188 189 190 192 193 195 196 197 198 199 201 202 203 205 206 207 208 209 210 212 213 214 215 216 217 218 219 220 222 224 225 226 230 231 232 233 234 235 236 237 238 240 241 243 244 245 247 248 249 250 251 252 253 254 255 256 257 258 261 262 264 265 266 267 268 269 270 271 273 274 276 277 280 283 284 285 287 288 289 290 293 294 296 298 299 300 302 303 305 308 309 311 312 313 314 315 316 318 319 320 321 322 323 326 328 329 330 331 335 336 337 338 341 343 344 345 346 348 349 350 351 353 354 356 357 358 359 362 363 365 368 369 371 372 373 374 375 376 377 378 380 382 384 385 387 389 391 392 394 395 397 399 401 403 404 405 406 407 411 413 415 417 418 419 421 422 423 424 425 426 427 428 430 431 432 435 436 437 438 439 440 443 445 447 448 449 450 451 452 453 454 455 457 460 461 462 464 465 466 468 469 472 474 475 479 480 481 482 483 486 488 489 492 493 497 498 499 500 503 504 505 507 508 511 512 513 514 515 516 521 522 523 524 525 526 527 528 529 531 532 533 534 535 540 541 545 546 547 548 549 551 554 555 557 561 562 563 564 567 568 569 570 572 573 576 577 578 579 580 581 582 583 584 585 586 587 590 591 592 593 596 597 598 599 600 601 602 603 604 605 606 607 608 609 610 611 613 614 615 616 617 618 619 620 621 622 625 626 627 628 629 630 631 632 635 636 637 638 640 642 643 644 645 646 647 648 649 650 652 653 654 659 660 661 663 664 665 666 668 669 670 671 672 675 676 677 678 681 682 683 684 685 686 687 688 692 693 694 695 696 697 700 701 702 703 704 707 708 709 710 711 712 713 714 715 716 717 718 719 722 724 725 727 731 732 733 736 737 738 739 740 741 742 746 747 753 754 755 756 759 760 761 762 768 769 770 771 772 773 774 775 776 777 779 780 781 782 783 784 787 791 793 794 795 799 801 806 807 808 809 811 812 814 816 817 820 821 822 823 824 826 827 828 829 830 833 834 835 840 841 842 843 846 847 848 850 851 852 853 855 856 857 858 859 860 861 862 863 864 866 868 869 870 872 873 874 877 878 879 880 884 886 888 889 892 893 895 896 899 900 901 902 903 905 906 907 909 911 912 914 915 916 917 918 919 920 921 922 923 924 928 930 931 932 933 934 935 936 937 938 943 944 948 950 951 952 953 954 955 956 957 959 963 965 967 968 969 970 971 972 973 975 982 983 984 985 986 987 992 993 1000 1001 1004 1005 1006 1007 1009 1010 1011 1012 1013 1014 1015 1016 1017 1018 1019 1020 1021 1022 1023 1024 1031 1032 1033 1040 1041 1044 1045 1046 1047 1048 1049 1050 1051 1053 1060 1061 1062 1063 1064 1065 1066 1067 1070 1073 1075 1076 1077 1078 1079 1080 1081 1082 1083 1084 1085 1090 1091 1092 1094 1095 1096 1097 1099 1100 1101 1104 1105 1107 1108 1109 1110 1111 1112 1113 1115 1117 1120 1121 1123 1124 1125 1128 1129 1130 1131 1133 1137 1138 1139 1140 1141 1142 1143 1144 1145 1146 1147 1148 1149 1150 1153 1154 1155 1156 1157 1159 1161 1162 1163 1164 1165 1166 1169 1170 1172 1173 1175 1176 1177 1178 1179 1180 1181 1184 1185 1186 1188 1189 1190 1191 1192 1193 1194 1195 1196 1197 1198 1199 1200 1201 1202 1204 1205 1206 1207 1209 1210 1212 1213 1215 1216 1217 1221 1222 1223 1224 1225 1226 1227 1228 1229 1231 1232 1233 1234 1238 1239 1240 1242 1245 1246 1247 1248 1249 1256 1257 1258 1259 1262 1263 1264 1265 1269 1270 1271 1272 1273 1274 1275 1276 1277 1278 1279 1280 1281 1282 1283 1284 1285 1286 1287 1288 1289 1291 1292 1293 1294 1295 1296 1297 1308 1313 1314 1315 1316 1318 1319 1320 1321 1328 1334 1335 1336 1338 1339 1340 1352 1353 1354 1355 1356 1361 1364 1366 1367 1368 1369 1370 1371 1372 1373 1375 1376 1377 1381 1382 1383 1384 1385 1386 1388 1389 1390 1392 1398 1400 1401 1404 1405 1406 1408 1411 1413 1417 1418 1419 1420 1421 1422 1424 1425 1429 1431 1432 1433 1436 1437 1438 1439 1440 1444 1445 1446 1449 1450 1451 1452 1453 1454 1456 1457 1459 1461 1463 1464 1465 1466 1467 1468 1469 1470 1473 1477 1478 1479 1481 1483 1484 1489 1492 1493 1494 1495 1496 1497 1498 1500 1506 1507 1510 1511 1512 1515 1519 1521 1522 1523 1524 1525 1526 1531 1532 1533 1534 1536 1537 1539 1540 1541 1542 1543 1544 1545 1552 1553 1555 1556 1557 1560 1561 1563 1565 1567 1569 1574 1575 1577 1580 1585 1588 1589 1594 1595 1596 1598 1601 1602 1603 1605 1606 1607 1608 1611 1612 1613 1614 1615 1616 1617 1618 1619 1622 1623 1624 1625 1626 1627 1628 1632 1633 1636 1637 1639 1640 1641 1642 1643 1644 1645 1646 1647 1648 1649 1651 1652 1653 1655 1656 1657 1659 1661 1664 1665 1667 1668 1669 1670 1671 1672 1673 1674 1676 1678 1680 1681 1683 1684 1685 1687 1688 1689 1690 1691 1692 1694 1696 1697 1698 1700 1702 1703 1704 1705 1706 1707 1708 1709 1710 1711 1712 1713 1714 1716 1717 1718 1719 1720 1721 1722 1725 1726 1727 1728 1729 1730 1732 1733 1734 1735 1736 1737 1738 1742 1743 1744 1745 1746 1748 1749 1750 1751 1753 1754 1755 1758 1759 1760 1761 1763 1764 1765 1767 1770 1771 1772 1776 1777 1778 1781 1783 1788 1789 1790 1791 1792 1793 1794 1795 1796 1797 1801 1802 1803 1804 1805 1806 1807 1808 1809 1810 1811 1820 1821 1822 1823 1824 1825 1826 1827 1828 1834 1835 1836 1838 1839 1840 1841 1842 1850 1851 1854 1855 1856 1857 1858 1864 1865 1866 1867 1870 1871 1872 1873 1874 1880 1881 1882 1883 1885 1886 1887 1888 1889 1890 1896 1897 1898 1900 1901 1902 1903 1904 1905 1915 1916 1917 1918 1919 1920 1922 1923 1924 1925 1926 1932 1933 1934 1935 1938 1939 1940 1941 1942 1943 1944 1948 1949 1954 1955 1956 1957 1959 1960 1961 1962 1970 1971 1972 1973 1974 1976 1977 1978 1979 1980 1981 1982 1986 1987 1988 1989 1990 1991 1994 1996 1997 1998 1999 2000 2003 2004 2005 2006 2007 2010 2012 2014 2015 2019 2020 2021 2022 2023 2028 2029 2030 2031 2037 2038 2040 2045 2046 2047 0
2 3 5 6 7 8 9 10 11 12 14 15 17 20 21 22 23 25 32 0

69
1 2 3 4 5 8 9 10 11 12 13 14 15 16 17 18 19 22 24 25 27 29 30 32 33 35 36 39 40 41 43 44 46 48 49 51 53 55 56 57 58 59 60 61 63 64 65 66 68 70 71 73 74 75 76 77 78 79 80 81 83 84 86 87 88 89 90 91 92 93 94 95 96 98 99 100 101 102 103 104 105 106 107 108 109 110 111 112 113 115 116 118 119 120 121 122 123 124 125 126 127 128 129 130 131 133 134 135 136 137 138 139 140 141 142 143 145 146 147 149 150 151 152 153 154 156 157 158 161 163 164 165 166 167 168 169 170 171 172 173 174 176 177 179 180 181 182 183 184 185 186 187 188 189 190 191 192 193 194 196 197 198 199 200 201 203 204 205 206 208 209 210 211 213 214 215 216 217 218 219 220 221 222 223 224 225 226 228 229 230 231 232 233 234 235 236 237 238 239 240 241 242 243 244 245 246 247 249 250 251 252 253 254 255 256 257 258 259 261 262 263 264 265 266 267 268 269 270 271 272 273 274 275 276 277 278 279 280 282 283 284 285 286 287 288 289 290 292 293 294 296 297 298 299 301 303 304 305 308 309 310 311 312 314 315 316 317 318 319 320 321 322 323 324 325 326 327 328 329 330 331 332 333 334 336 337 338 340 341 342 343 344 345 346 347 348 349 350 351 352 354 355 356 357 358 359 361 362 363 364 366 367 368 369 371 372 373 374 375 376 377 378 379 380 381 383 384 385 386 387 388 389 392 393 394 395 396 397 398 399 400 401 402 403 404 405 406 408 409 410 411 412 413 414 415 416 418 419 420 421 422 423 424 425 426 427 428 429 430 431 432 433 434 435 436 437 438 439 442 443 444 445 446 448 449 451 454 455 456 458 459 460 461 462 464 465 467 468 469 470 471 474 475 476 477 480 481 482 483 484 486 487 488 489 490 491 492 493 494 495 496 499 501 502 503 504 506 508 509 510 511 512 513 515 516 519 520 521 523 524 525 526 527 528 529 530 531 532 533 534 535 536 538 539 540 541 542 543 544 546 547 548 549 550 551 552 553 554 555 556 557 558 559 560 562 563 564 565 566 567 568 569 570 571 572 573 575 576 578 579 580 581 582 583 584 585 586 587 588 589 590 591 592 595 596 597 598 599 601 602 603 604 605 606 607 608 609 610 611 612 613 614 615 616 617 618 619 620 621 622 623 624 625 627 628 629 630 632 633 634 635 636 637 638 639 640 641 642 643 644 645 647 648 649 650 651 652 653 655 658 659 660 661 662 663 664 665 666 667 668 669 670 671 672 674 675 676 677 678 679 680 681 682 683 684 685 686 687 688 689 691 692 693 694 695 696 697 698 699 700 702 703 704 705 706 708 709 710 711 712 713 714 715 716 717 718 719 720 721 722 723 725 727 728 729 730 731 732 733 734 735 737 738 739 740 741 742 743 744 745 746 747 756 757 759 760 764 765 766 767 768 769 771 772 773 774 775 776 777 778 779 780 781 782 783 784 785 786 787 788 789 790 791 792 793 794 795 796 797 798 799 800 801 802 803 804 805 806 807 808 809 810 811 812 813 814 815 816 820 821 822 823 824 825 826 827 828 829 830 831 832 833 834 836 837 838 840 841 842 843 844 845 846 849 850 851 852 853 854 855 856 857 858 859 861 862 863 864 865 866 867 868 869 870 871 872 873 874 875 876 877 878 879 880 882 883 884 886 888 889 890 891 892 895 896 898 899 900 901 902 903 904 905 907 908 909 910 912 913 914 915 916 917 918 919 920 921 922 923 924 925 926 927 929 930 931 932 933 934 935 936 937 938 940 941 942 943 946 947 948 949 950 951 952 953 954 955 956 957 958 960 961 962 964 965 966 967 968 969 970 971 972 973 974 977 978 979 980 981 982 983 984 985 986 987 988 989 992 994 995 996 998 999 1000 1001 1002 1003 1004 1005 1008 1009 1010 1011 1012 1013 1014 1015 1016 1017 1018 1019 1020 1021 1022 1023 1024 1029 1031 1032 1033 1039 1040 1041 1042 1043 1044 1045 1047 1048 1049 1050 1051 1052 1053 1054 1055 1056 1057 1058 1063 1064 1065 1066 1067 1068 1071 1072 1073 1074 1075 1077 1078 1079 1080 1082 1083 1084 1085 1088 1089 1090 1091 1092 1093 1094 1097 1098 1099 1100 1101 1102 1104 1105 1106 1107 1108 1109 1110 1111 1112 1113 1114 1115 1116 1117 1118 1119 1120 1121 1122 1124 1125 1126 1127 1128 1129 1130 1131 1132 1133 1134 1135 1136 1137 1138 1139 1140 1141 1142 1143 1144 1145 1146 1148 1149 1150 1151 1152 1153 1154 1155 1156 1157 1158 1159 1160 1161 1162 1163 1164 1165 1166 1167 1168 1169 1171 1172 1173 1174 1175 1176 1177 1178 1179 1180 1181 1182 1183 1184 1185 1187 1188 1189 1190 1191 1194 1196 1197 1198 1199 1200 1201 1202 1203 1204 1205 1206 1207 1208 1209 1210 1211 1212 1213 1214 1215 1216 1217 1218 1219 1220 1221 1222 1223 1224 1225 1226 1227 1228 1229 1230 1231 1232 1233 1234 1235 1236 1237 1238 1239 1240 1241 1242 1243 1244 1246 1247 1248 1249 1250 1251 1252 1253 1254 1255 1256 1257 1258 1259 1261 1262 1263 1268 1269 1271 1272 1273 1274 1282 1283 1284 1285 1286 1287 1288 1289 1290 1291 1292 1293 1294 1295 1296 1298 1299 1300 1302 1303 1304 1305 1308 1309 1310 1311 1312 1313 1314 1317 1318 1319 1320 1321 1322 1323 1325 1326 1327 1328 1329 1333 1334 1335 1336 1338 1339 1341 1342 1343 1344 1345 1348 1349 1350 1351 1352 1353 1354 1355 1356 1357 1360 1361 1362 1363 1364 1365 1366 1367 1368 1369 1370 1371 1372 1373 1374 1375 1376 1378 1379 1380 1381 1382 1383 1384 1385 1386 1387 1388 1389 1392 1394 1395 1396 1397 1398 1400 1402 1404 1405 1406 1407 1409 1410 1411 1412 1413 1417 1418 1420 1421 1422 1423 1426 1427 1429 1431 1432 1434 1435 1436 1437 1438 1439 1440 1442 1443 1444 1445 1446 1447 1448 1449 1450 1452 1453 1454 1455 1456 1458 1459 1460 1461 1462 1463 1464 1465 1466 1467 1468 1469 1470 1472 1474 1475 1476 1478 1480 1481 1482 1483 1484 1485 1487 1488 1490 1491 1492 1493 1494 1495 1496 1497 1498 1499 1501 1504 1505 1506 1507 1508 1509 1510 1512 1513 1514 1516 1520 1521 1522 1523 1526 1528 1529 1536 1537 1543 1544 1545 1552 1553 1554 1555 1556 1559 1560 1561 1562 1564 1565 1566 1567 1568 1569 1572 1573 1574 1575 1576 1577 1578 1579 1580 1581 1582 1583 1584 1585 1588 1589 1590 1591 1592 1594 1595 1598 1600 1601 1603 1604 1605 1606 1607 1608 1609 1610 1611 1612 1614 1616 1617 1618 1619 1620 1621 1622 1623 1624 1625 1627 1629 1630 1631 1632 1633 1635 1636 1637 1638 1639 1640 1641 1642 1643 1644 1645 1646 1647 1648 1649 1651 1652 1653 1654 1655 1656 1657 1659 1660 1661 1662 1663 1664 1665 1666 1667 1668 1669 1670 1671 1672 1673 1674 1675 1676 1677 1679 1680 1681 1682 1683 1684 1685 1686 1687 1688 1689 1690 1691 1692 1693 1694 1695 1696 1697 1699 1700 1701 1702 1703 1704 1705 1708 1709 1711 1712 1713 1714 1715 1716 1717 1718 1719 1720 1723 1724 1725 1726 1727 1729 1730 1731 1732 1733 1734 1735 1736 1737 1738 1739 1740 1741 1742 1743 1745 1746 1747 1748 1749 1750 1751 1752 1753 1754 1755 1756 1757 1758 1759 1760 1761 1762 1763 1764 1765 1766 1767 1768 1769 1770 1771 1772 1773 1774 1775 1776 1777 1778 1779 1780 1783 1784 1785 1786 1788 1791 1793 1794 1795 1796 1797 1798 1799 1802 1803 1804 1805 1806 1807 1816 1817 1818 1819 1821 1823 1824 1826 1827 1828 1832 1833 1834 1836 1838 1840 1843 1847 1848 1849 1850 1851 1853 1854 1855 1856 1860 1862 1863 1864 1865 1866 1867 1869 1870 1871 1872 1874 1876 1878 1879 1881 1882 1883 1884 1887 1888 1891 1892 1893 1894 1896 1897 1900 1901 1902 1906 1907 1908 1909 1911 1912 1913 1914 1917 1919 1922 1923 1924 1925 1926 1927 1928 1929 1930 1931 1933 1934 1937 1938 1939 1940 1941 1942 1943 1944 1945 1946 1947 1948 1949 1951 1953 1954 1955 1956 1957 1958 1959 1961 1962 1963 1964 1965 1966 1968 1970 1971 1972 1973 1974 1975 1976 1977 1978 1979 1980 1981 1982 1988 1989 1990 1991 1992 1994 1995 1996 1998 2006 2007 2008 2009 2010 2011 2023 2024 2025 2026 2027 2033 2034 2038 2039 2040 2041 2043 2044 2046 2048 0
1 2 3 4 5 6 9 12 13 15 16 19 21 23 25 26 29 30 32 0

70
1 2 3 4 5 6 7 8 9 10 11 12 13 14 15 16 17 18 19 20 21 22 23 24 25 26 28 29 30 31 32 33 34 35 36 37 38 39 40 41 42 44 45 46 47 48 49 50 51 52 53 54 55 56 58 59 60 61 62 63 64 65 66 67 68 69 70 71 72 73 74 75 76 77 78 79 80 81 82 83 84 86 87 88 89 90 92 93 94 95 96 98 99 100 101 102 103 104 105 106 107 108 109 110 111 112 113 114 115 116 118 119 120 121 122 123 124 125 126 127 128 129 130 132 133 134 136 137 139 140 141 142 143 144 145 146 147 149 150 151 152 153 155 156 157 158 159 160 161 163 164 165 166 167 168 170 174 176 177 180 181 182 184 187 189 190 192 193 195 197 204 205 206 208 209 210 211 212 213 214 216 217 219 220 221 222 223 224 225 226 227 228 229 232 233 234 235 236 237 238 239 240 241 242 243 244 245 246 247 248 249 251 252 253 254 255 256 257 258 259 260 261 262 263 264 265 268 269 270 271 272 273 274 276 277 278 280 281 283 284 285 286 287 288 289 290 291 292 293 294 295 297 298 299 300 301 302 304 305 306 307 308 309 310 311 312 314 315 316 317 318 320 321 322 323 324 325 326 327 328 329 330 331 332 334 335 336 337 338 339 340 342 343 344 345 346 347 348 349 350 352 353 354 355 357 358 359 360 361 362 363 364 365 367 368 369 372 373 374 375 376 377 378 379 380 381 383 384 386 388 389 390 391 392 393 396 397 399 400 401 402 404 405 406 407 409 410 411 412 413 415 416 417 419 420 421 422 424 426 428 429 430 431 432 433 434 435 437 438 440 442 443 445 446 447 449 450 451 452 453 454 455 457 459 460 461 462 463 464 465 466 467 468 469 470 471 472 473 475 476 477 478 481 482 483 484 485 486 487 488 491 492 493 495 496 497 498 499 500 502 504 505 506 507 509 511 512 513 514 515 516 517 518 519 520 521 522 523 524 525 526 527 528 529 530 531 532 533 534 535 536 537 539 540 541 542 543 544 545 546 547 548 549 550 551 552 553 554 555 556 557 558 559 560 561 562 563 564 565 566 567 569 570 571 572 573 574 575 576 577 578 579 581 582 583 584 585 586 587 588 589 590 591 592 593 595 596 597 598 599 600 601 602 603 604 605 606 607 608 609 610 611 612 613 614 615 618 619 620 621 622 623 624 625 626 627 628 629 630 631 633 634 635 636 637 639 640 641 642 643 644 645 646 647 648 649 650 651 652 655 656 657 658 659 660 662 664 666 667 668 669 670 671 672 673 674 676 678 679 680 681 682 683 684 685 687 688 689 690 691 693 694 696 697 698 699 701 702 703 704 705 706 708 709 710 711 712 713 714 715 718 719 721 722 723 724 725 726 727 728 729 730 731 732 733 734 735 736 737 738 739 740 741 742 743 747 748 749 750 751 752 753 757 760 761 762 764 767 769 770 771 772 773 774 775 776 777 779 780 781 782 783 784 785 786 787 788 789 790 791 792 793 794 795 796 797 798 799 800 802 803 804 806 807 808 809 810 811 812 813 814 816 817 818 819 820 821 823 824 825 826 827 828 831 832 833 834 837 838 839 842 843 844 845 846 847 848 849 850 851 852 853 854 855 856 857 859 860 861 864 865 866 867 868 869 870 871 873 874 875 876 880 881 882 883 884 885 886 887 888 889 890 891 892 893 894 896 897 898 899 900 901 902 903 904 905 906 907 908 909 910 911 912 914 915 916 917 918 920 921 922 923 926 927 928 930 931 932 934 935 936 937 938 940 941 942 943 946 948 949 950 951 952 953 954 955 956 958 960 961 962 965 966 967 968 969 970 971 972 973 974 975 976 978 979 981 982 983 984 985 986 989 990 991 993 994 995 997 999 1000 1001 1002 1004 1005 1006 1007 1008 1009 1010 1011 1012 1013 1014 1015 1016 1017 1018 1019 1020 1021 1022 1023 1024 1025 1026 1027 1028 1029 1030 1031 1032 1033 1034 1035 1036 1037 1038 1039 1040 1041 1042 1043 1045 1046 1047 1048 1049 1050 1053 1054 1055 1056 1058 1059 1060 1061 1062 1063 1064 1065 1066 1067 1068 1069 1070 1071 1072 1073 1074 1075 1077 1078 1079 1081 1082 1083 1084 1085 1086 1087 1088 1089 1090 1091 1092 1093 1094 1095 1096 1097 1098 1099 1100 1101 1102 1103 1104 1106 1107 1108 1109 1110 1111 1112 1113 1115 1116 1117 1118 1119 1120 1121 1122 1123 1124 1125 1126 1127 1128 1129 1130 1131 1132 1133 1134 1135 1136 1137 1138 1139 1140 1141 1142 1143 1144 1146 1148 1149 1150 1151 1152 1154 1155 1156 1157 1158 1159 1160 1161 1162 1163 1165 1166 1167 1168 1169 1170 1175 1177 1178 1179 1180 1181 1182 1183 1184 1185 1189 1190 1191 1192 1193 1195 1196 1197 1199 1200 1201 1202 1203 1204 1205 1206 1207 1208 1211 1214 1215 1216 1217 1219 1223 1224 1225 1226 1227 1228 1229 1230 1231 1232 1233 1234 1235 1236 1237 1238 1242 1244 1246 1247 1248 1249 1250 1252 1254 1255 1256 1257 1258 1260 1261 1262 1263 1264 1265 1266 1267 1268 1269 1270 1271 1272 1273 1274 1275 1276 1277 1278 1279 1280 1281 1282 1283 1284 1285 1287 1288 1289 1290 1291 1292 1293 1294 1295 1296 1298 1299 1300 1301 1302 1303 1304 1305 1307 1308 1311 1312 1313 1314 1315 1316 1317 1318 1319 1320 1321 1322 1325 1326 1327 1328 1329 1330 1331 1332 1333 1334 1335 1336 1337 1338 1339 1340 1341 1342 1343 1344 1345 1346 1347 1348 1349 1350 1351 1352 1353 1354 1355 1356 1357 1358 1359 1360 1361 1362 1363 1364 1365 1366 1367 1368 1369 1370 1371 1372 1373 1374 1375 1376 1377 1378 1379 1380 1381 1384 1385 1386 1387 1388 1389 1390 1391 1392 1393 1394 1395 1396 1398 1401 1403 1404 1405 1406 1407 1408 1409 1410 1411 1412 1413 1416 1420 1421 1422 1423 1424 1425 1426 1428 1432 1434 1435 1436 1437 1438 1439 1441 1442 1449 1452 1453 1454 1455 1456 1457 1458 1461 1462 1463 1464 1465 1467 1468 1469 1470 1471 1472 1474 1476 1477 1478 1479 1480 1481 1482 1483 1484 1485 1487 1488 1489 1492 1493 1494 1495 1496 1497 1498 1499 1503 1504 1506 1508 1509 1510 1511 1512 1513 1515 1516 1517 1518 1519 1520 1522 1523 1524 1525 1526 1527 1528 1529 1530 1531 1532 1534 1536 1537 1538 1539 1540 1541 1542 1543 1544 1545 1546 1547 1548 1549 1550 1551 1552 1553 1554 1556 1557 1558 1559 1560 1561 1562 1563 1564 1568 1569 1570 1571 1572 1573 1574 1576 1577 1578 1579 1580 1581 1582 1583 1584 1585 1586 1588 1589 1590 1591 1592 1593 1594 1595 1596 1597 1598 1600 1601 1602 1603 1604 1605 1606 1607 1608 1609 1610 1611 1613 1614 1616 1617 1618 1619 1620 1621 1622 1623 1624 1625 1626 1627 1628 1632 1633 1634 1635 1636 1637 1638 1641 1642 1643 1644 1645 1646 1647 1648 1649 1650 1651 1652 1653 1654 1656 1657 1658 1659 1660 1661 1662 1663 1664 1665 1666 1667 1668 1669 1670 1672 1673 1675 1677 1678 1679 1680 1681 1682 1683 1684 1685 1687 1688 1689 1690 1691 1692 1693 1694 1695 1696 1697 1698 1699 1701 1703 1704 1705 1706 1707 1708 1709 1710 1711 1713 1716 1717 1718 1719 1721 1722 1725 1726 1727 1728 1729 1731 1732 1733 1734 1735 1736 1737 1738 1739 1740 1741 1742 1744 1745 1746 1747 1749 1750 1751 1753 1754 1755 1756 1757 1758 1761 1763 1764 1765 1767 1768 1770 1771 1772 1773 1775 1777 1778 1780 1781 1782 1783 1784 1787 1789 1790 1791 1792 1793 1795 1796 1797 1798 1799 1800 1801 1802 1803 1804 1805 1806 1807 1808 1809 1816 1817 1818 1819 1820 1821 1822 1823 1824 1825 1827 1828 1829 1830 1832 1833 1834 1835 1836 1837 1838 1839 1840 1841 1842 1843 1844 1845 1846 1847 1849 1850 1851 1852 1853 1854 1855 1856 1857 1858 1859 1860 1861 1862 1863 1864 1865 1866 1868 1869 1870 1871 1872 1873 1874 1875 1876 1877 1878 1879 1880 1881 1882 1883 1884 1885 1886 1887 1888 1892 1893 1894 1895 1897 1898 1899 1900 1901 1902 1903 1904 1905 1907 1908 1909 1914 1915 1916 1917 1918 1919 1920 1921 1922 1923 1924 1925 1929 1931 1932 1933 1934 1935 1936 1937 1938 1939 1940 1941 1946 1947 1948 1949 1951 1952 1953 1954 1955 1956 1957 1958 1961 1962 1963 1964 1967 1968 1969 1970 1971 1972 1973 1974 1976 1977 1978 1979 1982 1983 1988 1989 1990 1991 1992 1993 1994 1998 1999 2004 2005 2006 2007 2014 2016 2020 2021 2022 2023 2024 2027 2029 2030 2038 2039 2040 2041 2042 2043 2044 2045 2046 2047 2048 0
1 2 3 4 5 7 8 11 12 13 14 15 16 17 19 21 22 23 24 25 28 31 32 0

71
1 2 4 5 6 7 8 9 10 11 12 13 14 15 16 17 18 19 20 21 22 23 24 25 26 27 28 29 30 31 32 33 34 35 37 38 39 40 41 42 43 44 45 46 47 48 49 51 52 53 54 55 56 57 58 59 60 61 62 63 64 65 66 67 68 69 70 71 72 73 74 75 76 77 78 79 80 81 82 83 84 85 86 87 88 89 90 91 92 93 94 95 96 97 98 99 100 103 104 105 106 107 108 109 110 111 112 114 115 116 117 118 119 120 121 122 123 124 125 126 127 128 129 130 131 132 133 134 135 136 137 138 139 140 141 142 143 144 145 146 147 148 149 150 151 152 153 155 156 157 159 160 161 162 163 164 165 166 167 168 169 170 172 173 174 175 176 177 180 181 182 183 184 185 186 187 188 189 190 191 192 193 194 197 198 199 200 201 202 203 204 205 206 207 208 209 210 211 212 213 214 215 216 219 220 221 222 223 224 225 226 227 228 229 230 231 232 233 234 235 236 237 238 239 240 241 244 245 246 247 248 249 250 251 252 253 254 255 256 257 258 259 260 261 262 263 264 265 266 267 268 269 270 271 272 274 276 277 278 279 280 281 282 284 285 286 287 288 289 290 291 292 293 294 295 296 297 298 299 300 301 302 303 304 305 307 310 311 312 313 314 315 316 317 318 320 322 324 325 326 327 328 329 330 331 332 333 334 336 337 338 339 340 341 342 344 345 346 347 348 349 350 351 352 353 355 356 358 359 360 361 362 363 364 365 366 368 369 370 372 374 375 376 377 378 379 380 381 382 384 385 386 387 388 390 391 392 393 394 396 397 398 400 401 402 404 405 406 407 408 409 411 412 413 414 415 416 417 418 419 420 421 422 423 424 425 426 427 428 429 430 431 432 433 435 437 438 439 440 441 442 444 446 447 448 449 450 451 452 453 454 455 456 457 459 460 461 462 463 464 465 466 467 468 469 470 472 474 477 478 479 480 481 482 483 484 486 487 488 489 490 491 492 493 494 495 496 497 498 499 500 501 503 504 505 506 507 508 509 510 511 512 513 515 516 518 519 520 521 522 523 524 525 526 527 528 529 534 535 537 538 539 541 542 543 544 546 547 550 551 552 553 554 555 556 557 558 559 560 561 562 563 564 565 566 567 568 569 570 571 572 573 574 575 576 579 582 583 584 585 586 587 588 590 591 592 593 594 595 598 600 601 602 603 604 605 606 607 608 612 613 614 615 616 617 618 619 620 621 622 623 624 627 628 629 630 631 632 633 634 635 636 637 638 639 640 643 644 645 646 647 648 649 650 651 652 653 654 655 656 659 660 661 662 663 664 665 666 667 668 669 670 671 672 674 675 676 677 678 679 680 681 682 683 684 685 687 688 689 691 692 693 694 695 696 697 698 699 701 702 704 706 707 708 709 710 711 712 713 714 716 717 718 719 720 721 722 723 724 725 726 727 728 729 730 731 732 733 734 736 737 738 740 741 742 744 746 747 749 750 751 752 753 754 755 759 761 762 763 764 765 767 768 769 770 771 772 773 774 775 776 777 778 779 780 781 782 783 784 785 786 787 788 790 791 792 793 795 796 797 800 801 802 803 804 805 806 807 808 809 810 811 812 813 814 815 816 817 818 819 820 821 822 823 824 825 826 827 829 830 831 832 833 834 835 836 837 839 840 841 842 843 846 848 849 850 851 852 853 854 855 856 857 858 859 861 864 865 866 867 868 869 870 872 873 874 875 876 877 878 879 880 881 882 883 884 885 887 888 889 891 892 893 896 898 899 900 901 903 904 905 907 908 909 910 911 912 914 915 916 918 919 920 921 922 923 924 925 926 927 928 929 930 931 933 934 935 936 938 939 940 941 942 943 944 945 946 947 948 949 950 951 952 953 954 955 956 957 958 959 960 961 963 965 966 967 968 969 970 971 972 973 974 975 978 979 980 981 982 983 984 985 986 987 988 989 990 991 992 993 994 995 996 999 1000 1001 1002 1003 1004 1005 1006 1007 1008 1009 1010 1011 1012 1013 1014 1015 1016 1017 1018 1019 1020 1021 1022 1023 1024 1025 1026 1030 1031 1032 1033 1034 1035 1036 1037 1038 1039 1040 1041 1045 1046 1047 1048 1049 1050 1051 1052 1053 1054 1055 1056 1057 1063 1064 1065 1066 1067 1068 1069 1070 1071 1072 1073 1075 1076 1077 1078 1079 1080 1081 1082 1083 1084 1085 1086 1087 1088 1089 1090 1091 1092 1093 1094 1095 1098 1099 1100 1101 1102 1103 1104 1105 1106 1107 1108 1109 1111 1112 1113 1114 1115 1116 1117 1118 1119 1120 1121 1122 1123 1124 1125 1126 1127 1128 1129 1131 1132 1133 1134 1135 1136 1137 1138 1139 1140 1143 1144 1145 1146 1147 1148 1149 1150 1151 1152 1153 1154 1155 1156 1157 1158 1159 1160 1161 1162 1163 1164 1165 1166 1167 1168 1169 1170 1171 1173 1174 1175 1176 1177 1178 1179 1181 1182 1183 1184 1185 1186 1187 1189 1190 1191 1192 1193 1196 1197 1198 1199 1200 1201 1202 1203 1204 1205 1206 1207 1208 1209 1211 1212 1214 1215 1216 1217 1218 1219 1220 1221 1222 1223 1224 1225 1226 1227 1228 1229 1230 1231 1232 1233 1234 1235 1236 1237 1238 1239 1240 1241 1242 1243 1244 1245 1246 1248 1249 1250 1251 1252 1253 1254 1255 1256 1257 1258 1259 1261 1262 1263 1264 1265 1266 1268 1269 1270 1271 1272 1273 1274 1275 1276 1277 1278 1279 1280 1281 1282 1283 1284 1285 1286 1287 1288 1289 1290 1291 1292 1293 1294 1295 1296 1297 1298 1299 1300 1301 1302 1303 1304 1305 1306 1307 1308 1309 1310 1311 1312 1315 1316 1317 1318 1319 1320 1321 1322 1323 1324 1325 1326 1327 1328 1334 1335 1336 1337 1338 1339 1340 1341 1342 1343 1344 1345 1352 1353 1354 1355 1356 1357 1358 1359 1360 1361 1362 1364 1367 1368 1369 1370 1371 1372 1373 1374 1375 1376 1377 1378 1379 1380 1381 1384 1385 1386 1387 1388 1389 1390 1391 1392 1393 1394 1395 1396 1397 1398 1400 1401 1404 1405 1406 1407 1408 1409 1411 1412 1413 1414 1417 1418 1419 1420 1421 1422 1423 1424 1425 1426 1427 1428 1430 1431 1433 1434 1435 1436 1437 1438 1439 1440 1441 1442 1443 1444 1446 1447 1449 1450 1451 1452 1453 1454 1455 1456 1457 1458 1461 1462 1463 1464 1466 1468 1469 1470 1471 1472 1473 1474 1475 1477 1478 1479 1480 1481 1482 1483 1484 1485 1486 1487 1488 1489 1490 1492 1493 1494 1495 1496 1497 1498 1499 1500 1502 1503 1504 1505 1506 1507 1508 1509 1510 1511 1512 1513 1514 1515 1516 1517 1518 1519 1520 1521 1522 1523 1524 1525 1526 1527 1528 1529 1530 1531 1532 1533 1534 1535 1536 1537 1542 1543 1544 1545 1546 1547 1548 1549 1550 1551 1552 1553 1554 1558 1559 1560 1561 1562 1563 1565 1566 1567 1568 1569 1570 1574 1575 1576 1577 1578 1579 1580 1582 1583 1584 1585 1586 1587 1588 1589 1590 1591 1592 1593 1594 1595 1597 1599 1600 1601 1602 1604 1605 1606 1607 1608 1609 1610 1611 1614 1615 1616 1617 1619 1620 1621 1622 1623 1624 1625 1626 1627 1630 1632 1633 1634 1636 1639 1640 1642 1643 1644 1646 1648 1649 1652 1654 1655 1656 1657 1658 1660 1661 1662 1664 1665 1666 1667 1668 1669 1670 1671 1672 1673 1674 1675 1676 1677 1680 1681 1682 1683 1684 1685 1686 1688 1690 1691 1692 1693 1694 1695 1696 1697 1698 1699 1700 1701 1702 1703 1704 1705 1706 1707 1708 1709 1710 1711 1712 1713 1714 1715 1716 1717 1719 1720 1721 1722 1724 1725 1726 1727 1728 1729 1731 1732 1733 1735 1736 1738 1739 1740 1742 1743 1744 1745 1747 1748 1749 1750 1751 1752 1753 1754 1755 1756 1757 1759 1760 1761 1763 1764 1765 1766 1767 1768 1769 1770 1771 1772 1773 1775 1776 1777 1778 1779 1780 1781 1782 1783 1784 1785 1786 1787 1788 1789 1790 1791 1792 1793 1794 1795 1798 1799 1800 1801 1802 1803 1804 1805 1806 1807 1808 1810 1811 1812 1813 1816 1817 1818 1819 1820 1821 1822 1823 1824 1826 1827 1828 1829 1830 1831 1834 1835 1836 1837 1838 1839 1840 1842 1844 1845 1848 1849 1850 1851 1852 1853 1854 1855 1856 1857 1858 1859 1860 1861 1863 1864 1865 1866 1867 1868 1869 1870 1871 1872 1873 1874 1875 1876 1877 1881 1882 1883 1884 1885 1886 1887 1888 1890 1891 1892 1893 1895 1897 1898 1899 1900 1901 1902 1903 1904 1909 1910 1911 1912 1913 1914 1915 1917 1918 1919 1920 1923 1924 1925 1926 1928 1929 1931 1932 1933 1934 1935 1936 1939 1940 1941 1942 1943 1944 1946 1947 1948 1949 1950 1951 1952 1954 1956 1957 1958 1959 1960 1962 1963 1964 1965 1967 1968 1970 1972 1973 1975 1976 1977 1979 1980 1981 1982 1983 1984 1986 1988 1989 1990 1991 1992 1993 1994 1995 1996 1997 1998 1999 2000 2003 2004 2005 2006 2007 2008 2009 2010 2011 2012 2013 2014 2015 2016 2019 2020 2021 2022 2023 2024 2025 2026 2027 2028 2029 2030 2032 2037 2038 2039 2041 2043 2044 2047 2048 0
1 2 3 4 5 8 9 10 11 12 14 15 16 18 19 21 23 24 25 26 27 28 29 31 32 0

72
1 2 4 5 6 7 9 10 11 12 13 15 17 21 22 23 26 27 28 29 30 31 33 34 35 37 38 39 41 43 45 48 49 50 53 54 55 57 59 61 63 65 67 68 70 71 72 74 75 76 77 78 80 81 82 83 85 86 87 89 90 91 92 93 94 96 97 99 100 102 103 104 105 106 107 108 109 110 112 113 114 116 117 118 119 121 122 123 124 125 126 129 130 134 135 136 137 141 143 144 145 147 149 150 151 152 154 157 158 159 160 161 164 165 166 167 169 171 172 173 176 177 179 182 184 187 190 192 193 194 195 196 197 200 202 203 204 205 206 208 209 210 211 212 213 214 215 216 218 219 220 221 222 223 224 225 226 227 228 229 230 231 233 234 235 236 237 239 240 241 243 244 245 247 248 249 250 252 253 254 255 256 257 258 259 260 262 264 266 267 268 269 270 271 272 273 274 276 278 279 280 281 282 283 286 287 289 291 292 293 295 298 299 301 302 304 305 306 307 309 310 312 313 316 317 319 321 322 324 328 330 331 332 333 336 339 343 344 345 346 347 351 353 355 356 357 358 359 360 361 362 363 367 369 371 372 373 374 376 377 378 379 381 382 384 385 386 387 388 389 390 391 392 393 394 396 397 399 400 401 402 403 404 407 408 409 411 412 413 416 418 419 420 421 422 423 426 427 428 430 432 433 434 435 436 437 439 443 445 446 447 450 451 452 456 457 458 459 460 461 462 463 464 466 470 471 472 473 476 479 481 482 484 486 487 488 489 490 491 492 494 495 496 497 498 499 500 501 502 503 504 505 506 507 508 509 510 511 519 520 521 522 523 525 528 533 534 535 536 537 538 539 540 543 551 552 553 554 555 556 557 558 560 565 567 568 571 573 576 577 580 584 586 590 592 593 595 596 597 598 599 602 608 609 611 612 614 615 616 628 629 630 631 632 633 635 637 642 643 644 646 647 648 649 650 651 655 659 661 662 663 664 665 666 667 669 674 675 677 678 679 680 683 684 685 686 687 688 690 694 696 700 701 702 706 708 712 713 714 715 717 718 719 720 724 726 727 729 730 734 737 738 739 740 741 744 746 747 748 749 750 752 753 754 755 756 760 761 762 763 764 765 766 767 768 769 770 771 772 773 775 776 777 778 779 780 781 782 783 784 789 791 792 793 794 795 796 797 799 800 803 804 809 810 813 814 815 818 819 820 822 824 826 827 829 830 831 832 833 834 835 836 837 838 839 840 841 844 847 848 850 854 855 856 858 861 862 863 867 868 869 871 872 873 874 877 882 883 887 888 889 890 891 892 893 894 895 896 897 898 899 900 905 906 907 908 909 910 911 912 915 916 919 921 922 924 925 926 928 930 932 933 934 936 937 938 939 940 941 943 946 950 951 952 953 954 957 958 959 964 965 966 967 968 969 970 971 972 973 974 976 978 979 983 984 985 986 989 991 992 995 996 997 998 999 1000 1001 1002 1003 1004 1005 1007 1009 1010 1011 1012 1013 1014 1015 1016 1017 1018 1019 1020 1021 1022 1023 1029 1031 1032 1033 1034 1035 1036 1040 1041 1045 1046 1047 1048 1049 1050 1051 1052 1056 1061 1062 1065 1066 1067 1068 1069 1070 1073 1080 1081 1082 1083 1084 1085 1086 1087 1089 1090 1092 1093 1095 1096 1098 1099 1105 1107 1108 1109 1112 1116 1120 1121 1122 1125 1126 1128 1130 1136 1137 1140 1141 1144 1145 1146 1147 1148 1153 1161 1162 1163 1164 1165 1169 1173 1174 1175 1176 1178 1179 1180 1183 1184 1188 1189 1190 1191 1192 1193 1194 1195 1198 1199 1200 1201 1203 1204 1205 1206 1207 1208 1209 1210 1211 1214 1217 1219 1220 1221 1222 1223 1224 1225 1226 1229 1231 1232 1233 1234 1235 1236 1237 1240 1241 1242 1244 1247 1248 1249 1250 1251 1252 1253 1254 1255 1256 1257 1258 1259 1260 1262 1263 1265 1269 1270 1271 1272 1273 1274 1275 1276 1277 1279 1280 1282 1283 1284 1285 1286 1287 1288 1289 1290 1291 1292 1293 1294 1295 1296 1297 1299 1300 1301 1302 1306 1307 1308 1311 1312 1313 1321 1328 1329 1330 1334 1335 1336 1337 1344 1345 1349 1350 1351 1352 1353 1360 1361 1362 1367 1368 1369 1371 1372 1374 1376 1378 1379 1380 1381 1382 1383 1385 1386 1387 1388 1389 1390 1391 1392 1393 1394 1395 1399 1400 1401 1402 1403 1404 1405 1406 1407 1408 1409 1410 1411 1412 1416 1417 1418 1422 1424 1425 1428 1429 1432 1433 1434 1436 1437 1438 1440 1441 1443 1444 1446 1447 1448 1449 1450 1451 1452 1454 1455 1456 1457 1459 1466 1468 1469 1470 1471 1472 1473 1474 1475 1476 1477 1478 1479 1480 1481 1482 1483 1484 1485 1487 1488 1489 1492 1493 1494 1495 1496 1497 1498 1499 1500 1501 1504 1506 1508 1511 1512 1513 1514 1515 1516 1517 1518 1519 1520 1522 1523 1524 1525 1526 1527 1528 1529 1530 1531 1532 1533 1534 1535 1537 1544 1545 1546 1548 1552 1553 1557 1559 1560 1561 1562 1563 1564 1567 1568 1569 1573 1576 1577 1578 1579 1580 1581 1582 1583 1585 1586 1590 1593 1594 1595 1597 1598 1600 1601 1602 1603 1607 1608 1609 1615 1616 1617 1618 1619 1620 1621 1623 1625 1626 1632 1633 1634 1636 1638 1639 1640 1641 1642 1645 1646 1649 1650 1651 1652 1654 1655 1657 1658 1660 1665 1669 1670 1671 1673 1674 1675 1677 1678 1681 1682 1683 1684 1686 1687 1689 1691 1692 1693 1694 1696 1697 1698 1699 1700 1703 1705 1706 1707 1710 1712 1713 1715 1717 1718 1719 1720 1722 1723 1724 1725 1727 1729 1732 1733 1738 1740 1741 1742 1743 1745 1747 1749 1751 1752 1756 1757 1758 1759 1761 1763 1766 1767 1768 1769 1770 1771 1772 1773 1774 1777 1780 1781 1782 1784 1785 1786 1787 1788 1789 1790 1793 1794 1795 1796 1797 1798 1799 1805 1806 1807 1808 1809 1810 1811 1812 1813 1814 1815 1816 1821 1822 1823 1824 1825 1826 1827 1828 1830 1831 1832 1837 1838 1839 1840 1841 1842 1843 1844 1845 1846 1847 1848 1851 1852 1853 1854 1855 1857 1858 1859 1861 1863 1864 1865 1874 1881 1882 1883 1884 1885 1886 1887 1890 1891 1893 1894 1898 1899 1900 1901 1902 1903 1904 1906 1907 1908 1909 1910 1911 1914 1915 1916 1917 1918 1919 1920 1921 1922 1923 1924 1925 1926 1934 1935 1936 1937 1938 1939 1940 1941 1946 1947 1948 1953 1954 1955 1956 1964 1965 1967 1968 1969 1970 1976 1977 1978 1979 1982 1983 1984 1985 1993 1994 1995 1997 1999 2001 2006 2007 2008 2009 2012 2022 2023 2027 2028 2037 2041 2042 2044 2045 0
1 3 5 7 8 9 14 16 18 19 21 22 23 24 25 26 28 31 0

73
1 2 3 4 5 6 8 9 11 13 15 17 18 19 20 21 22 23 25 26 29 32 33 34 35 36 37 38 40 41 42 44 45 48 49 54 55 56 57 61 62 64 65 69 72 74 75 77 81 84 85 86 87 88 89 90 93 96 97 98 100 101 102 104 106 108 109 110 111 112 113 114 116 117 118 120 121 123 124 125 126 129 130 133 134 136 138 139 141 143 145 146 152 153 155 156 157 158 159 161 162 165 167 168 169 170 171 172 173 174 175 176 177 179 181 182 183 184 185 191 192 193 194 195 198 199 200 202 205 206 207 208 209 210 211 212 213 214 215 216 217 218 219 220 221 222 223 224 225 226 228 229 230 231 232 233 234 235 237 238 239 240 241 242 243 244 245 246 247 248 249 250 251 252 253 254 255 256 257 258 259 261 263 265 266 267 268 269 270 271 272 273 274 275 276 277 279 280 281 282 285 289 290 292 293 296 297 299 300 301 303 304 306 308 309 310 311 313 315 316 323 324 326 327 328 329 330 332 334 335 336 337 338 339 340 342 344 348 349 350 351 352 353 354 357 358 359 360 361 363 364 367 369 370 374 375 376 377 379 381 382 383 384 385 386 387 388 389 390 391 392 394 397 398 400 401 403 404 405 406 407 409 410 413 414 415 416 417 418 420 421 422 424 425 426 427 428 429 432 433 435 438 440 441 443 444 446 447 448 449 451 452 453 455 456 459 460 461 462 464 465 466 469 470 471 472 473 474 475 477 478 481 482 484 485 487 489 491 494 495 496 497 499 500 501 502 503 504 505 506 507 508 509 510 511 512 514 515 516 517 518 520 521 523 524 525 527 528 529 532 533 534 536 537 538 540 542 543 545 548 549 550 552 554 555 556 557 558 563 564 565 566 567 568 571 572 573 574 575 577 578 579 582 584 586 587 588 589 590 591 593 594 596 597 600 601 604 608 609 610 611 612 613 615 618 625 626 629 630 631 634 641 644 645 646 647 650 657 664 665 666 667 670 677 678 679 680 681 682 683 685 689 695 696 697 698 700 701 702 703 704 705 706 707 708 709 710 711 712 716 717 718 719 721 722 723 724 725 726 732 733 734 737 738 739 740 741 742 743 745 752 753 754 755 756 757 759 764 765 767 768 769 770 771 772 773 774 775 776 777 778 779 780 781 782 783 784 785 786 787 788 789 790 791 792 793 794 795 796 797 798 800 801 803 804 805 806 807 808 809 810 811 813 814 815 816 817 818 819 820 821 822 823 824 827 829 832 834 835 836 837 838 839 840 845 846 847 848 850 853 855 856 857 858 866 867 869 870 872 873 874 875 879 880 884 885 886 887 895 896 902 903 904 905 906 909 910 919 920 921 922 923 924 925 926 927 930 933 934 937 938 939 940 942 943 946 947 951 952 953 954 955 956 958 959 960 962 963 967 968 969 970 971 972 973 974 975 977 978 979 980 982 984 985 987 988 991 992 993 994 995 996 999 1000 1003 1009 1010 1011 1012 1013 1014 1015 1016 1017 1018 1019 1020 1021 1022 1023 1024 1029 1030 1031 1032 1033 1041 1042 1043 1044 1045 1046 1047 1048 1049 1050 1051 1052 1058 1059 1060 1062 1063 1064 1067 1069 1070 1073 1074 1075 1076 1077 1078 1079 1080 1083 1084 1085 1086 1089 1090 1091 1092 1093 1094 1095 1096 1097 1098 1099 1100 1101 1102 1103 1105 1106 1108 1109 1110 1114 1116 1117 1118 1121 1122 1123 1124 1125 1126 1127 1129 1130 1136 1137 1138 1139 1140 1141 1142 1144 1145 1146 1153 1158 1159 1161 1162 1163 1164 1169 1175 1176 1177 1178 1179 1180 1181 1182 1185 1190 1191 1192 1193 1194 1196 1197 1198 1201 1206 1207 1209 1210 1211 1212 1213 1214 1215 1216 1217 1218 1219 1220 1224 1226 1227 1228 1230 1231 1232 1233 1234 1235 1236 1237 1238 1239 1240 1241 1243 1244 1245 1246 1247 1248 1249 1250 1251 1252 1253 1254 1259 1260 1261 1262 1263 1270 1271 1272 1273 1274 1275 1276 1277 1278 1279 1281 1282 1283 1284 1285 1286 1287 1288 1289 1290 1292 1293 1294 1295 1296 1297 1300 1301 1302 1303 1304 1306 1310 1313 1314 1315 1316 1317 1318 1319 1320 1321 1322 1324 1328 1329 1330 1331 1332 1333 1334 1335 1336 1338 1344 1345 1346 1347 1348 1349 1350 1351 1352 1353 1361 1364 1365 1366 1367 1368 1369 1370 1371 1377 1380 1381 1382 1383 1384 1385 1386 1388 1389 1390 1393 1397 1400 1401 1408 1409 1411 1412 1414 1415 1417 1418 1422 1424 1425 1429 1430 1431 1432 1435 1436 1440 1441 1444 1445 1447 1449 1450 1452 1453 1456 1459 1461 1463 1466 1467 1469 1470 1471 1472 1474 1475 1478 1480 1481 1495 1496 1504 1510 1511 1519 1520 1521 1522 1523 1524 1525 1526 1527 1528 1529 1534 1537 1541 1543 1545 1546 1550 1552 1553 1554 1556 1557 1558 1559 1560 1561 1562 1563 1564 1566 1568 1569 1570 1572 1574 1575 1576 1577 1578 1579 1580 1582 1585 1586 1587 1589 1591 1593 1594 1595 1596 1597 1598 1599 1601 1602 1604 1606 1607 1609 1610 1611 1612 1613 1614 1616 1617 1618 1619 1621 1623 1624 1626 1627 1629 1630 1631 1633 1634 1635 1636 1637 1638 1639 1640 1641 1642 1643 1649 1650 1651 1653 1655 1656 1657 1658 1665 1669 1670 1672 1674 1680 1681 1684 1685 1686 1687 1688 1689 1691 1692 1696 1697 1699 1700 1701 1702 1703 1704 1707 1708 1709 1710 1711 1713 1714 1717 1719 1722 1723 1724 1725 1726 1727 1728 1729 1730 1731 1735 1736 1738 1739 1741 1742 1743 1744 1745 1746 1747 1748 1749 1750 1751 1753 1754 1755 1756 1757 1758 1759 1761 1762 1763 1764 1765 1767 1768 1769 1770 1773 1774 1775 1777 1780 1783 1784 1785 1787 1788 1791 1793 1794 1795 1796 1799 1801 1802 1803 1804 1805 1806 1807 1808 1809 1810 1811 1812 1815 1818 1819 1821 1822 1823 1824 1825 1828 1829 1830 1831 1833 1834 1835 1838 1839 1840 1841 1842 1846 1847 1850 1855 1856 1857 1858 1872 1873 1874 1875 1880 1881 1882 1883 1884 1886 1887 1888 1891 1896 1897 1898 1899 1900 1901 1902 1903 1904 1906 1907 1911 1912 1913 1914 1915 1916 1917 1918 1919 1920 1922 1923 1924 1925 1926 1928 1929 1930 1931 1932 1933 1934 1935 1936 1937 1938 1939 1940 1941 1942 1944 1945 1946 1947 1950 1951 1952 1953 1954 1955 1956 1957 1958 1959 1960 1961 1967 1968 1970 1971 1972 1973 1974 1978 1979 1980 1984 1992 1993 1994 1995 2007 2008 2009 2010 2011 2016 2022 2023 2032 2038 2039 2043 2044 2045 2046 2047 0
1 2 3 7 8 9 12 13 15 16 17 18 20 21 22 23 24 27 28 0

74
1 2 3 4 5 6 7 8 9 10 12 13 14 15 16 17 18 19 20 21 22 23 24 25 26 27 28 29 30 31 32 33 34 35 36 37 38 39 40 41 42 43 44 45 47 48 49 50 51 52 53 54 55 56 57 58 59 60 61 62 63 64 65 66 67 68 69 70 71 72 73 74 75 76 78 80 81 82 83 84 85 86 87 88 89 90 91 92 93 94 95 96 97 98 99 100 101 102 103 104 105 107 108 109 110 111 112 113 114 116 117 118 119 120 121 122 123 124 125 126 127 128 129 130 131 132 133 134 135 136 137 138 139 140 141 142 143 144 145 146 147 148 149 150 151 152 153 154 155 156 157 158 159 160 162 163 164 165 166 167 168 169 170 171 172 173 174 175 177 178 179 183 184 185 186 187 188 189 190 191 193 194 195 196 198 199 201 202 203 204 205 206 207 208 209 210 212 215 216 219 220 222 225 226 227 228 229 234 236 238 239 240 241 242 243 244 245 250 251 252 253 254 255 256 257 258 259 260 261 262 263 264 265 266 267 270 271 272 273 274 276 277 279 280 281 282 283 284 285 286 288 289 291 292 294 295 296 297 299 300 301 302 303 304 305 306 307 308 311 312 313 314 315 316 317 318 319 320 321 322 323 324 325 326 327 328 329 331 334 335 336 337 338 339 341 342 343 344 345 346 347 348 349 351 352 353 354 355 356 357 358 359 360 361 365 366 367 368 369 370 373 374 375 376 377 379 380 382 384 385 386 387 388 389 390 392 395 396 397 399 400 401 402 403 404 405 406 407 411 412 413 414 415 416 417 419 420 422 425 426 428 429 430 431 432 433 434 435 436 437 440 442 443 444 445 446 452 455 456 457 458 460 461 463 466 469 470 471 472 473 474 475 476 477 479 480 481 482 483 484 485 486 488 489 490 491 493 494 496 497 500 501 502 503 504 505 506 507 508 509 510 511 512 513 514 515 516 517 518 519 520 521 522 524 526 528 529 530 534 535 536 539 540 541 542 543 544 545 554 559 560 561 568 569 570 572 573 575 576 577 578 579 580 581 582 583 584 587 588 589 590 591 593 594 597 598 599 600 603 604 605 606 607 609 611 612 613 614 615 616 617 618 619 620 621 622 624 625 626 629 630 632 633 634 635 636 637 639 640 641 642 643 645 646 647 648 649 650 651 652 653 654 655 656 657 658 661 662 663 664 665 666 667 668 669 670 671 672 673 674 676 677 678 679 680 681 682 683 684 685 686 687 688 689 690 691 693 695 696 697 698 699 700 701 702 703 704 713 714 715 717 718 719 720 721 722 725 727 728 729 731 732 733 734 735 736 737 738 739 742 743 744 747 749 750 751 752 753 756 757 758 759 760 761 762 763 764 765 766 768 769 770 771 772 773 774 775 776 777 778 779 780 781 782 783 784 785 787 788 789 790 797 799 800 801 802 803 804 805 807 808 809 810 811 814 815 816 817 821 823 824 825 826 827 828 829 831 832 833 835 836 838 839 841 842 843 844 845 846 847 848 849 850 851 852 853 854 856 857 858 859 860 861 862 863 864 865 866 867 868 869 870 871 873 874 875 876 877 878 879 881 882 884 885 886 887 888 889 890 892 893 894 895 896 897 901 902 903 904 905 906 908 909 910 911 912 913 914 917 918 919 920 921 922 923 925 926 929 930 931 932 934 935 936 937 938 939 941 942 943 944 945 946 947 948 949 950 952 953 954 956 957 958 959 960 961 962 963 964 965 966 967 968 969 970 971 973 974 975 976 979 983 984 985 986 987 988 989 990 991 992 993 994 996 997 1000 1001 1005 1006 1007 1008 1009 1010 1011 1012 1013 1014 1015 1016 1017 1018 1019 1020 1021 1022 1023 1024 1025 1026 1027 1028 1029 1030 1031 1032 1033 1034 1035 1037 1038 1040 1041 1042 1043 1044 1045 1047 1048 1049 1050 1051 1052 1053 1054 1055 1057 1058 1059 1060 1061 1062 1063 1064 1065 1066 1067 1068 1069 1070 1071 1072 1073 1074 1075 1076 1077 1078 1079 1080 1081 1082 1083 1084 1085 1086 1087 1088 1089 1090 1092 1093 1094 1095 1097 1098 1099 1101 1102 1103 1104 1105 1106 1107 1108 1109 1110 1111 1112 1114 1115 1116 1117 1118 1119 1120 1121 1122 1123 1126 1127 1128 1129 1130 1131 1132 1133 1135 1136 1137 1138 1139 1140 1143 1144 1145 1146 1147 1148 1149 1150 1151 1152 1153 1154 1155 1156 1158 1160 1161 1162 1163 1164 1166 1167 1168 1169 1170 1171 1172 1173 1176 1178 1180 1181 1182 1183 1184 1185 1186 1187 1188 1189 1190 1191 1192 1193 1194 1197 1198 1199 1200 1201 1202 1203 1204 1205 1206 1208 1209 1210 1212 1214 1215 1216 1217 1220 1223 1224 1225 1226 1227 1228 1229 1230 1231 1232 1233 1237 1238 1239 1240 1241 1243 1244 1246 1247 1248 1249 1251 1252 1256 1259 1260 1261 1263 1264 1265 1266 1267 1268 1269 1272 1273 1274 1275 1276 1277 1278 1279 1280 1281 1282 1283 1284 1285 1286 1287 1288 1289 1290 1291 1292 1293 1294 1295 1296 1297 1298 1299 1300 1301 1302 1303 1304 1305 1306 1307 1308 1309 1310 1312 1313 1314 1315 1316 1317 1318 1319 1320 1321 1322 1323 1324 1326 1327 1328 1329 1330 1331 1332 1333 1334 1335 1336 1337 1338 1339 1340 1341 1342 1343 1344 1345 1346 1347 1348 1351 1352 1353 1354 1355 1356 1357 1358 1359 1360 1361 1362 1366 1367 1368 1369 1373 1374 1375 1376 1377 1378 1379 1380 1381 1382 1383 1384 1385 1386 1388 1389 1390 1391 1393 1394 1395 1396 1397 1398 1399 1400 1401 1402 1403 1404 1405 1406 1407 1408 1409 1410 1411 1412 1414 1415 1416 1417 1418 1419 1420 1421 1422 1423 1424 1425 1426 1427 1428 1429 1430 1431 1432 1433 1434 1435 1436 1437 1438 1439 1440 1441 1442 1443 1444 1445 1446 1447 1448 1449 1450 1451 1452 1453 1454 1455 1456 1457 1458 1459 1460 1461 1462 1463 1464 1465 1466 1467 1468 1469 1470 1471 1472 1473 1474 1475 1476 1477 1478 1479 1480 1481 1482 1483 1484 1485 1486 1488 1489 1490 1491 1493 1496 1497 1498 1499 1500 1501 1502 1503 1504 1505 1506 1507 1509 1510 1512 1513 1515 1516 1520 1521 1522 1523 1524 1525 1526 1527 1528 1529 1530 1531 1532 1535 1536 1537 1538 1539 1540 1542 1543 1545 1546 1548 1549 1550 1551 1552 1553 1557 1558 1559 1560 1562 1564 1565 1566 1568 1569 1572 1574 1575 1578 1579 1580 1581 1582 1584 1585 1587 1589 1590 1591 1592 1593 1595 1596 1597 1598 1600 1601 1604 1605 1606 1608 1609 1610 1611 1612 1613 1614 1616 1617 1620 1621 1622 1624 1626 1627 1628 1629 1630 1631 1632 1633 1636 1637 1638 1639 1640 1642 1643 1644 1645 1646 1647 1648 1649 1651 1652 1653 1654 1655 1656 1658 1660 1661 1663 1665 1667 1669 1670 1671 1674 1675 1676 1677 1678 1679 1681 1682 1684 1685 1686 1687 1688 1689 1690 1692 1693 1694 1695 1697 1698 1699 1700 1701 1702 1703 1704 1705 1706 1708 1710 1711 1713 1714 1715 1716 1717 1718 1719 1720 1721 1722 1724 1726 1727 1729 1731 1732 1735 1737 1738 1739 1740 1741 1742 1743 1744 1745 1748 1749 1750 1751 1752 1753 1755 1756 1758 1759 1760 1761 1762 1764 1765 1767 1769 1771 1772 1773 1774 1775 1776 1777 1778 1779 1782 1784 1785 1786 1787 1788 1789 1791 1792 1793 1794 1795 1796 1797 1798 1799 1800 1801 1802 1803 1804 1805 1806 1807 1808 1810 1811 1812 1813 1814 1815 1816 1817 1818 1819 1820 1821 1822 1823 1824 1826 1827 1828 1829 1830 1831 1835 1836 1837 1838 1839 1840 1842 1843 1844 1845 1846 1847 1848 1850 1851 1855 1856 1858 1859 1860 1861 1862 1863 1864 1865 1866 1871 1872 1874 1875 1876 1877 1878 1882 1883 1886 1887 1888 1890 1891 1892 1893 1894 1895 1896 1898 1899 1900 1902 1903 1906 1907 1908 1909 1911 1912 1915 1916 1919 1922 1923 1924 1925 1927 1928 1929 1930 1932 1933 1934 1935 1936 1937 1941 1942 1943 1945 1948 1949 1950 1951 1952 1953 1958 1960 1964 1966 1967 1968 1969 1974 1976 1977 1980 1982 1983 1984 1985 1988 1991 1992 1993 1994 1995 1996 1998 1999 2000 2001 2002 2003 2004 2005 2008 2009 2010 2011 2012 2013 2014 2015 2016 2017 2019 2020 2026 2027 2028 2031 2032 2033 2034 2035 2037 2038 2042 2043 2045 2046 2047 2048 0
3 4 5 6 7 8 9 10 11 14 15 16 17 18 19 20 21 22 23 25 27 28 32 0

75
1 2 3 5 6 7 8 9 10 12 14 15 16 17 18 19 20 21 22 23 24 25 27 28 29 30 31 32 33 34 35 36 38 39 40 41 42 43 45 46 47 48 49 50 51 52 53 54 55 56 58 59 60 61 62 63 64 65 66 67 68 69 70 73 75 77 78 79 80 81 82 83 84 85 86 87 90 91 92 93 94 95 96 97 98 99 100 101 102 103 104 105 106 108 109 110 111 112 113 114 115 116 117 118 121 122 123 124 125 126 129 130 132 133 134 135 136 137 138 139 142 145 146 147 148 150 151 152 154 155 157 159 160 161 162 163 164 166 167 168 169 170 171 172 174 176 177 179 180 181 184 185 186 187 188 189 190 191 193 194 197 198 202 203 204 207 208 209 210 214 216 217 218 219 220 221 223 224 225 227 228 230 231 233 234 236 237 238 240 241 242 243 244 245 246 247 248 249 250 251 252 253 254 255 256 257 258 259 260 261 262 264 265 266 267 268 269 270 271 272 273 274 275 276 277 278 280 281 283 284 285 287 288 289 291 292 293 294 295 296 297 298 299 300 301 302 303 304 305 306 308 310 311 312 313 315 317 318 320 321 322 325 326 327 328 329 330 331 332 333 334 335 336 337 338 340 341 342 343 345 346 347 349 350 351 352 353 354 355 356 357 358 359 360 361 362 363 364 365 367 368 369 370 371 372 373 376 377 378 380 383 384 385 386 387 388 389 390 391 392 393 394 395 398 399 400 401 402 403 405 406 408 409 410 411 412 413 414 415 416 417 418 419 420 421 422 423 424 425 426 427 428 429 430 431 432 433 434 438 439 440 442 443 444 445 448 449 450 452 458 459 460 461 462 464 465 466 470 471 473 474 475 476 477 479 481 482 483 485 491 492 493 494 496 499 500 501 502 504 506 508 509 510 511 512 513 514 515 516 518 520 521 523 524 525 526 527 528 529 531 533 534 535 541 542 543 544 546 547 548 549 550 552 554 556 558 559 560 561 562 563 565 566 567 568 569 571 572 573 574 575 577 578 580 581 582 583 585 587 588 589 593 594 595 598 599 600 601 602 603 605 608 610 611 612 613 614 616 617 618 619 621 622 624 625 626 627 628 631 632 633 637 638 639 640 641 643 644 648 649 651 652 653 654 657 658 659 660 663 664 666 667 669 671 672 673 674 675 676 680 681 682 684 686 687 688 690 691 693 694 695 697 699 700 701 703 704 707 709 710 712 713 714 715 716 717 718 720 727 728 729 730 731 732 733 734 735 737 738 739 740 741 742 743 744 745 746 747 748 749 750 752 753 755 757 759 760 763 764 765 766 767 768 770 771 772 775 776 777 778 779 780 781 782 783 784 789 790 791 794 795 796 797 798 800 802 803 805 806 807 808 809 810 811 812 813 814 815 816 817 818 819 820 821 822 823 824 825 826 827 828 829 830 836 837 838 839 840 841 842 843 844 845 847 848 849 850 851 853 854 855 856 857 858 859 860 861 862 864 867 868 869 870 871 872 873 874 875 880 881 882 883 884 885 886 887 888 891 896 898 900 901 902 903 904 906 910 913 914 915 916 917 918 919 920 921 923 924 925 926 927 928 929 930 933 934 935 936 937 938 939 941 942 943 944 945 946 947 948 949 950 951 953 954 955 956 957 958 960 963 964 966 967 968 969 970 971 972 973 975 976 978 979 980 981 987 989 990 991 992 993 998 999 1000 1001 1002 1006 1007 1008 1009 1010 1011 1012 1013 1014 1015 1016 1017 1018 1019 1020 1021 1022 1023 1024 1025 1026 1027 1028 1029 1030 1031 1032 1033 1034 1035 1036 1037 1038 1039 1040 1041 1043 1047 1048 1049 1050 1051 1052 1053 1054 1055 1056 1057 1058 1059 1060 1061 1062 1063 1064 1067 1068 1069 1070 1071 1072 1073 1074 1075 1076 1077 1078 1080 1081 1082 1083 1085 1086 1088 1089 1090 1093 1094 1096 1097 1098 1099 1101 1102 1103 1104 1105 1106 1107 1110 1111 1112 1113 1114 1115 1116 1118 1119 1121 1122 1123 1124 1127 1129 1131 1133 1135 1136 1137 1138 1139 1140 1141 1142 1143 1144 1145 1146 1149 1150 1151 1152 1153 1154 1155 1156 1159 1160 1161 1162 1166 1169 1170 1172 1174 1175 1177 1178 1179 1180 1181 1182 1183 1184 1185 1186 1187 1188 1189 1192 1193 1194 1195 1197 1199 1200 1201 1202 1203 1206 1207 1208 1209 1210 1211 1212 1213 1217 1218 1219 1220 1221 1223 1225 1226 1227 1228 1229 1230 1231 1232 1233 1235 1236 1238 1242 1243 1244 1245 1247 1248 1249 1250 1255 1256 1257 1258 1259 1260 1261 1262 1264 1265 1266 1267 1268 1269 1270 1271 1272 1273 1274 1275 1276 1277 1278 1279 1280 1281 1282 1283 1284 1285 1289 1290 1291 1292 1294 1295 1296 1297 1300 1302 1303 1305 1306 1307 1308 1309 1312 1315 1316 1317 1318 1319 1320 1321 1322 1323 1324 1325 1326 1327 1328 1330 1331 1332 1333 1334 1336 1337 1338 1340 1341 1342 1343 1345 1347 1348 1349 1350 1351 1352 1353 1355 1356 1357 1360 1361 1362 1363 1364 1365 1366 1367 1368 1371 1372 1373 1374 1376 1377 1378 1382 1384 1385 1386 1388 1389 1392 1393 1394 1395 1396 1397 1398 1399 1400 1401 1402 1404 1406 1407 1409 1410 1411 1412 1413 1414 1415 1416 1417 1418 1419 1420 1425 1426 1427 1428 1429 1431 1432 1434 1435 1436 1438 1439 1440 1441 1442 1443 1444 1446 1447 1448 1450 1456 1457 1458 1459 1462 1463 1464 1465 1466 1467 1468 1469 1470 1471 1472 1473 1475 1476 1478 1479 1480 1481 1482 1483 1485 1486 1487 1488 1489 1491 1492 1493 1497 1498 1499 1500 1501 1504 1505 1512 1513 1514 1515 1516 1521 1522 1523 1524 1525 1526 1529 1530 1531 1532 1533 1534 1537 1539 1540 1541 1543 1544 1545 1548 1549 1550 1551 1552 1553 1554 1555 1556 1557 1559 1561 1562 1563 1565 1566 1567 1568 1569 1570 1571 1572 1573 1575 1577 1579 1580 1582 1583 1584 1585 1587 1588 1589 1590 1591 1593 1594 1595 1596 1597 1598 1599 1600 1601 1602 1603 1604 1605 1606 1607 1608 1609 1610 1611 1617 1618 1619 1620 1621 1622 1624 1627 1628 1629 1630 1631 1632 1633 1634 1635 1636 1637 1638 1640 1641 1642 1643 1644 1645 1646 1647 1648 1649 1650 1651 1652 1653 1654 1655 1657 1658 1660 1661 1662 1663 1664 1665 1666 1667 1668 1669 1670 1671 1672 1673 1674 1677 1679 1681 1682 1683 1684 1685 1687 1688 1689 1690 1691 1693 1694 1695 1697 1699 1700 1701 1702 1705 1706 1707 1708 1710 1711 1712 1713 1716 1717 1718 1719 1720 1722 1725 1726 1728 1729 1732 1734 1735 1736 1737 1738 1739 1740 1741 1743 1744 1745 1752 1753 1754 1755 1756 1757 1759 1760 1761 1765 1766 1767 1768 1769 1770 1772 1773 1774 1777 1778 1779 1780 1781 1782 1783 1784 1786 1788 1791 1792 1795 1796 1799 1800 1801 1802 1803 1804 1806 1807 1812 1813 1817 1821 1822 1823 1826 1828 1829 1831 1836 1837 1840 1845 1846 1847 1848 1849 1850 1854 1855 1856 1861 1862 1863 1868 1869 1871 1873 1874 1877 1878 1879 1881 1884 1885 1888 1890 1891 1894 1896 1897 1899 1900 1901 1902 1906 1907 1908 1910 1912 1913 1914 1916 1917 1918 1919 1922 1923 1924 1925 1926 1928 1929 1930 1932 1933 1934 1935 1936 1937 1938 1939 1940 1941 1943 1944 1946 1948 1949 1950 1951 1952 1953 1954 1955 1956 1957 1960 1961 1962 1963 1964 1965 1971 1976 1977 1978 1980 1981 1989 1990 1991 1992 1993 1994 1995 1996 2006 2007 2008 2009 2010 2011 2012 2023 2024 2025 2026 2027 2033 2034 2038 2039 2040 2041 2042 2043 2046 2048 0
1 2 3 4 5 6 10 12 13 14 18 21 23 24 25 26 27 28 29 30 32 0

76
1 2 3 4 6 7 9 10 11 12 13 14 15 16 17 18 19 20 21 22 23 24 25 26 27 28 30 31 32 33 34 36 37 38 39 42 43 44 45 46 48 49 50 51 52 53 54 56 57 58 59 60 61 62 63 64 65 66 67 68 69 70 72 74 75 77 78 79 80 81 83 84 85 86 88 89 92 93 94 95 96 97 99 100 101 102 103 107 108 109 110 111 112 113 114 115 116 117 118 119 120 124 125 126 127 129 132 133 134 136 137 140 141 142 143 144 145 146 147 148 149 150 152 153 154 157 158 159 160 163 164 167 170 172 173 174 175 176 177 178 179 180 181 182 183 185 187 188 189 190 191 192 193 194 195 196 197 198 199 200 202 203 204 206 207 208 209 210 212 213 214 215 216 217 218 219 220 221 222 223 224 225 226 227 228 229 230 231 232 234 235 236 237 238 239 240 241 243 244 245 246 247 248 249 250 251 252 254 255 256 257 258 259 260 261 262 263 264 265 266 267 268 269 270 271 272 273 274 275 276 277 278 281 282 283 286 287 288 289 290 291 292 293 295 296 298 299 300 301 303 304 305 306 307 308 310 311 314 315 316 317 319 320 321 322 323 325 326 327 328 329 330 331 332 333 334 335 336 337 338 339 340 341 342 345 346 347 348 349 350 351 352 353 354 355 356 357 360 361 362 364 365 366 367 368 369 370 371 372 373 378 379 381 382 383 384 386 388 393 394 396 398 399 400 401 402 405 409 412 413 414 415 416 417 418 419 420 421 424 425 426 428 429 430 431 432 433 434 435 437 438 439 440 442 443 444 445 446 447 448 449 450 451 452 453 454 455 456 458 459 460 461 462 464 465 467 468 471 472 473 474 475 476 477 478 479 480 482 483 485 487 488 490 491 492 494 495 496 497 498 499 501 502 503 504 505 507 509 510 511 512 513 514 515 516 521 522 525 526 527 528 529 530 532 533 534 535 536 538 540 541 542 545 546 547 548 549 550 552 553 554 556 557 558 562 563 564 565 567 568 570 571 572 573 574 575 576 577 578 579 580 582 584 585 586 587 588 589 591 592 593 594 595 596 597 598 602 604 605 607 608 609 610 611 612 613 615 616 619 621 622 624 625 626 627 628 629 630 631 632 636 637 638 639 640 641 642 643 644 645 646 647 648 649 652 654 655 656 657 658 659 660 662 663 664 665 668 669 670 671 672 674 675 676 677 678 679 680 683 684 685 686 687 688 689 691 692 693 694 695 698 699 700 701 702 703 704 705 707 708 710 711 713 714 715 716 717 718 719 721 722 723 724 725 726 728 729 730 731 732 734 735 737 738 740 741 744 745 747 748 750 751 752 754 755 756 758 759 760 762 763 764 765 766 768 769 770 771 772 773 774 775 776 777 778 779 780 781 782 783 784 785 786 787 788 789 790 791 792 793 794 795 798 799 800 801 804 805 806 807 808 809 812 813 814 816 817 818 819 820 821 822 823 826 828 829 830 831 832 833 834 836 838 839 841 843 844 845 846 847 848 849 850 851 852 853 854 855 856 860 861 862 863 864 865 866 868 869 871 872 873 874 876 877 878 879 880 882 883 884 886 887 888 890 891 892 893 894 895 896 897 898 899 901 902 904 905 907 908 910 911 912 913 914 915 916 919 920 921 923 924 925 926 927 928 929 930 931 932 934 935 936 939 940 941 942 943 944 947 948 949 951 952 955 956 957 958 959 960 961 962 964 965 966 967 970 971 972 973 975 976 977 978 979 980 981 982 983 984 985 986 987 988 989 990 991 992 994 995 996 997 998 999 1000 1001 1002 1003 1004 1005 1006 1007 1008 1009 1010 1011 1012 1013 1014 1015 1016 1017 1018 1019 1020 1021 1022 1023 1024 1025 1026 1027 1028 1031 1032 1033 1034 1036 1037 1038 1039 1040 1041 1042 1043 1044 1045 1046 1050 1053 1054 1055 1057 1059 1060 1061 1062 1063 1064 1065 1066 1069 1070 1071 1072 1073 1074 1075 1076 1077 1080 1081 1083 1085 1086 1087 1088 1089 1090 1092 1093 1094 1095 1096 1097 1098 1099 1100 1102 1103 1104 1105 1108 1109 1110 1112 1113 1114 1117 1120 1121 1122 1123 1124 1125 1132 1133 1134 1135 1136 1137 1138 1139 1140 1141 1145 1146 1147 1150 1151 1152 1153 1154 1155 1157 1158 1162 1163 1164 1165 1166 1167 1168 1170 1171 1172 1179 1180 1181 1182 1183 1184 1185 1187 1191 1195 1196 1197 1198 1199 1200 1201 1203 1205 1206 1207 1208 1210 1211 1212 1213 1214 1216 1217 1218 1220 1221 1222 1223 1224 1225 1226 1227 1228 1229 1230 1231 1232 1234 1235 1236 1237 1238 1240 1241 1242 1243 1244 1245 1246 1247 1248 1249 1250 1251 1253 1255 1256 1257 1258 1259 1260 1261 1262 1263 1264 1265 1266 1267 1268 1269 1270 1271 1272 1273 1274 1276 1277 1278 1279 1280 1281 1282 1283 1284 1285 1287 1288 1289 1290 1292 1293 1294 1295 1296 1297 1298 1299 1300 1303 1304 1305 1306 1307 1308 1309 1310 1311 1312 1313 1315 1318 1319 1320 1321 1322 1323 1324 1325 1326 1327 1328 1329 1332 1333 1334 1336 1337 1339 1340 1341 1342 1343 1344 1345 1347 1348 1350 1351 1354 1355 1356 1357 1358 1359 1361 1362 1363 1364 1365 1369 1370 1371 1372 1373 1374 1375 1376 1377 1381 1383 1387 1388 1389 1390 1391 1392 1393 1395 1397 1398 1400 1404 1406 1407 1409 1410 1411 1412 1414 1415 1418 1419 1420 1422 1423 1425 1426 1427 1428 1429 1431 1434 1435 1436 1437 1438 1439 1440 1441 1442 1444 1445 1448 1450 1451 1452 1453 1454 1455 1456 1457 1458 1460 1462 1463 1467 1468 1469 1470 1471 1472 1473 1474 1476 1479 1481 1482 1483 1484 1485 1486 1487 1488 1489 1490 1491 1492 1496 1498 1499 1500 1501 1502 1503 1504 1506 1508 1509 1510 1512 1514 1515 1516 1517 1518 1519 1520 1521 1522 1523 1524 1525 1526 1528 1529 1530 1531 1532 1533 1534 1535 1536 1537 1538 1539 1540 1541 1543 1544 1546 1547 1548 1549 1550 1551 1552 1553 1554 1555 1556 1557 1558 1562 1564 1565 1567 1568 1569 1570 1573 1574 1575 1576 1578 1579 1580 1581 1582 1584 1585 1586 1588 1589 1590 1591 1592 1594 1595 1596 1597 1598 1599 1600 1601 1602 1603 1605 1606 1607 1608 1610 1611 1612 1613 1614 1615 1616 1617 1621 1622 1627 1628 1629 1630 1631 1632 1633 1634 1635 1636 1637 1638 1640 1641 1643 1644 1645 1646 1647 1648 1649 1650 1651 1652 1653 1654 1656 1657 1659 1660 1661 1662 1663 1664 1665 1666 1667 1668 1669 1670 1671 1672 1673 1674 1677 1678 1679 1680 1681 1682 1683 1684 1685 1687 1688 1689 1690 1692 1693 1694 1695 1696 1697 1698 1699 1700 1701 1703 1704 1705 1706 1708 1709 1710 1711 1712 1713 1714 1716 1717 1718 1719 1720 1723 1724 1725 1726 1728 1729 1730 1731 1732 1733 1734 1735 1736 1737 1738 1739 1741 1742 1744 1745 1746 1748 1749 1750 1752 1754 1755 1756 1757 1758 1759 1760 1761 1762 1763 1766 1767 1768 1769 1770 1771 1772 1773 1774 1775 1777 1778 1779 1780 1781 1782 1783 1784 1786 1787 1788 1789 1790 1791 1792 1797 1798 1799 1800 1802 1803 1805 1806 1807 1808 1810 1811 1812 1814 1815 1816 1818 1819 1821 1822 1823 1824 1825 1827 1828 1831 1835 1838 1839 1840 1841 1842 1843 1844 1845 1846 1851 1852 1853 1854 1855 1856 1857 1858 1859 1860 1861 1863 1868 1869 1870 1871 1872 1874 1875 1876 1878 1879 1880 1883 1884 1885 1888 1890 1892 1893 1894 1896 1897 1900 1901 1903 1904 1905 1907 1910 1911 1912 1913 1919 1920 1922 1923 1924 1926 1927 1928 1929 1930 1931 1936 1940 1941 1942 1943 1944 1945 1946 1949 1950 1951 1952 1954 1955 1956 1957 1958 1959 1960 1961 1964 1965 1966 1967 1968 1969 1971 1979 1980 1981 1982 1983 1984 1988 1989 1990 1995 1997 1998 1999 2000 2001 2004 2005 2006 2007 2011 2012 2013 2014 2015 2016 2017 2018 2019 2021 2022 2023 2024 2025 2026 2027 2028 2032 2035 2036 2037 2038 2039 2041 2042 2048 0
3 4 7 9 10 11 13 14 15 17 18 19 20 21 22 23 24 25 26 27 29 30 0

77
1 2 3 5 6 10 11 12 13 15 16 17 18 20 22 23 25 26 28 29 31 32 33 34 35 36 38 39 41 42 43 44 45 46 47 49 50 51 52 53 54 55 58 59 60 61 62 63 64 65 67 68 69 70 71 72 73 74 75 76 77 78 79 80 81 83 86 87 88 89 90 91 95 96 97 99 102 103 104 105 106 107 108 109 110 111 113 117 118 119 120 121 122 123 124 126 128 129 130 132 133 134 135 136 137 138 139 140 142 143 144 145 146 147 148 149 150 151 153 154 155 158 159 161 162 163 164 165 167 169 170 171 172 173 174 175 177 178 179 181 182 183 184 185 186 187 188 190 193 194 195 198 199 205 206 207 209 210 211 212 214 215 216 217 218 219 220 224 225 227 228 230 231 232 233 234 235 236 237 240 241 242 244 245 246 247 248 249 250 251 252 253 254 256 257 258 259 261 263 264 265 266 268 269 270 271 273 275 276 277 278 279 280 281 282 283 285 288 289 290 292 294 295 299 300 301 302 303 304 305 306 307 308 309 310 311 312 313 314 315 316 317 318 319 320 321 322 323 324 326 327 328 329 331 333 334 335 336 337 338 339 340 341 342 343 344 345 346 347 348 349 350 351 352 353 354 355 356 357 358 360 361 362 363 364 365 367 368 369 370 371 373 374 375 376 377 378 379 380 384 385 386 387 388 389 390 391 392 393 395 396 400 401 403 404 405 407 408 411 417 418 419 420 421 422 423 424 425 426 427 428 430 432 433 434 436 437 438 439 440 441 442 443 445 446 447 448 449 450 451 452 453 454 455 456 458 459 461 462 463 464 465 466 468 469 471 472 473 474 475 477 479 480 481 482 488 489 491 493 495 496 499 500 501 502 503 504 505 506 507 508 509 510 511 512 513 517 521 522 524 525 526 527 528 531 532 535 536 537 538 539 540 544 545 546 547 550 551 552 553 554 555 556 559 560 562 565 566 567 568 569 570 578 579 580 581 582 583 584 585 586 587 588 589 590 592 594 595 596 597 598 599 600 602 604 605 607 608 610 611 612 614 615 617 618 621 623 624 626 627 628 630 631 632 636 637 638 640 642 643 646 647 649 652 653 654 656 658 659 660 661 663 664 668 669 670 674 675 676 677 679 680 682 683 684 685 686 690 691 692 693 694 695 696 697 698 699 700 701 702 703 706 707 708 709 710 711 712 713 714 715 716 717 718 720 721 724 725 726 727 728 729 730 731 733 734 736 737 738 739 741 742 745 750 751 752 753 755 756 760 764 765 766 767 769 770 771 772 773 774 775 776 777 778 779 780 781 782 783 784 785 791 792 793 794 795 797 799 800 802 803 804 806 807 808 809 810 811 812 813 814 816 817 818 819 820 822 824 825 826 827 828 829 831 833 835 836 837 839 840 841 842 843 844 845 846 851 852 855 856 857 858 859 862 863 864 866 867 868 869 870 872 873 874 875 876 877 878 879 880 882 883 884 890 891 893 896 899 900 901 902 903 905 906 908 910 915 916 917 918 919 920 921 922 923 924 925 930 931 932 933 934 935 936 937 938 939 940 941 946 947 948 949 950 951 952 953 954 955 956 957 961 962 964 966 967 968 969 970 971 972 973 974 976 977 978 979 980 981 982 983 984 985 986 987 989 991 992 994 995 998 999 1000 1001 1003 1004 1005 1006 1007 1009 1010 1011 1012 1013 1014 1015 1016 1017 1018 1019 1020 1021 1022 1023 1024 1025 1028 1035 1036 1037 1038 1040 1041 1042 1043 1046 1047 1048 1049 1050 1051 1052 1054 1055 1056 1057 1058 1059 1060 1061 1062 1064 1065 1066 1073 1074 1075 1080 1081 1082 1083 1084 1086 1088 1090 1091 1093 1094 1095 1096 1097 1098 1100 1101 1103 1105 1106 1107 1108 1109 1110 1111 1112 1113 1114 1115 1116 1117 1118 1119 1120 1121 1122 1123 1124 1125 1126 1127 1128 1130 1132 1133 1134 1136 1137 1138 1139 1140 1141 1142 1143 1144 1145 1146 1149 1150 1153 1154 1155 1156 1157 1158 1159 1160 1161 1162 1164 1165 1166 1167 1169 1170 1171 1172 1173 1174 1175 1176 1177 1178 1179 1180 1181 1182 1183 1184 1185 1187 1188 1189 1190 1191 1192 1193 1194 1195 1196 1197 1198 1199 1200 1201 1202 1203 1204 1205 1206 1207 1209 1210 1211 1212 1213 1214 1215 1217 1218 1219 1220 1221 1222 1223 1224 1225 1226 1227 1228 1229 1230 1231 1235 1236 1237 1238 1239 1240 1242 1243 1247 1249 1252 1253 1255 1256 1257 1258 1259 1260 1261 1262 1263 1264 1265 1266 1267 1268 1269 1270 1271 1272 1273 1274 1275 1276 1277 1278 1279 1280 1282 1283 1284 1285 1286 1287 1288 1289 1290 1291 1292 1293 1294 1295 1296 1297 1301 1305 1306 1307 1308 1310 1311 1312 1313 1314 1315 1316 1319 1320 1321 1322 1323 1324 1325 1327 1328 1329 1332 1333 1334 1335 1336 1337 1338 1339 1341 1344 1347 1348 1349 1350 1351 1352 1353 1354 1355 1356 1360 1361 1365 1366 1367 1368 1369 1370 1371 1372 1373 1374 1375 1376 1377 1378 1379 1380 1381 1382 1383 1384 1385 1386 1388 1389 1390 1391 1392 1393 1394 1395 1397 1399 1400 1401 1402 1403 1404 1406 1407 1408 1409 1410 1411 1413 1414 1417 1418 1419 1420 1422 1423 1424 1425 1426 1427 1428 1429 1430 1431 1432 1433 1434 1435 1436 1438 1439 1440 1441 1442 1443 1444 1446 1447 1449 1450 1451 1452 1453 1454 1455 1456 1457 1458 1459 1461 1462 1463 1464 1465 1466 1467 1468 1470 1473 1474 1476 1479 1480 1481 1482 1483 1485 1486 1488 1489 1492 1493 1495 1496 1497 1498 1499 1500 1502 1503 1504 1505 1506 1507 1509 1510 1511 1513 1514 1515 1517 1521 1522 1523 1524 1529 1530 1534 1535 1536 1537 1538 1539 1540 1541 1542 1543 1546 1547 1548 1549 1550 1552 1553 1554 1557 1559 1560 1561 1563 1564 1565 1569 1571 1577 1578 1579 1580 1581 1582 1584 1585 1587 1588 1590 1591 1592 1595 1597 1598 1601 1604 1605 1606 1607 1608 1610 1611 1612 1614 1615 1617 1619 1620 1621 1622 1623 1624 1625 1626 1628 1630 1631 1632 1633 1635 1636 1637 1638 1640 1641 1642 1644 1645 1646 1647 1648 1649 1651 1652 1653 1655 1656 1657 1660 1661 1662 1664 1665 1667 1668 1669 1670 1671 1673 1674 1676 1677 1678 1680 1681 1683 1684 1685 1686 1687 1688 1691 1692 1693 1696 1697 1699 1700 1701 1702 1703 1704 1705 1706 1707 1708 1709 1713 1714 1715 1716 1717 1718 1719 1720 1721 1723 1724 1725 1726 1729 1730 1731 1732 1733 1734 1735 1736 1737 1738 1739 1740 1742 1743 1745 1746 1747 1748 1749 1750 1751 1752 1754 1755 1756 1757 1758 1759 1760 1761 1762 1763 1764 1766 1767 1768 1769 1770 1775 1776 1777 1780 1781 1782 1783 1784 1785 1786 1787 1789 1790 1792 1793 1794 1795 1796 1797 1798 1801 1802 1803 1804 1805 1806 1807 1809 1810 1816 1818 1819 1820 1824 1826 1827 1834 1835 1836 1840 1848 1849 1850 1851 1853 1863 1864 1865 1866 1867 1868 1870 1878 1879 1880 1881 1882 1885 1888 1891 1897 1898 1900 1901 1902 1904 1906 1907 1908 1911 1914 1915 1916 1918 1920 1923 1924 1926 1927 1932 1933 1934 1935 1936 1939 1940 1941 1943 1944 1945 1948 1949 1950 1951 1955 1956 1957 1959 1960 1961 1962 1963 1964 1965 1966 1967 1971 1972 1973 1974 1976 1977 1980 1981 1982 1983 1985 1986 1987 1988 1989 1990 1991 1992 1993 1994 1995 1996 1997 1999 2000 2001 2002 2004 2005 2006 2007 2008 2009 2010 2011 2014 2015 2016 2017 2020 2023 2024 2028 2029 2030 2031 2032 2033 2034 2035 2036 2039 2042 2043 2044 2046 2047 2048 0
1 3 5 6 7 8 9 10 11 12 13 14 15 16 20 21 22 23 25 26 27 28 29 31 32 0

78
1 2 3 4 5 6 7 8 9 10 11 12 13 14 15 16 17 18 19 20 21 22 23 24 25 26 27 28 29 30 31 32 33 34 35 36 37 38 39 40 41 43 44 45 46 47 48 49 50 51 52 53 54 55 57 58 59 60 62 63 64 65 66 67 68 69 70 71 72 73 74 75 76 77 78 79 80 81 82 83 84 86 87 88 89 90 91 92 93 94 95 96 97 98 99 100 101 103 104 105 106 107 108 109 110 112 113 114 115 116 117 118 119 121 122 124 125 126 128 129 130 131 132 135 136 137 138 142 143 144 145 146 147 148 149 150 151 152 155 156 158 159 160 161 162 163 164 165 166 167 168 170 172 173 174 175 176 177 178 179 180 181 182 183 184 186 188 189 190 191 192 193 194 195 196 197 198 199 200 201 202 203 204 205 206 207 209 210 211 212 213 214 215 216 217 218 220 221 222 223 224 225 226 227 228 229 230 232 233 235 236 237 238 239 240 241 242 243 244 245 246 247 248 249 250 251 252 253 254 255 256 257 258 259 260 261 262 263 264 265 266 267 268 269 270 271 272 273 274 275 276 278 281 282 284 286 287 288 289 290 291 292 294 295 296 297 298 299 300 302 303 304 305 306 307 308 309 310 311 312 313 314 315 316 317 318 319 320 321 323 324 325 326 328 329 330 331 332 333 334 335 336 337 338 340 341 342 343 344 346 348 349 350 351 352 353 354 355 356 357 358 360 361 365 366 367 368 369 370 371 372 373 374 375 376 377 381 382 383 384 385 387 388 389 390 393 394 395 397 398 399 400 401 403 404 405 406 407 408 409 410 411 413 414 415 416 417 419 420 421 422 423 424 425 426 428 429 430 431 432 433 434 435 436 437 439 443 444 445 446 448 449 450 451 452 455 456 457 459 460 461 462 464 465 466 468 469 470 471 472 474 475 476 477 478 480 481 482 485 487 488 490 491 492 494 496 497 498 499 500 501 502 503 504 505 506 507 508 509 510 511 512 513 518 519 523 525 526 528 529 534 535 536 537 538 539 540 541 544 545 546 552 553 554 555 556 557 560 561 563 565 566 569 571 572 574 576 577 578 581 582 584 585 586 587 588 590 591 592 593 595 596 597 598 600 602 604 605 606 607 608 610 612 613 615 616 617 618 620 621 626 627 628 630 634 636 637 640 642 643 646 649 650 651 653 655 656 657 660 661 662 663 664 665 666 668 669 671 673 674 675 676 677 678 679 680 681 685 687 689 690 691 693 694 695 696 697 698 700 705 706 707 708 709 710 711 712 713 714 717 718 719 720 721 722 723 724 725 726 728 729 730 732 733 734 735 736 737 738 739 740 741 746 747 748 749 750 753 754 755 761 764 765 767 768 769 770 771 772 773 774 775 776 777 778 779 780 781 782 783 784 786 787 788 789 791 792 794 795 796 797 798 799 800 801 802 803 804 805 807 808 809 810 811 813 814 815 816 818 819 821 822 823 824 825 826 827 828 829 830 831 832 834 835 836 837 838 839 840 841 842 843 844 845 847 848 849 850 851 852 853 854 855 856 857 858 859 860 861 862 863 864 866 867 868 869 870 871 872 873 876 878 879 880 882 883 884 885 886 887 888 889 890 891 892 893 894 895 896 898 899 900 901 902 903 904 905 906 907 908 910 912 914 915 916 917 918 919 922 925 926 927 928 930 931 932 934 936 937 939 941 942 943 944 946 947 948 949 950 951 952 953 954 955 956 957 958 959 960 962 963 964 965 966 967 969 970 971 972 973 974 976 977 978 979 980 981 982 983 984 985 986 987 988 989 990 991 992 993 994 995 996 999 1000 1001 1002 1003 1004 1005 1006 1007 1008 1009 1010 1011 1012 1013 1014 1015 1016 1017 1018 1019 1020 1021 1022 1023 1024 1025 1026 1027 1028 1029 1030 1031 1032 1033 1034 1035 1036 1037 1038 1039 1040 1041 1042 1043 1044 1045 1046 1047 1048 1049 1053 1054 1055 1056 1058 1059 1060 1061 1062 1063 1064 1065 1066 1067 1069 1070 1071 1072 1073 1074 1075 1076 1077 1078 1079 1080 1081 1082 1083 1084 1085 1086 1087 1088 1089 1090 1091 1092 1093 1094 1095 1096 1097 1098 1099 1100 1101 1102 1103 1104 1105 1106 1107 1108 1109 1110 1112 1113 1114 1115 1116 1117 1118 1119 1121 1122 1123 1124 1125 1126 1127 1128 1131 1132 1134 1135 1136 1137 1138 1139 1140 1141 1142 1143 1147 1148 1149 1151 1152 1153 1154 1155 1156 1157 1158 1159 1162 1163 1164 1165 1168 1169 1170 1171 1172 1176 1177 1178 1179 1180 1181 1184 1185 1186 1187 1188 1190 1191 1193 1196 1197 1198 1199 1200 1201 1202 1203 1204 1205 1206 1207 1208 1209 1210 1211 1214 1215 1216 1217 1219 1220 1221 1223 1224 1227 1228 1229 1230 1231 1232 1233 1234 1235 1236 1237 1238 1239 1240 1241 1242 1243 1247 1248 1249 1250 1254 1255 1260 1261 1262 1264 1265 1266 1267 1268 1269 1270 1271 1272 1273 1274 1275 1276 1277 1278 1279 1280 1281 1282 1283 1284 1285 1286 1287 1288 1289 1290 1291 1292 1293 1294 1295 1296 1297 1298 1299 1300 1301 1302 1303 1304 1305 1306 1307 1308 1309 1310 1311 1312 1313 1314 1315 1316 1317 1318 1319 1320 1321 1322 1323 1324 1325 1326 1327 1328 1329 1330 1331 1332 1333 1334 1335 1336 1337 1338 1339 1340 1341 1342 1343 1344 1345 1346 1347 1348 1349 1350 1352 1353 1354 1356 1357 1358 1359 1360 1361 1362 1363 1364 1365 1367 1368 1369 1370 1371 1372 1373 1374 1375 1377 1378 1379 1380 1381 1383 1384 1385 1386 1387 1388 1389 1390 1391 1392 1393 1394 1395 1396 1399 1400 1401 1402 1403 1404 1405 1406 1407 1408 1409 1410 1412 1415 1417 1419 1420 1422 1423 1424 1425 1426 1427 1428 1429 1430 1436 1438 1439 1440 1441 1442 1443 1444 1445 1447 1451 1452 1453 1454 1455 1456 1457 1458 1459 1460 1461 1462 1463 1464 1465 1466 1468 1469 1471 1472 1473 1474 1475 1476 1477 1478 1479 1480 1481 1483 1484 1485 1486 1487 1488 1489 1490 1491 1492 1493 1494 1495 1496 1497 1498 1499 1500 1502 1503 1504 1505 1506 1507 1508 1509 1510 1511 1512 1513 1514 1515 1516 1517 1518 1519 1520 1521 1522 1523 1524 1525 1526 1527 1528 1529 1530 1531 1532 1533 1534 1535 1536 1537 1538 1539 1540 1541 1542 1543 1544 1545 1546 1547 1548 1549 1551 1552 1553 1557 1559 1560 1562 1563 1564 1565 1566 1568 1569 1574 1575 1576 1577 1578 1580 1581 1583 1584 1585 1586 1588 1589 1590 1593 1594 1595 1596 1597 1598 1599 1600 1601 1602 1603 1604 1605 1606 1607 1611 1612 1613 1614 1615 1616 1617 1618 1619 1620 1621 1622 1623 1626 1627 1628 1629 1630 1632 1633 1634 1635 1636 1637 1638 1640 1642 1643 1645 1646 1647 1648 1649 1650 1651 1652 1654 1657 1660 1661 1662 1663 1664 1665 1666 1667 1668 1670 1671 1673 1674 1675 1676 1677 1678 1679 1680 1681 1682 1683 1684 1685 1686 1687 1689 1690 1691 1692 1694 1695 1696 1697 1698 1699 1700 1701 1702 1703 1705 1706 1708 1709 1710 1711 1712 1713 1714 1715 1716 1717 1718 1719 1720 1721 1724 1725 1726 1727 1728 1729 1730 1731 1732 1733 1734 1735 1736 1737 1738 1739 1740 1741 1742 1743 1744 1745 1746 1747 1748 1749 1750 1751 1752 1753 1754 1756 1757 1758 1759 1760 1761 1762 1763 1764 1765 1766 1768 1769 1770 1771 1772 1773 1774 1775 1776 1777 1778 1779 1781 1782 1783 1784 1785 1786 1787 1788 1790 1791 1792 1798 1799 1800 1801 1802 1803 1804 1805 1808 1809 1814 1815 1816 1817 1818 1819 1820 1821 1824 1825 1831 1832 1833 1834 1835 1836 1840 1841 1845 1846 1849 1851 1852 1854 1855 1856 1858 1859 1860 1861 1862 1863 1864 1865 1866 1869 1870 1871 1872 1873 1874 1875 1876 1877 1879 1882 1883 1888 1889 1890 1891 1892 1894 1895 1896 1897 1898 1900 1901 1902 1904 1905 1906 1907 1908 1910 1914 1917 1918 1921 1922 1924 1925 1930 1931 1932 1933 1934 1935 1940 1941 1946 1950 1951 1952 1953 1957 1958 1961 1962 1968 1970 1971 1973 1974 1975 1976 1977 1978 1979 1983 1984 1985 1986 1987 1988 1990 1991 1992 1993 1994 1995 1998 1999 2000 2001 2002 2003 2004 2005 2006 2009 2011 2012 2013 2014 2015 2016 2017 2019 2020 2021 2022 2023 2024 2027 2028 2029 2030 2031 2032 2033 2035 2036 2040 2042 2044 2045 2046 2047 2048 0
1 2 3 4 6 9 13 16 21 23 24 29 30 0

79
1 3 4 5 6 8 9 10 11 12 13 15 16 17 18 19 20 21 22 26 28 29 30 31 32 33 34 35 37 38 39 40 41 44 45 46 47 48 49 51 52 53 55 57 58 59 60 61 62 63 64 65 69 70 71 72 73 74 75 76 77 78 79 80 81 82 83 84 85 86 87 88 89 90 91 92 93 94 96 97 98 100 103 104 105 106 107 108 109 110 111 112 113 114 115 116 117 118 119 120 121 122 123 124 125 126 127 128 129 130 131 132 133 134 135 136 137 138 139 140 141 142 143 144 145 146 147 149 150 151 152 153 154 155 157 158 159 160 161 162 163 164 165 166 167 168 169 170 172 173 174 175 176 177 178 179 180 181 182 183 184 185 186 187 188 189 190 191 192 193 194 195 196 197 198 199 200 201 203 204 205 206 207 209 211 212 213 214 215 216 217 219 220 221 222 223 224 225 226 228 229 230 231 232 233 234 235 236 237 238 239 240 241 242 243 244 245 246 247 248 250 251 252 255 256 257 258 259 260 261 262 263 264 265 266 267 268 270 271 273 274 275 276 278 281 283 284 285 286 287 288 289 290 293 294 295 297 298 299 300 301 302 303 304 305 306 307 308 309 310 311 312 313 316 317 318 319 320 321 322 323 324 325 326 327 328 329 330 331 332 333 334 335 336 337 338 339 340 341 343 344 345 346 348 349 350 351 352 353 354 355 358 359 360 361 363 365 366 367 368 369 370 371 372 373 374 375 376 377 378 379 381 382 383 384 385 386 387 389 390 391 392 393 394 397 398 399 400 401 402 403 404 405 406 407 408 409 410 412 413 414 415 416 417 418 420 421 424 425 426 427 430 431 432 433 434 435 436 437 439 441 443 444 445 446 447 448 449 451 453 455 457 458 459 460 461 462 463 464 465 468 470 472 473 474 475 476 477 478 479 480 481 483 484 485 489 490 491 492 493 494 495 496 497 498 499 500 502 503 504 505 506 507 508 509 510 511 512 513 514 515 516 517 518 519 520 521 522 524 525 526 527 528 529 530 532 535 536 539 540 541 543 544 545 546 547 550 551 552 553 554 555 556 557 558 559 560 561 562 565 566 567 568 569 570 571 572 573 574 576 577 578 579 580 581 582 583 584 585 586 587 588 589 590 591 593 594 595 596 599 600 601 602 603 604 605 606 607 608 609 610 611 612 614 615 616 617 618 619 620 621 622 624 625 626 627 628 629 630 631 632 633 634 635 636 637 638 639 640 641 642 643 644 645 646 647 648 649 650 651 652 653 655 657 659 660 661 662 663 664 665 666 667 668 669 670 671 672 673 674 675 676 677 678 680 681 682 683 684 685 686 687 688 689 690 691 692 693 694 695 696 697 699 700 701 702 703 704 705 707 708 709 710 711 712 713 714 715 716 717 718 719 720 721 723 724 726 727 728 729 730 731 732 733 734 736 737 738 739 740 741 745 746 747 748 749 750 751 752 753 756 757 758 761 762 764 765 767 768 769 770 771 772 773 774 775 776 777 778 779 780 781 782 783 784 785 787 788 789 790 792 793 794 796 797 798 799 800 801 803 804 806 808 809 810 812 813 814 815 816 817 818 819 820 821 822 823 824 826 827 830 832 833 834 835 836 837 838 839 840 841 843 844 845 846 847 848 850 851 852 853 854 855 856 857 858 859 860 861 864 866 867 869 870 871 872 873 874 875 877 878 879 880 882 883 884 885 886 887 888 889 890 891 893 894 895 896 897 898 899 901 905 906 907 908 909 910 911 912 913 914 915 916 917 918 920 921 923 924 926 928 930 931 932 933 934 935 936 938 939 940 941 942 944 946 948 949 950 951 952 953 954 955 956 957 958 959 961 964 966 967 968 969 970 971 972 973 974 975 976 979 980 985 986 987 988 989 990 991 992 994 995 996 1000 1001 1002 1003 1004 1005 1006 1007 1008 1009 1010 1011 1012 1013 1014 1015 1016 1017 1018 1019 1020 1021 1022 1023 1024 1029 1031 1032 1033 1034 1037 1040 1041 1043 1045 1047 1048 1049 1050 1051 1052 1053 1054 1055 1058 1059 1060 1061 1062 1063 1064 1065 1066 1067 1068 1069 1070 1071 1072 1074 1075 1076 1077 1078 1079 1080 1081 1083 1084 1085 1086 1087 1088 1089 1090 1091 1092 1093 1094 1095 1096 1097 1098 1099 1100 1101 1102 1103 1104 1106 1107 1108 1109 1110 1111 1112 1113 1114 1115 1116 1117 1118 1119 1120 1122 1123 1124 1125 1126 1127 1128 1129 1130 1131 1132 1133 1134 1135 1136 1137 1138 1139 1140 1141 1142 1144 1145 1146 1147 1148 1149 1150 1152 1154 1155 1156 1157 1158 1159 1160 1162 1163 1164 1165 1166 1167 1168 1171 1172 1173 1174 1175 1176 1178 1179 1180 1181 1182 1183 1184 1185 1187 1188 1189 1190 1191 1192 1193 1194 1195 1196 1197 1198 1199 1200 1201 1202 1204 1205 1206 1207 1208 1209 1211 1212 1213 1214 1215 1216 1218 1219 1220 1221 1222 1223 1224 1225 1226 1227 1228 1229 1230 1231 1232 1233 1235 1236 1237 1238 1239 1240 1241 1242 1243 1244 1245 1246 1247 1248 1249 1251 1252 1253 1257 1258 1259 1260 1261 1262 1263 1264 1265 1266 1267 1268 1269 1270 1271 1272 1273 1274 1275 1276 1277 1278 1279 1280 1281 1282 1283 1284 1285 1287 1288 1289 1290 1291 1292 1293 1294 1295 1296 1297 1299 1300 1303 1305 1306 1307 1308 1309 1310 1311 1312 1313 1314 1315 1316 1317 1318 1321 1323 1325 1326 1327 1328 1329 1330 1331 1332 1333 1334 1335 1336 1337 1338 1339 1340 1341 1342 1343 1344 1345 1348 1349 1350 1351 1352 1353 1354 1355 1356 1357 1358 1359 1360 1361 1363 1364 1365 1366 1368 1369 1370 1371 1372 1373 1374 1375 1376 1377 1378 1379 1380 1381 1382 1383 1384 1385 1386 1387 1388 1389 1390 1391 1392 1393 1394 1395 1396 1399 1400 1401 1402 1404 1405 1406 1408 1409 1410 1411 1412 1413 1416 1417 1418 1419 1420 1421 1422 1423 1424 1425 1426 1427 1428 1430 1431 1432 1434 1435 1436 1437 1438 1439 1440 1441 1443 1444 1445 1446 1447 1450 1451 1452 1453 1454 1455 1456 1457 1459 1460 1461 1463 1464 1465 1466 1467 1468 1469 1470 1471 1472 1473 1474 1475 1476 1477 1478 1479 1480 1481 1482 1484 1485 1486 1487 1489 1491 1492 1493 1494 1495 1496 1497 1498 1499 1500 1501 1502 1503 1504 1505 1507 1509 1510 1511 1512 1513 1514 1516 1517 1518 1520 1521 1522 1523 1524 1525 1526 1527 1528 1529 1530 1531 1532 1533 1534 1535 1536 1537 1538 1539 1541 1542 1544 1545 1546 1547 1548 1551 1552 1553 1554 1555 1556 1557 1558 1560 1561 1562 1564 1565 1569 1570 1571 1572 1573 1574 1575 1576 1578 1579 1580 1581 1582 1583 1584 1585 1586 1587 1588 1589 1590 1591 1593 1595 1596 1597 1599 1600 1601 1602 1603 1604 1606 1607 1608 1610 1611 1612 1615 1616 1617 1618 1619 1620 1621 1622 1623 1624 1625 1626 1627 1628 1629 1630 1631 1632 1633 1634 1636 1637 1639 1640 1641 1642 1643 1644 1645 1647 1649 1650 1651 1652 1653 1654 1655 1656 1657 1658 1659 1660 1661 1662 1664 1665 1667 1668 1669 1670 1671 1672 1674 1675 1676 1677 1678 1680 1681 1683 1684 1685 1686 1687 1688 1689 1690 1691 1692 1693 1694 1696 1697 1698 1699 1700 1701 1702 1703 1704 1705 1706 1707 1708 1709 1710 1711 1712 1713 1714 1715 1717 1718 1719 1720 1721 1724 1725 1726 1727 1728 1729 1730 1731 1733 1734 1735 1736 1737 1738 1739 1740 1741 1742 1743 1744 1745 1748 1749 1750 1751 1753 1755 1756 1759 1760 1761 1763 1764 1765 1767 1768 1769 1770 1772 1773 1774 1775 1776 1777 1778 1780 1781 1783 1784 1785 1786 1787 1788 1789 1790 1791 1792 1793 1794 1795 1796 1797 1798 1799 1800 1801 1802 1803 1804 1806 1807 1808 1809 1810 1811 1812 1813 1814 1815 1816 1817 1818 1819 1820 1825 1827 1828 1829 1830 1831 1832 1833 1834 1835 1836 1837 1838 1841 1842 1843 1844 1845 1846 1847 1848 1849 1852 1853 1854 1855 1856 1857 1858 1860 1861 1862 1863 1864 1865 1866 1867 1869 1870 1871 1872 1873 1874 1875 1877 1878 1879 1881 1882 1883 1885 1886 1887 1888 1891 1892 1893 1894 1896 1897 1898 1900 1901 1902 1903 1904 1908 1909 1914 1916 1918 1919 1920 1922 1924 1925 1926 1928 1929 1932 1933 1934 1935 1936 1939 1940 1941 1942 1944 1945 1946 1948 1949 1950 1951 1952 1955 1956 1957 1958 1960 1962 1964 1965 1966 1967 1968 1969 1970 1971 1972 1973 1974 1975 1976 1980 1983 1984 1985 1986 1988 1989 1990 1991 1992 1993 1994 1995 1996 1997 1998 1999 2000 2002 2004 2005 2006 2007 2010 2012 2013 2014 2015 2016 2017 2018 2019 2020 2021 2022 2023 2024 2026 2028 2029 2031 2032 2033 2034 2035 2036 2037 2038 2039 2040 2041 2042 2043 2044 2045 2046 2047 2048 0
1 3 5 6 8 13 14 16 17 19 20 21 22 23 25 28 29 31 32 0

80
1 2 3 4 6 7 8 9 10 11 12 13 15 16 17 19 20 22 25 26 27 28 29 30 31 32 33 34 35 36 37 38 39 40 41 42 44 46 48 49 50 51 52 53 54 55 58 59 60 61 63 65 67 68 69 71 72 74 75 76 77 78 79 80 82 83 84 85 86 87 88 89 90 91 92 93 96 97 98 99 100 101 102 103 104 105 106 107 108 109 110 111 113 114 115 116 118 119 120 121 122 123 124 125 126 127 129 130 131 132 133 134 135 136 137 138 139 140 141 142 143 144 145 146 147 148 149 150 151 152 153 154 156 157 158 159 161 162 163 164 166 168 169 170 171 172 173 174 176 177 178 179 180 181 182 183 184 185 186 187 188 189 191 192 193 194 196 197 199 200 201 203 204 205 207 208 209 210 211 212 213 214 215 220 222 225 226 227 228 230 231 232 233 235 237 239 240 241 242 243 244 245 247 248 249 250 252 253 255 256 257 258 259 260 261 262 264 265 266 267 268 269 270 271 272 273 274 275 276 278 279 280 281 282 283 284 286 287 288 289 290 292 294 295 296 298 299 301 303 304 305 306 307 309 310 311 312 313 315 316 319 320 321 322 324 325 326 327 328 330 331 332 335 336 337 338 339 342 343 345 346 347 348 349 351 352 353 354 355 356 357 358 360 361 363 364 365 366 367 368 369 370 371 372 373 374 375 376 377 378 379 380 381 384 385 386 387 388 389 390 391 392 393 394 395 396 397 400 401 402 403 404 405 406 407 408 409 410 412 413 414 416 417 418 419 420 421 423 424 425 426 427 428 429 431 432 433 434 435 436 437 438 439 440 441 443 444 445 447 448 449 450 451 452 453 458 459 460 461 463 464 465 466 467 468 469 470 471 472 473 475 477 478 480 481 482 483 484 485 486 490 491 492 493 494 497 498 499 500 501 502 503 504 505 507 508 509 510 511 512 513 514 515 516 518 519 520 521 522 523 524 525 526 527 528 529 530 531 532 534 535 536 537 539 540 541 543 545 546 547 548 549 551 552 553 554 555 558 559 561 562 563 564 565 566 567 569 570 571 572 575 577 578 579 580 582 583 584 585 586 587 588 589 591 592 593 594 595 596 599 600 601 602 603 604 606 607 608 609 610 611 612 613 614 615 616 617 618 619 622 623 624 625 626 627 628 629 630 631 632 633 634 635 636 637 638 640 641 642 643 644 645 646 647 648 649 650 651 652 653 655 656 657 658 659 660 661 662 663 664 665 666 667 668 669 671 672 674 675 676 677 678 679 680 681 684 686 687 690 691 692 693 694 695 696 697 699 700 706 707 708 709 710 711 712 713 714 715 716 717 718 720 722 723 726 727 728 729 730 731 732 733 734 735 736 737 738 739 740 741 742 743 744 746 747 748 749 750 751 752 753 754 756 757 758 759 762 764 766 767 768 769 770 771 772 773 774 775 776 777 778 779 780 781 782 783 784 785 786 788 789 790 793 794 795 796 798 799 801 802 803 805 806 809 810 811 812 813 815 816 817 818 819 820 821 822 824 825 826 827 829 830 831 832 833 834 835 836 838 840 842 843 844 846 847 849 850 851 853 857 858 859 864 865 866 867 868 869 870 872 873 874 875 877 879 881 882 883 884 885 886 887 888 889 890 893 895 896 897 898 899 900 901 903 904 906 907 908 909 910 911 912 914 915 916 917 918 919 920 921 922 923 924 925 927 928 930 931 932 933 934 935 936 937 938 939 940 941 942 946 947 948 949 950 951 952 953 954 955 956 958 960 962 964 967 968 969 970 971 972 973 976 978 979 980 981 982 983 984 985 986 987 988 989 993 994 995 996 997 998 999 1000 1001 1002 1003 1004 1006 1007 1009 1010 1011 1012 1013 1014 1015 1016 1017 1018 1019 1020 1021 1022 1023 1024 1025 1027 1028 1029 1030 1031 1032 1034 1035 1036 1037 1038 1039 1040 1042 1043 1044 1045 1047 1051 1052 1053 1054 1056 1058 1059 1063 1064 1065 1067 1068 1069 1070 1071 1072 1073 1074 1075 1076 1077 1080 1081 1082 1083 1085 1086 1087 1088 1090 1091 1092 1094 1095 1097 1098 1100 1101 1103 1104 1105 1106 1107 1108 1109 1110 1111 1112 1113 1114 1115 1116 1117 1119 1120 1121 1122 1123 1124 1126 1128 1129 1130 1131 1132 1135 1136 1137 1138 1139 1141 1142 1143 1144 1145 1146 1147 1148 1149 1150 1151 1152 1153 1154 1155 1156 1157 1158 1159 1160 1162 1163 1164 1165 1166 1168 1169 1171 1172 1173 1174 1176 1177 1178 1179 1180 1181 1182 1183 1184 1185 1187 1188 1189 1190 1191 1192 1193 1194 1195 1196 1199 1200 1201 1203 1204 1205 1206 1207 1208 1209 1210 1211 1212 1213 1216 1217 1218 1219 1220 1221 1222 1223 1224 1225 1226 1227 1228 1229 1232 1233 1236 1237 1238 1239 1240 1241 1242 1243 1248 1249 1251 1252 1253 1258 1259 1260 1261 1263 1264 1265 1266 1267 1268 1269 1270 1271 1272 1273 1274 1275 1276 1277 1278 1279 1280 1281 1282 1283 1284 1285 1286 1287 1288 1289 1290 1291 1292 1293 1294 1295 1296 1297 1298 1299 1300 1301 1302 1303 1304 1305 1313 1314 1315 1316 1319 1320 1321 1322 1323 1324 1327 1328 1329 1330 1332 1333 1337 1338 1341 1342 1344 1345 1346 1347 1348 1349 1350 1351 1353 1354 1355 1356 1357 1360 1361 1362 1363 1364 1365 1366 1368 1369 1370 1371 1372 1373 1376 1377 1378 1379 1380 1381 1382 1383 1384 1385 1386 1387 1388 1389 1392 1393 1394 1395 1396 1397 1398 1399 1400 1401 1402 1403 1404 1408 1409 1410 1411 1412 1413 1415 1416 1417 1418 1419 1420 1421 1424 1425 1426 1427 1428 1430 1431 1432 1433 1434 1436 1437 1438 1439 1440 1441 1442 1443 1444 1445 1446 1447 1448 1449 1450 1451 1453 1454 1455 1456 1457 1458 1460 1461 1462 1463 1464 1465 1467 1469 1470 1471 1472 1473 1474 1475 1476 1477 1479 1480 1481 1482 1484 1488 1489 1490 1491 1493 1495 1496 1497 1498 1499 1501 1502 1504 1505 1506 1507 1511 1512 1514 1516 1517 1519 1520 1521 1522 1523 1524 1525 1526 1527 1528 1529 1530 1531 1532 1533 1534 1535 1536 1537 1539 1540 1541 1542 1543 1544 1545 1546 1547 1549 1550 1551 1552 1553 1554 1555 1556 1558 1559 1561 1562 1563 1564 1566 1568 1569 1570 1571 1572 1573 1574 1575 1576 1577 1578 1579 1580 1582 1583 1584 1585 1587 1588 1589 1590 1591 1592 1593 1594 1595 1596 1597 1598 1600 1601 1603 1604 1605 1607 1608 1609 1610 1611 1612 1613 1614 1615 1617 1618 1619 1620 1621 1622 1623 1624 1625 1626 1627 1628 1629 1632 1633 1634 1635 1637 1638 1639 1640 1641 1642 1643 1645 1646 1648 1649 1650 1651 1652 1653 1655 1656 1657 1658 1660 1661 1664 1665 1666 1667 1668 1669 1670 1671 1672 1673 1674 1675 1676 1677 1678 1680 1681 1682 1683 1684 1685 1686 1687 1688 1689 1690 1691 1692 1693 1694 1695 1696 1697 1699 1700 1701 1702 1703 1704 1705 1706 1707 1708 1709 1711 1712 1713 1714 1715 1716 1717 1718 1719 1720 1721 1722 1723 1724 1725 1726 1727 1728 1729 1731 1733 1734 1735 1736 1737 1738 1739 1740 1741 1743 1745 1746 1747 1748 1749 1750 1752 1753 1754 1755 1756 1758 1759 1760 1761 1763 1766 1767 1769 1770 1771 1772 1775 1776 1777 1778 1779 1780 1781 1782 1784 1785 1786 1787 1788 1789 1790 1791 1792 1796 1797 1798 1799 1800 1802 1803 1805 1806 1807 1808 1809 1813 1814 1815 1816 1817 1819 1820 1823 1824 1825 1826 1828 1829 1830 1831 1832 1833 1834 1835 1836 1841 1842 1843 1844 1845 1846 1847 1848 1849 1851 1852 1853 1854 1857 1858 1860 1861 1862 1863 1864 1865 1866 1867 1869 1870 1871 1873 1875 1877 1878 1879 1880 1881 1882 1883 1885 1886 1889 1890 1893 1894 1896 1897 1901 1905 1906 1907 1908 1909 1910 1911 1912 1913 1914 1915 1916 1917 1921 1922 1923 1925 1926 1927 1928 1929 1931 1932 1933 1939 1943 1944 1945 1948 1950 1951 1952 1954 1955 1956 1957 1958 1960 1964 1966 1967 1968 1969 1971 1972 1973 1974 1975 1977 1983 1984 1985 1987 1988 1989 1990 1992 1993 1994 1995 1996 1998 1999 2000 2002 2004 2005 2006 2010 2015 2016 2017 2018 2019 2020 2021 2022 2023 2025 2027 2028 2030 2031 2032 2033 2034 2036 2037 2038 2039 2041 2042 2044 2045 2046 2047 2048 0
2 3 5 7 8 14 16 17 18 19 21 22 23 25 26 27 28 29 32 0

81
1 2 3 4 5 7 8 9 11 13 15 17 18 19 20 21 22 24 26 28 29 30 31 32 33 34 35 36 37 40 41 42 44 45 46 47 48 49 50 51 53 54 55 56 57 58 59 60 61 62 63 64 65 66 68 69 70 72 73 75 76 77 78 80 81 82 84 85 86 87 88 89 90 91 92 93 94 96 97 98 100 101 102 103 104 105 106 108 109 110 112 113 115 116 117 118 119 120 121 122 123 124 127 128 129 130 131 132 133 134 135 136 137 138 139 141 142 144 145 147 148 149 150 151 152 153 154 155 156 157 158 159 161 164 165 167 168 169 170 171 172 173 174 177 179 180 182 183 184 186 187 188 189 190 192 193 195 196 197 198 199 200 201 202 203 204 205 206 207 208 209 211 212 213 214 215 216 219 220 221 222 223 224 225 229 230 231 232 233 234 235 236 238 239 240 241 242 244 245 246 247 248 249 250 251 252 253 255 256 258 259 260 262 263 264 265 266 267 268 269 270 271 273 275 277 280 281 282 283 286 288 290 291 293 296 297 299 301 304 305 306 309 310 312 313 314 315 316 320 323 327 328 329 330 331 332 333 334 335 336 338 339 340 342 343 344 345 346 347 350 352 353 355 358 359 360 361 362 363 364 365 366 368 370 372 373 374 375 376 377 378 379 380 384 385 388 389 390 391 392 393 394 395 397 398 399 400 401 403 404 405 406 407 408 409 410 411 412 413 415 416 417 418 421 422 423 424 425 426 427 428 431 432 433 434 435 436 437 438 439 440 441 442 443 444 445 446 448 449 451 452 453 454 456 458 459 460 461 462 463 464 465 466 467 468 469 470 471 472 473 474 475 476 478 484 485 486 487 488 489 490 491 492 494 496 498 499 500 501 502 503 505 506 507 508 509 511 512 516 517 518 521 522 523 528 529 533 534 538 542 544 545 547 549 553 555 558 559 562 568 569 572 573 574 575 576 578 579 580 583 584 585 586 587 593 594 596 597 598 599 600 601 602 603 606 607 608 609 610 611 612 613 615 616 618 619 623 624 625 626 627 629 630 631 632 633 634 635 636 638 639 640 641 644 646 647 648 649 650 651 652 653 654 655 656 658 659 660 661 662 663 664 665 666 667 668 669 670 671 673 674 675 677 678 679 680 681 682 683 684 685 686 690 691 692 693 694 696 697 698 699 700 701 702 703 705 706 707 708 709 710 711 712 713 714 715 716 717 718 719 721 722 723 724 725 726 727 728 729 730 731 732 734 735 736 737 738 739 740 741 742 743 744 745 746 747 748 750 751 753 757 758 759 760 761 762 764 765 766 769 770 771 772 773 774 776 777 778 779 780 781 782 783 784 785 786 787 789 795 797 799 800 801 802 803 804 805 806 807 808 809 810 811 812 813 814 815 816 817 819 821 823 824 825 826 828 829 831 832 833 837 838 840 842 843 844 845 846 847 848 850 855 856 857 858 859 863 864 865 866 868 870 871 872 873 874 875 876 877 880 881 883 885 887 888 889 890 891 894 896 899 900 902 903 904 905 906 907 908 909 910 911 913 917 918 919 920 921 922 923 924 926 927 928 930 932 934 935 936 937 938 939 940 941 942 943 944 946 947 948 949 950 951 952 953 954 955 956 957 958 959 960 963 965 966 967 968 969 970 971 972 973 974 975 976 977 978 979 980 981 982 983 984 985 987 988 989 990 991 992 993 994 996 997 998 1000 1001 1002 1003 1004 1005 1006 1007 1008 1009 1010 1011 1012 1013 1014 1015 1016 1017 1018 1019 1020 1022 1023 1024 1025 1026 1029 1030 1033 1034 1036 1038 1039 1040 1041 1042 1043 1044 1045 1046 1047 1050 1051 1053 1054 1055 1057 1058 1066 1067 1068 1069 1070 1071 1072 1073 1074 1082 1083 1084 1085 1086 1087 1088 1089 1090 1099 1100 1101 1102 1103 1105 1106 1107 1108 1109 1112 1114 1116 1119 1121 1122 1123 1124 1125 1126 1128 1129 1130 1131 1132 1133 1135 1136 1137 1139 1140 1141 1142 1144 1145 1146 1147 1148 1149 1151 1152 1153 1154 1155 1156 1157 1158 1159 1160 1161 1162 1163 1164 1166 1167 1168 1169 1171 1172 1173 1174 1175 1176 1177 1178 1179 1182 1183 1185 1186 1187 1188 1189 1190 1191 1192 1193 1194 1195 1196 1197 1198 1199 1200 1201 1202 1203 1204 1205 1206 1207 1208 1209 1210 1211 1212 1213 1217 1218 1219 1220 1222 1223 1224 1225 1226 1227 1228 1229 1230 1233 1234 1236 1237 1238 1239 1240 1241 1242 1243 1244 1245 1246 1248 1249 1252 1253 1254 1255 1256 1257 1258 1259 1260 1262 1263 1264 1265 1266 1267 1268 1269 1270 1271 1272 1273 1274 1275 1276 1277 1279 1280 1282 1283 1284 1285 1286 1289 1290 1292 1294 1296 1297 1306 1308 1310 1311 1312 1314 1315 1316 1319 1320 1321 1322 1324 1325 1326 1327 1328 1335 1336 1337 1338 1340 1341 1342 1343 1344 1351 1352 1353 1354 1355 1358 1360 1365 1367 1369 1370 1371 1372 1373 1374 1375 1377 1382 1383 1385 1386 1387 1388 1389 1390 1391 1392 1393 1397 1398 1399 1401 1402 1403 1404 1405 1406 1407 1408 1409 1412 1413 1414 1415 1416 1417 1418 1419 1420 1421 1422 1423 1425 1426 1427 1428 1429 1430 1431 1432 1434 1435 1436 1437 1438 1440 1441 1443 1444 1445 1446 1447 1449 1450 1451 1452 1453 1454 1457 1459 1460 1461 1462 1463 1464 1465 1466 1467 1469 1470 1473 1474 1475 1476 1477 1478 1479 1480 1481 1482 1483 1484 1485 1486 1487 1489 1491 1493 1494 1495 1497 1498 1499 1500 1502 1504 1505 1507 1508 1510 1511 1512 1513 1514 1515 1516 1521 1522 1523 1524 1525 1526 1527 1528 1529 1530 1531 1532 1533 1534 1535 1536 1537 1538 1539 1541 1542 1546 1548 1550 1552 1553 1554 1555 1558 1561 1564 1565 1568 1569 1570 1576 1577 1578 1579 1580 1581 1582 1584 1585 1591 1592 1593 1594 1595 1597 1598 1599 1600 1601 1602 1607 1608 1610 1611 1613 1614 1617 1618 1619 1620 1622 1623 1624 1625 1626 1627 1630 1633 1634 1635 1636 1637 1638 1639 1640 1641 1642 1643 1644 1646 1648 1649 1650 1654 1655 1656 1657 1658 1659 1660 1662 1664 1665 1666 1667 1669 1670 1671 1672 1673 1674 1675 1677 1678 1679 1680 1681 1684 1685 1686 1687 1688 1690 1691 1693 1694 1697 1698 1699 1700 1701 1702 1703 1704 1705 1706 1707 1708 1710 1711 1712 1713 1714 1715 1716 1717 1718 1719 1720 1721 1722 1723 1724 1726 1729 1730 1731 1732 1733 1734 1735 1736 1737 1738 1739 1740 1742 1743 1744 1745 1746 1747 1748 1749 1750 1751 1752 1753 1755 1756 1757 1758 1759 1760 1761 1763 1766 1767 1768 1770 1771 1772 1776 1777 1779 1780 1782 1783 1784 1785 1786 1787 1788 1789 1792 1794 1795 1796 1797 1798 1799 1800 1801 1802 1803 1804 1805 1808 1812 1814 1815 1816 1817 1818 1824 1827 1828 1829 1830 1831 1832 1833 1843 1844 1845 1846 1847 1848 1849 1850 1856 1859 1860 1861 1862 1863 1864 1865 1866 1867 1868 1872 1875 1878 1879 1880 1881 1882 1886 1887 1888 1890 1891 1895 1896 1897 1898 1899 1902 1903 1906 1907 1908 1911 1912 1913 1915 1916 1917 1924 1929 1930 1931 1932 1937 1938 1944 1946 1947 1948 1950 1951 1952 1953 1954 1959 1960 1961 1964 1965 1966 1967 1968 1969 1973 1975 1976 1977 1980 1981 1982 1983 1984 1988 1989 1990 1991 1992 1993 1994 1995 1996 1997 1998 1999 2004 2005 2006 2007 2008 2009 2010 2011 2012 2013 2014 2018 2019 2020 2023 2024 2025 2026 2028 2029 2030 2031 2032 2033 2038 2039 2040 2041 2042 2043 2044 2045 2046 2047 2048 0
1 2 3 5 6 7 8 10 12 13 14 15 16 18 19 20 21 23 24 25 27 28 29 30 31 0

82
1 2 3 4 5 6 7 8 9 10 11 12 13 14 15 16 17 18 19 20 21 22 23 24 25 26 27 29 30 31 32 33 34 35 36 37 38 40 41 42 45 46 47 48 49 50 51 52 54 55 56 58 59 60 61 62 63 64 65 66 67 68 69 70 71 72 73 75 76 77 79 80 81 82 83 84 85 86 87 88 89 90 91 92 93 94 95 96 97 98 99 100 101 103 104 105 107 108 109 110 111 112 113 114 115 117 119 120 122 123 124 125 126 127 128 129 130 131 132 133 134 135 136 137 138 139 140 141 142 143 144 145 146 147 148 149 150 151 152 153 154 155 156 157 158 159 160 161 162 163 164 166 168 169 170 171 172 173 174 175 176 177 178 179 180 181 182 183 184 185 186 187 189 190 191 192 193 194 195 196 197 198 199 200 201 202 204 205 206 207 208 209 210 211 214 215 216 217 218 219 221 222 223 224 225 226 227 229 230 231 232 233 234 235 236 237 238 239 240 241 242 243 244 245 246 247 248 249 250 251 252 254 255 256 257 258 259 260 261 262 264 265 266 267 268 269 270 271 273 274 275 276 278 279 280 281 284 285 287 288 289 290 291 292 293 294 295 297 298 299 300 301 302 304 305 306 307 308 309 310 311 312 313 314 315 317 318 319 320 321 322 323 324 325 326 328 329 330 332 333 334 335 336 337 338 339 340 341 343 344 345 346 347 348 349 350 351 352 353 354 355 356 358 359 360 361 362 365 366 367 368 369 371 374 375 376 377 378 379 380 381 382 383 384 385 386 387 389 390 391 392 393 394 395 396 397 398 399 400 401 402 403 405 406 407 409 411 413 414 415 416 417 418 419 420 421 422 423 424 427 428 430 431 432 433 436 437 438 443 444 445 446 447 448 449 450 452 453 456 459 461 462 463 464 465 467 468 469 470 471 474 475 476 477 478 479 480 481 482 483 484 485 488 489 490 491 492 493 494 495 496 497 498 499 500 501 502 503 505 507 508 509 510 511 512 513 514 515 516 517 518 519 522 523 524 525 526 527 528 529 530 532 533 535 536 537 538 539 541 542 543 545 547 548 549 550 551 552 553 554 555 558 561 562 563 564 565 570 574 576 577 578 580 582 583 585 586 589 590 591 592 593 594 596 598 599 601 602 603 607 608 609 613 614 615 616 617 618 619 623 624 625 626 627 631 632 633 635 636 637 638 639 640 641 642 645 646 647 648 650 651 652 655 656 657 658 659 660 661 663 665 666 667 668 669 670 671 672 673 675 677 679 681 682 683 684 685 686 687 688 689 690 691 694 699 700 701 702 703 704 705 706 707 708 709 712 713 715 716 717 718 719 721 722 724 725 726 728 729 730 731 732 733 734 736 737 739 740 741 742 743 744 745 746 747 748 749 753 754 755 756 757 758 759 760 761 762 763 764 765 766 767 768 769 770 771 772 773 774 775 776 777 778 779 780 781 782 783 784 785 788 789 790 791 793 794 795 796 799 800 801 803 804 805 806 807 808 809 810 811 812 813 815 816 817 818 819 820 821 822 823 824 825 826 828 829 830 831 832 834 835 836 837 838 839 840 841 842 843 844 845 846 847 848 849 851 853 854 855 856 857 858 859 860 861 862 863 865 867 869 870 871 872 873 874 875 878 879 880 884 885 886 887 888 889 890 891 892 893 894 895 898 899 900 901 902 903 906 907 908 909 910 911 913 914 915 916 917 918 919 921 922 923 924 926 927 928 929 930 931 932 934 935 936 938 939 940 942 943 944 946 947 948 949 950 952 953 954 957 958 959 960 962 965 966 967 968 969 971 972 973 974 975 976 979 980 981 982 984 985 986 987 988 989 990 992 993 995 996 997 998 999 1000 1001 1003 1004 1005 1006 1008 1009 1010 1011 1012 1013 1014 1015 1016 1017 1018 1019 1020 1021 1022 1023 1024 1025 1026 1027 1028 1029 1030 1031 1033 1034 1036 1037 1038 1039 1040 1041 1042 1043 1044 1045 1046 1047 1048 1050 1051 1052 1053 1054 1055 1056 1057 1058 1059 1060 1061 1062 1063 1064 1067 1068 1069 1070 1071 1072 1073 1074 1075 1076 1077 1078 1079 1080 1081 1082 1083 1084 1085 1086 1087 1088 1089 1090 1091 1092 1093 1097 1099 1101 1102 1103 1104 1105 1106 1107 1108 1109 1111 1112 1113 1114 1118 1119 1120 1121 1123 1124 1126 1128 1129 1130 1131 1132 1133 1135 1136 1137 1139 1140 1144 1147 1148 1149 1151 1152 1153 1154 1157 1158 1159 1160 1161 1162 1163 1164 1165 1168 1169 1170 1171 1175 1176 1178 1180 1182 1184 1185 1186 1188 1191 1192 1193 1194 1195 1196 1197 1198 1200 1201 1204 1205 1206 1207 1208 1209 1211 1212 1213 1214 1216 1217 1218 1219 1220 1221 1222 1223 1224 1225 1227 1228 1229 1230 1232 1233 1234 1235 1236 1237 1243 1244 1245 1246 1247 1248 1249 1254 1255 1258 1259 1260 1261 1262 1263 1264 1265 1266 1267 1268 1269 1270 1271 1272 1273 1274 1275 1276 1277 1278 1279 1280 1281 1282 1283 1284 1285 1286 1287 1288 1289 1290 1291 1292 1293 1294 1295 1296 1297 1300 1301 1302 1303 1304 1305 1306 1307 1308 1309 1310 1312 1313 1314 1315 1316 1317 1318 1319 1322 1323 1324 1325 1328 1329 1330 1331 1332 1333 1334 1335 1336 1337 1338 1339 1340 1341 1342 1343 1344 1345 1346 1347 1348 1349 1353 1354 1355 1356 1357 1358 1359 1360 1361 1362 1364 1365 1367 1370 1371 1373 1374 1375 1377 1378 1380 1381 1382 1383 1384 1386 1387 1389 1390 1391 1393 1394 1396 1399 1400 1401 1402 1403 1404 1405 1406 1407 1408 1409 1410 1411 1412 1415 1416 1417 1418 1419 1420 1421 1422 1423 1424 1425 1427 1428 1429 1430 1431 1432 1433 1434 1435 1436 1437 1438 1439 1440 1441 1442 1443 1444 1445 1446 1447 1449 1450 1451 1452 1453 1454 1455 1456 1457 1458 1460 1461 1462 1463 1465 1466 1467 1468 1469 1470 1471 1472 1473 1474 1476 1477 1478 1479 1480 1481 1482 1483 1484 1485 1486 1488 1489 1490 1491 1492 1493 1494 1495 1496 1497 1498 1499 1500 1501 1502 1503 1504 1505 1508 1509 1510 1511 1512 1513 1514 1515 1516 1517 1518 1519 1520 1521 1522 1523 1524 1525 1526 1527 1528 1529 1530 1531 1532 1533 1534 1535 1536 1537 1538 1539 1540 1541 1542 1543 1544 1545 1546 1547 1548 1549 1551 1552 1553 1555 1558 1559 1560 1562 1563 1564 1566 1567 1568 1569 1574 1576 1577 1579 1580 1581 1582 1584 1585 1587 1588 1589 1592 1593 1594 1595 1596 1597 1598 1600 1601 1602 1603 1604 1605 1606 1607 1608 1612 1613 1614 1615 1616 1617 1618 1620 1621 1622 1623 1624 1625 1626 1627 1629 1630 1631 1632 1633 1634 1635 1638 1639 1640 1641 1642 1643 1645 1646 1647 1648 1649 1650 1651 1653 1654 1655 1656 1657 1658 1660 1662 1663 1664 1665 1666 1667 1669 1670 1672 1673 1674 1675 1677 1678 1679 1681 1682 1683 1684 1685 1686 1688 1689 1690 1691 1693 1695 1696 1697 1699 1700 1704 1706 1707 1708 1710 1711 1712 1713 1715 1716 1717 1718 1720 1723 1726 1727 1728 1729 1732 1733 1734 1735 1739 1740 1741 1742 1743 1744 1745 1746 1747 1748 1749 1750 1751 1754 1755 1756 1758 1759 1760 1761 1762 1763 1764 1770 1771 1772 1773 1774 1776 1777 1778 1779 1781 1783 1784 1785 1786 1787 1788 1789 1790 1791 1792 1793 1794 1795 1796 1797 1798 1799 1800 1801 1802 1803 1804 1805 1806 1807 1808 1809 1810 1811 1812 1814 1815 1818 1819 1820 1821 1822 1823 1824 1825 1826 1830 1831 1835 1839 1840 1841 1842 1846 1847 1850 1852 1854 1855 1856 1857 1860 1861 1862 1863 1864 1865 1867 1869 1871 1872 1873 1874 1879 1880 1881 1885 1888 1889 1890 1897 1901 1902 1904 1905 1906 1907 1913 1914 1915 1916 1917 1918 1920 1921 1922 1923 1929 1930 1931 1932 1933 1934 1936 1937 1938 1939 1940 1945 1946 1953 1954 1955 1956 1957 1958 1961 1969 1970 1971 1972 1973 1974 1975 1977 1978 1981 1984 1985 1986 1987 1988 1989 1990 1991 1992 1993 1994 1997 1999 2000 2001 2002 2003 2004 2005 2006 2009 2010 2012 2013 2014 2015 2016 2017 2018 2019 2020 2022 2028 2029 2030 2031 2032 2033 2034 2035 2039 2040 2041 2042 2043 2044 2045 2048 0
3 4 6 7 9 10 11 12 15 16 19 20 21 22 23 25 27 28 31 32 0

83
1 2 4 5 6 7 8 9 10 11 12 13 15 17 22 23 26 28 30 32 33 37 38 45 47 48 49 53 54 55 57 59 60 61 62 64 65 69 70 71 72 73 74 75 76 77 78 80 81 82 83 84 85 86 87 88 89 90 91 92 93 94 96 97 100 101 102 103 104 105 106 107 108 109 110 112 113 116 118 121 123 124 125 126 127 128 129 130 133 134 136 137 139 140 141 142 144 145 147 149 152 153 154 155 156 157 158 159 160 161 163 164 165 166 167 168 169 171 173 174 176 177 181 182 184 187 189 190 192 193 195 197 198 200 203 204 205 206 207 209 210 211 212 213 214 216 218 219 220 221 222 224 225 227 228 229 230 232 233 235 236 239 240 241 242 243 244 245 246 247 248 249 250 252 253 254 255 256 257 258 259 260 261 262 264 265 266 267 268 269 270 271 272 273 274 276 278 280 282 284 287 289 291 295 296 297 298 299 303 305 306 307 308 309 310 311 313 314 315 316 320 321 322 323 324 326 327 328 329 332 334 336 339 340 341 343 344 345 346 347 353 354 355 358 359 360 361 362 363 364 366 367 368 369 371 372 373 374 375 376 377 380 384 385 386 387 388 389 390 391 392 393 397 399 400 401 402 403 405 406 407 409 410 413 414 415 416 419 420 421 423 424 425 428 429 432 433 434 435 437 438 439 440 442 443 445 446 448 449 450 453 457 460 461 462 464 465 466 467 468 469 470 471 472 476 477 480 481 482 484 485 487 489 490 491 492 493 494 496 497 498 499 502 503 504 505 507 508 509 510 511 512 519 520 521 522 523 524 525 528 533 534 535 536 537 538 539 540 541 542 544 547 548 549 552 553 554 555 556 557 558 562 563 564 565 566 567 568 571 572 573 574 579 583 584 585 586 587 589 590 593 594 595 596 597 599 600 609 611 612 613 614 615 616 617 619 620 627 628 629 630 631 632 633 638 639 640 641 642 643 644 646 647 648 649 650 651 653 655 656 659 660 661 662 663 664 665 666 669 673 674 675 676 678 679 680 681 685 686 687 688 689 690 691 692 694 695 696 699 700 701 702 703 704 705 706 707 708 709 711 712 713 714 715 716 717 718 719 720 722 723 724 725 726 729 730 737 738 740 741 742 743 744 745 746 747 752 753 760 761 766 768 769 770 771 773 775 776 777 778 779 780 781 782 783 784 787 789 792 793 794 796 797 798 799 800 801 802 805 806 809 810 811 813 814 816 819 820 821 822 826 829 832 835 837 839 840 842 845 846 847 848 849 850 853 855 856 857 858 860 861 869 870 871 872 873 874 876 882 885 887 888 890 893 896 897 899 904 905 906 907 909 910 912 913 915 916 919 920 923 924 925 926 928 929 930 932 933 935 936 937 938 939 940 941 942 944 949 950 951 952 953 954 955 958 959 961 964 965 966 967 968 969 971 972 973 976 977 979 980 981 982 983 984 985 986 987 988 989 992 993 994 995 997 998 999 1000 1001 1002 1003 1004 1005 1006 1007 1009 1010 1011 1012 1013 1014 1015 1016 1017 1018 1019 1020 1021 1022 1023 1024 1029 1030 1031 1032 1033 1035 1036 1037 1040 1041 1047 1048 1049 1050 1051 1052 1061 1062 1063 1065 1066 1067 1068 1069 1070 1075 1076 1077 1078 1080 1081 1082 1083 1084 1085 1086 1089 1091 1092 1093 1094 1095 1096 1099 1100 1101 1102 1103 1108 1109 1110 1111 1113 1115 1116 1117 1118 1121 1124 1125 1126 1127 1129 1130 1134 1135 1136 1137 1140 1141 1142 1146 1147 1148 1149 1156 1157 1165 1166 1167 1168 1169 1172 1173 1174 1175 1176 1177 1179 1181 1182 1183 1184 1185 1189 1190 1191 1192 1193 1194 1195 1198 1199 1200 1201 1202 1203 1206 1207 1208 1209 1210 1211 1213 1215 1216 1217 1218 1219 1220 1221 1222 1223 1224 1225 1228 1232 1233 1234 1235 1240 1241 1242 1243 1244 1246 1247 1248 1249 1250 1251 1252 1253 1256 1257 1258 1259 1262 1263 1264 1266 1267 1268 1269 1270 1271 1273 1274 1275 1276 1277 1278 1279 1282 1283 1284 1285 1287 1288 1289 1290 1291 1292 1293 1294 1295 1296 1297 1299 1300 1301 1302 1305 1309 1310 1311 1312 1313 1320 1321 1328 1329 1332 1335 1336 1337 1344 1345 1350 1352 1353 1354 1361 1363 1364 1368 1369 1370 1371 1372 1375 1377 1380 1381 1382 1384 1386 1387 1388 1389 1390 1393 1395 1399 1400 1401 1402 1404 1405 1406 1407 1408 1412 1413 1416 1417 1418 1419 1420 1421 1422 1424 1425 1432 1433 1434 1435 1436 1438 1440 1441 1443 1449 1450 1451 1452 1453 1454 1455 1456 1457 1459 1460 1462 1466 1467 1469 1470 1471 1472 1477 1478 1479 1480 1481 1482 1483 1484 1485 1486 1487 1489 1492 1493 1494 1495 1496 1497 1498 1499 1500 1501 1508 1510 1511 1512 1513 1514 1515 1516 1517 1518 1520 1521 1522 1523 1524 1525 1526 1527 1528 1529 1530 1531 1532 1533 1534 1535 1536 1537 1541 1544 1545 1546 1547 1548 1550 1552 1553 1557 1560 1561 1562 1563 1564 1565 1567 1568 1569 1571 1572 1573 1574 1575 1576 1577 1578 1579 1580 1581 1582 1583 1584 1585 1586 1588 1589 1591 1592 1593 1594 1595 1596 1597 1598 1601 1604 1605 1606 1607 1609 1610 1611 1612 1613 1614 1615 1616 1617 1618 1620 1622 1623 1624 1625 1626 1627 1630 1633 1636 1639 1640 1641 1642 1643 1644 1646 1649 1651 1652 1653 1654 1655 1657 1658 1659 1661 1665 1667 1668 1669 1670 1673 1674 1676 1677 1678 1681 1683 1684 1687 1688 1690 1691 1692 1693 1694 1696 1697 1698 1699 1700 1701 1703 1704 1705 1706 1707 1708 1709 1710 1711 1712 1713 1714 1716 1717 1719 1720 1721 1725 1726 1727 1728 1729 1731 1732 1733 1735 1736 1740 1743 1744 1745 1747 1748 1749 1750 1751 1757 1758 1759 1760 1761 1762 1764 1765 1766 1767 1768 1770 1772 1773 1775 1776 1777 1778 1780 1782 1784 1785 1786 1787 1788 1789 1793 1794 1795 1796 1799 1804 1805 1806 1807 1808 1809 1810 1811 1812 1813 1814 1815 1816 1819 1820 1821 1822 1823 1824 1825 1826 1827 1831 1832 1833 1834 1838 1839 1840 1841 1842 1848 1855 1856 1857 1858 1865 1866 1871 1872 1873 1874 1875 1881 1882 1887 1888 1889 1890 1891 1899 1902 1903 1904 1905 1906 1907 1908 1914 1915 1918 1919 1920 1921 1922 1923 1924 1929 1930 1931 1932 1935 1936 1937 1938 1939 1940 1946 1947 1948 1953 1954 1955 1956 1957 1958 1963 1964 1965 1969 1970 1971 1972 1973 1974 1977 1978 1979 1982 1983 1985 1988 1989 1990 1991 1995 1998 1999 2004 2005 2006 2007 2013 2014 2019 2020 2021 2022 2023 2024 2027 2028 2029 2030 2032 2039 2042 2046 2047 2048 0
1 3 4 5 7 8 9 11 14 15 16 17 18 19 20 21 23 24 25 26 32 0

84
1 2 3 4 5 6 7 8 9 10 11 12 13 14 15 16 17 18 19 20 21 22 23 24 25 27 28 29 30 31 32 33 34 35 36 37 38 39 40 41 42 43 44 45 46 47 48 49 50 51 52 53 54 56 57 58 59 60 61 62 63 64 65 66 67 68 69 70 71 74 75 76 77 79 80 81 82 83 84 85 89 92 93 94 95 96 97 98 99 100 101 102 104 106 108 109 110 111 112 113 114 115 116 117 118 119 124 125 126 127 128 129 130 131 132 134 140 141 142 143 144 145 146 147 148 149 150 151 152 156 157 158 159 160 161 162 163 164 165 166 167 168 169 170 171 172 173 174 175 176 177 178 179 180 181 182 183 184 185 186 187 188 189 190 191 192 193 194 195 196 197 198 199 200 201 202 203 204 205 206 207 208 209 210 211 212 213 214 215 216 217 218 219 220 221 222 223 224 225 226 227 228 229 230 231 232 233 235 236 237 239 240 241 242 243 244 245 247 248 249 251 252 253 254 255 256 257 258 259 260 261 262 263 264 265 266 267 268 269 270 271 272 273 274 275 279 280 281 283 284 286 287 288 289 290 292 293 294 295 296 297 298 300 301 302 303 304 305 309 310 311 312 313 314 315 316 317 318 319 320 321 322 324 325 326 328 332 333 334 335 336 337 339 340 341 342 343 346 348 349 350 351 352 353 355 356 357 358 362 364 365 366 367 368 369 371 372 373 376 378 379 380 381 382 383 384 385 386 387 388 389 394 396 397 398 399 400 401 402 403 404 407 409 410 412 413 414 416 417 418 419 420 421 422 423 424 425 426 427 428 429 430 431 432 433 434 435 436 437 438 439 441 443 444 445 446 448 449 452 453 454 455 457 458 459 460 462 463 464 465 468 469 470 471 472 474 475 476 477 478 479 480 481 482 483 484 485 486 487 488 489 490 491 492 493 494 496 497 498 499 500 501 502 503 504 506 507 508 509 510 511 512 513 514 515 516 517 518 519 520 521 522 523 524 525 526 527 528 529 530 531 537 538 540 543 544 545 546 548 549 552 553 555 559 560 561 562 563 565 566 567 568 569 571 573 574 575 577 578 579 581 582 586 587 588 589 590 592 593 594 595 596 598 599 600 601 602 604 605 607 608 609 611 613 614 616 617 618 619 620 621 622 623 624 625 627 628 630 633 634 636 637 638 640 641 642 643 651 652 653 654 655 656 657 658 659 662 667 670 671 672 673 674 675 677 678 679 682 684 685 686 687 689 690 692 693 695 698 699 700 701 703 704 705 706 707 708 709 711 714 715 716 717 718 719 720 721 722 724 725 726 727 728 729 730 731 732 733 734 735 736 737 740 741 743 744 745 746 747 748 749 750 753 755 759 760 764 765 766 767 768 769 770 771 772 773 774 775 776 777 778 779 780 781 782 783 784 787 790 791 792 793 794 795 797 798 799 800 803 804 805 806 807 808 809 810 811 812 813 815 816 820 821 822 823 824 825 826 827 828 829 832 836 837 838 840 841 842 843 844 845 846 847 849 850 851 852 853 854 855 856 860 861 862 863 864 866 867 868 870 871 872 873 874 876 877 878 879 880 881 883 886 887 888 889 890 892 893 894 895 896 897 898 899 900 901 902 903 904 906 908 909 911 913 914 915 916 917 919 920 921 922 924 929 930 931 932 933 935 936 938 940 943 944 946 947 948 949 950 951 952 953 954 956 957 958 960 961 962 964 965 966 967 968 969 971 972 973 974 975 976 977 978 979 980 982 983 984 985 986 987 988 991 992 993 994 995 996 997 998 999 1000 1001 1002 1003 1004 1005 1006 1007 1009 1010 1011 1012 1013 1014 1015 1016 1017 1018 1019 1020 1021 1022 1023 1024 1025 1026 1027 1028 1029 1030 1031 1032 1033 1034 1035 1036 1037 1038 1039 1040 1041 1042 1043 1044 1045 1046 1047 1048 1049 1050 1052 1053 1054 1055 1056 1057 1058 1059 1060 1061 1062 1063 1064 1065 1066 1067 1068 1069 1070 1071 1072 1073 1074 1075 1076 1077 1078 1079 1080 1081 1083 1084 1085 1086 1087 1088 1089 1090 1091 1092 1093 1094 1095 1096 1097 1098 1100 1101 1102 1103 1104 1105 1106 1107 1108 1109 1110 1112 1115 1117 1118 1119 1120 1121 1122 1123 1124 1125 1126 1129 1132 1133 1134 1135 1136 1137 1138 1139 1140 1145 1146 1147 1149 1151 1152 1153 1154 1155 1156 1163 1164 1165 1166 1167 1168 1169 1170 1180 1181 1182 1184 1185 1187 1188 1195 1196 1197 1198 1199 1200 1201 1203 1204 1205 1206 1207 1208 1209 1210 1211 1212 1213 1214 1217 1218 1219 1220 1221 1222 1223 1224 1225 1226 1227 1228 1229 1230 1231 1233 1234 1235 1236 1239 1240 1241 1242 1243 1244 1245 1248 1249 1250 1251 1252 1254 1255 1256 1257 1260 1264 1265 1266 1267 1268 1269 1270 1271 1272 1273 1274 1275 1276 1277 1278 1279 1280 1281 1282 1283 1284 1285 1286 1287 1288 1289 1290 1291 1292 1293 1294 1295 1296 1297 1298 1299 1300 1301 1302 1303 1304 1305 1306 1307 1308 1310 1311 1312 1313 1314 1315 1316 1317 1318 1319 1320 1321 1322 1323 1324 1325 1326 1327 1328 1329 1330 1331 1332 1333 1334 1335 1336 1337 1338 1339 1340 1341 1342 1343 1344 1345 1346 1347 1348 1349 1350 1351 1352 1353 1356 1357 1358 1359 1360 1361 1362 1363 1364 1369 1370 1372 1373 1374 1375 1376 1377 1378 1380 1382 1383 1384 1386 1387 1389 1390 1391 1393 1394 1395 1396 1398 1401 1403 1405 1406 1407 1408 1409 1410 1411 1412 1414 1419 1422 1423 1425 1426 1428 1429 1432 1433 1434 1435 1437 1438 1439 1440 1441 1442 1443 1444 1445 1446 1447 1448 1449 1451 1452 1455 1457 1458 1459 1460 1461 1462 1464 1465 1466 1467 1469 1470 1472 1473 1474 1475 1476 1477 1478 1479 1480 1481 1485 1486 1487 1488 1489 1490 1491 1492 1493 1494 1495 1496 1497 1500 1501 1502 1503 1504 1505 1506 1507 1508 1509 1510 1511 1512 1514 1517 1518 1519 1520 1521 1522 1523 1524 1525 1526 1527 1528 1529 1530 1531 1532 1533 1534 1537 1538 1540 1541 1542 1543 1544 1545 1546 1547 1548 1550 1551 1552 1553 1554 1555 1556 1557 1558 1559 1560 1561 1562 1563 1564 1565 1566 1567 1568 1569 1570 1571 1572 1574 1575 1576 1577 1578 1579 1580 1581 1582 1584 1585 1586 1587 1588 1589 1590 1591 1592 1593 1594 1595 1596 1597 1598 1599 1600 1601 1602 1603 1604 1605 1606 1607 1608 1610 1611 1612 1613 1614 1615 1616 1617 1618 1619 1620 1621 1622 1623 1624 1626 1629 1630 1631 1632 1633 1634 1635 1636 1638 1639 1641 1642 1643 1646 1647 1649 1650 1651 1652 1653 1654 1658 1659 1660 1661 1662 1663 1664 1665 1666 1667 1668 1669 1670 1671 1672 1676 1677 1678 1679 1680 1681 1682 1683 1684 1686 1687 1692 1693 1694 1695 1696 1697 1699 1700 1701 1703 1704 1705 1707 1709 1710 1712 1713 1714 1715 1716 1717 1718 1724 1727 1728 1729 1730 1732 1733 1734 1735 1736 1737 1738 1739 1740 1742 1744 1745 1746 1747 1748 1749 1750 1751 1752 1753 1754 1755 1756 1757 1758 1759 1760 1761 1762 1763 1764 1765 1766 1768 1769 1770 1771 1772 1773 1774 1775 1777 1778 1779 1780 1781 1782 1783 1784 1785 1786 1787 1788 1789 1793 1794 1795 1796 1797 1798 1799 1800 1801 1802 1803 1804 1805 1806 1807 1808 1809 1810 1811 1812 1813 1814 1815 1816 1817 1818 1819 1820 1821 1822 1823 1824 1825 1826 1827 1828 1829 1830 1831 1832 1833 1834 1835 1836 1837 1838 1839 1840 1841 1842 1843 1844 1846 1847 1848 1851 1853 1854 1855 1856 1857 1858 1860 1861 1866 1867 1868 1869 1871 1872 1873 1877 1878 1879 1882 1883 1884 1885 1886 1888 1889 1890 1891 1892 1893 1894 1895 1896 1898 1899 1900 1901 1902 1904 1905 1906 1907 1909 1910 1911 1912 1913 1914 1915 1916 1917 1918 1920 1921 1922 1923 1925 1926 1927 1928 1929 1930 1934 1935 1936 1938 1939 1940 1941 1942 1943 1944 1945 1946 1951 1953 1954 1955 1956 1960 1961 1967 1968 1969 1970 1971 1972 1973 1976 1981 1983 1984 1985 1986 1987 1988 1989 1990 1992 1993 1998 2000 2002 2003 2004 2005 2006 2007 2008 2009 2010 2011 2013 2014 2016 2018 2019 2020 2021 2022 2023 2027 2029 2030 2031 2033 2035 2036 2037 2038 2039 2040 2041 2042 2043 2044 2045 2046 2047 2048 0
1 2 3 4 6 8 9 13 14 15 19 21 22 23 28 29 30 32 0

85
1 2 4 6 7 9 10 11 12 13 15 16 17 21 22 25 26 28 29 31 33 34 37 42 43 44 45 47 48 49 50 51 53 54 55 58 59 61 62 63 64 65 66 67 70 71 73 74 75 76 78 80 81 82 83 84 85 86 87 89 90 91 92 93 94 96 97 98 100 101 102 103 105 106 108 109 110 112 113 114 116 118 119 120 121 122 123 124 127 129 130 132 134 135 136 144 145 148 149 150 151 152 153 155 156 160 161 166 168 169 170 171 172 173 174 176 177 180 181 182 183 185 186 187 188 189 190 192 193 196 197 198 199 202 203 204 206 208 209 210 211 212 214 215 217 218 219 220 221 222 224 225 227 228 229 230 231 232 235 237 239 241 242 243 244 245 246 247 248 249 252 253 254 255 256 257 258 259 260 261 264 266 267 268 269 270 271 272 273 277 278 279 281 282 284 285 286 288 289 291 292 293 294 295 296 301 302 303 304 305 306 307 308 309 310 311 312 313 314 315 316 317 319 320 322 323 324 325 326 327 328 330 332 333 334 336 338 339 340 341 342 346 347 350 351 353 354 355 356 357 358 359 361 362 366 367 369 370 372 373 374 375 376 377 378 382 383 384 385 386 388 389 390 391 392 393 395 398 399 400 401 402 403 404 407 409 410 411 412 413 414 415 416 417 418 420 421 422 423 424 425 426 428 429 430 431 432 433 435 436 437 438 439 443 444 445 446 448 449 453 454 455 457 459 460 461 464 465 466 471 472 473 475 476 478 479 480 481 484 485 486 487 488 489 490 491 492 494 495 496 497 498 499 500 502 504 505 506 507 508 509 510 511 525 528 533 534 535 538 539 540 541 542 544 550 551 552 553 556 560 563 564 565 566 567 568 570 571 572 574 576 577 580 581 582 583 584 585 586 587 588 589 590 592 593 595 597 598 600 601 602 604 605 606 611 614 616 617 618 621 622 626 627 628 629 630 631 634 635 637 638 640 641 642 643 644 645 650 652 653 654 655 656 659 660 662 665 667 668 669 671 675 676 677 678 679 680 686 688 689 690 691 692 693 694 698 699 700 701 703 704 705 706 707 709 710 711 712 713 714 715 716 717 718 719 720 722 724 727 728 729 730 731 733 734 735 736 738 739 740 746 747 748 753 754 755 756 764 765 768 770 772 773 774 775 776 777 778 779 780 781 782 783 784 786 787 788 790 791 792 794 795 796 797 798 799 800 801 802 803 804 806 807 808 809 810 811 812 813 814 815 818 819 821 822 823 824 825 826 828 829 831 833 834 835 837 838 839 840 841 842 843 844 845 849 851 853 854 855 856 858 860 861 862 865 866 867 868 870 871 872 873 874 876 877 878 879 881 882 884 886 887 888 889 890 891 892 896 898 900 901 903 904 905 906 907 908 909 912 916 917 919 920 921 922 923 924 927 928 929 930 932 933 934 935 936 937 940 941 944 950 951 952 953 954 955 956 957 958 959 960 963 967 968 969 970 971 973 974 975 976 977 978 979 981 982 983 984 985 986 987 993 996 997 998 999 1000 1001 1002 1003 1004 1005 1006 1007 1008 1009 1010 1011 1012 1013 1014 1015 1016 1017 1018 1019 1020 1021 1022 1023 1024 1028 1031 1032 1033 1034 1035 1036 1038 1040 1046 1047 1050 1051 1052 1056 1061 1063 1064 1065 1068 1069 1070 1072 1073 1080 1081 1082 1083 1087 1089 1092 1093 1095 1096 1097 1098 1100 1101 1104 1105 1106 1111 1112 1115 1116 1117 1118 1120 1121 1126 1131 1132 1133 1134 1140 1141 1145 1146 1147 1148 1149 1150 1153 1155 1156 1157 1158 1159 1160 1161 1162 1163 1164 1165 1166 1169 1171 1172 1175 1176 1177 1179 1180 1182 1184 1188 1189 1190 1193 1198 1200 1201 1204 1206 1207 1208 1209 1210 1211 1213 1215 1216 1217 1218 1219 1221 1224 1225 1226 1227 1228 1230 1231 1232 1233 1234 1235 1236 1238 1239 1240 1241 1243 1244 1245 1246 1247 1248 1249 1250 1251 1252 1253 1254 1255 1256 1257 1258 1259 1260 1261 1262 1263 1264 1265 1266 1268 1269 1270 1271 1272 1273 1274 1275 1276 1279 1281 1282 1283 1285 1286 1287 1288 1289 1290 1291 1292 1294 1296 1297 1298 1299 1301 1307 1309 1310 1313 1314 1317 1318 1319 1320 1322 1323 1324 1325 1326 1327 1328 1329 1331 1332 1334 1335 1336 1337 1338 1341 1343 1347 1348 1349 1351 1352 1354 1355 1356 1358 1360 1361 1363 1364 1365 1366 1367 1368 1369 1371 1372 1373 1374 1375 1380 1382 1383 1385 1386 1387 1389 1390 1391 1392 1395 1397 1400 1401 1402 1403 1404 1405 1406 1407 1408 1410 1413 1414 1415 1417 1418 1419 1420 1421 1422 1423 1424 1425 1427 1428 1429 1434 1435 1436 1438 1439 1440 1441 1443 1445 1446 1450 1452 1453 1454 1455 1456 1457 1459 1460 1461 1462 1463 1464 1465 1467 1468 1470 1471 1472 1473 1476 1477 1478 1479 1480 1481 1482 1483 1484 1485 1486 1487 1488 1491 1492 1493 1495 1496 1497 1498 1499 1500 1501 1503 1506 1508 1509 1510 1511 1512 1513 1514 1515 1516 1517 1520 1521 1522 1523 1524 1525 1526 1527 1528 1529 1530 1531 1532 1533 1534 1535 1536 1537 1540 1541 1543 1544 1550 1551 1552 1553 1556 1557 1559 1563 1565 1568 1569 1570 1572 1573 1575 1577 1578 1581 1582 1584 1585 1587 1589 1590 1591 1592 1594 1595 1596 1597 1601 1604 1606 1607 1608 1609 1612 1613 1614 1615 1616 1617 1619 1620 1622 1624 1625 1626 1628 1629 1630 1631 1633 1634 1635 1636 1637 1638 1639 1641 1642 1645 1646 1649 1650 1651 1652 1653 1654 1655 1657 1658 1660 1661 1662 1663 1665 1666 1667 1668 1669 1670 1673 1674 1676 1679 1681 1683 1685 1686 1688 1689 1690 1691 1692 1693 1695 1696 1697 1699 1701 1702 1703 1704 1705 1706 1707 1708 1709 1710 1711 1712 1713 1714 1715 1716 1717 1718 1719 1720 1723 1725 1726 1727 1728 1729 1730 1731 1732 1733 1735 1736 1737 1738 1739 1740 1741 1742 1743 1744 1745 1746 1748 1749 1750 1751 1753 1755 1757 1758 1759 1761 1762 1765 1766 1768 1769 1772 1773 1774 1775 1777 1778 1780 1781 1782 1783 1784 1785 1786 1787 1788 1789 1790 1793 1794 1795 1796 1797 1805 1806 1807 1808 1809 1810 1811 1812 1813 1814 1815 1821 1822 1823 1825 1826 1827 1828 1829 1830 1831 1837 1838 1839 1841 1842 1843 1844 1845 1846 1847 1848 1852 1853 1854 1855 1856 1858 1859 1861 1862 1863 1867 1868 1869 1870 1871 1874 1878 1879 1880 1881 1882 1884 1885 1886 1887 1889 1890 1891 1893 1894 1898 1901 1902 1903 1904 1906 1907 1908 1910 1914 1915 1917 1918 1919 1920 1921 1922 1923 1924 1925 1926 1930 1931 1932 1933 1934 1935 1936 1937 1938 1939 1940 1941 1946 1950 1951 1953 1954 1955 1956 1957 1958 1960 1961 1962 1963 1966 1969 1970 1972 1973 1974 1981 1982 1985 1989 1990 1991 1992 1993 1994 1996 1998 2001 2005 2006 2007 2008 2009 2011 2012 2017 2022 2023 2027 2028 2037 2045 2048 0
1 2 3 6 9 16 20 21 23 29 30 0

86
1 2 3 4 5 7 8 9 10 11 15 16 17 18 19 20 21 22 24 25 26 27 28 29 30 31 32 33 34 35 36 37 38 39 40 41 42 43 44 45 46 47 48 49 50 51 52 53 54 56 57 58 59 60 61 63 64 65 66 67 68 69 73 74 75 76 77 78 79 80 81 82 83 84 85 88 89 90 91 93 94 96 97 98 99 100 102 103 104 105 106 107 108 109 110 111 112 113 115 117 119 121 122 125 126 127 129 130 131 132 134 138 139 140 141 142 143 145 146 147 149 153 154 155 156 158 159 160 161 162 163 164 166 169 170 171 172 173 174 175 176 177 178 179 180 181 182 184 185 186 187 188 189 190 191 192 193 194 195 196 197 199 200 201 204 206 207 208 209 210 211 214 215 216 217 218 221 222 223 224 225 226 227 228 231 234 235 236 237 238 239 241 242 243 244 245 246 247 248 249 250 252 254 255 256 257 258 260 261 262 263 264 265 266 267 268 269 270 271 272 273 274 275 276 277 278 279 280 281 282 283 284 286 287 289 290 291 292 293 294 295 296 298 299 300 301 302 304 306 308 309 310 312 313 314 315 316 317 319 320 321 322 323 324 325 328 330 332 333 334 335 336 337 338 339 340 343 344 345 349 350 351 352 353 354 355 356 359 360 362 363 364 365 368 369 370 371 372 373 374 375 376 377 378 381 382 385 387 389 390 391 393 394 396 397 398 400 401 402 403 406 407 408 409 410 412 414 415 416 417 418 419 420 421 424 427 428 429 431 432 433 434 435 436 438 439 440 441 443 444 446 447 448 449 450 451 453 455 456 457 459 460 461 464 465 468 469 471 472 473 474 475 476 477 479 480 481 482 484 488 489 490 491 492 493 494 495 496 497 498 499 501 502 503 505 506 507 508 509 510 511 512 513 520 522 523 524 525 527 528 530 531 532 534 535 536 537 538 539 543 544 546 551 552 553 554 555 556 557 560 561 562 563 564 565 566 568 569 570 571 572 574 576 577 578 579 581 585 586 587 588 589 590 591 592 593 595 596 597 599 600 601 603 604 605 606 607 608 611 612 613 614 615 616 617 618 619 621 622 624 625 628 629 630 631 632 633 634 635 638 640 641 642 644 645 646 647 648 649 650 651 652 654 657 658 660 663 664 665 666 672 673 674 675 678 679 680 681 682 685 686 687 688 690 691 693 694 695 696 697 701 704 705 706 707 708 709 710 711 713 714 716 717 719 721 722 724 725 726 728 732 735 736 738 740 741 742 743 744 745 746 747 748 749 750 755 758 759 763 764 765 766 767 768 769 770 771 772 773 774 775 776 777 778 779 780 781 782 783 784 785 786 787 788 789 790 791 792 793 795 796 797 798 799 800 803 804 805 806 807 808 809 810 811 813 814 815 816 817 818 819 820 821 822 823 827 828 829 830 831 832 833 834 835 836 837 838 839 841 842 843 845 846 848 849 850 851 852 855 856 858 859 860 861 862 863 864 866 867 868 870 874 876 878 879 880 881 882 883 885 886 888 891 894 895 896 897 898 900 901 902 903 904 906 907 910 913 914 915 917 918 919 920 921 922 925 926 927 928 929 930 931 932 936 937 938 941 942 943 944 947 948 949 950 951 952 953 954 955 957 958 959 960 961 962 963 964 965 966 967 968 970 972 973 974 975 976 979 981 982 984 985 986 987 988 989 990 991 992 993 994 995 997 998 999 1000 1001 1002 1003 1004 1005 1006 1007 1008 1009 1010 1011 1012 1013 1014 1015 1016 1017 1018 1019 1020 1021 1022 1023 1024 1025 1026 1027 1028 1029 1030 1031 1032 1033 1034 1035 1036 1037 1040 1041 1042 1043 1044 1049 1050 1051 1052 1056 1057 1060 1061 1062 1063 1065 1066 1067 1069 1070 1072 1073 1074 1076 1077 1078 1079 1081 1082 1083 1085 1086 1089 1090 1091 1092 1093 1097 1098 1099 1100 1101 1102 1103 1104 1105 1106 1107 1108 1109 1113 1114 1115 1116 1117 1118 1119 1120 1121 1122 1125 1128 1129 1131 1132 1133 1134 1135 1137 1138 1139 1140 1141 1142 1143 1144 1145 1146 1148 1153 1155 1157 1158 1159 1160 1161 1162 1163 1170 1171 1173 1174 1175 1176 1181 1185 1186 1187 1188 1197 1198 1200 1201 1202 1203 1204 1207 1209 1210 1213 1214 1215 1216 1217 1220 1221 1223 1226 1229 1230 1231 1233 1234 1235 1236 1237 1238 1239 1241 1244 1245 1246 1247 1248 1249 1250 1251 1254 1255 1256 1257 1258 1259 1260 1263 1265 1266 1267 1268 1269 1270 1271 1272 1273 1274 1275 1276 1277 1278 1279 1280 1281 1282 1283 1284 1285 1286 1289 1290 1291 1292 1294 1295 1296 1297 1298 1299 1300 1301 1302 1303 1305 1306 1307 1308 1309 1310 1311 1312 1313 1314 1315 1316 1317 1319 1320 1321 1322 1323 1324 1325 1326 1327 1328 1329 1330 1331 1332 1333 1334 1335 1336 1337 1338 1339 1340 1341 1342 1343 1344 1345 1346 1347 1348 1349 1350 1351 1352 1354 1355 1356 1357 1358 1359 1360 1361 1362 1363 1364 1365 1366 1367 1369 1370 1371 1372 1373 1374 1375 1376 1377 1378 1379 1380 1381 1382 1383 1384 1385 1386 1387 1388 1389 1390 1391 1392 1393 1394 1397 1398 1399 1400 1401 1402 1403 1404 1405 1406 1407 1408 1409 1411 1412 1413 1414 1416 1417 1418 1419 1420 1421 1422 1423 1425 1426 1427 1428 1429 1430 1431 1432 1433 1434 1435 1436 1437 1438 1439 1440 1441 1442 1443 1444 1445 1446 1448 1449 1450 1451 1452 1453 1454 1455 1457 1458 1459 1460 1461 1463 1464 1465 1466 1467 1468 1469 1470 1472 1473 1474 1475 1476 1477 1478 1479 1480 1481 1482 1483 1484 1485 1488 1489 1490 1491 1492 1493 1495 1496 1497 1498 1502 1503 1504 1505 1506 1507 1508 1509 1511 1512 1513 1514 1515 1516 1517 1518 1519 1520 1521 1522 1523 1524 1525 1526 1527 1528 1529 1530 1531 1532 1533 1534 1535 1536 1537 1538 1539 1540 1541 1542 1543 1544 1546 1547 1548 1550 1551 1552 1553 1554 1555 1557 1558 1559 1560 1561 1562 1563 1566 1567 1568 1569 1570 1571 1573 1574 1575 1576 1577 1580 1581 1582 1583 1584 1585 1586 1587 1588 1589 1593 1594 1595 1597 1599 1600 1601 1602 1603 1604 1606 1608 1609 1610 1611 1614 1615 1616 1617 1618 1619 1620 1621 1623 1624 1627 1629 1631 1632 1633 1634 1635 1636 1637 1638 1639 1640 1642 1645 1646 1649 1651 1653 1654 1655 1656 1657 1658 1659 1664 1665 1666 1667 1669 1670 1671 1672 1674 1681 1683 1686 1687 1688 1690 1691 1692 1694 1695 1697 1698 1699 1700 1701 1702 1705 1706 1711 1712 1713 1714 1716 1718 1719 1720 1721 1722 1723 1726 1728 1729 1730 1731 1732 1733 1734 1735 1736 1738 1743 1744 1745 1747 1749 1750 1751 1753 1756 1757 1758 1759 1760 1761 1762 1763 1764 1766 1767 1768 1770 1771 1772 1774 1775 1776 1777 1778 1779 1780 1781 1782 1783 1784 1785 1786 1787 1788 1789 1790 1791 1794 1795 1796 1797 1803 1805 1807 1808 1810 1811 1812 1813 1814 1816 1817 1818 1821 1823 1825 1826 1831 1835 1836 1837 1839 1840 1841 1842 1843 1846 1847 1848 1853 1854 1855 1856 1858 1859 1861 1862 1863 1864 1865 1868 1870 1871 1877 1878 1879 1880 1881 1883 1884 1885 1887 1888 1890 1894 1899 1900 1901 1902 1903 1904 1906 1907 1908 1914 1915 1916 1917 1918 1919 1920 1921 1923 1924 1925 1929 1930 1931 1932 1933 1934 1935 1936 1937 1939 1940 1941 1942 1944 1945 1946 1947 1948 1950 1951 1952 1953 1954 1957 1958 1959 1960 1961 1962 1963 1964 1965 1967 1969 1970 1971 1974 1975 1976 1977 1978 1979 1980 1981 1983 1985 1991 1992 1993 1994 1995 1996 2003 2004 2007 2008 2009 2010 2011 2012 2014 2015 2016 2024 2025 2026 2027 2028 2029 2030 2031 2032 2033 2035 2037 2038 2039 2041 2042 2043 2044 2045 2046 2048 0
1 3 4 5 8 9 10 11 12 13 14 15 20 21 23 25 26 29 31 0

87
1 2 3 4 5 6 8 9 10 11 13 17 18 21 22 23 24 25 26 27 29 30 31 33 35 36 37 38 39 40 41 42 43 45 47 48 49 51 52 53 54 55 58 59 61 62 64 65 67 68 69 70 71 72 73 76 77 78 79 81 82 83 84 85 86 88 89 90 92 93 94 95 97 99 100 101 103 104 105 106 107 108 109 110 111 113 114 115 116 117 118 119 120 121 123 125 126 127 129 130 131 132 134 135 136 139 140 141 143 145 146 148 149 150 151 152 154 156 157 158 159 161 162 163 164 165 167 168 170 171 172 173 174 176 177 179 181 182 183 184 186 187 189 192 193 195 196 198 200 201 203 204 206 207 208 209 212 213 214 217 219 220 222 223 224 225 227 230 231 232 233 234 235 237 238 239 240 241 242 243 244 245 246 247 248 249 250 251 252 253 254 255 256 257 259 261 262 263 264 266 268 269 270 271 272 273 274 275 278 279 281 284 285 286 287 288 289 290 293 294 296 297 298 299 300 301 302 303 305 306 307 308 309 310 311 312 313 314 315 317 318 319 320 321 322 323 325 326 327 328 329 333 335 336 337 338 339 340 341 342 343 344 345 347 348 350 351 352 353 354 356 357 358 359 362 363 364 365 367 368 369 370 371 372 373 375 378 379 380 383 384 385 386 387 388 390 391 394 395 396 398 399 400 404 408 409 410 411 412 413 415 416 420 421 422 423 424 426 427 428 429 430 431 432 433 434 436 438 439 440 441 442 443 444 445 446 447 448 449 450 451 457 458 459 460 462 463 464 465 466 468 469 470 471 472 473 474 475 476 477 478 479 480 481 482 483 484 485 487 490 491 495 496 498 499 500 501 502 503 508 510 511 512 513 514 518 519 520 521 522 523 529 530 532 534 535 536 537 538 539 540 541 542 543 545 546 547 548 549 550 551 552 553 554 555 556 558 559 562 563 564 565 567 568 569 570 571 572 575 577 578 579 580 581 582 583 585 587 588 591 594 595 596 597 598 599 602 604 606 607 609 610 611 612 613 614 616 617 619 620 622 623 626 627 629 631 633 636 637 638 639 640 642 643 644 647 650 651 653 654 655 658 659 660 662 665 666 667 669 671 672 674 675 676 678 680 684 686 690 691 692 693 698 699 700 701 703 706 707 708 709 710 711 714 715 716 718 719 722 723 727 728 729 730 731 732 733 734 735 738 739 741 742 743 744 745 746 749 750 751 752 753 755 757 765 766 767 768 769 770 771 772 773 774 775 776 777 778 779 780 781 782 783 784 785 787 788 789 790 791 792 793 794 795 797 800 801 802 803 804 805 806 809 810 811 813 816 818 819 820 821 822 823 824 825 826 827 828 829 831 832 834 835 836 838 839 840 841 842 843 844 846 847 849 850 851 853 854 855 856 857 858 859 861 862 864 866 867 868 872 873 874 875 876 877 878 880 881 882 883 884 886 887 888 889 890 894 895 896 898 899 900 902 903 905 906 908 909 911 912 913 914 915 916 918 919 920 921 923 925 926 927 930 931 932 933 934 935 936 937 938 939 940 941 942 943 944 946 947 949 950 951 952 953 954 955 956 957 958 963 964 966 967 968 969 970 971 972 974 975 976 979 980 981 983 984 985 986 994 995 997 998 999 1000 1001 1002 1003 1004 1005 1006 1007 1008 1009 1010 1011 1012 1013 1014 1015 1016 1017 1018 1019 1020 1021 1022 1023 1024 1025 1026 1031 1032 1035 1036 1038 1041 1042 1043 1044 1045 1046 1047 1048 1049 1050 1051 1052 1053 1054 1055 1056 1057 1058 1059 1060 1063 1064 1065 1066 1067 1069 1070 1071 1073 1074 1075 1078 1079 1082 1084 1085 1086 1087 1089 1090 1092 1093 1094 1095 1096 1097 1098 1099 1102 1103 1104 1105 1107 1108 1109 1110 1111 1112 1113 1114 1115 1116 1119 1120 1121 1122 1123 1124 1125 1126 1128 1130 1132 1134 1138 1139 1140 1142 1143 1144 1145 1146 1147 1148 1150 1151 1153 1154 1155 1156 1157 1158 1159 1161 1164 1165 1166 1167 1169 1170 1171 1172 1174 1175 1177 1178 1179 1182 1183 1185 1186 1187 1188 1189 1190 1191 1192 1193 1194 1195 1196 1198 1199 1201 1203 1204 1205 1206 1207 1209 1210 1211 1212 1213 1214 1215 1217 1220 1222 1223 1224 1225 1226 1227 1228 1229 1230 1232 1233 1234 1235 1238 1243 1244 1247 1248 1249 1250 1251 1252 1253 1254 1255 1256 1257 1258 1259 1260 1261 1262 1263 1265 1266 1267 1268 1269 1270 1271 1272 1273 1274 1275 1276 1281 1282 1283 1284 1285 1286 1287 1288 1289 1290 1291 1292 1293 1294 1295 1296 1297 1298 1299 1302 1303 1304 1305 1306 1310 1313 1314 1317 1318 1320 1321 1322 1325 1328 1329 1331 1332 1334 1335 1336 1337 1338 1339 1345 1346 1349 1350 1353 1354 1355 1356 1357 1361 1362 1363 1364 1365 1366 1367 1368 1369 1370 1371 1372 1373 1377 1380 1381 1382 1384 1385 1386 1387 1389 1391 1392 1393 1397 1398 1400 1402 1404 1408 1409 1410 1411 1412 1413 1414 1415 1416 1418 1420 1421 1422 1424 1425 1428 1430 1431 1432 1433 1437 1439 1440 1441 1444 1445 1446 1447 1448 1449 1450 1451 1452 1453 1456 1457 1460 1462 1463 1465 1469 1470 1471 1472 1473 1476 1477 1479 1480 1481 1482 1483 1485 1486 1487 1488 1489 1492 1501 1502 1504 1505 1506 1511 1512 1513 1514 1517 1520 1521 1522 1523 1524 1525 1526 1527 1528 1533 1535 1537 1538 1539 1540 1542 1543 1545 1546 1547 1548 1550 1551 1552 1553 1554 1555 1556 1557 1559 1560 1561 1562 1564 1565 1566 1567 1568 1569 1570 1572 1573 1575 1576 1577 1578 1579 1580 1581 1582 1583 1585 1588 1590 1591 1593 1594 1595 1596 1598 1599 1601 1603 1604 1605 1606 1607 1609 1611 1614 1615 1616 1617 1620 1621 1622 1623 1624 1625 1626 1627 1628 1629 1630 1633 1634 1636 1638 1639 1640 1641 1642 1643 1644 1645 1646 1649 1651 1652 1653 1654 1655 1656 1658 1659 1661 1663 1664 1665 1666 1668 1669 1670 1671 1672 1674 1675 1678 1679 1680 1681 1682 1684 1685 1686 1687 1688 1689 1690 1691 1692 1693 1694 1695 1696 1697 1698 1699 1700 1701 1702 1703 1705 1706 1708 1709 1712 1713 1714 1715 1716 1717 1718 1719 1720 1723 1724 1727 1728 1729 1730 1731 1735 1736 1737 1738 1739 1740 1743 1744 1745 1746 1747 1749 1750 1752 1753 1754 1755 1756 1758 1759 1760 1761 1762 1763 1764 1765 1766 1767 1768 1769 1770 1771 1773 1774 1775 1776 1777 1779 1780 1782 1784 1785 1786 1787 1788 1793 1795 1796 1797 1803 1804 1806 1807 1808 1809 1810 1814 1815 1823 1824 1825 1826 1827 1831 1832 1833 1834 1835 1839 1840 1841 1847 1848 1849 1850 1851 1852 1856 1857 1862 1863 1864 1865 1867 1868 1871 1872 1873 1874 1875 1876 1879 1880 1883 1884 1886 1887 1888 1889 1890 1891 1892 1896 1898 1899 1900 1902 1903 1904 1905 1906 1907 1908 1909 1911 1915 1916 1918 1919 1920 1921 1922 1923 1924 1927 1929 1931 1932 1933 1934 1935 1936 1938 1939 1940 1943 1945 1946 1947 1950 1951 1952 1954 1955 1956 1961 1962 1963 1964 1966 1967 1968 1970 1971 1972 1974 1975 1976 1977 1980 1981 1984 1987 1993 1994 1995 1996 2007 2008 2011 2012 2022 2023 2024 2025 2026 2027 2028 2038 2039 2040 2041 2042 2043 0
1 2 3 4 5 6 10 12 13 15 21 23 28 29 31 32 0

88
1 2 3 4 5 6 7 8 9 10 11 12 13 14 15 16 17 18 19 20 21 22 23 24 25 26 27 28 29 30 31 32 33 34 35 36 37 38 39 40 41 42 43 44 45 46 47 48 49 50 51 52 53 54 55 56 57 58 59 60 61 62 63 64 65 66 67 68 69 70 71 72 73 74 75 76 77 78 79 80 81 82 83 84 85 86 88 89 90 91 92 93 94 95 96 97 98 99 100 101 102 103 104 106 107 108 109 110 111 112 113 114 115 116 117 118 119 120 121 122 123 124 125 126 127 129 130 131 132 133 135 136 137 138 139 140 141 142 143 144 146 147 148 151 154 155 157 158 159 160 162 163 165 166 167 169 171 172 173 174 175 176 177 178 179 181 183 185 187 188 189 190 191 192 193 194 195 196 197 198 199 200 201 202 203 204 205 206 207 208 209 210 211 212 213 214 217 218 219 220 221 222 223 224 226 227 228 230 231 232 233 234 236 237 238 239 241 242 243 244 245 246 247 248 249 250 251 252 253 254 255 256 257 258 259 260 261 262 263 264 265 266 267 268 269 270 271 272 273 275 276 278 280 281 284 286 287 288 289 290 291 292 294 298 299 301 302 303 304 305 306 307 308 309 312 314 315 316 317 319 320 321 322 323 325 326 327 328 329 330 331 335 336 337 338 339 340 341 342 343 344 345 346 347 349 350 351 352 353 356 357 358 359 360 361 362 363 364 366 367 368 369 372 373 374 375 377 378 379 380 381 382 383 384 385 386 387 388 389 390 391 392 394 395 396 397 399 400 401 402 403 404 406 407 409 410 411 412 413 415 416 417 418 419 420 421 422 423 425 428 431 432 433 435 438 439 440 441 442 443 444 445 446 447 448 449 450 451 452 455 456 457 458 459 460 461 462 463 464 465 466 467 468 469 472 473 474 476 477 478 479 480 481 482 483 484 485 488 489 490 491 492 493 494 495 496 497 498 499 501 502 504 505 506 507 509 510 511 512 513 514 515 516 517 518 519 520 521 522 523 524 525 526 527 528 529 531 532 533 534 535 536 537 538 539 540 541 544 545 547 549 550 551 552 553 554 555 556 558 560 561 569 571 572 574 575 577 578 580 582 583 589 590 593 595 596 597 598 599 601 602 603 604 606 608 609 611 612 613 614 615 616 617 618 619 620 621 624 625 626 629 630 631 632 633 634 635 636 637 638 643 644 645 646 647 648 649 650 651 652 653 654 655 656 657 658 660 661 662 663 664 666 667 668 669 671 674 675 677 678 679 682 683 684 685 686 687 690 691 692 693 694 695 696 697 698 699 700 701 702 703 706 707 708 709 710 712 713 714 715 717 718 719 721 722 723 724 725 727 728 729 730 731 732 733 735 736 738 739 740 743 744 745 746 747 748 749 750 751 752 753 754 756 757 759 760 761 762 763 766 767 769 770 771 772 773 774 775 776 777 778 779 780 781 782 783 784 786 787 788 789 791 792 793 795 796 797 798 799 800 801 809 811 812 813 814 815 816 818 820 824 825 826 827 831 832 833 834 837 838 839 840 841 842 843 844 845 846 848 849 850 851 852 853 854 855 856 857 858 859 860 861 862 864 865 866 867 868 869 870 872 873 874 875 876 877 878 879 880 882 883 884 885 886 888 889 890 891 892 894 895 896 897 898 899 900 901 903 905 906 907 908 909 910 911 912 913 914 915 916 917 918 919 920 921 923 924 925 926 927 928 929 930 933 934 936 937 938 939 940 941 943 945 946 947 948 949 950 951 952 953 954 955 956 957 959 960 961 962 963 966 967 968 969 970 971 972 973 974 975 977 978 979 981 982 983 984 985 986 987 988 989 990 991 992 993 994 995 996 997 998 999 1000 1001 1004 1005 1006 1007 1008 1009 1010 1011 1012 1013 1014 1015 1016 1017 1018 1019 1020 1021 1022 1023 1024 1025 1026 1027 1028 1029 1030 1031 1032 1033 1034 1035 1037 1038 1039 1040 1041 1042 1043 1044 1045 1046 1047 1048 1049 1050 1051 1052 1053 1054 1055 1056 1057 1058 1059 1060 1061 1062 1063 1064 1066 1067 1071 1072 1073 1074 1075 1076 1077 1078 1079 1080 1081 1082 1083 1085 1086 1087 1088 1089 1090 1091 1092 1093 1094 1095 1096 1097 1098 1099 1100 1101 1103 1104 1105 1106 1107 1108 1109 1110 1111 1112 1115 1116 1117 1118 1119 1120 1121 1122 1123 1124 1125 1126 1127 1128 1129 1130 1132 1134 1135 1136 1137 1138 1139 1140 1141 1144 1145 1146 1147 1148 1149 1150 1151 1152 1153 1154 1155 1156 1157 1159 1161 1162 1164 1165 1166 1168 1169 1170 1171 1172 1176 1178 1179 1180 1181 1182 1183 1184 1186 1187 1188 1189 1190 1191 1192 1193 1194 1198 1199 1200 1201 1202 1203 1206 1208 1209 1210 1211 1212 1213 1214 1215 1216 1219 1220 1221 1222 1223 1224 1225 1226 1227 1228 1229 1230 1232 1234 1235 1236 1237 1238 1240 1244 1245 1249 1250 1251 1253 1254 1255 1256 1257 1265 1266 1268 1270 1271 1272 1273 1274 1275 1276 1277 1279 1280 1281 1282 1283 1284 1285 1286 1287 1288 1289 1290 1291 1292 1293 1294 1295 1296 1297 1298 1299 1300 1302 1303 1304 1305 1306 1307 1308 1309 1310 1311 1312 1313 1314 1315 1316 1317 1318 1319 1320 1321 1322 1323 1324 1325 1326 1327 1328 1329 1330 1331 1332 1333 1334 1335 1336 1337 1338 1339 1340 1341 1342 1343 1344 1345 1346 1347 1348 1350 1351 1352 1353 1354 1355 1356 1357 1358 1359 1360 1361 1362 1363 1365 1366 1367 1368 1370 1372 1373 1374 1375 1376 1377 1378 1379 1380 1381 1382 1383 1384 1385 1386 1387 1388 1389 1390 1391 1392 1393 1394 1395 1396 1397 1399 1400 1402 1403 1404 1405 1406 1407 1408 1409 1410 1411 1412 1413 1416 1418 1419 1421 1422 1423 1424 1425 1426 1427 1428 1430 1432 1434 1435 1437 1438 1439 1440 1441 1442 1444 1445 1450 1451 1452 1456 1457 1458 1461 1463 1467 1469 1471 1472 1473 1474 1475 1478 1480 1481 1482 1483 1484 1486 1488 1489 1490 1491 1492 1493 1494 1495 1496 1497 1498 1500 1501 1502 1503 1504 1505 1506 1507 1508 1509 1511 1512 1513 1514 1515 1516 1517 1518 1519 1520 1521 1522 1523 1524 1528 1529 1530 1532 1533 1534 1535 1536 1537 1538 1539 1540 1541 1542 1543 1544 1545 1546 1547 1548 1549 1552 1553 1554 1555 1556 1557 1560 1561 1562 1563 1564 1565 1566 1568 1569 1570 1571 1572 1573 1574 1575 1576 1578 1579 1580 1581 1582 1583 1584 1585 1586 1587 1588 1589 1593 1594 1596 1597 1598 1599 1600 1601 1602 1603 1604 1605 1606 1607 1608 1610 1611 1612 1614 1615 1616 1617 1618 1620 1621 1622 1625 1627 1628 1629 1630 1631 1632 1633 1634 1635 1636 1637 1638 1639 1640 1641 1642 1643 1644 1646 1647 1648 1649 1650 1651 1652 1653 1654 1656 1657 1658 1659 1660 1661 1662 1663 1664 1665 1666 1667 1668 1669 1670 1671 1673 1674 1675 1676 1677 1678 1679 1681 1682 1683 1684 1685 1686 1687 1688 1690 1691 1693 1694 1695 1696 1697 1698 1699 1700 1701 1702 1703 1704 1705 1706 1708 1709 1710 1711 1712 1713 1714 1715 1716 1717 1718 1720 1721 1722 1723 1725 1726 1727 1729 1731 1732 1733 1734 1735 1736 1737 1738 1740 1741 1744 1745 1746 1747 1748 1749 1750 1752 1753 1754 1755 1756 1757 1760 1761 1764 1765 1766 1767 1768 1770 1772 1773 1774 1776 1777 1782 1783 1784 1785 1786 1787 1788 1789 1790 1792 1793 1794 1795 1796 1797 1798 1799 1800 1801 1802 1803 1804 1805 1806 1807 1808 1809 1810 1811 1812 1813 1814 1815 1816 1817 1818 1819 1820 1821 1822 1823 1824 1825 1826 1827 1828 1829 1830 1831 1832 1833 1834 1835 1836 1837 1838 1839 1840 1841 1842 1843 1844 1845 1846 1847 1848 1849 1850 1851 1852 1853 1854 1855 1856 1857 1858 1859 1860 1861 1862 1863 1864 1865 1866 1867 1868 1869 1870 1871 1872 1873 1874 1875 1876 1877 1878 1879 1881 1882 1883 1884 1885 1886 1887 1888 1889 1890 1891 1892 1893 1894 1895 1897 1898 1899 1900 1901 1904 1905 1906 1907 1908 1909 1910 1911 1913 1914 1915 1918 1920 1921 1922 1925 1926 1929 1930 1931 1933 1934 1935 1937 1938 1941 1943 1945 1946 1950 1951 1953 1954 1956 1957 1959 1961 1962 1966 1967 1969 1970 1971 1973 1974 1975 1976 1977 1978 1979 1981 1982 1983 1985 1986 1987 1988 1989 1990 1991 1993 1994 1995 1997 1998 1999 2000 2001 2002 2003 2004 2005 2006 2007 2008 2012 2015 2016 2018 2019 2020 2022 2024 2025 2032 2038 2039 2040 2041 2042 2043 2044 2048 0
1 3 4 5 6 7 8 11 12 14 16 17 18 19 21 22 23 25 28 32 0

89
1 2 3 4 5 6 7 8 9 10 11 12 13 14 15 17 18 19 20 21 22 23 24 25 26 27 28 29 30 32 33 35 36 38 39 40 41 42 43 44 45 48 49 50 51 53 54 55 56 58 59 60 61 62 64 65 67 70 71 72 73 75 76 77 78 79 80 81 82 83 84 85 87 88 90 93 94 95 97 99 100 102 103 104 105 106 107 110 111 113 115 117 118 119 120 121 122 123 127 128 129 132 133 134 135 137 138 139 142 143 144 145 148 149 151 153 154 156 157 159 160 161 164 165 166 167 170 171 172 175 176 177 178 180 181 182 184 185 187 188 189 191 192 193 194 196 197 198 199 201 203 204 205 206 207 209 210 211 212 214 215 216 217 218 219 221 222 223 224 225 227 228 229 230 231 234 235 237 238 240 241 242 243 244 245 246 247 249 250 251 252 253 254 255 256 257 258 259 260 261 262 263 264 265 266 269 271 272 273 274 276 279 280 282 284 285 286 288 289 290 293 294 295 298 299 301 303 304 307 308 309 310 311 312 313 316 319 321 322 323 324 327 328 329 330 331 332 333 336 337 338 339 340 342 344 348 349 350 354 355 356 358 359 360 363 365 366 367 369 370 372 373 375 377 380 381 383 385 388 390 391 392 393 394 396 397 398 399 401 402 403 404 405 406 407 411 412 413 414 415 416 417 418 419 421 422 423 424 425 426 429 430 431 433 435 436 437 438 440 441 442 443 444 446 448 449 450 453 454 455 457 459 460 462 463 464 465 471 472 473 476 477 480 481 484 485 486 487 488 489 490 491 493 494 495 496 497 500 501 502 504 505 506 508 510 511 512 513 514 515 517 518 519 520 521 522 523 525 528 529 530 533 535 536 539 541 542 543 544 545 546 547 550 551 552 554 557 559 560 562 563 564 565 566 567 568 569 571 572 573 583 584 585 587 588 591 594 595 596 597 598 599 600 601 602 604 606 607 608 610 611 612 613 614 615 616 617 623 626 627 628 629 630 631 632 636 637 645 646 647 649 651 652 656 657 660 662 663 664 666 667 668 669 673 679 680 682 683 684 685 686 687 689 691 697 698 699 700 701 702 704 705 707 708 711 712 713 715 716 717 718 719 720 722 723 724 725 728 729 730 731 732 733 736 737 738 741 742 744 745 746 747 748 752 754 755 756 757 758 759 760 761 762 768 769 770 771 772 773 774 775 778 779 780 781 782 783 784 786 790 791 793 795 796 798 799 801 808 811 812 813 814 815 816 817 818 819 821 823 824 825 826 827 830 831 832 835 836 838 839 842 844 845 846 852 853 854 859 860 861 862 864 866 867 870 873 874 875 879 882 883 885 886 887 888 890 892 893 894 897 898 899 900 902 903 904 908 909 913 915 917 918 919 920 926 927 929 931 933 934 935 936 937 938 939 941 942 943 947 948 949 951 952 956 957 962 963 964 965 966 967 968 969 970 971 972 973 974 975 976 979 980 981 982 983 984 985 986 987 988 989 993 994 995 996 997 998 999 1000 1001 1005 1009 1010 1011 1012 1013 1014 1015 1016 1017 1018 1019 1020 1021 1022 1023 1028 1029 1030 1032 1033 1034 1035 1036 1039 1040 1041 1045 1046 1047 1051 1052 1053 1054 1055 1056 1057 1062 1066 1067 1068 1069 1070 1073 1074 1080 1082 1083 1084 1085 1086 1087 1088 1089 1090 1091 1092 1093 1096 1098 1099 1100 1101 1102 1105 1106 1107 1108 1109 1110 1111 1112 1115 1118 1121 1122 1123 1124 1127 1129 1130 1131 1132 1133 1137 1138 1139 1140 1145 1147 1148 1149 1150 1153 1154 1155 1158 1160 1169 1173 1174 1175 1178 1179 1181 1191 1192 1193 1194 1195 1196 1201 1204 1205 1206 1208 1209 1210 1211 1212 1214 1216 1217 1220 1222 1223 1224 1226 1227 1228 1229 1230 1232 1233 1236 1238 1245 1248 1249 1250 1251 1252 1253 1254 1256 1257 1258 1259 1260 1264 1265 1266 1270 1271 1272 1273 1274 1275 1276 1277 1278 1279 1280 1282 1283 1284 1285 1286 1287 1288 1290 1291 1292 1293 1294 1295 1296 1299 1300 1301 1302 1303 1304 1305 1306 1307 1308 1310 1312 1317 1321 1322 1323 1324 1325 1326 1327 1328 1333 1340 1344 1347 1348 1353 1354 1355 1356 1357 1358 1359 1360 1361 1362 1363 1369 1370 1371 1373 1376 1377 1378 1380 1381 1382 1383 1384 1385 1386 1392 1394 1396 1398 1399 1400 1407 1408 1414 1415 1416 1419 1420 1421 1422 1423 1424 1426 1427 1428 1429 1430 1431 1432 1433 1435 1436 1437 1438 1439 1440 1442 1443 1444 1445 1447 1448 1450 1451 1454 1455 1456 1459 1460 1461 1464 1465 1466 1467 1468 1469 1470 1471 1472 1473 1477 1478 1479 1480 1481 1482 1483 1484 1488 1489 1494 1495 1497 1498 1499 1500 1501 1502 1503 1504 1507 1508 1510 1515 1516 1517 1518 1519 1520 1521 1522 1523 1525 1526 1527 1529 1530 1531 1532 1534 1535 1536 1537 1540 1541 1543 1545 1547 1548 1549 1551 1552 1553 1554 1557 1558 1559 1560 1562 1563 1564 1567 1568 1569 1570 1571 1572 1575 1576 1578 1580 1582 1583 1584 1585 1588 1589 1590 1591 1592 1597 1598 1599 1600 1601 1603 1605 1606 1607 1608 1609 1612 1615 1617 1619 1623 1624 1626 1627 1630 1633 1634 1636 1637 1638 1639 1640 1641 1642 1643 1644 1645 1648 1649 1650 1651 1654 1655 1656 1657 1658 1659 1660 1662 1663 1665 1666 1668 1669 1670 1671 1672 1673 1674 1675 1676 1679 1680 1681 1682 1683 1684 1685 1686 1687 1689 1690 1691 1693 1695 1696 1697 1699 1700 1701 1705 1706 1707 1708 1709 1712 1713 1715 1716 1718 1719 1720 1722 1723 1725 1726 1728 1729 1730 1731 1732 1733 1734 1736 1737 1738 1740 1741 1742 1744 1745 1747 1750 1752 1753 1754 1755 1758 1759 1760 1761 1763 1765 1767 1768 1769 1770 1771 1772 1776 1777 1779 1782 1783 1784 1785 1786 1787 1789 1790 1793 1794 1795 1796 1798 1801 1803 1809 1810 1811 1812 1815 1816 1817 1823 1824 1825 1826 1827 1828 1829 1830 1831 1832 1839 1840 1842 1843 1844 1845 1846 1847 1848 1856 1862 1863 1864 1865 1869 1870 1871 1872 1878 1879 1880 1881 1882 1885 1886 1893 1894 1895 1896 1898 1901 1902 1909 1910 1911 1912 1915 1925 1926 1927 1928 1929 1930 1931 1932 1933 1937 1938 1939 1944 1945 1946 1947 1948 1949 1950 1952 1953 1954 1955 1962 1963 1964 1965 1966 1967 1968 1969 1970 1971 1975 1976 1980 1981 1982 1983 1986 1987 1990 1993 1994 1995 1996 1997 1998 1999 2008 2009 2010 2011 2012 2014 2015 2016 2017 2018 2022 2023 2024 2025 2026 2027 2028 2033 2034 2038 2039 2040 2041 2042 2043 2044 2045 2047 0
1 2 3 4 5 6 8 9 11 14 16 18 19 21 22 23 24 27 0

90
1 4 6 7 8 10 11 13 15 16 17 19 21 23 26 27 29 30 31 33 34 38 39 41 42 44 46 47 49 51 53 57 58 61 62 64 65 68 69 70 71 73 75 76 77 79 81 82 83 84 85 87 88 89 90 91 96 97 99 101 102 103 104 105 106 107 110 111 112 113 114 115 116 117 118 120 121 122 126 128 129 131 132 133 134 135 136 137 138 141 143 145 147 149 150 151 152 153 154 156 157 158 159 161 163 164 165 166 167 168 169 171 173 174 175 177 178 179 180 181 182 183 184 186 189 190 191 192 193 194 195 198 199 200 202 203 205 206 208 209 210 211 212 213 214 215 216 217 222 224 225 226 227 228 230 231 233 234 236 237 238 239 240 241 242 243 244 245 246 247 248 249 250 251 252 253 254 255 256 257 258 259 260 261 262 263 264 265 267 268 269 270 271 272 273 275 277 279 287 288 289 290 292 296 297 298 299 300 301 302 304 305 308 310 311 312 315 318 319 320 321 323 324 325 327 328 329 330 331 332 333 334 336 337 338 339 340 341 342 343 344 345 346 347 348 349 350 351 353 354 355 357 358 359 360 362 363 367 368 369 370 371 373 374 375 376 377 379 380 381 382 383 384 385 386 387 388 389 391 392 394 396 397 400 401 404 406 407 408 410 412 413 414 417 420 421 422 423 424 425 426 427 428 429 430 431 432 433 435 436 437 439 440 442 444 447 449 450 451 452 453 454 455 458 460 461 462 464 465 466 467 468 471 472 473 474 475 476 477 478 480 481 483 484 486 487 490 492 495 497 498 499 500 501 503 504 506 507 508 509 510 511 512 513 514 515 516 517 520 521 524 526 527 528 529 530 531 535 536 537 538 543 545 546 547 550 551 552 553 555 556 557 558 559 561 562 564 565 566 567 568 569 570 571 572 574 575 576 577 579 580 582 583 584 585 586 587 588 591 594 596 598 599 600 601 602 603 606 608 609 610 612 613 614 615 616 617 618 622 626 627 629 631 633 634 636 637 638 639 640 642 643 644 645 647 648 649 650 651 652 653 654 655 656 658 659 660 662 666 667 668 669 670 671 672 674 675 676 677 678 679 680 681 683 684 685 687 690 691 692 693 694 696 697 698 699 700 703 704 706 707 708 709 711 712 713 714 715 716 717 719 720 721 722 724 725 726 727 728 729 730 732 733 734 735 736 737 738 740 741 742 743 744 745 746 747 748 749 750 751 752 753 754 755 756 757 758 765 766 767 768 769 770 771 772 773 774 775 776 777 778 779 780 781 782 783 784 785 786 787 788 789 791 792 793 794 795 796 797 798 800 801 802 803 807 808 809 810 811 813 814 815 816 817 818 822 823 824 825 826 827 828 829 830 831 832 833 835 836 837 838 839 840 841 842 843 844 847 850 851 853 854 855 856 857 858 859 860 861 862 863 864 865 866 867 868 869 870 871 874 875 876 877 878 879 880 881 882 883 886 887 889 890 891 892 893 895 896 898 899 900 901 902 903 905 907 908 909 910 911 912 914 915 916 917 918 919 920 921 922 923 924 925 927 928 929 931 932 933 935 936 937 938 939 940 941 942 943 946 947 948 950 951 952 953 954 961 962 963 965 968 969 970 973 975 977 978 979 980 981 982 983 984 985 986 989 990 991 993 994 998 999 1000 1001 1004 1005 1006 1007 1008 1009 1010 1011 1012 1013 1014 1015 1016 1017 1018 1019 1020 1021 1022 1023 1024 1025 1027 1028 1029 1031 1032 1036 1038 1042 1043 1044 1045 1046 1048 1049 1051 1052 1053 1056 1057 1059 1060 1062 1063 1067 1068 1069 1070 1073 1074 1076 1077 1079 1080 1081 1082 1083 1084 1085 1087 1088 1090 1092 1093 1094 1096 1097 1098 1100 1102 1103 1104 1105 1106 1108 1109 1110 1112 1113 1114 1115 1116 1118 1119 1121 1122 1124 1125 1126 1127 1128 1129 1130 1131 1132 1134 1135 1136 1137 1138 1139 1141 1143 1144 1145 1146 1147 1153 1156 1158 1159 1161 1162 1163 1164 1165 1166 1167 1168 1169 1171 1173 1175 1176 1177 1178 1179 1180 1182 1183 1184 1185 1186 1187 1188 1190 1191 1192 1193 1194 1195 1196 1198 1201 1202 1206 1207 1209 1210 1211 1212 1213 1214 1215 1218 1219 1220 1221 1223 1224 1225 1226 1227 1229 1232 1233 1234 1235 1236 1238 1240 1241 1244 1245 1246 1247 1249 1250 1251 1252 1256 1257 1258 1259 1260 1261 1262 1263 1264 1265 1266 1267 1268 1269 1270 1271 1272 1273 1274 1275 1276 1277 1278 1279 1280 1281 1282 1283 1284 1285 1286 1287 1288 1289 1290 1292 1293 1294 1295 1296 1297 1299 1300 1301 1302 1304 1305 1310 1313 1315 1316 1319 1320 1321 1322 1323 1324 1326 1328 1329 1336 1337 1338 1339 1342 1345 1346 1351 1352 1353 1354 1355 1356 1359 1360 1361 1362 1365 1368 1369 1370 1371 1372 1373 1376 1377 1378 1380 1381 1382 1383 1384 1385 1386 1387 1388 1391 1392 1394 1397 1398 1399 1400 1401 1402 1403 1404 1405 1406 1407 1408 1410 1413 1415 1416 1417 1418 1419 1420 1421 1422 1424 1425 1428 1430 1431 1432 1433 1435 1436 1437 1438 1439 1440 1441 1442 1444 1446 1447 1448 1449 1450 1451 1452 1453 1454 1455 1456 1457 1460 1461 1462 1463 1464 1465 1466 1467 1468 1469 1470 1471 1472 1473 1475 1476 1477 1478 1483 1484 1485 1487 1488 1489 1490 1491 1492 1494 1495 1496 1497 1498 1499 1503 1504 1505 1508 1509 1511 1512 1514 1515 1516 1517 1518 1519 1520 1522 1523 1524 1525 1526 1527 1531 1533 1535 1536 1537 1539 1540 1541 1543 1545 1546 1548 1549 1550 1552 1553 1555 1556 1560 1561 1562 1563 1566 1569 1571 1572 1575 1576 1578 1579 1580 1582 1584 1585 1586 1587 1590 1592 1593 1594 1595 1596 1597 1599 1600 1601 1603 1604 1605 1606 1607 1608 1609 1610 1611 1612 1614 1615 1616 1617 1618 1619 1620 1621 1622 1623 1626 1627 1628 1630 1631 1633 1634 1636 1637 1638 1639 1640 1643 1644 1645 1646 1649 1650 1652 1653 1654 1656 1658 1659 1660 1661 1662 1665 1667 1668 1669 1670 1671 1673 1674 1675 1676 1677 1678 1680 1681 1683 1684 1685 1686 1687 1688 1689 1690 1691 1692 1693 1694 1695 1696 1697 1698 1699 1700 1701 1702 1703 1704 1706 1707 1708 1709 1711 1712 1713 1716 1717 1718 1719 1720 1721 1723 1724 1725 1727 1728 1729 1731 1732 1733 1734 1735 1737 1738 1739 1741 1745 1746 1747 1750 1752 1754 1755 1757 1758 1760 1761 1764 1765 1766 1767 1768 1769 1770 1771 1772 1773 1774 1777 1778 1780 1781 1782 1783 1784 1785 1786 1787 1788 1789 1790 1791 1792 1796 1797 1798 1802 1803 1804 1805 1806 1809 1813 1814 1815 1818 1819 1820 1821 1825 1829 1830 1836 1837 1838 1839 1841 1844 1845 1846 1847 1850 1851 1852 1854 1856 1857 1858 1862 1863 1864 1865 1866 1867 1871 1872 1874 1878 1879 1880 1881 1889 1890 1891 1894 1898 1899 1900 1902 1903 1906 1907 1908 1910 1911 1918 1924 1925 1927 1928 1929 1931 1932 1933 1934 1935 1936 1941 1944 1945 1947 1948 1949 1950 1951 1952 1958 1960 1961 1962 1963 1965 1966 1967 1968 1975 1976 1978 1979 1981 1982 1983 1984 1986 1988 1990 1991 1992 1993 1994 1995 1997 1998 1999 2000 2002 2003 2008 2010 2012 2013 2014 2015 2016 2018 2019 2027 2029 2030 2031 2032 2035 2036 2037 2038 2039 2040 2041 2042 2048 0
1 2 3 4 5 6 14 15 16 17 20 21 23 24 27 28 29 31 32 0

91
1 2 3 4 5 6 8 9 10 11 12 13 14 16 17 18 19 20 21 22 23 24 25 26 27 29 30 31 32 33 35 37 39 40 41 42 43 45 46 47 48 49 50 52 54 56 57 58 59 61 62 63 64 65 66 67 69 71 72 74 77 78 79 81 82 83 84 85 87 88 89 91 92 93 94 95 97 99 100 101 102 103 105 106 107 109 110 113 114 115 116 117 119 121 123 124 126 127 129 130 131 133 136 137 141 142 143 145 146 151 152 154 156 157 158 160 161 162 164 166 167 168 170 171 172 173 174 175 176 177 178 180 181 182 183 184 186 187 188 190 191 192 194 195 196 197 198 199 201 203 204 205 206 207 208 209 210 211 214 215 217 219 220 221 223 225 226 227 228 229 230 231 232 233 234 236 237 238 240 241 242 244 245 248 249 250 252 253 254 255 256 257 260 262 263 265 266 267 268 269 270 271 272 277 278 280 281 283 284 285 286 289 290 292 293 294 296 297 298 299 301 305 309 311 315 316 317 319 320 321 324 325 326 327 328 329 330 331 332 333 334 336 337 338 340 343 344 345 346 348 349 350 352 353 356 358 360 361 363 366 367 368 369 370 371 372 373 374 376 379 380 381 382 384 385 386 387 388 389 392 394 395 396 397 398 400 401 403 404 405 407 409 411 412 413 414 417 419 421 423 424 425 427 428 431 432 433 435 436 439 440 443 445 446 448 449 450 452 453 457 458 459 460 461 464 465 466 467 470 472 473 474 475 476 478 481 482 484 485 486 487 488 489 490 491 492 493 494 495 496 497 498 499 500 501 502 503 504 505 506 507 508 509 510 511 512 514 515 516 517 518 520 521 523 526 528 529 530 531 532 533 534 536 541 542 545 546 547 548 549 550 551 552 555 557 558 559 561 562 563 564 565 566 567 568 569 570 571 573 574 575 577 583 585 587 588 589 590 591 597 600 601 602 603 604 605 606 612 613 615 616 617 618 619 621 624 625 628 630 631 633 635 636 637 639 640 641 644 646 657 660 663 668 672 673 677 678 679 681 682 684 685 687 689 692 694 695 697 698 699 702 703 705 706 707 708 709 711 712 713 715 716 717 718 719 721 722 724 725 726 727 731 732 733 734 735 736 737 738 740 741 742 743 744 745 748 750 751 752 753 755 767 768 769 770 771 772 773 774 775 776 777 778 779 780 781 782 783 784 786 787 788 790 792 793 796 797 798 799 800 802 804 806 807 808 809 810 811 813 814 815 816 819 820 821 822 823 826 827 829 840 841 842 844 845 847 849 854 855 856 857 858 859 861 862 864 868 869 870 871 872 873 874 876 877 878 879 880 881 884 885 886 887 888 890 894 895 896 897 899 900 901 902 903 904 905 907 912 915 919 920 924 926 927 929 930 935 936 937 938 939 941 942 943 945 946 947 949 951 952 953 956 957 958 959 960 961 962 963 964 966 967 968 969 970 971 973 974 975 976 977 978 979 980 981 982 983 984 985 986 987 988 989 990 991 992 993 994 995 996 997 998 999 1000 1001 1002 1003 1004 1005 1006 1007 1008 1009 1010 1011 1012 1013 1014 1015 1016 1017 1018 1019 1020 1021 1022 1023 1024 1025 1026 1027 1028 1029 1030 1031 1032 1038 1039 1041 1042 1043 1044 1045 1048 1052 1053 1054 1055 1056 1057 1058 1059 1060 1061 1062 1063 1065 1070 1071 1073 1074 1075 1076 1077 1078 1079 1080 1082 1086 1087 1089 1090 1091 1092 1097 1098 1099 1100 1101 1102 1103 1104 1105 1108 1109 1110 1111 1112 1113 1114 1117 1118 1119 1120 1121 1125 1126 1127 1128 1129 1130 1131 1133 1134 1137 1138 1141 1145 1146 1149 1152 1153 1154 1161 1163 1164 1165 1166 1168 1169 1180 1181 1182 1185 1193 1194 1195 1196 1197 1201 1202 1205 1206 1208 1209 1210 1211 1212 1213 1214 1215 1216 1217 1218 1220 1221 1222 1223 1225 1226 1227 1229 1230 1231 1232 1233 1234 1235 1236 1237 1238 1239 1240 1241 1242 1243 1244 1245 1246 1247 1248 1249 1250 1251 1252 1253 1254 1255 1256 1257 1258 1259 1260 1261 1262 1263 1264 1265 1266 1267 1268 1269 1270 1271 1272 1273 1274 1275 1276 1277 1278 1279 1280 1281 1282 1283 1284 1285 1286 1287 1288 1289 1290 1291 1292 1293 1294 1295 1296 1297 1298 1310 1311 1313 1319 1320 1321 1322 1323 1324 1325 1328 1329 1334 1335 1336 1337 1338 1341 1349 1352 1353 1354 1356 1357 1361 1362 1364 1365 1366 1367 1368 1369 1370 1371 1372 1373 1377 1380 1381 1382 1383 1384 1385 1386 1387 1388 1389 1392 1393 1396 1397 1398 1399 1405 1408 1411 1413 1414 1416 1417 1418 1419 1421 1424 1429 1430 1431 1432 1436 1437 1440 1441 1445 1446 1447 1448 1449 1450 1453 1455 1456 1457 1459 1460 1461 1463 1464 1465 1467 1468 1469 1470 1471 1472 1473 1475 1476 1480 1481 1482 1484 1485 1486 1487 1488 1489 1490 1491 1492 1501 1504 1505 1506 1507 1509 1511 1512 1513 1514 1515 1516 1517 1520 1521 1522 1523 1524 1525 1526 1527 1528 1529 1530 1531 1532 1533 1534 1535 1536 1537 1538 1539 1540 1541 1543 1544 1551 1553 1554 1555 1556 1557 1558 1559 1560 1561 1565 1566 1567 1568 1569 1570 1571 1572 1573 1574 1577 1582 1583 1585 1586 1587 1588 1590 1591 1593 1594 1595 1596 1597 1598 1599 1601 1602 1603 1604 1605 1606 1607 1609 1612 1613 1614 1615 1616 1617 1622 1623 1624 1625 1627 1630 1633 1634 1635 1637 1639 1640 1641 1642 1643 1644 1645 1646 1649 1650 1651 1652 1653 1654 1655 1656 1658 1659 1661 1662 1664 1665 1666 1667 1668 1669 1671 1672 1673 1674 1675 1680 1681 1683 1684 1685 1686 1687 1688 1689 1690 1691 1696 1697 1698 1700 1701 1702 1703 1704 1705 1706 1707 1708 1710 1711 1712 1713 1714 1716 1717 1718 1720 1723 1724 1725 1726 1727 1728 1729 1730 1731 1732 1734 1736 1737 1740 1741 1742 1743 1744 1745 1746 1747 1748 1749 1751 1752 1754 1755 1756 1757 1758 1759 1760 1761 1762 1763 1764 1765 1767 1768 1772 1773 1774 1775 1776 1777 1778 1779 1780 1781 1782 1783 1784 1785 1786 1788 1792 1797 1798 1799 1800 1801 1802 1803 1804 1805 1806 1807 1808 1814 1815 1816 1817 1818 1819 1820 1822 1823 1824 1832 1833 1834 1835 1836 1839 1840 1841 1848 1850 1851 1852 1856 1857 1862 1863 1864 1865 1867 1868 1872 1873 1874 1875 1876 1878 1879 1880 1881 1882 1883 1884 1886 1887 1888 1889 1890 1891 1899 1900 1902 1903 1904 1905 1906 1907 1908 1909 1910 1911 1912 1913 1914 1915 1918 1919 1920 1922 1923 1924 1925 1926 1927 1928 1929 1930 1931 1934 1935 1936 1938 1939 1940 1941 1942 1943 1944 1945 1946 1947 1950 1951 1952 1954 1955 1956 1957 1958 1960 1967 1968 1970 1971 1979 1980 1987 1991 1992 1993 1994 2001 2002 2003 2007 2008 2009 2010 2016 2017 2018 2022 2023 2024 2025 2026 2027 2032 2033 2035 2036 2037 2038 2044 2045 2046 2047 2048 0
1 2 3 4 5 6 8 10 12 13 15 19 21 22 23 28 29 30 0

92
1 2 4 7 8 10 12 13 15 16 17 18 19 21 22 23 24 26 28 29 30 31 32 33 34 35 36 37 38 39 41 42 43 44 45 46 47 48 49 51 52 54 55 57 58 60 61 62 63 64 65 67 69 70 71 72 73 74 75 76 77 78 80 81 83 84 85 86 87 88 89 90 91 92 93 94 95 96 97 98 100 101 102 103 104 106 107 108 109 110 111 112 113 115 116 117 118 119 121 122 123 125 126 127 128 129 131 132 133 134 135 136 137 139 141 143 144 145 146 147 148 150 151 152 153 154 155 156 157 158 161 162 163 164 165 166 167 168 169 170 171 172 174 175 177 179 180 181 182 183 184 185 186 187 188 189 190 191 193 195 196 197 198 199 200 201 202 203 204 206 207 209 211 212 214 215 216 217 218 219 220 221 222 223 224 225 226 228 229 230 231 232 233 235 236 237 240 241 242 244 245 246 248 249 250 251 252 253 254 255 256 257 258 259 260 261 262 263 264 265 266 267 268 269 271 272 275 277 279 280 281 282 283 285 286 287 288 290 291 292 294 295 296 298 299 301 302 303 304 305 306 307 308 309 310 311 312 313 314 315 316 317 319 320 321 322 323 324 325 326 327 328 329 330 331 333 334 336 337 338 339 340 341 342 343 344 345 346 347 348 350 352 353 354 355 357 358 359 360 361 362 363 364 365 366 367 368 369 370 371 372 373 374 375 376 377 378 379 380 381 382 383 385 386 387 388 389 390 391 392 393 394 395 397 398 399 401 402 403 404 405 406 407 408 409 410 411 412 413 414 415 416 417 418 420 421 422 423 424 425 426 427 428 429 430 432 433 436 437 438 439 441 442 443 444 445 446 447 448 449 451 453 454 455 457 458 459 460 461 463 464 465 466 467 468 470 472 473 474 478 479 480 481 482 483 484 485 486 487 488 489 490 491 493 494 496 499 500 501 502 503 504 505 506 507 508 509 511 512 513 514 515 516 517 518 519 520 521 522 523 524 525 526 527 528 529 530 531 532 533 534 535 536 537 538 539 540 541 543 545 547 548 549 550 551 552 553 554 555 556 558 562 563 564 565 566 567 568 569 570 571 572 574 575 576 578 580 581 582 583 584 585 586 587 588 589 590 592 593 595 596 597 598 599 600 601 602 603 604 605 606 607 608 611 612 613 614 615 616 617 618 620 621 622 623 624 625 627 628 629 630 632 633 634 635 636 637 638 639 640 641 643 644 645 648 649 650 651 652 653 654 656 658 659 660 661 663 664 665 666 667 668 669 670 671 673 674 675 676 677 678 679 680 681 682 683 684 685 687 691 692 693 694 695 696 697 698 699 700 701 702 705 707 708 709 710 711 712 713 714 715 716 717 719 725 727 730 731 733 734 735 736 737 741 742 743 744 745 746 747 748 751 756 757 758 761 763 765 766 767 769 770 772 773 774 775 776 777 778 779 780 781 783 784 785 786 787 788 789 790 791 792 793 794 796 797 798 799 801 802 803 804 805 806 807 808 809 810 811 812 813 814 815 816 818 819 820 822 823 824 825 826 827 828 829 835 836 837 838 839 840 841 842 843 846 847 848 849 850 852 853 854 855 856 857 858 859 860 861 862 863 864 866 867 868 870 871 872 873 874 875 877 878 879 882 884 885 886 888 890 891 894 895 896 898 899 900 901 902 903 905 906 908 909 910 911 914 915 916 917 918 919 920 921 922 923 924 925 926 927 928 929 930 931 932 933 934 935 936 937 938 939 940 941 942 943 947 948 949 950 951 952 953 954 955 956 957 958 959 960 963 964 965 966 967 968 969 970 971 972 973 974 975 976 979 981 982 983 984 985 987 989 990 991 992 993 994 995 996 997 998 999 1000 1001 1002 1003 1004 1005 1006 1007 1008 1009 1010 1011 1012 1013 1014 1015 1016 1017 1018 1019 1020 1021 1022 1023 1024 1025 1026 1027 1028 1029 1030 1031 1032 1033 1034 1035 1036 1037 1038 1039 1041 1042 1043 1044 1045 1046 1047 1048 1049 1050 1051 1052 1053 1054 1055 1056 1058 1059 1060 1064 1065 1066 1067 1069 1073 1074 1075 1076 1077 1079 1080 1081 1083 1084 1085 1086 1088 1089 1090 1091 1092 1093 1094 1095 1096 1097 1099 1100 1102 1104 1105 1106 1107 1109 1110 1111 1112 1113 1114 1115 1116 1117 1121 1123 1124 1125 1126 1127 1128 1129 1130 1131 1132 1133 1134 1135 1137 1139 1140 1141 1142 1143 1144 1145 1146 1147 1148 1149 1150 1151 1152 1153 1155 1156 1157 1158 1159 1161 1162 1163 1164 1165 1166 1167 1168 1169 1170 1171 1172 1174 1175 1177 1178 1179 1180 1181 1182 1183 1185 1186 1187 1188 1189 1190 1191 1192 1193 1194 1196 1197 1198 1199 1201 1202 1203 1204 1205 1206 1207 1208 1209 1210 1211 1212 1213 1214 1215 1217 1220 1221 1222 1223 1224 1225 1226 1227 1228 1229 1230 1233 1234 1237 1238 1239 1240 1241 1242 1243 1244 1245 1252 1253 1254 1255 1256 1257 1258 1259 1260 1261 1262 1263 1264 1265 1266 1267 1268 1269 1270 1271 1272 1273 1274 1275 1276 1277 1278 1281 1282 1283 1284 1285 1286 1287 1288 1289 1290 1292 1293 1295 1296 1297 1298 1299 1300 1301 1304 1305 1306 1307 1308 1309 1310 1311 1312 1313 1315 1316 1317 1319 1320 1323 1324 1325 1326 1327 1328 1330 1331 1332 1333 1334 1336 1337 1338 1339 1341 1343 1344 1347 1348 1349 1350 1351 1352 1353 1354 1355 1356 1357 1358 1359 1360 1362 1363 1366 1367 1368 1369 1370 1371 1372 1373 1374 1375 1376 1377 1378 1381 1382 1384 1385 1387 1389 1390 1391 1392 1394 1395 1397 1398 1400 1402 1403 1404 1405 1406 1407 1408 1409 1410 1411 1412 1413 1414 1415 1416 1417 1418 1419 1420 1421 1422 1423 1424 1426 1427 1428 1429 1430 1431 1432 1433 1434 1435 1436 1437 1438 1439 1440 1441 1443 1444 1445 1446 1447 1448 1449 1450 1451 1452 1453 1454 1456 1457 1459 1461 1462 1463 1464 1465 1466 1467 1469 1470 1472 1473 1476 1479 1480 1481 1482 1483 1484 1485 1486 1487 1488 1489 1495 1496 1497 1498 1499 1500 1501 1502 1503 1504 1505 1506 1508 1509 1510 1511 1512 1513 1514 1515 1516 1517 1519 1522 1523 1524 1525 1526 1527 1528 1529 1530 1531 1532 1534 1535 1536 1537 1538 1539 1540 1541 1542 1543 1544 1545 1546 1547 1548 1549 1551 1552 1553 1554 1555 1556 1557 1558 1559 1560 1561 1562 1563 1564 1565 1567 1568 1569 1571 1572 1574 1575 1576 1577 1578 1579 1580 1581 1585 1587 1589 1590 1591 1592 1594 1595 1597 1599 1600 1601 1603 1604 1605 1606 1607 1608 1610 1611 1612 1614 1615 1616 1617 1619 1620 1621 1622 1623 1624 1625 1626 1627 1628 1629 1630 1631 1632 1633 1634 1635 1636 1637 1638 1639 1640 1643 1644 1645 1646 1647 1649 1650 1651 1652 1653 1654 1655 1656 1658 1659 1660 1661 1662 1663 1664 1665 1667 1668 1669 1670 1671 1672 1674 1675 1676 1677 1678 1679 1681 1683 1684 1685 1686 1687 1689 1690 1692 1693 1694 1695 1697 1698 1699 1700 1701 1702 1703 1705 1706 1707 1708 1709 1710 1711 1713 1715 1716 1717 1718 1719 1720 1721 1722 1723 1724 1725 1726 1729 1730 1732 1733 1734 1735 1736 1737 1738 1739 1740 1741 1744 1745 1747 1749 1750 1751 1752 1755 1759 1760 1761 1762 1763 1764 1765 1766 1767 1768 1769 1770 1771 1772 1773 1774 1775 1776 1777 1779 1780 1781 1783 1784 1785 1786 1787 1788 1789 1790 1791 1792 1793 1794 1795 1802 1803 1804 1805 1808 1809 1810 1811 1812 1813 1814 1815 1819 1820 1821 1822 1823 1824 1826 1836 1842 1844 1846 1847 1848 1849 1850 1851 1853 1854 1855 1856 1859 1862 1863 1864 1867 1868 1870 1871 1872 1874 1878 1880 1881 1882 1883 1884 1885 1888 1891 1892 1894 1895 1897 1901 1902 1903 1906 1907 1908 1909 1910 1911 1912 1913 1914 1916 1918 1919 1920 1924 1926 1928 1929 1930 1931 1933 1934 1935 1936 1940 1942 1944 1947 1948 1949 1950 1951 1952 1954 1955 1956 1957 1959 1960 1961 1965 1966 1967 1968 1970 1971 1972 1973 1974 1976 1977 1980 1981 1982 1983 1984 1986 1987 1988 1989 1990 1991 1992 1993 1994 1995 1996 1997 1998 2000 2002 2003 2004 2005 2006 2007 2010 2011 2012 2013 2014 2016 2017 2018 2019 2022 2023 2024 2028 2029 2030 2032 2033 2034 2035 2036 2037 2038 2039 2040 2041 2042 2043 2047 2048 0
1 2 3 8 9 11 12 13 14 15 19 21 23 25 27 29 0

93
1 4 6 7 9 10 11 15 16 17 18 19 20 21 22 23 24 25 26 27 28 29 30 31 32 33 34 35 36 37 38 39 40 41 42 44 45 46 47 48 49 50 51 52 53 54 55 57 58 59 60 61 62 63 64 65 66 67 68 69 70 71 72 73 74 75 76 78 79 80 81 82 83 84 85 86 87 88 89 90 91 92 93 94 95 96 97 98 99 100 101 102 103 104 105 106 107 108 109 110 111 112 113 114 115 116 117 118 119 120 122 123 124 125 126 127 128 129 130 131 132 134 135 136 137 138 139 140 141 142 143 144 145 146 147 148 149 150 151 152 153 154 156 157 159 160 161 162 164 165 166 167 168 169 170 171 172 173 174 175 176 177 178 179 180 181 182 183 184 185 186 187 188 189 190 191 192 193 194 195 196 197 198 199 200 201 202 203 204 205 206 207 208 209 210 211 212 213 214 215 216 218 219 220 221 222 223 224 225 226 227 228 229 230 231 232 233 234 235 236 237 238 239 240 241 242 243 244 245 246 247 248 249 250 251 252 253 254 256 257 258 259 260 261 262 263 264 265 266 267 268 269 270 271 272 273 274 275 276 277 278 279 280 281 282 283 284 285 286 287 288 289 290 291 292 293 294 295 296 297 298 299 300 301 302 303 304 305 306 307 308 309 310 311 312 313 314 315 316 317 318 320 321 322 323 324 325 326 327 328 330 332 333 334 335 336 337 339 340 341 345 346 347 348 349 350 351 352 353 354 355 357 358 359 360 361 362 363 364 365 366 367 368 369 371 372 373 374 375 376 377 378 379 380 381 382 383 384 385 386 387 388 389 390 391 392 393 394 395 396 397 398 399 400 401 403 404 405 406 407 408 409 410 411 412 413 414 415 416 417 419 420 421 422 424 426 427 428 429 430 431 432 433 435 437 438 439 440 443 444 445 446 448 449 450 451 452 453 454 455 457 458 459 460 461 462 463 464 465 466 468 469 470 471 472 473 474 475 476 477 478 480 481 482 483 488 489 490 491 492 493 494 496 497 498 499 500 501 502 503 504 505 506 507 508 509 510 511 512 513 514 515 516 517 518 519 520 521 522 523 524 525 526 527 528 529 530 531 532 533 534 535 536 537 538 539 540 541 542 543 544 545 546 547 548 549 550 551 552 553 554 555 556 557 558 559 560 561 562 563 564 565 566 567 568 569 570 571 572 573 574 575 576 577 578 579 580 581 582 583 584 585 586 587 588 589 590 591 592 593 594 595 596 597 598 599 600 601 602 603 604 605 606 607 608 609 610 611 612 613 614 615 616 617 618 619 620 621 622 623 624 625 626 627 628 629 630 631 632 634 635 636 637 638 639 640 641 642 643 644 645 646 647 648 649 650 651 652 653 654 655 656 657 658 659 660 661 662 663 664 665 666 668 669 670 671 672 673 674 675 676 677 678 679 680 681 682 683 684 685 686 688 689 690 691 692 693 694 695 696 697 698 699 700 701 703 704 705 706 707 708 709 710 711 712 713 714 715 716 717 718 720 721 722 723 724 725 726 727 728 729 730 731 732 734 735 736 737 738 739 740 741 742 743 744 746 747 748 749 750 751 752 753 754 755 756 757 759 760 761 762 763 764 766 767 768 769 770 771 772 773 774 776 777 778 779 780 781 782 783 784 785 786 787 788 789 790 791 792 793 794 795 796 797 798 799 800 801 802 803 804 806 807 808 809 810 811 812 813 814 815 816 817 818 819 820 821 822 824 825 826 827 828 829 830 831 832 833 834 835 836 837 838 839 840 841 842 843 844 845 846 847 848 849 850 851 852 854 855 856 857 858 859 860 861 862 864 865 867 868 869 871 872 873 874 875 877 878 879 880 881 882 883 884 886 887 888 889 891 892 893 894 895 896 897 898 899 900 902 903 904 905 907 908 909 910 912 913 914 915 916 917 918 919 920 921 922 923 924 925 926 927 928 929 930 931 932 933 935 936 937 938 939 940 941 942 943 944 945 946 947 948 949 950 951 952 953 954 955 956 957 958 959 960 961 962 963 964 965 966 967 968 969 970 971 972 973 974 976 977 978 979 980 981 982 983 984 985 986 987 988 989 990 991 992 993 994 995 996 997 998 999 1000 1001 1002 1003 1004 1005 1006 1007 1008 1009 1010 1011 1012 1013 1014 1015 1016 1017 1018 1019 1020 1021 1022 1023 1024 1025 1026 1027 1028 1029 1030 1031 1032 1033 1034 1035 1038 1042 1043 1044 1045 1046 1047 1048 1049 1050 1051 1052 1053 1054 1055 1056 1057 1058 1059 1060 1061 1062 1063 1064 1065 1066 1067 1068 1069 1070 1071 1072 1073 1074 1075 1076 1077 1078 1079 1080 1083 1084 1085 1086 1087 1088 1089 1090 1091 1092 1093 1094 1095 1096 1097 1098 1099 1100 1101 1102 1103 1104 1105 1106 1107 1108 1109 1110 1111 1112 1113 1114 1115 1116 1117 1118 1119 1120 1121 1122 1123 1124 1125 1126 1127 1128 1129 1130 1132 1133 1134 1135 1136 1137 1138 1139 1140 1141 1142 1143 1144 1145 1146 1147 1148 1149 1150 1151 1152 1153 1154 1155 1156 1157 1158 1159 1160 1161 1162 1163 1164 1165 1166 1167 1168 1169 1170 1171 1172 1173 1174 1175 1176 1178 1179 1180 1181 1182 1183 1184 1185 1186 1187 1188 1189 1190 1191 1192 1194 1195 1197 1198 1199 1200 1201 1202 1203 1204 1205 1206 1207 1208 1209 1210 1211 1212 1213 1215 1216 1217 1218 1219 1220 1221 1222 1223 1224 1225 1226 1227 1228 1230 1231 1232 1233 1234 1235 1236 1237 1238 1239 1240 1241 1242 1243 1244 1245 1246 1247 1248 1249 1250 1251 1252 1253 1254 1255 1256 1257 1258 1259 1260 1261 1262 1263 1264 1265 1266 1267 1268 1269 1270 1271 1272 1273 1274 1275 1276 1277 1278 1279 1280 1281 1283 1284 1286 1287 1288 1290 1291 1292 1293 1294 1295 1296 1297 1298 1299 1300 1301 1302 1303 1304 1305 1306 1307 1308 1309 1310 1311 1312 1313 1314 1315 1316 1317 1318 1319 1320 1321 1322 1323 1324 1325 1326 1327 1328 1329 1330 1331 1332 1333 1334 1335 1336 1337 1338 1339 1340 1341 1342 1343 1344 1345 1346 1347 1348 1349 1350 1351 1352 1353 1354 1355 1356 1357 1358 1359 1360 1361 1362 1363 1364 1365 1367 1368 1369 1370 1371 1372 1373 1374 1375 1376 1377 1378 1379 1381 1384 1385 1386 1387 1388 1389 1390 1391 1392 1393 1394 1395 1396 1397 1398 1400 1401 1402 1404 1405 1406 1407 1408 1409 1410 1411 1412 1413 1414 1415 1417 1418 1420 1421 1422 1423 1424 1425 1426 1427 1428 1429 1430 1431 1432 1434 1435 1436 1437 1438 1440 1441 1442 1444 1445 1446 1447 1450 1451 1452 1453 1454 1455 1456 1457 1458 1459 1460 1461 1462 1463 1464 1465 1466 1467 1468 1469 1470 1471 1472 1473 1474 1475 1476 1477 1478 1479 1480 1481 1482 1483 1484 1485 1486 1487 1488 1489 1490 1491 1492 1493 1494 1495 1496 1497 1498 1499 1500 1501 1502 1503 1504 1505 1506 1507 1508 1509 1511 1512 1513 1514 1515 1516 1517 1518 1519 1520 1521 1522 1523 1524 1525 1526 1527 1528 1529 1530 1531 1532 1533 1534 1535 1536 1537 1538 1539 1540 1541 1542 1543 1544 1545 1546 1547 1548 1549 1550 1551 1552 1553 1554 1555 1556 1557 1558 1559 1560 1561 1562 1563 1564 1565 1566 1567 1568 1569 1570 1571 1572 1573 1574 1575 1576 1577 1578 1579 1580 1581 1584 1585 1586 1587 1588 1589 1590 1591 1592 1593 1595 1596 1597 1599 1600 1601 1603 1604 1605 1606 1607 1609 1610 1611 1612 1613 1614 1615 1616 1617 1618 1619 1620 1621 1622 1623 1624 1625 1626 1627 1628 1629 1630 1632 1633 1634 1635 1636 1637 1638 1639 1640 1641 1642 1643 1644 1645 1646 1647 1648 1649 1650 1651 1652 1653 1654 1655 1656 1657 1658 1659 1660 1661 1662 1663 1664 1665 1666 1667 1668 1669 1671 1672 1674 1675 1676 1677 1678 1679 1680 1681 1682 1683 1684 1685 1686 1687 1688 1689 1690 1691 1692 1693 1694 1695 1696 1697 1700 1701 1702 1703 1705 1706 1707 1708 1709 1710 1711 1712 1713 1714 1715 1716 1717 1718 1719 1722 1723 1724 1725 1726 1727 1728 1729 1730 1731 1732 1733 1734 1735 1736 1737 1738 1739 1740 1741 1742 1743 1744 1745 1747 1748 1749 1750 1751 1752 1753 1754 1755 1756 1758 1759 1760 1761 1763 1765 1767 1768 1769 1770 1771 1772 1773 1774 1775 1776 1777 1778 1779 1780 1781 1782 1783 1784 1786 1787 1788 1789 1790 1791 1792 1793 1794 1795 1796 1797 1799 1800 1801 1802 1803 1804 1805 1806 1807 1808 1809 1810 1811 1812 1813 1814 1815 1816 1817 1818 1819 1820 1821 1822 1823 1824 1825 1829 1830 1831 1832 1833 1835 1836 1837 1838 1840 1841 1842 1843 1844 1845 1847 1848 1849 1850 1851 1852 1853 1854 1855 1856 1857 1858 1859 1860 1862 1865 1867 1868 1870 1871 1872 1873 1874 1875 1877 1878 1879 1880 1881 1882 1883 1884 1885 1886 1887 1888 1889 1890 1891 1892 1893 1894 1895 1896 1897 1898 1899 1901 1902 1903 1904 1905 1906 1908 1909 1910 1911 1912 1913 1914 1917 1918 1919 1920 1921 1922 1923 1924 1925 1926 1927 1929 1932 1933 1934 1935 1936 1937 1938 1939 1940 1941 1942 1943 1944 1947 1948 1950 1951 1952 1953 1954 1955 1956 1957 1958 1959 1960 1961 1962 1963 1964 1967 1968 1969 1970 1971 1972 1973 1975 1976 1977 1978 1979 1981 1982 1983 1984 1985 1986 1987 1988 1989 1990 1991 1992 1993 1994 1996 1998 1999 2000 2001 2002 2003 2004 2005 2006 2007 2008 2009 2010 2013 2014 2015 2016 2017 2018 2019 2020 2021 2022 2023 2026 2027 2028 2029 2030 2031 2032 2033 2034 2035 2036 2037 2038 2039 2040 2042 2044 2045 2046 2047 2048 0
1 2 3 4 5 6 9 10 11 12 14 17 18 19 21 23 24 25 26 29 30 0

94
1 2 3 4 5 6 7 8 9 10 11 12 13 14 15 16 17 18 19 20 21 22 23 24 25 27 28 29 30 31 32 33 34 35 36 37 38 39 40 42 43 44 45 46 47 48 49 50 51 52 53 54 55 56 59 60 61 63 64 65 66 67 68 69 70 71 72 73 75 76 77 79 80 81 82 83 84 85 86 87 88 89 90 91 92 93 95 96 97 98 99 100 101 102 103 104 105 106 107 108 109 110 112 113 114 115 116 117 118 120 121 122 123 124 125 126 128 129 130 131 132 133 134 135 137 139 140 142 143 144 145 146 147 150 151 152 153 154 155 156 159 160 161 162 163 166 167 169 170 171 173 174 175 176 177 178 179 180 182 184 189 190 191 192 193 194 195 196 197 198 199 200 201 202 203 204 205 206 207 208 209 210 211 213 214 215 216 217 219 220 221 222 223 224 225 226 227 228 229 230 231 232 233 235 236 237 239 240 241 242 243 244 245 247 248 249 250 251 252 253 254 255 256 257 258 259 260 261 263 264 265 266 267 268 269 270 271 272 273 274 275 276 277 278 279 281 282 284 285 287 288 289 290 291 292 293 296 298 299 300 301 302 303 304 305 306 307 308 309 310 311 312 313 314 315 316 317 318 319 320 321 322 323 324 325 326 328 329 330 331 332 333 335 337 338 339 340 342 343 344 345 346 347 348 349 350 351 352 353 354 355 356 357 358 359 361 362 363 364 365 366 367 368 369 370 372 375 377 378 380 382 383 384 385 386 387 388 390 392 393 394 395 396 397 398 399 400 401 402 403 404 405 407 408 410 411 414 415 416 417 418 419 420 422 424 426 427 428 429 430 431 432 433 434 435 437 438 440 441 442 443 444 445 446 447 448 449 450 451 452 453 455 456 457 458 460 461 462 464 465 466 469 470 471 472 473 474 475 476 477 478 479 480 481 482 483 484 485 486 487 488 489 491 492 493 496 497 498 499 500 501 502 503 504 505 506 507 509 510 511 512 513 514 515 516 517 518 519 520 521 522 523 524 525 526 527 528 529 530 531 532 533 534 535 536 537 538 539 540 541 543 544 545 546 547 548 549 550 551 552 553 554 555 556 557 558 559 560 561 562 563 564 565 567 568 569 570 571 572 573 574 575 576 577 578 579 580 581 582 583 584 585 586 587 588 589 590 591 592 593 594 595 596 597 598 599 600 601 602 603 604 605 607 608 609 611 612 614 615 617 618 619 620 621 622 623 624 625 626 627 628 629 630 631 632 633 634 635 636 637 638 639 640 641 642 643 644 645 646 647 648 649 650 651 652 653 654 655 656 657 658 659 660 661 662 664 666 667 668 669 670 671 672 673 674 675 676 677 678 679 680 683 684 685 686 687 688 689 690 691 692 693 694 695 697 698 699 700 702 703 704 705 706 707 708 709 710 711 712 713 714 715 716 717 718 719 720 721 722 723 724 725 726 727 728 729 730 731 732 733 734 735 736 737 738 739 740 741 742 743 744 745 746 748 749 750 751 752 753 754 755 756 757 758 759 760 762 763 764 766 767 768 769 770 771 772 773 774 775 776 777 778 779 780 781 782 783 784 785 788 789 790 791 792 793 794 795 796 797 798 799 800 801 803 804 805 806 807 808 809 810 811 812 813 814 815 816 817 818 819 820 821 822 825 826 827 828 829 830 831 832 833 834 835 836 837 838 839 840 842 843 844 845 846 847 848 849 850 851 852 853 854 855 856 857 858 862 864 865 866 867 868 869 871 872 874 876 877 878 879 880 881 882 883 886 887 888 889 890 891 892 893 894 895 896 897 898 899 900 903 904 906 907 908 909 910 911 912 913 914 915 918 919 921 922 924 926 927 928 929 930 931 932 933 934 935 936 937 938 939 940 941 942 943 944 945 946 947 948 949 950 951 952 953 954 955 956 957 958 959 960 961 962 963 964 965 966 967 968 969 970 972 973 974 976 977 979 980 981 982 983 984 985 986 987 988 989 990 991 993 994 996 997 999 1000 1001 1002 1003 1004 1005 1009 1010 1011 1012 1013 1014 1015 1016 1017 1018 1019 1020 1021 1022 1023 1024 1025 1026 1027 1028 1029 1030 1031 1032 1033 1034 1035 1036 1037 1038 1039 1040 1041 1042 1043 1044 1045 1046 1047 1048 1049 1050 1051 1052 1053 1054 1055 1056 1057 1058 1059 1060 1061 1062 1063 1064 1065 1066 1067 1068 1069 1070 1071 1072 1073 1074 1075 1076 1077 1078 1079 1080 1081 1082 1083 1084 1085 1086 1087 1088 1089 1090 1091 1092 1095 1096 1097 1098 1101 1102 1103 1104 1105 1106 1107 1108 1110 1111 1115 1117 1118 1119 1120 1121 1122 1123 1124 1125 1126 1127 1128 1129 1130 1131 1132 1133 1134 1135 1136 1137 1138 1139 1140 1142 1144 1145 1146 1147 1148 1149 1150 1151 1152 1153 1154 1155 1156 1157 1158 1160 1161 1162 1163 1164 1165 1166 1167 1168 1169 1170 1171 1173 1174 1176 1177 1178 1179 1180 1181 1182 1183 1184 1185 1186 1187 1188 1189 1190 1191 1192 1193 1194 1195 1196 1197 1200 1201 1202 1205 1206 1208 1210 1211 1212 1213 1216 1217 1218 1219 1220 1221 1222 1223 1224 1225 1226 1227 1229 1230 1231 1232 1233 1234 1235 1236 1238 1239 1241 1244 1245 1247 1248 1249 1250 1251 1252 1253 1254 1257 1258 1259 1262 1263 1264 1265 1266 1267 1268 1269 1270 1271 1272 1273 1274 1275 1276 1277 1278 1279 1280 1281 1282 1283 1284 1285 1286 1287 1288 1289 1290 1291 1292 1293 1294 1295 1296 1297 1298 1299 1300 1301 1302 1303 1304 1305 1306 1307 1308 1309 1310 1311 1312 1313 1314 1315 1316 1317 1318 1319 1320 1321 1322 1323 1324 1325 1326 1327 1328 1329 1330 1332 1333 1334 1335 1336 1337 1338 1339 1340 1341 1342 1343 1344 1345 1347 1348 1349 1350 1351 1352 1353 1354 1355 1357 1358 1359 1361 1363 1364 1365 1366 1367 1368 1369 1370 1371 1372 1373 1374 1375 1376 1377 1378 1380 1381 1382 1384 1385 1386 1387 1388 1389 1390 1391 1392 1393 1394 1396 1397 1402 1404 1405 1406 1407 1408 1409 1410 1411 1412 1413 1414 1416 1417 1418 1419 1422 1423 1424 1425 1426 1427 1428 1429 1430 1431 1432 1434 1435 1436 1437 1439 1440 1441 1442 1443 1444 1445 1447 1449 1450 1451 1452 1453 1454 1455 1456 1457 1458 1459 1460 1461 1462 1463 1464 1467 1468 1469 1472 1473 1474 1475 1476 1477 1478 1481 1484 1488 1489 1490 1491 1492 1493 1494 1495 1496 1497 1498 1499 1502 1504 1505 1506 1507 1509 1511 1512 1513 1514 1517 1519 1520 1521 1522 1523 1524 1525 1526 1527 1528 1530 1531 1532 1533 1534 1535 1536 1537 1538 1539 1540 1541 1542 1543 1544 1545 1546 1547 1548 1549 1550 1551 1552 1553 1555 1556 1557 1558 1559 1560 1561 1562 1563 1564 1565 1566 1567 1568 1569 1572 1573 1574 1575 1576 1577 1578 1579 1580 1581 1582 1583 1584 1585 1586 1587 1588 1589 1590 1591 1592 1593 1594 1595 1596 1597 1598 1599 1600 1601 1602 1603 1604 1606 1607 1608 1609 1610 1611 1612 1613 1614 1615 1616 1617 1618 1619 1622 1623 1624 1625 1626 1627 1628 1629 1630 1631 1633 1634 1635 1636 1638 1639 1640 1644 1646 1647 1649 1650 1651 1652 1653 1654 1655 1658 1661 1662 1663 1664 1665 1666 1667 1668 1669 1670 1671 1672 1673 1674 1677 1678 1679 1680 1681 1682 1683 1684 1685 1686 1687 1688 1689 1690 1691 1692 1693 1694 1695 1696 1697 1698 1699 1700 1701 1702 1703 1704 1705 1706 1707 1708 1709 1710 1711 1712 1713 1714 1715 1716 1717 1718 1720 1721 1722 1723 1724 1725 1726 1727 1728 1729 1730 1731 1732 1733 1734 1735 1736 1737 1738 1739 1740 1741 1742 1743 1745 1746 1747 1748 1749 1750 1751 1752 1753 1754 1755 1756 1757 1758 1759 1761 1762 1763 1764 1765 1766 1768 1771 1772 1773 1774 1775 1776 1777 1778 1779 1780 1781 1782 1783 1784 1785 1787 1788 1789 1790 1791 1792 1793 1794 1795 1796 1797 1798 1799 1800 1801 1802 1803 1804 1805 1806 1807 1808 1809 1810 1811 1812 1813 1814 1815 1817 1818 1819 1820 1821 1822 1823 1824 1825 1826 1827 1828 1829 1831 1832 1833 1834 1835 1836 1837 1838 1839 1840 1841 1842 1843 1844 1847 1848 1849 1850 1851 1852 1853 1854 1855 1856 1857 1858 1859 1862 1863 1864 1865 1866 1867 1868 1870 1871 1872 1873 1874 1875 1876 1878 1879 1880 1881 1882 1883 1884 1885 1886 1888 1889 1890 1893 1894 1896 1898 1899 1900 1901 1902 1905 1906 1907 1910 1911 1912 1913 1914 1915 1916 1917 1918 1921 1923 1924 1926 1929 1930 1931 1932 1933 1934 1937 1939 1940 1941 1942 1946 1947 1948 1949 1950 1953 1954 1955 1956 1957 1958 1963 1964 1965 1966 1967 1969 1970 1971 1972 1973 1974 1975 1976 1977 1978 1979 1980 1981 1982 1985 1986 1987 1988 1989 1990 1991 1992 1993 1994 1995 1998 1999 2000 2001 2002 2003 2004 2005 2006 2007 2008 2009 2010 2011 2013 2014 2015 2016 2017 2018 2019 2020 2021 2023 2024 2029 2030 2031 2032 2033 2034 2035 2036 2037 2042 2045 2046 2047 2048 0
1 2 3 4 6 8 10 11 12 14 15 16 17 18 19 20 21 23 25 26 27 0

95
1 2 3 4 5 7 8 9 10 11 12 13 14 15 16 17 18 19 20 21 22 23 24 25 26 28 30 31 32 33 34 35 36 37 38 40 41 42 43 44 46 47 49 50 51 52 53 54 55 56 58 59 60 62 63 64 65 66 67 68 69 70 71 72 73 74 75 76 77 78 79 80 81 82 84 85 86 87 88 89 90 91 92 93 94 95 96 97 98 99 100 101 102 103 104 106 107 108 109 110 111 112 113 114 115 116 117 118 119 120 121 123 124 125 126 127 128 129 132 133 134 135 136 137 138 139 140 141 142 143 144 145 146 147 148 149 150 151 152 153 154 155 156 157 158 159 160 161 162 163 164 165 166 167 168 169 170 171 172 173 174 175 176 177 178 179 180 181 182 183 184 185 186 187 188 189 190 191 192 193 194 195 196 197 198 199 200 201 202 203 204 205 206 207 208 209 210 211 212 213 214 216 218 219 220 221 222 223 224 225 226 227 228 229 230 231 232 233 234 235 236 237 238 239 240 241 242 243 244 245 246 247 248 249 250 251 252 253 254 255 256 257 258 259 260 261 262 263 264 265 266 267 268 269 270 271 272 273 274 275 276 277 278 279 280 281 282 283 284 285 286 287 288 289 290 291 292 293 294 296 297 300 301 303 304 305 306 307 308 309 311 312 313 314 315 316 317 318 319 320 321 322 323 324 326 327 328 331 332 333 334 336 337 338 339 341 342 343 344 345 346 347 348 349 350 351 352 353 354 355 356 357 358 359 360 361 362 366 367 368 369 371 372 373 374 375 376 377 378 379 380 382 383 384 385 386 387 388 389 390 391 392 395 396 397 398 399 400 401 402 403 404 405 406 407 408 410 411 412 413 414 415 416 417 420 421 422 423 424 426 427 428 429 430 431 432 433 434 435 436 437 438 439 441 443 444 446 448 449 450 451 453 454 455 456 457 458 459 460 461 462 463 464 465 466 467 468 469 470 471 472 473 474 476 477 478 479 480 481 483 484 486 487 488 489 490 492 493 494 495 496 497 498 499 500 501 502 503 504 505 506 507 508 509 510 511 512 513 514 515 516 517 518 519 520 521 522 523 524 525 526 527 528 529 530 531 532 533 535 537 538 539 540 541 542 543 544 545 546 547 548 549 550 552 553 554 556 557 559 560 561 562 563 564 565 567 568 569 570 571 572 573 574 575 577 579 580 581 582 583 584 587 588 589 592 593 595 596 597 598 599 600 601 602 604 605 609 610 611 612 613 614 615 616 617 618 620 621 624 625 626 627 628 629 630 631 632 633 634 635 636 637 638 639 640 641 642 643 644 645 646 647 648 649 650 651 652 653 654 655 657 658 659 661 663 664 665 668 669 670 671 673 674 675 676 678 679 680 683 684 685 688 689 690 691 692 693 694 695 697 698 699 700 705 706 707 708 709 710 711 712 713 714 715 716 718 719 720 721 722 723 724 725 726 727 730 734 736 737 739 743 745 748 751 753 754 755 756 757 758 759 760 761 762 763 764 765 766 767 768 769 770 771 772 773 774 775 776 777 778 779 780 781 782 783 784 785 786 787 788 789 791 792 793 794 796 797 798 801 802 803 804 806 807 808 809 810 812 814 815 816 817 818 819 820 821 823 824 825 826 827 828 830 831 832 833 834 835 836 837 838 839 840 841 842 843 844 845 846 847 848 849 850 851 852 853 854 855 856 857 858 859 860 861 862 863 864 865 866 867 868 869 871 872 873 874 875 876 877 878 879 880 881 882 883 884 885 886 887 888 889 890 891 892 893 894 895 896 897 898 899 900 901 902 903 904 905 906 907 908 909 910 911 912 913 914 915 916 917 918 919 920 921 922 923 924 925 926 927 928 929 932 933 934 935 936 937 938 939 940 941 942 943 944 945 946 947 949 950 951 952 953 954 955 956 957 958 960 961 962 963 964 966 967 968 969 970 971 972 974 975 976 977 978 979 980 981 982 983 984 985 986 987 988 989 990 991 992 993 994 997 998 999 1002 1004 1005 1008 1009 1010 1011 1012 1013 1014 1015 1016 1017 1018 1019 1020 1021 1022 1023 1024 1025 1026 1027 1028 1029 1030 1031 1032 1033 1034 1035 1036 1037 1038 1039 1040 1041 1042 1043 1044 1045 1049 1050 1052 1053 1054 1055 1056 1058 1059 1060 1061 1064 1065 1066 1069 1070 1071 1072 1073 1074 1075 1076 1077 1078 1079 1080 1081 1082 1084 1086 1087 1088 1089 1090 1091 1092 1093 1094 1095 1096 1097 1098 1099 1101 1102 1103 1105 1106 1108 1110 1111 1112 1113 1114 1115 1116 1118 1119 1121 1123 1124 1125 1126 1127 1128 1129 1130 1131 1132 1133 1134 1135 1136 1137 1138 1140 1141 1142 1143 1144 1146 1147 1148 1149 1150 1152 1153 1154 1155 1156 1157 1159 1160 1161 1163 1164 1165 1166 1167 1168 1169 1170 1171 1172 1173 1174 1175 1176 1177 1178 1179 1181 1182 1183 1184 1185 1186 1187 1188 1190 1191 1193 1194 1195 1196 1197 1201 1203 1204 1205 1207 1208 1210 1211 1212 1213 1214 1215 1216 1217 1220 1222 1223 1224 1225 1226 1227 1229 1230 1231 1232 1233 1235 1236 1237 1238 1240 1241 1242 1243 1245 1249 1250 1251 1257 1258 1259 1260 1262 1263 1264 1265 1266 1267 1268 1269 1270 1271 1272 1273 1274 1275 1276 1277 1278 1279 1280 1281 1282 1283 1284 1285 1286 1287 1288 1289 1290 1291 1292 1293 1294 1295 1296 1297 1298 1299 1300 1301 1302 1303 1304 1305 1306 1307 1308 1309 1310 1311 1312 1313 1314 1315 1316 1317 1318 1319 1320 1321 1322 1323 1325 1326 1327 1328 1329 1330 1333 1334 1336 1337 1338 1339 1341 1342 1343 1344 1345 1346 1347 1348 1349 1350 1351 1352 1353 1355 1356 1357 1358 1359 1360 1361 1362 1363 1364 1365 1366 1367 1368 1369 1370 1371 1372 1373 1374 1375 1376 1377 1378 1379 1380 1381 1382 1383 1384 1385 1386 1387 1388 1389 1390 1391 1392 1393 1394 1395 1397 1398 1399 1400 1401 1402 1404 1406 1408 1409 1410 1412 1413 1414 1415 1416 1417 1418 1419 1420 1421 1422 1424 1425 1426 1427 1428 1429 1430 1431 1432 1433 1434 1435 1436 1437 1439 1440 1441 1442 1443 1444 1445 1446 1447 1448 1449 1450 1451 1453 1454 1455 1456 1457 1458 1459 1460 1461 1462 1463 1464 1465 1466 1467 1469 1470 1471 1472 1473 1474 1475 1476 1477 1478 1479 1480 1481 1482 1483 1484 1485 1486 1487 1488 1489 1490 1491 1492 1493 1494 1495 1496 1497 1498 1499 1500 1501 1502 1503 1504 1505 1506 1507 1508 1509 1510 1511 1512 1513 1514 1515 1516 1517 1518 1519 1520 1521 1523 1524 1525 1526 1527 1528 1529 1530 1531 1534 1535 1537 1538 1539 1540 1542 1543 1545 1546 1547 1548 1549 1550 1552 1553 1554 1555 1556 1557 1558 1559 1560 1561 1562 1563 1564 1565 1566 1567 1568 1569 1570 1571 1572 1574 1575 1576 1577 1579 1580 1581 1582 1583 1584 1585 1586 1587 1588 1589 1590 1591 1592 1593 1594 1596 1597 1599 1601 1602 1603 1604 1605 1606 1608 1609 1610 1611 1612 1614 1616 1617 1618 1620 1621 1622 1623 1624 1625 1626 1627 1628 1631 1632 1633 1634 1635 1636 1637 1638 1639 1640 1641 1642 1643 1644 1645 1646 1648 1649 1650 1651 1652 1653 1654 1656 1657 1660 1661 1662 1663 1664 1665 1668 1670 1671 1672 1673 1674 1675 1677 1678 1679 1680 1681 1682 1683 1684 1685 1686 1687 1688 1689 1690 1691 1692 1693 1694 1695 1696 1697 1698 1699 1700 1701 1702 1703 1704 1705 1706 1707 1708 1709 1710 1711 1712 1713 1714 1716 1717 1718 1719 1720 1721 1722 1723 1724 1725 1726 1727 1728 1729 1730 1731 1732 1733 1734 1735 1736 1737 1738 1739 1741 1742 1743 1744 1745 1746 1747 1748 1750 1752 1753 1754 1755 1756 1757 1758 1760 1761 1762 1764 1766 1768 1769 1770 1771 1772 1774 1775 1776 1777 1779 1780 1783 1784 1785 1786 1788 1789 1790 1791 1792 1793 1794 1795 1797 1798 1801 1804 1805 1809 1810 1811 1813 1814 1815 1816 1817 1818 1819 1820 1821 1825 1826 1827 1828 1830 1831 1832 1833 1834 1835 1836 1837 1841 1843 1844 1845 1846 1850 1851 1852 1853 1856 1857 1859 1860 1861 1862 1863 1864 1865 1866 1867 1868 1869 1870 1871 1873 1875 1876 1877 1878 1879 1880 1881 1882 1883 1884 1885 1888 1889 1891 1892 1893 1894 1895 1896 1897 1898 1899 1900 1901 1904 1905 1907 1908 1910 1911 1912 1913 1914 1915 1916 1917 1918 1921 1923 1924 1925 1926 1927 1928 1929 1930 1931 1933 1934 1937 1939 1940 1941 1942 1943 1946 1949 1951 1953 1956 1957 1958 1959 1960 1961 1962 1963 1964 1969 1972 1973 1974 1975 1976 1977 1978 1979 1980 1984 1985 1988 1989 1990 1991 1992 1993 1994 1995 1996 1997 1998 1999 2000 2001 2003 2004 2005 2006 2007 2008 2009 2010 2011 2013 2014 2015 2016 2017 2019 2020 2021 2022 2023 2024 2025 2027 2028 2029 2030 2031 2032 2033 2038 2039 2040 2041 2042 2044 2045 2046 2047 2048 0
3 7 8 9 11 12 13 14 15 17 18 20 21 22 23 24 25 26 27 28 29 0

96
1 3 4 5 6 7 8 9 11 13 14 15 16 17 18 19 20 22 23 24 25 27 28 29 30 31 32 33 34 36 37 38 39 41 42 43 44 46 47 48 49 50 51 52 54 56 57 58 59 60 61 62 63 64 65 66 67 69 70 71 72 73 76 77 78 79 81 82 83 84 85 86 87 88 89 90 92 93 94 95 96 98 99 100 101 102 103 104 106 107 108 109 110 111 112 113 114 116 117 118 119 120 122 123 124 125 126 129 130 131 133 134 135 136 138 139 140 141 142 145 147 148 149 150 151 152 153 154 155 156 157 158 159 160 161 163 164 165 166 167 169 170 171 172 173 174 175 176 177 178 180 181 182 183 184 185 186 187 188 190 193 194 197 199 200 201 203 204 206 207 208 209 210 211 212 213 214 215 216 217 219 221 223 225 226 228 232 235 236 238 239 240 241 242 243 244 245 247 248 249 250 251 252 253 254 256 257 259 260 261 262 263 264 265 266 267 268 269 270 271 272 273 274 275 277 279 280 281 282 285 286 287 288 289 290 291 295 296 297 298 300 301 304 305 309 310 311 312 313 314 315 316 317 319 321 322 323 325 326 327 328 329 330 331 332 333 334 335 336 337 338 339 340 341 342 343 344 345 346 347 348 349 351 352 353 354 355 356 357 358 360 361 362 363 364 365 366 367 368 369 370 371 372 373 374 375 376 378 380 381 382 383 384 385 386 387 388 389 390 391 392 393 394 395 397 398 399 401 402 403 404 405 406 407 408 409 412 413 415 417 418 419 420 421 422 423 424 425 427 428 429 432 433 436 437 440 442 443 444 445 446 447 448 449 450 451 453 454 455 456 457 458 459 460 461 462 464 465 466 468 469 471 472 474 475 476 479 480 481 482 483 484 485 486 487 488 489 491 494 496 497 498 499 500 501 502 503 504 505 506 507 508 509 511 512 513 515 516 518 519 520 521 522 523 524 525 526 527 528 531 533 534 535 536 537 538 539 541 543 546 549 553 554 555 556 557 559 560 561 562 564 567 568 569 570 571 574 575 576 579 580 581 582 583 584 585 588 592 594 595 596 597 598 599 600 601 602 603 604 607 608 610 611 612 613 615 617 618 619 620 622 623 624 625 626 627 628 629 630 632 633 634 635 636 637 638 639 640 643 645 648 649 650 651 652 654 655 656 657 658 659 660 661 662 663 664 667 668 671 672 673 674 675 676 677 678 679 680 681 683 685 686 687 689 690 691 692 693 695 696 699 700 701 705 706 707 709 710 712 715 716 717 720 721 722 724 725 727 728 729 731 732 734 735 736 737 738 739 742 744 745 746 747 748 749 750 752 753 754 756 758 759 761 762 763 764 768 769 770 771 772 773 774 775 776 777 778 779 780 781 782 783 784 787 788 789 792 793 794 795 797 798 799 800 806 807 808 809 810 811 812 815 816 817 818 819 821 822 823 824 825 826 827 828 829 831 833 834 835 837 838 839 840 841 842 843 844 845 846 847 848 849 850 852 853 854 856 857 858 859 860 861 862 863 864 865 866 868 869 870 871 872 874 875 876 877 878 880 881 882 883 884 885 886 888 889 890 891 894 895 896 897 898 899 900 901 902 904 905 906 907 910 912 913 914 916 917 920 921 922 923 924 925 926 927 928 929 931 932 933 934 935 936 937 938 940 941 944 945 946 947 948 949 950 951 952 953 954 955 956 963 964 965 966 967 968 969 970 971 972 973 975 979 980 981 982 983 984 985 986 987 988 989 990 991 993 995 996 997 1001 1005 1006 1007 1008 1009 1010 1011 1012 1013 1014 1015 1016 1017 1018 1019 1020 1021 1022 1023 1024 1025 1027 1028 1029 1030 1031 1032 1037 1038 1039 1040 1041 1042 1043 1044 1045 1046 1048 1054 1055 1056 1057 1058 1060 1062 1063 1064 1065 1072 1073 1076 1077 1078 1079 1080 1081 1082 1084 1086 1087 1089 1090 1091 1092 1093 1094 1096 1097 1098 1099 1100 1101 1102 1103 1105 1106 1107 1108 1109 1110 1111 1112 1113 1114 1117 1118 1119 1121 1122 1123 1124 1125 1127 1128 1129 1130 1131 1132 1134 1135 1136 1137 1139 1140 1143 1144 1145 1147 1148 1149 1150 1151 1152 1154 1155 1156 1157 1158 1159 1160 1162 1163 1164 1165 1166 1167 1169 1170 1172 1173 1174 1175 1176 1177 1178 1179 1180 1181 1182 1185 1186 1187 1188 1189 1190 1191 1192 1193 1194 1195 1196 1197 1198 1199 1200 1202 1203 1204 1205 1206 1207 1208 1209 1210 1211 1212 1213 1214 1216 1217 1221 1222 1223 1224 1225 1226 1227 1228 1229 1231 1232 1233 1240 1241 1242 1243 1244 1245 1248 1249 1250 1251 1253 1254 1255 1256 1257 1259 1261 1262 1263 1264 1265 1266 1267 1268 1269 1270 1271 1272 1273 1274 1275 1276 1277 1278 1279 1280 1282 1283 1284 1285 1286 1287 1288 1289 1292 1293 1294 1295 1296 1298 1299 1300 1301 1303 1306 1309 1310 1311 1312 1314 1315 1316 1319 1320 1321 1322 1323 1324 1326 1329 1331 1334 1335 1336 1337 1338 1339 1340 1341 1342 1343 1345 1346 1349 1352 1354 1355 1356 1357 1358 1360 1361 1362 1363 1364 1365 1366 1367 1368 1370 1371 1372 1373 1376 1377 1380 1381 1382 1383 1384 1385 1386 1387 1389 1392 1393 1396 1397 1398 1399 1401 1402 1403 1404 1405 1408 1409 1410 1411 1412 1413 1414 1415 1416 1417 1418 1419 1420 1421 1422 1424 1425 1428 1429 1430 1433 1434 1435 1436 1437 1438 1439 1440 1441 1442 1443 1444 1445 1446 1447 1448 1449 1450 1451 1453 1454 1456 1457 1458 1459 1460 1461 1462 1463 1464 1465 1466 1467 1470 1472 1473 1474 1475 1476 1477 1478 1479 1480 1481 1482 1483 1484 1486 1488 1489 1490 1491 1492 1493 1495 1496 1497 1498 1499 1500 1501 1502 1503 1504 1505 1507 1508 1511 1512 1514 1516 1520 1521 1522 1523 1524 1525 1526 1527 1528 1529 1531 1532 1533 1534 1535 1536 1537 1538 1539 1540 1544 1549 1550 1551 1552 1553 1555 1556 1557 1559 1560 1561 1564 1565 1566 1568 1569 1572 1573 1574 1575 1577 1580 1584 1585 1588 1589 1590 1591 1592 1593 1594 1595 1596 1597 1599 1601 1602 1603 1604 1605 1606 1607 1609 1610 1611 1612 1613 1614 1615 1616 1617 1618 1620 1621 1622 1625 1626 1627 1628 1629 1630 1632 1633 1634 1636 1637 1638 1639 1640 1641 1642 1643 1644 1645 1646 1648 1649 1650 1651 1652 1653 1654 1655 1656 1658 1659 1660 1661 1662 1663 1665 1667 1668 1669 1670 1671 1672 1673 1674 1677 1678 1680 1681 1682 1684 1685 1686 1687 1688 1689 1691 1692 1693 1694 1695 1696 1697 1698 1700 1701 1702 1703 1704 1705 1706 1707 1708 1709 1710 1711 1712 1713 1714 1715 1716 1717 1718 1719 1720 1721 1722 1723 1724 1725 1726 1727 1728 1729 1730 1731 1734 1735 1736 1737 1738 1739 1742 1743 1744 1745 1747 1748 1750 1751 1752 1753 1755 1756 1757 1758 1759 1760 1761 1764 1765 1766 1768 1769 1770 1771 1773 1774 1775 1776 1777 1778 1779 1784 1787 1788 1789 1790 1791 1792 1794 1795 1797 1798 1799 1813 1814 1816 1817 1818 1819 1820 1821 1826 1828 1829 1830 1834 1835 1836 1845 1846 1847 1848 1849 1852 1859 1860 1862 1863 1864 1865 1866 1867 1868 1869 1870 1871 1873 1874 1875 1876 1877 1878 1879 1882 1884 1885 1886 1889 1890 1891 1892 1893 1894 1895 1896 1898 1899 1900 1901 1905 1906 1907 1908 1909 1910 1911 1912 1913 1914 1915 1916 1919 1920 1925 1926 1927 1928 1929 1930 1931 1935 1936 1939 1942 1943 1944 1945 1946 1947 1953 1955 1956 1958 1959 1960 1961 1962 1963 1965 1968 1969 1970 1971 1972 1974 1975 1976 1977 1978 1979 1980 1981 1984 1985 1986 1987 1993 1994 1996 1997 1998 1999 2000 2001 2005 2006 2007 2010 2011 2012 2014 2015 2016 2022 2023 2027 2028 2029 2030 2031 2033 2040 2045 2046 2047 2048 0
2 3 6 7 8 10 14 15 16 17 18 19 21 23 24 26 27 31 32 0

97
1 2 3 4 5 6 7 8 9 10 11 12 13 14 15 16 17 18 19 20 21 22 23 24 25 26 27 28 29 30 31 32 33 34 35 36 37 38 39 41 42 43 44 45 46 47 48 49 50 51 52 53 54 55 56 57 58 59 60 61 62 63 64 65 66 67 68 69 70 71 74 75 76 77 78 79 80 81 82 83 84 85 87 88 92 93 94 95 96 97 98 99 100 101 105 106 107 108 109 110 111 113 114 115 116 117 118 119 120 123 124 125 126 127 128 129 130 131 132 133 134 135 137 138 141 142 144 145 146 147 148 149 150 151 154 155 156 157 158 159 160 161 162 163 164 165 167 168 169 171 173 174 175 176 177 178 179 180 181 182 183 184 185 187 190 191 192 193 194 195 196 198 200 201 204 205 207 208 209 212 213 214 215 217 219 221 222 224 225 226 227 228 229 230 231 233 234 235 237 238 239 240 241 243 244 245 246 247 248 249 250 251 252 253 254 255 256 257 258 259 260 261 262 263 264 265 266 267 268 269 270 271 272 273 274 275 276 277 279 280 281 282 283 284 285 287 288 289 290 291 292 293 294 295 296 297 298 299 301 302 303 304 305 306 307 309 310 311 312 314 316 317 318 320 321 323 324 325 327 328 329 330 331 332 334 335 336 337 338 339 340 342 343 345 347 348 349 350 351 352 353 354 355 356 357 360 362 363 364 365 366 367 368 369 370 371 372 373 375 376 378 379 380 382 383 384 385 386 387 388 389 390 391 394 395 396 397 398 399 400 401 402 403 404 405 406 407 410 414 415 416 417 418 419 420 421 422 424 425 427 428 429 431 432 433 434 435 436 437 438 439 440 441 442 443 444 445 448 449 450 451 452 453 457 459 460 462 463 464 465 466 467 468 469 471 472 474 475 476 477 478 480 481 482 483 485 486 488 490 493 494 495 496 497 499 500 501 503 507 508 509 510 511 512 513 514 515 516 517 518 519 520 521 522 523 524 525 526 527 528 529 530 531 532 533 535 536 537 538 539 541 542 543 544 545 546 547 548 549 550 551 552 553 554 555 556 557 558 559 560 561 562 563 564 565 566 567 569 570 572 573 574 576 577 578 579 581 586 587 588 589 590 591 592 593 594 596 598 599 600 601 602 604 606 607 608 609 610 611 612 614 615 616 617 619 620 621 622 623 624 625 626 627 628 629 630 631 632 633 635 637 638 639 640 641 642 643 644 645 646 653 654 655 657 658 659 660 661 662 664 669 670 671 672 673 675 676 677 679 680 681 682 684 685 686 687 688 690 691 692 694 695 697 698 699 700 702 707 708 709 711 712 713 719 720 722 723 724 725 727 734 735 737 738 739 740 741 742 752 753 754 755 756 757 765 766 767 768 769 770 771 772 773 774 775 776 777 778 779 780 781 782 783 784 785 787 788 790 791 792 793 794 795 798 800 801 806 807 808 809 810 811 812 813 814 815 816 817 820 821 822 823 824 825 826 827 828 829 830 832 833 835 836 837 838 839 840 841 842 843 844 845 846 847 849 851 852 853 856 857 858 859 860 861 862 863 864 865 866 867 868 870 872 873 874 876 877 878 879 880 881 882 883 884 887 889 890 892 893 894 895 896 897 898 899 900 901 902 903 904 905 908 909 910 911 912 913 914 915 917 918 919 920 921 923 926 927 928 929 930 931 932 933 934 935 936 937 938 940 941 942 943 944 945 946 947 948 949 951 952 953 954 956 960 962 963 964 965 967 968 969 970 971 972 974 976 978 979 980 982 983 986 989 990 991 992 994 997 998 999 1000 1001 1002 1004 1005 1006 1007 1008 1009 1010 1011 1012 1013 1014 1015 1016 1017 1018 1019 1020 1021 1022 1023 1024 1025 1026 1027 1028 1029 1030 1031 1032 1033 1034 1035 1036 1037 1038 1039 1040 1041 1042 1043 1044 1045 1046 1047 1048 1049 1050 1051 1052 1053 1054 1055 1056 1057 1058 1059 1060 1061 1062 1063 1064 1065 1066 1067 1068 1069 1070 1071 1072 1073 1074 1075 1076 1077 1078 1079 1080 1083 1084 1085 1086 1087 1088 1089 1090 1091 1092 1093 1094 1096 1098 1100 1101 1102 1103 1104 1105 1106 1107 1108 1109 1114 1115 1117 1118 1119 1120 1121 1122 1123 1124 1125 1126 1127 1128 1129 1133 1134 1135 1136 1138 1140 1141 1142 1143 1144 1145 1146 1147 1148 1150 1151 1152 1153 1154 1155 1156 1158 1159 1162 1163 1164 1165 1166 1167 1168 1169 1170 1171 1174 1175 1177 1181 1182 1183 1184 1185 1186 1187 1190 1193 1194 1195 1196 1197 1198 1199 1200 1201 1202 1203 1204 1205 1206 1207 1208 1209 1210 1213 1215 1216 1217 1218 1219 1220 1221 1222 1223 1224 1225 1226 1229 1230 1232 1233 1236 1238 1239 1240 1241 1243 1244 1245 1247 1249 1250 1251 1252 1253 1255 1259 1260 1261 1262 1263 1264 1270 1271 1272 1273 1274 1275 1276 1277 1278 1281 1282 1283 1284 1285 1286 1287 1288 1289 1290 1291 1292 1293 1294 1295 1296 1297 1298 1299 1300 1301 1302 1303 1304 1305 1306 1307 1308 1309 1310 1311 1312 1313 1314 1315 1316 1317 1319 1320 1321 1322 1323 1324 1325 1326 1327 1328 1329 1330 1331 1332 1333 1334 1335 1336 1338 1339 1340 1341 1342 1343 1344 1345 1346 1347 1349 1350 1351 1352 1353 1354 1357 1358 1359 1360 1361 1362 1364 1365 1366 1368 1369 1370 1371 1372 1373 1374 1375 1376 1377 1378 1380 1382 1385 1386 1387 1390 1391 1392 1393 1396 1397 1398 1402 1407 1408 1409 1411 1413 1415 1416 1417 1418 1420 1421 1422 1423 1424 1425 1426 1428 1429 1431 1432 1433 1437 1438 1439 1440 1441 1442 1443 1444 1449 1450 1453 1456 1457 1458 1460 1461 1464 1469 1470 1474 1477 1479 1480 1481 1482 1483 1484 1486 1487 1488 1489 1491 1492 1493 1495 1503 1504 1508 1511 1512 1517 1520 1522 1523 1524 1525 1526 1527 1528 1529 1530 1536 1537 1538 1539 1540 1541 1542 1543 1544 1545 1546 1547 1548 1549 1550 1551 1552 1553 1556 1558 1559 1560 1561 1562 1563 1565 1568 1569 1573 1574 1575 1577 1578 1579 1580 1581 1582 1583 1584 1585 1587 1588 1589 1590 1591 1592 1593 1594 1595 1596 1597 1598 1599 1600 1601 1602 1603 1604 1605 1606 1607 1608 1610 1611 1613 1614 1615 1616 1617 1618 1619 1620 1621 1622 1624 1625 1626 1630 1631 1632 1633 1634 1635 1636 1638 1639 1641 1643 1644 1646 1647 1648 1649 1650 1651 1652 1654 1656 1657 1659 1662 1663 1665 1666 1667 1668 1669 1670 1671 1672 1674 1675 1676 1678 1679 1680 1681 1682 1683 1684 1685 1686 1687 1688 1689 1690 1691 1692 1694 1695 1696 1697 1698 1699 1700 1701 1702 1703 1705 1706 1708 1709 1710 1711 1712 1713 1714 1715 1716 1717 1718 1719 1720 1722 1727 1728 1729 1731 1732 1733 1734 1735 1736 1737 1740 1742 1744 1745 1749 1750 1751 1753 1754 1755 1756 1761 1762 1765 1767 1773 1774 1777 1778 1781 1782 1783 1784 1785 1786 1788 1790 1793 1794 1795 1796 1797 1798 1799 1800 1801 1802 1803 1804 1805 1806 1807 1808 1809 1810 1811 1812 1813 1814 1815 1816 1817 1819 1820 1821 1822 1823 1824 1825 1826 1827 1828 1829 1830 1831 1832 1833 1834 1836 1837 1838 1839 1840 1841 1842 1843 1844 1845 1846 1847 1848 1849 1850 1851 1852 1853 1854 1855 1856 1857 1858 1859 1860 1861 1862 1863 1864 1865 1866 1867 1868 1869 1870 1871 1872 1873 1874 1875 1876 1878 1881 1882 1883 1884 1885 1886 1887 1888 1889 1890 1891 1892 1899 1900 1901 1902 1904 1906 1907 1908 1911 1912 1913 1915 1916 1917 1918 1919 1920 1922 1923 1924 1927 1928 1929 1930 1931 1933 1934 1935 1936 1937 1938 1939 1940 1941 1945 1946 1947 1950 1951 1952 1953 1954 1955 1959 1960 1964 1966 1967 1970 1971 1972 1973 1978 1979 1980 1982 1986 1987 1988 1991 1992 1993 1994 1995 1996 2007 2008 2009 2010 2011 2022 2023 2024 2025 2026 2027 2038 2039 2040 2041 2042 2043 2044 2045 2046 0
1 2 3 4 6 8 10 11 12 13 17 18 20 21 23 26 29 31 32 0

98
1 2 3 5 8 9 10 11 12 13 15 16 17 18 19 20 21 22 27 28 29 30 31 32 33 38 39 41 43 44 46 47 48 49 50 51 52 53 54 55 56 57 58 59 60 62 65 66 67 68 69 70 71 72 73 74 77 78 79 80 81 82 83 84 85 86 87 88 90 92 93 94 95 96 97 98 99 100 101 102 103 104 105 107 108 109 110 112 113 114 115 116 117 118 119 120 121 123 124 125 126 127 128 129 130 131 132 133 134 136 137 139 140 141 142 143 145 147 148 149 150 151 152 153 156 159 161 163 164 166 170 171 172 173 176 177 178 179 182 183 184 185 187 188 189 190 193 194 200 201 202 204 205 206 207 208 209 210 211 212 216 217 218 219 220 221 224 225 226 228 230 231 233 234 238 240 241 242 243 244 246 247 248 249 250 251 252 253 254 255 256 257 258 259 260 261 262 263 264 265 266 267 268 269 270 271 272 273 274 275 276 277 278 279 282 283 284 285 286 287 288 289 290 294 295 296 297 298 299 300 302 303 304 305 306 307 309 310 312 313 314 315 317 318 320 321 322 323 325 326 327 331 332 333 334 335 336 337 340 341 342 343 344 345 346 347 348 349 350 351 353 355 356 357 358 360 361 363 364 365 366 368 369 370 371 372 374 375 376 378 379 380 381 382 384 385 387 388 389 390 393 394 395 396 397 398 400 402 403 404 405 406 407 409 410 411 414 415 416 418 419 421 422 423 424 425 428 429 430 432 433 434 436 439 440 443 444 445 447 449 450 452 453 454 456 457 458 459 460 461 462 463 464 465 469 470 471 472 474 475 481 482 483 484 485 486 487 488 492 493 494 496 497 498 499 501 502 503 506 507 508 509 510 511 512 513 514 515 516 517 518 519 520 521 522 523 524 525 526 527 528 530 532 533 534 535 536 537 538 539 541 544 546 547 548 549 550 551 552 553 554 556 558 562 563 565 566 571 573 575 576 577 578 579 580 581 582 583 588 589 592 593 594 595 597 598 599 603 605 606 607 608 609 610 612 613 614 615 617 621 622 623 624 625 629 633 635 636 638 641 642 643 644 647 648 649 650 651 652 653 654 655 656 657 659 663 664 666 669 670 672 673 674 675 679 680 685 686 688 690 697 698 701 703 704 708 710 713 716 717 718 719 720 723 724 727 728 731 733 736 737 739 740 741 742 743 744 745 746 747 748 749 750 751 752 753 755 757 758 759 760 761 762 763 766 767 769 770 771 772 773 774 775 776 777 778 779 780 781 782 783 784 786 787 789 790 792 793 794 798 799 800 801 804 807 809 810 811 812 816 817 818 819 820 821 822 823 824 825 826 827 831 832 833 834 835 836 837 838 839 840 843 844 845 846 847 848 849 850 851 852 853 854 855 856 859 860 861 862 863 864 865 866 867 868 869 870 871 872 873 874 875 876 877 878 880 881 882 883 885 886 887 888 891 892 895 896 897 899 900 903 904 905 908 909 910 911 912 913 914 915 916 917 920 922 923 925 926 927 931 933 934 938 939 940 941 943 948 949 950 951 952 953 954 956 957 960 962 963 964 965 966 967 968 970 971 972 973 974 975 976 981 984 985 986 987 988 989 991 993 997 998 1000 1002 1003 1005 1006 1007 1009 1010 1011 1012 1013 1014 1015 1016 1017 1018 1019 1020 1021 1022 1023 1024 1025 1026 1027 1036 1039 1040 1041 1043 1044 1045 1046 1047 1048 1049 1050 1051 1052 1054 1055 1056 1057 1058 1059 1060 1064 1065 1066 1067 1069 1073 1074 1075 1076 1077 1078 1079 1080 1081 1082 1083 1084 1086 1087 1089 1090 1091 1092 1094 1095 1097 1098 1099 1100 1101 1103 1104 1105 1107 1108 1109 1111 1112 1113 1115 1116 1117 1119 1120 1121 1122 1123 1124 1125 1126 1128 1129 1130 1131 1132 1133 1134 1135 1137 1138 1139 1140 1141 1143 1144 1147 1150 1151 1153 1154 1155 1158 1160 1161 1162 1164 1165 1166 1167 1168 1169 1170 1171 1172 1178 1179 1180 1181 1182 1183 1184 1186 1187 1188 1189 1192 1193 1194 1195 1196 1197 1198 1199 1200 1201 1203 1204 1206 1207 1208 1210 1211 1213 1214 1216 1217 1218 1220 1221 1222 1224 1225 1228 1229 1230 1231 1232 1233 1235 1240 1241 1242 1245 1247 1248 1249 1252 1254 1255 1256 1258 1260 1261 1263 1264 1265 1266 1267 1268 1269 1270 1271 1272 1273 1274 1275 1276 1277 1278 1279 1280 1282 1283 1284 1285 1286 1289 1291 1294 1295 1296 1297 1298 1299 1300 1302 1303 1304 1305 1306 1307 1311 1313 1315 1316 1321 1322 1323 1324 1326 1328 1329 1330 1331 1332 1333 1336 1338 1339 1342 1343 1344 1345 1346 1347 1349 1350 1352 1357 1360 1361 1362 1363 1364 1365 1367 1368 1373 1374 1375 1376 1377 1378 1379 1380 1381 1382 1383 1384 1385 1387 1388 1389 1390 1391 1392 1393 1394 1395 1396 1398 1399 1400 1402 1404 1407 1408 1409 1410 1411 1412 1414 1415 1418 1419 1420 1421 1422 1423 1424 1425 1426 1427 1429 1430 1431 1432 1434 1438 1440 1441 1444 1445 1446 1448 1449 1450 1451 1452 1458 1459 1460 1465 1466 1467 1469 1470 1472 1473 1474 1475 1477 1479 1482 1483 1484 1485 1486 1487 1489 1493 1494 1497 1498 1499 1500 1504 1505 1506 1507 1509 1512 1513 1514 1515 1521 1522 1523 1524 1525 1526 1527 1528 1529 1530 1531 1532 1533 1534 1535 1537 1538 1539 1540 1542 1545 1546 1548 1551 1552 1553 1555 1556 1557 1558 1559 1560 1561 1562 1564 1565 1566 1567 1568 1569 1572 1573 1574 1575 1576 1577 1579 1581 1583 1585 1586 1587 1588 1589 1591 1592 1594 1595 1596 1599 1600 1601 1602 1603 1604 1605 1606 1608 1609 1612 1614 1615 1617 1618 1619 1620 1621 1623 1627 1628 1629 1630 1631 1632 1633 1635 1636 1637 1638 1639 1640 1641 1643 1644 1645 1646 1648 1649 1650 1651 1652 1654 1655 1656 1658 1659 1660 1662 1664 1665 1666 1667 1668 1670 1671 1672 1673 1674 1675 1676 1678 1681 1682 1683 1687 1691 1692 1694 1697 1698 1699 1700 1701 1704 1706 1707 1710 1711 1713 1717 1718 1719 1723 1724 1726 1727 1729 1730 1732 1733 1735 1736 1737 1738 1739 1740 1743 1745 1746 1747 1748 1749 1750 1752 1753 1754 1755 1756 1758 1761 1765 1767 1769 1770 1771 1772 1773 1774 1776 1777 1778 1779 1780 1781 1782 1784 1786 1791 1792 1794 1795 1804 1805 1806 1807 1808 1812 1813 1814 1815 1816 1817 1818 1819 1820 1821 1822 1829 1830 1831 1832 1833 1834 1835 1836 1850 1856 1857 1858 1859 1860 1861 1862 1863 1871 1872 1873 1877 1878 1879 1880 1884 1886 1887 1888 1889 1892 1904 1905 1906 1907 1908 1909 1912 1913 1914 1917 1918 1919 1921 1925 1926 1929 1930 1931 1932 1933 1934 1935 1936 1937 1938 1939 1941 1942 1946 1947 1948 1949 1950 1951 1952 1953 1955 1956 1957 1958 1959 1963 1964 1965 1967 1968 1972 1973 1974 1978 1979 1980 1981 1984 1988 1989 1990 1991 1993 1994 1995 1996 1997 2000 2003 2004 2005 2006 2011 2012 2013 2016 2019 2020 2021 2022 2023 2027 2028 2029 2031 2032 2033 2034 2035 2036 2039 2047 0
3 4 5 7 8 9 11 13 15 16 17 20 21 23 24 25 27 28 29 31 32 0

99
1 2 3 4 5 6 7 8 9 10 11 12 13 14 15 16 17 18 19 20 21 22 23 24 25 26 27 28 29 30 31 32 34 35 36 37 38 39 40 41 43 45 46 47 48 49 50 53 54 55 56 57 58 59 61 62 63 64 65 71 72 74 75 76 78 79 80 81 83 85 86 88 89 90 92 93 95 96 97 98 101 104 105 106 107 109 110 111 112 113 114 115 116 117 118 120 121 122 126 127 128 129 131 132 133 134 135 136 138 139 140 142 143 144 145 147 148 149 150 153 155 156 157 158 159 160 161 162 164 165 166 167 168 170 171 172 173 174 176 177 178 179 182 183 184 186 187 190 193 195 197 198 199 203 207 209 211 213 215 216 217 219 221 222 224 225 226 229 230 233 236 237 238 240 241 242 243 244 245 246 247 248 249 250 251 252 253 254 255 256 257 258 259 260 261 262 263 264 265 266 267 268 269 270 271 272 273 274 276 277 278 279 280 282 283 285 286 287 288 289 290 291 292 293 294 295 296 297 298 299 304 305 306 307 308 309 310 311 313 314 316 317 320 321 323 326 327 328 329 330 331 332 333 334 336 338 340 341 342 343 344 346 347 349 350 351 352 353 354 355 357 358 361 363 364 365 366 367 368 369 370 371 372 373 374 375 376 377 380 381 382 384 385 387 388 389 391 392 393 395 396 398 400 401 402 403 404 406 408 409 410 412 413 414 415 416 418 419 421 423 424 425 426 428 429 430 433 434 438 439 440 442 443 444 445 447 449 450 452 454 456 457 459 463 464 466 469 470 471 472 473 477 478 481 483 484 485 486 487 488 489 490 491 492 493 494 497 498 499 500 501 502 503 504 505 506 507 508 509 510 511 512 513 514 515 516 517 518 519 520 521 522 523 524 525 526 527 528 529 531 534 535 537 539 544 545 547 548 549 550 551 555 556 557 560 562 563 564 565 566 567 569 570 571 572 573 574 576 577 578 580 582 583 584 585 586 587 588 589 591 592 594 597 598 599 600 602 603 604 605 606 608 609 610 612 614 615 617 619 627 631 633 635 637 639 640 644 647 648 649 652 653 654 655 656 662 663 665 666 667 668 669 670 671 672 674 675 676 677 678 679 680 681 682 683 684 685 686 687 690 692 693 696 697 698 699 701 708 710 711 714 715 716 717 722 724 725 726 728 729 731 738 740 742 743 744 749 750 751 753 754 755 757 758 759 761 762 763 764 765 766 768 769 770 771 772 773 774 775 776 777 778 779 780 781 782 783 784 785 786 787 788 789 790 791 792 793 794 799 800 801 802 803 804 805 806 807 808 809 810 811 812 815 817 818 819 820 821 822 823 824 825 826 827 828 829 830 831 832 833 836 837 838 840 841 842 843 844 845 846 847 848 850 851 853 855 856 858 859 860 861 862 863 864 867 870 873 875 876 877 878 879 882 883 884 887 888 889 890 891 892 893 894 895 896 898 899 902 905 907 908 909 911 912 914 915 916 917 919 920 921 922 923 924 925 926 929 931 932 933 934 935 937 938 943 944 945 946 948 950 951 952 953 954 955 956 957 961 962 963 964 965 966 968 969 970 971 973 977 978 979 982 984 985 986 987 990 991 992 995 996 997 998 999 1000 1001 1002 1003 1004 1005 1006 1008 1009 1010 1011 1012 1013 1014 1015 1016 1017 1018 1019 1020 1021 1022 1023 1024 1025 1026 1027 1028 1029 1030 1031 1032 1033 1034 1035 1036 1037 1039 1042 1043 1044 1045 1046 1047 1048 1049 1050 1051 1052 1053 1054 1056 1057 1058 1059 1060 1061 1062 1063 1064 1065 1066 1067 1068 1069 1070 1071 1072 1073 1074 1075 1076 1077 1078 1079 1080 1081 1083 1084 1085 1086 1087 1088 1090 1092 1094 1095 1098 1099 1100 1101 1102 1103 1104 1105 1106 1107 1113 1114 1115 1116 1118 1119 1120 1121 1122 1123 1124 1127 1128 1129 1130 1131 1133 1134 1135 1136 1137 1138 1139 1140 1141 1142 1143 1144 1145 1146 1147 1148 1149 1150 1151 1152 1153 1154 1157 1158 1159 1160 1165 1167 1168 1169 1170 1172 1173 1174 1175 1177 1182 1184 1185 1186 1187 1188 1189 1194 1196 1197 1198 1200 1201 1202 1204 1207 1208 1209 1210 1211 1212 1213 1218 1219 1221 1223 1226 1227 1228 1229 1233 1234 1239 1245 1249 1251 1253 1254 1255 1256 1257 1258 1259 1260 1261 1262 1264 1267 1268 1269 1270 1271 1272 1273 1274 1275 1276 1277 1278 1279 1280 1281 1282 1283 1284 1285 1286 1287 1288 1289 1290 1291 1292 1293 1294 1295 1296 1297 1298 1299 1300 1301 1302 1305 1306 1308 1309 1310 1311 1312 1313 1314 1315 1316 1317 1318 1319 1320 1321 1322 1323 1324 1325 1327 1328 1329 1330 1331 1332 1333 1334 1335 1336 1337 1338 1339 1340 1341 1342 1343 1344 1345 1346 1353 1354 1355 1356 1357 1358 1359 1360 1361 1369 1371 1372 1373 1374 1375 1376 1377 1378 1380 1381 1383 1384 1386 1387 1388 1389 1390 1391 1392 1393 1394 1395 1396 1399 1400 1401 1402 1403 1404 1406 1407 1408 1409 1411 1412 1413 1414 1415 1416 1418 1419 1420 1421 1424 1425 1426 1429 1430 1431 1432 1433 1434 1435 1436 1437 1438 1439 1440 1441 1446 1447 1449 1450 1451 1452 1453 1454 1455 1457 1458 1459 1460 1463 1464 1465 1466 1467 1468 1471 1472 1473 1477 1479 1480 1481 1482 1483 1485 1486 1488 1489 1492 1494 1495 1496 1500 1503 1504 1505 1510 1511 1512 1514 1516 1517 1518 1519 1520 1522 1523 1524 1525 1526 1527 1529 1530 1531 1532 1533 1534 1536 1537 1538 1539 1540 1541 1542 1543 1546 1547 1548 1549 1550 1551 1552 1553 1554 1555 1556 1557 1558 1559 1561 1562 1564 1565 1566 1567 1568 1569 1570 1571 1575 1576 1577 1578 1579 1580 1582 1583 1584 1585 1586 1589 1590 1591 1592 1594 1595 1596 1597 1599 1600 1601 1602 1607 1608 1609 1611 1613 1614 1616 1617 1619 1621 1623 1624 1625 1627 1628 1629 1630 1631 1632 1633 1635 1636 1639 1640 1641 1644 1645 1646 1647 1648 1649 1650 1651 1652 1653 1656 1660 1661 1663 1664 1665 1668 1669 1670 1673 1676 1677 1678 1679 1680 1681 1685 1687 1689 1690 1691 1692 1693 1694 1695 1696 1697 1698 1700 1701 1702 1704 1705 1706 1707 1708 1709 1710 1711 1713 1714 1716 1718 1719 1720 1724 1726 1729 1730 1733 1736 1738 1739 1740 1741 1744 1745 1746 1747 1748 1750 1754 1756 1759 1760 1761 1762 1763 1766 1768 1769 1770 1772 1773 1774 1776 1777 1779 1781 1783 1784 1785 1786 1787 1788 1789 1791 1793 1794 1795 1796 1797 1798 1799 1800 1801 1802 1803 1804 1805 1806 1807 1808 1810 1811 1812 1813 1814 1815 1816 1818 1819 1820 1821 1822 1823 1824 1827 1828 1829 1830 1831 1832 1835 1836 1837 1838 1839 1840 1844 1846 1847 1848 1849 1850 1851 1852 1853 1854 1855 1856 1857 1863 1864 1865 1866 1867 1868 1870 1871 1872 1873 1874 1880 1883 1885 1886 1887 1888 1890 1891 1899 1903 1904 1911 1912 1916 1920 1927 1928 1929 1930 1931 1933 1936 1945 1949 1950 1952 1954 1959 1960 1961 1962 1963 1965 1966 1970 1972 1973 1974 1975 1976 1977 1980 1981 1982 1983 1988 1989 1990 1991 1993 1994 1995 1996 1997 1998 2002 2003 2004 2005 2006 2007 2008 2010 2014 2019 2021 2023 2028 2029 2030 2032 2036 2037 2038 2039 2040 2044 2048 0
3 10 12 18 20 21 22 23 26 27 28 29 30 31 32 0

100
1 2 3 4 5 6 7 8 9 10 11 12 13 14 15 16 17 18 19 20 21 22 23 24 25 26 27 28 29 30 31 32 33 34 35 36 37 38 40 41 43 44 45 46 47 48 49 50 51 52 53 54 55 56 57 58 59 61 62 63 64 65 66 67 68 69 71 72 73 74 75 76 77 78 79 80 81 82 83 84 86 88 89 91 92 93 94 95 96 97 98 99 100 102 103 104 105 106 107 108 109 111 112 113 114 115 116 117 118 119 120 122 123 124 125 127 128 129 130 131 132 133 134 135 137 138 139 140 141 142 143 144 145 146 147 148 149 150 151 153 154 157 158 159 160 161 162 163 164 165 166 167 168 169 170 172 173 174 175 176 177 178 179 180 181 182 183 184 185 186 187 188 189 190 191 192 193 194 195 196 197 198 199 201 202 203 204 205 206 207 208 209 210 211 212 213 214 215 216 217 218 220 221 222 223 224 225 226 227 228 229 230 231 233 234 235 236 238 239 241 242 243 244 245 246 247 248 249 250 251 252 253 255 256 257 258 259 260 261 262 264 265 266 267 268 269 270 271 272 273 274 277 279 280 281 282 283 287 288 289 290 293 294 295 296 297 298 299 300 301 302 303 304 305 306 307 308 309 310 311 312 313 314 315 316 317 318 320 321 322 323 324 325 326 327 329 330 331 332 333 334 335 336 337 338 339 340 341 342 343 344 345 346 347 348 349 350 351 352 353 354 355 356 359 360 361 362 363 366 367 368 369 370 371 372 374 375 376 377 378 379 380 381 382 383 384 385 386 387 388 390 392 393 394 395 396 397 398 399 400 401 402 403 404 406 408 411 412 413 414 415 416 417 418 419 420 422 424 429 430 431 432 433 434 435 437 438 439 440 441 443 444 445 446 447 448 449 452 453 454 455 456 457 458 460 461 462 463 464 465 467 468 469 470 471 472 473 475 476 477 479 480 481 483 484 487 489 490 492 493 494 495 496 497 498 499 500 501 502 503 504 505 506 507 511 512 513 514 515 516 517 518 519 520 521 522 523 524 525 526 527 528 529 530 531 532 533 534 535 536 538 539 540 541 542 543 544 545 546 547 549 551 552 553 554 555 556 557 558 559 560 561 563 564 565 566 567 568 569 570 571 574 575 577 578 579 580 581 582 583 584 585 586 587 589 590 591 593 594 596 597 598 599 600 602 603 604 605 607 608 609 610 611 612 613 614 615 616 618 619 620 621 623 624 625 626 627 628 629 630 631 632 633 634 635 636 637 639 640 641 642 643 644 645 646 647 648 649 650 651 652 653 655 656 657 658 659 660 661 662 663 664 665 666 667 668 669 671 672 673 674 675 676 677 678 680 681 682 683 684 685 686 687 688 689 690 691 692 694 696 699 700 701 702 703 705 706 708 709 710 711 712 713 714 715 716 717 718 719 721 722 723 724 725 728 729 730 731 732 733 734 735 737 738 739 741 743 744 745 746 747 751 752 753 754 757 758 759 761 762 763 764 765 766 767 768 769 770 771 772 773 774 775 776 777 778 779 780 781 782 783 784 785 786 788 790 791 792 793 794 797 798 799 800 801 804 805 806 807 808 809 810 811 812 814 815 816 817 818 819 820 821 822 823 824 825 827 828 829 831 832 833 835 836 837 838 839 840 841 842 843 844 845 846 848 849 853 854 855 856 857 858 859 860 861 862 863 864 865 866 867 868 869 870 871 872 873 874 875 876 877 878 879 882 883 884 886 889 890 892 893 894 895 896 897 898 899 900 901 903 905 906 909 910 911 912 913 914 915 916 917 918 920 921 922 923 924 925 926 927 928 929 930 931 932 933 934 936 937 939 940 941 942 943 944 945 946 947 948 949 950 951 952 955 956 957 958 959 960 961 964 965 966 967 968 969 970 971 972 973 974 975 976 977 979 980 981 982 983 984 985 986 987 988 989 990 991 992 993 994 995 996 997 998 999 1000 1001 1002 1003 1004 1006 1007 1008 1009 1010 1011 1012 1013 1014 1015 1016 1017 1018 1019 1020 1021 1022 1023 1024 1025 1026 1027 1028 1029 1030 1032 1033 1034 1035 1036 1037 1038 1039 1040 1041 1042 1043 1044 1045 1046 1047 1048 1049 1050 1051 1052 1053 1054 1055 1056 1058 1059 1060 1061 1062 1063 1064 1065 1066 1067 1068 1069 1070 1071 1072 1074 1075 1076 1077 1078 1079 1082 1083 1084 1085 1086 1087 1088 1089 1090 1091 1092 1093 1094 1095 1096 1098 1099 1101 1102 1103 1104 1105 1106 1107 1108 1109 1111 1112 1113 1114 1115 1116 1118 1119 1120 1122 1123 1124 1126 1127 1129 1130 1131 1132 1133 1134 1135 1136 1137 1138 1139 1140 1143 1144 1145 1146 1147 1148 1149 1150 1151 1152 1153 1154 1155 1158 1160 1161 1162 1163 1164 1165 1167 1168 1169 1170 1171 1172 1173 1174 1175 1176 1177 1179 1180 1184 1185 1186 1187 1188 1189 1190 1196 1198 1200 1201 1202 1204 1205 1206 1207 1209 1210 1211 1212 1213 1215 1216 1217 1218 1219 1221 1223 1224 1225 1227 1228 1229 1230 1231 1232 1233 1234 1235 1236 1237 1238 1239 1240 1241 1242 1245 1246 1247 1248 1249 1253 1254 1255 1256 1257 1258 1259 1260 1263 1264 1265 1266 1267 1268 1269 1270 1271 1272 1273 1274 1275 1276 1277 1278 1279 1280 1281 1282 1283 1284 1285 1286 1287 1288 1289 1290 1291 1292 1293 1294 1295 1296 1297 1298 1299 1300 1303 1304 1305 1306 1307 1308 1312 1313 1314 1315 1316 1317 1318 1319 1321 1322 1323 1324 1325 1326 1327 1328 1329 1330 1331 1333 1334 1335 1336 1337 1338 1339 1340 1341 1342 1343 1344 1345 1346 1349 1350 1351 1352 1353 1354 1355 1356 1357 1358 1359 1360 1361 1363 1364 1365 1366 1367 1369 1370 1371 1372 1373 1374 1375 1376 1377 1378 1379 1381 1382 1383 1386 1387 1388 1389 1390 1391 1392 1393 1395 1397 1398 1399 1401 1402 1403 1404 1405 1406 1407 1408 1409 1410 1411 1413 1414 1415 1416 1417 1418 1419 1420 1421 1422 1423 1424 1425 1427 1428 1429 1430 1431 1433 1434 1435 1436 1437 1438 1439 1440 1441 1443 1444 1445 1446 1447 1449 1450 1451 1452 1453 1454 1455 1456 1457 1458 1459 1460 1462 1463 1464 1465 1466 1467 1468 1469 1470 1472 1473 1474 1475 1476 1477 1478 1479 1480 1481 1484 1485 1486 1488 1489 1490 1492 1493 1494 1495 1497 1498 1499 1501 1502 1503 1505 1506 1507 1508 1509 1510 1511 1512 1513 1514 1515 1516 1518 1519 1520 1521 1522 1523 1524 1525 1526 1529 1530 1531 1532 1533 1534 1535 1536 1537 1538 1539 1540 1543 1544 1545 1546 1547 1552 1553 1554 1555 1557 1560 1561 1562 1564 1565 1567 1568 1569 1570 1571 1572 1573 1575 1576 1577 1578 1579 1580 1581 1584 1585 1587 1588 1589 1592 1594 1595 1596 1597 1599 1600 1601 1603 1604 1605 1606 1607 1608 1609 1610 1611 1612 1613 1614 1616 1617 1618 1619 1620 1621 1622 1625 1626 1627 1628 1629 1630 1631 1632 1633 1635 1636 1638 1639 1641 1642 1643 1644 1645 1646 1647 1648 1649 1650 1651 1652 1655 1656 1657 1658 1659 1660 1661 1662 1663 1664 1665 1666 1667 1668 1669 1670 1671 1672 1673 1674 1675 1676 1677 1678 1679 1680 1681 1683 1684 1685 1686 1687 1688 1689 1690 1691 1693 1694 1695 1696 1697 1699 1700 1701 1702 1704 1705 1706 1707 1710 1711 1712 1713 1715 1716 1718 1719 1720 1721 1724 1725 1726 1727 1728 1729 1731 1732 1733 1735 1737 1739 1740 1741 1742 1743 1744 1745 1746 1747 1748 1749 1750 1751 1752 1753 1756 1757 1758 1759 1760 1761 1762 1763 1764 1765 1766 1767 1771 1772 1775 1776 1777 1778 1779 1780 1781 1782 1783 1784 1785 1786 1787 1788 1789 1790 1791 1792 1793 1794 1795 1796 1797 1798 1799 1800 1801 1802 1803 1804 1805 1806 1807 1808 1810 1811 1812 1816 1818 1819 1820 1824 1827 1828 1829 1830 1831 1832 1835 1836 1837 1838 1840 1842 1843 1844 1845 1846 1847 1848 1849 1850 1851 1852 1853 1854 1855 1856 1858 1859 1860 1866 1867 1868 1870 1871 1872 1874 1875 1876 1880 1885 1886 1888 1889 1890 1891 1896 1897 1901 1904 1905 1908 1909 1910 1911 1914 1915 1916 1917 1918 1921 1922 1924 1925 1926 1928 1932 1933 1934 1938 1939 1946 1949 1950 1952 1954 1955 1956 1959 1960 1961 1962 1963 1966 1967 1968 1969 1970 1971 1972 1973 1974 1975 1976 1977 1978 1979 1982 1983 1984 1985 1986 1987 1988 1990 1991 1992 1995 1996 1997 1998 1999 2000 2001 2002 2003 2004 2005 2006 2007 2013 2015 2016 2017 2018 2019 2020 2024 2025 2026 2027 2030 2032 2033 2034 2035 2036 2037 2038 2039 2041 2042 2043 2044 2045 2046 2047 2048 0
3 4 7 9 10 12 14 16 18 19 20 21 23 24 31 0

