1
1 2 3 4 6 7 8 9 10 11 12 13 14 15 16 17 18 19 21 22 23 24 25 29 32 33 34 39 40 42 43 46 48 49 50 51 52 54 55 56 57 58 59 60 61 62 63 64 65 67 68 69 73 74 75 76 77 78 81 83 84 85 87 88 90 91 92 93 95 96 97 99 101 102 103 104 105 106 108 109 112 113 115 116 117 118 119 120 122 124 125 126 127 128 130 132 133 134 135 136 137 139 140 141 142 143 144 145 147 148 149 150 151 152 155 156 157 159 161 163 166 167 168 169 170 171 172 173 175 176 180 182 183 184 185 186 187 188 189 190 192 194 196 197 198 201 202 204 205 207 208 209 210 213 214 216 218 219 222 223 224 225 226 227 228 229 231 235 236 237 238 239 240 241 243 245 249 250 251 253 254 255 256 258 259 261 262 263 265 266 268 269 271 272 273 274 277 278 279 280 282 284 285 286 287 288 289 290 293 295 296 297 299 300 301 303 304 305 306 307 308 309 310 311 312 313 314 315 317 318 319 320 321 322 324 325 326 328 329 330 331 332 333 334 335 336 337 338 339 340 341 342 343 344 346 347 348 349 351 352 353 354 355 356 357 359 360 361 362 363 364 365 366 367 368 369 371 372 373 374 375 376 377 378 379 380 381 382 383 384 385 386 387 388 389 390 391 392 393 394 395 396 397 398 399 400 401 403 404 405 406 407 409 410 411 412 413 414 415 416 417 419 420 421 422 423 424 425 426 427 428 429 430 431 432 433 435 436 437 438 439 440 441 442 443 444 445 446 447 448 449 450 451 452 454 455 456 457 458 459 460 461 462 463 464 465 466 467 468 469 470 471 472 473 476 477 478 480 481 485 486 487 489 491 492 493 494 495 496 500 502 504 507 508 510 511 512 513 514 515 516 517 518 519 520 521 522 523 524 525 526 527 528 529 530 531 532 533 534 536 537 539 540 541 542 543 544 545 546 547 548 549 550 551 552 555 556 557 561 562 563 564 565 566 567 569 570 571 572 573 574 575 576 577 578 579 580 581 583 584 585 586 590 591 593 594 595 597 598 599 600 601 603 604 605 606 607 609 610 611 612 613 614 615 616 618 619 621 623 624 625 626 627 628 630 631 634 635 636 637 638 639 640 641 642 643 644 645 646 647 648 649 650 651 652 653 654 655 656 657 658 659 660 662 663 664 665 666 667 668 669 670 671 673 674 675 676 677 678 679 680 681 682 683 684 685 686 687 688 689 690 691 692 693 694 695 696 697 698 699 700 701 702 703 705 706 707 708 709 710 711 712 713 714 715 716 717 718 719 720 721 722 723 724 725 726 727 728 729 730 731 732 733 734 735 736 737 738 739 740 741 742 743 744 745 746 747 748 749 750 751 752 753 755 756 757 769 770 771 772 773 774 775 776 777 778 779 780 781 782 783 784 786 787 788 791 793 795 796 797 798 799 801 802 803 804 805 806 807 808 809 810 811 812 813 814 815 816 817 818 819 820 822 823 824 825 826 827 830 831 832 833 834 836 837 838 839 840 841 842 844 845 846 849 850 851 852 854 855 856 857 858 859 860 863 865 866 867 868 869 870 871 872 873 875 877 878 879 880 881 882 884 885 886 887 888 889 890 892 893 894 895 896 897 898 899 900 903 904 905 906 907 908 909 910 912 913 914 915 916 917 918 919 920 921 922 923 925 926 927 928 929 930 931 932 933 934 935 936 937 938 939 940 941 942 943 944 945 946 947 948 949 950 951 952 953 954 955 956 957 958 959 960 961 962 963 964 965 966 967 968 969 970 971 973 974 976 977 979 980 981 982 983 984 985 987 988 989 990 991 992 993 994 995 996 997 998 999 1000 1001 1002 1003 1004 1005 1006 1007 1008 1009 1010 1011 1012 1013 1017 1018 1019 1020 1021 1022 1023 1024 0
3 4 5 9 10 11 12 14 15 16 18 19 20 21 23 24 25 27 29 31 32 0

2
1 3 5 6 7 8 9 10 11 13 14 15 16 17 18 22 23 24 25 27 28 29 30 31 32 33 34 35 36 37 38 39 40 41 42 43 44 46 47 48 49 50 51 53 54 56 57 58 59 60 61 62 64 65 66 67 69 70 71 72 73 74 75 76 77 78 80 81 82 83 84 85 86 87 89 91 92 93 94 95 96 97 99 101 102 103 104 105 106 107 108 110 112 113 114 115 116 117 119 120 121 122 123 124 126 127 128 129 130 131 133 134 135 138 139 141 142 143 144 146 147 149 151 153 154 156 157 158 159 160 161 162 163 164 165 166 167 168 169 170 171 173 174 175 176 177 178 180 181 183 184 185 186 187 188 189 190 191 192 193 197 198 199 200 202 203 204 205 206 207 208 210 211 213 214 215 216 218 219 220 221 222 223 224 225 228 229 231 232 233 234 235 236 237 238 239 240 241 242 243 249 252 253 254 256 257 258 259 261 262 263 264 265 266 267 268 269 270 271 272 273 274 275 278 279 280 281 282 283 284 285 286 287 288 289 290 291 296 298 299 300 301 304 305 306 307 309 310 312 313 314 315 316 317 318 320 321 322 323 325 326 327 328 329 330 331 333 334 335 336 337 338 339 341 343 345 346 347 348 352 353 354 355 357 358 359 361 362 363 364 365 366 367 368 369 370 371 373 374 375 376 377 378 379 380 384 385 386 389 390 391 392 393 394 395 396 397 398 399 400 401 402 403 407 409 410 411 412 413 414 415 416 417 418 420 421 422 423 426 427 428 429 430 432 433 434 436 437 438 439 440 441 442 443 444 445 446 447 448 449 450 452 453 454 455 457 458 459 462 463 464 465 466 467 468 469 470 471 472 473 474 475 478 479 480 481 482 483 484 485 486 487 488 489 492 493 494 495 496 498 499 500 501 502 503 504 508 509 510 511 512 513 515 516 518 519 520 521 523 524 527 528 529 532 533 534 535 536 538 541 542 543 544 545 547 549 551 552 553 554 555 556 557 558 559 561 562 563 566 567 568 569 571 572 573 574 575 576 577 578 579 580 581 582 583 584 585 587 588 589 592 593 594 595 596 597 598 600 601 602 603 605 606 607 608 609 610 611 612 613 614 615 616 617 618 619 621 622 623 624 625 626 627 628 629 630 631 632 633 634 635 636 637 638 639 640 641 642 643 645 646 648 649 650 651 652 653 654 656 657 658 659 662 663 664 665 666 667 668 670 671 672 673 674 679 680 681 682 683 684 685 686 687 689 690 692 694 696 697 698 699 700 701 703 704 705 706 707 708 710 711 712 713 714 715 716 717 718 719 720 721 722 723 724 726 728 729 730 731 732 735 737 738 739 743 744 745 747 748 749 750 751 752 753 754 755 756 757 758 759 760 762 763 764 765 766 767 768 769 770 771 772 773 774 775 776 777 778 779 780 781 782 783 784 785 786 789 790 791 792 793 794 795 798 799 800 801 802 803 804 805 806 807 808 810 811 813 815 817 818 819 820 821 822 823 824 825 826 827 828 830 832 833 834 835 836 837 838 839 840 841 842 843 846 847 848 849 850 851 852 853 854 855 856 857 858 859 861 862 863 865 866 867 868 869 870 871 872 873 874 875 876 877 878 879 881 882 883 884 885 886 887 888 889 890 894 895 896 897 898 899 902 903 904 905 906 907 908 909 910 911 912 913 914 915 916 917 918 919 920 921 922 923 925 926 928 929 930 931 933 934 935 936 937 938 939 940 941 942 944 946 947 948 949 950 951 952 953 954 955 956 957 958 959 960 961 962 963 964 965 966 967 968 969 970 971 972 973 974 975 976 977 978 979 980 981 982 984 985 986 987 988 989 992 993 994 995 996 997 1000 1001 1002 1003 1004 1005 1007 1008 1010 1011 1012 1013 1014 1015 1016 1017 1018 1019 1020 1021 1022 1023 1024 0
1 2 4 5 7 8 10 11 12 13 16 17 18 19 20 21 22 23 24 25 26 27 29 30 31 32 0

3
1 3 6 8 9 10 11 14 16 17 18 19 20 21 22 23 24 25 26 27 28 29 31 32 33 34 35 36 37 39 40 41 42 43 44 45 46 47 48 49 50 51 52 53 54 55 56 57 58 59 60 61 62 63 64 65 66 67 68 69 70 71 72 73 74 75 76 77 78 79 80 81 82 83 84 85 86 87 88 89 90 91 92 93 94 95 96 97 98 99 100 101 102 106 107 108 109 111 112 113 114 115 116 117 118 119 120 122 123 124 126 128 129 130 132 133 134 135 138 139 141 142 143 144 145 146 147 150 151 152 154 155 156 157 158 159 160 161 162 163 164 165 166 167 169 171 176 177 178 179 182 183 186 188 191 192 193 194 196 199 200 202 203 206 208 209 210 211 212 213 214 215 218 220 221 222 223 224 225 226 227 228 230 231 232 234 235 236 237 239 240 241 245 246 247 250 253 254 257 259 262 264 265 266 267 270 272 273 275 276 277 280 281 282 283 284 285 286 287 288 289 294 296 297 298 299 300 302 303 304 305 307 308 310 311 312 313 314 315 316 317 318 320 321 322 323 324 326 327 328 329 331 332 333 334 335 336 337 338 339 340 341 342 343 345 346 347 348 349 350 351 352 353 354 355 356 357 358 359 360 361 362 363 365 366 367 368 369 370 371 372 373 374 375 376 378 379 380 381 382 384 385 386 387 388 389 390 391 392 394 395 396 397 398 400 401 402 403 404 405 406 407 408 409 410 411 412 413 414 415 416 417 418 419 420 421 422 423 424 425 426 427 428 429 430 431 432 433 434 435 436 437 438 439 441 442 443 444 445 446 447 448 450 451 452 454 455 457 458 459 460 461 462 463 464 465 466 467 468 470 471 472 473 474 475 478 479 480 485 486 487 489 490 492 494 495 496 497 498 500 503 504 506 507 508 509 510 512 513 514 515 516 517 518 519 520 521 522 523 524 525 526 527 528 529 530 532 533 535 536 537 539 540 541 542 543 544 545 546 547 548 549 550 551 552 553 554 555 556 558 559 561 562 563 566 568 569 570 571 572 574 575 576 577 578 579 580 581 582 583 585 586 587 588 589 590 592 593 594 595 596 601 602 603 605 606 607 608 609 610 611 612 615 616 617 618 619 620 621 622 623 625 626 627 628 629 630 633 635 636 637 639 640 641 643 644 645 647 649 650 651 652 656 657 658 659 660 663 664 667 670 671 672 674 676 688 689 692 695 698 701 704 706 711 714 716 717 720 721 722 724 729 732 736 737 740 741 742 748 752 753 754 755 757 758 759 762 765 766 767 768 769 770 771 772 773 774 775 776 777 778 779 780 781 782 783 784 785 786 787 791 792 793 794 796 797 798 800 801 802 803 804 805 806 807 809 810 811 813 814 815 816 817 822 823 824 825 826 827 828 830 831 832 833 834 835 836 837 838 839 841 842 843 844 845 846 847 848 849 850 851 852 853 854 855 856 858 859 860 861 862 863 864 866 867 868 870 871 872 873 876 877 878 879 880 881 882 883 884 885 886 887 889 891 892 893 894 895 896 897 898 899 900 901 902 903 904 905 906 907 908 909 910 911 913 915 916 917 918 919 920 921 922 923 924 925 926 927 929 930 931 932 933 934 935 936 937 938 939 940 941 942 943 945 946 947 948 949 950 951 953 954 955 958 959 960 961 962 963 965 968 971 974 975 976 977 979 981 983 984 985 986 987 988 989 990 991 993 994 995 996 997 998 999 1000 1001 1002 1003 1004 1005 1006 1007 1008 1010 1011 1012 1014 1017 1018 1019 1021 1022 1023 1024 0
1 3 4 5 6 7 8 9 10 11 13 16 20 21 22 23 26 27 28 29 31 0

4
1 2 3 4 5 6 7 8 9 10 11 12 13 14 15 16 17 18 19 20 21 22 23 24 25 26 28 29 31 32 33 35 36 37 38 39 40 41 42 43 44 45 46 47 49 50 51 52 55 56 57 59 64 67 69 70 71 72 73 74 75 77 78 79 80 81 82 83 84 85 86 87 88 90 92 94 95 96 97 98 99 100 102 103 104 105 106 107 108 111 112 113 115 116 117 118 119 120 121 122 123 124 126 127 128 129 130 132 133 134 135 137 138 140 141 142 143 144 145 146 149 151 152 153 154 155 156 157 158 159 160 161 162 163 164 165 168 169 170 171 174 175 177 179 180 182 183 184 185 186 187 188 189 192 193 194 197 198 203 206 207 208 209 212 213 214 216 217 220 223 224 225 226 227 231 233 237 238 240 241 242 243 244 248 249 250 252 253 255 256 257 258 259 260 261 262 263 264 265 266 267 268 271 272 273 274 275 276 277 278 280 281 283 284 285 286 288 289 290 291 292 293 294 295 296 297 298 301 302 304 305 306 307 309 310 313 314 315 316 317 318 319 320 321 322 323 324 325 326 327 329 330 331 332 333 335 336 337 339 340 341 342 343 344 345 346 348 350 351 352 353 354 355 356 357 358 359 360 361 362 363 365 366 368 369 370 371 372 373 375 376 377 378 379 381 382 383 384 385 386 387 389 391 392 393 394 395 396 397 398 399 400 401 402 403 404 405 406 407 408 409 410 411 412 414 415 416 418 419 420 421 422 423 424 425 426 427 428 430 432 434 435 436 437 438 439 440 441 442 443 444 446 447 448 449 450 452 453 454 455 456 457 458 459 460 461 462 463 464 465 466 468 469 470 471 472 474 475 476 477 478 480 481 482 483 484 485 486 488 490 491 492 494 496 498 499 500 503 506 508 510 511 512 513 514 517 520 527 529 530 532 533 534 535 536 538 539 540 541 542 543 544 549 552 553 556 561 562 563 564 565 566 567 568 570 571 572 573 574 575 576 577 582 583 584 586 587 590 591 592 593 594 595 596 598 599 601 602 603 604 605 606 607 609 610 611 613 614 615 616 617 618 619 623 624 625 626 627 628 629 630 631 632 633 634 635 637 638 639 640 641 642 643 644 645 646 647 648 651 652 653 654 655 656 657 658 659 660 661 662 663 664 666 667 668 669 670 672 673 674 675 676 677 678 679 680 681 682 683 684 685 686 687 688 689 690 691 692 693 694 695 696 697 698 699 700 701 702 703 704 705 706 707 708 710 711 712 713 714 715 716 717 718 719 720 721 722 723 724 725 726 727 728 729 730 731 732 733 734 735 736 737 738 739 740 741 742 743 744 745 746 747 748 749 750 752 757 760 761 766 767 768 769 770 771 772 773 775 776 777 778 779 780 781 782 783 784 785 786 787 788 789 790 791 792 793 794 795 798 800 802 804 805 806 807 808 809 810 811 812 813 814 815 816 817 820 821 822 823 824 825 826 827 830 831 832 833 834 835 836 837 839 840 841 842 843 844 845 846 847 848 849 850 852 853 854 855 856 857 858 859 861 862 863 864 865 866 867 868 869 870 871 872 873 874 875 877 878 879 881 882 883 884 885 886 887 888 889 890 891 892 893 894 895 896 897 898 899 900 901 902 904 905 906 907 908 909 910 911 912 913 914 916 917 918 919 920 921 922 923 924 925 926 927 928 929 930 931 932 933 934 935 936 938 939 940 941 942 943 944 945 946 947 948 949 950 951 952 953 954 955 956 957 958 959 960 961 962 963 964 965 968 972 973 974 975 976 977 978 979 980 981 982 983 984 985 986 989 990 991 993 994 995 996 998 999 1000 1001 1002 1004 1005 1006 1007 1008 1010 1013 1014 1015 1016 1017 1018 1019 1020 1021 1022 1023 1024 0
3 4 5 10 12 14 15 16 17 19 21 24 25 27 29 30 32 0

5
1 2 3 4 5 7 8 11 13 16 17 18 21 23 24 25 27 28 30 31 32 33 34 35 36 38 40 41 44 46 48 49 51 55 56 58 59 60 62 64 65 66 67 68 70 72 73 74 75 77 78 79 81 82 83 88 89 90 91 92 93 95 96 97 98 101 102 103 106 107 108 109 110 113 114 116 117 119 120 121 122 123 124 125 126 129 130 131 132 133 134 135 136 137 139 140 142 143 144 145 146 147 148 151 154 155 156 157 159 160 161 162 163 164 165 169 170 171 172 173 174 175 176 177 179 180 181 182 183 185 186 187 188 189 190 192 193 194 195 196 197 198 199 200 201 202 203 204 205 206 207 209 210 211 212 214 216 217 218 219 220 221 222 223 224 225 226 227 228 229 230 232 233 234 236 237 240 241 242 244 245 247 248 249 250 254 257 258 259 261 263 264 265 268 269 270 271 272 273 274 275 277 278 280 281 283 286 287 288 289 294 295 296 297 298 299 300 301 302 303 304 305 306 307 308 311 312 313 315 316 317 318 319 320 322 323 327 329 330 331 333 334 335 336 337 339 343 344 345 346 347 348 349 350 351 352 353 356 357 358 359 360 361 362 363 364 365 366 367 368 369 370 371 374 375 376 377 378 379 380 381 382 383 384 385 386 387 388 389 391 392 393 394 395 396 397 398 399 400 401 402 403 404 406 407 408 409 410 411 412 413 414 415 416 417 419 420 421 422 423 424 426 428 429 430 431 432 433 434 435 436 437 438 439 440 442 444 445 446 447 448 449 450 451 454 455 456 458 460 461 463 464 466 468 470 471 472 473 474 476 477 478 480 481 483 486 487 490 493 494 496 497 498 500 501 503 504 506 510 511 512 513 514 515 516 517 518 519 520 521 522 523 524 525 526 527 528 529 531 532 533 534 535 536 537 538 539 540 541 542 543 544 545 546 547 548 549 550 551 552 553 554 555 556 557 558 559 561 563 568 570 571 572 573 574 575 576 577 578 579 583 587 588 589 590 591 592 593 594 595 596 598 601 602 604 605 606 607 608 609 610 611 615 617 618 620 621 622 623 624 625 626 627 628 630 633 634 635 636 637 639 640 641 643 648 649 650 651 652 653 654 655 657 658 659 660 661 662 663 664 666 667 668 669 670 671 673 674 675 676 677 678 679 680 681 682 683 684 685 686 687 688 689 690 691 692 693 694 695 696 697 698 699 700 702 703 704 705 706 707 708 709 713 714 715 716 717 718 720 721 722 723 731 732 733 734 735 737 738 739 741 742 743 747 748 749 750 751 752 753 754 755 756 757 761 764 765 766 768 769 770 771 772 773 774 775 776 777 778 779 780 781 782 783 784 785 786 787 788 789 790 791 792 793 794 795 796 797 798 799 800 802 803 804 805 806 807 808 809 810 811 812 813 814 817 818 819 820 821 823 824 825 826 827 828 829 830 831 833 834 835 836 837 838 839 841 843 844 845 846 847 848 849 852 856 857 859 862 863 864 865 866 867 868 869 870 871 872 873 874 875 876 877 878 879 880 881 882 883 884 885 887 890 891 893 894 895 896 897 898 899 900 901 902 903 904 905 906 907 908 909 910 911 912 914 915 916 918 919 920 921 922 923 924 925 926 927 928 929 930 931 932 933 934 935 936 937 938 939 940 941 942 943 944 945 947 948 949 950 951 952 953 954 955 956 957 958 959 960 961 962 963 964 965 966 967 968 969 970 971 972 973 974 975 976 977 978 979 980 981 982 983 984 985 986 987 988 990 992 993 994 998 999 1001 1002 1003 1004 1005 1006 1007 1008 1011 1012 1013 1014 1015 1016 1017 1021 1022 1023 1024 0
1 2 3 4 5 6 7 10 12 14 16 17 18 19 20 21 22 23 24 27 29 30 31 32 0

6
1 2 4 6 7 8 10 11 12 13 14 15 16 17 18 19 20 21 22 23 24 25 26 27 28 29 30 31 32 33 34 35 36 37 38 39 40 41 42 43 44 45 46 47 48 49 50 51 52 53 54 55 56 57 58 59 60 61 62 63 65 66 67 68 69 70 71 72 74 75 76 77 78 79 80 81 82 83 84 85 86 87 88 89 90 91 92 93 94 95 97 98 99 100 101 102 103 104 105 107 108 109 110 111 112 113 115 116 117 118 119 120 121 122 123 124 125 126 127 128 129 130 131 132 133 134 135 136 137 138 139 140 141 142 143 144 145 146 147 148 149 150 152 153 154 156 157 158 159 160 161 162 163 164 165 166 168 169 170 171 172 174 175 176 177 178 179 180 181 182 183 185 186 187 190 191 193 194 195 196 197 198 200 201 204 206 207 208 209 210 211 212 213 214 215 216 217 218 220 222 223 224 225 226 227 228 230 231 232 234 235 236 237 239 240 241 242 243 244 245 246 247 249 251 252 253 255 256 257 258 259 260 261 263 264 265 266 267 271 272 274 275 276 277 278 279 280 281 282 284 285 287 288 289 290 291 292 293 295 296 297 299 300 301 302 303 304 305 306 308 309 310 311 312 313 315 316 318 319 320 321 322 323 324 325 326 328 329 330 331 332 333 334 335 336 337 338 339 340 341 342 344 345 346 347 348 349 350 351 352 353 354 355 356 358 360 362 363 365 366 367 368 369 370 371 372 373 375 376 377 379 380 381 382 383 384 385 386 387 388 389 391 393 394 395 397 398 400 401 403 404 405 408 409 410 411 412 413 415 416 417 418 419 420 421 423 425 426 428 429 431 432 433 434 435 437 438 439 440 441 442 443 444 445 446 447 448 449 451 452 453 461 463 464 465 466 467 468 469 471 472 473 475 476 478 479 480 481 482 484 486 487 488 492 494 495 496 497 498 499 500 501 502 504 506 509 510 511 512 513 514 515 516 517 518 519 521 522 523 524 526 527 528 529 530 531 532 535 537 538 539 540 541 545 546 547 548 549 550 551 552 553 554 557 559 560 561 562 563 564 565 566 567 568 569 570 571 572 573 574 575 576 577 578 579 580 581 582 583 584 585 587 588 589 590 592 593 594 595 596 597 599 602 603 605 607 608 609 611 612 613 617 618 619 620 621 622 623 624 625 626 627 629 632 633 634 635 636 637 638 639 640 641 642 644 645 646 647 648 649 650 651 652 653 654 655 657 658 659 661 662 663 664 665 666 668 669 670 672 673 674 675 676 677 678 681 682 684 685 686 687 688 689 690 692 693 694 695 696 697 698 700 701 702 703 705 706 707 709 710 711 712 713 714 718 719 720 721 722 723 725 728 730 731 733 734 735 736 737 738 739 740 741 742 744 746 747 748 749 750 751 752 753 754 755 756 757 758 765 766 769 770 771 772 773 774 775 776 777 778 779 780 781 782 783 784 786 788 789 790 791 792 793 794 795 796 797 798 799 800 801 802 803 805 806 807 808 809 810 811 812 813 814 816 817 818 819 820 821 822 823 824 825 826 828 829 830 832 834 835 836 838 839 840 841 842 843 844 845 846 847 848 849 850 852 853 855 856 857 859 862 863 864 865 866 867 868 869 870 871 872 873 874 876 877 879 880 881 883 885 886 888 889 890 891 892 893 894 895 896 897 898 899 900 901 902 903 905 907 908 909 910 911 912 913 914 915 916 917 918 919 921 922 924 925 926 927 928 929 930 931 932 933 934 935 936 937 938 939 940 941 944 945 946 947 948 950 951 952 953 954 955 959 961 963 965 966 967 968 969 970 971 972 973 974 975 976 977 978 979 981 982 983 984 985 986 987 988 990 991 992 993 996 998 999 1000 1001 1002 1003 1004 1006 1007 1008 1009 1010 1011 1012 1013 1014 1016 1017 1018 1019 1020 1022 1023 1024 0
3 4 6 8 9 10 12 13 14 16 17 18 20 21 23 25 27 29 30 31 32 0

7
1 2 3 4 5 6 7 8 9 10 11 12 13 14 15 16 17 19 20 21 22 23 24 25 26 27 28 29 30 31 32 33 35 36 37 38 39 43 44 45 47 48 49 50 51 52 53 54 55 58 59 61 62 64 65 68 69 70 73 74 75 76 77 78 80 81 84 85 88 89 91 93 94 95 96 97 98 100 102 103 104 106 107 108 109 111 112 113 114 116 117 118 119 121 122 123 126 127 128 129 131 132 133 135 136 137 138 139 140 141 142 144 145 146 147 148 149 150 151 152 153 155 157 158 160 161 162 163 164 165 166 168 170 175 176 177 178 179 182 183 184 185 186 187 188 189 190 192 193 194 195 196 200 201 202 203 205 206 207 208 209 210 211 212 213 214 215 218 220 221 222 224 225 226 227 228 229 231 232 233 235 236 238 241 242 244 246 247 248 250 254 255 257 258 259 260 262 263 264 265 266 267 268 269 271 272 273 274 275 276 277 279 280 281 282 283 284 285 286 288 289 290 291 292 293 294 295 296 297 298 299 300 301 302 303 304 305 306 307 308 309 310 311 312 313 314 315 316 319 320 321 322 323 324 325 327 328 329 330 331 333 334 335 336 337 338 339 340 341 342 343 344 345 346 347 349 350 352 353 354 355 356 357 358 359 360 361 362 363 365 366 367 368 369 370 371 372 373 374 375 376 377 378 379 381 382 383 384 385 386 387 388 389 390 391 392 393 394 395 397 398 399 400 401 402 403 404 405 406 407 408 409 410 411 413 414 415 416 417 418 419 420 421 422 423 424 425 426 427 428 429 430 431 432 433 434 435 436 437 438 439 440 441 442 443 444 445 446 447 448 449 450 451 452 453 455 456 457 458 459 460 462 463 464 465 466 467 468 469 470 471 472 474 475 476 477 478 479 480 481 482 484 485 486 488 489 490 491 492 493 494 495 496 497 498 499 501 502 504 505 506 509 510 511 512 513 514 515 516 518 519 520 521 522 524 525 526 527 529 530 531 532 533 534 535 536 537 538 539 540 542 543 544 546 547 548 549 550 551 552 553 555 557 558 561 562 563 564 565 566 567 568 569 570 572 573 575 576 577 578 579 580 581 582 583 584 585 587 588 589 590 591 593 594 595 596 597 598 599 600 601 604 605 606 608 609 610 611 612 613 615 616 617 618 619 620 621 622 623 624 625 629 630 631 635 636 637 638 639 640 641 642 643 645 649 650 651 652 653 654 655 656 657 660 661 662 663 664 665 666 667 668 669 670 671 672 673 674 675 676 678 680 681 682 683 684 685 686 687 688 689 690 691 692 693 694 695 696 697 698 699 700 701 702 703 704 706 707 708 709 710 712 713 714 715 716 717 718 719 720 721 722 723 724 725 726 728 729 730 731 732 733 734 735 736 737 738 739 740 741 742 743 744 745 746 747 748 749 750 751 752 753 755 756 760 761 763 764 766 767 768 769 770 771 772 773 774 775 776 777 778 779 780 781 782 783 784 785 786 788 789 790 791 792 794 795 796 797 798 799 801 802 804 805 806 807 808 809 810 811 812 814 815 816 817 818 819 820 821 822 823 824 825 826 827 828 829 830 831 832 833 834 835 836 837 838 839 840 841 842 843 844 845 846 847 850 851 852 853 854 856 857 858 859 860 861 862 863 864 865 866 867 869 871 872 873 874 875 876 877 878 879 880 882 883 884 885 886 887 888 889 890 891 892 893 894 895 896 897 898 899 900 901 902 903 904 905 906 907 908 909 910 911 912 913 914 915 916 917 918 919 920 921 922 923 924 925 926 927 928 929 930 931 932 933 934 935 936 937 938 939 940 941 942 943 944 945 946 947 949 950 951 952 956 957 958 959 960 961 962 963 964 965 966 967 968 969 970 971 972 973 974 975 976 977 978 979 980 981 982 984 985 986 987 989 990 991 992 993 994 995 996 998 999 1000 1001 1002 1003 1005 1006 1007 1008 1009 1010 1011 1012 1013 1014 1015 1016 1017 1018 1019 1020 1021 1022 1023 1024 0
3 4 5 6 8 10 13 14 15 16 17 18 21 22 23 24 25 26 28 32 0

8
1 2 3 4 5 8 10 11 12 14 15 16 17 18 19 20 21 23 24 25 27 28 29 30 31 32 33 34 36 37 38 39 40 41 42 43 44 45 46 47 48 49 50 51 52 53 54 55 56 57 59 60 62 63 64 65 66 67 68 69 70 71 73 74 75 76 77 78 79 80 81 82 83 84 85 86 87 91 92 95 96 97 98 99 100 101 102 103 105 106 107 108 109 111 112 113 114 115 116 117 118 119 120 121 123 124 125 126 127 128 129 130 132 133 134 135 136 137 138 139 140 141 142 143 144 145 146 147 148 149 150 151 152 153 154 155 156 157 158 159 160 161 163 165 166 167 168 169 170 171 172 173 174 175 176 177 178 179 180 182 183 184 185 186 187 188 189 190 191 192 193 195 197 199 200 201 202 203 204 205 206 207 208 209 210 212 214 215 216 217 218 219 220 221 222 223 224 225 226 227 228 229 230 231 232 233 234 235 236 237 238 239 240 241 242 244 245 248 250 252 253 254 255 257 258 259 260 261 262 263 264 265 268 269 270 271 272 273 274 275 276 277 278 279 280 281 283 284 285 286 287 288 289 290 291 292 293 294 295 296 297 298 299 300 301 302 303 304 305 306 307 308 310 311 312 313 314 316 317 318 319 320 321 323 324 325 326 328 329 330 332 333 335 336 337 338 339 341 342 343 344 346 347 348 349 350 351 352 353 355 356 358 360 362 363 364 365 367 368 369 370 371 372 373 374 375 376 377 378 383 384 385 386 388 389 390 391 392 393 394 395 396 397 398 399 400 401 402 403 405 406 407 408 409 410 411 412 413 414 415 416 417 418 420 422 423 424 426 428 429 430 431 432 433 434 435 436 437 438 439 440 441 442 443 445 446 447 448 449 450 451 452 454 455 456 457 458 459 460 461 462 463 464 465 466 468 469 470 471 472 473 474 475 476 477 478 479 480 481 482 484 486 487 488 489 490 491 493 494 495 496 497 498 499 500 501 502 504 505 506 508 509 510 511 512 516 524 528 529 530 531 532 533 534 535 536 537 539 540 543 544 545 546 547 548 549 550 551 552 553 554 555 556 557 558 559 560 561 562 563 564 565 566 567 568 569 570 571 572 573 574 575 576 578 580 581 582 583 584 585 586 587 588 589 590 592 594 595 596 597 598 599 600 601 602 604 605 606 607 608 609 610 611 612 613 614 615 616 617 618 619 624 625 627 628 629 631 632 637 638 639 641 642 643 644 645 646 652 653 654 656 657 658 659 660 661 662 664 665 666 667 669 670 671 672 673 674 675 676 677 678 679 680 681 682 683 684 686 687 689 690 691 692 693 694 696 697 698 699 700 701 703 704 705 706 707 708 709 710 711 712 713 714 715 716 717 718 719 721 723 724 725 726 727 730 731 732 734 735 736 737 739 740 741 742 743 745 746 749 750 751 752 753 754 755 756 761 762 763 764 765 767 768 769 770 771 772 773 774 775 776 777 778 779 780 781 782 783 784 785 786 787 788 789 790 792 793 794 795 796 797 798 799 800 801 803 807 808 810 812 813 814 816 817 818 821 824 825 826 827 828 829 830 831 833 836 839 840 841 843 844 845 846 847 849 850 851 852 853 855 856 857 858 859 860 861 862 863 864 865 866 867 868 869 870 871 872 873 874 875 876 877 878 879 880 881 882 883 884 885 886 887 888 889 890 891 892 893 894 895 896 897 899 900 901 902 905 906 907 908 910 911 912 913 914 915 916 918 919 920 921 922 923 924 925 926 927 928 929 930 931 932 933 935 936 937 938 939 940 944 945 946 947 948 949 950 951 952 953 954 955 956 957 959 960 961 962 963 964 965 968 969 971 972 973 976 977 978 980 981 982 983 984 985 986 987 988 990 991 992 993 994 995 996 997 999 1000 1001 1002 1003 1005 1008 1009 1010 1011 1012 1013 1014 1015 1017 1018 1019 1020 1021 1022 1023 0
2 4 6 8 9 10 14 15 16 18 20 21 23 25 26 27 29 30 31 32 0

9
1 2 5 6 9 11 14 16 17 18 19 20 21 22 23 24 25 26 27 28 29 31 32 33 34 35 37 38 41 42 44 48 49 50 51 52 53 55 56 57 59 61 62 63 64 65 66 67 69 71 72 74 76 77 78 79 80 81 83 85 86 87 88 89 90 91 93 94 96 97 98 100 101 102 103 104 105 106 108 110 111 112 113 115 116 117 118 120 121 122 123 124 125 126 127 128 129 130 132 134 135 136 137 138 139 140 142 143 144 145 146 147 148 149 150 151 152 153 154 155 156 157 158 159 160 161 162 163 164 166 167 168 169 170 171 172 173 174 175 176 177 178 179 180 182 183 184 185 186 187 189 191 192 193 194 195 196 198 200 201 202 203 204 208 209 210 211 212 213 214 215 216 217 220 221 223 224 225 226 227 228 229 230 231 232 233 234 235 237 238 240 241 242 243 244 245 246 247 248 249 250 251 252 254 256 257 258 259 260 262 264 266 268 269 270 271 272 273 274 275 276 278 279 282 286 288 289 291 293 295 296 297 298 302 304 305 306 307 309 311 313 316 317 318 319 320 321 322 324 325 326 328 329 330 331 332 333 334 336 337 338 340 342 343 344 345 348 350 351 352 353 354 355 356 357 358 359 360 361 362 364 365 366 367 368 369 370 371 372 373 374 376 377 379 380 381 383 384 385 388 390 391 392 393 394 395 396 398 399 400 401 403 404 405 406 407 408 409 411 412 413 414 415 416 417 418 420 421 422 423 424 425 426 427 429 430 432 433 435 436 437 438 439 440 441 444 445 446 447 448 449 450 451 452 453 454 455 456 459 460 461 462 463 464 465 466 467 468 469 470 471 472 473 474 475 476 477 478 479 480 481 482 483 484 487 488 489 490 491 492 493 494 495 496 498 499 500 501 502 503 504 505 506 507 508 509 510 511 512 513 514 515 516 517 518 519 520 521 522 523 524 525 526 527 528 529 530 532 534 535 536 537 538 539 540 541 542 543 544 545 546 547 548 549 550 551 552 553 554 555 556 557 558 559 561 562 563 564 565 566 567 568 569 570 571 572 573 574 575 576 577 578 579 580 581 582 583 584 585 586 587 588 589 590 591 593 594 595 596 599 600 601 602 603 604 605 606 607 608 609 610 611 612 614 615 616 618 619 620 621 622 623 624 625 626 627 628 629 630 631 633 635 638 639 641 642 643 644 645 646 648 649 650 651 652 654 655 657 658 659 660 661 664 665 666 667 668 670 671 672 673 674 675 676 677 678 679 680 681 682 683 685 686 687 688 689 690 691 692 693 694 696 697 700 702 703 704 705 706 707 708 709 711 712 713 714 715 717 718 719 720 721 722 724 725 726 727 728 729 730 731 732 733 734 735 736 737 738 740 741 742 743 744 745 746 747 748 749 750 751 752 753 754 755 756 757 758 764 765 766 768 769 770 771 772 773 774 775 776 777 778 779 780 781 782 783 784 785 790 791 792 794 795 796 797 800 801 803 804 806 807 808 809 810 811 813 815 817 818 819 820 821 822 824 826 827 828 829 830 832 833 834 835 836 837 838 839 840 841 842 843 844 845 846 847 848 849 854 855 857 858 860 862 863 864 865 866 868 869 870 871 872 873 874 875 877 880 881 882 883 884 885 886 887 888 889 891 892 893 894 895 897 898 899 901 903 904 905 906 907 908 909 910 911 912 913 914 915 917 918 919 921 922 923 924 925 926 927 928 929 931 933 934 935 936 937 938 939 940 941 942 945 946 947 948 949 950 951 952 953 954 955 956 959 960 961 962 963 964 965 966 967 968 969 970 971 972 973 975 976 978 980 981 982 983 984 985 986 987 988 989 990 991 992 993 994 995 996 998 1000 1001 1002 1003 1004 1005 1006 1007 1008 1009 1010 1011 1013 1014 1015 1016 1017 1018 1019 1020 1021 1022 1023 1024 0
1 2 3 5 6 7 9 10 11 12 14 15 16 17 18 19 20 21 22 23 24 25 26 27 28 29 30 32 0

10
1 2 3 4 5 6 7 8 9 11 12 14 15 16 17 18 19 20 21 22 23 24 25 26 27 28 29 32 33 34 35 38 39 40 41 42 43 44 45 46 48 49 50 51 52 53 56 57 58 60 61 63 64 65 66 67 68 71 72 73 74 75 76 77 78 79 80 81 82 83 84 85 86 87 88 89 92 97 98 99 102 103 104 105 106 107 108 109 112 113 114 115 117 118 119 120 121 122 124 125 126 127 128 129 130 131 133 135 136 137 138 139 140 141 142 143 146 147 148 149 150 151 152 154 155 156 157 158 159 161 162 163 164 165 166 167 169 170 171 172 173 174 175 177 178 179 180 181 182 183 184 185 186 187 188 189 190 191 192 195 197 198 199 200 201 202 203 204 205 206 207 209 210 211 213 214 215 216 218 219 220 221 222 223 224 225 226 227 229 230 231 233 236 238 240 241 242 245 247 248 250 252 253 254 255 256 257 258 259 260 261 262 264 265 267 268 269 270 271 272 273 274 275 276 277 278 279 280 281 282 283 284 286 287 288 289 290 291 292 293 294 295 296 297 298 299 300 301 302 303 304 305 306 307 310 311 312 313 314 315 316 317 318 319 320 321 322 323 324 325 326 327 328 329 331 332 333 335 336 337 339 341 342 343 344 345 346 347 348 349 351 352 353 354 355 358 359 360 362 363 364 365 366 367 368 369 371 372 375 377 378 380 381 382 383 384 385 387 388 389 392 393 394 395 396 397 398 399 400 401 402 403 404 405 407 408 410 411 412 413 415 417 418 419 420 421 422 424 426 427 428 429 431 434 435 437 438 439 441 442 443 444 445 446 447 448 449 450 451 452 453 454 455 456 457 458 459 460 461 462 463 464 465 467 468 471 472 473 474 475 476 477 479 480 481 482 483 485 486 487 488 489 490 491 492 493 495 496 497 498 500 501 502 503 504 505 508 512 513 514 515 516 517 523 524 525 527 528 529 530 532 533 534 535 536 537 538 540 541 542 543 544 545 546 548 549 550 551 552 553 561 564 566 567 568 569 570 572 575 577 578 579 581 582 583 584 585 586 587 589 590 592 593 595 597 598 600 601 602 603 604 605 606 607 608 609 610 615 616 617 619 620 621 622 623 624 625 626 627 628 629 630 631 632 633 634 635 637 638 639 640 641 643 645 646 647 648 651 652 653 654 655 657 658 659 660 661 664 665 666 669 670 671 673 676 677 678 679 680 681 684 685 689 691 693 694 695 696 699 705 706 709 717 718 719 721 722 723 724 725 726 730 731 732 734 735 737 738 739 740 741 742 743 744 745 746 747 748 749 750 752 754 755 763 764 765 766 767 768 769 770 771 772 773 774 775 776 777 778 779 780 781 782 783 784 785 786 787 788 790 791 792 793 794 795 796 797 798 799 800 801 802 803 805 806 807 808 809 810 811 812 813 814 815 816 817 818 819 820 821 822 823 824 825 826 827 828 829 830 831 832 833 834 835 836 837 838 839 840 841 842 843 844 845 846 847 848 849 850 851 852 853 854 855 856 857 858 859 860 861 862 863 864 865 867 868 869 870 871 873 874 875 879 880 882 883 884 885 888 891 892 893 894 897 899 900 901 902 903 905 906 911 912 913 914 915 916 917 918 919 920 922 924 925 926 928 929 930 931 932 933 937 939 942 943 944 945 947 948 949 950 951 954 955 956 957 958 961 962 963 964 965 966 967 968 969 971 972 973 974 975 977 978 979 980 981 982 983 984 985 986 987 988 989 990 991 992 993 994 995 996 997 998 999 1000 1001 1002 1003 1004 1005 1006 1007 1010 1011 1012 1014 1015 1016 1017 1019 1020 1021 1022 1023 1024 0
1 2 3 4 8 9 10 11 12 13 14 15 16 18 19 20 22 23 24 25 26 29 0

11
1 2 3 4 5 7 8 10 12 13 14 16 17 18 19 20 22 23 24 25 29 30 33 35 37 42 43 45 46 47 48 49 51 52 53 57 58 60 61 62 63 64 65 66 69 70 72 73 74 75 76 77 78 81 82 83 86 87 88 89 90 91 92 95 96 97 98 99 100 101 102 103 104 109 110 111 113 114 115 116 117 118 119 120 121 123 124 125 127 128 129 130 131 132 133 134 136 138 142 143 145 146 147 149 150 151 152 153 154 155 156 161 162 163 165 166 167 169 170 171 174 175 177 178 179 180 181 182 183 184 185 186 187 188 191 192 193 194 195 196 197 198 199 200 201 203 204 205 207 209 212 214 215 216 217 218 220 221 222 224 225 227 228 230 231 232 233 234 235 239 243 244 245 246 247 248 249 250 251 252 253 254 255 256 257 259 260 261 262 263 264 265 266 267 268 269 270 271 272 273 274 275 276 277 278 279 280 281 283 285 286 287 288 289 290 291 293 294 295 296 297 298 300 303 304 305 306 307 309 312 313 314 319 320 321 322 323 324 325 326 328 329 330 332 334 335 336 338 340 341 342 345 346 348 349 350 352 353 354 355 358 360 361 362 363 364 365 366 367 368 369 370 371 372 374 375 376 377 378 380 381 383 384 385 386 387 388 389 390 391 392 393 394 395 396 397 399 400 401 402 403 404 405 406 408 409 410 411 412 413 414 415 416 417 419 420 421 422 423 424 425 426 427 428 430 431 432 433 434 435 436 437 438 439 442 443 444 448 449 450 451 453 454 456 457 459 460 462 464 465 466 467 468 469 474 475 476 478 479 480 481 482 483 484 485 486 487 488 490 491 493 495 496 498 499 500 501 502 503 505 506 507 510 511 512 515 520 521 524 525 526 528 530 531 532 533 535 536 537 540 541 543 545 548 549 550 551 554 555 556 557 558 559 560 561 562 563 564 566 567 568 569 570 571 572 575 576 577 578 579 580 581 582 583 584 586 587 588 589 590 592 593 594 595 596 597 598 599 600 601 602 603 604 606 607 609 610 612 613 614 615 616 618 619 621 622 623 625 626 628 629 631 632 633 634 635 636 637 638 639 640 642 643 644 645 647 648 649 651 653 654 655 657 658 659 660 661 662 663 664 665 667 669 675 676 677 679 680 681 682 687 689 690 691 692 694 695 697 698 699 700 701 702 703 704 705 706 709 711 712 713 714 715 717 718 721 722 724 725 728 730 733 734 735 736 737 738 739 743 744 745 746 747 748 750 751 753 754 755 758 760 764 766 768 769 770 771 772 773 774 775 776 777 778 779 780 781 782 783 784 785 786 787 788 789 790 791 792 793 794 795 800 803 804 808 809 814 816 817 818 819 821 825 827 828 829 830 831 832 833 836 837 838 839 842 844 845 847 849 850 852 853 855 856 857 858 859 861 862 865 866 867 868 869 870 871 872 874 875 876 877 879 880 882 884 887 888 889 892 894 896 897 898 899 900 901 903 904 905 906 907 908 910 911 912 913 916 917 918 919 921 922 923 924 925 926 928 929 930 934 936 937 939 940 942 943 944 945 947 948 951 953 954 956 958 960 961 962 963 965 966 969 970 974 975 976 977 979 983 984 985 986 987 988 989 990 991 992 993 994 996 997 998 1001 1002 1003 1007 1008 1009 1010 1011 1012 1013 1014 1015 1016 1018 1019 1021 1022 1023 1024 0
1 2 4 5 6 8 10 11 12 13 15 18 21 22 23 25 26 28 32 0

12
1 2 5 6 7 8 10 11 12 13 15 16 17 18 19 20 21 23 24 25 26 27 28 29 31 32 33 34 35 36 37 38 39 40 41 42 43 44 45 46 48 49 50 51 52 53 55 56 57 59 60 61 63 64 65 66 67 68 70 72 73 74 75 76 78 79 80 81 82 83 84 85 86 87 88 89 90 91 93 94 96 97 98 99 100 101 102 103 104 105 106 107 108 109 110 111 112 113 114 115 116 117 118 119 120 121 122 123 124 125 126 127 128 129 130 131 132 133 134 135 136 137 138 139 140 141 142 143 144 145 146 147 148 149 150 151 154 155 156 157 158 159 160 161 162 163 164 166 167 168 169 170 171 172 173 174 175 176 177 178 179 180 181 182 183 184 185 186 187 189 190 191 192 193 194 195 196 197 198 199 200 201 202 204 205 206 207 208 209 210 211 212 213 215 216 218 221 222 223 224 225 226 227 228 229 231 233 234 235 236 237 238 239 240 241 242 243 244 245 246 247 248 249 250 253 254 255 256 257 258 260 261 262 264 265 266 267 269 270 271 272 273 274 275 276 279 280 282 283 284 285 286 287 288 289 290 291 292 293 294 296 297 298 299 300 302 303 304 305 306 307 308 309 310 311 314 315 320 321 322 323 325 327 329 330 331 332 335 336 337 338 340 342 343 345 346 347 348 349 352 353 354 356 357 358 360 361 362 363 364 365 366 367 368 369 371 373 374 376 377 378 379 380 381 382 383 384 385 386 387 388 389 390 392 394 395 396 397 398 399 400 401 402 403 404 405 406 407 408 409 410 411 412 413 414 415 416 417 418 419 420 422 423 424 426 427 428 429 430 431 432 433 434 435 436 438 439 440 441 442 443 444 445 446 447 448 449 450 451 452 454 455 456 457 458 459 460 461 462 464 465 466 467 468 470 472 473 475 476 477 478 479 480 482 483 484 486 487 488 489 490 493 494 495 496 497 498 499 500 501 502 503 504 505 506 508 509 510 511 512 514 515 516 517 518 519 520 524 525 526 528 529 531 534 535 536 537 538 539 541 542 543 544 545 546 547 548 551 552 553 554 555 556 558 559 560 561 562 563 564 565 566 573 575 576 577 578 579 580 585 588 589 590 591 592 593 594 596 597 599 600 601 603 604 605 606 607 608 609 610 611 612 613 614 615 616 618 619 621 624 625 626 627 628 629 630 631 632 634 635 637 638 639 640 641 642 643 644 645 646 647 649 650 651 652 653 655 656 657 658 659 662 663 665 666 667 668 669 670 671 672 673 674 675 678 679 680 681 682 683 685 687 688 689 690 692 693 694 695 696 699 700 701 702 704 705 706 707 708 709 710 711 712 714 715 716 718 720 721 722 726 727 728 729 731 732 734 735 736 737 738 739 745 746 747 748 749 750 751 752 753 754 755 757 758 759 760 761 762 763 764 765 766 767 768 769 770 771 772 773 774 775 776 777 778 779 780 781 782 783 784 785 786 787 788 789 790 791 794 795 797 798 799 800 802 803 804 805 806 807 808 809 811 813 814 815 816 817 818 820 821 823 825 826 832 833 834 835 836 837 838 839 841 842 843 844 845 846 847 848 849 850 851 852 853 854 855 856 857 858 859 860 861 862 863 864 865 866 867 869 870 871 872 873 874 875 876 877 878 879 880 882 883 884 885 886 887 888 890 891 892 893 895 896 897 898 899 900 901 902 903 904 906 907 908 909 910 911 912 913 915 917 918 919 920 922 923 925 926 927 928 929 931 932 933 934 935 938 940 942 943 944 945 946 947 948 949 950 951 952 954 955 956 957 958 959 960 961 962 964 965 966 967 968 969 970 971 972 973 974 975 976 977 979 980 982 983 984 985 986 987 989 990 992 993 994 995 996 1000 1001 1002 1004 1006 1008 1010 1011 1012 1013 1014 1015 1016 1017 1018 1019 1020 1021 1022 1023 1024 0
1 2 4 5 6 7 8 9 10 12 15 16 18 19 20 21 23 25 27 29 30 31 32 0

13
1 2 4 5 6 8 9 10 11 12 14 16 17 18 20 21 22 23 24 25 26 28 29 30 31 32 33 35 36 37 38 39 40 41 42 43 44 45 46 47 48 49 50 51 52 53 55 56 57 58 59 60 61 62 63 64 65 66 68 69 71 72 73 74 75 76 77 78 79 80 81 82 83 84 86 87 88 89 90 91 92 93 94 96 97 98 99 100 101 103 104 105 106 109 110 111 112 113 114 115 116 117 118 119 123 124 125 126 127 128 129 130 131 132 133 134 135 136 137 138 139 140 141 143 144 145 146 147 148 149 150 151 152 153 154 156 157 158 159 160 161 162 163 164 165 166 168 169 170 171 172 173 174 175 176 177 178 179 180 181 182 183 184 185 186 187 188 190 191 192 193 194 195 196 198 200 201 202 203 204 205 206 207 208 209 210 211 212 213 215 216 217 220 222 223 224 225 227 228 229 231 232 234 235 236 240 241 242 244 245 248 251 252 254 256 257 258 259 260 261 262 263 264 265 266 267 269 271 272 273 275 276 278 279 281 282 283 284 285 286 288 289 290 291 292 293 294 295 296 297 298 299 300 301 302 303 304 305 306 308 311 312 313 314 315 316 318 319 320 321 322 323 324 325 326 327 328 329 330 331 332 333 334 335 336 337 338 339 340 342 343 344 345 347 348 349 350 351 352 353 355 356 357 358 359 361 363 365 368 369 370 371 372 374 375 376 378 379 380 381 383 384 385 386 387 388 389 390 391 392 394 395 396 397 399 400 401 403 404 405 406 407 408 409 410 412 413 415 416 417 419 420 421 422 425 426 427 428 429 431 432 433 435 436 437 439 441 442 443 444 445 446 447 448 449 450 452 455 457 458 460 461 462 463 464 465 466 467 468 469 470 471 472 473 474 475 476 478 479 480 481 483 484 485 488 489 490 491 492 494 495 496 497 499 500 502 503 504 508 510 512 513 514 515 516 517 518 519 520 521 522 523 524 525 526 527 528 529 531 532 533 534 535 536 537 538 539 541 542 543 544 545 546 547 548 549 550 551 552 553 554 555 556 557 558 560 561 562 563 564 565 566 571 575 576 577 578 579 581 582 586 587 589 591 592 593 594 595 596 597 598 601 605 606 607 608 609 610 611 612 613 614 615 616 617 618 619 620 621 622 623 624 625 626 627 628 630 633 634 635 636 637 640 641 642 643 644 646 647 650 652 653 654 655 657 658 659 660 661 662 663 664 666 667 668 669 670 672 673 674 675 676 678 679 680 681 682 683 684 685 686 687 688 689 691 692 693 694 696 697 698 699 700 702 703 704 705 707 708 711 713 714 715 716 718 719 721 722 723 724 725 726 727 728 729 730 734 735 736 737 738 740 741 742 743 744 745 746 748 749 750 751 752 753 754 755 756 757 758 759 760 761 762 763 764 768 769 770 771 772 773 774 775 776 777 778 779 780 781 782 783 784 785 786 787 788 789 790 791 792 793 794 796 797 800 801 802 804 805 806 807 808 809 810 811 812 813 814 815 817 818 820 821 822 823 824 825 826 827 828 831 832 833 834 835 837 838 839 840 841 842 845 846 847 848 849 850 851 852 853 854 855 856 857 858 859 860 861 862 863 864 865 866 867 868 870 871 872 873 874 875 876 877 878 880 881 882 883 884 885 886 887 889 891 892 893 894 895 896 897 898 899 900 901 902 903 904 905 906 907 908 909 910 911 912 913 914 915 916 917 918 919 920 922 923 924 925 926 927 929 930 931 932 933 935 936 937 938 939 940 941 942 943 944 945 946 947 948 949 950 951 952 953 954 955 956 957 958 959 960 961 962 965 966 967 968 969 971 973 974 975 977 978 979 980 981 982 983 984 985 986 987 988 989 990 991 993 994 995 996 997 998 999 1000 1001 1002 1006 1007 1008 1009 1010 1011 1012 1013 1014 1015 1016 1017 1018 1019 1021 1022 1024 0
1 2 3 4 5 8 10 12 13 14 15 16 18 19 20 21 25 27 29 32 0

14
1 2 6 9 12 14 16 17 18 19 21 22 23 24 27 29 31 32 33 34 36 37 38 39 40 41 43 44 46 49 50 51 53 54 55 56 57 58 61 63 64 65 66 68 69 70 71 72 73 74 75 76 77 78 79 81 83 84 85 86 87 88 89 90 91 92 93 94 95 96 97 98 99 100 102 103 104 105 106 107 108 110 111 112 113 114 115 116 117 118 119 120 121 122 123 124 125 126 128 129 130 131 133 134 136 138 140 141 142 145 147 150 152 153 154 155 156 160 161 162 165 166 168 169 170 171 173 175 176 177 178 181 182 183 184 185 186 187 188 189 191 192 193 194 195 196 197 198 199 200 201 202 203 204 207 208 209 210 212 213 215 216 217 218 219 220 221 222 223 225 226 227 228 229 230 232 234 235 236 237 238 239 240 241 242 243 244 245 246 247 248 249 251 252 255 256 258 260 261 262 263 265 266 267 268 269 270 272 273 274 276 277 278 281 283 285 287 288 290 291 292 293 296 297 298 299 300 301 302 303 304 306 307 308 309 311 312 314 316 318 319 320 321 322 324 325 326 327 328 329 330 331 332 333 335 336 337 338 339 340 341 342 343 345 347 348 349 350 351 352 353 354 355 356 357 358 360 361 362 363 364 367 368 369 370 371 372 373 375 376 378 379 380 382 383 384 386 388 389 390 391 392 394 395 396 397 398 400 401 402 403 404 405 406 407 409 410 411 412 413 414 416 419 420 421 422 423 424 425 426 427 428 429 431 432 434 437 438 440 441 442 443 445 447 448 449 450 452 453 454 455 456 457 458 459 460 461 463 464 465 466 467 468 469 470 471 472 473 474 475 476 477 478 480 481 482 483 484 485 486 487 488 489 490 491 492 493 494 495 496 497 498 499 501 502 503 504 505 506 507 508 509 510 512 513 514 515 516 517 518 519 520 522 523 524 525 526 527 528 529 530 531 538 539 540 541 543 544 545 546 549 550 551 552 554 556 557 558 559 560 561 562 564 565 566 567 568 569 570 571 572 573 574 575 580 581 582 583 584 586 587 588 590 592 593 595 597 598 599 600 601 603 604 605 606 608 609 610 611 612 613 614 615 618 620 623 624 625 626 627 628 629 630 631 632 633 635 636 638 639 641 642 643 644 645 646 647 649 650 651 652 653 654 655 656 658 659 660 661 662 663 664 667 668 669 670 671 672 673 674 676 677 678 683 684 685 686 687 688 689 690 691 696 697 698 699 700 701 702 703 704 705 706 709 710 711 715 721 722 723 724 725 726 727 728 729 730 731 732 733 734 735 736 737 738 740 741 742 744 745 746 747 749 750 751 752 753 754 755 756 757 758 759 760 761 762 763 764 765 766 767 768 769 770 771 780 781 782 783 786 787 789 791 793 797 799 803 805 806 807 808 809 810 811 812 814 816 818 820 821 822 824 825 827 832 833 834 836 837 838 840 841 842 844 845 846 847 848 849 851 853 854 855 856 857 858 859 860 862 863 864 865 866 867 868 869 870 871 872 873 874 875 876 877 880 881 882 883 884 887 888 890 891 892 895 896 898 899 900 901 902 903 904 905 906 907 909 912 913 914 915 916 917 918 919 920 921 922 923 924 925 926 927 928 929 933 934 935 936 942 943 944 945 950 951 953 954 955 956 957 959 960 961 962 964 965 966 967 968 969 970 971 972 973 974 975 976 977 978 979 980 981 984 985 986 987 988 989 990 991 992 993 994 997 998 1000 1001 1002 1003 1004 1005 1006 1007 1009 1010 1011 1012 1013 1014 1015 1016 1017 1022 1023 0
5 6 8 9 10 15 17 19 20 23 24 25 27 30 31 0

15
1 2 3 4 5 6 7 8 9 10 11 12 13 15 16 17 18 19 20 21 22 23 25 26 27 28 29 30 31 32 33 34 35 36 37 38 40 41 42 43 44 45 46 47 48 49 50 51 52 53 54 55 56 57 58 59 60 61 62 63 64 65 66 67 68 69 71 72 73 74 75 76 77 78 79 80 81 82 83 84 85 86 87 88 89 90 91 92 93 94 95 96 97 98 99 101 102 103 104 105 106 107 109 110 111 112 113 114 116 118 119 120 121 122 123 124 125 126 127 128 129 130 131 133 134 135 136 137 138 139 140 142 143 144 145 146 147 148 149 150 151 152 153 154 155 156 158 159 160 161 162 163 164 165 166 167 168 169 170 171 172 176 177 178 179 180 181 183 184 185 186 187 188 189 190 191 192 193 194 195 196 197 198 199 200 203 205 206 207 208 209 210 211 212 213 214 215 216 217 218 219 220 221 223 224 225 226 228 229 230 231 232 234 235 236 238 239 240 241 242 243 244 245 247 249 250 252 253 254 255 257 258 260 261 262 263 264 265 266 267 268 269 271 272 273 274 275 276 277 278 280 281 282 283 284 285 286 287 288 289 290 291 292 293 294 295 296 298 299 301 303 304 305 306 307 309 311 312 313 314 315 316 317 318 319 320 322 323 324 325 326 328 329 330 331 332 333 334 335 336 337 338 340 341 345 346 347 348 350 351 352 353 354 355 357 358 359 360 361 362 363 364 365 366 367 368 369 370 372 373 374 375 376 377 378 379 380 382 383 384 385 386 387 388 389 390 391 392 393 394 396 398 399 400 401 403 404 405 406 407 408 409 410 411 412 414 415 416 417 418 420 421 422 423 424 425 426 427 429 430 431 432 433 434 436 437 438 439 440 441 443 444 445 446 447 448 451 452 453 454 455 456 457 458 459 461 462 463 464 465 466 467 468 469 470 471 472 473 474 475 476 477 478 479 480 481 482 484 485 486 487 488 489 490 491 492 493 495 496 497 498 499 500 501 502 504 508 510 511 512 513 514 515 516 518 521 522 523 524 525 526 527 529 530 531 532 533 534 540 543 544 545 546 547 548 549 551 553 554 555 556 558 559 560 561 562 563 564 565 566 569 571 572 573 574 576 577 578 579 580 584 585 586 587 588 590 592 593 594 595 596 598 599 600 601 602 603 606 607 608 609 610 613 614 615 616 618 622 624 625 626 627 628 629 630 631 637 638 639 640 641 642 643 644 645 646 647 649 650 651 655 656 657 660 661 662 663 666 668 670 671 672 673 674 675 676 677 678 679 680 681 682 685 686 687 688 689 690 692 693 694 695 696 699 700 701 702 703 704 705 706 709 710 711 712 714 715 716 717 718 719 720 721 723 725 726 727 728 729 730 731 732 733 734 735 736 737 739 741 743 744 746 748 750 751 753 754 755 756 759 761 762 763 764 765 768 769 770 771 772 773 774 775 776 777 778 779 780 781 782 783 784 785 786 788 789 790 791 792 793 794 795 798 799 800 801 802 803 804 806 807 808 810 811 812 813 814 815 816 817 818 819 820 823 824 825 826 827 828 829 830 831 832 833 834 835 836 837 838 839 840 841 842 843 844 845 846 847 848 849 851 852 853 854 855 856 858 859 860 861 862 863 864 865 866 867 868 870 872 875 876 878 879 880 881 882 883 884 886 887 888 890 891 892 894 896 897 898 899 900 901 903 904 905 906 909 910 911 912 913 917 918 919 920 921 922 924 927 929 930 931 932 933 934 935 937 938 939 940 941 942 943 944 945 946 947 948 949 950 951 952 954 955 956 957 958 961 962 963 964 965 966 967 968 969 970 971 972 973 975 976 977 978 981 982 984 985 986 987 988 989 990 991 992 993 994 995 996 997 998 999 1000 1001 1002 1003 1004 1005 1006 1007 1008 1009 1010 1011 1013 1014 1020 1021 1023 1024 0
3 7 8 9 10 11 12 14 15 16 19 20 21 23 25 27 29 30 31 32 0

16
1 2 3 5 6 7 8 11 13 15 16 17 18 19 20 21 23 24 25 26 28 29 30 32 33 34 36 37 39 40 41 42 43 44 47 48 49 50 52 53 54 55 57 58 59 60 61 62 63 64 65 66 68 69 71 72 73 74 75 76 77 78 79 80 81 82 84 85 87 88 89 93 94 95 96 97 98 99 101 103 104 105 106 107 110 111 112 113 114 116 117 118 119 120 121 122 124 125 126 128 129 130 131 133 135 136 137 138 139 143 144 145 146 148 149 150 151 152 153 154 156 157 158 159 160 161 163 164 165 166 167 168 169 170 171 172 173 174 175 176 177 178 179 180 181 183 184 185 186 187 188 189 190 191 192 193 194 195 196 197 198 199 200 201 202 203 204 205 206 207 208 209 210 211 212 213 214 215 216 217 218 219 220 221 222 223 224 225 226 227 228 229 230 231 232 233 234 235 237 238 240 241 243 245 246 247 249 251 252 253 256 257 258 259 260 261 262 263 264 265 266 268 270 272 273 274 275 276 277 278 279 280 281 282 283 284 286 287 288 289 290 291 292 293 294 296 297 298 299 300 301 302 303 304 305 306 307 308 309 310 311 312 313 314 315 316 317 318 319 320 321 322 323 324 325 326 328 329 330 331 332 333 334 336 337 338 339 340 341 342 343 344 345 346 348 349 350 351 352 353 354 355 356 357 358 359 360 361 362 364 366 367 368 369 370 371 372 373 374 375 376 377 378 380 382 383 384 385 386 387 388 389 390 391 392 393 394 395 396 398 399 400 401 402 403 404 405 406 407 408 409 411 412 416 417 418 419 420 421 422 423 424 425 426 427 429 430 431 432 433 434 435 436 437 438 439 440 441 442 443 444 445 448 449 450 451 452 453 455 456 457 458 459 460 461 462 463 464 466 467 468 469 470 471 472 474 475 476 477 478 479 480 481 482 483 484 486 488 489 490 491 492 493 494 495 496 497 498 499 500 502 505 506 507 509 510 512 513 514 515 516 517 518 519 520 521 522 523 524 525 526 527 528 529 530 531 532 533 534 535 536 537 538 539 540 541 542 543 544 545 546 547 548 550 551 552 553 554 555 556 557 558 559 560 561 563 564 566 567 568 569 570 571 572 573 576 577 580 582 583 584 585 586 587 590 591 593 594 596 598 599 601 602 606 607 608 609 611 612 613 614 615 616 617 618 619 620 621 622 624 625 626 627 628 630 631 632 633 634 635 636 640 641 643 644 645 646 649 650 651 652 653 654 655 656 657 658 659 660 661 662 663 664 665 666 667 668 672 673 676 677 678 679 680 681 682 686 687 688 689 690 691 692 693 694 695 696 697 699 701 702 704 706 707 709 711 712 713 714 715 716 718 719 720 722 724 725 726 727 729 730 731 732 734 735 736 737 738 739 741 743 745 746 748 749 750 752 753 755 758 759 762 764 765 766 767 768 769 770 771 772 773 774 775 776 777 778 779 780 781 782 783 784 785 786 789 790 791 792 793 795 796 797 798 800 801 802 803 804 805 806 807 808 809 810 811 817 818 819 820 821 822 823 824 825 826 828 829 830 831 832 833 835 836 837 838 839 840 841 842 843 844 845 846 847 848 849 850 851 852 853 854 855 861 862 863 864 865 867 868 870 871 872 873 874 875 876 877 878 879 880 881 882 883 884 885 886 887 888 891 893 894 895 896 897 899 900 901 902 903 904 905 906 907 908 909 910 911 912 913 914 915 916 918 919 920 924 925 927 929 932 934 935 936 937 938 940 941 942 943 944 945 946 947 948 949 950 951 952 953 954 955 957 958 959 960 961 962 963 964 966 967 968 969 970 971 972 973 974 975 976 977 978 979 980 981 982 983 984 985 987 988 989 990 991 992 993 995 996 997 998 999 1001 1003 1004 1005 1006 1008 1009 1010 1011 1012 1013 1015 1017 1018 1019 1020 1021 1022 1023 1024 0
1 2 5 6 7 8 10 12 13 14 15 18 19 21 22 23 24 26 27 28 30 32 0

17
1 2 4 5 6 7 8 10 11 12 14 15 16 17 18 19 20 21 22 23 24 25 26 27 28 29 30 31 32 33 34 35 36 37 38 40 42 44 45 46 47 48 49 50 51 52 53 55 56 58 60 61 63 64 65 66 68 69 70 72 73 74 77 79 80 81 82 83 84 85 87 90 92 93 94 96 97 98 99 100 101 102 103 104 105 106 108 109 110 111 112 113 114 115 116 117 118 119 120 122 123 125 126 127 128 129 130 132 133 135 136 137 138 140 141 142 143 144 145 146 147 148 149 150 151 152 153 155 156 157 159 160 161 162 163 164 165 166 167 168 169 170 171 172 173 174 175 176 177 178 179 180 182 183 184 186 187 188 189 191 192 193 194 196 197 198 199 200 201 202 203 204 205 206 207 209 210 211 212 216 218 219 220 221 222 223 224 225 226 227 229 231 233 234 235 236 240 241 242 243 244 245 247 248 249 250 251 253 254 255 257 258 261 263 264 268 271 272 273 274 276 277 278 280 282 288 289 291 292 293 294 296 297 302 303 304 305 306 307 308 309 311 312 313 314 315 316 318 319 320 321 322 323 325 326 331 332 333 334 336 337 338 339 341 342 344 346 347 348 349 350 351 352 354 355 358 359 360 361 364 367 368 369 370 371 373 374 375 376 377 378 379 380 381 382 383 384 385 386 387 388 390 391 392 393 394 395 396 397 399 400 401 402 406 408 410 411 412 413 415 416 417 418 420 421 422 423 424 425 426 427 428 429 430 431 432 433 434 435 436 437 438 439 442 443 444 445 447 448 449 450 453 455 456 457 459 460 461 462 463 464 465 466 467 468 469 472 473 475 478 480 481 482 483 484 488 491 492 494 496 497 498 500 501 502 504 506 507 508 511 512 513 514 515 516 517 518 519 520 521 522 523 524 525 526 527 528 529 531 532 533 534 535 536 539 540 541 542 543 544 545 547 549 550 551 552 554 555 556 557 558 559 560 561 562 563 564 566 567 573 574 575 576 577 578 579 583 587 589 590 591 592 593 594 599 600 602 603 605 606 607 608 610 611 612 613 614 616 618 620 622 624 625 626 627 632 633 634 635 636 638 639 640 641 642 643 648 650 651 652 653 654 655 656 657 658 659 660 661 662 663 664 665 666 667 668 671 672 673 675 680 683 684 685 686 687 688 689 690 691 692 694 695 696 698 699 701 702 704 705 706 707 710 712 714 716 717 718 719 720 721 722 723 728 729 730 731 732 733 734 735 736 737 738 739 741 745 746 747 748 749 750 751 752 753 754 758 761 762 763 765 766 768 769 770 771 772 773 774 775 776 777 778 779 780 781 782 783 784 785 786 787 788 789 790 791 792 793 796 797 798 799 800 801 802 803 804 805 806 807 808 809 810 811 812 816 817 818 819 820 821 822 823 824 825 826 827 828 829 830 831 833 834 836 838 842 843 844 845 846 847 848 849 850 851 852 853 854 855 856 857 858 859 860 861 862 863 865 866 867 868 869 870 871 872 873 874 875 876 877 878 879 880 881 882 883 884 885 886 887 888 889 891 892 893 897 898 899 900 901 902 903 904 905 906 907 909 912 913 914 915 916 917 918 919 920 921 922 923 924 925 926 927 928 929 930 931 932 933 934 935 936 937 941 942 944 945 946 947 948 949 950 951 953 954 955 956 958 960 961 962 963 964 965 966 969 970 971 972 973 974 975 976 977 978 979 980 981 982 983 984 985 986 988 989 990 991 992 993 994 996 997 998 999 1000 1003 1004 1005 1006 1009 1010 1011 1012 1013 1014 1016 1020 1021 1022 1023 0
2 3 4 5 6 7 8 10 12 13 14 15 16 18 19 20 21 24 25 27 30 31 32 0

18
1 2 3 4 11 12 14 15 16 17 18 19 25 28 30 32 33 34 36 37 38 39 44 45 48 49 50 52 55 56 57 59 62 64 65 66 67 68 69 70 71 72 74 76 78 79 80 81 82 83 85 87 88 89 92 93 94 95 97 100 102 103 104 105 109 110 111 112 113 115 116 117 118 119 120 121 123 124 125 126 127 128 129 130 132 133 134 136 137 138 139 140 142 143 145 146 149 151 152 153 154 157 158 159 160 161 166 167 168 169 170 171 172 174 175 177 178 179 180 181 182 183 184 185 186 188 189 191 192 193 194 195 197 199 200 201 202 203 204 205 206 209 211 212 216 217 219 220 222 225 226 227 228 229 231 233 234 236 237 238 239 240 241 242 244 245 246 247 250 252 253 256 257 258 259 260 261 262 263 264 266 267 268 270 271 272 273 274 276 278 279 280 281 282 284 286 287 288 289 290 292 294 296 298 302 303 304 305 306 307 308 309 310 311 313 314 317 318 319 320 323 324 327 328 329 332 334 335 336 337 338 340 341 343 347 349 350 352 353 354 356 359 360 361 362 364 366 368 370 371 372 374 376 377 378 381 382 383 384 386 387 388 389 390 392 393 394 396 398 400 401 402 403 404 407 408 409 410 411 412 414 415 416 417 418 419 421 423 424 425 426 427 428 430 431 432 433 434 436 438 439 440 441 442 444 446 447 448 449 450 452 453 454 455 456 458 462 463 464 465 466 467 468 469 471 472 474 478 479 480 481 482 483 484 485 486 487 488 491 494 495 496 498 500 502 503 504 506 508 511 512 513 514 515 516 517 518 520 522 523 527 528 529 530 531 532 533 535 536 539 541 543 544 545 546 547 548 550 551 552 556 558 559 562 563 565 566 567 568 570 573 575 576 577 578 580 581 582 583 584 585 586 587 588 592 593 594 595 596 597 598 599 600 601 602 603 604 605 606 607 608 609 610 611 612 613 614 617 618 619 620 621 624 625 626 627 628 629 630 631 632 633 634 635 636 637 640 641 642 643 644 645 646 647 648 649 650 651 652 653 655 657 658 659 660 661 662 663 666 667 668 669 670 672 673 674 675 676 677 679 680 682 683 684 685 686 687 689 690 692 693 694 695 696 697 698 699 700 701 702 705 708 709 710 711 712 713 714 715 716 717 720 721 722 723 724 725 726 727 728 730 732 733 734 735 736 737 738 739 743 744 746 747 749 750 752 753 754 756 757 759 762 763 764 765 766 767 768 769 770 771 772 773 774 775 776 777 778 779 780 781 782 783 784 785 786 787 788 790 792 793 795 796 797 798 799 800 801 803 804 805 806 807 808 809 810 811 812 813 814 815 816 817 818 819 820 821 824 826 831 832 833 834 835 836 837 839 841 842 843 844 845 846 848 849 851 852 853 854 855 856 857 858 859 860 861 862 863 864 865 866 868 869 870 871 872 873 874 875 876 877 878 879 880 881 882 883 884 885 886 887 888 889 890 891 892 893 894 895 896 897 898 900 901 902 903 904 905 906 907 908 909 910 911 912 913 914 919 920 921 922 923 924 926 927 928 929 931 932 933 934 935 936 940 941 942 943 944 946 948 949 952 953 954 955 956 957 958 961 962 963 964 965 966 967 968 971 972 973 974 975 976 978 979 980 981 982 983 984 985 986 987 988 989 990 991 992 994 995 996 997 998 999 1000 1001 1002 1003 1004 1005 1006 1007 1010 1011 1012 1013 1014 1015 1016 1017 1018 1019 1020 1021 1023 1024 0
3 4 6 7 9 10 13 17 22 24 25 28 30 31 32 0

19
1 2 3 4 6 7 10 14 16 17 18 19 20 21 23 25 26 28 30 31 32 33 34 35 36 37 38 39 40 41 43 44 45 48 49 50 51 52 53 55 56 57 59 60 61 62 63 64 65 67 68 69 70 71 72 73 75 76 77 78 79 80 81 82 83 84 85 86 88 90 91 92 93 94 95 96 97 99 100 101 103 105 109 110 111 113 114 115 116 117 118 121 123 124 125 126 127 128 129 131 132 134 135 136 141 143 144 145 146 147 148 149 151 152 153 154 155 160 161 163 164 165 168 169 170 171 172 173 174 175 176 177 178 181 182 183 184 187 189 190 191 193 194 195 196 198 199 200 201 204 205 206 208 209 211 212 213 214 215 216 217 220 222 223 224 225 227 229 231 232 233 234 235 236 237 239 240 241 243 245 246 247 249 250 255 257 260 263 266 271 272 273 274 275 276 277 278 279 280 281 282 286 288 291 292 293 294 295 297 298 299 300 301 303 304 305 306 307 308 309 310 311 312 313 314 315 316 317 318 320 321 323 324 325 328 329 330 332 333 334 335 336 337 338 339 340 341 342 343 344 346 347 348 349 350 351 352 353 354 355 356 357 358 359 360 361 362 363 364 365 366 367 368 369 370 371 372 373 374 375 377 378 379 381 382 383 384 385 386 387 388 389 390 391 392 393 394 395 396 397 398 400 401 402 403 404 405 406 407 408 409 410 411 412 414 415 416 417 418 419 420 421 422 423 424 425 426 427 428 429 430 432 433 434 435 436 437 438 440 441 442 443 444 445 446 448 449 450 452 453 454 455 456 457 458 459 460 461 462 463 464 465 467 468 469 470 471 472 473 474 475 476 477 478 480 481 482 483 484 485 486 487 488 489 490 491 492 493 494 495 496 497 498 500 502 503 504 509 510 512 513 514 515 516 517 518 519 520 521 522 523 524 525 526 527 528 529 530 531 533 534 535 536 539 541 544 545 547 548 549 550 551 553 554 555 557 558 559 561 566 567 568 569 570 575 576 577 578 579 580 581 585 587 588 589 590 591 593 594 596 599 600 601 603 605 606 608 609 610 611 613 614 615 616 617 618 619 620 621 622 623 624 625 626 627 628 629 630 631 632 633 634 635 636 640 641 642 643 644 645 646 647 648 649 650 652 653 654 655 656 657 659 660 661 662 663 664 666 667 668 669 671 672 673 674 675 676 677 678 679 680 681 682 683 685 686 688 689 690 692 693 694 695 697 698 699 700 701 702 703 704 708 709 710 711 712 713 714 715 716 717 718 719 720 724 725 726 727 728 729 730 731 732 733 734 735 736 741 743 745 746 747 748 749 750 751 753 754 759 760 763 767 768 769 770 771 772 773 774 775 776 777 778 779 780 781 782 783 784 785 790 791 792 793 795 796 797 800 801 802 803 804 805 806 807 808 809 810 811 813 814 815 817 818 819 820 821 822 823 825 826 827 828 832 833 834 835 836 837 838 840 841 842 843 844 845 846 847 849 850 851 852 853 854 855 857 859 860 861 862 863 864 865 866 867 868 869 870 871 872 873 874 875 876 878 879 880 881 882 883 884 885 886 887 888 889 890 891 892 893 894 895 896 897 898 899 900 901 902 903 905 906 907 909 910 911 912 913 914 917 918 919 920 921 922 923 925 926 927 928 929 930 931 932 933 934 935 936 937 938 939 941 942 943 944 945 946 947 948 950 951 952 953 954 955 956 957 958 959 960 961 962 963 964 965 966 967 969 972 973 974 975 977 978 979 980 983 987 988 989 990 991 993 994 995 997 999 1000 1001 1002 1004 1005 1006 1007 1008 1009 1010 1011 1012 1013 1014 1016 1017 1022 1023 0
1 5 8 9 10 16 20 21 23 24 26 27 28 29 31 32 0

20
1 2 3 4 6 7 8 10 11 12 13 14 15 16 17 18 19 20 21 22 24 25 26 27 28 29 30 31 32 33 34 35 37 40 41 42 44 46 48 49 50 51 52 53 54 55 56 60 61 62 63 64 65 66 67 68 69 70 71 72 73 74 75 77 78 80 81 82 83 84 85 86 87 88 89 90 91 92 93 94 95 96 97 98 99 100 101 103 104 105 106 108 110 111 112 113 115 117 118 120 122 123 125 127 128 129 132 133 136 137 138 139 140 141 142 143 145 147 148 149 150 151 152 153 155 156 157 158 159 160 161 163 164 165 166 167 168 169 170 171 172 173 174 175 176 177 179 180 181 182 183 184 185 186 187 188 189 190 191 192 193 194 195 197 198 199 200 201 202 203 204 205 206 207 208 209 215 216 217 218 219 220 221 223 224 225 227 232 234 235 236 237 238 239 240 241 242 243 244 245 246 248 250 251 256 257 258 259 260 261 262 263 264 266 268 269 270 271 272 273 274 275 278 279 280 281 282 283 284 285 286 287 288 289 290 291 293 294 295 296 298 299 300 301 302 303 304 305 306 307 308 309 310 311 312 313 314 315 316 317 318 319 320 322 323 324 325 326 327 328 329 330 331 332 333 334 335 336 337 338 340 341 342 343 344 347 348 350 351 352 353 354 357 358 359 360 361 362 363 364 365 366 367 368 369 370 373 374 375 376 378 379 380 381 383 384 386 389 390 391 392 393 395 397 398 399 400 402 405 406 407 408 409 413 414 415 416 418 419 420 421 422 423 424 425 426 427 429 430 431 432 434 435 436 438 439 440 441 442 443 444 445 446 447 448 450 451 452 453 454 455 456 457 458 459 460 461 462 463 464 465 467 468 469 470 471 472 473 474 475 476 477 478 479 480 481 482 484 486 487 492 493 495 496 497 498 499 500 501 502 503 504 505 506 507 509 511 512 513 516 517 518 519 521 524 525 527 528 529 530 532 533 534 535 536 540 542 545 547 548 549 550 551 552 553 554 558 559 560 561 563 566 567 568 569 570 572 574 575 578 579 580 581 582 583 584 585 586 587 588 589 590 592 595 598 599 600 601 602 606 607 608 609 610 612 613 614 617 618 619 622 624 625 626 629 630 631 632 633 634 635 636 637 638 640 641 642 644 645 646 647 648 649 651 652 654 657 659 660 661 662 663 664 665 666 667 668 669 670 671 673 674 675 676 677 678 679 680 681 682 683 684 685 686 688 689 690 691 692 693 694 695 696 697 698 699 700 701 702 703 704 705 712 713 714 715 717 718 719 720 721 722 727 728 729 730 734 735 737 739 744 746 747 749 750 751 752 753 754 755 757 758 760 762 763 764 765 766 767 768 769 770 771 772 773 774 775 776 777 778 779 780 781 782 783 784 785 787 788 789 790 791 792 793 794 795 796 797 798 799 800 801 802 803 804 805 806 807 808 809 810 811 812 813 814 815 816 817 820 821 822 823 824 825 826 827 828 829 830 831 832 833 834 835 836 837 838 839 840 841 842 843 844 845 846 847 848 849 850 851 852 853 854 855 856 857 860 863 864 865 866 867 868 869 870 871 872 873 874 875 876 877 878 879 880 881 882 883 884 885 886 889 890 891 892 893 894 896 897 898 899 900 901 902 903 904 905 906 907 908 910 911 912 914 915 916 917 918 920 921 922 924 925 926 928 929 933 934 935 938 939 940 941 942 943 944 945 946 947 948 949 950 951 952 953 954 955 956 957 958 959 960 961 962 963 964 965 966 967 968 969 970 971 973 976 977 978 979 980 981 982 983 984 985 986 987 988 989 990 991 992 993 996 997 998 999 1000 1001 1002 1003 1004 1005 1006 1008 1009 1010 1011 1012 1013 1014 1015 1016 1017 1018 1019 1020 1021 1022 1023 1024 0
4 7 8 10 14 16 17 18 20 22 24 25 26 29 30 32 0

21
1 2 3 4 5 6 7 10 11 12 13 15 16 17 20 21 22 23 24 25 26 27 29 30 31 32 33 34 35 37 38 39 40 41 42 43 45 46 47 48 49 51 52 53 54 55 56 57 58 59 61 62 63 64 65 67 69 70 71 72 73 75 76 77 80 81 82 83 84 85 87 88 89 90 91 92 93 96 97 99 100 101 102 103 104 105 106 107 108 109 110 111 112 113 114 115 116 117 118 119 120 121 123 124 126 127 128 129 130 131 132 133 134 135 136 137 138 139 141 142 143 144 145 146 147 148 149 150 151 153 154 156 157 158 159 160 161 162 164 167 168 169 170 171 172 173 174 175 176 177 178 179 180 182 184 185 186 187 188 190 192 193 195 197 198 199 200 203 205 208 209 210 211 213 214 215 216 217 218 219 220 221 222 223 224 225 226 227 229 230 231 232 236 237 238 239 240 241 242 243 244 245 246 248 249 250 251 252 253 254 255 256 257 258 259 260 261 262 263 264 265 266 267 268 269 270 271 272 273 275 276 278 279 280 282 283 284 285 286 287 288 289 290 294 296 299 300 301 302 303 304 305 306 307 308 309 310 311 312 313 315 316 320 321 322 324 325 326 327 328 329 330 331 332 333 335 336 337 338 340 341 342 343 344 345 347 348 349 350 352 353 354 355 356 357 358 359 360 361 362 363 364 365 366 367 368 369 370 371 372 373 374 375 376 377 378 379 380 382 383 384 385 387 388 389 390 391 392 393 394 395 396 398 399 400 401 402 403 404 405 406 407 408 409 410 411 412 413 414 415 416 417 419 421 422 423 424 425 426 427 428 429 430 431 432 433 435 436 437 438 439 440 441 442 443 444 445 446 447 448 449 450 451 452 454 455 456 457 459 460 461 462 463 464 465 466 468 469 470 471 472 473 476 477 478 479 480 481 486 488 489 490 491 492 493 494 495 496 497 498 500 501 502 503 505 506 507 508 509 510 511 512 513 514 515 516 517 518 519 520 521 522 523 525 526 527 528 529 530 531 532 533 535 536 537 538 539 540 541 542 544 545 546 547 549 551 552 553 554 555 556 557 558 559 560 561 562 563 565 568 569 570 571 572 573 575 576 577 578 579 580 583 584 585 588 589 590 591 593 594 595 598 599 600 601 603 605 607 608 609 610 614 615 617 619 620 621 622 623 624 625 626 627 628 630 631 632 634 635 636 637 639 640 641 643 645 647 648 649 650 651 652 655 656 657 658 659 660 662 663 665 666 667 670 671 672 673 674 675 679 681 682 683 684 688 689 691 694 695 698 699 700 701 702 703 705 706 707 708 709 710 712 713 715 717 718 719 720 721 722 723 727 729 730 731 732 733 734 735 736 737 738 739 740 742 746 748 749 750 751 753 754 755 756 758 760 762 763 764 765 766 767 768 769 770 771 772 773 774 775 776 777 778 779 780 781 782 783 784 785 787 788 789 790 791 792 793 794 795 796 797 798 799 800 801 802 804 805 806 807 808 809 810 811 812 813 814 815 816 817 818 819 820 821 822 823 824 825 826 827 828 830 831 832 833 834 835 836 837 838 839 840 841 842 844 845 846 847 849 850 851 852 853 855 856 857 859 860 862 863 864 865 866 867 868 869 870 871 872 873 874 875 876 877 878 879 880 881 882 883 884 885 886 887 888 889 890 891 892 893 894 895 896 897 900 901 902 904 905 906 908 909 910 912 913 914 917 918 919 920 921 924 925 926 927 928 929 930 931 937 938 939 940 941 942 943 944 945 948 949 951 952 954 955 956 957 958 959 960 961 962 963 964 965 966 967 968 969 970 971 972 973 974 975 976 977 978 979 980 981 982 984 985 986 988 990 992 993 994 995 996 998 999 1000 1001 1003 1004 1008 1009 1010 1011 1012 1013 1014 1015 1016 1017 1018 1019 1020 1021 1022 1023 1024 0
1 2 3 5 6 7 10 11 13 14 15 16 17 18 21 22 23 24 25 26 27 29 30 31 32 0

22
1 3 4 6 7 8 9 10 11 12 13 14 15 16 18 19 21 22 24 25 28 30 31 32 35 37 38 39 40 41 43 44 45 48 49 52 54 56 57 58 60 64 66 68 69 70 71 72 73 74 76 77 78 80 81 82 83 84 85 86 87 89 91 92 93 94 96 97 99 101 102 105 106 108 109 110 111 112 113 114 115 116 117 118 119 120 121 123 124 125 128 129 130 131 132 133 134 135 136 137 138 139 142 144 145 146 147 148 149 151 152 153 154 156 158 159 161 162 163 164 166 167 169 173 175 176 177 178 180 181 182 183 184 185 187 189 191 192 193 195 196 197 198 199 200 201 203 204 206 208 210 211 212 213 214 215 216 217 218 222 223 225 226 227 228 229 230 231 232 233 234 235 236 237 238 239 242 243 244 245 246 247 248 249 250 251 252 253 254 255 256 257 258 259 260 261 263 265 266 267 268 269 270 271 272 273 274 275 276 277 279 280 281 282 283 284 285 286 287 288 289 290 291 292 293 294 295 296 297 298 299 300 301 303 304 305 306 307 308 309 310 312 314 315 316 317 319 321 322 323 324 325 326 327 328 329 330 331 332 333 335 336 337 338 339 342 343 344 345 346 347 349 350 351 352 353 354 355 356 357 358 359 360 361 363 364 365 366 367 368 369 370 371 372 373 375 376 377 378 379 380 381 382 383 384 385 386 387 388 389 392 393 394 395 396 397 398 399 400 401 403 404 405 406 407 408 409 410 411 412 413 415 416 417 419 421 422 423 425 426 428 431 432 433 435 436 437 438 440 441 442 443 444 445 447 448 449 450 451 452 455 456 457 458 459 460 461 463 464 465 467 469 470 471 472 474 475 476 477 479 480 481 485 486 487 488 490 491 492 493 494 495 496 497 498 499 500 501 502 503 504 505 506 507 508 509 510 511 512 513 514 515 516 517 518 519 520 521 522 523 524 525 526 527 528 529 530 531 532 533 534 535 536 537 538 539 540 541 542 543 545 546 547 548 549 550 551 552 553 554 555 556 557 558 559 560 561 562 563 564 565 566 568 569 570 571 572 573 574 575 576 577 578 579 580 581 582 583 584 588 589 590 591 592 593 594 595 596 597 599 600 601 602 603 605 606 607 608 609 610 611 612 613 614 617 618 619 620 621 622 623 624 625 626 627 628 629 630 631 632 635 636 637 638 639 640 641 642 644 645 646 649 650 651 652 653 654 655 656 657 658 659 660 661 662 663 664 665 666 667 668 669 670 671 672 673 674 677 678 679 680 681 684 685 686 687 688 689 692 693 694 696 697 698 699 700 701 702 703 704 705 706 707 708 710 711 712 713 714 715 716 717 719 720 721 722 723 724 728 729 730 733 734 735 736 737 738 741 742 743 744 745 746 747 748 749 752 753 754 755 756 757 758 759 760 761 762 763 764 765 766 767 768 769 770 771 772 773 774 775 776 777 778 779 780 781 782 783 784 785 786 787 788 789 790 791 792 793 794 795 796 797 798 799 800 801 802 803 804 805 806 807 808 809 810 811 813 814 815 816 817 818 819 820 821 822 823 824 825 826 827 828 829 830 831 832 833 834 835 836 837 838 839 840 841 842 843 844 845 846 847 849 850 851 852 853 854 855 856 857 858 859 860 861 862 863 864 865 866 872 873 874 875 876 877 878 879 880 881 882 883 884 885 886 887 888 889 890 891 892 893 894 895 897 899 901 902 903 905 906 908 910 911 912 913 914 916 918 919 921 922 924 925 926 927 928 929 935 936 937 938 939 940 941 942 943 944 945 946 948 949 951 952 953 954 955 956 957 958 959 960 961 969 970 971 972 973 974 976 977 978 979 980 981 982 983 984 986 987 988 989 990 991 992 993 998 1000 1001 1003 1007 1008 1009 1010 1011 1012 1013 1014 1015 1016 1017 1018 1019 1020 1021 1022 1023 1024 0
1 2 3 4 5 6 7 9 10 12 14 15 17 18 19 20 22 23 24 25 26 27 29 30 31 32 0

23
1 2 3 4 5 6 7 8 9 10 11 12 13 14 15 16 17 18 19 20 21 22 23 24 25 26 27 28 29 30 31 32 33 35 36 37 38 39 40 41 42 44 48 49 52 55 56 57 58 59 60 61 62 64 66 67 71 72 73 74 75 76 78 80 82 83 84 85 86 88 89 90 92 93 96 98 99 100 101 102 103 104 105 106 107 108 109 110 113 114 115 116 118 120 121 122 123 124 126 128 130 132 133 134 136 137 138 139 140 141 142 144 146 149 150 151 152 153 154 155 156 158 160 161 165 167 168 169 170 171 172 175 176 177 178 180 182 183 184 185 186 187 192 193 197 198 199 200 201 203 204 205 208 209 217 218 220 223 224 225 226 228 231 234 235 237 238 239 240 241 242 243 244 246 254 255 257 258 260 261 262 263 265 266 267 268 269 270 271 272 273 274 275 276 277 278 279 280 281 282 283 284 285 286 288 291 293 295 297 298 299 300 301 302 303 304 307 308 309 311 312 313 314 315 316 317 318 319 320 321 322 323 324 325 326 327 329 330 331 333 334 335 336 338 339 340 341 342 343 344 345 346 347 348 350 351 352 353 354 355 356 357 358 359 360 361 362 363 364 365 366 368 369 371 372 374 376 377 378 379 380 381 382 383 384 386 387 388 389 390 391 392 393 394 395 396 397 400 401 402 403 404 405 406 407 408 409 410 411 412 413 414 415 416 417 419 420 421 422 423 424 425 426 427 429 430 431 432 433 434 435 437 439 440 441 442 443 444 445 447 448 449 450 451 453 454 455 457 458 459 460 461 462 463 464 465 466 467 469 470 471 472 474 475 476 477 478 479 480 481 482 484 486 487 488 490 491 493 494 495 496 497 498 502 504 505 507 508 510 511 512 513 514 519 521 523 524 525 527 529 530 533 534 535 537 539 540 541 542 543 544 545 546 548 552 553 555 561 563 564 565 566 567 568 571 572 573 574 575 576 577 578 579 580 582 583 584 585 586 587 590 593 594 595 596 597 598 599 601 603 604 605 606 607 608 609 610 611 613 615 616 617 618 620 621 623 624 625 626 627 628 629 631 632 634 635 637 638 639 640 641 642 644 645 646 647 648 649 650 651 652 653 654 655 656 657 658 659 660 661 663 664 665 666 667 668 669 670 671 672 673 674 677 679 680 681 682 683 684 685 686 687 688 689 690 691 692 693 695 697 698 699 700 701 702 703 704 705 706 707 708 710 711 712 713 714 715 716 717 718 719 720 721 722 723 724 725 727 728 729 730 731 732 733 734 735 736 737 738 739 740 741 742 743 744 745 746 747 748 749 750 751 752 753 754 755 757 758 759 760 762 765 767 768 769 770 771 772 773 774 775 776 777 778 779 780 781 782 783 784 785 786 787 788 789 790 791 792 794 795 796 798 799 800 802 803 804 805 806 808 809 811 812 813 814 815 816 818 820 823 824 825 826 827 832 833 834 835 836 837 838 840 841 842 843 844 845 846 847 848 850 851 852 853 854 855 856 857 858 859 860 861 862 863 866 867 868 869 870 871 872 873 874 875 876 877 879 884 885 886 887 888 889 890 893 894 895 898 899 900 901 902 903 904 905 906 907 908 909 910 911 912 914 915 916 917 918 920 921 922 923 924 926 927 928 929 930 931 932 933 935 936 937 938 939 940 941 942 943 946 947 948 949 950 951 952 953 955 956 957 958 959 961 962 963 965 966 967 968 969 970 971 972 973 974 975 977 978 979 980 981 982 983 984 985 986 987 988 989 990 991 993 994 995 996 997 998 999 1000 1001 1002 1003 1004 1005 1006 1007 1008 1009 1010 1011 1013 1015 1016 1018 1019 1021 1022 0
4 5 7 9 10 11 12 15 19 20 21 23 24 25 27 32 0

24
1 2 3 5 7 8 9 10 11 12 14 15 16 17 20 21 22 23 26 27 29 30 31 32 33 34 35 36 37 38 39 40 41 42 43 44 45 46 47 48 49 50 51 52 53 54 55 56 57 58 59 60 61 62 64 65 66 67 68 72 74 75 76 77 78 79 80 81 82 83 84 86 87 88 90 91 92 94 95 96 97 98 99 100 101 102 103 106 107 108 109 110 111 112 113 114 115 117 118 119 120 121 123 124 125 126 127 128 129 130 131 134 135 136 141 144 145 147 149 150 151 152 155 156 157 158 159 160 161 162 163 164 165 170 171 173 175 177 178 180 181 182 185 186 188 189 190 191 193 194 195 196 198 199 200 202 203 205 207 208 209 210 211 212 214 215 216 218 219 220 221 223 224 225 226 228 230 235 237 239 240 241 242 246 249 250 253 254 256 258 259 263 265 268 269 270 271 272 273 274 275 276 278 280 283 284 285 286 287 288 289 290 291 292 293 294 295 296 298 299 300 301 302 304 305 308 311 313 314 315 316 317 318 319 320 321 322 323 324 325 326 327 328 329 331 332 333 334 335 336 337 338 339 340 341 342 343 344 345 348 349 351 352 353 354 355 356 357 358 359 360 363 364 365 367 368 369 370 371 372 373 375 376 377 379 382 383 384 386 388 389 390 391 392 393 395 398 399 400 402 403 404 406 407 408 409 410 411 414 415 416 418 420 421 423 424 427 428 429 430 431 432 433 434 435 436 437 438 440 441 443 444 445 446 448 449 450 452 453 454 456 457 458 459 460 462 463 464 465 466 467 468 470 471 472 473 474 475 476 477 478 479 480 481 482 483 484 486 487 488 489 490 491 492 493 494 495 496 497 498 499 500 502 503 504 506 507 509 510 511 512 513 514 515 516 517 518 519 520 521 522 523 524 526 527 528 529 531 532 533 534 535 536 539 540 541 542 543 546 548 550 551 552 553 554 555 556 557 559 561 562 563 564 566 567 568 569 571 572 573 574 575 576 577 579 585 589 590 591 592 593 594 595 596 597 598 600 601 602 603 604 607 608 609 610 611 612 614 616 620 622 623 625 626 627 628 629 630 631 632 634 635 636 638 639 641 642 644 645 646 647 651 652 653 654 655 656 657 658 659 660 661 662 665 666 667 668 669 670 671 672 673 674 675 676 677 679 680 681 683 684 685 686 687 688 689 690 691 692 693 694 695 696 697 698 699 700 701 702 703 704 705 707 708 709 710 711 712 713 714 715 716 717 718 719 720 721 722 723 724 725 726 727 728 729 730 731 733 734 735 736 737 738 739 740 741 742 743 744 745 746 752 753 756 765 768 769 770 771 772 773 774 775 776 777 778 779 780 781 782 783 784 785 786 790 792 793 795 796 797 798 799 800 802 803 804 805 806 807 810 811 812 813 814 815 817 821 822 823 824 825 826 827 829 830 831 832 834 835 836 837 838 839 840 841 842 843 844 846 847 848 850 851 852 855 856 858 860 861 862 863 864 865 867 869 870 871 872 873 874 875 876 877 878 879 880 881 882 883 884 885 887 889 890 892 893 894 895 896 898 899 900 901 903 905 906 908 909 910 911 914 915 916 917 918 919 920 921 923 925 926 927 929 930 931 932 933 934 935 937 939 940 941 942 943 944 945 947 948 949 950 951 952 953 954 955 956 957 958 959 960 961 962 963 964 965 966 967 969 970 971 972 973 974 975 976 977 978 979 980 981 983 985 987 988 989 990 991 993 994 995 996 997 998 999 1000 1001 1002 1003 1004 1005 1006 1007 1008 1010 1011 1012 1013 1014 1015 1016 1017 1019 1020 1021 1022 1023 1024 0
3 4 5 8 9 10 11 14 15 16 20 21 23 24 25 27 32 0

25
1 2 3 4 5 6 7 13 14 15 16 17 18 19 20 21 24 25 26 27 29 31 32 33 34 35 36 37 38 39 40 41 42 43 44 45 46 47 48 49 50 51 52 53 54 55 56 57 58 59 60 61 62 63 64 65 66 67 69 70 71 72 73 74 75 76 77 79 80 81 82 83 84 85 86 87 88 89 90 91 93 94 95 96 97 98 99 100 101 102 103 104 105 106 107 108 109 110 111 112 113 114 115 116 117 118 119 120 121 122 123 124 125 127 128 129 130 131 132 133 134 135 136 137 138 139 140 142 143 144 145 146 148 149 150 151 152 153 154 155 157 158 160 161 162 163 165 166 169 170 171 176 177 180 181 182 185 186 187 188 190 191 192 193 194 195 196 198 199 200 201 202 203 204 205 206 207 208 209 210 212 213 214 215 216 217 218 221 222 224 225 226 227 228 230 231 233 234 237 238 239 240 241 242 243 244 245 247 248 249 250 251 253 254 255 256 258 259 260 262 263 264 265 268 269 270 272 273 274 275 277 280 281 282 283 286 287 288 290 291 293 294 295 296 297 298 300 301 302 303 304 305 306 307 308 309 310 311 312 313 314 316 317 318 319 320 321 322 323 324 325 326 328 329 330 331 332 333 334 336 337 338 339 340 341 342 343 344 345 347 348 349 350 351 352 353 354 355 356 357 359 360 361 362 363 364 365 366 367 368 370 372 373 374 375 376 377 378 380 381 383 384 385 386 388 389 390 391 392 393 394 395 396 397 399 400 401 402 404 405 406 407 408 409 410 411 412 414 415 416 417 418 419 420 421 422 423 424 425 430 431 432 433 434 435 436 438 439 440 442 443 444 445 447 448 449 450 452 454 455 456 457 458 459 460 461 462 463 464 465 466 467 468 470 471 472 473 474 475 476 477 478 479 480 481 482 483 484 485 486 487 488 489 490 492 493 494 496 497 499 500 501 502 503 504 505 506 507 508 509 510 511 512 513 514 518 519 520 522 524 525 528 530 531 533 534 535 536 538 542 543 546 547 548 549 550 551 552 553 554 555 556 557 558 559 560 562 563 565 566 567 568 569 570 571 572 573 574 575 576 578 579 580 581 582 583 584 585 586 587 590 591 592 593 595 596 597 598 599 600 601 602 603 604 607 608 609 612 613 614 615 616 617 618 619 620 621 622 623 624 625 627 628 629 630 631 632 633 635 637 641 644 645 646 647 648 649 656 657 658 659 660 661 662 663 664 665 666 667 669 670 671 672 673 674 675 676 678 679 680 681 684 685 686 688 690 691 694 695 697 698 699 700 701 702 704 705 706 707 709 710 713 714 715 717 718 719 720 724 725 728 729 730 731 734 736 737 738 739 740 741 742 743 744 745 746 748 751 752 753 756 757 758 759 760 761 762 763 766 768 769 770 771 772 773 774 775 776 777 778 779 780 781 782 783 784 785 786 787 788 789 790 792 793 794 795 798 799 800 802 803 804 805 806 807 808 809 810 811 812 813 814 816 817 818 819 820 821 822 823 824 825 826 827 830 831 832 833 835 836 837 838 839 840 842 843 844 845 846 847 849 850 851 853 855 857 860 861 862 863 865 866 867 868 869 872 873 875 878 879 881 882 885 887 890 891 892 893 895 896 897 898 902 903 904 905 907 908 910 911 912 913 914 915 916 917 919 920 922 923 924 925 926 927 928 929 930 932 936 937 938 940 941 942 943 945 948 949 950 951 953 955 956 957 958 959 962 964 965 966 967 969 970 971 972 973 974 975 976 977 978 979 981 984 986 987 988 989 990 991 992 993 994 995 997 998 999 1000 1002 1003 1004 1005 1006 1007 1008 1010 1011 1012 1013 1014 1016 1017 1019 1020 1022 1024 0
1 2 3 6 7 8 10 11 12 13 15 17 18 19 20 22 23 25 26 27 29 30 31 32 0

26
1 2 3 4 6 7 10 11 12 13 14 15 16 17 18 19 20 21 22 23 24 25 26 28 32 33 34 35 36 37 38 39 40 41 43 46 47 48 49 51 53 54 58 61 62 64 65 66 67 68 69 70 71 72 73 74 75 76 77 78 79 80 81 83 84 85 87 88 91 92 93 94 95 96 97 98 99 101 102 103 104 105 106 107 109 110 111 112 113 115 116 119 120 121 124 126 127 128 129 130 131 134 135 136 137 138 139 141 142 143 144 145 147 148 149 150 151 152 153 155 156 157 158 159 160 161 162 163 164 165 166 167 168 169 172 173 174 175 176 178 179 181 185 187 188 189 190 191 192 193 194 195 196 197 198 199 200 203 204 205 206 207 208 209 210 211 212 213 214 215 216 217 218 219 220 221 222 223 224 225 227 229 230 231 232 233 234 235 236 237 238 239 240 241 242 243 244 245 247 248 250 251 253 254 255 256 257 258 259 260 261 262 263 267 268 271 272 273 274 275 276 277 278 279 281 282 284 287 288 289 290 291 293 295 296 297 298 300 301 302 303 304 305 306 307 308 309 310 311 312 313 314 315 316 317 318 319 320 321 322 323 324 325 326 327 328 329 330 331 332 333 334 335 336 338 339 340 341 342 343 344 345 346 347 349 350 351 352 354 355 356 357 358 359 360 361 362 363 364 365 366 367 368 369 370 371 372 375 376 377 378 379 380 381 382 383 384 385 386 387 388 389 390 391 393 394 395 396 397 398 399 400 403 404 405 406 407 408 410 411 413 414 415 416 418 420 421 423 424 425 427 428 429 430 431 432 433 435 436 437 438 440 441 442 443 444 445 446 447 448 450 451 452 453 454 455 456 459 460 461 464 466 467 468 469 470 472 474 475 477 478 479 480 481 482 483 484 485 486 488 489 490 491 492 493 494 495 496 497 498 499 501 502 503 505 506 507 508 509 510 511 512 513 514 515 516 517 521 523 524 525 526 527 528 529 530 531 532 534 535 536 538 539 544 545 546 548 549 550 551 552 553 554 555 556 557 558 559 560 561 562 563 564 567 568 569 571 572 573 574 575 576 577 579 580 583 585 587 590 591 592 593 594 595 596 597 598 599 600 601 602 603 604 607 608 609 610 611 613 614 615 616 617 618 620 621 623 624 625 627 628 630 631 632 633 634 635 637 640 641 642 643 644 646 647 648 649 650 652 654 656 660 661 662 663 666 667 668 670 671 672 677 678 679 680 681 682 683 684 685 686 688 692 693 695 696 699 700 702 711 712 713 714 715 716 717 718 719 720 721 722 723 724 725 726 727 728 729 730 731 732 733 734 738 739 740 741 742 744 745 746 747 748 749 753 758 759 761 762 763 767 768 769 770 771 772 773 774 775 776 777 778 779 780 781 782 783 784 785 787 788 789 790 791 792 793 794 795 796 797 798 799 800 801 802 803 805 806 807 808 812 813 817 818 819 820 821 822 823 824 825 826 827 828 829 830 831 832 833 834 835 836 837 838 839 840 841 842 843 844 845 846 847 848 849 850 851 852 853 854 856 857 858 859 860 861 863 864 866 867 868 869 870 871 872 873 875 876 877 878 879 880 881 882 883 884 885 886 888 889 890 891 892 893 894 895 896 898 899 900 901 902 903 906 907 908 909 910 911 913 914 915 916 917 918 919 920 921 924 925 926 927 928 929 930 931 932 933 934 935 936 937 938 939 940 941 942 943 944 946 947 949 950 951 954 957 958 959 960 961 962 963 964 965 966 967 968 969 970 971 972 973 974 975 976 977 978 979 980 981 982 983 985 986 988 989 990 991 992 993 994 995 996 998 999 1000 1001 1002 1003 1004 1006 1007 1008 1009 1010 1011 1012 1013 1014 1015 1017 1018 1019 1020 1021 1022 1023 1024 0
1 3 4 5 7 8 9 10 11 12 14 15 16 19 20 23 24 25 27 30 31 0

27
1 2 3 5 9 10 14 15 16 17 18 19 20 21 22 24 25 26 27 28 29 30 31 32 33 34 35 36 37 38 39 40 41 42 43 44 47 48 49 50 51 52 53 54 55 56 59 60 62 63 64 65 66 67 68 69 70 71 75 76 77 79 80 81 82 83 84 85 86 87 88 89 90 93 94 95 96 97 98 99 100 101 102 103 104 105 106 107 109 110 111 112 113 114 115 116 117 118 119 120 121 122 124 125 126 127 128 129 130 131 132 133 134 135 136 137 138 139 140 141 142 143 144 145 146 147 148 149 150 151 152 153 154 155 156 157 158 159 160 161 162 163 164 165 166 167 168 169 170 171 172 173 174 177 178 179 181 182 183 184 185 186 188 189 190 191 192 193 194 195 196 198 200 201 202 204 206 207 208 209 210 211 213 214 215 216 217 218 219 220 221 222 223 226 228 229 230 232 235 236 237 238 239 240 241 242 243 244 245 246 248 249 252 253 255 256 257 258 260 261 262 263 264 265 266 268 270 271 272 273 274 275 276 277 278 280 281 285 286 287 288 289 290 291 292 293 294 295 296 297 299 300 301 302 303 304 305 306 307 308 310 311 312 314 315 316 317 318 319 320 321 322 323 324 325 326 327 329 330 331 332 333 335 336 337 338 339 340 341 342 343 344 345 347 348 349 350 351 352 353 354 355 356 357 358 359 360 361 363 364 365 366 367 368 369 370 371 373 374 375 379 380 381 382 383 384 385 386 387 389 390 391 392 393 394 395 396 397 398 400 401 402 403 404 405 406 407 408 410 413 414 415 416 418 419 420 421 422 423 425 427 429 430 431 432 433 435 436 437 438 439 440 441 443 444 446 447 448 449 450 451 452 453 454 455 457 458 460 461 462 463 464 468 469 470 471 472 473 474 476 477 478 479 480 481 482 484 485 487 490 492 494 495 496 497 498 499 500 501 502 503 504 506 507 510 511 512 513 514 515 516 517 518 519 520 521 522 523 524 525 526 527 529 530 531 532 533 535 536 537 538 540 541 542 543 544 545 546 547 548 549 552 557 558 559 560 561 562 563 564 565 568 569 571 572 573 574 575 576 577 578 579 580 581 583 584 585 586 587 588 589 590 591 592 593 594 595 596 600 601 602 603 604 605 606 607 608 609 610 611 612 613 614 615 616 617 619 620 621 622 623 624 625 626 627 634 635 637 638 639 640 641 642 644 645 646 647 648 649 651 652 653 654 655 656 657 658 662 665 666 667 669 671 672 673 677 678 679 680 683 684 685 686 687 689 690 691 693 694 695 696 697 698 699 701 702 703 705 708 709 710 711 712 713 714 716 717 718 719 720 721 722 725 726 727 728 729 730 732 733 734 735 737 738 739 741 742 743 745 747 748 749 751 752 754 755 756 757 758 761 762 765 766 769 770 771 772 773 774 775 776 777 778 779 780 781 782 783 784 785 786 787 788 789 790 791 792 793 795 796 797 799 800 801 802 803 804 805 807 808 809 810 811 812 813 814 816 817 818 821 822 823 824 826 827 828 829 830 831 833 834 835 836 837 838 839 840 841 843 844 846 847 848 849 850 852 853 855 856 859 860 861 863 864 865 866 868 869 870 871 872 873 874 875 876 877 878 879 880 881 882 883 884 885 886 887 888 889 891 892 893 895 896 897 898 899 903 904 905 906 907 908 910 911 912 914 916 917 918 920 921 922 925 926 927 928 929 930 931 934 935 936 937 942 943 944 945 947 948 949 951 954 955 956 957 958 959 960 962 963 968 969 970 973 974 976 977 979 980 981 982 983 985 986 987 989 990 991 992 994 995 996 1000 1001 1002 1003 1004 1005 1006 1007 1008 1009 1010 1011 1012 1013 1014 1015 1016 1018 1019 1020 1021 1022 1023 1024 0
1 2 3 4 5 7 8 9 10 11 17 18 19 21 23 24 25 26 30 32 0

28
1 2 3 4 5 6 7 8 9 10 11 12 13 14 16 17 18 19 20 21 23 24 26 27 28 29 30 32 33 34 35 37 38 39 40 41 43 44 45 46 47 48 49 51 52 54 55 56 57 59 60 61 62 63 64 65 67 68 70 71 72 73 74 75 76 77 78 79 81 82 84 86 87 89 90 91 92 93 94 95 97 98 100 101 102 103 104 105 106 107 110 111 112 113 114 115 118 119 120 121 122 123 124 125 126 127 128 129 130 131 133 134 135 137 138 139 140 141 142 143 144 146 147 148 149 150 151 152 153 154 155 156 157 158 159 160 161 162 163 165 166 167 168 169 170 171 172 173 174 175 177 178 180 181 182 183 184 185 186 187 188 189 190 191 192 193 194 195 196 197 199 200 201 202 203 204 205 206 207 209 210 214 215 217 218 219 220 222 223 224 225 226 231 232 233 234 235 236 237 238 239 240 241 243 244 246 247 248 250 252 253 254 256 258 259 260 261 262 263 264 265 266 267 268 269 270 271 272 273 274 275 276 277 278 279 281 282 284 285 286 288 289 290 292 293 294 295 296 297 298 299 300 301 302 303 304 305 306 309 310 311 312 313 314 315 316 317 318 319 320 321 323 324 326 327 328 329 330 331 332 333 335 336 337 339 340 341 342 343 344 345 346 348 349 351 352 355 356 358 359 360 361 362 363 364 365 367 368 369 372 373 374 376 377 378 379 380 381 383 384 385 386 389 390 392 393 394 395 396 397 398 399 400 402 404 405 406 407 409 410 411 412 413 415 416 418 419 420 421 422 424 425 426 427 428 429 430 432 434 436 437 438 440 441 442 443 444 445 446 447 448 449 450 451 452 453 454 455 457 458 459 460 461 462 463 464 465 466 467 468 470 471 472 473 478 480 481 482 483 484 486 488 489 490 492 495 496 498 501 502 503 504 506 507 508 510 511 512 513 514 515 516 520 521 525 526 528 529 530 532 533 534 535 536 537 538 539 540 541 544 545 548 549 550 551 552 553 554 555 559 560 563 564 565 566 567 568 569 570 573 574 576 580 581 582 583 584 585 586 587 588 591 592 593 594 595 597 598 599 600 601 602 603 604 607 608 612 613 614 615 616 617 618 619 620 622 623 624 627 628 631 632 633 634 635 636 637 638 639 641 642 643 644 645 646 647 648 649 650 652 653 654 656 658 659 661 662 663 664 665 666 667 668 669 670 671 672 673 675 676 677 678 681 682 683 684 685 686 687 688 689 692 694 695 696 697 698 699 700 701 702 704 705 706 707 708 710 712 713 714 715 716 718 719 720 721 722 725 726 727 729 730 731 732 735 736 737 738 739 740 742 743 745 746 747 748 749 750 751 752 753 754 755 757 759 760 761 762 764 765 766 767 768 769 770 771 772 773 774 775 776 777 778 779 780 781 782 783 784 786 787 788 789 790 791 792 793 794 795 796 797 798 799 801 802 804 805 806 807 808 809 810 811 812 814 815 816 817 818 820 821 822 824 825 829 830 831 832 833 834 835 836 837 838 840 841 842 843 844 845 848 849 852 853 854 855 856 857 858 860 861 862 865 866 867 868 870 871 872 873 874 875 876 877 880 882 883 887 888 889 890 891 892 894 895 897 898 899 901 903 906 907 908 910 911 912 913 914 915 916 917 918 919 920 922 923 924 925 926 927 928 929 930 932 933 934 935 936 937 938 940 941 942 943 944 945 947 948 949 950 951 952 953 954 955 956 957 958 959 960 961 962 963 964 965 966 967 968 971 972 973 975 977 978 979 980 981 982 983 984 985 986 987 988 989 993 994 995 996 997 998 999 1000 1001 1004 1005 1007 1008 1009 1010 1011 1012 1014 1015 1016 1017 1018 1019 1020 1021 1022 1023 0
3 4 5 6 8 10 11 13 14 20 21 22 23 25 27 29 30 32 0

29
1 2 3 4 5 6 7 8 9 10 12 13 14 15 16 17 18 19 20 22 23 26 27 29 30 31 32 33 35 36 37 39 40 41 43 44 45 46 47 48 49 50 51 52 54 55 56 57 59 60 61 62 63 64 65 68 69 70 71 72 75 76 77 78 79 80 81 82 84 86 87 88 89 90 91 92 93 94 95 96 97 98 99 100 101 102 103 104 105 106 107 109 110 111 112 113 115 116 117 118 119 120 121 122 123 124 125 126 127 128 129 130 131 132 133 134 135 136 137 138 139 140 141 142 143 144 145 146 147 148 149 150 151 152 153 154 155 156 157 158 159 160 161 162 163 164 165 166 167 168 169 170 171 172 173 174 175 177 178 180 181 182 183 184 185 186 187 188 189 190 191 192 193 194 196 198 199 200 202 203 204 205 206 207 208 209 210 212 213 214 215 216 217 218 219 221 222 223 224 225 226 228 229 230 231 232 233 234 237 239 240 241 243 244 245 246 247 248 249 250 251 252 253 254 255 256 257 258 259 260 261 262 263 264 265 268 269 270 271 272 273 274 275 276 278 279 280 281 282 283 284 286 288 289 291 292 293 294 296 298 299 301 302 303 304 305 306 307 308 309 310 311 312 313 314 315 316 317 318 319 320 321 322 323 324 325 326 329 330 331 332 334 335 336 337 338 340 341 344 345 346 347 348 349 350 351 352 353 355 356 357 358 359 362 363 364 365 368 370 371 372 373 374 375 376 377 378 379 380 381 382 384 386 387 388 390 393 394 395 396 397 398 399 400 401 402 403 404 405 406 407 408 409 410 411 412 413 414 415 416 417 418 419 420 421 422 423 424 425 426 427 428 429 430 431 432 433 435 438 439 441 442 443 444 445 446 448 449 450 451 452 453 454 456 457 458 459 460 461 464 465 466 467 468 469 470 471 472 474 475 477 479 480 482 483 484 486 487 489 490 495 496 497 498 499 500 501 502 503 504 506 507 508 509 511 512 513 516 522 525 526 527 528 529 530 533 534 535 536 537 538 540 541 544 545 546 547 548 550 551 552 554 555 556 558 559 560 561 562 563 564 565 566 567 569 570 571 573 574 576 577 578 579 580 581 582 583 585 586 587 589 590 592 593 596 597 599 600 601 602 603 604 605 606 609 610 611 613 614 615 616 617 618 619 620 621 622 624 625 626 627 628 629 630 631 632 633 634 635 641 642 643 644 645 647 648 649 650 651 652 653 654 655 657 658 661 663 666 668 669 670 672 673 674 675 676 677 679 680 681 684 686 689 690 691 692 693 696 698 700 702 704 705 706 708 709 710 711 712 713 714 716 720 721 723 724 725 726 727 728 729 730 731 732 733 734 735 736 737 738 739 740 741 742 743 744 745 746 747 748 749 750 751 752 753 754 755 758 759 761 762 763 764 765 766 767 768 769 770 771 772 773 774 775 776 777 778 779 780 781 782 783 784 786 787 788 790 791 792 793 794 795 796 797 798 799 800 801 803 806 808 809 813 815 816 817 818 819 820 821 822 823 824 825 827 828 830 832 833 834 835 836 837 839 841 842 844 845 846 847 848 849 850 851 852 854 855 856 857 858 859 860 861 862 863 864 866 867 869 870 871 872 873 874 875 876 877 878 879 881 882 883 884 885 886 887 889 890 893 894 895 896 897 898 900 902 903 905 906 907 908 909 910 911 912 913 917 918 919 921 922 923 924 927 928 929 931 932 934 935 936 937 938 939 940 941 942 943 944 945 946 948 950 951 952 953 954 955 956 958 959 960 961 963 964 965 967 968 969 970 971 972 974 975 976 977 978 979 980 981 982 983 984 985 986 988 991 992 993 994 995 997 998 999 1000 1001 1002 1004 1005 1006 1007 1008 1009 1010 1011 1012 1013 1014 1015 1016 1017 1018 1019 1020 1021 1022 1023 1024 0
2 4 5 6 8 9 10 11 12 13 14 15 16 20 21 22 24 25 27 29 30 31 32 0

30
1 2 4 8 11 13 15 16 17 18 20 22 23 24 26 28 30 31 32 33 35 36 37 38 39 40 41 42 43 45 46 48 49 51 52 53 54 55 56 57 58 59 60 61 63 64 65 68 69 70 71 72 73 74 75 76 78 80 81 82 83 84 85 86 87 88 89 90 91 92 93 95 96 97 98 99 100 101 102 104 106 107 108 109 110 111 112 113 115 116 117 118 119 121 123 124 125 126 127 128 129 130 131 132 133 135 136 137 138 139 140 141 142 143 144 145 146 147 148 149 150 153 155 156 157 158 160 161 163 164 165 166 167 169 174 175 176 177 178 179 181 182 183 185 186 188 189 191 192 193 194 195 197 198 200 201 202 203 204 205 206 207 208 209 210 211 212 213 216 218 219 220 221 222 223 224 225 226 227 228 229 230 231 233 234 236 238 240 241 242 243 244 245 246 249 250 252 254 255 256 257 258 260 263 264 265 271 272 273 274 275 276 278 279 281 282 283 287 288 289 291 293 294 295 296 298 299 300 302 304 305 306 307 308 309 310 311 312 313 314 315 316 317 318 320 321 322 323 324 325 326 327 328 329 330 331 333 335 336 337 338 339 340 341 342 343 344 345 346 347 348 349 350 352 353 354 355 356 357 358 359 362 363 364 365 366 368 369 370 371 372 373 374 375 376 378 379 380 381 384 385 386 387 388 389 391 392 394 395 396 397 398 400 401 402 403 404 405 406 407 408 410 411 412 413 414 416 417 418 419 420 421 422 423 424 425 427 428 429 430 431 432 433 434 435 436 437 438 439 440 441 443 444 445 446 447 448 449 450 451 452 453 454 455 456 457 459 460 461 462 463 464 465 466 468 469 470 473 474 475 476 477 478 479 480 481 482 483 484 485 486 487 489 490 491 492 493 494 495 496 497 498 499 500 501 504 505 506 507 508 509 510 511 512 513 514 515 516 517 518 519 520 521 522 523 524 525 526 527 528 529 530 533 534 537 538 539 540 544 545 546 549 550 551 552 553 554 555 557 558 559 561 562 564 565 567 569 570 571 572 573 574 575 576 577 578 579 580 581 582 583 584 585 586 587 589 590 591 593 594 596 600 603 605 606 607 608 609 612 613 614 616 617 619 621 622 624 625 627 629 630 631 632 633 635 636 637 640 641 642 643 644 645 646 647 648 649 655 656 657 658 659 660 661 662 665 666 668 669 670 672 673 674 677 678 679 680 681 682 688 689 692 702 704 706 707 708 709 710 712 715 719 720 721 722 724 725 726 735 736 737 744 751 752 753 755 757 758 759 760 768 769 770 771 772 773 774 775 776 777 778 779 780 781 782 783 784 785 791 792 793 800 801 802 803 804 805 806 809 810 811 812 813 816 817 819 820 821 822 823 824 825 826 827 828 829 832 833 834 835 836 837 838 839 840 841 842 843 844 845 846 847 848 849 850 851 852 853 854 855 856 857 858 859 861 862 863 864 865 866 867 868 870 871 872 873 874 875 876 878 879 880 881 882 883 884 886 887 888 890 891 892 893 894 895 896 897 898 899 900 901 902 903 904 906 908 909 910 911 912 913 914 915 916 917 919 920 921 922 923 924 925 926 927 928 929 930 931 933 934 936 937 938 939 940 941 942 943 944 945 946 947 948 949 950 951 954 955 956 957 958 959 960 961 962 963 964 965 966 968 969 970 971 972 973 974 975 976 977 978 979 980 981 982 983 984 985 986 987 988 989 990 991 992 993 994 995 996 997 998 999 1000 1001 1002 1003 1004 1005 1006 1007 1008 1009 1010 1011 1012 1013 1014 1016 1017 1018 1019 1020 1021 1022 1023 1024 0
1 3 4 5 6 8 9 10 11 13 14 16 20 22 23 24 26 27 28 31 32 0

31
1 2 3 4 7 8 9 12 13 15 16 17 19 21 22 24 28 30 32 33 35 36 38 39 41 43 45 47 48 49 52 53 54 58 60 62 64 65 66 67 68 69 70 71 72 73 74 75 76 78 79 80 81 82 84 85 86 87 88 89 90 91 92 93 95 96 97 98 99 100 101 102 103 104 105 106 107 109 110 112 113 114 115 116 117 118 120 121 122 123 124 126 127 128 129 130 131 132 133 134 135 136 138 139 142 143 144 146 147 148 150 151 152 153 154 155 158 159 160 161 162 163 164 165 166 167 168 169 170 171 172 174 175 176 178 179 181 182 183 184 185 186 187 188 189 190 191 192 193 194 195 196 197 198 199 202 203 204 205 206 207 208 209 210 211 212 213 214 215 216 218 221 222 223 224 225 226 228 230 233 234 238 239 240 241 242 243 245 246 247 248 250 251 252 253 254 255 256 257 258 260 261 262 263 264 265 271 272 273 274 276 277 278 279 280 281 282 283 285 286 288 289 290 291 292 293 294 295 296 297 298 299 300 301 303 304 305 306 307 308 310 312 313 317 320 321 322 323 328 329 330 331 333 334 335 336 337 339 340 341 342 343 344 345 347 348 350 352 353 354 356 357 358 359 360 362 363 364 365 367 368 369 370 371 372 373 374 375 376 378 379 380 381 382 383 384 385 386 387 388 389 391 392 394 395 400 401 402 403 404 405 406 407 409 410 411 412 416 417 418 419 420 422 424 425 426 427 428 429 430 431 432 433 434 435 436 437 438 440 442 443 444 445 446 447 448 450 451 452 453 454 455 456 458 460 461 462 463 464 465 467 468 469 470 471 473 474 475 476 477 478 479 480 481 482 483 484 485 486 488 489 491 493 495 496 498 499 500 501 502 504 505 506 508 509 510 511 512 514 515 516 517 520 524 525 526 529 530 531 532 535 536 537 538 540 541 542 543 544 545 546 547 554 555 556 557 558 559 560 561 562 563 567 568 569 570 571 573 574 575 577 578 580 581 585 586 587 588 590 591 592 593 594 595 597 598 599 600 602 605 606 607 608 609 610 613 614 617 620 622 623 624 625 627 628 629 630 631 632 634 635 636 638 639 640 641 643 645 650 653 654 655 657 658 659 660 661 662 664 665 666 667 669 671 672 673 674 675 676 677 678 679 680 681 682 684 685 688 689 690 691 692 696 697 702 704 705 706 707 708 709 710 711 713 714 715 718 719 720 721 723 724 725 727 728 729 730 732 733 735 736 738 739 740 741 742 743 744 745 746 747 748 749 750 752 753 754 755 756 757 758 759 760 761 762 763 764 767 768 769 770 771 772 773 774 775 776 777 778 779 780 781 782 783 784 785 786 790 791 792 793 794 795 798 799 800 801 802 803 804 805 808 810 811 812 814 817 818 819 820 822 823 824 825 826 828 829 830 831 833 834 836 837 838 839 842 844 845 847 849 850 851 852 853 854 855 857 858 860 861 862 863 865 866 867 868 869 871 872 873 874 875 876 878 879 881 882 883 885 887 888 889 890 891 892 893 894 895 896 897 898 899 902 903 904 905 906 907 908 909 910 911 913 914 915 916 918 919 921 923 924 925 926 927 928 930 931 932 934 935 936 937 938 940 941 943 945 946 947 948 949 950 951 952 953 954 955 956 957 959 961 962 964 965 966 967 968 970 973 974 975 976 977 979 981 982 983 984 985 987 989 990 991 992 993 997 998 999 1001 1002 1003 1004 1005 1007 1010 1011 1012 1013 1014 1015 1016 1017 1018 1019 1021 1022 1023 1024 0
1 4 6 7 8 10 16 17 19 20 25 26 29 30 0

32
1 2 3 5 6 7 8 9 11 12 15 16 17 18 19 20 21 22 23 24 25 27 28 29 31 32 33 34 36 38 40 41 42 43 45 46 48 49 50 51 52 53 54 55 56 57 58 59 60 63 64 65 66 67 68 69 70 71 72 73 74 77 78 79 80 81 82 83 84 85 86 87 88 89 90 91 92 93 94 96 97 98 99 100 101 102 103 104 105 106 107 108 111 112 113 114 115 116 117 118 119 121 122 123 124 126 128 129 130 131 132 133 135 137 138 139 140 143 144 146 147 148 149 150 152 153 154 155 156 157 158 160 161 162 163 164 165 167 170 173 174 175 176 177 178 179 180 181 183 184 185 187 189 190 191 192 193 194 195 196 197 199 200 201 204 205 206 208 209 210 211 212 213 215 217 219 220 222 223 225 227 228 229 230 231 232 233 234 235 238 239 240 241 243 244 245 246 247 249 250 251 252 253 254 255 256 257 258 259 260 261 263 264 265 266 267 269 270 272 273 274 275 276 278 279 280 281 284 285 287 288 289 290 291 295 296 297 298 299 300 301 302 304 305 306 307 308 309 310 311 312 313 314 315 316 317 318 320 321 322 324 326 327 328 329 330 331 332 333 334 335 336 337 338 339 340 342 343 344 345 346 347 348 349 350 351 352 353 355 356 357 359 360 361 363 364 368 369 370 371 372 373 374 376 377 378 379 380 382 383 384 385 386 387 388 390 391 392 393 394 395 396 398 399 400 401 402 403 404 405 406 408 409 410 411 412 413 414 415 416 417 418 419 421 422 423 425 426 427 428 430 431 432 433 434 435 437 439 440 441 442 443 446 447 448 450 452 453 455 456 457 458 459 460 461 462 464 465 466 467 468 469 470 472 473 475 476 477 478 480 481 483 484 485 486 487 488 489 491 492 493 495 496 497 498 500 501 502 503 504 505 506 508 509 510 512 513 514 515 516 517 518 519 520 522 523 524 525 526 527 529 531 532 534 536 537 538 539 541 544 545 546 547 548 549 551 552 553 555 556 557 558 559 561 562 563 565 567 568 571 573 576 577 579 581 583 584 585 586 587 588 589 593 594 595 598 599 600 601 603 605 606 609 610 611 614 615 617 618 619 625 626 627 628 630 631 632 633 635 636 637 638 640 641 642 643 644 646 647 649 651 656 657 658 659 662 663 664 665 666 667 671 672 674 675 677 678 681 683 684 685 686 688 689 691 692 693 694 695 696 699 700 701 702 703 704 705 706 707 708 709 710 712 713 714 715 716 718 719 720 721 722 723 724 725 726 727 728 729 730 731 733 734 736 737 738 739 740 742 743 746 748 749 750 752 753 755 756 759 761 763 765 769 770 771 772 773 774 775 776 777 778 779 780 781 782 783 784 785 786 787 788 789 790 791 792 793 794 795 796 800 801 802 803 804 805 806 807 808 809 810 811 812 813 814 815 816 817 818 819 821 822 823 826 827 828 830 832 833 834 835 836 837 838 839 840 841 843 845 846 847 849 852 853 854 857 858 859 860 862 863 864 865 866 867 871 872 875 877 879 880 881 883 884 885 886 887 889 890 891 892 894 897 898 899 900 901 902 903 905 906 908 910 911 912 913 914 915 916 918 919 920 921 922 923 924 925 926 927 929 930 931 932 933 934 935 936 937 938 939 941 942 943 944 945 946 947 948 949 950 951 953 955 956 958 959 960 961 962 963 964 965 966 968 969 974 975 976 977 978 980 981 982 983 984 985 986 987 988 990 991 992 993 994 995 996 997 998 999 1002 1003 1004 1005 1006 1008 1010 1011 1013 1014 1015 1016 1017 1018 1019 1020 1021 1022 1024 0
1 2 3 4 7 9 10 11 13 15 19 20 23 24 26 27 29 30 0

33
1 2 3 4 5 7 8 9 10 11 12 13 14 15 16 17 19 20 21 22 24 25 26 27 28 29 30 32 33 35 38 39 40 41 42 43 44 45 46 47 48 49 51 54 55 56 57 58 59 60 62 63 64 65 66 67 68 69 70 71 72 73 74 75 77 79 80 81 84 85 89 90 91 92 93 94 95 96 97 98 99 100 101 102 103 104 105 108 110 111 112 113 115 116 117 118 119 120 121 122 124 125 126 127 128 129 130 131 132 134 135 136 138 140 142 144 145 146 147 148 149 150 151 152 156 157 158 159 161 167 168 169 170 171 172 174 176 177 178 179 183 184 185 186 188 189 190 191 192 193 194 195 196 198 199 200 201 202 203 204 205 206 207 208 209 210 211 212 213 214 215 216 217 218 219 220 221 222 224 225 226 227 228 229 231 233 234 235 236 237 240 241 242 244 245 246 248 249 250 251 252 257 258 259 260 261 262 263 264 265 266 267 268 269 270 271 272 273 274 275 276 277 278 279 282 283 285 286 287 288 289 291 292 293 294 295 296 297 298 300 301 303 304 305 307 309 310 312 313 314 315 316 317 318 319 320 321 323 324 325 326 327 328 330 331 332 333 334 335 336 337 339 341 342 343 344 345 346 347 348 349 350 351 352 353 354 355 356 357 358 359 360 361 362 363 364 365 366 367 368 369 370 371 372 373 374 375 376 377 379 380 381 382 383 384 385 386 387 388 389 390 391 392 393 395 396 397 398 399 400 401 402 403 404 406 407 408 409 411 412 413 414 415 416 417 418 419 420 422 423 424 425 427 428 430 431 432 433 434 435 436 437 439 440 442 443 444 445 446 447 448 449 450 451 452 453 454 455 456 457 458 459 460 461 462 463 464 465 466 467 468 469 471 472 473 474 475 476 477 479 480 481 482 483 486 487 488 489 490 491 492 493 494 495 496 497 498 500 501 503 505 506 507 509 511 512 513 514 515 516 517 523 524 525 526 527 528 530 531 532 534 542 544 546 550 551 552 553 554 555 556 557 558 559 560 561 562 564 565 566 567 568 570 572 573 574 575 576 578 580 581 582 584 586 588 589 590 591 594 595 596 597 598 600 601 605 607 608 609 610 612 613 614 615 616 617 618 619 620 621 622 623 624 625 626 627 628 629 631 632 633 634 637 639 640 642 645 646 649 650 651 653 654 657 658 659 660 663 664 665 666 667 668 669 671 672 673 674 676 677 678 679 680 681 682 683 684 685 686 688 689 690 693 694 695 696 697 698 699 700 702 705 706 707 708 709 710 711 713 714 716 718 719 721 722 723 724 729 730 732 733 736 737 739 740 746 747 753 754 755 756 760 761 762 768 769 770 771 772 773 774 775 776 777 778 779 780 781 782 783 784 785 786 787 788 789 790 791 792 793 794 795 796 797 798 800 801 802 803 804 805 806 807 808 809 810 811 812 813 814 815 818 820 821 823 824 825 826 827 828 829 830 831 832 834 836 837 838 839 840 841 843 844 845 846 847 848 849 850 851 852 853 854 855 858 859 860 861 862 864 865 866 867 868 869 870 871 872 873 874 875 876 878 879 880 881 882 883 884 885 887 888 889 893 894 895 896 898 899 900 901 902 903 905 906 907 908 910 911 912 913 914 915 916 917 918 920 921 922 923 924 925 926 927 928 929 930 931 932 933 934 938 939 940 941 942 943 944 945 946 947 948 949 950 952 953 954 955 956 957 958 959 960 962 963 964 965 966 967 968 970 971 972 973 974 975 976 977 978 979 980 981 982 983 984 985 986 987 988 989 990 991 992 993 994 995 996 997 998 999 1000 1001 1002 1003 1004 1005 1006 1007 1008 1009 1010 1011 1012 1014 1015 1016 1017 1018 1019 1020 1022 1023 1024 0
1 2 3 4 5 6 7 8 9 10 13 15 16 17 18 19 20 21 22 23 24 25 29 30 32 0

34
1 2 3 4 5 6 7 8 9 10 11 12 13 14 15 16 17 18 19 20 21 22 23 24 26 27 28 30 31 32 33 34 35 36 37 38 39 40 42 43 44 45 46 47 48 49 50 51 52 53 54 55 57 58 59 60 61 62 63 64 65 66 67 68 69 70 71 72 73 75 76 77 78 79 80 81 83 85 86 87 88 89 90 91 92 93 95 96 98 99 100 101 102 103 104 105 106 108 110 112 115 116 117 118 121 123 124 125 126 127 128 129 130 132 133 134 135 136 138 139 140 141 143 144 145 146 148 149 150 151 152 153 154 155 156 157 160 161 163 164 165 168 169 170 171 172 173 175 176 177 178 180 181 182 183 184 187 188 189 192 193 194 195 196 197 199 200 201 202 203 204 205 207 208 209 210 211 212 213 217 219 220 221 222 224 225 226 227 228 229 234 235 237 238 239 241 242 243 245 247 250 252 253 255 256 257 258 259 260 261 262 263 264 265 266 267 268 269 270 271 272 273 274 275 276 277 278 279 280 282 283 284 285 286 288 289 291 293 295 296 298 300 301 303 304 305 307 308 309 310 312 314 315 316 318 319 320 321 322 324 325 327 329 331 332 333 334 335 336 337 338 339 340 341 342 343 344 345 346 347 348 349 350 352 353 354 355 356 357 358 359 360 361 362 363 364 365 366 368 369 370 371 372 373 374 376 377 378 380 381 382 384 385 386 387 388 389 390 391 392 394 395 396 397 398 399 400 401 402 403 404 405 406 407 408 409 410 411 412 413 414 415 416 417 418 419 420 421 422 423 424 425 426 427 428 429 430 431 432 433 434 435 436 437 438 439 440 441 442 443 444 445 446 447 448 449 450 451 452 454 455 456 457 458 459 460 461 462 464 465 466 467 468 469 470 471 472 473 474 475 476 477 478 479 480 482 483 484 485 486 487 488 490 491 493 494 495 496 497 498 500 501 503 505 510 511 512 513 515 516 517 518 519 520 524 525 526 527 528 529 530 532 533 534 535 536 537 538 539 540 542 543 544 545 546 548 549 551 552 553 554 555 556 558 563 564 566 568 569 570 571 572 574 575 576 577 578 579 580 581 582 583 584 585 586 587 588 589 590 591 592 593 594 598 599 600 601 602 603 604 605 606 607 611 614 616 617 618 619 622 623 624 627 628 629 630 631 632 633 634 635 636 639 640 642 644 647 649 651 652 653 656 657 660 661 662 663 664 665 666 667 668 670 672 673 676 677 678 679 681 682 683 686 691 692 695 697 698 702 704 705 706 707 708 710 712 713 715 716 717 720 726 727 728 729 730 731 732 733 734 736 738 739 740 741 742 743 744 745 746 747 748 749 750 752 753 756 759 761 762 763 766 768 769 770 772 773 774 775 776 777 778 779 780 781 782 783 784 785 786 787 788 789 790 791 792 793 794 795 796 797 798 799 800 801 802 803 804 805 806 807 808 810 811 812 813 814 815 817 818 819 820 821 822 823 824 825 827 828 829 830 831 832 833 834 835 836 837 840 841 842 843 844 845 846 847 848 849 850 851 852 853 855 856 857 858 859 861 862 863 864 865 866 867 868 869 870 871 872 873 874 875 877 878 879 880 882 883 885 886 887 888 889 891 892 893 895 896 897 898 899 900 901 903 904 906 907 908 909 910 914 915 916 917 918 920 921 922 923 924 925 926 927 928 930 931 932 933 934 935 936 937 938 939 940 942 943 944 945 946 947 949 950 951 952 953 954 955 956 957 958 959 961 962 963 964 965 966 967 968 969 970 971 972 973 974 975 976 977 978 979 980 981 982 983 984 985 986 987 988 989 990 991 992 993 994 995 996 998 1001 1004 1005 1007 1008 1009 1010 1011 1012 1013 1014 1015 1016 1017 1018 1019 1020 1021 1023 1024 0
4 5 6 7 9 10 12 14 15 18 19 20 21 23 24 25 28 29 31 32 0

35
1 3 5 6 7 8 9 10 11 12 14 16 17 18 19 20 23 24 25 26 27 29 30 31 32 33 34 35 37 38 39 40 42 43 44 45 47 48 49 52 53 54 55 56 57 58 59 60 61 62 64 65 67 68 69 70 71 72 74 76 77 79 80 81 82 84 85 86 87 88 89 91 93 95 96 97 99 100 101 102 103 105 106 107 110 113 114 115 117 118 119 120 121 122 123 124 125 126 127 128 129 130 131 132 133 134 135 136 137 138 139 140 141 142 143 144 145 147 148 149 150 151 154 155 156 157 160 161 165 167 169 170 171 173 174 175 176 178 179 182 183 184 185 186 188 189 190 192 193 194 195 196 197 198 199 201 202 203 204 205 207 208 209 210 211 212 213 214 215 217 218 221 222 224 225 226 227 228 229 230 231 234 236 237 238 239 240 241 243 244 245 246 247 248 251 252 253 255 256 257 259 261 262 263 264 265 266 267 268 270 272 273 275 278 279 281 282 284 285 287 288 289 290 291 292 293 295 296 297 298 300 301 302 304 305 307 308 309 310 311 312 313 314 316 317 318 319 320 321 322 323 325 328 329 330 331 332 333 335 336 337 338 339 341 342 343 344 345 346 347 348 349 350 352 353 354 355 356 358 359 360 361 362 363 364 365 367 368 369 370 371 372 373 375 376 377 378 379 380 381 383 384 387 388 389 390 391 392 393 394 395 396 397 398 399 400 402 403 404 405 406 407 408 409 410 411 412 413 415 416 418 419 420 421 422 423 424 426 427 428 429 430 431 432 434 435 436 437 438 439 440 441 442 443 444 446 447 448 449 450 451 452 453 454 456 457 458 459 460 462 463 464 465 466 467 468 469 470 471 472 473 474 475 476 478 479 480 481 482 483 484 485 487 488 489 490 491 492 494 495 496 497 498 500 501 503 504 505 509 511 512 513 515 516 517 518 520 522 523 524 527 528 529 530 531 532 533 535 536 537 539 540 541 542 543 544 545 546 547 548 549 550 551 553 555 556 557 558 562 563 564 565 567 569 571 572 573 575 576 577 578 579 580 582 583 584 585 586 587 588 590 591 593 594 597 598 599 600 601 602 603 605 606 607 608 609 610 611 612 613 614 615 616 617 619 620 621 623 624 625 627 632 633 634 636 638 639 641 643 645 646 647 648 649 650 652 653 654 655 656 658 659 660 661 662 663 664 665 666 667 668 669 670 671 672 673 674 675 676 678 679 680 681 682 683 684 686 687 688 690 691 692 693 694 695 696 697 698 700 701 702 703 704 705 706 707 708 710 711 712 713 714 715 716 717 718 719 720 722 723 724 725 726 727 728 729 730 731 732 733 734 735 736 737 738 739 740 741 742 743 744 745 746 747 748 749 750 752 753 756 761 763 764 765 766 767 768 769 770 771 772 773 774 775 776 777 778 779 780 781 782 783 784 785 788 789 790 791 792 793 794 795 800 802 803 804 806 807 808 809 810 812 813 814 815 816 817 818 819 820 821 822 823 824 825 826 827 828 829 830 831 832 834 837 838 839 840 841 842 844 845 846 847 849 850 851 852 853 854 855 856 857 858 859 860 861 864 865 866 867 868 869 873 874 875 876 877 878 879 880 881 882 883 884 885 886 887 888 889 890 891 894 895 896 897 898 899 900 901 902 903 904 905 906 907 908 909 910 912 914 915 916 917 918 919 920 921 922 923 924 925 926 927 928 929 930 931 932 933 934 935 936 937 938 939 941 943 944 945 946 947 948 949 950 951 952 953 954 955 956 957 958 959 960 961 962 964 965 966 967 968 969 970 971 972 973 974 975 976 977 978 979 980 981 982 983 984 985 986 987 988 989 990 991 992 993 994 995 996 997 998 999 1000 1001 1002 1003 1004 1005 1006 1007 1008 1009 1010 1011 1013 1014 1016 1017 1018 1019 1020 1021 1022 1023 1024 0
4 5 8 9 10 13 14 15 16 17 18 21 23 24 28 31 32 0

36
1 2 3 5 6 7 8 9 10 11 12 13 14 15 16 17 18 19 21 22 23 24 25 26 27 28 30 31 32 33 34 36 39 41 43 44 46 47 49 50 51 52 53 56 57 58 60 61 62 63 64 65 66 69 71 72 73 74 75 77 78 79 80 81 82 83 84 86 87 89 90 92 93 94 96 97 98 99 100 101 103 105 108 109 112 113 115 117 118 119 120 121 122 123 124 125 126 127 128 129 130 131 132 133 134 135 136 137 138 139 140 141 142 143 145 146 147 149 150 151 152 153 154 155 156 157 158 159 161 162 163 164 165 166 167 168 169 170 171 172 173 174 175 176 177 178 179 180 181 182 183 185 186 187 188 190 191 192 193 194 196 197 198 200 201 202 203 205 206 209 211 213 214 215 217 220 223 225 226 228 229 230 231 234 238 239 240 241 242 243 244 247 249 251 253 255 256 257 259 261 263 265 267 269 270 271 272 274 275 277 279 281 283 285 287 288 290 294 295 296 298 299 301 302 303 304 305 306 310 311 314 315 316 317 318 319 320 321 323 325 326 328 329 330 331 332 333 334 336 339 341 342 343 344 346 347 349 350 351 352 354 355 356 357 359 360 362 364 365 366 367 368 369 370 371 373 374 375 376 377 378 380 381 382 383 384 385 386 389 390 391 393 394 395 396 397 398 400 401 405 407 409 410 411 412 413 414 416 417 418 419 420 421 422 423 424 425 426 428 429 430 431 432 433 434 435 437 438 439 440 441 444 446 447 448 449 450 451 453 454 455 457 458 459 460 462 463 464 465 467 468 469 470 471 472 473 474 475 476 478 479 480 481 482 483 484 485 486 487 489 490 491 492 494 495 496 498 499 500 501 502 503 504 505 506 507 508 509 510 512 513 514 515 516 517 518 519 520 521 522 523 524 525 526 527 528 529 530 531 532 533 534 535 536 537 538 539 540 541 542 543 544 545 546 547 548 549 550 551 552 553 554 555 557 558 559 560 561 562 563 564 565 566 568 569 570 571 572 573 574 575 578 579 580 581 582 583 584 585 586 589 590 591 592 593 594 595 597 598 600 601 602 603 604 605 606 607 608 609 610 611 613 614 615 616 617 618 619 620 621 622 623 624 625 626 627 628 629 630 631 632 633 634 635 636 637 638 639 640 641 642 643 644 645 646 647 648 649 650 651 652 653 654 655 656 657 658 659 660 661 662 663 664 665 667 668 669 670 671 673 674 675 676 677 679 680 681 682 683 684 685 686 687 689 690 691 692 693 694 695 696 697 698 699 700 701 702 703 704 705 706 707 708 709 710 711 712 713 714 715 716 719 721 722 723 724 725 726 727 728 729 730 731 733 734 735 736 737 738 739 740 741 742 743 745 746 747 748 749 750 751 752 753 755 756 757 758 759 762 763 764 765 766 767 769 770 771 772 773 774 775 776 777 778 779 780 781 782 783 784 785 786 787 788 789 790 791 792 793 794 795 796 797 798 799 800 801 802 804 805 808 809 810 811 812 813 814 816 817 818 819 822 825 826 827 828 829 830 831 832 833 834 835 836 837 838 840 841 842 843 844 845 846 848 849 850 851 852 853 854 855 856 857 858 859 860 861 862 863 865 866 867 870 871 872 873 875 876 877 878 879 880 881 882 883 884 885 886 887 888 889 890 891 892 893 894 895 896 897 898 899 900 901 904 905 906 907 908 910 911 913 915 916 917 918 919 920 921 922 923 924 925 927 928 929 930 931 932 933 934 935 938 939 940 941 942 943 944 945 946 948 951 952 953 954 955 956 957 958 959 961 962 963 964 965 966 967 968 969 970 972 973 974 975 976 978 979 980 981 982 983 986 987 988 990 991 993 994 995 996 997 998 999 1000 1001 1002 1003 1006 1007 1008 1010 1011 1012 1014 1015 1017 1018 1019 1020 1021 1022 1023 1024 0
1 2 3 4 5 8 10 11 15 16 19 20 24 25 26 32 0

37
1 2 3 4 5 6 7 8 9 10 11 13 14 16 17 18 19 20 21 22 23 24 25 26 27 28 30 31 32 33 34 35 36 37 38 39 40 41 44 45 46 47 48 49 50 51 52 53 54 56 57 58 59 60 62 64 65 66 67 69 71 72 73 74 75 76 77 80 81 82 83 84 85 86 91 93 94 95 96 97 98 99 100 101 102 105 106 107 109 110 111 113 114 115 116 117 119 120 121 122 123 124 125 126 127 128 129 130 132 133 134 135 136 137 138 139 140 142 143 144 145 146 147 149 150 151 152 153 154 155 156 157 158 159 160 161 162 163 165 166 168 170 171 173 174 175 176 177 178 180 181 183 184 185 186 187 189 190 191 192 193 194 195 196 197 198 199 200 202 203 204 205 206 208 209 212 213 214 215 216 217 219 220 222 224 225 226 227 228 229 230 231 232 233 234 235 237 239 240 241 243 244 245 247 248 249 250 251 252 254 257 258 259 261 263 265 269 270 271 272 273 274 275 277 279 281 284 285 286 288 289 290 291 293 295 297 298 301 303 304 305 306 307 309 313 314 315 317 318 319 320 321 322 323 325 326 328 329 330 331 332 333 334 335 336 337 338 339 341 342 343 344 345 347 348 349 350 351 352 353 354 355 356 357 358 359 360 361 362 363 364 365 366 367 368 369 370 371 373 374 375 376 377 378 379 380 381 382 383 384 385 386 387 388 389 390 391 392 394 395 396 397 398 399 400 401 402 403 404 405 406 407 408 409 410 411 412 413 414 415 416 418 419 420 421 422 423 424 426 427 429 431 432 434 435 436 437 439 441 442 443 445 446 447 448 450 451 452 453 455 457 458 459 462 463 464 465 466 467 468 470 471 474 475 477 478 479 480 481 482 483 484 485 486 487 488 490 492 495 496 498 499 501 502 503 505 507 509 510 511 512 514 515 516 517 518 519 520 521 522 523 525 526 527 528 529 530 531 532 533 534 535 536 537 538 541 542 543 544 545 546 547 548 549 550 551 552 553 554 556 557 558 559 560 562 563 564 565 568 570 574 575 576 577 578 579 580 581 582 583 586 587 589 590 591 592 593 594 596 598 599 600 601 602 603 605 608 609 610 611 612 613 614 615 616 617 618 620 621 622 623 624 625 626 627 629 630 631 632 633 634 636 637 638 640 641 642 643 645 646 647 648 649 652 653 654 655 660 661 662 663 664 665 669 670 672 673 674 675 677 678 679 680 683 684 685 689 690 692 693 694 695 697 699 700 702 703 705 706 707 708 709 710 712 713 714 715 716 718 719 720 721 723 724 725 729 731 732 735 737 738 739 740 741 742 743 745 746 747 748 750 751 752 753 754 755 757 758 759 760 761 762 763 764 767 768 769 770 771 772 773 774 775 776 777 778 779 780 781 782 783 784 785 787 788 789 790 791 792 793 794 795 796 797 798 799 800 801 802 803 804 805 806 807 809 810 811 812 813 814 815 816 817 818 819 821 822 826 828 829 831 832 833 834 835 836 839 841 842 843 844 845 846 847 848 849 851 852 853 854 855 858 859 860 861 862 863 865 866 867 868 869 870 871 872 873 874 875 876 877 878 879 880 881 883 884 885 886 888 889 890 891 892 893 894 895 896 897 898 899 902 903 904 905 906 907 908 909 910 911 912 913 914 915 916 917 918 919 920 921 922 923 924 925 926 927 928 929 930 931 932 933 934 935 936 937 938 939 940 941 942 943 944 945 946 947 948 949 950 951 952 953 954 955 956 957 958 959 960 961 962 963 964 965 966 967 968 969 970 971 972 973 974 976 979 980 981 983 984 985 987 988 989 990 991 992 993 994 996 997 998 999 1000 1001 1002 1004 1005 1006 1007 1009 1010 1011 1012 1014 1015 1016 1017 1018 1019 1020 1021 1022 1023 1024 0
1 3 4 6 7 8 9 10 12 17 19 20 22 23 25 27 30 32 0

38
1 2 4 6 8 9 10 14 15 16 17 18 19 21 23 24 25 27 28 29 30 31 32 33 34 35 36 37 38 39 40 41 42 43 44 45 46 47 48 49 50 51 52 53 54 55 56 57 58 59 60 61 62 63 64 65 66 67 68 69 70 71 72 73 74 76 77 78 79 80 81 82 83 84 85 86 87 88 89 91 92 93 94 95 96 97 98 100 101 102 103 104 105 106 107 108 109 110 112 113 114 115 116 117 118 119 120 121 122 125 126 127 128 129 130 132 133 134 135 136 137 138 139 140 141 142 144 145 146 147 148 149 150 151 152 153 154 155 156 157 159 161 162 163 164 165 167 169 170 171 172 173 176 177 178 179 180 181 182 183 184 185 186 187 188 189 191 192 193 194 195 196 197 198 199 200 201 202 204 207 208 209 210 211 212 213 214 215 216 217 218 219 221 224 225 228 229 230 231 232 233 234 235 236 237 238 239 240 241 243 244 245 246 247 248 249 252 254 255 256 257 258 260 261 263 264 265 266 267 268 269 270 271 272 273 274 276 277 278 279 280 281 282 283 284 285 287 288 289 290 291 292 294 295 297 298 299 301 302 303 304 306 307 308 309 310 312 314 315 316 318 319 320 321 322 323 324 325 326 327 328 329 331 332 333 334 335 336 337 338 339 341 342 344 345 347 348 350 351 352 353 354 355 358 360 361 362 363 365 366 367 368 369 371 373 375 376 377 378 380 381 382 384 385 386 387 388 389 391 392 393 394 395 396 397 399 400 401 402 403 404 405 407 411 412 414 416 417 418 419 420 421 423 424 425 426 427 428 429 430 432 433 434 435 436 438 440 441 443 444 446 448 449 450 451 452 453 455 456 457 458 459 460 462 463 464 465 466 467 468 469 472 473 474 475 476 477 478 479 480 481 482 483 484 486 487 488 489 490 491 492 493 494 495 496 497 498 499 501 502 503 504 505 510 512 513 514 515 516 517 518 520 521 524 525 526 528 529 530 531 534 536 538 542 545 547 552 553 554 555 556 557 558 559 560 561 563 565 566 567 568 569 572 573 574 575 576 577 578 579 580 583 584 587 589 592 593 595 596 604 605 607 608 609 610 611 612 613 614 615 616 617 619 620 621 622 623 625 626 627 628 629 630 631 634 635 636 638 639 640 641 642 644 645 646 647 649 650 653 654 655 656 657 658 661 662 663 664 665 666 668 669 670 671 672 673 674 676 677 678 679 680 682 683 684 685 686 687 688 689 690 692 693 694 695 697 698 699 700 701 702 703 704 705 708 709 710 712 713 714 715 716 717 718 719 720 721 723 724 725 726 727 728 729 730 731 732 733 734 735 736 737 738 739 740 741 742 743 745 746 748 749 750 751 752 753 754 756 758 759 760 761 762 763 764 765 766 768 769 770 771 772 773 774 775 776 777 778 779 780 781 782 783 784 785 786 788 789 790 791 792 793 794 795 796 797 799 800 801 802 803 804 805 808 809 810 811 812 813 814 815 816 817 818 819 820 821 822 823 824 826 827 828 829 830 831 833 835 836 837 839 840 841 842 843 845 846 847 848 849 851 852 854 855 857 858 859 860 861 862 863 864 865 866 869 870 871 872 873 874 875 876 879 880 881 882 883 884 885 886 887 889 890 891 894 896 897 898 899 900 901 902 903 904 905 906 908 910 911 913 914 916 917 918 919 921 922 924 926 927 928 929 930 931 932 933 936 937 938 939 940 941 942 943 944 945 946 947 948 949 950 951 952 954 955 956 958 959 960 961 962 963 964 965 966 967 969 970 971 972 973 974 975 976 977 979 980 981 983 984 985 986 987 989 990 992 993 994 996 998 1001 1002 1004 1005 1006 1007 1008 1009 1010 1011 1012 1013 1014 1015 1017 1018 1019 1020 1024 0
1 2 3 4 6 8 9 10 14 15 18 19 21 23 25 26 29 32 0

39
1 2 3 4 5 6 7 8 9 10 11 12 13 14 15 16 17 18 19 20 21 22 23 26 27 28 30 31 32 33 34 35 36 37 38 39 40 43 44 47 48 49 52 54 55 56 58 59 60 61 62 63 64 65 66 67 68 69 70 72 73 74 75 76 77 78 79 80 81 82 84 86 87 88 90 92 93 94 95 96 97 100 101 102 104 105 106 107 108 109 110 111 113 114 115 118 120 121 122 123 124 125 126 127 128 129 130 132 133 134 136 137 138 139 140 141 142 143 144 145 147 149 150 153 154 155 157 158 161 162 163 164 165 166 167 168 169 171 172 174 175 176 177 178 180 182 183 185 186 187 188 189 190 191 192 193 197 199 200 202 203 204 205 206 207 208 209 210 211 212 214 216 218 219 220 222 223 224 225 226 227 229 230 231 233 236 237 238 240 241 242 243 245 246 247 248 249 251 252 253 256 257 258 259 260 261 264 265 267 269 270 271 272 273 274 275 277 278 279 280 281 282 283 284 286 287 288 289 290 291 292 293 294 296 297 298 300 301 302 303 304 305 306 308 309 310 311 312 313 314 315 316 318 319 320 321 322 323 324 326 329 331 332 333 334 335 336 337 338 339 340 341 343 344 345 346 347 348 349 350 351 353 355 356 357 358 360 361 362 363 364 365 366 367 369 371 372 373 374 375 376 377 378 379 380 381 382 385 386 387 391 392 395 396 398 399 401 402 404 405 407 408 409 410 411 413 414 415 417 418 419 422 424 427 428 430 431 432 433 434 435 436 437 438 440 441 446 447 448 449 452 453 454 456 457 458 462 463 464 465 467 468 469 470 471 472 474 475 476 478 480 481 483 484 485 486 488 490 492 494 496 497 498 499 501 502 508 510 512 513 517 518 521 522 524 526 527 528 529 532 533 534 535 536 537 538 545 547 549 550 551 552 553 554 555 556 559 560 561 562 563 564 565 566 567 568 569 570 575 576 577 578 579 580 581 582 583 584 585 586 587 590 591 592 593 594 595 596 597 598 599 600 601 602 603 604 605 606 607 608 609 610 611 612 613 614 615 616 617 618 619 620 621 622 623 624 625 627 628 629 630 631 632 633 634 635 636 637 638 639 640 641 642 643 644 645 646 647 648 649 650 651 652 653 655 656 657 658 659 660 661 662 663 664 665 666 667 668 669 670 671 672 673 676 678 679 680 683 684 685 686 687 688 689 691 692 693 694 695 696 698 699 700 701 702 703 704 705 706 711 713 714 716 719 720 721 722 723 729 730 731 732 735 737 738 744 745 746 747 748 749 751 752 753 754 755 757 758 759 760 761 762 763 764 765 766 767 768 769 770 771 772 773 774 775 776 777 778 779 780 781 782 783 784 785 786 787 788 789 790 791 792 793 794 795 796 797 798 799 800 802 803 804 806 807 808 809 810 811 812 813 814 815 817 818 820 821 822 823 824 825 826 829 830 831 832 835 836 837 840 841 842 843 844 845 846 847 848 849 850 851 852 853 854 855 856 857 858 859 860 861 862 863 864 865 866 867 868 869 870 873 874 875 876 877 878 879 880 881 882 883 884 885 886 887 888 889 890 891 892 893 895 896 897 898 899 900 902 904 905 906 908 909 910 911 912 913 914 915 916 917 918 919 920 923 924 926 927 929 931 932 933 934 935 936 938 941 943 944 945 946 948 949 950 951 952 953 954 955 956 957 959 960 961 962 963 964 965 966 967 968 969 970 974 975 976 977 978 979 980 981 982 983 984 985 986 987 988 989 991 993 994 995 996 997 998 999 1000 1001 1002 1003 1004 1005 1007 1008 1009 1010 1012 1014 1015 1016 1017 1018 1019 1020 1024 0
3 4 5 7 9 10 11 12 13 15 17 18 19 20 21 22 25 27 28 29 30 32 0

40
1 2 3 4 5 7 8 9 10 11 12 13 14 15 16 17 18 19 20 21 22 23 25 26 27 28 29 30 31 32 33 34 35 36 37 38 39 41 42 43 44 45 46 47 48 49 50 51 52 53 54 55 56 57 59 60 61 62 63 64 65 66 68 69 70 71 72 73 74 75 76 78 80 81 82 83 85 86 87 88 90 91 92 93 94 95 96 97 98 99 100 102 103 104 105 106 107 108 110 111 112 113 114 115 116 117 118 119 120 121 122 123 124 126 127 128 129 130 131 132 134 135 136 137 138 139 140 141 143 144 145 147 148 150 151 152 153 154 155 156 157 158 159 160 161 162 164 165 166 167 168 169 170 172 173 174 177 178 179 180 181 182 184 185 186 188 190 191 192 193 194 195 196 198 199 200 201 202 203 204 205 208 209 210 212 213 214 215 217 218 219 221 222 223 224 225 226 227 228 229 231 233 234 236 237 238 239 240 241 243 244 247 249 251 252 253 254 255 256 257 259 260 263 265 266 268 269 270 271 272 273 274 275 276 277 279 280 281 282 285 288 289 291 292 293 294 295 296 297 298 299 300 301 302 303 304 305 306 307 308 309 310 312 315 316 317 319 320 321 322 325 326 327 328 329 330 331 332 333 334 335 336 337 339 341 342 343 346 347 348 349 351 352 353 354 355 356 358 359 360 361 363 364 365 367 368 369 370 371 372 373 374 375 376 377 378 379 382 383 384 385 386 387 388 389 390 391 392 394 395 396 398 400 401 402 403 406 407 409 410 411 412 413 415 416 417 418 419 420 421 422 423 424 425 427 428 429 432 433 434 435 436 438 439 440 441 442 443 444 445 446 448 449 450 452 454 455 456 457 458 459 461 462 463 464 465 466 468 470 471 472 473 475 476 477 478 479 480 481 483 484 485 486 487 488 489 490 491 492 494 495 496 498 499 502 504 506 508 509 510 511 512 514 515 516 517 518 519 520 521 522 523 524 525 526 527 528 529 530 531 532 535 536 537 538 539 541 543 544 545 546 547 548 550 551 552 553 554 555 556 557 560 561 563 564 565 566 568 570 571 572 573 574 575 577 578 579 580 581 582 584 586 587 588 589 590 592 593 595 596 597 600 601 602 603 607 608 609 610 612 617 619 622 623 624 628 629 630 631 635 636 637 638 639 640 641 643 644 650 651 652 653 654 655 664 665 666 668 669 672 673 674 676 678 679 680 682 683 684 687 688 690 691 692 695 696 697 698 699 700 703 704 705 707 711 713 714 720 721 726 728 729 733 735 736 737 738 739 740 745 747 748 750 752 753 756 757 758 759 762 763 764 768 769 770 771 772 773 774 775 776 777 778 779 780 781 782 783 784 785 786 787 789 790 791 792 794 795 798 799 802 803 805 806 807 808 809 810 811 812 813 815 817 818 820 821 822 824 827 828 829 830 831 832 833 834 835 836 837 838 840 841 842 844 845 846 847 848 849 850 851 852 853 854 855 857 859 860 861 863 864 865 866 868 869 871 872 874 879 880 881 882 883 884 885 886 887 888 889 890 891 892 893 894 895 896 897 900 901 902 903 904 905 906 908 910 911 912 914 915 916 917 918 919 920 921 922 923 924 925 927 928 929 931 932 933 934 935 936 937 938 939 940 941 942 943 944 945 946 949 953 954 956 957 958 959 960 961 962 963 964 965 966 967 968 969 970 971 972 973 974 977 978 981 982 983 984 986 989 990 991 992 993 994 1000 1001 1003 1004 1005 1006 1007 1008 1009 1010 1011 1013 1014 1015 1020 1021 1022 1023 1024 0
3 5 10 11 14 15 19 21 22 25 26 27 28 0

41
1 2 3 4 5 6 8 9 10 11 12 13 15 16 17 18 19 20 21 23 24 25 26 27 28 29 30 31 32 33 34 35 36 37 38 39 40 41 42 44 45 46 48 49 50 51 52 53 54 55 56 57 58 59 60 61 63 64 65 66 67 68 69 70 71 72 73 74 75 76 77 79 80 82 83 84 85 86 87 91 92 93 94 95 96 97 98 99 100 101 102 103 104 105 106 108 109 110 111 112 113 115 116 117 119 123 124 125 126 127 128 129 131 132 133 134 136 140 141 142 143 144 145 146 147 149 150 151 152 153 154 155 156 157 158 159 160 161 163 164 165 167 168 169 171 172 173 174 175 176 177 178 181 182 183 184 185 186 187 188 189 190 191 192 193 194 195 196 197 199 200 201 203 204 205 206 207 208 209 210 212 216 217 218 220 221 223 224 225 226 227 229 231 232 234 235 236 237 239 240 241 244 246 248 249 251 253 254 256 257 260 261 264 266 268 269 271 272 273 274 275 276 277 278 279 280 281 282 283 285 286 287 288 289 290 291 292 293 295 296 297 298 299 300 301 302 303 304 305 306 307 308 310 312 313 314 315 316 318 319 320 322 323 326 327 328 329 330 332 333 335 336 338 339 341 343 345 346 347 348 349 351 352 354 355 356 357 358 359 361 362 363 364 365 366 367 368 369 370 371 372 373 374 375 376 377 378 379 381 382 383 384 386 387 388 389 390 391 392 393 394 395 396 397 398 399 400 402 403 404 405 406 407 408 409 410 412 414 415 416 418 419 420 421 422 424 425 428 429 430 431 432 433 434 436 437 438 439 440 441 442 443 444 445 446 447 448 449 450 451 452 453 454 455 456 457 459 460 462 463 464 466 467 468 469 472 473 475 476 478 479 480 481 482 483 484 485 486 488 489 490 491 492 493 494 495 496 500 501 503 504 505 507 508 509 510 511 512 513 514 515 516 517 518 519 520 521 522 523 525 526 529 530 536 537 538 539 540 541 542 543 544 547 548 549 551 552 553 554 555 556 558 561 562 566 567 568 569 570 572 573 574 575 576 577 579 580 581 582 583 584 585 586 587 588 590 592 595 596 597 598 599 600 601 602 603 604 605 612 613 615 616 617 619 620 622 623 625 627 628 629 631 632 633 634 635 636 637 639 643 644 645 648 649 650 651 652 654 659 660 661 662 666 667 669 670 672 674 675 676 677 683 684 685 687 688 690 691 693 694 695 696 698 699 701 704 705 706 707 708 709 710 711 712 714 717 720 721 723 724 725 726 727 730 733 734 735 736 737 738 740 741 742 743 746 747 749 750 751 752 754 755 756 757 758 761 762 765 768 769 770 771 772 773 774 775 776 777 778 779 780 781 782 783 784 785 786 787 788 789 790 791 792 793 794 795 796 797 798 799 801 802 803 804 805 806 807 809 811 812 813 814 815 817 818 819 820 821 822 823 824 825 826 827 828 829 830 831 832 833 834 835 836 837 838 840 841 842 843 844 845 846 847 850 851 852 853 854 855 856 857 859 860 861 862 863 864 866 867 868 869 870 871 872 873 874 875 876 877 878 879 880 881 882 883 884 885 886 887 888 889 890 891 892 893 894 895 896 897 898 899 900 901 902 903 904 905 906 909 910 911 913 914 915 916 917 918 919 921 924 925 926 927 928 929 930 932 933 934 935 936 937 939 940 941 942 943 944 945 946 947 948 949 950 951 952 953 954 955 956 957 958 961 962 963 964 965 966 967 968 969 970 971 972 975 977 978 980 981 982 983 984 985 986 987 988 989 990 991 993 995 996 999 1000 1001 1002 1003 1004 1005 1006 1007 1008 1009 1010 1011 1012 1013 1014 1015 1016 1017 1018 1019 1020 1021 1022 1023 1024 0
1 4 6 7 8 9 10 11 12 13 14 20 22 23 25 26 28 30 31 32 0

42
1 4 5 7 8 9 10 12 13 14 15 16 17 19 20 21 23 24 25 26 27 29 30 31 32 33 34 35 36 38 40 41 42 44 45 47 48 49 50 51 52 53 54 55 56 57 58 61 62 64 65 66 68 69 70 71 72 73 74 75 76 77 78 79 80 81 82 84 85 87 88 89 90 91 93 95 96 97 100 101 102 103 104 105 106 107 109 110 111 112 113 115 116 117 119 120 121 122 123 124 125 126 127 128 129 131 132 133 134 135 136 137 139 141 142 144 145 146 147 149 151 152 153 154 156 158 160 161 162 163 165 167 168 170 171 172 174 175 176 177 178 179 180 181 182 183 184 188 189 190 191 192 193 195 196 198 199 200 201 202 204 205 206 207 208 209 210 211 213 214 215 216 217 218 219 222 223 224 225 226 227 229 230 231 232 236 237 240 241 243 244 247 248 249 251 252 253 254 255 257 259 260 261 263 264 265 266 268 269 272 273 275 276 277 278 279 280 281 282 283 284 285 286 288 289 291 293 294 295 296 297 298 300 301 302 303 304 305 307 310 311 312 313 314 316 320 321 323 324 325 327 328 329 330 336 337 338 339 341 342 343 344 345 346 347 348 352 353 355 356 357 358 359 360 361 362 363 364 365 366 367 368 369 371 373 374 375 376 377 378 379 380 382 383 384 385 386 388 390 391 392 393 394 395 396 397 398 399 400 401 402 404 406 407 408 409 410 412 413 414 416 417 418 419 420 421 422 423 424 426 427 428 429 430 431 432 433 434 436 437 438 439 440 442 443 444 445 446 447 448 449 450 451 452 453 454 455 456 458 459 460 461 462 463 464 465 466 468 469 471 472 473 475 477 478 480 481 483 484 487 488 489 491 492 494 495 496 497 498 499 500 501 502 503 504 505 506 507 508 509 510 511 512 513 514 515 516 517 518 520 521 523 524 525 526 527 529 530 532 533 535 537 538 541 542 543 544 545 546 548 550 551 552 553 555 557 558 559 561 562 564 565 566 567 568 570 571 572 573 574 575 577 578 579 580 581 582 583 584 585 587 588 589 590 591 594 596 598 599 600 601 603 604 605 606 607 608 609 610 612 613 615 616 618 619 620 621 622 623 624 625 626 628 629 630 631 632 633 634 635 636 637 639 640 641 642 643 644 645 647 648 649 650 651 652 654 655 656 657 658 659 660 661 663 664 666 667 669 670 671 672 673 674 675 677 679 680 682 683 684 685 686 687 688 689 690 691 692 693 694 695 696 697 698 699 700 702 704 705 706 707 708 710 711 713 714 716 717 718 719 720 721 722 723 724 726 729 730 731 732 733 734 735 737 738 739 740 741 742 743 744 745 746 747 748 749 752 753 754 755 756 757 758 763 764 765 766 767 768 769 770 771 772 773 774 775 776 777 778 779 780 781 782 783 784 785 786 787 788 789 791 792 793 794 795 796 797 798 799 800 801 802 804 805 806 807 808 809 810 812 813 814 817 818 819 821 822 823 824 825 827 828 830 831 833 835 836 837 838 839 840 841 842 843 844 845 846 848 849 850 851 852 853 854 855 856 857 858 859 860 861 862 863 865 866 867 868 869 871 872 873 874 875 876 877 878 879 880 881 882 883 885 886 887 888 889 890 891 892 893 894 895 897 898 899 900 901 902 903 904 906 907 908 909 910 911 912 913 914 915 916 917 918 920 921 922 923 924 925 926 927 928 929 931 932 933 934 936 937 938 939 940 941 942 943 944 945 946 947 948 949 950 951 952 953 954 955 956 957 958 959 960 961 962 963 964 965 966 967 968 969 970 971 972 973 974 975 976 977 978 979 980 981 982 984 986 987 988 989 990 993 995 996 998 1000 1001 1002 1003 1005 1006 1007 1009 1010 1011 1012 1013 1014 1016 1017 1018 1019 1020 1021 1022 1023 1024 0
2 3 5 6 8 9 10 12 13 14 15 16 17 18 19 21 22 23 24 25 27 28 30 31 0

43
1 3 5 6 7 8 10 12 13 16 17 19 20 21 22 23 24 25 26 27 28 30 31 32 33 34 35 36 37 38 40 42 43 45 47 48 49 50 51 53 55 56 58 60 62 63 64 65 66 67 68 69 70 71 73 74 76 77 78 79 80 81 83 84 85 87 88 90 91 92 94 95 96 97 98 99 102 103 104 106 110 111 112 113 116 117 118 119 120 121 122 124 125 126 127 128 129 131 132 133 134 135 136 137 138 140 142 144 145 146 150 152 153 154 156 157 158 159 160 161 162 163 164 165 166 167 168 171 174 176 177 178 179 181 182 183 186 188 190 191 192 193 195 196 198 199 202 203 205 206 208 209 210 212 213 214 215 216 217 219 220 221 224 225 227 228 229 231 233 234 235 236 237 238 240 241 244 245 246 247 248 249 250 252 253 255 256 257 258 259 260 261 262 263 264 265 266 269 271 272 273 274 275 276 277 279 280 281 282 283 285 286 288 289 290 291 293 294 295 297 298 300 301 304 305 306 308 309 310 311 312 313 314 316 317 319 320 321 322 323 325 327 328 329 330 332 334 335 336 337 338 339 340 341 342 343 344 345 346 347 348 350 351 352 353 354 355 356 357 358 359 361 362 363 364 365 367 368 369 370 371 372 373 374 375 376 377 378 379 380 381 383 384 385 386 387 388 389 390 391 392 393 395 396 397 399 400 401 402 403 404 405 406 407 408 409 410 411 412 413 415 416 417 418 419 421 422 424 425 426 427 428 429 431 432 433 434 435 437 438 439 440 441 443 444 445 447 448 449 450 451 453 454 455 457 459 460 461 463 464 465 467 469 470 471 473 475 476 477 479 480 481 482 483 484 485 486 487 488 489 490 491 492 493 495 496 497 498 500 510 512 513 514 515 516 517 518 519 520 521 522 523 525 526 527 528 529 530 533 534 535 536 537 538 539 540 541 542 543 544 545 546 547 548 549 551 553 555 561 562 564 566 567 570 571 572 573 574 575 576 577 578 579 583 584 585 586 587 593 594 595 596 597 598 600 601 603 604 605 607 608 609 610 611 612 613 614 616 617 618 619 622 623 624 625 626 627 628 629 630 631 632 633 634 635 637 638 639 640 641 642 643 644 645 646 647 648 649 650 651 652 653 654 655 656 658 659 660 661 663 665 666 667 668 669 670 671 672 674 675 676 677 678 679 680 681 682 683 684 685 686 687 688 689 690 691 692 693 694 695 696 697 698 699 700 701 702 703 704 706 707 708 709 710 711 712 713 714 715 716 717 718 719 720 721 722 723 724 725 726 727 728 729 730 731 732 733 734 735 736 738 739 740 741 742 743 744 745 746 747 748 749 750 751 752 753 754 767 768 769 770 771 772 773 774 775 776 777 778 779 780 781 782 783 784 785 786 787 788 789 790 791 792 794 795 796 800 801 802 803 804 805 806 807 808 810 811 812 813 814 815 818 819 820 821 822 825 826 832 833 836 837 838 839 840 841 842 843 844 845 846 847 848 850 851 852 853 854 855 856 857 858 859 862 863 864 865 866 867 868 869 870 871 872 874 875 877 878 879 880 881 882 883 884 886 887 888 889 890 891 892 893 894 895 896 897 898 899 900 901 902 903 904 907 908 909 910 911 913 914 915 916 919 920 921 922 923 924 925 926 927 928 929 930 931 932 933 934 935 936 937 938 939 940 941 942 943 945 946 947 948 949 950 951 952 954 957 958 959 960 961 962 963 964 966 970 972 973 975 976 977 978 979 980 981 982 983 984 985 986 987 988 989 990 991 992 993 994 995 996 997 998 999 1000 1001 1002 1003 1004 1005 1006 1007 1008 1009 1010 1011 1014 1015 1016 1017 1018 1019 1020 1021 1022 1023 1024 0
3 5 6 7 9 10 13 14 16 17 18 21 23 24 25 27 28 30 32 0

44
1 3 5 12 13 14 15 16 17 19 21 22 23 25 26 27 28 29 30 31 32 33 35 36 37 38 39 40 41 42 43 44 45 47 48 49 50 52 53 54 55 56 57 58 59 60 61 62 63 64 65 66 67 68 69 70 72 73 74 75 76 78 79 80 81 82 83 84 86 88 89 91 92 93 94 96 97 98 99 100 101 104 105 106 107 108 109 110 112 113 114 115 116 117 118 120 121 122 123 125 127 128 129 130 131 133 134 135 137 138 139 140 141 143 144 145 147 148 149 150 151 152 153 154 155 156 157 159 160 161 162 163 164 165 166 168 169 170 171 172 173 176 177 178 179 180 182 183 184 185 187 188 189 190 191 192 193 195 196 197 199 200 202 204 205 206 207 208 209 210 211 212 213 216 217 218 219 220 221 222 223 224 225 226 227 228 229 230 231 232 233 234 235 236 237 238 239 240 241 242 244 246 247 248 249 250 251 252 254 256 257 258 259 260 261 262 263 264 265 266 267 269 270 271 272 273 274 275 276 277 278 280 281 282 284 285 286 287 288 289 290 292 293 294 295 296 297 299 300 301 302 303 304 305 306 307 308 309 310 311 314 317 318 319 320 321 322 323 324 326 327 328 329 330 331 332 333 334 335 336 337 338 339 340 341 342 346 347 348 349 350 351 352 353 355 356 357 358 362 363 364 365 366 367 368 369 370 371 372 373 374 375 377 378 379 380 381 382 383 384 385 386 387 389 390 393 394 395 396 397 398 399 400 401 402 403 405 406 407 410 411 412 413 414 415 416 417 419 420 421 422 423 424 425 426 428 429 430 431 432 433 434 435 436 437 438 439 440 441 442 443 444 445 446 448 449 450 451 452 453 454 456 457 458 460 462 463 464 465 466 467 468 469 470 471 472 474 476 477 478 479 480 481 482 483 484 486 489 490 491 492 493 494 495 496 498 499 500 501 502 504 506 508 510 511 512 513 514 515 516 517 518 519 520 521 522 523 524 525 527 528 529 530 531 532 533 534 536 537 539 540 541 542 544 545 546 547 548 552 555 556 558 559 560 561 562 563 566 567 569 570 571 573 575 577 578 579 580 581 582 583 584 585 586 587 590 591 593 594 595 596 597 598 599 600 601 602 604 605 606 607 608 609 610 611 612 614 615 616 617 618 619 620 621 622 623 624 625 626 627 628 629 631 632 633 635 636 637 638 639 640 641 642 643 645 646 647 649 650 651 652 653 655 657 662 663 667 668 669 670 671 673 675 676 678 679 680 682 683 684 685 686 687 689 690 691 692 693 697 699 700 701 702 703 704 705 706 708 709 711 712 713 715 716 717 718 719 720 721 723 726 727 728 729 730 731 732 733 734 735 737 738 739 741 742 743 744 745 747 748 749 750 751 753 754 755 757 761 763 764 765 766 767 768 769 770 771 772 773 774 775 776 777 778 779 780 781 782 783 784 785 787 788 789 790 791 793 794 795 796 797 799 800 801 802 805 806 807 808 809 810 811 812 813 814 815 816 817 818 819 820 821 823 824 825 828 829 830 831 832 833 835 836 837 838 839 840 841 842 843 845 848 849 850 851 852 853 854 855 856 857 858 859 860 861 862 863 864 865 867 868 870 872 873 874 875 876 877 878 879 880 881 882 883 884 885 886 887 888 889 890 891 892 893 894 895 897 899 900 901 902 903 904 905 906 907 908 909 910 911 912 913 914 915 916 917 918 919 920 921 922 923 924 925 926 927 928 929 930 932 933 934 935 936 937 938 939 940 941 942 943 944 945 946 947 948 950 951 954 955 956 957 958 959 960 961 963 965 968 969 973 974 975 976 977 978 979 980 981 982 983 984 985 986 987 988 989 990 991 992 993 994 995 996 997 999 1000 1001 1002 1003 1004 1006 1007 1008 1009 1010 1011 1012 1013 1014 1015 1016 1017 1018 1019 1020 1021 1022 1023 1024 0
1 2 3 4 8 10 11 14 15 16 17 18 19 26 27 29 0

45
1 2 3 6 8 9 10 11 12 13 14 15 16 17 18 20 21 22 23 24 25 26 28 31 32 33 34 35 36 37 38 39 40 41 42 43 44 45 46 47 49 50 51 52 53 54 55 56 57 58 59 60 61 62 63 64 65 66 68 69 70 71 72 73 74 75 76 77 78 79 80 81 82 83 84 85 86 87 88 89 91 92 93 94 95 97 98 99 100 101 102 103 107 108 110 111 112 113 116 117 118 119 120 122 124 126 127 128 129 130 132 133 134 135 136 137 138 139 140 141 143 144 145 146 147 148 149 150 151 153 154 155 156 158 159 160 161 162 163 164 166 167 168 169 170 171 172 173 175 176 177 179 180 181 182 183 185 186 188 189 191 192 193 194 195 196 197 198 200 201 202 204 205 207 208 209 210 211 212 213 214 220 221 224 225 226 227 228 230 232 233 234 235 237 238 239 240 241 243 246 249 251 252 254 255 256 257 258 259 260 263 264 265 268 269 270 272 274 275 276 279 280 281 282 283 284 288 289 290 291 292 293 294 295 296 297 299 300 301 302 303 304 305 306 308 309 310 312 313 314 315 316 317 318 319 320 321 322 323 324 325 326 327 328 329 330 331 333 335 336 337 338 339 340 341 343 344 345 347 348 351 352 353 354 355 356 357 359 360 362 363 365 366 367 368 369 370 371 373 374 377 378 380 382 384 385 386 388 390 392 393 394 395 397 398 400 402 403 404 405 406 407 408 409 410 411 412 414 415 416 417 419 420 422 423 424 426 427 428 430 432 435 437 438 439 440 441 442 443 444 445 446 447 448 449 450 451 452 453 454 455 456 457 458 459 460 461 462 463 464 466 467 469 470 472 473 474 475 476 477 478 479 480 481 482 483 484 486 488 489 490 492 493 495 496 498 499 500 503 504 505 507 509 510 511 512 513 514 515 516 517 518 519 520 521 522 524 526 527 529 531 532 535 536 538 539 540 542 543 544 545 546 547 548 549 550 552 553 554 555 557 558 559 561 562 563 564 565 567 568 569 570 571 574 575 576 577 578 579 580 582 585 586 587 588 589 590 591 592 593 594 596 597 601 602 604 606 608 609 610 612 613 617 619 620 621 623 624 625 628 629 630 633 634 637 638 639 641 644 648 650 651 652 653 656 657 658 659 660 662 664 665 667 668 669 670 671 672 673 675 679 680 682 685 686 687 688 689 690 691 692 693 694 695 696 698 700 701 702 703 704 706 707 708 709 711 713 716 717 718 719 720 721 722 723 724 725 726 727 728 729 730 731 732 733 734 735 736 737 738 739 740 741 742 743 744 745 746 747 748 749 750 751 752 753 758 759 760 761 762 763 765 766 768 769 770 771 772 773 774 775 776 777 778 779 780 781 782 783 784 785 786 787 789 791 792 793 794 795 796 797 799 800 801 802 803 804 805 806 808 809 810 812 813 814 815 816 817 818 821 822 823 824 825 826 827 828 829 830 831 832 834 835 836 837 839 840 841 842 845 847 848 849 850 851 852 853 854 855 857 858 859 860 861 862 863 864 865 866 867 868 869 870 871 872 875 876 879 880 881 882 883 884 885 886 887 888 892 893 894 895 896 897 898 899 900 901 902 903 904 905 906 907 909 910 912 913 914 915 916 917 918 919 920 921 922 923 924 925 926 927 928 929 930 931 932 933 934 935 936 937 938 939 940 941 942 943 944 945 946 948 949 950 951 952 953 954 955 957 958 959 961 962 963 964 965 966 967 968 969 970 975 977 978 979 980 981 982 983 984 985 986 987 988 989 992 993 994 995 996 999 1001 1002 1003 1004 1005 1007 1008 1009 1010 1011 1012 1013 1015 1017 1019 1020 1022 1023 1024 0
1 2 7 9 10 15 16 17 20 23 25 26 27 29 31 32 0

46
1 5 7 10 11 14 16 17 18 20 21 22 23 25 26 28 29 30 31 33 34 35 36 37 38 39 40 41 42 43 45 46 48 49 52 53 54 55 56 57 58 59 60 61 63 65 67 68 69 70 71 73 74 75 76 78 80 81 82 84 85 86 87 89 90 91 92 93 94 95 98 99 100 101 102 103 104 105 106 107 108 109 111 113 114 115 116 117 118 119 122 123 124 126 127 129 130 132 133 134 137 138 139 140 141 143 145 146 147 148 150 151 152 153 154 155 158 159 160 161 162 163 164 165 167 168 169 170 171 172 173 174 175 176 177 178 179 180 182 183 184 185 186 187 188 189 192 193 194 195 196 197 198 199 200 201 203 204 205 207 208 209 210 211 212 213 214 215 216 217 218 219 220 221 222 223 224 225 226 227 228 229 230 231 232 234 235 236 237 238 239 240 241 242 243 244 245 246 247 248 249 250 251 252 253 254 255 256 257 261 262 263 264 266 267 268 269 270 271 272 274 276 277 278 279 280 281 283 284 285 286 288 290 291 293 294 296 297 298 299 300 304 305 306 307 308 310 312 313 314 316 317 318 320 321 322 323 324 326 327 328 329 330 331 335 336 337 338 339 340 341 343 344 346 347 348 349 350 351 352 353 354 355 356 357 358 359 360 361 362 363 365 366 367 368 369 370 371 372 373 374 375 376 378 379 380 381 382 383 384 385 387 388 389 390 391 393 394 395 396 397 399 400 401 402 403 404 405 407 408 409 410 411 412 413 414 415 416 417 418 419 420 421 423 424 425 426 427 428 429 430 431 432 434 435 437 438 439 440 441 442 443 444 445 446 447 448 449 450 451 452 453 454 455 456 457 458 459 460 461 462 463 464 465 466 467 470 471 472 473 474 475 476 477 478 479 480 481 482 486 487 488 489 490 492 493 494 496 497 502 504 506 507 508 509 510 511 512 513 515 516 517 518 519 520 521 522 523 524 525 526 527 528 529 530 531 532 533 534 535 536 537 538 539 540 541 542 543 544 545 546 547 548 549 550 555 556 557 558 559 560 561 562 563 564 565 566 568 569 570 571 572 573 574 575 576 577 578 579 580 584 585 586 587 588 589 590 591 593 594 595 596 598 599 600 601 602 603 604 606 607 608 609 610 611 612 613 616 617 618 619 620 621 622 623 625 626 627 630 631 632 633 634 635 636 637 640 641 642 643 644 645 646 647 648 651 652 654 655 657 658 661 662 664 665 666 667 668 672 673 674 675 676 678 679 680 682 683 684 687 688 689 690 692 693 694 695 696 697 698 699 701 703 704 705 706 710 711 712 714 716 717 718 719 721 722 723 724 725 726 727 728 729 730 731 732 733 736 737 738 739 740 741 742 743 744 745 746 747 748 749 750 751 752 753 755 756 757 758 759 760 761 762 763 764 765 766 767 768 769 770 771 772 773 774 775 776 777 778 779 780 781 782 783 784 785 786 787 788 789 790 791 792 793 794 798 799 801 802 803 804 805 806 807 808 809 810 811 812 813 814 815 817 818 819 820 821 822 823 824 827 828 829 830 831 832 833 834 835 837 838 839 840 841 842 843 845 846 847 848 849 850 851 852 853 854 855 856 857 858 859 860 861 863 865 866 867 868 869 870 871 872 873 874 875 876 877 879 883 884 887 889 890 891 892 893 894 895 896 897 899 902 903 904 905 906 907 909 910 911 912 913 914 915 916 917 918 919 920 922 923 924 925 926 927 928 929 930 931 932 933 934 935 936 937 942 943 944 945 948 949 950 951 954 955 956 957 958 959 960 961 962 963 964 965 966 967 968 970 971 972 973 974 975 976 977 978 979 980 981 982 983 984 985 986 987 988 991 992 993 994 995 996 997 998 999 1000 1001 1003 1008 1009 1011 1013 1014 1015 1017 1019 1020 1021 1022 1023 1024 0
2 3 4 6 7 8 10 13 14 17 20 23 25 26 27 28 29 30 0

47
1 2 3 6 8 10 15 16 17 18 19 20 21 22 23 24 25 26 28 30 31 32 33 34 36 37 38 39 40 41 42 43 44 46 47 48 49 50 52 54 55 56 58 60 61 62 63 64 65 67 68 69 70 71 73 74 75 76 77 78 79 80 81 82 83 84 85 86 87 88 90 91 92 93 94 95 96 97 98 99 100 101 102 103 104 105 107 108 110 111 112 113 114 115 116 117 119 120 122 124 125 126 127 129 130 131 132 133 134 136 137 139 140 141 143 144 145 146 147 148 149 151 153 154 155 156 157 158 159 160 161 162 163 164 165 166 167 168 169 170 171 172 173 174 175 176 177 178 179 180 181 182 183 184 186 187 188 189 190 192 193 194 195 196 198 200 201 203 204 206 207 208 209 210 211 212 213 214 215 216 219 222 223 225 226 227 228 229 232 233 234 235 236 237 238 240 241 242 243 245 246 248 249 250 253 254 255 256 257 258 259 260 261 262 263 265 266 267 269 270 271 272 273 274 276 277 279 280 281 282 283 284 286 287 288 289 291 292 293 295 296 299 300 303 304 305 306 307 308 310 312 315 316 317 318 320 321 322 323 324 325 326 327 330 331 332 333 334 335 336 337 338 339 340 341 342 343 345 346 347 348 350 351 352 353 354 355 356 357 359 361 362 363 364 365 366 367 368 369 370 371 372 373 374 376 377 379 380 382 383 384 385 386 387 388 389 390 393 394 395 396 397 398 399 400 401 402 403 405 407 409 410 411 412 413 414 415 416 417 418 419 421 422 423 425 426 427 429 430 431 432 434 435 437 439 441 442 443 444 445 446 447 448 450 451 452 454 455 456 457 458 459 461 463 464 465 466 467 469 470 471 473 474 475 476 477 478 479 480 482 483 484 485 486 487 489 490 491 492 494 495 496 497 498 499 500 501 502 504 505 506 507 508 509 510 511 512 513 514 515 516 517 518 519 520 521 522 525 526 529 530 531 532 533 534 535 536 537 538 539 540 541 542 544 545 546 547 548 549 550 552 555 556 557 559 560 561 562 563 564 565 566 567 569 570 572 573 574 575 576 577 578 579 580 581 585 588 590 591 592 593 594 596 598 600 604 605 606 607 608 609 610 611 613 614 616 617 618 619 620 621 622 624 625 626 627 628 629 639 640 642 643 644 645 646 647 648 654 655 656 657 658 663 665 666 668 669 670 671 672 673 674 675 676 679 681 682 684 686 687 688 689 690 691 692 693 695 697 698 699 700 702 704 705 706 707 711 712 713 714 715 717 718 719 720 721 722 723 728 729 733 734 735 736 738 739 740 741 742 743 744 745 746 747 748 749 750 751 752 753 754 755 756 757 758 760 761 762 763 764 765 766 767 768 769 770 771 772 773 774 775 776 777 778 779 780 781 782 783 784 785 786 788 789 791 795 796 797 798 799 800 801 802 803 804 807 808 809 810 811 812 813 814 817 818 819 820 821 822 823 824 825 827 828 829 830 833 834 835 837 839 840 842 843 845 846 848 849 850 853 855 857 858 860 861 862 863 865 867 868 869 870 871 872 873 874 875 876 877 878 879 881 883 884 885 886 887 888 891 893 894 895 896 897 898 899 901 902 903 904 905 906 907 908 909 910 912 913 914 915 916 917 919 920 923 924 925 926 927 928 929 930 931 932 933 934 935 936 937 938 939 940 941 943 944 945 946 947 948 949 950 951 952 953 954 955 956 957 958 959 960 961 962 963 965 966 967 968 969 970 971 972 973 974 975 977 978 979 980 981 982 983 984 985 986 987 988 989 990 991 992 993 994 996 997 998 999 1000 1001 1002 1003 1004 1005 1006 1007 1008 1009 1010 1011 1012 1013 1014 1015 1018 1022 1024 0
1 3 6 9 10 14 17 19 20 23 25 26 27 28 29 30 31 0

48
1 2 4 6 7 8 9 10 11 12 14 15 16 17 18 22 23 24 25 26 27 29 30 31 32 33 36 37 40 41 42 43 44 48 49 50 51 52 53 54 55 56 57 59 61 62 63 64 65 67 68 69 72 73 76 78 80 81 82 83 85 86 87 88 89 91 93 94 95 96 97 98 99 101 102 103 104 106 108 110 112 113 114 115 116 117 119 120 121 122 123 124 125 128 129 130 131 132 133 134 135 137 138 139 140 141 142 143 144 145 146 147 148 149 150 152 153 154 155 156 157 158 160 161 163 164 165 167 168 169 170 172 176 177 178 180 181 182 184 185 187 188 192 193 194 195 196 197 198 199 200 202 203 204 205 207 208 209 210 211 212 213 214 215 219 220 222 224 225 227 228 230 232 233 234 235 236 240 241 242 243 244 245 246 247 249 250 252 253 254 255 256 257 258 261 262 264 266 268 270 271 272 273 276 277 278 279 281 284 286 287 288 289 291 293 294 295 296 297 298 299 301 303 304 305 307 309 310 311 312 313 314 315 317 318 320 321 322 323 324 326 328 329 331 332 334 335 336 337 340 341 343 344 345 347 348 349 352 353 354 356 357 358 359 360 361 362 363 364 368 369 370 373 374 375 376 377 378 379 380 382 383 384 385 386 387 388 389 390 391 392 394 395 397 398 399 400 401 404 405 406 407 408 409 410 412 413 414 416 417 418 420 421 422 423 424 425 426 427 428 429 430 431 432 433 434 436 438 439 440 441 442 443 444 445 447 448 449 451 453 454 455 457 459 460 461 462 464 465 466 468 469 471 474 475 476 477 479 480 481 483 485 488 489 490 491 492 494 496 497 498 499 500 502 506 508 510 511 512 513 514 515 516 517 518 519 520 521 522 523 524 525 526 527 528 529 531 532 534 535 536 537 538 539 540 541 542 543 545 546 547 550 553 556 557 558 559 561 562 563 565 566 568 569 571 572 573 574 575 576 577 578 579 581 582 585 589 590 591 593 594 595 597 598 601 603 604 605 607 608 609 610 611 612 616 617 621 622 623 624 625 626 627 630 631 632 635 637 638 639 640 641 642 646 647 648 651 652 653 654 655 656 657 658 659 660 661 662 665 666 667 669 670 671 672 673 674 675 676 681 682 683 684 685 688 689 690 691 692 696 697 698 699 701 702 703 704 705 706 707 709 710 715 716 717 718 719 720 721 722 723 727 728 730 731 732 733 734 735 736 737 738 739 741 748 749 750 751 753 754 755 756 758 759 760 761 762 765 766 767 768 769 770 771 772 773 774 775 776 777 778 779 780 781 782 783 784 785 787 788 791 792 794 795 796 797 798 799 802 806 807 808 809 813 815 817 819 820 821 822 823 824 825 829 830 831 836 837 838 840 841 842 843 846 847 849 850 851 853 855 856 857 858 859 860 861 862 863 864 865 866 867 868 869 870 871 872 873 874 875 876 878 879 881 885 887 889 890 891 893 894 895 897 898 899 901 902 903 904 905 907 908 909 910 911 912 913 914 915 916 917 918 919 921 922 923 924 925 926 927 928 929 930 931 932 933 934 935 936 937 938 939 940 941 945 946 947 948 949 950 951 952 953 954 956 958 960 962 963 964 965 966 967 968 969 970 971 972 973 974 975 977 978 979 980 983 984 985 986 987 989 991 993 994 995 996 997 998 999 1000 1001 1002 1003 1005 1006 1009 1010 1011 1012 1013 1014 1015 1016 1017 1018 1019 1020 1022 1023 1024 0
2 3 5 7 8 9 10 11 13 14 17 18 21 22 26 27 28 29 30 31 32 0

49
1 4 5 7 8 9 10 11 13 14 15 16 17 19 20 22 23 24 25 26 27 28 29 30 31 32 33 34 37 38 39 40 41 42 43 44 46 47 48 49 51 52 54 55 56 57 58 59 60 61 62 64 65 66 67 68 69 71 72 73 74 75 76 77 79 80 81 82 83 86 87 88 89 90 92 94 95 96 97 100 101 102 104 105 106 107 108 109 110 111 112 113 114 115 116 117 118 119 120 121 122 123 124 125 126 127 128 129 131 132 133 134 135 136 137 138 139 142 143 144 145 147 149 150 153 154 155 156 158 159 160 161 163 164 165 166 167 168 169 170 171 172 173 174 176 177 179 180 181 182 183 184 185 186 187 188 190 191 192 193 195 196 197 198 199 200 201 202 203 204 205 206 207 208 209 210 211 212 213 214 215 216 217 219 220 221 222 223 224 225 226 227 229 230 232 233 235 236 237 238 239 240 241 242 243 244 245 246 247 249 250 251 252 253 254 255 256 257 258 261 263 264 265 267 268 269 270 271 272 273 275 276 278 279 280 281 284 285 286 287 288 289 291 292 293 294 295 296 297 300 301 302 304 305 307 308 309 310 311 312 313 314 315 316 317 318 320 321 322 323 324 326 327 328 329 330 331 332 333 334 336 337 338 339 340 342 344 345 346 347 348 349 350 351 352 353 354 355 356 357 358 359 360 361 362 363 365 368 369 370 372 373 374 375 376 377 378 379 380 381 382 383 384 385 386 388 389 390 391 392 393 394 395 397 398 399 400 401 402 404 405 406 407 408 409 410 411 413 414 415 416 417 418 420 421 422 423 424 425 426 427 429 430 431 432 433 434 436 437 438 439 440 441 442 443 445 446 447 448 449 450 452 453 454 455 456 457 458 459 461 462 463 464 465 466 468 469 470 471 472 473 474 475 477 478 479 480 481 482 483 484 485 486 488 489 490 491 493 494 495 496 497 498 499 501 502 503 504 505 506 507 509 510 511 512 513 514 515 516 517 518 519 521 522 523 524 525 526 527 528 529 530 531 532 533 534 535 536 537 538 539 541 542 543 544 545 548 549 550 551 552 553 554 555 557 558 560 561 562 563 564 565 566 567 568 569 571 573 574 575 577 582 584 585 587 588 593 594 596 597 599 600 601 602 604 606 609 611 612 613 614 617 620 624 625 627 628 631 632 633 634 635 636 637 639 640 641 642 643 644 645 648 651 652 653 654 655 656 657 658 659 660 662 663 664 667 669 670 671 672 674 675 676 677 678 680 682 683 684 685 686 688 690 692 699 700 701 702 703 704 705 707 708 709 711 714 715 716 718 719 720 721 722 723 727 730 731 732 733 734 735 736 737 741 742 743 746 747 748 749 750 751 752 753 754 755 756 759 760 763 765 766 768 769 770 771 772 773 774 775 776 777 778 779 780 781 782 783 784 785 788 789 791 792 794 795 796 797 798 799 800 801 802 803 804 806 807 808 809 810 811 812 813 814 815 816 817 820 821 823 825 826 827 828 829 830 831 832 834 835 836 837 838 839 840 841 842 843 844 845 846 847 848 849 850 851 852 853 854 855 856 857 858 859 861 862 863 864 866 867 868 869 870 871 872 873 874 875 877 878 879 880 881 882 883 884 885 886 887 888 889 890 891 892 893 894 895 896 897 898 899 900 902 903 905 906 907 908 910 911 912 913 914 915 916 917 918 919 921 922 924 926 927 928 929 930 931 932 933 935 936 937 938 939 940 941 942 943 944 945 947 948 950 951 952 956 957 958 959 960 961 962 963 964 965 966 967 968 969 970 971 972 973 974 975 976 977 978 979 980 981 983 984 985 986 987 988 989 990 991 992 993 994 995 996 997 998 1000 1001 1002 1003 1004 1005 1006 1007 1008 1009 1010 1011 1012 1013 1014 1015 1016 1017 1018 1019 1020 1021 1022 1024 0
3 5 8 10 13 14 15 17 18 19 21 24 25 26 28 31 32 0

50
1 2 3 4 5 7 8 9 10 11 12 13 14 15 16 17 18 19 20 21 22 23 24 25 26 27 28 30 31 32 33 35 36 37 39 40 42 43 44 45 46 47 48 49 50 51 52 53 54 55 56 57 58 59 60 61 62 63 64 65 66 68 69 70 71 72 73 74 76 77 78 79 80 81 82 83 84 85 86 87 88 89 90 91 92 93 94 95 96 97 98 99 100 102 103 104 106 107 108 109 110 111 112 113 114 115 116 117 118 119 120 121 122 123 125 126 127 128 129 130 131 132 133 134 136 137 138 139 140 142 144 145 146 147 148 149 150 151 152 153 155 156 157 158 160 161 162 163 164 165 166 167 169 170 171 172 173 174 176 177 178 179 181 182 183 184 186 187 188 189 190 191 192 193 195 196 197 198 199 200 201 202 203 205 206 208 209 210 211 213 214 215 216 217 218 219 220 221 222 223 224 225 228 230 231 232 233 234 235 236 237 238 239 240 241 242 243 244 245 246 247 248 249 251 252 253 254 255 256 257 258 259 260 261 263 265 266 268 269 272 273 274 275 276 278 279 280 281 282 283 284 288 289 290 291 292 294 295 297 298 299 300 301 302 303 304 305 306 307 308 309 310 311 312 313 314 315 318 319 320 321 322 323 324 325 326 327 328 329 330 333 334 335 336 337 338 339 341 342 343 344 345 346 347 348 350 351 352 353 354 355 356 357 358 359 361 363 364 365 366 367 368 369 370 371 372 373 374 375 376 377 378 379 380 381 382 383 384 385 386 389 390 392 393 394 395 396 397 398 399 400 401 402 403 404 405 406 407 408 409 410 411 412 413 414 415 416 417 418 419 420 421 422 423 424 426 427 428 429 430 431 432 433 434 435 436 437 438 439 440 441 442 443 444 445 446 447 448 449 450 452 453 454 455 456 457 458 459 460 461 462 463 464 465 466 468 469 470 471 472 473 474 475 476 477 478 479 480 481 484 485 486 487 490 491 492 493 494 495 496 497 498 499 500 501 502 503 504 505 506 507 508 509 510 511 512 513 514 515 516 517 518 519 520 521 522 523 524 525 526 527 528 529 530 532 534 536 537 538 540 541 542 543 544 545 546 547 548 550 551 552 553 556 557 560 561 562 563 564 566 568 570 571 572 573 574 575 576 577 578 579 580 581 582 583 584 585 586 587 588 591 592 593 594 595 597 601 602 603 608 609 610 611 612 613 615 617 618 622 624 625 626 627 628 630 632 635 636 638 639 641 642 643 644 645 646 649 652 653 654 655 657 658 659 660 661 662 664 665 666 667 668 669 670 671 672 673 674 675 676 678 679 682 683 684 686 687 688 689 690 691 694 695 696 697 698 699 700 702 704 705 706 707 708 709 710 712 713 714 715 716 717 718 719 720 721 722 723 725 727 728 729 730 732 734 735 736 737 738 739 741 742 743 744 747 748 749 750 751 752 753 754 755 756 757 758 759 760 761 762 763 764 765 766 768 769 770 771 772 773 774 775 776 777 778 779 780 781 782 783 784 785 786 787 788 789 790 791 792 793 794 795 796 797 799 800 801 802 803 804 805 806 808 809 810 811 813 814 815 816 817 818 820 821 822 823 824 826 827 828 829 830 831 832 833 834 836 837 838 839 840 841 842 844 845 846 847 848 849 850 852 853 854 855 856 858 859 860 861 862 863 864 865 866 868 870 871 872 873 874 875 879 880 881 882 883 884 885 886 887 888 889 890 891 892 893 894 895 897 898 899 900 901 902 903 904 906 907 908 909 910 911 912 913 915 916 917 918 919 921 922 923 924 925 926 927 928 929 931 932 934 936 937 938 939 940 942 943 944 945 946 947 948 950 951 952 954 955 956 957 958 959 960 961 962 964 967 968 969 970 971 972 973 974 975 976 977 978 979 980 981 982 983 984 985 986 987 988 989 990 991 992 993 994 995 996 997 999 1000 1001 1002 1003 1004 1005 1006 1007 1008 1009 1010 1011 1012 1013 1014 1015 1016 1017 1018 1019 1020 1021 1022 1023 1024 0
1 3 5 6 7 9 10 13 14 15 17 20 21 22 23 24 25 26 28 29 30 31 32 0

51
1 2 4 5 6 7 8 9 11 13 14 16 17 18 20 21 22 23 24 25 28 30 32 33 35 36 37 38 40 41 42 46 48 49 50 55 56 60 62 64 65 66 67 69 70 71 72 73 75 76 78 79 80 81 82 83 86 88 89 90 91 92 94 96 97 98 100 101 104 106 108 110 112 113 114 115 116 117 118 119 120 121 122 124 125 126 127 128 129 130 131 132 133 134 135 136 137 138 142 144 145 146 147 148 149 150 151 152 153 154 155 156 159 160 161 163 164 167 168 171 172 173 174 176 177 178 179 180 181 182 183 184 185 186 187 188 189 190 191 192 193 194 195 196 197 198 199 200 202 203 204 205 206 207 208 209 210 211 212 213 214 216 217 219 220 221 222 223 224 225 227 228 229 230 231 232 233 234 235 236 237 238 239 240 241 242 243 244 249 250 251 252 253 254 255 257 258 259 260 261 263 265 266 267 268 269 270 272 273 275 277 278 279 280 281 283 285 287 288 289 290 291 293 294 295 296 297 298 299 301 303 304 305 306 307 310 311 313 314 315 317 319 320 321 322 323 324 325 327 328 329 330 331 332 333 335 336 337 338 339 340 341 342 343 344 345 346 347 348 349 351 352 353 354 355 356 357 358 359 360 361 362 363 365 367 368 369 371 372 373 375 376 377 378 380 381 383 384 386 387 389 390 391 392 393 394 395 396 398 400 401 402 403 406 407 408 409 411 412 413 414 415 416 417 419 420 421 422 423 425 427 428 431 432 433 434 435 436 437 438 439 440 441 442 444 446 448 451 453 454 455 456 457 458 459 460 461 463 464 466 467 468 471 472 473 474 475 476 478 479 480 481 482 485 487 488 489 491 492 493 494 495 496 497 498 499 500 501 502 503 504 505 507 508 509 510 511 512 513 514 515 516 517 518 526 527 528 529 530 531 532 533 535 536 540 541 542 544 545 547 550 551 552 554 555 557 559 560 561 562 563 564 565 566 567 568 569 570 571 572 574 575 576 577 578 579 583 584 585 586 587 588 589 590 591 592 593 594 596 597 599 600 601 602 603 606 608 609 610 611 612 613 615 616 617 618 620 621 622 623 624 625 627 628 629 630 631 632 633 636 637 638 640 641 642 643 645 647 648 649 650 652 656 657 658 659 661 662 663 664 665 666 667 668 669 670 671 672 673 674 675 676 677 678 679 680 681 682 683 684 685 689 690 691 692 693 695 697 698 700 701 702 704 705 706 708 709 710 711 712 713 714 715 716 717 718 719 720 721 722 724 725 726 727 728 730 731 732 733 734 735 737 738 742 743 744 745 746 747 748 749 751 752 753 754 756 757 758 761 762 763 764 765 766 768 769 770 771 772 773 774 775 776 777 778 779 780 781 782 783 784 786 787 788 789 790 791 792 793 794 795 796 797 798 799 800 801 805 806 807 808 809 810 811 812 813 815 817 818 819 820 821 822 824 825 826 827 828 829 830 831 836 840 841 842 843 844 845 846 847 848 849 850 851 852 853 854 855 856 857 858 861 862 863 864 866 867 868 869 871 872 873 874 875 876 877 878 879 882 883 884 885 886 888 889 890 891 897 898 899 900 901 902 903 904 905 906 907 908 909 910 911 912 913 914 915 916 917 919 920 921 922 923 924 925 927 928 929 930 931 932 933 935 936 937 938 940 941 942 944 945 946 947 948 949 951 952 953 954 955 956 957 958 960 961 962 963 964 965 966 967 969 970 971 972 973 974 975 977 978 979 980 981 982 983 985 986 987 988 989 990 991 992 993 995 996 997 998 999 1000 1001 1002 1003 1004 1005 1006 1007 1008 1009 1010 1011 1012 1013 1014 1015 1016 1017 1018 1020 1021 1022 1024 0
4 7 8 9 10 11 12 14 15 16 17 18 19 21 22 23 25 26 27 28 30 31 32 0

52
1 2 3 4 5 6 7 8 10 11 12 13 14 15 16 17 18 19 20 21 22 23 24 25 26 27 28 29 30 32 33 34 36 37 38 39 40 41 43 44 45 46 47 48 49 50 51 52 54 55 56 57 58 59 61 62 63 64 65 66 67 68 69 71 72 73 74 75 76 77 78 79 80 81 82 84 86 88 89 90 91 92 93 94 95 96 97 98 102 103 105 106 107 109 110 111 112 113 114 115 116 117 120 121 123 124 125 126 127 128 129 130 132 134 135 136 137 138 139 140 141 142 143 144 145 150 151 152 153 154 156 157 158 159 160 161 162 164 165 167 169 170 171 172 173 174 175 176 177 179 180 181 182 184 186 189 190 191 192 193 196 197 198 203 204 205 206 207 208 209 211 212 213 214 215 216 217 218 219 220 221 222 223 224 225 228 229 231 233 235 236 237 238 239 240 241 243 246 247 250 252 254 256 257 258 259 260 262 263 264 265 266 267 268 269 270 271 272 273 274 275 276 278 279 280 281 282 283 284 285 286 287 288 289 290 293 294 295 296 297 298 299 300 301 302 303 304 305 306 307 309 310 311 312 313 314 315 316 317 318 319 320 321 322 323 324 325 326 327 328 329 330 331 332 333 334 335 336 337 338 339 340 341 342 343 344 345 347 348 349 350 351 352 353 354 355 356 357 358 359 361 362 363 364 365 367 368 369 370 371 372 373 374 375 376 377 378 379 382 383 384 385 386 387 388 389 391 392 393 394 395 396 397 398 399 400 401 402 404 405 407 408 409 410 411 412 413 414 415 416 417 418 419 420 421 422 423 424 425 426 427 429 430 431 432 433 434 435 436 437 438 439 440 441 442 443 444 445 446 447 448 449 450 451 452 453 454 455 456 457 458 459 461 463 464 465 466 467 468 469 470 471 472 473 474 475 476 477 479 480 481 485 486 487 488 490 491 492 493 494 495 496 497 498 500 501 502 504 506 507 508 510 511 512 513 514 515 516 518 519 521 523 524 525 526 527 529 531 532 533 534 535 537 538 539 540 541 542 543 544 545 546 548 551 552 553 554 556 557 558 560 561 562 563 564 566 567 568 569 570 572 573 574 575 576 577 578 579 580 581 582 584 585 586 587 588 589 590 592 593 594 597 599 600 601 602 603 604 605 606 607 608 609 610 611 612 613 614 615 616 618 619 620 621 622 623 624 625 626 627 628 629 630 633 634 635 636 638 639 640 642 643 644 645 646 650 651 652 654 655 656 657 658 659 660 661 663 664 665 666 667 668 669 670 671 673 674 675 676 679 680 681 682 683 684 686 687 689 690 691 692 693 694 695 696 697 698 699 700 703 704 705 706 709 710 711 712 713 714 715 716 719 720 721 722 723 724 725 726 727 728 729 730 731 732 733 734 735 736 737 738 739 740 741 742 743 744 745 746 747 748 749 750 751 753 754 755 769 770 771 772 773 774 775 776 777 778 779 780 781 782 783 784 785 786 787 788 789 790 791 792 793 794 795 796 797 798 799 800 801 802 803 804 805 807 808 809 810 812 813 814 815 817 818 819 820 821 822 823 824 825 826 832 833 835 838 839 840 841 842 843 844 845 846 847 848 849 850 851 852 853 854 855 856 857 858 859 860 861 862 863 864 865 866 867 868 869 870 871 872 873 875 876 879 880 881 883 884 885 886 887 888 889 890 891 892 893 894 895 896 897 898 899 900 901 902 903 906 910 911 913 914 915 916 917 918 919 920 921 922 923 927 929 930 931 932 934 935 936 937 938 940 941 942 943 944 945 946 947 950 951 952 953 954 956 957 958 959 961 962 963 964 965 966 967 968 970 971 972 973 974 975 976 977 978 979 980 981 983 984 985 986 987 988 989 990 991 992 993 994 997 998 999 1002 1003 1004 1006 1007 1008 1009 1010 1011 1012 1013 1014 1015 1016 1017 1018 1019 1020 1021 1022 1023 1024 0
4 6 8 9 10 11 12 13 14 15 18 20 21 22 23 24 25 26 27 28 29 31 0

53
1 2 3 4 5 6 7 8 9 10 11 12 13 14 15 16 17 18 19 20 21 22 23 24 25 26 27 28 29 30 31 32 33 34 35 37 38 40 41 42 43 44 45 47 49 50 51 53 54 56 57 61 62 63 64 65 67 68 69 71 72 73 74 75 76 77 78 79 80 82 84 85 87 88 89 90 91 93 95 96 97 99 100 101 102 106 107 108 109 110 111 112 114 115 116 117 119 120 121 123 126 127 128 129 130 131 132 133 134 135 137 138 139 140 141 142 144 145 146 147 148 149 150 151 152 153 154 156 157 158 160 161 162 165 167 168 169 170 171 172 173 174 175 176 177 179 180 181 183 184 185 188 190 192 193 194 197 198 199 200 201 202 204 205 207 208 209 210 212 213 214 215 216 217 218 219 220 224 225 226 227 228 229 231 232 236 237 238 239 241 242 243 244 247 251 252 253 254 255 256 257 258 259 260 261 262 263 264 265 266 267 268 269 270 271 272 273 274 275 276 277 278 280 281 282 283 284 285 286 287 288 291 293 294 296 298 299 300 301 302 303 304 305 306 307 309 311 312 313 314 315 317 318 319 320 321 322 323 324 325 326 328 329 330 331 333 334 336 337 338 339 340 341 342 343 344 345 346 349 350 351 352 353 354 355 356 357 358 359 360 361 362 363 364 365 366 368 370 371 372 373 374 376 377 378 379 380 381 382 383 384 385 386 387 388 389 390 391 392 393 394 395 396 397 398 399 400 401 402 403 404 405 406 408 409 410 411 412 413 416 417 418 419 420 421 422 423 424 425 426 427 428 429 430 432 433 434 435 436 437 438 439 440 441 442 443 444 446 447 448 449 450 451 453 454 455 456 457 458 459 460 461 462 463 464 465 466 468 469 470 471 472 473 474 475 476 477 478 479 480 481 483 484 485 486 487 490 491 492 494 495 496 498 500 502 505 507 508 510 511 512 513 514 515 516 518 519 520 521 522 523 524 525 526 527 528 530 531 532 533 534 535 536 537 538 539 543 544 545 546 548 549 550 551 552 553 554 555 556 557 558 559 560 562 567 568 570 571 572 573 574 575 576 577 578 579 580 582 583 584 585 586 587 588 593 594 595 596 597 598 599 600 601 602 603 605 607 608 609 610 612 613 614 615 616 617 618 619 620 621 624 625 627 628 629 630 631 632 633 634 635 636 637 639 640 642 643 645 646 647 648 649 650 653 654 655 657 658 659 660 661 662 663 664 665 667 668 671 672 673 674 675 676 678 679 680 681 682 683 684 685 686 687 688 690 692 693 694 695 696 697 699 700 701 702 703 704 705 706 707 708 709 710 711 712 713 714 715 716 717 718 719 720 721 722 723 724 725 726 727 728 729 730 731 732 733 734 735 736 739 740 741 742 743 744 745 746 747 748 749 750 751 752 753 754 755 756 762 764 768 769 770 771 772 773 774 775 776 778 779 780 781 782 783 784 785 786 787 788 789 791 792 794 795 796 799 800 801 802 803 804 805 807 809 810 811 812 813 814 815 817 818 819 820 821 822 823 824 825 826 827 828 829 830 832 833 834 835 836 837 839 841 842 843 844 845 846 847 848 850 851 852 853 854 855 857 858 859 860 861 862 863 864 866 867 868 869 870 871 873 874 875 876 877 878 879 880 882 883 886 887 888 889 890 891 892 893 894 895 897 898 899 900 901 902 903 904 905 906 910 911 912 913 914 915 916 917 918 919 920 921 922 923 924 925 926 927 929 930 931 932 933 934 935 936 937 938 939 940 941 942 943 944 945 946 947 948 949 950 951 952 953 955 957 958 959 961 962 963 964 965 966 967 968 969 970 971 972 973 974 975 976 977 978 979 980 981 982 984 986 987 988 990 991 992 994 995 996 997 998 999 1000 1001 1002 1003 1004 1005 1006 1007 1008 1009 1013 1014 1015 1016 1017 1018 1019 1020 1021 1022 1023 1024 0
1 2 4 5 7 8 9 10 11 15 16 17 19 20 21 23 24 25 26 27 28 29 31 32 0

54
1 3 5 6 7 8 9 10 11 12 13 14 15 16 17 18 19 20 22 23 24 25 26 27 28 29 30 31 32 33 34 36 37 38 40 41 42 43 44 45 46 47 48 49 51 52 53 54 56 57 58 59 60 61 62 63 64 65 67 69 70 71 72 73 74 77 78 80 81 82 83 84 86 87 89 90 91 93 96 97 99 100 101 102 105 106 107 109 110 111 112 113 114 116 117 118 119 122 124 125 126 127 128 129 130 131 134 136 137 138 139 140 142 143 144 145 146 147 148 149 150 151 153 154 155 156 157 158 159 160 161 162 163 164 165 166 167 169 170 171 172 173 174 175 176 177 178 179 180 181 182 184 186 187 188 189 190 191 192 193 194 195 196 197 198 199 200 201 202 203 204 205 207 208 209 210 211 212 213 214 215 216 217 218 219 222 223 224 225 227 228 229 232 234 235 236 237 238 240 241 243 245 246 247 248 249 250 251 252 253 254 255 256 257 259 260 261 262 263 264 265 266 267 268 269 270 271 272 273 275 278 279 281 282 283 284 286 287 288 289 291 293 294 295 297 299 300 302 304 305 307 308 309 310 311 312 313 314 315 316 318 320 321 322 323 324 325 326 327 328 330 331 332 334 336 337 338 339 340 341 342 343 345 346 348 350 351 352 353 354 355 356 357 358 359 360 361 362 364 365 368 369 371 372 373 374 376 377 381 383 384 385 386 387 388 389 390 392 393 394 395 396 397 398 399 400 401 402 403 404 405 406 407 408 409 410 411 412 413 414 415 416 417 418 419 420 421 422 423 424 425 426 427 428 429 430 431 432 433 434 435 436 437 438 439 440 442 443 444 445 447 448 449 451 452 454 456 457 458 459 460 461 462 464 465 466 467 468 469 470 471 472 473 474 476 477 478 480 481 482 485 486 487 488 489 490 491 492 493 494 495 496 497 498 499 501 502 503 504 505 506 507 508 509 511 512 513 514 515 516 522 523 524 525 526 527 528 529 530 531 534 535 536 537 538 539 542 543 544 545 546 547 549 550 551 552 553 554 555 556 557 558 560 561 563 564 565 566 567 568 569 570 571 572 576 577 578 579 580 582 583 584 586 589 590 593 594 595 596 597 598 599 604 609 610 611 612 613 614 615 617 618 620 622 624 625 627 628 629 630 632 633 635 636 638 639 640 641 642 644 645 646 648 649 650 651 652 653 657 660 661 662 664 665 666 667 668 669 670 673 674 676 678 679 681 682 684 686 687 688 690 691 694 695 697 699 700 701 704 705 708 709 711 712 714 719 721 722 724 725 727 729 731 732 734 736 737 738 739 740 745 752 753 754 760 761 764 765 766 768 769 770 771 772 773 774 775 776 777 778 779 780 781 782 783 784 785 787 788 789 790 791 792 794 795 796 799 800 801 802 803 806 807 808 809 810 811 812 813 814 815 816 817 819 820 821 822 823 824 825 826 827 828 829 832 833 834 835 836 837 838 839 840 841 842 844 846 847 849 850 851 852 853 854 857 860 861 864 865 866 867 868 869 870 871 872 873 874 876 877 878 879 881 882 883 884 885 886 887 888 889 890 891 892 893 894 895 896 897 898 899 900 901 902 904 905 906 907 908 909 910 911 912 913 914 915 916 917 918 919 920 921 922 923 924 925 926 927 928 929 930 931 932 933 934 935 936 937 938 939 940 941 942 943 944 945 946 947 948 949 950 951 952 953 955 956 957 958 959 960 961 962 963 964 965 966 967 968 969 970 971 972 973 974 975 976 977 978 979 981 982 983 984 985 987 988 990 991 992 993 994 997 998 999 1000 1001 1002 1005 1006 1007 1008 1009 1012 1013 1014 1015 1016 1017 1018 1019 1020 1021 1022 1023 1024 0
1 2 4 5 7 8 10 12 14 15 16 17 18 19 21 22 25 26 27 29 30 31 32 0

55
1 2 4 6 7 8 9 10 12 13 14 15 16 17 18 20 21 22 23 24 25 26 27 29 30 31 32 34 36 37 39 40 41 42 44 51 52 53 55 58 59 60 61 62 63 64 65 70 72 73 74 75 76 78 79 80 86 87 88 89 90 91 92 93 95 96 97 100 101 102 104 105 106 107 108 109 110 112 113 114 116 118 120 121 123 127 128 129 132 135 137 139 140 141 142 144 145 147 149 150 152 154 155 156 157 159 160 161 162 164 165 169 170 173 176 177 178 179 181 182 183 184 185 186 190 191 192 194 195 197 198 199 200 201 202 204 205 206 207 208 209 210 211 212 214 215 217 219 220 222 223 224 225 226 227 228 229 230 231 232 233 235 236 237 238 239 240 241 242 243 244 247 250 251 253 254 256 257 260 262 263 264 265 266 268 270 272 273 275 276 278 279 281 282 283 284 285 288 289 291 293 294 295 296 297 298 299 300 301 302 304 305 307 309 311 313 314 315 316 318 320 321 322 323 325 326 327 329 330 331 332 334 336 338 339 340 342 343 344 345 346 347 348 350 352 354 355 356 358 359 360 361 362 363 364 366 368 370 371 372 374 375 376 377 378 379 380 382 383 384 386 387 388 390 391 392 394 395 396 398 399 400 402 403 404 406 407 408 409 410 411 412 414 415 416 418 419 420 422 423 424 425 426 427 428 429 430 431 432 434 435 436 437 438 439 440 441 442 444 445 446 447 448 450 451 452 453 454 455 456 457 458 460 461 462 463 464 465 466 467 468 469 472 474 476 477 478 479 480 481 482 483 484 485 486 487 488 490 492 494 495 496 497 498 499 500 502 503 504 506 509 510 511 512 515 517 518 520 521 522 523 524 527 529 530 531 532 533 534 536 537 538 539 540 542 543 544 545 546 548 549 550 551 552 553 554 555 556 558 559 561 562 563 564 565 566 567 568 569 570 571 572 573 574 575 577 578 579 580 581 582 583 585 586 587 588 590 591 592 593 594 595 596 597 598 600 601 602 603 604 605 606 607 608 609 610 611 613 614 615 617 618 619 620 621 622 623 624 625 626 627 628 629 630 631 633 634 635 637 638 639 640 641 642 643 644 645 646 647 648 650 651 652 653 654 655 656 657 658 659 661 663 665 666 667 668 669 670 671 672 673 674 675 676 677 679 681 683 684 685 686 687 688 689 690 691 692 693 695 696 697 698 699 700 701 702 703 704 705 706 707 712 713 714 716 719 720 721 722 723 724 728 729 730 731 733 734 735 736 737 738 739 740 741 742 743 744 745 746 747 748 749 751 752 753 754 755 756 757 758 760 761 762 763 764 766 767 768 769 770 772 773 774 775 776 777 778 779 780 781 782 783 784 785 788 789 790 792 793 794 795 797 798 800 802 803 806 807 808 809 810 811 812 813 814 815 820 821 822 823 825 827 828 834 835 837 840 841 843 844 845 846 847 850 851 852 853 854 855 856 857 858 859 860 862 863 864 865 866 867 869 870 871 872 873 875 876 877 878 879 882 883 884 885 886 887 888 889 890 891 892 893 894 895 896 897 898 899 900 902 903 904 905 906 907 908 910 911 914 915 916 917 918 919 920 921 922 923 924 925 926 927 928 929 930 931 932 934 935 936 937 938 939 940 941 942 943 944 945 946 947 948 949 950 951 952 953 954 955 956 958 959 960 962 963 964 965 966 967 968 969 970 971 974 975 978 980 981 983 984 985 986 987 988 989 990 991 992 993 995 996 997 998 999 1000 1002 1003 1004 1005 1006 1010 1011 1012 1013 1014 1015 1016 1017 1018 1019 1020 1021 1022 1023 1024 0
2 4 5 8 10 12 13 14 15 16 17 18 19 21 23 24 25 27 28 30 31 0

56
1 2 3 4 5 6 8 10 11 12 13 14 15 16 17 19 20 21 22 24 25 26 27 28 29 30 32 33 34 35 38 39 40 41 42 43 44 45 46 47 48 49 50 51 52 53 56 57 58 59 60 61 62 63 64 65 66 67 68 69 70 71 72 74 76 77 78 80 81 82 83 84 85 87 88 89 91 93 94 96 97 98 99 102 104 105 106 108 109 110 111 112 113 115 116 118 119 121 122 123 124 125 126 127 128 129 130 131 132 135 136 138 140 141 142 143 144 145 146 149 150 151 152 155 157 158 159 160 161 162 163 164 165 166 167 168 170 171 172 173 174 176 178 179 180 181 182 183 184 185 186 187 188 189 191 192 193 194 195 196 197 198 199 200 201 202 203 204 205 206 207 208 209 210 211 213 214 215 216 217 218 219 220 221 222 223 224 225 226 227 228 229 231 232 233 234 235 236 238 239 240 241 242 243 244 245 246 249 250 251 252 253 254 255 256 257 258 259 260 262 263 264 265 267 268 269 270 271 272 273 274 275 276 277 279 280 281 282 283 284 285 286 287 288 289 291 292 293 294 296 297 298 299 300 303 304 305 306 307 308 309 310 311 313 314 315 316 318 319 320 321 322 323 324 325 326 327 328 329 330 331 332 333 334 335 336 337 338 339 340 341 342 343 344 345 346 348 349 350 351 352 353 354 355 356 357 358 359 360 361 362 363 365 366 367 368 369 371 372 373 374 375 376 377 378 379 380 381 383 384 385 387 389 390 391 392 393 394 395 396 397 398 399 400 401 402 403 404 405 406 407 408 409 410 411 412 413 414 415 416 417 418 419 420 421 422 423 424 425 426 427 428 429 430 431 432 434 435 436 438 439 441 442 443 444 445 446 447 448 449 450 451 452 454 455 456 457 458 459 460 461 463 464 465 466 467 468 469 470 472 473 474 475 476 477 478 479 480 481 482 483 484 485 486 488 489 490 491 492 494 495 496 497 498 499 500 501 502 504 505 506 507 508 509 510 511 512 513 514 515 516 517 521 523 524 525 526 527 528 529 530 531 532 535 538 539 540 541 542 543 544 545 546 547 550 551 552 553 559 560 561 562 563 566 567 568 570 571 572 573 574 575 576 577 579 581 583 585 587 588 589 590 591 592 593 594 597 598 600 602 603 604 606 607 608 609 610 611 613 614 615 616 617 618 619 620 621 622 623 624 625 626 628 629 630 631 633 635 636 637 638 639 640 641 643 644 645 646 647 648 649 650 651 652 654 655 656 657 659 660 661 662 664 665 666 667 668 669 670 672 673 674 675 676 678 679 680 681 682 683 684 685 686 687 688 691 692 693 694 695 696 697 698 701 702 703 706 707 708 709 710 711 713 714 715 716 717 718 719 721 722 723 726 729 730 731 732 733 734 735 736 737 738 740 741 742 746 747 748 749 750 751 753 754 756 757 758 759 760 763 764 765 766 767 768 769 770 771 772 773 774 775 776 777 778 779 780 781 782 783 784 785 786 787 788 789 791 792 793 794 795 798 800 801 802 803 804 805 806 808 809 812 813 814 815 816 817 819 820 821 822 823 824 825 827 828 831 832 833 834 835 836 837 838 839 840 841 842 843 844 845 846 847 848 849 850 851 852 853 854 855 858 859 860 861 862 863 864 866 867 868 870 871 872 873 874 875 876 877 878 879 880 881 882 883 884 885 886 887 888 889 890 891 892 893 894 895 896 897 898 899 900 901 902 904 905 906 907 908 909 910 911 912 914 915 916 917 918 919 920 921 922 923 924 927 928 929 930 931 932 934 935 936 937 938 939 940 941 942 943 944 945 946 947 948 949 951 952 954 955 957 958 959 960 961 962 963 964 965 966 967 968 970 971 972 974 975 976 977 978 979 980 985 986 987 988 989 990 991 992 993 995 996 997 998 999 1000 1002 1003 1004 1005 1006 1007 1008 1009 1010 1012 1013 1017 1018 1019 1020 1021 1022 1023 1024 0
1 3 5 7 8 9 10 13 14 15 16 17 19 20 23 24 25 28 30 31 0

57
1 2 3 5 7 8 9 10 11 12 13 14 15 16 19 20 21 22 23 24 25 26 27 28 29 30 31 32 33 35 36 39 40 41 42 43 44 45 46 47 50 52 53 55 56 57 58 59 61 62 63 65 66 68 69 70 71 72 73 74 76 77 79 80 82 83 84 88 90 91 92 93 97 98 99 100 104 105 108 109 110 112 113 114 115 116 117 118 119 120 121 123 124 125 126 128 129 130 133 134 135 136 137 138 139 140 141 143 144 145 146 147 148 149 150 151 152 153 154 156 157 158 159 161 162 165 166 167 168 169 172 174 175 176 179 180 181 183 185 186 187 188 189 191 192 193 194 195 196 197 198 199 200 201 202 203 204 205 206 208 209 212 213 214 217 218 219 220 222 224 225 226 227 228 229 232 233 235 236 237 239 240 241 244 245 246 247 249 250 251 252 253 255 256 257 258 259 261 263 264 265 266 267 268 269 271 272 273 274 275 276 279 280 281 282 283 284 285 286 288 289 291 292 295 296 297 299 300 301 302 303 304 305 306 307 310 311 312 313 314 315 317 319 320 322 323 324 325 326 328 329 333 336 338 339 341 342 343 344 345 346 348 349 350 352 353 354 355 357 358 359 360 362 363 364 365 366 368 369 370 371 372 373 374 375 376 377 378 379 380 381 382 384 386 387 389 390 391 392 393 394 397 398 399 400 401 402 403 404 405 406 407 408 409 410 412 413 414 415 416 417 418 419 420 421 422 423 424 425 426 427 428 429 430 431 432 433 434 435 436 437 438 439 440 441 442 443 444 445 446 447 448 450 452 453 454 455 456 457 458 459 460 461 462 463 464 465 466 469 470 471 472 473 474 475 476 477 478 479 480 481 482 483 484 486 489 490 491 492 494 496 497 498 500 501 504 505 506 507 508 510 511 512 513 514 515 516 517 518 519 520 521 524 525 526 527 529 530 531 532 533 534 535 536 538 539 540 542 543 545 546 547 548 549 550 552 553 554 556 557 558 559 560 561 562 563 564 565 567 569 570 571 572 573 574 575 576 577 578 579 580 582 585 586 588 589 590 591 592 593 594 595 596 597 598 599 601 602 603 604 605 606 607 610 611 612 613 614 617 619 620 621 622 623 624 626 627 628 629 630 631 632 633 635 636 637 638 639 640 642 643 644 645 646 647 649 650 651 652 657 658 659 660 661 662 664 665 666 667 668 669 670 671 672 673 674 675 676 677 678 679 680 681 682 683 684 685 686 687 688 689 690 691 692 693 694 695 696 697 698 699 700 701 702 703 704 705 706 707 708 709 710 711 712 713 715 716 717 718 719 720 721 722 723 724 725 726 728 729 731 732 733 734 735 736 737 738 739 740 741 742 743 744 745 746 747 748 749 750 752 754 755 756 764 765 768 769 770 771 772 773 774 775 776 777 778 779 780 781 782 783 784 785 786 787 788 789 790 791 792 793 794 795 796 797 798 799 802 803 806 807 808 809 810 811 813 814 815 816 817 818 819 820 821 822 823 824 826 827 828 830 831 832 834 835 836 837 838 839 840 841 842 843 844 845 846 847 848 850 851 852 853 854 855 857 858 859 860 861 862 863 864 865 866 867 868 869 870 872 873 874 876 877 878 879 880 882 883 884 885 886 889 890 891 892 893 894 895 896 898 899 900 902 904 905 906 907 908 909 910 911 912 913 914 915 916 918 920 922 923 924 925 926 927 928 930 931 932 933 934 936 938 939 940 941 942 943 944 946 947 948 949 950 952 953 954 955 956 958 960 961 962 963 964 965 966 967 968 969 970 971 972 973 974 975 976 977 978 979 980 981 982 983 984 985 986 987 988 989 990 991 992 993 994 996 997 998 1000 1001 1002 1003 1004 1005 1007 1009 1010 1011 1012 1013 1014 1015 1016 1017 1018 1019 1020 1021 1022 1023 1024 0
1 2 3 4 5 8 9 10 11 14 15 16 17 19 21 22 23 24 25 27 28 31 32 0

58
1 2 3 5 6 7 8 9 10 11 13 14 15 16 17 19 20 22 23 25 27 28 29 30 31 32 33 35 36 37 40 41 42 43 44 45 47 49 51 52 53 54 55 56 57 58 59 62 65 66 67 68 70 71 72 73 75 77 78 80 81 82 83 84 85 86 87 89 90 94 95 96 97 99 100 101 102 103 104 106 107 108 109 110 112 113 115 116 117 118 120 121 123 124 125 126 128 129 130 131 132 135 136 139 141 142 145 149 150 151 153 155 157 159 161 162 163 164 165 167 172 174 175 177 180 181 182 183 184 185 186 187 188 189 190 191 192 193 194 195 196 197 198 199 200 202 203 204 205 206 207 209 210 212 214 215 216 217 219 220 221 223 224 225 226 227 228 229 230 231 232 233 234 235 236 240 243 244 245 247 248 249 250 251 252 253 254 255 256 257 258 261 263 266 267 269 271 272 273 274 275 277 278 279 281 282 283 286 287 288 289 290 291 292 293 294 295 297 298 301 302 303 304 305 306 307 308 309 310 311 315 316 317 318 320 321 322 323 324 325 326 327 328 329 330 331 332 333 334 335 336 337 338 340 342 343 344 345 347 348 350 351 352 353 354 355 356 357 358 359 360 364 365 366 367 368 369 370 371 372 373 374 375 376 377 378 379 381 382 384 385 387 390 392 393 394 395 396 397 398 400 401 402 403 405 406 407 408 411 412 416 417 418 420 421 422 423 424 428 431 432 433 434 436 438 439 440 443 444 445 446 447 448 451 452 453 454 455 458 459 463 464 465 466 467 468 471 472 473 474 475 476 477 479 481 482 486 487 488 489 491 493 494 497 498 499 500 503 504 506 507 508 512 513 515 516 517 518 519 520 521 522 523 524 525 526 529 531 532 534 535 537 538 539 540 541 542 543 544 545 547 549 550 551 553 554 555 557 558 559 560 563 564 566 568 569 570 571 572 573 574 575 576 578 580 581 582 583 584 586 588 589 590 591 592 596 597 598 600 601 602 604 605 606 607 611 612 613 614 615 616 617 618 620 621 622 623 624 625 627 628 629 630 631 632 633 634 636 637 638 639 640 641 642 643 644 646 647 648 649 650 652 653 654 655 656 657 658 661 662 663 664 665 666 667 668 669 670 671 672 673 674 675 676 677 679 680 681 686 687 690 693 694 695 698 699 700 701 706 707 708 709 710 712 713 714 715 716 717 718 719 723 724 726 730 735 737 738 739 740 744 745 746 748 749 750 751 753 754 755 756 757 759 761 763 764 766 767 768 769 770 771 772 773 774 775 776 777 778 779 780 781 782 783 784 786 787 788 789 790 791 792 793 794 795 796 797 798 799 800 801 802 803 804 806 808 809 812 814 815 817 818 819 822 823 824 826 829 831 833 834 835 838 839 840 841 842 843 845 846 847 849 850 851 852 853 854 855 856 857 858 859 861 862 863 864 865 866 868 869 870 871 872 873 874 875 876 877 878 879 882 883 884 885 886 887 888 889 890 891 892 893 895 896 898 899 900 901 902 903 904 905 906 907 908 909 910 911 912 914 915 916 917 918 919 924 925 927 928 930 931 933 934 937 938 939 940 941 943 944 946 947 948 949 950 951 952 953 954 957 958 960 961 964 965 967 968 969 971 972 973 975 976 978 979 980 981 982 984 985 986 988 989 990 992 994 995 997 998 999 1000 1001 1004 1005 1007 1008 1009 1010 1011 1012 1016 1017 1019 1020 1021 1022 1023 1024 0
5 6 8 9 10 12 13 14 15 16 18 19 23 24 25 27 28 29 30 31 0

59
1 3 4 5 6 7 8 9 10 12 13 14 15 16 17 19 20 21 22 23 24 26 27 28 29 30 32 35 36 38 40 41 42 43 44 45 48 49 50 52 53 54 55 56 57 58 59 60 62 63 64 65 67 68 69 72 73 74 76 78 79 80 81 83 84 85 86 87 88 89 90 91 92 93 94 95 96 97 98 99 100 101 102 103 104 105 106 108 111 112 113 114 115 116 117 120 121 122 123 124 127 128 129 130 131 133 134 135 136 140 141 143 144 145 147 148 149 151 152 153 154 157 159 160 161 164 165 166 167 168 169 170 173 176 177 178 179 180 181 182 183 184 185 187 188 190 191 192 193 194 195 196 198 199 200 205 206 207 208 209 211 217 218 219 223 224 225 227 229 231 232 233 234 235 236 237 238 239 240 241 243 244 245 249 250 252 255 256 257 259 261 262 264 268 269 270 271 272 273 275 276 277 278 279 280 281 283 284 285 286 287 288 289 290 291 292 293 294 295 297 298 299 300 301 302 304 305 307 309 310 311 313 314 315 316 317 318 319 320 321 322 323 324 325 327 329 330 331 332 333 334 335 336 338 339 341 342 343 344 345 346 348 349 350 351 352 354 355 356 357 358 359 360 361 362 364 365 368 369 370 371 372 373 374 375 376 377 378 379 380 382 384 385 386 387 388 389 390 391 392 393 394 395 396 398 400 402 403 405 406 407 408 409 410 412 413 414 415 416 418 419 420 421 422 423 424 425 426 427 428 429 430 432 434 435 436 437 438 439 440 441 443 444 445 446 447 448 450 451 452 453 454 455 457 459 460 462 463 464 465 466 467 470 471 472 473 476 477 478 479 480 481 482 483 486 488 490 491 492 493 494 495 496 498 509 510 512 513 514 515 516 517 518 519 520 521 522 523 524 525 526 527 528 529 530 531 532 533 534 536 537 538 539 540 545 546 547 549 550 551 552 554 555 556 557 558 559 560 561 562 563 564 565 566 567 568 569 570 571 572 573 577 578 580 582 583 584 585 586 587 588 589 590 591 592 593 594 595 596 597 598 599 600 601 602 603 604 605 607 609 610 611 614 615 616 617 619 620 621 622 623 624 625 626 627 628 630 631 633 634 635 637 638 639 640 641 642 645 646 647 648 649 650 651 652 653 654 655 657 658 659 660 661 662 663 664 665 666 667 669 670 671 672 673 674 675 677 678 679 680 681 682 683 684 685 686 687 688 689 690 691 692 693 694 695 696 697 698 699 700 701 702 703 704 705 706 707 708 709 710 711 712 713 714 715 716 717 718 719 720 721 722 723 724 725 726 727 728 729 730 731 732 733 734 735 736 737 738 739 740 741 742 743 744 745 746 747 748 749 750 751 752 753 754 755 757 766 768 769 770 771 772 773 774 775 776 777 778 779 780 781 782 783 784 785 786 789 790 791 794 795 796 797 798 799 800 802 803 804 806 807 808 809 811 816 817 821 825 826 827 828 829 830 831 832 834 835 836 837 838 839 841 843 844 848 849 850 851 852 853 854 855 856 857 858 859 860 861 862 863 864 865 866 867 868 869 870 871 872 874 876 877 880 881 882 883 884 885 887 888 889 890 891 892 893 894 895 896 897 898 899 900 901 902 903 904 905 906 907 908 909 910 911 913 914 915 916 917 918 919 920 921 923 924 925 926 927 929 930 931 932 933 934 935 937 938 939 940 941 942 943 944 945 946 947 948 949 950 951 952 953 954 955 956 958 960 961 962 963 964 965 966 967 968 969 970 971 972 973 975 976 977 978 979 980 981 982 983 984 985 986 987 988 989 990 991 992 993 994 996 997 998 999 1000 1001 1002 1003 1004 1005 1006 1007 1009 1010 1011 1012 1013 1014 1015 1016 1017 1018 1019 1020 1021 1022 1023 0
4 5 6 7 8 9 10 11 12 13 14 15 16 17 18 19 21 23 24 25 27 28 30 31 32 0

60
1 2 3 5 6 7 8 9 11 13 14 15 16 17 18 20 21 22 23 24 25 26 27 28 29 30 31 32 33 34 35 36 37 38 39 40 41 42 43 44 45 46 47 48 49 50 51 52 53 54 55 56 57 58 59 60 61 62 63 64 65 66 67 68 69 70 71 72 73 74 75 77 78 79 80 81 82 84 86 87 88 89 90 91 92 93 94 95 96 97 98 99 100 101 102 103 104 105 106 107 108 109 110 111 112 113 114 115 116 117 118 119 120 121 122 123 125 126 127 128 129 130 131 132 133 134 135 136 137 138 139 140 141 142 143 144 145 146 147 148 149 150 152 153 154 156 157 158 159 161 162 163 164 165 166 167 168 169 170 171 173 174 175 176 177 178 179 180 181 182 183 184 185 186 187 188 189 190 191 192 193 195 196 197 198 199 200 201 202 203 204 205 206 207 208 209 210 211 212 213 214 215 216 217 218 219 220 222 223 224 225 226 227 228 229 230 234 237 238 239 240 241 243 244 245 246 247 248 250 252 253 254 255 256 257 258 259 260 261 262 263 264 265 267 268 269 270 271 272 273 274 275 276 277 278 279 280 281 282 283 285 287 288 289 290 293 294 295 296 297 298 299 300 301 302 303 304 306 307 308 309 310 313 314 315 316 317 318 319 320 321 323 324 325 326 328 329 330 331 332 333 334 335 336 337 338 340 341 342 343 344 345 346 347 349 350 351 352 353 354 355 356 357 359 361 362 363 365 366 367 368 369 370 371 372 373 374 375 376 377 378 379 381 382 383 384 385 386 388 389 390 391 392 393 394 395 396 397 399 400 401 402 403 404 405 406 407 408 410 411 412 413 415 416 417 418 420 421 422 423 424 425 426 427 428 429 430 431 432 433 434 436 437 438 439 440 441 442 443 444 445 446 447 448 449 450 451 452 454 455 456 457 458 459 461 462 463 464 465 466 467 468 470 471 472 473 474 475 477 479 480 481 482 483 484 485 487 488 489 490 491 492 493 494 495 496 497 498 499 500 506 507 510 511 512 513 514 515 516 517 518 519 520 521 522 523 524 525 526 527 528 529 530 531 532 533 534 535 536 537 538 539 540 541 542 543 544 545 546 551 552 553 554 555 557 558 559 561 562 563 564 565 566 567 568 570 571 572 573 574 575 576 577 578 579 580 581 583 585 586 587 590 592 593 594 595 596 597 598 599 600 601 603 606 607 608 609 610 611 614 615 616 622 623 625 626 627 629 631 632 633 634 637 639 641 642 643 645 647 648 650 652 655 657 658 659 661 662 663 664 667 668 669 670 671 673 674 675 677 678 679 680 683 687 689 690 691 692 693 694 695 698 699 701 703 705 706 707 708 709 710 711 713 715 716 717 719 721 722 724 725 728 733 734 735 737 738 739 740 741 742 743 744 745 746 747 748 749 750 751 752 753 755 756 757 758 759 760 761 762 763 764 765 766 768 769 770 771 772 773 774 775 776 777 778 779 780 781 782 783 784 785 786 788 789 790 791 792 793 794 795 796 797 798 799 800 801 802 803 804 805 806 807 808 809 810 811 812 813 814 815 816 817 818 819 820 821 822 823 824 825 826 827 828 829 830 831 832 833 834 835 836 838 840 841 842 844 847 848 849 851 852 853 854 855 856 857 860 861 863 864 865 866 867 868 869 871 874 875 877 878 879 880 881 882 883 884 885 886 887 888 889 890 891 892 894 895 896 897 899 900 901 903 904 905 906 908 909 910 912 915 916 917 918 920 922 923 924 925 926 927 928 929 931 932 933 941 944 945 947 948 951 953 955 956 958 959 960 961 962 963 964 965 966 967 968 969 970 971 973 974 975 976 977 979 980 981 982 983 984 985 986 987 988 989 991 992 993 995 996 999 1000 1002 1004 1005 1006 1007 1008 1009 1010 1011 1012 1013 1015 1016 1017 1018 1020 1021 1022 1023 1024 0
1 4 5 7 9 10 11 12 13 14 15 16 17 19 20 21 23 24 26 27 28 29 30 31 0

61
1 2 3 4 5 6 7 8 9 10 11 12 13 14 15 16 17 18 19 20 21 22 23 24 26 27 29 30 31 32 34 35 37 38 40 43 44 45 46 48 49 52 53 54 55 56 57 58 62 63 64 65 67 68 69 70 71 72 74 76 77 79 80 81 82 84 86 87 88 89 90 91 93 94 96 97 99 100 101 102 103 104 105 107 108 109 113 114 115 116 117 118 119 120 121 122 123 124 126 127 129 130 131 133 134 135 136 137 138 139 141 142 144 145 146 147 148 149 150 151 152 153 154 155 156 157 158 159 160 161 162 164 165 166 167 168 169 170 172 173 174 175 176 177 179 180 181 182 183 184 186 187 189 190 191 192 193 194 195 196 198 200 202 203 204 205 206 207 208 209 211 212 213 214 215 216 218 219 220 221 222 223 224 225 226 227 231 232 233 235 236 237 238 240 241 242 244 247 248 249 251 252 254 257 258 259 260 262 264 268 269 271 272 273 274 275 276 277 278 279 280 281 283 284 285 286 287 288 289 290 291 292 293 294 295 296 297 298 299 300 301 302 304 305 307 308 309 310 311 312 313 314 315 317 318 320 322 323 324 325 327 328 329 330 331 332 333 334 335 336 337 338 340 341 343 344 345 346 347 348 349 350 351 352 353 354 356 357 358 359 360 361 362 363 364 365 366 367 368 369 372 374 375 376 377 378 379 380 381 382 383 384 385 386 387 388 389 390 391 392 393 394 395 396 397 398 399 400 402 403 404 405 406 408 409 410 411 412 413 414 415 416 417 418 420 421 422 423 424 425 426 427 428 429 430 431 432 433 435 437 438 439 440 441 444 445 446 447 448 449 450 451 453 454 455 456 460 461 462 463 464 465 466 467 468 471 473 474 476 477 478 479 480 481 482 483 484 487 489 490 492 493 494 496 497 498 499 501 502 503 505 506 507 508 510 511 512 513 514 515 516 517 518 519 520 521 522 523 524 525 526 527 528 529 530 531 532 533 534 537 538 539 540 541 542 544 545 546 547 548 549 551 552 555 557 558 559 561 562 563 564 566 568 570 571 572 573 574 575 576 577 578 579 580 581 583 584 585 589 590 591 592 593 594 595 596 597 598 605 606 607 608 609 610 611 614 615 616 617 618 619 620 621 622 623 625 626 628 634 635 636 637 638 639 640 641 642 643 644 647 648 649 650 651 652 653 654 655 657 658 659 660 663 664 665 666 667 668 669 670 671 673 677 679 680 682 684 685 686 687 689 690 691 695 696 697 699 701 702 703 704 705 706 707 708 709 710 712 713 715 716 717 718 719 721 722 723 727 728 729 730 732 733 734 735 737 738 739 740 741 742 743 744 747 748 749 750 751 753 754 758 759 762 763 764 765 766 768 769 770 771 772 773 774 775 776 777 778 779 780 781 782 783 784 785 786 787 788 789 790 791 792 793 794 795 796 797 798 799 800 801 802 803 804 805 806 807 808 809 811 812 813 814 817 819 820 821 822 823 829 830 831 832 833 834 835 836 837 838 839 840 842 845 847 849 851 852 853 854 855 856 857 858 859 860 861 862 863 864 865 867 870 871 872 873 874 875 876 877 878 879 880 882 883 884 885 886 887 888 889 891 892 893 894 895 897 898 899 900 901 902 903 904 905 906 907 908 909 910 911 912 913 914 915 916 917 918 920 921 922 923 924 925 926 927 928 929 930 931 932 933 935 936 937 938 939 940 941 942 943 945 946 948 949 950 951 952 953 954 955 956 957 960 961 962 963 964 965 966 967 968 970 971 974 975 977 978 979 980 981 982 983 984 985 986 987 989 990 991 992 994 995 996 997 998 999 1000 1001 1002 1003 1004 1005 1007 1009 1011 1012 1013 1014 1015 1016 1017 1018 1019 1023 1024 0
1 4 5 8 10 11 17 18 19 21 22 24 26 27 28 29 30 32 0

62
1 2 3 4 5 6 7 8 11 15 16 17 18 19 20 21 22 23 24 25 26 27 28 30 31 32 33 34 35 36 37 38 39 40 41 42 43 44 45 47 48 49 50 51 52 53 54 55 56 57 58 59 60 61 62 63 64 65 66 67 68 69 70 71 72 73 74 75 76 77 78 79 80 81 84 85 86 87 88 90 91 92 93 94 96 97 99 100 101 102 104 105 106 107 109 111 112 113 114 115 116 117 119 120 121 122 123 124 125 126 127 128 129 131 132 134 135 136 137 139 140 141 142 143 144 145 146 147 149 150 151 152 153 154 155 156 157 158 159 160 161 162 163 164 165 166 167 169 170 171 172 173 174 175 176 177 178 179 180 181 182 183 185 186 187 188 189 190 191 192 193 194 195 197 199 200 201 202 203 204 205 206 207 208 209 210 211 212 213 214 215 216 217 218 219 222 223 224 225 226 227 229 230 231 232 233 234 235 236 237 239 240 241 242 244 246 247 250 251 252 253 255 257 258 259 260 261 262 265 267 269 270 271 272 273 274 275 276 277 278 281 282 283 284 285 287 288 289 290 291 292 293 294 295 296 297 298 299 300 301 302 303 304 305 306 307 308 310 311 312 313 314 316 317 318 319 320 321 322 323 324 325 326 327 328 329 330 331 332 333 334 335 336 337 338 339 340 341 342 343 344 346 347 348 350 351 352 353 354 355 358 359 360 362 363 364 366 367 368 369 370 371 373 375 376 377 378 379 380 381 382 383 384 385 386 387 389 391 392 393 394 395 396 397 398 400 401 402 403 405 406 407 408 409 410 411 412 413 414 415 416 417 418 419 421 422 423 424 425 426 427 428 429 430 431 432 433 434 435 436 437 438 439 440 441 442 443 444 445 446 447 448 449 450 451 452 453 454 455 456 457 458 459 460 461 462 463 464 465 466 467 468 470 471 472 473 474 475 476 477 478 479 480 481 483 485 486 487 489 490 491 492 493 494 495 496 497 498 500 501 502 503 504 506 509 510 511 512 513 514 515 516 517 518 519 520 521 522 523 524 525 526 527 528 529 530 531 532 533 534 536 537 538 539 540 541 544 545 546 547 548 550 553 554 555 557 558 559 561 565 566 568 569 570 572 573 576 577 578 579 581 582 583 584 585 586 589 590 593 594 597 599 601 602 603 604 605 607 608 609 610 619 620 621 624 625 626 627 629 631 632 635 637 638 639 640 641 642 647 649 650 652 653 654 655 656 659 661 662 663 664 665 667 668 669 672 673 680 681 684 685 687 688 690 691 693 694 695 696 700 701 702 704 705 706 710 711 712 713 714 715 716 717 718 721 722 724 726 727 728 729 732 737 739 740 743 745 746 749 750 751 752 753 754 756 758 759 761 767 768 769 770 771 772 773 774 775 776 777 778 779 780 781 782 783 784 785 786 787 788 789 790 791 792 793 794 795 796 799 800 803 804 805 806 807 809 810 811 813 814 815 817 819 820 821 822 823 825 826 828 832 833 834 835 836 837 838 839 842 844 845 846 847 849 850 851 852 853 854 856 857 858 859 860 861 862 863 864 865 866 867 868 869 871 872 873 874 875 876 877 878 880 881 882 883 884 885 886 887 890 892 893 894 895 896 897 898 899 901 903 904 905 906 907 908 909 910 911 912 913 914 916 918 919 920 921 922 923 924 925 926 927 928 929 930 931 932 933 934 935 937 938 939 940 941 942 943 945 946 947 950 952 953 954 955 956 957 958 959 960 961 962 963 964 965 966 967 968 969 970 971 972 973 974 975 976 977 979 981 982 983 984 985 986 987 988 989 990 991 992 993 994 995 996 997 998 999 1001 1002 1003 1004 1005 1006 1007 1008 1009 1010 1011 1012 1013 1015 1016 1017 1018 1019 1020 1021 1022 1023 1024 0
1 2 4 8 9 10 11 12 13 15 16 17 19 20 21 22 23 25 26 29 0

63
1 3 7 9 10 11 12 14 15 16 17 18 19 20 21 25 26 28 30 31 32 33 34 35 37 39 40 43 45 46 47 48 49 50 51 53 55 57 58 59 60 61 62 63 64 65 66 67 69 71 73 74 75 77 78 80 81 82 83 85 87 88 89 91 92 93 95 96 97 98 100 101 102 103 104 105 106 107 108 111 112 113 115 116 117 118 119 120 121 122 124 125 127 128 129 130 131 134 136 137 140 142 143 144 145 147 148 149 151 152 153 155 156 157 158 159 160 161 162 164 165 166 167 169 170 171 172 173 174 175 176 177 178 179 180 181 183 184 187 188 189 191 192 193 194 196 198 199 200 204 205 206 207 208 209 210 211 212 213 214 215 216 217 219 222 223 225 226 227 230 231 233 234 235 236 238 239 240 241 242 243 244 245 246 248 249 250 251 255 256 257 258 259 260 261 262 263 264 265 266 267 268 269 270 271 272 273 275 276 278 279 280 281 282 283 284 285 286 287 288 289 291 292 294 295 297 298 299 300 301 302 303 304 305 307 308 310 312 313 314 315 317 318 320 321 324 326 328 330 331 332 333 334 336 337 339 340 342 344 345 346 351 352 353 355 356 358 359 360 361 362 363 364 366 367 368 369 370 371 372 373 374 375 377 378 379 380 381 383 384 385 386 387 388 390 391 392 393 396 399 400 401 403 404 405 406 407 408 409 410 412 413 414 415 416 417 419 420 422 423 424 425 426 429 430 431 432 433 435 436 437 438 439 440 441 442 443 444 445 446 447 448 449 450 451 452 453 454 456 458 459 460 461 462 463 464 466 467 468 470 472 473 474 475 476 478 479 480 483 484 485 486 487 488 489 490 491 492 493 495 496 497 499 501 502 503 504 505 506 507 510 512 513 514 515 516 517 518 519 520 521 522 523 524 525 526 527 528 529 530 531 532 533 534 535 536 537 538 539 540 541 542 543 544 545 546 547 548 550 551 552 553 554 555 556 557 558 559 560 561 562 564 565 566 567 568 569 570 571 572 574 576 577 578 580 582 583 584 585 586 587 589 590 591 593 594 596 597 598 599 600 601 604 605 606 608 609 611 612 613 614 615 616 617 618 619 620 623 625 627 630 631 632 633 634 635 636 640 641 644 645 646 647 649 650 651 652 653 657 658 659 660 662 663 664 665 666 667 668 670 673 674 675 676 677 678 679 680 681 682 683 684 688 689 692 693 694 695 698 702 703 705 706 707 709 712 714 720 722 723 726 728 730 737 741 742 744 745 746 747 748 749 750 752 753 754 755 756 757 759 760 762 764 765 766 767 768 769 770 771 772 773 774 775 776 777 778 779 780 781 782 783 784 785 786 787 793 794 795 796 797 798 799 800 801 802 805 806 807 808 809 812 814 815 817 818 819 820 821 824 825 826 827 828 830 831 832 834 836 837 838 839 842 844 845 848 849 850 855 856 857 858 859 861 862 863 864 865 866 867 868 869 874 876 877 878 879 881 882 883 887 888 889 890 891 892 894 896 897 898 900 901 902 903 904 906 908 909 910 911 912 913 914 915 916 918 919 920 921 922 923 924 925 926 927 928 929 930 931 932 933 934 935 938 939 942 943 944 945 947 948 949 950 951 952 953 954 955 956 957 958 959 960 961 962 963 964 966 967 968 969 970 971 972 973 974 975 977 978 979 980 981 982 983 984 985 986 987 988 989 990 991 992 993 994 995 996 997 998 999 1000 1001 1002 1003 1004 1005 1006 1008 1009 1010 1011 1012 1013 1014 1015 1016 1017 1018 1019 1020 1021 1022 1023 1024 0
1 2 4 5 6 7 10 12 13 14 16 18 19 21 22 24 25 26 27 29 30 32 0

64
1 2 3 4 5 6 7 8 10 11 13 14 15 16 17 18 19 20 21 23 24 25 26 29 30 31 32 33 34 35 36 37 38 39 40 41 42 44 45 46 48 49 50 51 53 54 55 56 57 59 60 61 62 63 64 65 66 67 68 69 71 72 73 74 75 79 80 81 82 83 84 85 86 87 88 89 90 91 92 94 96 97 98 99 100 101 103 104 105 106 107 108 109 110 112 113 114 115 116 117 118 119 120 121 122 123 124 125 127 129 130 131 132 133 135 137 138 139 140 141 142 145 146 147 148 150 151 152 153 154 155 156 157 159 161 162 163 164 166 167 168 169 170 171 172 173 174 175 176 178 179 182 183 184 185 186 187 188 189 191 193 196 198 200 201 202 204 205 206 207 209 211 213 215 216 217 218 219 220 223 224 226 228 230 233 234 235 236 239 240 241 247 249 250 252 253 257 258 259 260 261 262 264 265 266 267 268 269 270 271 272 273 274 275 276 277 278 279 280 281 283 284 285 286 287 288 289 290 291 292 293 295 296 298 299 300 301 302 303 304 305 306 307 308 310 311 312 313 315 316 317 318 319 320 321 322 324 325 326 327 328 329 331 332 333 334 335 336 337 338 339 341 342 343 344 345 346 347 348 349 350 351 352 353 354 360 361 362 363 365 366 367 368 369 371 373 374 376 377 378 379 382 383 384 385 386 387 388 389 390 391 392 394 395 397 399 400 401 403 404 405 407 408 409 410 411 413 414 415 416 417 418 419 420 422 423 424 425 426 427 428 429 430 431 432 433 434 435 436 437 438 439 441 442 443 444 445 447 448 449 451 452 453 454 455 456 458 459 460 461 462 463 464 465 467 469 470 471 472 474 475 476 477 478 479 480 481 483 484 485 486 487 488 489 492 493 494 496 497 500 502 503 505 507 508 509 511 512 513 514 516 517 520 521 527 528 530 532 533 534 535 536 539 540 541 542 543 544 546 547 548 549 553 555 556 557 558 560 562 563 566 567 568 569 570 571 572 573 574 575 577 578 580 581 582 584 585 587 589 590 591 592 593 594 599 600 601 602 603 605 606 609 610 611 612 613 615 616 617 618 619 620 622 624 625 627 628 629 630 631 632 633 634 637 638 639 640 641 642 643 644 645 646 647 648 649 650 651 652 653 654 655 657 660 661 662 663 664 665 666 671 679 680 681 682 683 684 685 686 687 689 690 691 692 693 697 699 700 701 703 704 705 706 707 708 713 714 715 716 717 719 721 722 724 725 726 727 728 731 732 733 734 735 737 738 740 741 742 745 746 747 748 751 752 753 754 755 756 757 760 761 762 763 765 766 767 768 769 770 771 772 773 774 775 776 777 778 779 780 781 782 783 784 785 786 787 788 789 790 791 792 793 794 795 797 798 802 804 805 806 807 808 809 810 812 813 814 815 816 817 818 819 820 821 822 823 824 826 827 828 829 830 831 832 833 834 835 836 837 838 839 840 841 842 843 844 845 846 847 848 849 850 851 852 853 854 855 856 857 858 859 860 861 862 863 864 866 867 868 869 870 871 872 873 875 878 879 880 881 882 883 884 885 887 888 889 890 891 892 893 895 896 897 898 899 900 901 902 903 904 908 909 910 911 913 915 916 917 918 919 920 921 922 923 924 925 926 927 928 929 931 932 933 934 936 937 938 940 941 942 943 944 945 946 947 948 949 950 951 952 953 954 955 956 958 960 961 963 964 965 966 967 969 970 971 972 973 974 976 977 978 979 980 981 982 983 984 985 986 987 988 989 990 993 994 995 996 997 999 1000 1001 1002 1003 1005 1006 1009 1010 1011 1012 1014 1015 1016 1017 1018 1019 1020 1021 1022 1023 1024 0
1 4 5 6 7 8 9 10 11 12 13 14 15 16 17 18 19 22 23 24 25 26 27 28 29 30 31 0

65
2 3 4 7 9 10 11 12 13 14 15 16 17 18 19 20 21 22 23 24 28 29 30 31 32 33 34 35 36 37 38 39 40 41 42 43 44 45 46 47 48 49 50 52 53 54 55 56 57 58 59 60 61 62 63 64 65 66 67 68 69 70 71 72 73 74 75 76 77 78 79 80 81 82 83 84 85 86 87 89 91 92 93 94 95 96 97 98 99 100 101 102 103 104 106 107 108 109 110 111 112 113 114 115 116 117 118 119 121 122 123 124 125 126 127 128 129 130 131 132 133 134 135 137 138 139 140 141 142 143 144 145 146 147 148 149 150 151 152 153 155 156 158 159 161 163 164 165 166 167 168 169 171 172 173 174 175 177 178 179 180 181 182 184 185 186 187 188 189 190 191 192 193 194 195 196 197 198 199 200 202 204 206 207 208 209 210 211 212 213 214 215 216 217 218 219 220 221 222 223 224 225 230 232 234 235 237 239 240 241 244 245 246 247 248 249 251 255 256 259 260 261 262 263 264 265 267 268 269 270 271 272 273 274 275 276 277 278 279 280 281 283 284 285 286 287 288 289 290 291 292 293 294 295 296 299 300 301 302 304 305 306 307 308 309 310 311 312 313 315 316 317 318 319 320 321 322 323 324 325 326 327 328 329 332 333 334 335 336 337 338 339 340 341 342 343 344 345 347 348 349 350 352 353 354 355 356 357 358 359 360 363 364 365 366 368 369 370 371 372 373 374 375 378 379 380 381 382 383 384 385 386 387 388 389 390 391 393 394 395 396 397 398 399 400 401 402 403 404 405 406 407 408 410 411 412 414 415 416 417 418 419 420 421 422 424 425 428 429 430 431 432 435 436 437 438 439 440 441 442 443 444 445 446 447 448 449 452 453 454 455 456 459 460 461 462 463 464 465 469 470 471 472 473 474 475 476 477 478 479 480 481 485 486 487 488 489 490 493 494 495 496 497 498 499 500 501 502 503 504 505 506 508 509 510 512 513 514 515 517 518 520 522 525 526 527 528 529 530 531 532 536 539 540 541 542 543 544 545 546 547 549 550 555 556 557 559 560 561 562 563 568 570 572 573 574 576 577 578 579 580 582 583 584 586 587 588 589 591 592 593 595 596 597 600 601 604 606 610 613 618 620 621 622 623 624 625 626 627 628 630 631 632 633 634 635 636 637 638 641 642 643 644 645 647 648 649 650 651 652 653 654 656 657 658 659 660 661 664 665 666 667 668 670 672 673 674 675 676 677 678 679 680 681 684 685 686 687 689 691 692 693 694 695 696 698 699 700 701 702 704 705 706 708 710 715 716 717 719 720 721 722 723 724 725 726 727 728 729 730 731 732 733 734 735 737 738 739 741 742 743 744 745 746 747 750 751 752 753 754 755 756 757 758 759 760 761 762 763 764 765 766 768 769 770 771 772 773 774 775 776 777 778 779 780 781 782 783 784 786 787 788 789 790 791 792 793 794 795 796 797 798 800 802 803 804 805 806 807 808 810 811 815 816 817 819 821 822 824 825 826 827 828 829 833 834 835 836 837 838 840 841 844 845 848 849 850 851 852 853 854 855 856 857 858 859 860 861 862 863 864 865 866 867 868 869 871 875 876 877 878 882 883 884 885 887 888 889 890 892 893 894 895 896 897 898 899 900 902 903 904 905 906 907 908 909 910 911 912 914 915 916 917 918 920 921 922 923 924 925 926 927 928 929 930 931 932 933 934 935 936 937 938 940 941 942 943 944 945 947 948 949 950 951 952 953 954 955 956 957 958 959 960 961 962 963 965 966 967 968 969 970 971 972 973 974 976 977 978 979 981 982 983 986 987 988 989 990 991 992 993 994 998 999 1000 1001 1002 1003 1004 1006 1007 1008 1009 1010 1011 1012 1014 1015 1016 1017 1018 1019 1020 1021 1022 1023 0
1 3 4 6 10 13 17 19 20 21 22 23 24 25 26 28 29 30 0

66
1 2 3 4 5 6 8 9 12 13 14 15 16 17 18 19 21 22 23 24 25 27 28 29 30 31 32 33 34 35 36 37 39 40 42 43 44 45 46 47 48 49 51 52 53 54 55 56 57 58 59 60 61 62 63 64 65 68 69 71 72 73 74 75 76 77 78 79 80 81 82 83 86 87 88 89 90 91 92 93 94 95 96 97 98 99 100 101 103 105 106 108 109 110 111 112 113 114 115 116 117 118 119 120 121 123 124 125 127 128 130 131 132 133 134 136 137 138 139 140 141 142 143 145 146 147 150 151 152 153 154 155 156 157 158 159 160 161 162 163 164 165 167 169 170 171 172 174 175 176 177 178 179 180 181 182 183 184 185 186 187 188 190 191 192 193 194 195 196 197 198 201 202 203 204 207 208 209 210 211 212 213 214 215 216 218 220 221 222 224 225 226 227 228 229 230 231 232 234 235 236 238 240 241 242 243 244 246 247 248 249 254 255 256 257 258 259 260 261 262 264 265 268 269 270 271 272 273 274 275 276 277 278 279 280 283 284 285 286 287 288 289 290 291 292 293 294 295 296 297 298 300 301 302 304 305 306 307 308 309 310 311 312 313 314 315 316 317 318 319 320 321 322 323 324 325 326 327 328 330 331 332 333 334 335 336 337 339 340 341 342 343 344 345 346 347 348 349 350 351 352 353 354 355 356 357 358 359 360 361 362 363 364 365 366 367 368 369 370 371 372 373 374 375 376 377 378 380 381 382 383 384 385 386 387 388 389 390 391 392 393 394 395 396 397 398 399 400 401 402 403 404 405 406 407 408 410 411 412 413 414 415 416 417 418 419 421 422 423 424 425 426 427 428 429 430 431 432 433 434 435 436 437 438 439 440 441 442 443 444 445 446 447 448 450 452 453 454 455 456 457 458 459 462 463 464 465 466 467 468 469 470 471 472 473 474 476 477 478 479 480 481 482 484 485 486 488 489 491 492 493 494 495 496 497 498 499 501 502 504 505 506 507 508 512 513 514 515 516 517 518 519 520 521 522 523 524 525 526 527 528 529 530 532 534 535 536 538 539 540 541 542 544 545 546 547 548 549 550 551 552 553 554 555 556 557 558 559 563 564 566 570 573 574 575 577 578 579 582 583 586 587 588 589 590 591 593 596 597 601 604 606 608 609 611 615 619 620 621 623 625 626 627 629 630 632 634 635 636 637 638 641 642 645 646 647 649 650 655 656 658 659 660 663 665 668 669 670 674 675 677 678 679 680 682 683 688 690 691 692 695 697 699 700 701 705 706 707 708 709 710 711 713 715 716 722 724 725 727 728 729 730 731 732 734 736 740 743 744 745 746 748 749 753 754 755 756 757 762 765 768 769 770 771 772 773 774 775 776 777 778 779 780 781 782 783 784 785 788 790 791 792 793 794 796 797 798 799 800 802 803 805 806 808 811 812 813 814 815 816 817 818 819 820 821 822 823 824 825 827 828 829 830 831 832 834 835 836 837 840 841 844 846 847 849 850 851 852 853 854 855 856 857 858 859 860 861 862 863 864 865 866 868 869 870 871 872 873 874 875 876 877 878 879 880 881 882 883 884 885 886 887 888 889 890 891 892 893 894 895 896 897 898 902 903 904 905 906 908 909 910 911 912 913 914 915 916 918 920 921 922 923 924 925 926 927 928 929 930 931 932 933 934 935 936 937 940 942 943 945 946 947 948 949 950 951 953 954 955 956 957 958 959 960 961 962 963 964 965 967 968 969 970 971 972 973 974 975 976 977 978 979 980 982 983 985 986 990 991 992 993 996 997 998 999 1000 1001 1002 1003 1004 1005 1006 1007 1008 1009 1010 1011 1012 1014 1015 1016 1017 1018 1019 1020 1021 1022 1023 1024 0
1 2 8 9 10 11 13 15 16 19 20 22 23 25 26 29 0

67
1 2 3 4 5 7 8 11 13 16 17 19 20 22 23 24 25 26 28 29 30 31 32 33 35 39 40 41 42 43 44 45 46 48 49 51 52 54 55 56 57 58 59 60 61 62 63 64 65 66 68 69 70 71 72 73 74 75 76 77 78 79 80 81 82 83 84 85 87 88 89 90 91 92 93 95 96 97 98 102 103 104 105 106 108 110 111 112 113 114 115 116 117 118 120 122 123 124 125 127 128 129 130 131 132 134 137 138 139 141 144 145 148 149 150 152 153 154 155 156 157 158 160 161 162 163 164 165 168 169 170 171 173 174 176 177 179 180 181 182 183 184 185 186 187 188 189 191 192 193 194 195 196 199 200 201 203 205 206 207 208 209 210 212 214 218 220 222 223 224 225 228 229 231 234 235 239 240 241 242 246 247 248 249 250 251 252 253 256 258 261 263 264 267 269 270 272 274 275 276 277 278 279 281 282 283 284 287 288 294 295 296 297 298 299 301 302 303 304 306 307 309 310 311 312 313 314 315 316 317 318 319 320 323 325 326 328 330 331 333 334 336 337 338 340 341 346 347 348 349 350 351 352 353 355 358 359 362 363 366 367 368 369 371 372 373 374 375 376 378 381 383 384 385 387 388 389 390 391 392 394 395 397 399 400 402 403 404 405 406 407 408 409 410 411 412 413 414 415 416 417 418 419 420 421 422 424 425 426 428 430 431 432 433 434 435 436 437 438 439 440 442 443 444 445 446 447 448 449 450 451 452 453 454 455 456 457 458 459 460 461 462 463 464 465 466 467 468 469 470 471 472 473 474 475 476 478 479 480 481 482 483 484 485 486 487 488 489 490 492 494 495 496 497 498 500 504 506 507 508 509 510 511 512 514 515 516 517 518 519 520 521 523 525 526 527 528 530 531 532 533 534 535 536 538 539 540 541 542 548 549 550 551 552 553 554 555 556 557 559 561 562 563 564 565 566 567 568 569 570 571 572 573 574 575 576 577 578 581 585 586 587 589 590 591 593 594 595 596 597 598 599 600 601 602 603 604 605 606 607 608 609 610 611 612 613 614 618 619 620 621 622 623 624 625 627 630 634 635 636 637 638 639 641 642 644 645 646 647 648 649 650 654 656 657 658 659 660 661 670 675 676 677 678 681 683 688 689 690 691 692 693 694 698 699 700 701 702 703 704 708 709 713 714 715 717 718 719 720 721 723 724 725 726 736 737 740 741 742 744 746 748 751 752 753 754 755 756 757 758 759 760 761 762 763 764 765 766 767 768 769 770 771 772 773 774 775 776 777 778 779 780 781 782 783 784 785 787 788 789 790 791 792 793 794 795 797 801 802 803 804 805 806 808 809 810 811 812 813 814 815 816 817 818 820 821 823 824 825 826 827 828 829 830 831 832 833 834 835 836 837 838 839 840 841 843 844 845 846 847 848 849 850 851 852 853 854 855 856 857 858 859 860 861 862 863 864 866 867 868 869 870 871 872 874 875 877 878 879 880 881 882 883 884 885 886 887 888 889 890 891 892 893 894 895 898 899 900 901 902 903 904 905 906 907 908 909 910 911 912 913 914 915 916 917 918 919 920 921 922 923 924 925 926 927 928 929 930 931 933 934 935 936 938 939 940 941 942 943 945 946 947 948 949 951 952 953 954 955 956 957 958 959 960 961 962 963 964 965 966 967 968 969 970 971 972 974 975 976 977 978 979 980 981 982 983 984 985 986 987 988 989 990 991 992 993 994 995 996 997 998 1000 1001 1002 1003 1004 1006 1007 1008 1009 1010 1011 1012 1013 1014 1015 1016 1017 1018 1019 1020 1021 1022 1023 1024 0
1 2 3 4 5 6 7 8 10 11 13 16 17 19 20 21 22 23 25 28 29 0

68
1 2 3 4 5 6 7 8 9 10 11 12 14 15 16 17 18 19 20 21 22 23 24 25 27 29 30 32 33 34 36 37 39 40 42 44 45 47 48 49 50 51 52 53 54 55 56 57 59 60 62 64 65 66 67 68 69 71 72 74 75 77 78 79 80 81 82 83 84 85 86 87 88 89 90 91 92 94 95 96 97 98 99 100 101 102 103 104 105 106 107 108 109 110 111 112 113 114 115 116 117 118 119 120 121 122 123 124 125 126 127 128 129 130 131 132 133 134 135 136 137 138 139 140 142 144 145 147 148 149 150 151 152 153 155 157 159 160 161 162 163 164 165 166 167 168 169 170 171 172 174 175 176 177 178 179 180 181 182 183 184 185 186 187 188 189 190 191 192 193 194 195 196 197 198 199 200 201 202 205 206 208 209 210 211 212 213 214 216 217 218 219 220 221 222 224 225 228 229 230 232 234 237 240 241 242 244 245 246 247 248 249 250 252 256 257 259 262 264 265 267 268 269 271 272 273 274 275 277 278 280 281 283 286 288 289 290 292 293 294 295 303 304 305 306 309 311 312 313 316 318 319 320 321 322 323 324 325 326 327 328 329 331 333 335 336 337 338 339 340 343 344 345 346 347 348 349 352 353 354 355 357 358 359 361 362 363 364 367 368 370 372 373 375 376 378 380 381 383 384 386 387 388 389 392 393 394 395 396 397 399 400 401 402 403 404 405 406 407 408 409 410 411 413 415 416 417 418 419 420 421 422 423 424 426 427 428 430 431 432 433 434 435 436 439 441 442 443 444 445 447 448 449 450 451 454 455 456 457 458 459 460 462 464 465 467 468 469 470 471 473 474 475 476 477 478 480 481 483 485 489 492 493 496 497 498 499 500 501 502 503 504 505 506 508 509 510 511 512 513 514 515 516 517 518 519 520 521 522 523 524 525 526 527 528 529 530 531 532 534 536 537 538 540 541 545 546 547 551 552 553 554 555 556 557 558 559 560 561 562 563 564 566 568 571 573 574 575 576 577 578 579 580 581 582 583 584 585 586 587 588 589 590 591 592 593 594 595 596 597 598 599 600 602 605 609 610 611 612 613 614 615 616 617 620 621 622 624 625 626 627 628 629 630 633 635 636 641 642 643 644 645 647 649 651 652 654 655 656 657 658 659 660 661 663 666 667 668 669 670 671 674 676 678 679 681 684 685 686 687 688 689 690 691 692 693 694 696 699 700 701 702 703 704 705 706 707 708 711 712 713 714 715 716 717 718 719 720 721 722 723 724 725 726 727 728 729 730 731 732 733 734 735 737 738 739 744 745 746 747 748 749 750 753 754 755 756 757 758 759 760 761 762 763 764 765 766 768 769 770 771 772 773 774 775 776 777 778 779 780 781 782 783 784 785 787 788 789 790 791 792 793 794 796 798 799 800 801 802 804 805 806 808 809 810 811 812 813 814 815 817 818 819 820 821 822 823 824 825 826 828 829 831 832 833 834 835 836 837 838 839 840 841 842 843 844 845 846 847 848 849 850 851 852 853 855 856 857 858 859 861 862 863 865 866 867 871 872 873 874 875 876 877 878 879 881 882 886 888 889 890 891 892 893 894 895 896 897 898 899 900 902 903 904 905 907 911 913 914 915 916 917 918 919 920 921 922 923 924 925 927 929 930 931 932 933 934 935 936 937 938 939 940 941 942 943 945 946 947 948 949 950 951 952 953 954 956 957 958 961 962 963 964 965 967 968 969 970 974 975 976 977 978 979 980 981 982 985 988 990 991 992 993 1000 1001 1003 1004 1005 1006 1008 1009 1010 1011 1012 1013 1014 1015 1016 1017 1018 1019 1020 1021 1022 1023 1024 0
3 4 5 7 10 11 13 17 19 20 23 24 25 26 27 29 30 31 32 0

69
1 2 3 4 6 7 8 10 11 12 13 15 16 17 18 19 20 21 24 25 27 29 30 31 32 33 34 35 36 37 38 39 40 42 43 44 45 46 47 48 49 50 52 53 55 56 57 58 59 60 61 62 63 65 66 67 68 69 70 71 72 73 74 75 76 77 78 79 80 81 82 83 84 85 86 88 89 90 91 92 93 95 97 98 99 100 101 102 103 104 105 106 107 108 110 112 113 114 115 116 117 118 119 120 121 122 123 124 125 126 127 128 129 130 131 132 133 134 135 136 137 139 140 141 142 143 144 145 146 147 148 149 150 151 152 153 154 155 156 159 160 161 162 163 164 165 166 167 168 169 170 171 172 175 176 177 178 179 180 181 182 183 184 185 186 187 188 190 192 193 194 195 196 197 198 199 200 201 204 205 207 208 209 210 211 212 214 216 217 218 219 220 221 222 223 224 225 226 227 228 229 230 231 233 234 235 236 237 238 241 242 243 244 245 246 247 248 249 250 252 253 254 255 257 258 259 260 261 263 264 265 267 268 269 270 271 272 273 274 275 276 277 279 280 281 283 285 286 287 288 290 291 292 293 295 298 299 300 301 302 303 304 305 306 307 308 309 310 311 312 314 315 316 317 318 319 320 321 322 323 324 325 326 327 328 330 331 332 333 334 337 338 340 341 343 344 345 346 347 348 349 350 351 352 353 354 355 356 357 358 359 360 361 362 363 364 366 367 368 369 370 371 372 373 374 375 376 377 378 379 380 382 383 384 386 387 388 389 390 391 392 393 394 395 396 397 399 400 401 402 403 404 405 406 407 408 409 410 411 412 413 415 416 418 419 420 421 422 423 424 425 426 427 428 430 431 432 433 434 435 436 437 438 439 440 442 443 444 445 446 448 450 451 452 453 454 456 457 459 460 461 463 464 465 466 467 468 470 471 472 474 475 476 477 478 479 480 481 483 484 485 486 488 489 490 491 492 494 496 497 498 499 500 501 503 505 512 513 514 515 516 517 518 519 520 521 522 523 524 525 526 527 528 529 531 534 536 537 538 540 541 542 544 545 547 550 552 553 555 557 558 560 561 563 564 565 566 567 568 569 570 571 572 573 574 576 577 581 582 584 585 586 587 588 589 590 591 593 596 597 600 601 603 604 605 608 609 610 611 613 617 618 620 621 622 624 625 626 627 631 632 634 635 636 637 638 639 640 641 642 643 644 645 647 649 650 651 652 653 654 655 656 657 659 661 664 665 666 667 668 669 670 671 672 673 674 675 676 677 678 679 680 681 682 683 684 685 686 687 688 689 690 691 692 693 694 695 696 697 698 700 701 702 703 704 705 706 707 708 709 710 711 713 714 716 717 718 719 721 722 723 724 725 726 727 728 729 730 733 736 737 738 739 740 741 742 743 744 745 746 747 748 749 750 751 752 753 754 755 757 758 759 760 761 763 764 765 766 769 770 771 772 773 774 775 776 777 778 779 780 781 782 783 784 785 786 787 788 789 790 791 792 793 794 795 796 799 800 802 803 804 806 808 809 811 813 814 815 816 817 818 819 820 821 822 823 825 826 828 829 831 832 834 836 837 838 839 840 841 843 844 845 846 848 852 853 854 857 858 859 860 861 862 863 866 867 870 871 872 873 875 876 877 878 880 883 884 885 886 888 889 890 891 893 894 896 897 898 899 900 901 902 903 904 905 906 908 912 913 915 916 918 919 920 921 922 923 924 925 927 928 929 930 931 932 933 934 935 936 937 938 940 943 944 945 947 948 949 950 952 953 954 955 956 960 961 962 963 964 965 966 968 971 972 973 974 975 976 977 978 979 980 981 982 983 985 986 987 988 989 990 991 992 993 994 995 997 998 999 1000 1001 1002 1003 1004 1005 1006 1007 1008 1009 1010 1011 1012 1013 1014 1015 1016 1017 1018 1019 1021 1022 1023 1024 0
4 8 9 10 12 14 15 20 21 23 25 26 27 29 30 31 32 0

70
1 3 4 6 9 11 13 16 17 18 20 21 22 24 26 28 30 31 32 33 35 38 39 41 43 45 47 48 49 51 53 54 55 56 58 60 62 63 64 65 67 68 69 72 73 75 77 79 80 81 82 83 84 85 86 87 88 89 91 92 94 95 96 97 99 100 101 102 103 104 107 108 110 111 112 113 114 115 116 117 118 121 123 124 125 126 127 128 129 132 133 136 137 138 139 140 141 144 145 146 151 152 153 154 155 157 158 160 161 162 163 164 165 170 176 177 180 183 184 185 186 187 189 191 192 193 194 195 196 197 198 199 200 201 202 203 207 208 209 210 212 213 214 215 217 219 220 221 222 224 225 227 228 232 234 236 237 239 240 241 242 243 245 246 247 249 250 251 253 254 255 257 258 260 261 263 264 266 267 268 269 270 272 273 274 275 276 279 281 282 283 285 288 289 290 291 292 293 294 296 297 298 300 301 302 304 305 306 308 310 311 314 315 320 321 322 324 325 326 327 328 329 332 333 336 337 338 340 341 344 345 347 348 349 350 351 352 353 354 355 356 357 358 359 360 361 363 365 366 367 368 369 370 371 372 373 374 375 376 378 380 381 382 383 384 387 388 389 390 391 393 395 396 397 398 400 402 403 404 405 406 407 408 409 411 412 413 416 417 418 419 422 424 425 428 429 431 432 433 434 436 438 440 441 443 444 445 447 448 449 450 452 454 455 457 458 459 460 461 463 464 465 466 467 468 470 471 473 475 476 477 479 480 483 484 486 487 488 489 490 491 492 493 495 496 497 499 501 504 506 507 508 510 512 513 514 515 516 517 518 519 520 521 522 523 524 525 526 527 528 529 530 531 532 535 536 537 538 539 540 544 545 546 547 548 549 550 551 552 553 554 555 557 558 559 561 564 565 568 569 570 571 574 576 577 578 579 580 583 584 585 586 587 588 589 591 592 593 594 595 596 598 599 600 601 602 605 606 607 609 610 611 612 615 616 617 618 620 621 625 626 627 628 630 632 634 635 636 637 638 640 644 646 649 655 656 657 658 659 660 661 665 668 672 678 681 688 689 690 692 694 696 704 705 720 723 724 727 729 736 739 740 745 747 748 751 752 753 755 757 758 760 761 762 763 766 767 768 769 770 771 772 773 774 775 776 777 778 779 780 781 782 783 784 785 786 787 793 794 795 800 801 802 803 804 805 807 809 810 811 812 813 814 815 817 823 824 826 829 832 833 834 835 836 837 838 841 842 843 846 847 848 849 850 851 852 853 854 855 856 857 860 861 862 863 864 866 867 868 869 870 871 872 873 874 875 876 877 878 879 880 881 882 883 885 886 887 888 890 891 892 893 894 895 896 898 899 900 903 904 906 907 910 911 912 914 915 916 919 922 924 925 926 927 928 929 930 931 932 933 934 935 936 937 938 939 940 941 942 943 944 945 946 947 948 949 950 951 952 953 955 956 957 958 959 960 961 962 964 965 966 967 968 969 970 971 972 973 974 975 976 977 978 979 980 981 982 983 984 985 986 987 988 989 991 992 993 996 997 998 999 1000 1001 1002 1003 1004 1005 1006 1007 1008 1010 1011 1012 1014 1015 1016 1017 1021 1023 1024 0
1 2 3 4 5 7 10 13 14 17 22 26 27 28 0

71
1 3 4 5 6 7 8 9 10 11 13 14 15 16 17 18 19 20 21 22 24 25 26 28 29 30 31 32 33 35 36 37 39 40 41 42 43 44 45 46 48 49 50 51 53 54 55 56 57 58 59 60 61 63 64 65 66 67 68 69 70 71 72 73 74 75 76 77 79 80 81 82 83 84 86 87 88 89 90 91 92 93 94 95 96 97 98 102 104 105 106 107 109 110 111 112 113 114 115 116 117 118 121 124 125 126 127 128 129 133 134 135 136 138 139 141 142 143 144 145 147 148 150 151 152 153 155 156 157 159 160 161 164 166 167 168 170 171 172 173 176 177 178 179 180 181 182 183 184 185 186 188 189 190 191 192 193 194 195 196 197 198 199 201 203 205 206 208 209 210 212 213 214 215 216 217 218 219 220 221 222 223 224 225 229 232 233 235 237 238 239 240 241 242 243 244 245 246 247 249 251 252 253 255 256 257 259 260 261 262 263 264 265 266 267 268 269 270 271 272 273 274 275 276 277 278 279 280 281 282 284 285 286 287 288 289 290 291 292 293 294 295 296 297 298 299 301 304 305 307 308 309 310 311 312 313 314 315 316 318 320 321 323 324 325 326 327 328 329 330 331 332 333 334 335 336 337 339 340 341 342 343 344 345 347 349 351 352 353 354 355 356 357 358 359 360 361 363 367 368 369 370 371 372 373 374 375 376 377 378 379 380 382 383 384 385 387 388 389 390 391 393 394 396 397 398 399 400 401 402 404 405 406 407 408 409 410 412 413 414 415 416 417 418 419 420 421 422 423 424 425 426 427 428 429 430 431 432 433 434 435 436 437 438 439 440 441 442 443 444 445 446 447 448 449 450 451 452 455 456 457 458 460 461 462 463 464 465 466 468 469 470 471 472 473 474 475 476 477 478 480 481 482 483 485 487 488 489 490 491 494 495 496 497 498 499 500 501 502 503 504 505 507 509 510 511 512 513 514 516 517 518 519 521 522 523 524 525 527 529 531 533 534 535 538 539 540 541 542 544 545 548 551 553 554 555 556 559 560 562 563 564 565 567 569 571 572 573 574 575 576 577 578 579 581 584 585 586 587 588 589 590 591 593 596 597 600 602 603 604 608 609 610 611 612 613 614 615 616 622 623 624 625 626 627 629 634 635 636 637 638 640 641 642 644 646 647 649 650 653 655 656 657 658 660 662 663 665 670 671 672 673 675 678 679 680 681 682 686 688 689 691 692 693 694 695 696 697 698 699 700 701 703 704 705 706 707 709 711 713 714 716 717 718 719 720 721 722 723 725 726 727 728 729 730 731 732 733 734 735 736 737 738 739 741 742 743 744 745 747 748 749 752 753 760 762 765 766 767 768 769 770 771 772 773 774 775 776 777 778 779 780 781 782 783 784 785 786 787 788 790 791 792 793 794 795 796 797 800 802 805 808 809 810 812 813 814 815 817 818 819 820 822 823 825 826 827 830 831 832 834 835 836 837 838 839 840 841 844 845 849 852 853 854 855 856 857 859 861 862 863 867 868 869 870 871 872 873 874 875 876 877 878 879 880 881 883 884 885 886 889 890 891 892 893 894 895 896 898 899 900 901 902 903 904 905 906 907 908 909 913 914 915 916 917 919 920 921 922 923 924 925 926 927 928 929 930 932 933 934 935 936 937 938 939 940 941 942 943 945 946 947 950 951 952 953 954 955 956 957 958 959 960 961 963 964 965 966 967 968 970 971 972 973 974 976 977 978 979 980 981 982 987 988 990 992 993 995 996 997 998 1000 1004 1006 1007 1008 1009 1010 1011 1012 1013 1014 1015 1018 1020 1021 1022 1023 1024 0
3 5 7 9 10 11 21 22 23 25 29 30 32 0

72
1 2 4 5 7 8 9 10 11 15 17 18 19 20 21 24 25 26 28 30 31 32 33 35 36 37 39 40 41 42 43 44 45 46 47 48 49 50 51 53 54 55 56 57 58 59 60 62 63 64 66 67 69 70 71 73 74 75 78 79 80 81 82 83 84 86 87 88 89 90 91 92 93 94 95 96 97 98 99 100 101 102 103 104 105 106 107 108 109 110 111 112 113 114 115 116 117 118 119 120 121 122 123 124 125 126 127 128 129 130 131 132 133 134 135 136 137 138 140 142 143 144 145 146 147 149 150 151 152 153 155 156 157 158 159 160 161 162 163 164 165 166 167 168 169 170 171 172 173 174 175 176 177 178 179 180 181 182 183 184 185 186 187 188 189 190 191 192 194 195 199 200 201 202 203 204 205 206 207 208 209 210 211 212 215 216 217 218 219 220 222 223 224 225 226 230 231 232 236 238 239 240 241 242 243 244 245 246 247 248 249 252 254 255 256 257 258 259 263 265 266 268 269 270 271 272 273 274 275 276 277 279 281 282 283 284 285 286 287 288 289 290 291 292 293 295 296 297 298 299 300 301 302 303 304 305 306 307 309 310 311 312 313 314 315 317 318 319 320 321 322 323 326 327 328 329 330 332 333 334 335 336 337 338 340 341 342 343 344 345 346 347 349 350 351 352 353 354 355 356 357 358 359 360 361 362 363 364 366 367 368 370 371 372 373 374 375 376 377 378 379 380 382 384 385 386 387 389 390 391 392 393 394 395 396 398 399 400 402 403 404 405 406 407 408 409 410 412 414 415 416 417 418 419 420 421 422 424 425 427 430 431 433 434 435 436 437 439 441 442 443 444 445 446 447 448 449 450 451 452 453 454 455 456 457 458 459 460 461 462 463 464 465 466 468 469 470 471 472 473 474 475 478 480 481 482 484 485 486 487 488 491 492 495 496 497 498 500 501 502 504 506 507 508 509 510 511 512 514 516 518 519 520 521 522 525 526 527 528 529 530 531 532 534 535 537 545 546 547 550 551 553 554 559 560 561 562 563 565 566 567 568 569 570 575 576 577 579 581 582 583 584 585 586 587 588 589 590 592 593 594 596 597 598 599 601 602 604 606 608 609 610 612 613 614 615 616 617 618 619 621 622 623 624 628 629 630 631 632 633 634 635 636 637 639 640 641 642 644 645 646 647 648 649 650 651 652 654 655 656 657 658 659 661 662 664 665 666 668 669 670 672 673 675 676 677 678 680 681 682 683 684 685 687 688 691 692 694 695 696 700 701 702 703 704 705 706 707 708 715 716 717 720 721 722 724 726 727 728 730 731 732 733 734 735 737 738 739 740 741 743 748 749 750 752 753 754 755 758 759 761 764 765 766 767 769 770 771 774 775 776 777 778 779 783 784 785 786 787 789 790 791 792 793 794 795 796 797 798 799 800 801 802 804 806 807 808 809 810 811 812 813 814 815 816 817 818 821 823 824 825 826 827 828 829 830 831 832 833 834 835 836 837 838 839 840 841 842 843 844 846 847 848 849 850 851 852 853 854 855 856 857 858 859 860 861 862 863 864 865 866 867 868 869 870 871 872 873 874 875 876 877 878 879 880 881 882 883 884 885 886 887 888 889 890 891 892 893 894 895 896 897 898 899 900 901 902 904 905 906 907 908 909 910 912 913 914 915 916 917 918 919 920 921 922 923 924 925 926 927 928 929 930 931 933 934 935 936 937 938 939 940 941 942 943 944 945 946 947 948 949 951 952 954 955 957 958 959 960 961 962 963 964 965 967 968 970 971 972 973 974 975 976 977 978 980 981 982 983 984 985 986 987 988 989 992 993 995 996 997 998 999 1000 1001 1002 1003 1004 1005 1006 1007 1008 1009 1010 1011 1012 1013 1014 1015 1016 1024 0
1 2 3 4 5 7 8 9 10 11 12 13 15 16 18 19 20 22 23 25 26 29 0

73
1 2 3 4 5 6 7 8 9 10 12 13 14 16 17 18 19 20 21 22 23 24 25 26 27 28 29 30 31 32 33 34 35 37 38 40 41 42 43 45 46 47 48 49 50 51 52 53 54 55 56 57 58 59 60 61 62 63 64 65 66 67 70 72 73 74 75 76 78 79 80 82 83 84 85 87 88 89 91 92 93 94 95 96 97 98 99 100 102 104 105 106 108 109 111 112 115 116 119 120 122 125 127 128 130 131 132 133 134 135 136 138 139 140 142 145 147 149 150 152 153 154 155 157 158 159 160 161 162 164 166 167 168 169 170 171 172 173 175 176 177 178 179 181 182 184 185 186 187 188 189 190 191 192 193 194 195 196 197 198 199 200 201 202 203 204 205 206 207 208 209 210 211 212 215 216 217 218 220 221 222 224 225 226 227 228 229 230 231 232 233 234 236 237 238 239 240 241 242 243 244 245 247 248 249 250 251 253 255 257 258 259 261 262 263 264 265 267 268 272 273 274 275 276 277 278 279 280 281 282 283 285 286 287 288 289 290 291 293 294 295 296 297 298 299 301 302 303 304 305 306 307 309 310 312 313 315 316 317 318 319 320 321 322 323 325 326 327 328 329 330 331 332 333 334 335 336 337 338 339 340 341 342 344 346 347 348 349 350 351 352 353 354 355 356 357 358 359 360 361 362 363 364 365 366 367 368 370 371 372 373 374 375 376 377 378 379 380 381 382 383 384 386 387 389 390 391 392 393 394 395 396 398 400 401 403 405 406 408 409 410 411 412 413 414 415 416 417 418 419 420 421 424 425 426 427 429 430 431 432 433 434 435 436 437 438 439 440 441 442 443 444 445 447 448 449 450 451 452 453 454 455 456 457 458 459 460 461 462 463 464 465 467 468 469 470 472 473 474 475 477 478 479 480 481 482 484 486 487 488 489 490 491 492 493 494 495 496 497 498 499 500 502 503 504 505 506 507 508 510 511 512 513 514 515 516 517 518 521 522 523 524 525 526 527 528 529 530 531 532 533 534 537 538 539 540 541 542 543 544 545 546 547 548 549 551 552 553 554 555 557 558 559 560 562 563 565 566 567 568 570 571 575 576 578 583 585 587 590 591 592 594 595 598 599 601 602 604 605 606 608 609 611 613 614 615 617 618 619 620 622 629 630 631 632 633 634 635 636 637 638 640 642 644 645 646 647 648 649 650 651 652 656 660 662 663 664 665 666 668 669 670 671 673 674 675 676 679 680 681 682 683 684 686 687 688 689 692 693 694 695 696 697 698 700 701 705 706 709 713 714 715 716 717 721 724 725 726 728 730 731 732 736 737 738 739 740 745 751 753 754 756 760 763 764 765 766 767 768 769 770 771 772 773 774 775 776 777 778 779 780 781 782 783 784 785 786 787 788 789 790 792 793 794 795 796 798 799 802 804 805 809 810 811 812 813 814 815 819 820 821 822 823 824 825 826 827 828 829 830 832 833 834 835 836 837 838 840 842 843 844 845 846 847 848 849 850 851 852 853 854 855 856 857 858 859 860 861 862 863 864 865 866 867 868 869 870 872 873 874 875 876 877 878 879 880 882 883 884 885 886 887 888 889 890 891 892 893 894 895 896 898 899 900 901 903 904 905 906 907 908 909 910 912 913 914 915 916 917 918 919 921 922 923 924 925 926 927 928 929 930 931 932 933 934 935 937 938 939 940 941 942 943 944 945 946 947 948 949 950 951 952 954 955 956 958 959 960 961 962 963 964 965 966 969 970 971 972 973 974 975 976 977 978 979 980 981 982 983 984 985 988 989 990 991 992 993 994 995 996 997 998 999 1000 1002 1003 1004 1005 1006 1007 1008 1009 1010 1011 1012 1013 1014 1015 1016 1017 1018 1019 1020 1022 1024 0
1 2 3 4 5 6 7 8 9 10 12 14 15 16 18 19 20 23 24 25 26 27 30 31 0

74
1 2 3 4 5 7 8 9 10 11 12 13 14 15 16 17 18 19 20 21 22 23 24 25 26 27 28 29 30 31 32 33 34 35 36 37 40 41 42 43 44 45 46 47 48 49 50 51 52 53 54 56 58 59 61 63 64 65 66 68 72 73 74 75 76 78 79 80 81 82 84 85 86 88 92 93 94 95 96 97 99 100 101 102 103 104 105 106 111 112 113 114 115 116 117 118 119 120 121 122 123 124 125 126 127 130 131 132 133 134 135 136 137 138 139 140 141 142 143 144 145 146 147 148 149 150 151 152 153 154 155 156 157 159 160 162 163 164 165 166 168 170 171 172 173 174 175 176 177 178 179 180 181 182 183 184 185 186 188 189 190 191 193 194 195 196 197 199 200 201 202 203 204 205 206 208 209 210 211 213 214 218 220 221 223 224 225 226 227 230 232 233 234 236 238 240 244 245 246 247 249 250 252 253 254 255 256 257 258 259 260 261 262 264 265 266 267 268 269 270 271 272 273 274 275 276 277 279 280 281 282 283 284 285 286 287 288 289 290 291 292 293 295 296 297 298 299 300 301 302 303 304 305 306 307 310 311 312 313 314 315 316 317 318 319 320 321 322 323 324 325 327 328 329 330 331 332 333 334 335 336 337 338 340 342 344 346 347 348 349 350 351 352 353 354 355 356 358 359 360 361 363 364 365 367 368 369 370 371 372 373 374 375 376 379 384 386 387 388 389 390 391 393 394 396 397 398 399 400 402 403 404 405 406 407 408 409 410 412 414 415 416 417 418 419 420 421 423 426 427 428 429 430 431 432 433 434 436 438 440 442 443 445 446 447 448 452 454 455 456 457 460 461 462 464 466 467 468 469 470 471 472 473 475 476 477 479 480 481 484 485 486 487 488 489 491 492 493 494 495 496 498 499 500 501 502 503 505 506 507 509 510 511 512 513 517 519 520 521 522 523 524 525 526 528 529 531 532 533 535 536 538 542 543 545 548 551 552 553 554 555 557 558 559 561 564 565 566 567 569 570 572 573 574 575 576 578 579 581 582 585 586 588 590 592 593 594 595 596 597 598 599 600 601 602 603 604 605 606 607 608 609 610 612 613 614 615 616 617 618 619 620 621 622 624 626 627 628 629 631 632 633 634 636 637 641 643 644 645 646 647 648 649 650 651 652 653 655 656 657 660 662 663 664 665 666 667 668 669 670 672 673 675 680 681 682 683 684 685 689 690 691 692 693 698 699 700 701 702 703 704 705 706 707 708 709 710 711 712 713 714 715 716 717 718 719 721 724 725 726 727 728 729 730 733 734 735 736 737 738 739 745 748 749 750 751 752 753 754 760 761 762 764 765 767 768 769 770 771 772 773 774 775 776 777 778 779 780 781 782 783 785 787 788 789 790 791 792 793 794 795 796 797 798 799 801 802 804 805 807 808 809 810 811 812 813 815 816 817 818 819 822 823 825 826 827 828 829 830 831 832 833 834 835 837 838 841 842 844 845 846 847 849 852 853 854 855 856 858 859 860 861 862 863 864 865 866 869 870 871 872 873 874 875 879 880 884 885 886 887 888 889 890 891 892 893 894 895 897 898 899 900 901 902 903 905 906 908 909 910 911 912 913 914 915 917 918 919 920 921 923 924 925 926 927 928 929 930 931 933 934 935 936 937 938 940 941 942 943 944 945 946 947 948 949 950 951 952 953 954 955 956 957 958 959 960 961 962 963 964 965 966 967 968 969 970 971 972 973 974 975 976 977 978 979 980 981 982 985 987 988 989 991 992 993 994 995 997 998 999 1000 1001 1002 1003 1004 1006 1007 1008 1009 1010 1011 1012 1013 1014 1015 1016 1017 1018 1019 1020 1021 1022 1023 1024 0
3 4 5 8 10 11 12 13 16 20 22 23 24 25 26 27 29 30 0

75
1 2 3 8 9 10 13 16 17 18 19 24 25 27 29 30 31 32 33 34 36 38 39 40 41 42 44 46 47 48 49 50 51 53 54 55 56 58 59 60 61 62 64 65 66 67 68 69 70 72 73 75 79 80 81 82 83 84 85 90 92 93 94 95 96 97 98 99 101 103 104 105 107 108 109 110 112 113 114 115 116 118 120 121 122 123 124 125 126 128 129 131 132 133 134 135 136 137 138 139 140 142 144 145 146 147 148 149 151 152 153 154 155 156 157 158 159 160 161 162 163 164 165 166 167 168 169 170 171 172 173 174 176 177 178 181 182 183 184 185 186 187 188 189 190 191 192 193 194 197 198 200 201 202 203 204 206 207 208 209 210 212 213 214 216 217 218 219 220 221 222 223 224 225 226 229 230 232 235 236 237 238 240 241 242 243 244 245 246 247 248 249 250 252 253 255 257 258 260 261 262 264 266 269 270 271 272 273 274 275 278 280 281 282 284 285 286 287 288 289 290 291 293 294 295 296 297 299 300 301 302 303 304 305 308 311 312 313 314 316 317 318 319 320 321 322 323 324 325 326 327 328 329 330 331 332 333 335 336 337 338 339 340 341 342 343 344 345 346 347 348 349 350 351 352 353 355 356 358 359 360 361 362 364 365 366 367 368 369 371 372 373 376 377 378 379 380 381 382 383 384 385 387 388 389 390 391 393 394 395 396 397 398 399 400 401 406 407 408 410 411 412 414 415 416 419 420 422 423 424 426 427 430 431 432 433 434 435 437 438 439 440 442 443 444 446 448 449 450 451 452 453 456 457 458 459 462 463 464 465 466 467 471 473 474 475 478 479 480 481 482 483 484 485 487 488 489 490 491 493 494 495 496 498 499 500 501 503 504 505 506 510 511 512 513 514 515 516 517 518 519 520 521 525 526 527 528 529 531 532 533 534 536 537 538 539 540 541 542 543 544 545 546 547 550 551 552 553 554 555 556 557 558 559 560 561 563 564 568 569 570 571 572 573 574 575 576 577 580 583 584 587 588 589 591 592 593 594 597 600 601 602 603 604 605 606 607 608 609 610 611 612 615 620 622 623 624 625 626 627 630 632 633 634 635 636 637 638 639 640 641 642 643 644 646 647 648 649 650 651 652 653 654 655 657 660 662 663 664 666 667 668 669 670 672 673 674 679 682 683 685 686 687 689 691 694 695 696 697 699 700 701 702 703 704 705 707 709 710 711 714 715 717 718 721 723 725 729 730 731 732 733 734 737 739 745 747 748 749 750 751 752 753 756 757 758 759 762 764 765 766 768 769 770 771 772 773 774 775 776 777 778 779 780 781 782 783 784 786 787 788 790 791 792 793 794 795 796 797 800 801 802 804 805 806 807 809 810 811 812 813 814 815 816 817 818 819 820 821 822 823 824 825 826 827 828 829 830 831 832 833 834 835 836 837 838 839 840 841 842 843 846 847 849 850 852 853 854 855 856 857 858 859 860 861 863 864 865 866 867 868 869 870 872 873 874 875 876 877 878 879 880 881 882 883 884 886 887 888 889 890 891 892 893 894 895 896 897 898 900 901 902 903 904 905 906 907 908 909 910 911 912 913 914 915 916 917 918 919 920 921 922 923 924 925 926 928 929 930 931 932 933 934 935 936 937 938 939 941 942 943 944 945 946 947 948 949 950 951 952 954 955 956 957 958 959 960 961 962 963 964 965 967 968 969 970 973 975 976 977 978 979 980 981 982 983 984 985 986 987 988 990 991 992 993 994 995 996 999 1001 1002 1004 1005 1006 1007 1008 1009 1010 1012 1013 1014 1015 1016 1017 1018 1021 1022 1023 1024 0
3 5 6 7 8 9 10 11 13 14 20 22 26 28 29 30 31 32 0

76
1 2 3 4 5 9 10 11 12 13 14 15 16 17 18 19 20 21 24 27 28 29 30 31 32 33 34 35 36 37 39 40 41 42 43 44 45 46 47 48 49 50 51 52 53 54 55 56 57 58 59 60 61 63 64 65 66 67 68 69 70 71 72 73 74 75 77 79 80 81 82 83 84 85 86 87 88 89 90 91 92 94 96 97 98 99 100 101 103 104 105 106 107 110 111 112 113 114 115 117 118 119 120 121 122 123 125 126 127 128 129 130 131 132 133 134 135 136 137 138 139 140 141 144 145 146 147 148 149 150 151 152 153 154 155 156 157 158 159 160 161 162 163 164 165 166 167 168 169 170 171 172 173 174 176 177 178 179 180 181 183 184 185 186 187 189 191 192 193 194 196 197 198 199 201 202 205 206 207 208 209 210 211 212 213 215 216 217 219 221 222 224 225 228 232 233 234 235 236 237 240 241 242 243 244 245 246 248 249 250 253 254 255 256 257 258 259 260 263 264 266 267 268 269 270 271 272 273 274 275 276 277 278 279 280 281 282 283 284 287 288 289 290 291 293 294 295 296 297 298 299 300 301 304 305 306 307 308 310 311 312 313 314 315 317 318 320 321 322 323 324 325 326 327 328 329 331 333 334 336 337 338 339 340 341 342 343 344 346 349 350 351 352 353 354 355 357 358 359 360 361 364 365 366 367 368 369 370 371 372 373 374 375 376 377 378 381 382 383 384 385 386 388 389 390 391 392 393 394 395 397 400 401 402 404 405 406 408 409 410 411 412 413 415 416 417 418 419 420 421 422 423 424 426 427 428 429 432 433 434 435 436 437 438 439 441 442 443 444 445 446 448 449 453 454 455 456 458 460 461 462 464 465 467 468 470 471 472 473 475 476 477 478 479 480 481 482 483 484 487 488 489 490 491 496 498 499 501 502 503 504 505 506 507 508 509 510 511 512 513 516 521 522 524 525 526 528 529 531 534 537 539 540 542 543 544 545 546 547 550 551 552 554 555 556 557 558 559 560 561 562 563 564 565 567 568 569 571 572 573 574 575 577 578 579 580 582 583 584 586 587 588 589 590 591 592 593 594 595 596 600 601 604 605 607 608 609 610 615 616 620 621 622 623 624 625 626 627 628 629 630 631 632 635 637 639 640 641 642 643 644 645 646 647 648 649 650 651 653 655 656 657 658 660 661 662 663 666 667 668 669 672 673 674 675 676 677 679 681 682 683 684 685 686 687 688 689 690 691 692 693 694 695 696 697 698 699 700 702 704 705 706 707 708 709 712 713 715 716 717 719 720 721 722 723 724 725 728 730 731 732 733 735 736 737 740 741 743 744 746 747 752 753 754 755 756 757 758 759 760 761 763 764 767 768 769 770 771 772 773 774 775 776 777 778 779 780 781 782 783 784 785 786 787 796 797 798 800 801 802 803 804 805 807 808 810 811 812 813 814 817 818 820 821 822 823 824 825 826 829 832 834 835 836 837 838 839 840 842 844 845 846 847 849 850 851 852 853 854 855 856 858 859 861 863 865 867 868 870 871 873 874 875 876 877 878 879 881 882 883 884 886 887 888 889 890 893 894 895 896 897 898 900 901 902 903 904 905 906 909 910 912 913 914 915 916 917 918 919 920 921 922 923 924 925 926 927 928 929 930 931 933 934 935 936 937 938 939 942 943 945 946 947 948 950 951 952 953 954 955 957 958 959 960 961 962 963 964 965 966 967 968 969 970 973 974 975 976 977 978 979 980 981 982 983 984 985 986 987 988 989 991 992 993 1000 1002 1004 1005 1006 1007 1008 1010 1011 1012 1013 1014 1015 1016 1017 1018 1019 1020 1023 0
1 2 5 6 8 9 10 11 15 16 17 18 19 20 21 23 24 25 26 29 30 31 32 0

77
1 2 3 4 7 8 10 12 14 15 16 17 18 19 20 21 22 23 24 25 26 27 29 30 31 32 33 34 35 36 38 40 42 43 44 45 46 47 48 49 50 52 53 54 55 58 59 61 62 63 64 65 66 67 68 69 70 71 72 73 74 76 77 78 79 80 81 82 83 84 85 86 87 88 90 91 92 93 94 95 96 97 98 99 100 101 102 103 104 105 106 107 109 110 111 112 113 114 116 117 118 119 120 121 122 124 125 126 127 128 129 130 131 132 133 134 135 136 139 140 141 142 144 145 146 148 149 150 151 152 153 154 156 157 159 160 161 162 163 164 165 166 167 171 172 173 174 175 176 177 178 179 180 181 182 184 185 186 187 188 189 190 191 193 194 195 196 198 199 200 203 205 206 207 208 209 210 211 212 217 218 219 220 221 223 224 225 227 228 229 230 231 236 237 238 239 240 241 242 244 245 248 250 251 252 256 257 258 259 260 261 263 265 266 267 269 270 272 273 274 276 279 280 282 284 285 286 287 288 289 290 291 294 295 297 300 303 304 305 306 308 310 312 313 315 316 318 319 320 321 322 324 325 326 327 329 331 332 333 334 335 336 337 338 339 340 341 342 343 345 347 348 349 350 351 352 353 354 355 356 357 358 359 361 362 363 366 367 368 369 370 371 372 373 375 376 377 378 379 381 382 383 384 385 386 387 388 390 391 392 393 396 397 398 399 400 401 402 403 404 405 406 407 408 409 411 412 413 414 415 416 417 418 419 420 421 422 425 426 428 429 430 431 432 433 434 435 436 437 438 440 441 442 443 445 446 447 448 449 450 451 452 453 454 456 457 458 459 461 462 463 464 465 469 471 472 473 474 475 476 477 478 479 480 481 482 483 484 485 486 488 490 491 492 493 496 498 500 502 507 508 510 511 512 513 514 515 516 517 518 519 520 521 522 523 524 525 526 527 528 529 530 532 534 537 538 539 542 544 545 546 547 548 549 550 551 552 553 554 555 556 561 562 564 565 567 568 569 571 572 573 574 575 577 578 579 582 587 588 589 590 591 593 594 596 597 600 601 603 605 606 607 608 609 610 611 612 613 614 616 617 618 623 624 625 626 627 628 630 636 638 639 640 641 642 644 648 651 653 655 657 658 659 663 664 665 668 669 670 673 674 675 676 677 678 679 680 682 683 684 685 686 687 689 690 691 692 693 695 696 697 699 700 702 703 704 706 708 709 711 712 716 717 718 719 721 722 723 724 725 729 730 731 734 736 737 738 739 740 741 742 743 744 745 746 747 749 750 752 753 754 755 765 768 769 770 771 772 773 774 775 776 777 778 779 780 781 782 783 784 785 786 787 788 789 790 792 796 797 799 800 805 806 807 809 810 811 812 813 814 815 816 817 818 819 820 821 822 823 826 828 830 831 832 834 835 837 838 840 842 843 844 845 846 847 848 849 850 851 852 854 855 856 857 860 861 863 864 866 867 868 869 870 871 873 874 875 876 878 879 880 881 883 884 885 886 887 888 890 891 892 893 894 895 896 898 901 902 903 904 905 906 907 908 909 911 912 913 914 915 917 919 920 922 923 924 925 926 928 929 931 932 933 934 935 936 937 938 939 940 941 943 944 945 947 948 949 950 951 952 953 954 955 956 957 959 960 961 962 963 964 965 966 967 968 969 970 971 972 973 975 976 977 978 981 982 983 984 985 986 987 988 989 991 992 993 994 996 997 998 999 1000 1001 1002 1003 1004 1005 1007 1008 1009 1010 1011 1012 1013 1014 1015 1016 1017 1018 1019 1022 1023 1024 0
1 2 3 4 8 9 10 11 15 16 17 20 22 23 26 27 28 29 30 31 0

78
1 2 3 4 5 6 7 8 9 10 12 14 15 16 17 18 19 20 22 23 24 25 26 27 28 30 32 33 35 36 37 39 40 41 42 43 45 46 47 48 49 50 51 52 53 54 55 56 58 60 61 62 64 65 66 67 69 71 72 73 74 75 76 77 79 80 81 82 83 84 85 86 88 89 91 92 94 96 97 99 100 101 102 103 104 106 108 109 110 111 112 113 114 115 116 117 118 119 120 121 122 123 124 125 126 127 128 129 130 131 132 133 134 135 136 137 138 141 142 143 144 145 146 147 148 149 150 151 152 153 154 159 160 161 162 163 164 165 166 167 168 171 172 173 175 176 177 178 180 181 182 183 184 187 192 193 194 195 196 197 198 199 200 203 204 206 208 209 210 211 212 215 217 219 221 222 224 225 226 228 230 233 236 237 238 240 241 242 244 247 248 252 253 256 257 258 259 260 261 262 264 265 266 268 270 271 272 273 274 275 276 277 279 280 281 283 284 285 287 288 289 290 291 292 293 294 295 296 297 298 299 300 301 302 304 305 307 308 309 310 311 312 313 314 315 317 318 319 320 321 322 323 325 326 327 328 329 330 331 332 333 334 335 336 337 338 339 341 343 344 345 346 347 348 350 351 352 353 354 355 356 357 358 360 361 362 363 364 365 366 368 369 370 371 372 373 374 375 376 377 378 379 380 381 382 383 384 385 386 387 388 389 390 391 392 393 394 395 396 397 398 399 400 401 402 403 404 405 406 407 408 409 410 412 414 415 416 417 418 419 420 421 422 423 424 425 426 427 428 430 431 432 433 434 435 436 437 438 439 440 441 442 443 444 446 447 448 449 450 451 452 453 454 455 456 457 458 459 460 461 463 464 465 466 467 469 470 472 473 474 476 477 479 480 481 482 483 484 485 486 488 489 490 492 493 495 496 497 498 500 501 503 504 505 506 507 509 510 511 512 515 516 517 518 519 520 521 522 523 524 525 526 527 528 529 531 533 534 535 536 537 538 539 541 542 543 544 545 546 547 548 550 551 552 554 555 556 557 558 559 560 561 562 563 564 565 566 567 568 569 570 571 572 573 575 577 578 579 581 582 584 585 587 588 589 590 591 592 593 594 595 596 597 599 600 601 602 603 604 605 606 607 608 613 615 619 621 624 625 627 628 631 637 638 640 641 642 649 650 651 652 653 654 655 656 657 658 660 662 664 665 666 667 668 669 670 671 672 673 674 675 676 678 679 680 681 682 683 685 686 687 688 689 691 692 693 694 695 696 697 698 699 701 702 703 704 705 706 707 708 709 710 711 712 713 714 715 716 717 718 719 720 722 723 724 725 726 727 728 730 731 732 733 734 735 736 737 738 739 740 741 742 743 744 745 746 747 748 749 750 751 752 753 755 757 758 759 760 761 762 766 767 768 769 770 771 772 773 774 775 776 777 778 779 780 781 782 783 784 785 786 787 789 791 795 796 797 799 800 802 803 804 806 808 810 811 812 813 814 816 817 818 819 820 821 822 823 824 825 826 827 828 829 831 832 834 835 837 838 839 840 841 842 843 845 846 848 849 851 852 854 855 856 857 858 859 861 863 864 865 866 867 868 869 870 871 872 873 874 875 876 877 878 882 883 884 885 886 887 888 889 890 891 892 893 894 895 897 898 899 900 901 902 903 904 905 906 907 908 909 910 911 912 913 914 915 916 917 918 919 920 921 922 923 924 925 926 927 928 929 931 932 933 934 935 936 937 938 940 941 942 943 945 946 947 948 949 950 951 952 953 954 955 956 957 958 959 961 962 963 964 965 966 967 968 969 970 971 972 973 974 975 977 978 979 980 981 982 983 984 985 986 987 988 989 990 991 992 993 996 997 998 999 1000 1001 1002 1004 1005 1006 1007 1008 1009 1010 1011 1014 1017 1018 1019 1020 1021 1023 1024 0
1 3 5 6 7 8 10 11 16 17 19 21 22 24 25 26 28 29 0

79
1 2 3 4 5 6 7 8 9 10 11 12 13 15 16 17 19 20 21 22 23 24 25 26 27 28 29 30 32 33 34 35 36 37 38 39 40 41 42 43 44 45 46 47 48 49 50 53 54 55 56 57 58 59 61 62 63 64 65 67 68 69 70 71 73 74 75 76 77 78 79 80 81 83 86 87 88 89 90 91 93 94 96 97 99 100 101 102 103 104 105 106 107 108 109 110 111 112 113 114 115 116 117 119 120 121 123 125 126 127 128 129 130 131 132 133 134 135 136 137 138 139 140 141 142 143 144 145 146 148 149 150 151 152 153 154 155 157 158 159 160 161 162 163 164 165 166 167 168 169 170 172 173 174 175 176 177 179 180 181 182 183 184 185 187 188 189 190 192 193 196 199 201 202 205 206 208 209 212 213 214 215 216 217 218 219 220 223 224 226 227 231 232 233 234 235 236 238 239 240 241 242 243 244 246 247 248 249 250 252 254 255 256 257 259 261 262 264 265 266 267 268 270 271 272 275 276 277 278 280 281 282 283 284 285 288 290 292 293 294 295 296 297 298 299 300 301 302 304 306 307 308 309 310 311 313 314 315 316 317 318 320 322 323 324 325 326 327 328 329 330 331 332 333 334 335 336 337 338 339 340 341 342 343 344 345 346 348 350 351 352 353 355 356 357 358 359 360 361 362 363 364 365 366 368 369 370 371 372 373 374 375 376 377 379 381 382 383 384 385 386 387 388 389 390 391 392 393 394 395 397 398 399 400 401 402 404 405 406 407 408 409 410 411 413 414 415 416 418 419 420 421 422 423 424 425 426 427 429 430 432 434 435 436 437 438 439 440 441 442 444 445 446 448 450 451 452 453 454 455 456 457 458 460 461 462 464 465 466 467 468 469 470 471 473 474 475 476 478 479 480 481 483 484 485 486 487 488 489 490 491 493 494 495 496 497 498 499 500 502 503 505 506 507 509 510 511 512 513 514 515 516 517 518 519 520 521 522 523 524 525 526 527 528 529 530 531 532 533 534 535 536 537 538 539 540 542 543 544 545 546 548 549 550 551 552 553 554 555 556 557 558 559 560 563 564 565 567 568 569 570 576 577 578 579 580 581 582 583 585 586 587 589 590 591 592 593 594 595 596 597 598 599 600 601 603 604 606 607 608 609 610 611 612 614 615 616 617 618 619 620 621 622 625 626 630 631 632 633 635 637 639 640 642 643 644 645 646 647 649 650 654 655 657 658 660 661 662 665 668 670 672 675 677 678 679 682 684 685 686 688 689 690 691 692 693 694 701 704 705 707 708 709 712 713 715 717 720 721 722 723 724 725 726 727 730 733 734 736 737 738 739 740 741 742 745 746 752 753 754 755 759 760 761 762 763 766 767 768 769 770 771 772 773 774 775 776 777 778 779 780 781 782 783 784 785 787 788 789 790 791 792 793 794 795 796 797 798 799 800 802 803 804 806 807 808 809 811 812 813 814 815 817 818 819 820 821 822 823 824 825 828 830 832 833 834 835 836 837 838 839 840 841 843 845 846 847 848 849 850 851 852 853 854 855 856 857 858 860 861 862 863 864 866 867 868 869 870 871 873 874 875 876 877 878 879 880 881 882 883 884 885 887 888 889 890 891 892 893 894 895 896 897 898 899 900 901 902 903 904 905 906 907 908 909 910 911 912 914 915 916 917 918 920 921 922 923 924 925 926 927 928 930 931 932 933 934 935 936 937 938 939 940 941 942 943 944 946 947 948 949 950 952 953 954 955 956 957 958 959 960 961 962 963 964 965 966 967 968 969 970 971 972 973 974 975 976 977 978 979 981 984 986 987 988 989 990 991 993 994 996 997 998 999 1001 1002 1003 1005 1006 1007 1010 1011 1012 1013 1014 1015 1016 1017 1018 1019 1020 1021 1022 1023 1024 0
1 3 4 5 8 9 10 11 12 13 14 15 17 19 20 22 23 24 25 28 31 0

80
1 4 5 6 9 13 14 15 16 17 18 19 20 21 22 23 24 25 27 28 29 30 31 32 33 34 35 36 37 38 39 41 42 44 45 47 48 49 50 51 53 54 56 58 59 60 61 62 64 65 66 67 68 69 70 71 72 73 74 75 76 77 80 81 82 83 85 86 87 88 90 91 92 93 94 95 96 97 98 99 101 102 103 104 105 106 107 108 112 114 117 118 119 120 121 122 123 124 125 126 127 128 129 130 131 132 133 134 135 136 137 138 139 140 141 144 145 146 147 149 150 151 152 153 154 155 156 157 158 159 160 161 162 163 165 166 167 168 169 170 171 172 173 174 176 177 178 179 180 183 184 185 186 187 188 189 190 191 192 193 194 195 197 198 199 200 201 203 205 206 207 208 209 210 211 212 213 214 215 216 217 219 221 222 223 224 225 226 227 228 229 231 232 233 234 235 236 237 238 239 240 241 242 243 244 245 246 247 248 249 250 251 252 253 254 255 256 257 259 261 262 263 264 266 270 271 272 273 274 275 277 278 279 281 282 283 284 285 286 287 288 289 290 291 292 293 294 295 296 297 298 299 300 301 302 303 304 305 306 309 310 311 312 313 314 315 316 317 318 319 320 321 325 326 327 328 329 330 331 332 334 335 336 337 338 339 340 341 342 344 345 346 350 351 352 353 354 355 356 357 358 359 361 362 363 364 367 368 369 370 371 372 373 374 375 376 377 378 379 380 381 383 384 385 386 388 389 391 392 393 394 395 396 397 399 400 401 402 403 404 405 406 407 408 409 410 411 412 414 415 416 417 418 419 421 424 425 427 428 430 431 432 433 434 435 436 438 439 441 443 444 447 448 450 453 454 455 456 457 458 459 462 463 464 465 466 468 469 470 471 473 474 475 477 479 480 484 485 487 490 491 492 493 495 496 497 498 499 500 501 502 503 504 505 506 507 508 509 510 511 512 513 514 515 516 517 518 519 520 521 522 523 524 525 526 527 528 529 530 532 533 534 536 539 540 541 542 543 544 545 546 547 548 549 550 551 552 554 555 556 557 558 559 560 561 562 564 565 567 571 572 573 574 575 576 577 578 579 581 583 584 585 587 588 589 590 591 592 593 597 599 600 604 606 607 608 609 610 611 618 620 621 622 623 624 625 627 633 634 638 639 640 642 643 644 647 648 649 650 653 654 655 656 657 658 659 660 661 662 663 664 667 668 669 670 671 673 674 675 676 677 679 683 684 685 686 687 688 689 690 691 692 693 694 695 696 699 700 701 702 703 704 705 706 707 708 709 710 712 717 718 719 720 721 722 723 724 725 726 727 728 729 732 733 735 736 737 739 740 741 742 743 744 745 746 747 748 749 750 751 752 753 754 755 756 757 758 759 760 761 762 763 764 765 766 767 768 769 770 771 772 773 774 775 776 777 778 779 780 781 782 783 784 785 786 787 788 789 790 791 792 793 794 795 796 797 798 799 800 801 802 803 804 805 806 807 808 809 810 811 812 813 814 816 817 818 819 820 821 822 823 824 825 826 827 828 829 830 831 833 834 835 836 837 838 839 840 841 842 843 844 846 847 849 850 851 852 853 854 855 856 857 858 859 860 861 862 863 865 866 867 868 869 870 871 872 874 875 876 877 878 879 880 881 882 883 884 885 886 887 888 889 890 891 892 893 895 896 897 898 899 900 901 902 903 904 905 906 908 909 910 911 912 913 914 916 917 918 919 920 921 922 923 924 925 926 927 928 929 930 931 932 934 935 936 937 939 940 941 942 943 944 945 946 948 949 950 951 952 954 955 956 957 958 959 960 961 962 963 964 965 966 967 968 969 971 973 974 975 976 977 978 979 980 981 982 983 984 985 986 987 988 989 990 991 992 993 995 996 997 999 1000 1002 1003 1004 1005 1006 1007 1008 1009 1010 1011 1012 1013 1014 1015 1016 1017 1018 1019 1020 1021 1022 1023 1024 0
1 4 5 6 7 8 9 10 12 14 19 20 23 25 26 27 28 29 30 32 0

81
1 3 5 6 7 8 9 13 14 16 17 18 19 20 23 24 25 26 27 30 31 32 33 34 35 36 37 39 40 42 43 45 47 48 49 50 51 52 55 56 59 60 62 63 64 65 67 68 69 70 71 72 74 77 78 80 81 82 84 87 88 89 90 91 95 96 97 98 99 101 102 103 104 106 107 111 112 113 114 115 116 118 119 121 122 123 124 125 126 127 128 129 130 131 132 133 134 138 140 142 144 146 147 150 157 158 160 161 162 163 164 168 170 171 172 174 175 176 177 178 179 180 182 183 185 186 187 189 190 191 192 193 195 196 197 198 199 201 202 204 205 207 208 209 210 211 212 214 216 218 220 222 223 224 225 226 227 228 229 232 233 234 236 237 239 240 241 243 244 245 246 247 250 252 253 257 259 260 262 263 265 266 267 269 270 271 272 273 274 275 278 279 280 281 285 288 289 292 293 294 295 296 298 300 301 302 304 305 307 308 309 310 311 312 314 316 318 320 321 322 323 324 325 326 327 328 329 330 331 336 337 338 339 340 341 343 344 345 346 347 348 350 351 352 353 354 355 356 358 359 360 361 362 363 365 366 368 369 371 372 373 374 375 376 378 379 380 381 382 383 384 387 388 390 391 392 393 394 395 397 398 399 400 401 402 403 404 406 408 409 410 411 413 414 415 416 417 418 419 421 422 424 425 427 429 430 431 432 433 434 435 436 437 438 439 440 441 442 443 444 445 446 447 448 449 451 452 453 456 457 458 459 460 463 464 465 467 468 469 470 471 472 473 474 475 476 477 479 480 481 482 483 485 486 487 488 489 490 491 492 495 496 497 498 499 500 501 503 505 507 509 510 511 512 513 514 515 516 517 518 519 520 521 522 523 524 525 526 527 528 529 531 532 534 535 536 537 540 541 542 543 545 546 547 548 551 554 556 557 559 561 562 563 564 566 567 569 570 571 572 573 574 575 576 577 578 580 586 587 590 591 592 593 594 595 596 599 601 602 604 605 606 608 609 610 611 612 613 614 615 616 617 620 621 622 623 625 626 629 631 632 633 634 636 637 639 641 646 648 650 651 652 654 655 656 657 659 660 663 664 666 667 669 670 672 673 674 675 681 682 683 685 686 688 689 690 691 692 693 698 699 700 701 702 703 704 705 706 707 715 718 719 720 721 722 723 724 728 729 730 731 732 733 734 735 736 737 738 739 742 748 749 750 751 752 753 754 755 756 757 758 762 763 764 765 766 767 768 769 770 771 772 773 774 775 776 777 778 779 780 781 782 783 784 785 786 788 789 791 793 794 795 796 797 798 800 802 803 804 805 806 807 810 811 813 815 817 818 819 820 821 822 823 824 825 827 829 830 832 834 835 836 837 839 840 841 844 846 847 848 849 850 851 852 853 854 855 856 857 858 859 860 861 862 863 865 866 867 868 869 870 871 872 873 874 877 878 879 880 881 882 883 884 886 887 888 890 891 892 893 894 895 896 897 898 900 901 902 903 905 906 907 908 909 910 911 912 913 914 915 918 920 921 922 923 924 925 926 927 928 929 930 932 935 937 938 939 940 941 942 943 944 945 946 947 948 949 950 951 952 953 954 955 957 958 959 960 961 962 963 964 968 969 971 972 973 974 975 976 977 978 980 981 982 983 986 987 988 989 990 991 993 994 995 996 997 998 999 1000 1001 1002 1003 1004 1005 1006 1007 1009 1010 1013 1014 1015 1016 1017 1018 1019 1020 1021 1022 1023 1024 0
1 2 3 5 6 7 9 10 11 14 15 16 21 22 25 26 27 29 30 31 32 0

82
1 2 3 5 6 7 8 9 10 11 12 13 15 16 17 18 19 20 21 22 23 24 25 26 27 28 29 30 32 33 34 35 36 37 38 39 40 42 43 44 45 46 47 48 49 50 51 52 53 54 55 56 57 58 61 62 64 65 66 68 69 70 71 73 74 76 78 79 80 81 82 83 84 85 88 89 90 91 93 95 96 97 98 99 100 103 105 106 107 108 110 111 112 113 114 115 117 119 121 122 125 126 127 128 129 131 132 133 134 135 137 138 139 140 141 142 143 144 145 146 149 150 153 154 155 156 157 158 159 160 161 162 163 164 165 166 167 168 169 171 172 173 174 175 176 177 178 179 180 181 182 183 184 186 187 188 189 190 191 192 194 195 196 197 198 199 200 201 202 203 204 205 206 207 208 210 211 212 213 214 215 216 217 218 219 220 221 222 224 225 226 227 228 229 230 231 233 234 235 236 237 238 239 240 241 242 243 245 246 247 248 249 250 251 252 253 254 256 257 259 261 262 263 264 265 266 267 269 271 272 273 274 275 277 280 281 282 283 284 285 286 288 289 291 292 294 295 296 298 299 300 301 302 303 304 306 307 308 310 311 312 313 314 315 316 317 318 319 320 321 323 324 326 327 328 329 330 331 332 333 334 335 336 337 338 339 340 341 343 344 345 346 347 348 349 350 351 352 353 354 355 356 357 358 360 362 364 365 366 367 368 369 370 371 372 375 376 377 378 379 380 381 382 383 384 385 386 387 388 389 390 391 392 394 395 396 397 398 399 400 402 403 404 405 406 407 408 409 410 411 413 414 415 416 418 419 420 422 423 425 426 427 428 429 431 432 433 434 435 437 438 440 441 442 443 444 445 447 448 449 450 451 452 453 454 455 456 457 458 459 460 461 462 464 465 466 467 468 470 471 473 474 475 476 478 480 481 482 483 484 485 486 487 488 489 490 491 492 493 496 497 498 499 500 501 502 503 504 505 508 510 512 514 516 517 518 519 521 522 524 525 526 527 528 529 530 531 532 534 536 539 540 541 542 544 545 546 547 548 549 550 551 552 553 555 559 561 563 565 566 567 568 569 571 572 575 576 577 581 582 583 584 585 586 587 590 591 593 598 599 600 601 602 604 608 610 611 612 613 614 615 616 618 620 621 623 624 626 629 630 631 632 633 634 635 636 637 638 640 642 644 645 646 648 649 650 651 652 653 654 655 658 659 661 662 663 664 665 666 670 671 673 674 675 676 677 679 680 683 685 686 690 692 693 694 696 697 699 700 704 706 707 708 709 712 713 715 716 723 725 726 728 729 730 731 732 734 735 739 741 742 743 744 745 746 747 748 749 751 753 754 756 760 761 762 766 767 768 769 770 771 772 773 774 775 776 777 778 779 780 781 782 783 784 785 786 787 788 789 790 791 792 793 794 795 796 797 798 799 801 803 804 808 809 810 812 813 814 815 816 817 818 820 821 822 824 825 826 827 828 829 830 831 832 833 834 835 836 837 838 839 840 842 843 844 845 846 847 848 849 850 851 852 853 854 855 856 857 858 860 862 863 864 865 866 867 868 869 870 871 872 873 874 875 876 877 878 879 880 881 882 883 884 885 886 887 888 889 891 892 893 894 895 896 897 899 901 902 903 904 906 907 908 909 910 911 912 914 915 916 917 918 920 921 922 925 926 927 928 929 930 931 932 933 934 935 936 939 941 942 943 944 945 946 947 948 949 950 953 954 955 956 957 958 959 960 961 962 963 964 966 967 968 969 970 971 972 974 977 978 979 980 981 982 983 984 986 987 988 990 991 992 993 994 996 997 998 999 1000 1001 1002 1003 1004 1005 1007 1009 1011 1012 1013 1014 1015 1016 1017 1018 1020 1021 1022 1023 1024 0
1 3 4 5 6 7 8 10 12 13 14 15 16 17 19 20 22 23 25 27 28 30 0

83
1 2 3 4 5 7 8 9 10 11 12 13 14 16 17 18 20 21 22 23 25 26 27 29 31 32 33 34 35 36 38 39 41 42 43 45 47 48 49 50 51 52 55 56 57 58 59 60 61 62 64 65 66 67 69 71 72 73 74 77 78 79 80 81 83 84 85 87 89 90 91 92 93 94 95 96 97 98 100 102 104 105 107 109 110 111 112 113 114 115 116 117 118 119 120 121 122 123 126 128 129 131 132 133 134 135 136 138 139 140 141 142 143 144 145 146 147 148 149 150 151 152 153 154 155 156 158 160 161 162 163 164 165 166 167 168 169 170 171 172 173 174 175 177 178 179 180 181 182 183 184 185 186 187 188 189 190 191 192 193 194 195 196 197 199 200 201 202 206 207 208 209 210 212 213 214 215 216 218 219 220 221 222 223 225 226 229 231 232 233 234 235 237 239 240 241 242 243 244 245 246 247 248 249 251 254 257 258 259 260 261 263 264 265 266 268 269 270 272 273 274 275 276 277 278 279 280 281 282 283 284 286 287 288 289 290 291 292 293 294 295 296 297 298 300 302 303 304 305 307 308 309 310 312 313 314 316 318 319 320 321 322 323 324 325 326 327 328 329 331 332 333 334 336 337 339 340 341 342 343 344 345 346 347 349 350 352 353 355 356 357 359 360 361 362 363 365 366 367 368 369 370 371 372 373 375 377 378 379 380 381 382 384 385 387 388 390 391 392 393 395 396 398 399 400 401 402 403 404 405 406 407 410 411 412 413 414 416 417 418 419 422 423 424 425 427 430 431 432 433 434 435 436 437 438 439 440 441 442 445 446 447 448 449 450 451 452 453 454 455 456 457 458 459 461 462 463 464 465 466 468 469 471 472 473 474 475 476 477 478 480 481 483 484 485 486 487 488 489 491 492 493 494 496 498 499 500 501 502 504 505 506 508 509 510 512 517 519 523 526 529 530 531 532 534 535 536 537 538 539 540 541 542 543 544 545 546 547 548 549 550 553 555 556 557 558 559 560 562 563 565 566 567 568 569 570 571 573 574 576 577 578 579 580 581 582 583 584 585 587 588 589 590 591 592 594 595 596 597 598 599 600 601 602 603 605 607 608 610 611 613 615 617 620 621 623 624 625 626 627 628 629 630 631 632 633 634 635 636 637 638 639 640 641 642 643 644 645 646 647 648 649 650 651 652 653 654 655 656 657 658 659 660 661 662 663 664 665 667 668 669 670 671 672 673 674 676 677 679 680 681 683 684 685 686 687 689 691 692 693 694 695 696 697 698 699 700 701 702 703 705 707 709 710 711 712 713 714 715 719 720 721 722 723 724 725 727 732 733 735 736 737 738 739 740 743 744 745 746 747 748 749 750 751 752 753 754 756 758 760 762 765 766 767 768 769 770 771 772 773 774 775 776 777 778 779 780 781 782 783 784 786 787 788 789 790 791 792 793 794 795 796 797 798 799 800 801 802 804 805 806 807 808 809 810 811 812 814 815 817 818 820 821 822 825 826 828 829 830 831 833 834 835 836 837 838 839 840 841 842 843 846 847 848 853 854 855 859 860 861 862 863 864 865 866 867 868 869 870 871 872 873 874 875 877 878 879 880 881 882 883 884 885 886 887 888 889 890 892 894 895 897 898 899 900 901 902 903 904 905 906 907 908 909 913 914 915 916 917 919 920 921 922 923 924 926 927 928 929 930 931 932 933 934 935 936 937 938 939 941 942 943 944 946 947 948 949 950 951 952 954 955 956 959 960 961 963 964 965 966 967 968 969 971 973 974 975 976 978 980 981 982 983 984 985 986 987 988 989 990 991 992 993 994 995 997 999 1000 1001 1002 1004 1006 1007 1009 1010 1012 1013 1014 1015 1017 1018 1019 1020 1021 1023 1024 0
4 5 6 7 8 10 12 13 16 18 19 23 24 25 26 27 28 29 30 31 0

84
1 2 3 4 6 7 8 9 10 11 12 13 14 16 17 18 19 20 21 24 25 26 27 28 30 31 32 33 34 35 36 37 39 41 43 44 45 46 48 49 50 51 52 53 54 55 56 57 58 59 61 62 64 65 66 67 68 69 71 72 73 74 75 77 78 79 80 81 82 83 84 85 86 87 88 89 91 92 93 94 95 96 97 98 100 101 102 103 105 108 109 110 111 112 113 115 116 117 118 120 121 123 124 125 126 127 128 129 130 133 138 139 141 142 143 145 146 150 151 153 154 155 157 158 159 160 161 162 164 166 167 168 169 170 171 172 173 174 175 177 180 181 182 183 185 186 189 190 192 193 194 198 199 200 201 202 203 204 206 207 208 209 210 211 212 216 219 220 221 222 223 224 225 226 228 229 231 232 234 235 236 237 238 239 240 241 242 243 245 246 247 253 254 255 256 257 258 259 260 261 263 264 265 266 267 271 272 273 277 279 280 281 282 283 284 286 287 288 289 290 291 292 293 294 295 296 297 298 299 300 302 303 304 305 306 307 309 310 311 312 313 314 316 317 318 319 320 321 322 323 324 325 326 327 328 331 332 333 334 335 336 337 338 339 340 341 342 343 344 346 347 348 349 350 351 352 353 354 355 356 357 359 360 361 362 364 365 366 368 369 371 372 373 375 376 377 378 381 382 384 385 388 389 390 392 394 396 397 398 399 400 401 402 405 406 410 411 415 416 417 418 420 421 422 424 426 427 428 429 430 431 432 433 434 436 437 438 439 440 442 443 444 445 446 448 449 450 452 453 454 455 458 459 460 461 462 464 465 466 468 470 471 472 476 478 479 480 481 482 484 486 487 490 491 492 494 495 496 497 498 500 502 503 505 507 508 509 510 511 512 513 514 515 516 517 518 519 520 521 522 523 524 525 526 527 528 529 530 531 532 534 535 536 539 540 542 543 544 545 546 547 549 550 551 552 554 555 558 559 560 561 562 563 564 565 566 567 568 569 570 572 574 575 576 577 578 579 580 581 582 583 584 585 586 590 591 592 593 594 598 599 600 601 602 605 606 607 608 609 610 611 614 615 616 617 619 620 622 624 625 626 627 628 629 630 631 632 633 634 637 638 640 641 642 643 644 645 646 647 648 649 650 651 652 653 654 655 656 657 658 659 660 661 662 663 665 666 667 668 669 670 671 673 674 675 676 677 678 679 680 681 682 683 684 685 686 687 688 689 690 691 692 693 694 695 696 697 698 699 700 701 702 703 704 705 706 707 709 710 711 712 713 714 716 717 718 719 720 721 722 723 724 725 726 727 728 729 731 732 733 734 735 736 737 738 739 741 742 743 744 745 746 747 748 749 750 751 752 753 754 755 756 757 758 760 761 763 764 765 766 767 768 769 770 771 772 773 774 775 776 777 778 779 780 781 782 783 784 785 786 787 788 789 790 791 792 793 794 795 796 798 799 800 801 802 803 804 805 806 807 808 809 810 811 812 813 814 815 817 818 819 820 821 822 823 826 827 828 829 830 831 832 833 834 835 836 837 839 841 842 843 844 845 846 847 848 849 850 851 852 853 854 855 856 857 858 859 860 861 862 863 864 865 866 867 868 869 870 871 872 875 877 878 879 880 881 882 883 884 885 886 887 888 889 890 891 892 893 894 895 896 897 899 902 903 904 910 911 912 913 915 916 917 918 919 920 921 922 923 924 925 926 927 928 929 931 932 933 934 935 936 937 938 939 940 941 943 944 945 947 948 949 950 951 952 953 954 955 956 957 958 959 960 961 963 965 967 968 969 970 971 972 973 975 976 977 978 979 980 981 982 983 984 985 986 987 988 989 990 993 994 995 997 998 999 1000 1001 1002 1004 1005 1006 1009 1010 1012 1013 1014 1015 1016 1017 1018 1019 1020 1021 1022 1023 1024 0
1 2 3 4 7 9 10 11 17 18 19 22 25 26 27 29 30 32 0

85
1 2 3 4 5 7 8 9 10 11 12 13 14 16 17 18 19 20 22 23 24 25 26 28 29 32 33 34 36 37 38 39 41 42 43 44 45 46 47 48 49 50 51 52 53 54 55 56 57 58 59 61 62 63 64 65 66 67 68 69 70 72 75 76 77 78 79 81 82 83 84 85 86 87 90 91 92 93 94 95 97 98 99 100 101 102 103 104 105 106 107 108 110 111 112 113 114 115 116 117 118 119 121 122 123 124 125 126 128 131 132 133 134 135 136 138 139 140 141 142 143 144 145 146 147 148 150 152 153 155 156 158 159 160 161 162 163 164 166 167 168 169 170 171 172 173 174 175 176 177 178 179 180 181 182 183 184 185 186 187 189 190 191 192 193 195 196 197 198 199 200 201 202 203 204 206 207 209 210 211 212 213 214 215 216 218 219 220 221 222 223 224 225 226 227 228 229 230 231 232 233 234 235 236 237 238 239 240 241 243 244 245 247 248 249 250 251 252 253 255 256 257 259 260 261 264 266 268 269 270 272 274 275 276 277 278 279 280 282 283 284 285 287 288 289 290 291 292 293 294 295 296 297 298 300 301 302 303 304 305 306 307 308 309 310 311 312 313 314 316 317 318 319 320 321 322 323 324 325 326 327 328 329 330 331 332 333 334 335 336 337 338 339 340 341 342 343 344 346 347 348 349 351 352 353 354 356 358 359 360 361 362 364 365 366 367 368 369 370 373 374 375 376 377 378 379 380 382 383 384 386 387 388 391 392 393 394 395 396 397 399 400 402 403 404 405 406 407 408 409 410 411 412 413 414 415 416 417 419 420 421 422 423 424 425 426 427 428 429 431 432 433 434 435 437 438 439 440 441 442 443 444 445 446 447 448 449 450 451 452 453 454 455 456 457 459 460 461 462 463 464 466 467 468 469 470 471 472 473 474 475 476 477 479 480 481 482 483 484 485 486 487 488 490 492 495 496 497 498 499 500 501 502 503 505 507 509 510 511 512 516 517 518 519 521 523 524 525 526 527 529 530 532 534 538 539 540 542 543 546 547 548 549 551 552 555 556 558 559 560 561 562 563 564 566 567 568 569 570 571 574 575 576 577 578 579 582 583 584 585 586 591 592 593 595 596 597 598 599 600 601 604 606 608 610 611 612 613 614 615 616 617 618 620 621 623 625 626 627 628 629 630 631 632 633 634 635 636 637 641 642 645 646 647 649 650 651 652 653 654 655 656 657 659 660 661 662 663 664 665 666 667 668 669 670 673 674 676 677 678 680 681 682 683 684 686 687 688 689 692 694 695 696 697 698 699 700 701 702 703 704 705 706 708 709 710 712 713 714 715 716 718 719 720 721 722 726 727 729 730 731 732 733 734 735 737 739 740 741 742 743 744 745 746 747 748 749 750 751 753 754 755 756 757 758 759 760 761 762 763 764 767 768 769 770 771 772 773 774 775 776 777 778 779 780 781 782 783 784 785 786 787 789 790 791 792 793 794 795 796 803 804 805 806 807 808 809 810 811 812 813 815 817 820 822 823 824 825 826 827 828 830 831 832 833 834 835 836 837 838 839 840 841 842 843 844 845 846 847 849 851 852 853 854 855 856 857 858 859 860 861 862 863 865 866 868 869 870 871 872 873 874 875 876 877 880 881 882 883 884 885 886 887 889 890 892 893 894 895 896 897 898 899 900 901 902 903 904 905 906 908 909 910 911 912 913 915 916 917 918 919 920 921 922 923 924 926 927 928 929 930 931 932 933 934 935 936 937 938 939 940 942 943 945 946 947 950 951 953 955 956 957 958 960 961 962 963 964 965 966 968 969 973 975 976 977 978 979 980 981 982 983 985 986 987 988 989 990 991 992 993 994 995 996 997 998 999 1000 1001 1002 1003 1004 1005 1006 1007 1008 1009 1012 1014 1016 1017 1018 1019 1020 1021 1024 0
1 2 3 4 6 8 10 11 12 13 14 15 16 18 20 22 23 25 27 29 30 0

86
2 5 7 8 10 13 14 16 17 19 21 22 24 25 28 29 32 33 34 36 37 38 42 43 45 46 47 49 50 51 52 53 54 55 56 57 58 59 60 62 64 65 66 67 68 69 70 71 73 74 75 76 77 79 81 82 83 84 85 86 87 88 89 90 91 93 94 96 97 98 99 100 101 102 103 104 105 106 107 108 110 112 113 114 115 116 118 119 120 121 122 123 124 125 127 129 130 131 132 133 134 135 136 137 139 140 141 144 145 146 147 148 150 151 152 153 154 155 156 157 159 160 161 162 163 164 165 166 167 168 169 170 171 172 174 175 176 177 178 179 180 181 182 183 184 185 186 187 188 189 190 191 193 194 195 196 197 198 199 200 201 202 203 204 205 206 207 209 210 211 212 213 214 215 216 220 221 222 223 224 225 226 228 229 230 231 233 234 235 238 239 240 242 244 245 246 247 248 249 250 251 253 255 256 258 260 261 262 263 264 265 267 268 269 270 272 273 274 277 278 279 280 284 285 287 289 290 291 292 293 294 296 297 300 301 302 303 305 306 307 308 309 310 311 312 313 314 316 317 319 321 322 323 324 326 327 328 329 330 331 332 334 335 337 338 339 340 341 343 344 345 346 347 348 349 351 353 354 355 356 357 358 359 360 361 362 363 364 366 367 369 370 371 372 373 374 375 376 377 378 379 380 382 383 385 386 387 388 389 391 392 393 394 395 396 397 398 399 400 401 402 403 405 406 407 408 409 410 411 412 413 414 415 416 417 418 419 421 422 423 424 425 426 427 428 429 430 431 432 433 434 435 437 438 440 441 442 444 445 446 447 448 449 450 451 454 455 459 460 461 462 463 464 465 466 467 470 472 473 474 475 476 478 479 480 481 482 484 486 488 489 490 491 492 493 494 495 496 497 498 499 500 501 502 503 504 505 506 509 510 512 513 515 516 517 519 520 521 523 527 529 530 531 532 533 535 536 538 539 542 543 544 546 547 548 549 550 551 552 553 554 555 556 557 559 560 562 564 565 566 568 570 571 574 575 576 580 583 584 585 586 587 591 594 595 597 598 599 600 602 603 604 605 606 607 608 610 611 612 614 615 618 619 620 621 622 623 624 627 629 630 631 633 635 637 638 639 640 643 644 645 647 648 650 651 652 653 654 655 658 659 661 663 665 667 668 670 671 672 673 675 676 677 678 679 682 684 686 687 692 693 694 695 698 699 700 702 704 705 706 708 709 710 711 712 714 715 716 717 719 720 723 726 727 729 735 736 737 738 740 741 742 743 744 745 746 747 749 750 751 752 753 754 755 756 757 758 759 761 762 763 764 765 766 768 769 770 772 774 775 777 778 786 787 791 793 796 799 800 803 804 805 806 807 808 809 810 811 813 814 815 818 819 821 822 823 824 825 826 827 830 832 836 837 838 839 841 842 843 844 845 846 847 850 853 854 855 857 859 860 861 863 864 868 869 870 871 872 873 874 875 879 880 882 883 886 887 888 889 890 891 892 894 896 899 900 901 902 903 904 905 906 907 908 909 911 912 913 914 916 917 919 920 921 922 923 925 926 927 928 930 931 932 934 935 936 937 938 939 940 941 942 943 944 945 947 948 950 951 952 953 956 957 958 959 960 961 962 963 964 965 966 967 968 969 970 972 973 974 975 976 977 978 979 980 981 982 984 986 990 991 992 993 994 995 996 997 1000 1005 1008 1009 1010 1011 1012 1013 1014 1015 1016 1017 1018 1019 1020 1021 1022 1023 0
2 4 5 6 7 9 10 15 16 20 21 22 23 25 26 30 31 32 0

87
2 3 4 5 6 7 8 10 11 12 13 14 15 16 17 19 20 22 23 25 29 32 33 34 35 40 43 47 48 49 52 53 54 55 57 58 59 60 61 62 63 65 66 67 68 70 72 74 75 76 77 78 79 80 81 82 83 85 86 88 89 90 91 92 93 94 95 96 97 99 102 103 105 106 107 109 110 111 112 113 114 115 118 120 121 122 123 124 126 128 129 130 131 133 135 139 140 141 142 143 144 145 148 151 152 153 154 155 156 157 158 160 161 164 165 166 167 168 169 170 171 173 174 176 177 179 181 182 183 184 188 190 192 193 195 196 197 199 200 201 202 208 209 210 213 214 216 217 219 221 222 224 225 226 227 228 230 231 232 233 234 235 236 238 240 241 242 243 244 245 249 250 251 253 254 255 257 258 259 260 261 263 264 265 266 267 269 270 271 272 273 274 276 277 278 279 280 281 282 283 284 285 286 287 288 289 290 292 293 294 295 296 297 298 299 300 301 302 303 304 305 306 307 308 309 311 312 314 316 317 318 319 320 321 322 323 324 325 326 327 328 329 330 331 332 333 334 335 336 337 338 339 340 341 342 344 345 346 347 348 349 350 351 352 353 354 355 356 357 358 360 362 363 364 365 367 368 369 370 371 372 373 374 375 376 378 379 380 381 382 383 384 385 386 387 388 389 390 391 392 393 395 396 397 399 400 401 402 404 405 406 407 408 409 410 411 412 413 415 416 417 418 420 422 423 424 425 427 428 429 431 432 433 434 436 438 439 440 441 442 443 444 445 447 448 449 450 452 454 455 456 457 458 459 460 461 463 464 465 466 468 469 470 472 473 474 475 476 477 479 480 481 482 483 485 486 487 489 491 492 493 495 496 497 498 500 512 517 518 519 520 521 522 523 526 528 531 532 533 534 535 536 538 540 541 543 544 545 547 551 552 553 554 556 557 558 563 564 565 566 568 569 572 573 574 575 576 578 579 580 581 582 583 584 585 586 587 589 591 594 597 598 599 600 601 602 603 604 605 606 608 609 610 611 612 614 616 618 619 620 621 622 623 624 626 627 628 629 630 631 632 633 634 635 636 637 638 639 640 641 642 643 645 646 647 649 651 653 654 655 656 657 658 659 661 663 665 666 667 670 671 672 673 674 675 677 678 679 680 682 683 685 686 687 688 689 690 691 693 694 695 696 697 698 699 700 701 702 703 704 705 706 707 709 710 711 712 713 714 715 717 718 719 720 721 722 723 724 725 726 727 728 729 730 731 732 733 734 736 738 739 740 741 742 743 744 745 746 747 748 749 750 751 752 753 754 755 756 757 758 759 760 764 765 766 767 768 769 770 771 772 773 774 775 776 777 778 779 780 781 782 783 784 785 786 787 788 789 790 791 792 793 794 795 797 798 800 801 802 804 805 806 807 811 812 814 815 818 819 820 821 823 824 825 826 827 828 829 830 831 832 833 836 837 838 839 840 841 842 843 844 845 846 847 848 850 851 852 853 854 855 856 857 858 859 860 861 862 863 864 865 866 867 868 871 872 873 874 875 876 877 878 879 880 882 883 884 885 886 887 888 890 891 892 893 894 895 896 897 898 899 900 902 903 904 905 906 907 908 909 911 912 914 915 917 919 920 921 922 923 924 926 928 929 930 932 934 935 936 938 939 941 943 944 945 946 947 948 949 950 951 952 953 954 957 958 959 960 961 962 964 965 966 967 968 969 970 971 972 973 974 975 977 978 979 980 982 983 984 985 988 989 991 993 998 999 1000 1001 1002 1003 1004 1005 1006 1007 1008 1009 1010 1011 1012 1013 1014 1015 1016 1017 1018 1019 1020 1021 1022 1023 1024 0
5 7 8 9 10 11 13 14 17 18 19 20 23 24 25 27 28 29 30 31 32 0

88
1 2 5 7 9 10 12 13 14 15 16 17 18 20 21 23 24 25 26 27 28 29 30 33 34 35 36 37 38 39 40 41 42 43 44 45 48 49 50 51 52 53 54 55 56 57 58 59 60 61 63 64 65 66 67 68 69 70 71 72 73 74 76 77 78 80 81 82 83 84 85 86 87 88 89 91 93 94 95 96 97 98 99 100 101 102 103 104 106 107 108 109 110 111 112 113 114 115 117 118 119 120 121 122 127 128 129 130 131 132 133 134 135 136 137 138 139 142 143 144 145 146 147 148 149 150 151 152 153 154 155 156 157 159 161 162 163 164 165 166 167 168 169 170 171 172 174 175 177 179 180 181 182 183 185 186 188 189 190 191 192 193 194 195 196 197 198 200 202 204 205 206 207 208 209 211 212 213 215 216 217 218 219 220 221 222 223 224 225 226 228 229 230 231 232 233 234 235 236 237 238 239 240 241 244 245 246 247 248 249 250 251 252 253 255 256 258 260 263 266 267 269 270 271 272 274 276 277 278 282 283 284 286 288 289 290 291 292 293 294 295 296 297 298 299 301 303 304 305 306 307 308 309 310 311 313 315 316 317 318 319 320 321 322 323 324 325 326 327 330 331 332 333 334 335 336 337 338 339 341 342 346 348 349 350 351 352 353 355 356 357 358 359 360 361 362 363 364 365 366 367 368 369 370 371 372 373 374 375 378 380 381 382 383 384 386 387 389 390 391 393 395 396 397 398 399 400 401 402 403 404 405 407 408 409 410 411 412 413 414 415 416 417 419 421 422 423 424 425 426 428 430 431 432 433 434 435 436 437 438 439 440 442 444 446 447 448 449 450 453 454 455 456 457 458 460 462 463 464 465 466 467 468 469 470 471 472 474 478 479 480 481 482 483 484 485 487 488 491 493 496 497 498 502 509 511 512 514 515 516 517 518 519 520 521 522 523 524 525 526 527 529 530 531 532 533 534 535 536 537 538 539 540 541 542 543 544 546 547 548 549 552 553 555 556 557 558 559 560 562 564 572 573 574 575 576 578 579 581 582 585 586 587 588 589 590 591 592 593 594 596 603 606 607 608 609 614 616 617 618 619 621 622 623 625 626 627 629 630 632 633 634 636 637 638 639 640 641 643 644 645 646 647 648 649 650 651 652 653 654 655 656 658 659 661 662 663 664 665 666 667 668 669 671 672 673 674 675 677 678 679 680 681 682 683 684 686 687 688 689 690 691 693 694 695 696 697 698 699 700 701 703 704 705 706 707 708 709 710 711 712 713 714 715 716 717 718 719 720 721 722 723 724 725 726 727 728 729 730 731 732 733 734 735 736 737 738 739 740 741 742 743 744 745 746 747 748 749 750 751 752 753 754 755 756 757 758 761 762 763 764 767 769 770 771 772 773 774 775 776 777 778 779 780 781 782 783 784 786 789 790 792 793 794 795 796 797 798 801 802 803 804 805 806 807 809 810 811 812 813 814 815 816 817 818 819 820 822 824 825 826 827 828 829 830 831 833 834 836 837 838 839 840 841 842 843 844 845 848 849 850 851 852 853 854 855 856 857 858 859 860 862 863 865 866 867 869 870 871 872 873 874 875 877 878 879 880 881 882 883 884 885 886 887 888 889 890 891 892 893 894 895 897 898 899 900 901 902 904 905 906 907 908 909 911 912 913 914 915 916 919 920 921 922 923 924 927 928 929 931 932 933 934 935 936 937 938 939 940 941 942 943 944 945 947 949 950 951 952 953 954 955 956 957 958 959 960 961 962 963 964 965 966 967 968 969 970 972 973 975 976 977 978 979 980 981 982 983 984 985 986 987 988 990 992 993 994 995 996 997 1000 1001 1004 1005 1006 1007 1008 1009 1010 1011 1012 1013 1014 1015 1016 1017 1018 1019 1020 1021 1022 1023 1024 0
1 2 6 9 10 14 15 18 21 23 24 25 26 27 31 32 0

89
1 2 3 4 5 6 7 8 9 10 11 12 13 14 15 16 17 18 19 20 21 22 23 25 27 29 30 31 33 34 35 36 37 38 39 40 41 42 43 44 45 46 47 48 49 50 51 53 54 55 56 57 58 59 60 61 62 63 65 66 67 68 69 71 72 73 74 77 78 79 80 81 83 85 86 87 89 90 91 92 93 94 95 96 97 98 99 100 101 102 103 104 105 107 109 110 111 112 113 114 115 116 118 119 120 121 124 125 126 127 128 129 130 131 133 134 135 136 137 138 139 140 142 143 144 145 146 147 148 149 150 151 152 155 156 157 158 159 160 161 164 165 166 168 171 172 173 174 176 177 179 180 181 182 183 184 185 186 187 188 189 192 193 195 196 199 200 203 204 206 207 208 209 211 212 214 215 216 218 219 220 221 222 224 225 226 227 228 229 230 231 232 233 235 236 237 239 240 241 243 244 245 247 250 252 253 255 256 257 259 260 261 262 263 264 265 268 269 270 272 274 275 277 278 279 280 281 282 283 285 286 287 288 289 290 291 292 294 295 297 299 300 301 303 304 306 307 308 309 310 311 312 313 314 315 316 317 318 319 320 321 322 323 325 327 328 329 330 331 332 333 334 335 336 337 338 339 340 341 343 344 345 346 347 348 349 351 352 353 354 355 356 357 358 360 361 362 363 364 365 367 368 369 370 372 374 376 379 380 382 383 384 386 388 389 390 391 392 394 395 396 398 399 400 401 402 403 405 406 407 408 410 411 412 415 416 417 418 419 420 421 422 423 424 425 426 427 428 429 431 432 433 435 436 437 438 439 440 442 443 444 445 446 447 448 449 450 451 452 453 454 455 456 457 458 459 460 461 462 463 464 465 466 467 468 469 470 471 472 474 475 476 477 478 479 480 481 482 484 485 486 487 488 489 490 491 492 493 494 495 496 499 500 501 502 503 504 505 506 509 510 511 512 514 516 517 518 519 520 521 522 523 525 526 527 529 531 532 534 535 537 538 539 540 541 542 543 544 545 546 547 548 549 550 553 554 557 558 559 561 562 563 564 565 566 567 568 569 570 571 573 574 575 576 577 578 579 580 581 582 583 584 585 586 587 589 590 592 594 595 596 597 598 599 600 601 602 603 604 605 606 607 608 609 611 612 613 614 615 616 617 618 619 620 621 622 624 625 626 627 628 630 631 632 633 634 635 636 637 641 642 647 648 649 652 653 654 655 657 658 659 661 662 663 665 666 668 669 670 671 672 673 674 676 679 683 684 685 686 687 688 692 693 695 698 699 700 701 702 703 706 707 708 710 711 712 713 715 719 720 722 723 726 727 731 732 733 734 735 736 740 741 742 743 744 745 746 747 748 753 756 757 758 759 767 768 769 770 771 772 773 774 775 776 777 778 779 780 781 782 783 784 785 786 787 788 789 790 791 792 793 794 795 796 797 798 799 800 801 803 804 806 808 809 810 811 812 813 814 815 816 817 818 819 821 823 824 825 826 827 828 832 833 834 835 836 839 840 842 844 845 846 847 849 850 851 852 853 854 855 858 859 860 862 864 865 866 867 868 869 870 871 873 874 875 876 878 879 880 881 882 883 884 885 886 887 889 890 891 892 893 894 895 896 897 898 899 901 903 904 905 906 907 909 911 912 914 915 916 917 918 919 920 921 922 923 925 926 927 928 929 930 931 932 933 934 935 936 937 938 939 940 941 942 943 944 945 946 947 948 950 951 953 954 956 957 958 959 960 961 962 963 964 965 966 968 969 970 971 972 974 975 976 977 978 979 980 982 983 984 985 987 988 989 990 991 992 993 994 995 996 997 998 999 1000 1001 1002 1003 1004 1006 1007 1008 1009 1010 1011 1012 1013 1014 1015 1017 1018 1019 1020 1021 1022 1023 1024 0
1 2 6 7 8 9 10 12 13 14 15 16 17 20 22 23 25 27 28 29 31 0

90
1 2 3 4 5 6 7 8 9 10 12 14 16 17 18 19 21 23 24 25 27 30 31 32 33 34 36 39 40 43 45 46 47 48 49 53 54 55 56 57 58 59 60 61 62 65 67 68 69 70 71 72 74 75 77 78 79 80 81 82 83 84 85 86 87 88 89 90 91 92 94 95 96 97 98 100 101 103 104 105 107 109 110 111 113 116 118 119 120 121 122 123 124 125 126 127 128 129 131 132 133 134 135 137 138 139 140 142 143 144 145 146 147 148 149 150 151 152 153 154 156 157 159 160 161 163 164 165 166 167 168 169 170 171 172 173 174 176 177 178 182 183 185 186 187 189 191 193 194 198 199 200 201 202 203 205 206 207 208 209 211 213 214 215 216 219 220 221 222 223 224 225 227 229 230 231 233 234 237 239 240 241 242 243 245 246 248 251 253 255 256 257 258 259 260 261 262 263 265 266 267 268 269 270 271 272 273 275 276 277 279 280 282 283 284 285 286 288 289 290 292 294 295 298 299 300 301 303 304 305 307 309 310 311 312 313 315 316 317 318 320 321 322 324 325 326 328 329 330 332 333 335 336 337 338 339 340 343 344 345 346 347 348 349 350 351 352 353 354 356 357 359 360 361 362 363 364 365 367 368 369 370 371 374 375 377 380 381 384 386 387 388 390 391 392 393 394 395 396 397 398 399 400 401 402 404 405 406 407 408 409 411 413 414 415 416 417 420 421 422 423 424 425 426 427 428 429 430 431 432 433 436 438 439 440 441 442 443 444 445 446 448 449 450 451 452 454 455 456 457 458 459 460 461 462 463 464 465 467 471 472 473 475 477 478 479 480 481 482 484 485 486 487 488 490 492 494 495 496 497 498 499 500 501 502 503 505 506 509 511 512 513 514 515 517 518 519 521 522 523 525 526 528 529 530 531 532 533 534 535 536 537 538 539 540 541 542 543 544 545 546 547 548 549 555 556 557 558 559 560 561 562 563 564 565 566 567 568 569 570 571 572 573 574 575 576 577 578 579 580 581 583 584 585 588 589 590 591 592 593 594 596 597 598 599 600 601 602 603 604 608 609 610 611 612 613 614 615 616 617 618 619 620 621 622 623 624 625 626 627 628 629 630 631 633 634 635 636 637 638 639 640 641 643 644 646 647 648 649 651 652 654 656 658 659 660 662 663 664 665 666 667 668 671 672 675 676 677 678 680 681 682 683 684 685 686 689 691 692 693 694 695 696 697 698 699 700 701 702 703 705 706 707 710 712 713 714 715 716 717 718 719 720 721 722 729 730 731 732 733 734 735 736 737 738 741 742 743 744 746 748 749 750 751 752 753 754 758 759 762 765 766 767 768 769 770 771 772 773 774 775 776 777 778 779 780 781 782 783 784 785 786 787 788 789 791 792 793 794 795 796 798 799 800 801 802 803 804 805 806 807 808 809 810 811 812 813 814 815 816 817 818 819 820 821 822 823 824 825 826 827 828 829 830 831 832 833 834 835 836 837 838 839 840 841 842 843 844 845 846 847 848 849 850 851 852 853 854 855 856 857 858 859 860 861 862 863 864 865 866 867 868 869 870 871 872 873 874 875 876 877 878 879 880 881 882 883 884 885 886 887 888 889 890 891 892 893 894 895 896 897 898 899 901 902 903 904 906 907 908 909 910 911 912 913 914 915 916 917 918 919 922 925 926 928 929 930 932 934 935 936 937 938 939 940 942 943 945 946 947 948 949 950 951 952 953 954 955 957 958 961 962 963 965 966 967 968 970 971 972 973 974 975 976 978 979 980 981 982 983 984 985 986 987 988 989 990 992 993 994 995 996 997 998 999 1000 1001 1002 1003 1004 1005 1006 1007 1008 1010 1011 1012 1014 1015 1016 1017 1018 1019 1020 1021 1022 1023 1024 0
2 5 7 9 10 11 13 14 15 17 18 23 24 25 26 27 28 30 31 32 0

91
1 2 4 5 6 7 8 9 10 11 12 13 15 16 17 18 19 23 24 25 26 27 28 30 31 32 33 34 35 36 37 38 39 41 42 43 44 45 46 47 48 49 50 51 52 53 54 56 57 58 63 64 65 66 67 68 69 71 73 75 76 79 80 81 82 83 84 85 89 90 92 93 94 95 96 97 98 99 100 101 102 106 107 108 109 110 113 116 117 118 119 122 123 124 125 126 128 129 130 131 132 133 136 137 138 139 140 142 143 144 145 146 147 148 149 150 153 154 155 157 159 160 161 162 164 165 166 167 168 169 171 172 174 175 176 177 178 179 180 181 182 183 185 186 188 190 191 192 193 194 197 199 200 203 204 205 206 209 210 212 214 215 217 218 220 221 222 223 225 226 228 229 231 232 233 234 235 236 238 240 241 242 243 245 247 250 253 254 255 256 257 258 262 264 265 266 267 268 269 271 272 273 274 275 276 277 278 279 280 282 283 284 285 286 287 288 290 291 292 293 294 295 296 297 298 299 300 301 302 303 304 305 306 307 308 309 310 311 312 313 314 315 316 317 318 319 320 321 322 323 324 325 328 329 330 331 332 333 335 336 337 338 339 341 342 344 345 346 347 348 349 351 352 353 354 355 356 357 358 360 361 362 363 364 365 366 367 368 369 370 371 372 373 374 376 377 378 379 380 381 382 383 384 385 386 387 388 389 390 391 392 393 394 395 396 397 398 399 400 402 403 404 405 406 407 408 409 410 411 412 413 415 416 417 418 419 420 421 422 423 425 426 427 428 429 430 431 432 433 434 435 436 437 438 439 440 441 442 443 444 445 446 447 448 449 450 451 452 453 454 455 456 457 458 459 460 461 462 463 464 465 466 467 468 469 470 471 472 474 475 476 477 479 480 481 482 484 486 487 488 489 490 493 494 495 496 497 498 500 501 502 505 506 508 509 510 511 512 513 514 517 518 519 520 521 522 523 524 525 526 527 528 530 531 532 533 534 535 536 537 538 539 540 544 545 546 547 549 551 552 553 555 557 558 559 560 562 563 564 565 566 567 568 569 570 571 574 576 577 579 580 581 582 583 584 585 586 587 588 591 592 593 594 595 597 598 599 600 601 603 604 605 606 607 609 610 612 614 615 616 617 618 620 621 622 623 624 625 626 627 628 630 633 634 635 636 637 638 639 641 642 645 649 650 651 652 653 654 656 657 658 659 660 661 662 663 665 666 668 669 670 671 672 674 675 676 677 678 679 681 682 684 685 686 687 688 690 691 692 693 696 697 698 699 700 701 702 703 704 705 707 708 709 710 711 712 713 714 715 716 717 718 719 720 721 722 723 725 728 729 730 731 732 734 736 737 738 739 740 741 742 743 744 745 746 747 748 749 752 753 755 760 766 767 768 769 770 771 772 773 774 775 776 777 778 779 780 781 782 783 784 785 787 788 795 796 797 798 799 800 801 802 803 804 805 806 807 808 809 811 812 813 814 817 818 819 820 821 826 827 828 830 831 832 833 834 835 836 837 838 839 840 841 842 843 844 845 846 847 848 849 850 851 852 853 854 855 856 857 858 859 860 861 862 863 864 865 866 867 868 869 871 872 873 874 875 876 877 878 879 881 882 884 885 886 887 888 889 891 892 893 895 896 897 898 899 902 903 904 905 907 909 910 911 912 913 914 915 916 917 919 920 921 922 924 925 926 927 928 930 931 932 933 934 935 936 937 938 939 941 943 944 945 946 947 948 949 950 951 952 953 954 955 956 957 958 959 960 962 963 964 965 966 967 968 969 970 971 972 973 974 975 976 977 978 979 980 981 982 983 987 989 990 991 992 993 994 995 996 997 998 999 1000 1001 1004 1005 1006 1007 1008 1009 1010 1011 1012 1013 1014 1015 1016 1017 1018 1019 1021 1022 1023 1024 0
3 4 5 7 8 9 10 11 12 13 15 16 20 21 23 25 27 28 29 31 32 0

92
1 2 3 4 5 8 9 10 11 12 13 15 16 17 18 19 20 21 22 25 26 30 31 32 33 34 36 38 39 40 42 43 44 45 48 49 52 53 54 55 56 59 60 61 62 64 65 66 67 68 69 70 71 72 74 75 76 77 79 80 81 82 84 85 86 88 89 90 92 94 95 96 97 98 99 101 103 104 110 111 112 113 114 115 116 117 118 119 123 125 126 127 128 129 132 133 134 135 136 137 140 141 142 144 145 146 147 148 149 150 153 154 155 157 158 159 160 161 162 163 165 166 168 169 170 171 172 174 175 176 177 178 179 180 182 184 185 188 189 190 191 192 193 194 197 198 199 200 202 203 204 206 207 208 209 210 212 214 215 216 217 218 219 220 221 222 223 224 225 227 228 230 232 233 234 235 237 241 242 243 244 245 248 249 250 251 252 254 255 257 258 262 263 264 267 268 269 270 271 272 273 274 275 276 277 279 280 281 282 283 284 285 286 287 288 289 290 291 292 296 297 298 299 300 302 303 304 305 307 308 309 311 313 314 315 319 320 321 323 324 325 328 330 331 332 333 335 336 337 338 339 340 342 343 344 345 346 347 348 349 351 352 353 354 355 356 359 360 361 362 364 365 366 368 369 370 371 372 373 375 376 378 379 380 381 382 383 384 385 387 388 389 390 391 392 393 395 396 397 398 400 401 403 406 407 410 411 412 413 414 415 416 417 418 422 423 424 425 426 428 429 430 431 432 433 434 436 438 439 442 444 445 446 447 448 449 450 452 453 454 455 458 460 462 463 464 465 466 468 469 470 472 474 479 480 481 482 483 485 486 488 492 495 496 497 500 501 502 504 506 508 510 512 513 514 515 516 517 519 520 521 522 523 524 525 526 527 528 529 530 531 532 533 534 535 537 538 539 540 541 542 543 544 545 546 547 548 549 550 551 552 553 554 555 556 557 558 559 560 561 562 563 565 566 567 569 570 572 573 574 575 576 577 578 579 584 585 586 587 588 589 590 591 592 593 594 595 596 597 598 600 601 602 603 604 605 606 607 608 609 610 611 613 614 615 616 617 618 619 620 621 622 623 624 625 626 627 628 631 632 633 634 635 636 637 638 641 642 643 644 646 647 648 649 650 651 652 653 654 655 656 657 658 659 661 662 663 666 667 668 669 670 671 673 674 675 677 678 679 680 681 682 683 684 685 686 687 689 690 691 692 694 695 696 697 698 699 700 701 702 703 705 706 707 708 709 710 711 712 713 714 715 716 717 718 719 720 721 722 723 724 725 726 727 728 729 730 731 732 734 735 736 737 738 739 740 742 743 744 746 749 750 751 752 753 754 765 766 767 768 769 770 771 772 773 774 775 776 777 778 779 780 781 782 783 784 785 786 787 788 789 790 791 792 793 794 796 798 799 800 801 803 804 805 808 811 812 813 814 815 816 817 818 820 821 823 824 825 826 827 828 830 831 832 833 834 835 837 840 841 842 846 847 848 849 850 851 852 853 854 855 856 857 858 859 860 861 862 863 864 865 872 873 874 875 876 877 878 879 880 881 882 883 884 885 886 887 888 889 890 891 892 893 894 895 896 897 901 907 908 909 910 911 912 913 914 915 916 917 918 919 920 921 922 923 924 925 926 927 929 930 931 932 933 934 935 936 937 938 943 944 945 946 948 949 950 951 953 954 955 956 957 958 959 960 961 962 964 965 966 967 968 969 970 971 972 975 977 978 979 980 981 982 983 984 985 986 989 990 991 993 994 995 996 997 998 999 1001 1002 1003 1004 1005 1006 1007 1008 1009 1010 1011 1012 1013 1014 1015 1016 1017 1018 1019 1020 1021 1022 1023 1024 0
1 3 4 6 7 8 9 10 11 17 20 22 25 26 27 28 29 30 31 32 0

93
1 3 4 5 6 7 8 10 12 13 14 15 16 17 18 19 20 21 22 23 24 25 27 28 29 30 32 33 34 35 36 37 38 39 40 41 42 43 44 45 47 48 49 50 51 52 53 54 56 57 58 59 60 61 62 64 65 66 67 68 69 70 71 72 73 74 75 76 77 79 80 81 82 83 84 85 86 87 88 89 90 91 92 93 95 96 97 98 99 100 101 102 103 104 105 106 107 108 109 111 112 113 114 115 116 117 118 119 120 121 122 123 124 126 127 128 129 131 132 133 134 135 136 137 138 139 140 141 142 143 144 145 146 147 148 149 150 151 152 153 154 155 156 157 158 159 161 162 163 164 165 166 167 168 169 170 171 172 173 174 175 176 177 178 179 182 183 184 185 186 188 189 190 191 192 193 194 195 198 200 201 202 203 205 206 207 208 209 210 211 213 214 216 217 218 219 220 221 223 224 225 227 228 229 230 231 233 235 236 238 240 241 242 243 245 246 247 248 249 251 252 253 254 255 256 257 260 262 263 264 265 266 267 269 270 271 272 273 275 279 281 282 283 285 286 287 288 289 290 291 293 294 297 298 299 300 302 304 305 306 307 308 309 310 311 313 314 315 316 317 319 320 321 322 323 324 325 326 327 328 329 330 332 333 335 336 337 338 339 340 341 342 344 345 346 347 348 350 351 352 353 355 356 357 358 359 361 362 363 364 367 368 369 370 371 372 373 374 375 376 377 378 379 380 381 383 384 385 386 387 388 389 390 391 392 393 394 395 397 398 399 400 401 402 403 404 405 406 407 408 409 410 411 412 414 415 416 417 418 419 420 421 422 423 424 425 426 427 428 429 430 431 432 433 435 436 437 438 439 440 441 442 443 444 445 446 447 448 449 450 451 452 453 454 455 456 457 458 460 461 462 463 464 465 466 467 469 471 472 473 474 475 476 477 479 480 481 482 483 484 485 486 488 489 491 492 493 494 495 496 498 499 500 501 502 503 504 505 506 507 508 509 511 512 513 514 515 516 517 518 519 520 521 522 523 524 525 526 527 528 529 530 531 532 534 535 536 537 538 540 541 543 544 545 555 556 557 558 559 560 561 562 563 564 567 568 569 571 572 573 574 575 577 578 581 582 583 584 586 587 588 589 590 591 592 593 594 596 598 599 600 603 604 606 608 609 611 612 616 617 618 619 620 621 622 624 625 626 627 629 630 631 632 633 634 635 637 639 640 641 642 643 644 645 646 647 648 649 650 651 652 653 654 655 656 657 658 659 660 661 665 666 667 668 669 670 671 672 673 674 675 676 677 678 679 680 681 682 683 684 685 686 687 688 689 690 691 692 693 694 695 696 697 698 699 700 701 702 703 704 705 706 707 708 709 710 711 712 713 714 715 716 717 718 719 720 721 722 723 724 725 726 727 728 729 730 731 732 734 735 736 737 738 739 740 741 742 743 744 745 746 747 748 750 751 753 755 757 758 760 761 762 763 768 769 770 771 772 773 774 775 776 777 778 779 780 781 782 783 784 785 786 789 791 793 799 800 801 802 805 808 811 814 815 817 819 822 823 824 826 828 829 831 832 833 834 836 837 838 842 845 849 850 851 852 853 854 857 858 859 860 861 862 864 865 866 867 869 870 871 872 873 874 875 877 878 879 881 882 883 884 887 888 889 890 891 893 894 896 897 899 900 901 902 903 904 905 906 907 908 909 911 912 913 914 915 920 921 922 923 925 927 929 930 931 932 933 935 936 937 938 939 940 941 943 944 945 946 950 952 953 954 955 958 959 960 961 963 965 967 968 969 973 974 975 976 977 978 979 980 981 982 983 984 985 986 987 988 989 990 991 993 994 995 996 997 998 999 1000 1001 1002 1004 1005 1006 1008 1009 1012 1013 1016 1017 1018 1019 1020 1021 1023 1024 0
1 3 7 8 9 10 11 12 13 14 15 16 17 19 20 23 25 26 27 28 29 30 32 0

94
1 2 3 4 5 6 7 12 15 16 17 18 21 22 23 25 27 28 29 30 31 32 33 34 36 37 38 39 41 43 46 47 48 49 51 54 55 57 58 59 61 62 64 65 66 70 72 73 74 76 77 79 80 81 82 84 85 86 90 91 92 95 96 97 98 100 101 102 103 105 106 107 108 109 110 112 113 114 115 116 117 118 119 121 122 123 124 125 126 127 128 129 130 131 134 135 136 137 138 139 140 141 143 144 145 147 149 150 151 152 153 155 156 158 159 160 161 163 164 165 166 167 169 170 171 174 175 176 178 179 180 181 182 183 190 192 193 194 195 197 198 199 200 201 203 204 205 207 209 213 214 215 216 217 218 220 221 222 223 224 225 226 228 229 230 231 232 233 236 237 238 239 240 241 242 243 248 250 251 253 254 255 256 257 259 261 263 265 267 269 270 271 272 273 275 277 278 279 280 283 284 285 287 288 289 290 291 293 294 295 297 298 299 300 301 302 304 305 306 307 310 311 312 313 314 315 317 318 320 321 323 325 326 327 328 329 331 336 337 339 341 342 344 345 346 347 348 349 350 351 352 353 354 355 357 358 360 361 362 363 364 365 367 368 369 370 371 372 373 374 376 377 378 379 380 381 382 383 384 385 386 387 388 389 390 393 394 395 396 397 399 400 401 402 403 404 405 406 407 408 409 411 412 413 414 415 416 417 418 419 422 423 424 425 426 428 429 430 431 432 433 435 436 437 440 441 443 445 448 449 450 451 452 453 454 455 456 457 458 459 460 461 462 463 464 466 467 469 476 479 480 482 483 484 485 486 487 488 489 490 491 492 493 494 495 496 497 498 499 500 501 502 503 505 507 511 512 513 514 515 516 517 518 519 520 521 522 523 524 525 526 527 528 529 531 535 539 540 541 542 543 545 546 547 549 550 552 555 556 557 558 559 561 562 563 566 567 568 572 573 574 575 576 577 578 579 584 588 589 590 592 593 594 595 598 605 607 608 609 610 611 617 621 622 623 624 625 626 627 629 632 635 636 637 639 640 641 642 646 648 652 654 655 656 657 658 659 660 663 665 666 667 668 669 670 671 672 673 674 678 679 681 682 684 685 686 687 688 689 690 692 693 694 695 696 697 698 699 700 701 702 703 704 705 706 707 708 709 710 711 713 714 715 719 720 721 722 723 724 725 726 727 728 729 730 731 732 733 734 735 736 737 738 739 740 741 742 743 744 745 746 747 748 749 750 751 752 753 754 755 756 757 761 762 763 764 765 766 767 769 770 771 772 773 774 775 776 777 778 779 780 781 782 783 784 785 786 787 788 789 790 791 792 793 794 795 796 797 798 799 800 802 803 805 806 808 809 810 811 812 813 814 815 816 817 819 820 821 822 824 825 826 827 828 829 830 831 834 835 836 837 838 839 840 841 842 843 844 845 846 849 850 851 853 854 855 856 857 858 859 860 861 862 863 864 865 866 868 871 872 874 875 879 882 883 884 885 886 887 888 889 890 891 892 893 895 896 897 898 899 901 903 904 908 909 910 911 912 913 914 915 916 917 918 919 920 921 922 923 924 925 926 928 929 930 931 932 933 934 935 936 937 938 939 940 941 942 943 945 946 947 948 949 950 951 952 953 954 955 959 962 963 964 966 967 968 970 971 974 975 976 977 978 979 980 982 983 984 985 986 987 988 989 990 991 992 993 996 997 998 1000 1001 1004 1008 1009 1016 1017 1024 0
1 2 3 4 6 8 9 10 11 13 14 16 18 21 22 23 24 27 28 29 31 32 0

95
1 2 3 4 5 6 7 8 9 10 11 12 13 14 15 16 17 18 19 20 21 22 23 24 25 26 28 29 31 32 34 35 36 37 38 39 40 41 42 43 44 45 46 47 48 49 50 51 52 53 54 55 56 57 58 59 60 61 62 63 64 65 66 67 68 69 70 71 72 73 75 76 77 78 79 80 81 82 83 84 85 86 87 88 89 90 91 92 93 94 95 96 97 98 99 100 101 102 103 104 105 107 108 109 110 111 112 113 114 115 116 118 119 120 122 123 124 125 126 127 129 130 131 132 133 134 135 137 138 139 140 141 142 143 144 145 146 147 148 149 150 151 152 153 154 155 156 157 158 159 160 161 162 163 164 166 167 169 170 171 172 175 176 177 178 179 180 181 182 184 185 186 187 188 190 191 192 193 196 197 199 201 202 203 204 205 207 208 209 210 211 214 218 219 222 223 224 225 227 229 234 237 238 240 241 243 244 245 249 250 255 257 258 259 260 262 263 264 265 267 268 269 270 272 274 276 277 278 280 281 282 283 285 286 287 288 289 290 291 292 293 294 295 296 299 300 301 303 304 306 307 308 309 310 311 313 314 316 317 318 319 320 321 322 323 326 327 328 329 330 331 332 333 335 336 337 339 340 341 342 344 346 347 348 349 350 351 352 353 354 355 356 357 358 359 361 362 363 364 365 366 367 368 370 372 375 376 378 379 380 381 382 383 384 385 386 388 389 390 391 392 393 394 395 396 397 399 400 401 402 403 404 405 406 407 408 409 410 411 412 413 415 416 417 418 419 420 421 422 423 426 427 428 429 430 431 432 433 434 435 436 437 438 439 440 441 442 443 444 445 446 447 448 449 450 451 452 453 454 455 457 458 459 460 461 462 463 464 467 468 469 470 473 474 475 476 477 478 479 480 481 483 484 485 486 487 489 490 492 493 494 495 496 498 499 501 504 505 506 507 508 509 510 511 512 513 514 515 516 517 518 519 520 521 522 523 524 525 526 527 528 529 530 531 534 535 537 538 539 540 541 542 543 544 545 546 547 548 549 552 553 554 555 558 559 560 561 562 563 564 565 566 567 569 573 574 575 576 578 579 580 581 582 583 584 585 586 587 588 589 590 591 592 594 596 597 598 601 603 604 605 606 607 608 609 610 611 614 617 618 619 620 621 623 624 625 626 629 632 633 635 636 637 639 640 641 643 645 647 648 649 650 652 655 656 658 659 661 663 664 665 668 669 670 672 675 678 679 680 682 684 685 686 687 688 689 690 693 694 695 696 699 700 701 702 703 704 705 706 707 708 715 716 717 718 719 720 722 723 724 731 732 733 734 735 736 738 740 741 742 746 747 748 749 750 751 752 753 755 757 758 761 762 763 766 767 768 769 770 771 772 773 774 775 776 777 778 779 780 781 782 783 784 785 786 788 789 790 792 793 795 798 799 800 801 802 803 804 805 807 808 809 812 815 816 817 818 819 820 821 823 824 825 826 827 828 829 830 832 833 835 836 837 838 839 840 842 843 847 848 849 851 852 853 854 856 857 860 861 862 863 864 865 866 867 868 869 870 871 873 874 876 877 878 879 880 881 882 883 884 885 886 887 888 889 890 891 892 893 894 895 897 898 899 900 901 902 903 904 905 906 907 908 909 911 913 914 915 916 917 918 919 920 921 922 923 924 925 926 928 929 930 931 932 933 934 935 936 937 938 939 940 941 943 944 946 948 949 950 951 952 953 954 955 956 959 961 962 963 964 965 966 967 968 969 970 971 972 973 974 975 976 977 978 979 980 982 983 984 985 986 987 988 989 990 991 992 993 994 996 997 998 999 1000 1001 1005 1006 1007 1008 1009 1010 1012 1013 1014 1015 1016 1019 1022 1024 0
1 7 8 9 10 11 12 13 15 16 17 20 21 22 23 25 26 27 28 29 31 32 0

96
1 2 3 4 5 6 8 9 10 12 14 15 16 17 18 19 20 21 22 23 24 25 26 27 30 32 33 35 36 37 38 39 42 44 46 47 48 49 50 51 52 53 54 55 57 58 59 61 62 63 64 65 66 67 68 69 70 71 72 73 74 76 77 78 79 80 81 82 83 84 85 86 88 89 90 91 92 93 94 95 96 98 102 103 104 105 106 107 108 109 110 111 112 113 114 115 116 117 119 120 121 122 123 124 125 126 127 128 129 130 132 133 134 135 136 137 138 139 140 141 142 143 144 145 146 147 148 149 151 152 153 154 155 156 157 158 159 160 161 162 163 164 165 166 169 170 171 174 175 176 177 178 179 180 181 185 187 188 190 191 192 193 194 195 199 200 201 202 203 204 205 206 207 208 209 210 211 212 213 214 216 217 220 221 222 223 224 225 226 227 229 230 231 232 233 234 237 238 239 240 241 242 243 244 245 247 249 250 251 252 253 254 256 257 258 259 261 262 264 265 266 267 270 271 272 273 274 275 276 277 278 280 281 282 283 285 286 287 288 289 290 292 294 295 296 297 298 299 301 302 303 304 305 306 307 308 309 310 312 313 314 315 317 318 319 320 321 322 323 324 325 326 327 328 329 330 331 332 333 334 335 336 337 338 339 340 341 342 343 344 345 346 347 348 349 350 351 352 353 355 356 357 358 359 360 362 363 364 365 366 367 368 369 370 371 372 373 374 375 376 377 378 379 380 381 382 383 384 385 386 387 388 389 390 391 392 393 394 395 396 397 398 399 400 401 402 403 404 405 406 407 408 409 410 411 412 413 415 416 417 418 419 420 421 423 424 425 426 427 428 429 430 431 432 433 434 435 436 437 438 439 440 441 442 443 444 445 446 447 448 449 450 451 452 453 455 456 457 458 459 460 461 462 463 464 465 466 467 468 469 470 471 472 473 475 476 477 478 479 480 481 482 483 484 485 486 487 488 489 490 491 492 493 494 495 496 497 498 499 500 501 505 506 507 508 510 511 512 514 515 516 517 518 519 520 521 522 523 524 525 526 527 528 530 531 532 534 535 536 537 538 539 540 541 542 543 544 545 546 547 548 549 550 551 552 553 554 555 556 557 558 559 560 561 562 563 564 565 567 569 570 571 572 573 574 575 577 578 579 580 581 582 583 584 585 586 587 588 589 590 591 592 593 594 595 596 597 598 599 600 601 602 603 604 605 606 607 609 610 611 612 613 614 615 616 617 618 619 620 621 622 623 624 625 626 627 628 629 630 631 633 634 635 636 637 638 639 640 641 642 643 644 645 646 647 648 649 650 651 652 653 655 656 657 658 659 660 661 666 667 668 669 670 671 672 674 675 676 677 679 681 682 684 685 686 687 688 689 690 691 692 693 694 695 696 697 698 700 701 702 703 704 705 706 707 708 709 710 712 713 714 716 717 718 719 720 721 722 723 724 726 727 728 729 730 731 732 733 734 735 736 738 739 740 741 742 743 744 745 746 747 748 749 750 751 752 753 754 755 756 757 758 759 761 762 763 764 766 768 769 770 771 772 773 774 775 776 777 778 779 780 781 782 783 784 785 786 787 788 789 790 791 792 793 794 795 796 797 798 799 800 801 802 803 804 805 806 807 808 809 810 811 812 813 815 818 819 820 821 822 823 824 825 826 827 828 829 830 831 834 835 836 837 838 842 843 844 845 847 848 849 850 851 852 853 854 856 857 858 859 860 861 862 863 864 866 867 868 869 870 871 872 873 875 876 877 878 879 880 881 882 883 884 885 886 887 888 889 890 891 893 894 895 896 897 898 899 900 901 902 903 904 905 906 907 908 909 910 911 912 913 914 916 917 918 919 920 921 922 923 924 925 927 928 929 930 931 932 933 934 935 936 937 938 939 940 942 943 944 945 946 947 948 949 950 951 952 953 954 955 956 957 958 959 962 963 964 965 966 967 968 969 970 971 972 973 974 975 976 977 978 979 980 981 982 983 984 985 986 987 988 989 990 991 992 993 994 995 997 998 999 1001 1002 1003 1004 1005 1006 1007 1008 1009 1010 1011 1012 1013 1014 1015 1016 1017 1018 1019 1020 1021 1022 1023 1024 0
1 3 4 5 6 7 8 9 10 11 12 14 16 17 18 19 21 23 25 27 28 30 32 0

97
1 2 3 6 7 8 9 10 11 12 13 15 16 17 18 19 21 22 25 27 28 29 30 31 32 33 34 37 38 40 41 42 43 44 45 47 48 49 50 51 55 56 58 59 60 61 63 64 65 67 68 70 71 72 73 74 76 77 79 80 82 83 84 85 86 87 88 90 91 92 96 97 98 99 100 103 106 107 108 109 110 111 112 113 115 116 117 118 119 120 121 122 123 124 127 129 130 131 132 135 136 137 138 139 140 142 144 145 146 147 149 150 151 152 153 154 156 157 158 161 162 163 164 170 171 172 173 174 175 177 178 179 180 181 183 186 187 189 190 191 192 193 194 195 196 197 198 199 202 203 204 205 206 207 208 209 210 212 213 214 215 216 217 219 221 222 223 225 226 227 228 230 231 232 233 234 235 236 237 239 240 241 242 246 249 251 252 253 256 257 259 260 261 262 263 264 266 267 268 270 271 272 273 276 277 278 280 281 283 284 285 287 288 289 290 292 293 294 295 296 297 298 299 300 301 303 304 305 306 308 309 310 311 312 313 314 315 317 318 319 320 321 322 323 324 325 326 327 328 329 330 331 332 333 335 336 337 338 339 340 341 342 343 344 345 346 347 348 349 351 352 353 354 355 356 357 358 359 360 361 362 363 364 365 366 367 368 369 370 371 372 373 374 375 376 377 378 379 380 381 382 383 384 385 387 390 391 392 393 394 395 396 398 399 400 401 403 404 406 407 408 409 410 411 412 413 414 415 416 417 418 419 420 421 422 423 424 425 426 427 428 429 431 432 433 434 435 436 437 438 439 440 442 443 444 445 446 447 448 450 451 452 453 454 456 457 458 461 462 463 464 465 466 467 468 469 470 472 473 474 475 476 477 478 480 481 482 483 484 486 488 489 490 491 492 493 495 496 497 498 499 501 502 504 505 507 508 509 510 512 513 514 515 516 517 518 519 520 521 522 523 524 525 526 527 528 529 530 531 532 533 534 539 540 541 542 543 544 545 546 547 548 550 552 553 555 556 557 558 559 560 561 566 569 570 571 574 575 576 577 578 580 582 584 585 586 587 588 590 591 592 594 595 597 598 599 602 604 605 606 607 608 609 610 611 613 614 615 616 617 618 621 623 624 625 626 627 628 629 630 631 633 634 635 636 638 640 641 643 644 645 646 647 648 650 651 652 653 654 655 656 659 660 661 663 664 665 667 668 669 670 671 672 674 675 676 677 679 680 681 682 683 684 685 686 687 690 691 693 696 697 698 699 700 701 702 704 707 709 710 712 713 714 715 716 720 722 723 724 725 726 728 729 730 731 732 733 735 736 737 738 739 740 741 742 744 745 746 750 753 756 757 758 759 760 761 767 768 769 770 771 772 773 774 775 776 777 778 779 780 781 782 783 784 785 787 788 789 790 791 792 793 794 795 796 797 798 800 801 802 803 804 810 811 812 813 814 815 816 818 820 821 824 825 826 827 828 829 832 833 834 835 836 837 838 839 841 842 843 844 845 846 847 848 849 850 851 852 853 854 855 856 857 858 860 861 862 863 864 865 866 867 868 869 870 871 872 873 874 875 876 877 878 880 881 882 883 884 885 886 889 890 891 892 893 894 895 896 897 898 899 900 901 902 903 904 905 906 907 908 912 913 914 915 916 917 918 919 920 921 922 923 924 925 926 927 928 929 930 931 932 933 934 935 936 937 938 939 940 941 942 943 944 945 947 948 949 950 951 952 953 954 955 956 957 958 959 960 962 963 964 965 966 968 970 971 972 973 974 975 976 977 978 979 980 981 982 983 984 985 986 987 988 989 990 991 992 993 994 995 996 997 998 999 1000 1001 1002 1004 1005 1006 1007 1008 1009 1010 1013 1014 1017 1019 1020 1021 1022 1023 1024 0
1 2 3 4 5 6 7 9 10 13 14 15 16 17 18 19 20 21 22 23 24 25 27 29 30 0

98
1 2 3 4 6 7 8 9 10 11 12 13 14 15 16 17 18 19 20 21 22 23 24 25 26 27 28 29 30 31 32 33 34 35 36 38 39 40 41 42 43 44 45 46 47 48 49 50 51 52 53 54 55 56 57 58 59 60 61 62 63 64 65 67 68 69 70 71 72 73 74 75 76 77 79 80 81 82 83 84 87 89 91 92 93 94 95 96 97 98 99 101 102 104 107 108 109 110 112 113 114 116 118 119 120 121 122 124 125 126 127 129 130 132 134 135 137 138 139 140 141 142 144 145 146 148 149 150 151 153 154 155 156 157 158 159 160 161 162 165 166 167 168 169 172 173 174 175 176 177 178 180 182 183 185 188 189 190 191 192 193 194 195 196 197 198 200 201 203 204 205 206 207 208 209 210 211 212 213 215 216 218 219 220 221 223 224 225 226 227 230 231 233 234 236 237 238 240 241 243 244 246 247 248 249 251 255 256 257 258 259 260 261 262 263 264 265 266 267 268 269 270 271 272 273 274 276 277 278 279 280 281 282 283 285 286 287 288 289 290 291 292 293 295 296 297 298 299 300 301 302 304 305 306 307 310 311 312 314 315 316 317 318 319 320 321 322 323 326 327 328 329 330 331 332 333 335 336 338 340 341 342 343 344 345 346 347 348 349 350 351 352 354 355 356 357 358 362 363 364 366 368 369 370 371 372 373 374 375 376 377 378 379 380 381 382 383 384 385 386 387 388 389 390 391 392 393 394 395 396 397 398 400 401 402 403 404 405 406 407 409 410 411 412 414 415 416 417 418 420 421 422 423 424 425 426 427 428 430 431 432 433 434 435 437 438 439 440 441 443 444 446 447 448 449 450 451 452 453 454 455 457 459 460 462 463 464 465 466 467 468 469 470 471 473 475 476 478 479 480 481 483 484 486 487 488 489 491 492 494 495 496 497 498 501 503 509 511 512 513 514 515 516 517 518 519 520 521 522 523 524 525 526 527 528 529 530 531 534 535 536 537 538 539 540 541 542 543 544 545 546 547 548 549 552 553 554 555 556 557 559 560 562 563 564 565 566 569 571 572 573 574 575 577 578 579 580 582 583 587 588 589 590 591 592 594 595 597 598 599 600 601 602 604 605 606 607 608 610 611 612 613 614 616 617 619 620 621 622 623 624 630 633 635 638 639 640 642 643 645 646 647 648 651 653 654 655 656 657 658 659 660 661 663 664 666 667 668 669 670 671 672 673 674 675 676 679 680 681 682 683 684 685 687 688 689 690 691 692 693 694 695 696 697 698 699 700 701 702 703 704 705 706 707 711 714 715 716 717 718 719 720 721 722 724 725 726 728 730 731 732 733 734 735 736 737 738 741 742 746 747 748 749 750 751 752 753 754 756 759 760 761 762 763 764 765 766 767 768 769 771 772 773 774 775 776 777 778 779 780 781 782 783 784 785 786 787 788 789 790 791 792 793 794 795 796 797 798 799 800 801 802 803 804 805 806 807 808 811 812 813 814 815 816 818 819 820 821 822 823 824 825 826 827 828 829 830 831 832 833 834 835 836 837 838 839 840 845 846 847 848 849 850 851 854 855 856 857 858 859 860 862 863 864 865 866 867 868 869 870 872 873 874 875 877 878 879 880 881 882 883 884 885 886 887 888 890 891 892 893 894 895 896 897 898 899 900 901 902 903 904 905 906 907 908 909 910 911 912 913 914 915 916 917 918 919 920 921 922 923 924 925 927 930 931 932 933 934 935 936 937 938 939 941 942 943 944 946 948 949 950 951 952 953 956 957 958 959 960 961 962 963 967 968 969 970 972 973 974 975 976 977 978 979 980 981 984 986 987 988 989 990 991 992 993 994 998 999 1000 1001 1002 1004 1006 1007 1008 1009 1010 1011 1012 1013 1014 1015 1016 1017 1018 1019 1020 1021 1022 1023 1024 0
1 2 4 5 7 9 10 11 13 16 17 20 21 23 24 25 27 28 29 30 31 32 0

99
1 2 3 4 6 7 8 9 10 11 13 14 15 16 17 18 19 20 21 22 23 24 25 26 27 29 31 32 33 34 36 37 38 39 40 42 43 45 46 49 50 51 52 53 54 55 56 57 59 60 62 63 64 66 67 68 69 71 72 73 74 75 76 77 79 80 81 83 84 85 87 88 91 93 94 95 96 97 98 99 100 101 103 104 105 106 107 108 109 110 111 112 113 114 115 116 117 118 120 121 122 123 124 125 127 128 129 131 132 134 136 137 138 139 140 141 144 145 146 149 150 152 153 154 155 157 158 159 161 162 165 166 169 171 172 174 175 177 180 181 184 186 187 188 189 190 191 193 195 196 197 198 199 201 202 203 204 209 210 214 215 218 219 220 221 223 224 225 226 228 229 230 231 233 236 238 240 241 242 245 246 248 250 252 254 255 256 257 258 259 260 262 263 264 265 266 267 268 272 273 274 275 277 279 280 281 282 284 285 286 288 289 291 292 294 296 297 298 299 300 301 303 304 305 307 310 311 312 313 316 317 318 320 321 323 324 325 327 328 329 330 331 332 333 334 335 336 337 338 339 340 341 342 343 344 345 346 347 348 349 350 351 352 353 354 355 356 357 358 359 360 362 363 364 365 368 369 371 373 374 375 376 377 378 380 381 382 383 384 385 386 387 388 389 391 392 393 394 395 396 397 398 399 400 401 402 403 405 407 408 409 410 411 412 413 414 415 416 417 418 419 421 422 423 424 425 427 429 430 431 432 433 434 437 438 439 440 441 442 443 444 445 446 447 448 449 451 452 453 454 455 456 457 458 459 460 461 462 463 464 465 466 467 468 469 470 471 472 473 474 475 476 478 480 481 482 484 486 487 488 490 491 492 493 495 496 497 498 499 500 501 505 506 507 508 509 510 511 512 515 516 517 518 519 520 521 527 528 529 530 531 532 534 535 536 538 539 540 541 542 543 549 550 551 553 554 555 560 562 563 564 569 571 572 573 574 575 576 577 580 583 584 585 587 588 589 590 592 593 594 595 596 599 601 603 604 605 607 608 609 610 612 613 614 615 617 619 620 621 622 623 624 625 626 627 628 629 630 631 632 633 634 635 636 637 638 639 640 641 642 643 644 645 646 647 648 649 650 651 652 653 654 655 656 659 660 663 664 665 666 667 668 669 670 671 672 674 676 677 678 680 681 682 683 684 685 686 687 690 691 692 694 695 696 697 698 699 700 703 705 706 707 708 709 710 711 712 713 714 717 718 719 721 722 723 724 725 726 727 728 729 730 731 733 734 735 736 738 739 740 741 744 745 746 747 748 749 750 751 753 755 756 757 758 763 764 766 768 769 770 771 772 773 774 775 776 777 778 779 780 781 782 783 784 785 786 787 788 789 790 792 793 794 795 796 797 798 799 800 802 803 804 805 806 807 808 809 811 812 813 814 815 818 819 821 822 823 824 825 826 827 828 829 830 831 832 833 834 835 836 837 838 839 840 841 843 844 845 846 847 848 849 850 851 852 853 854 855 856 857 858 859 860 861 862 863 864 865 866 867 868 869 870 871 872 873 874 875 876 877 878 879 880 881 882 883 884 885 886 887 888 889 890 891 893 894 895 896 897 898 899 900 901 902 903 904 905 906 907 908 910 911 912 914 915 916 917 918 919 920 921 922 923 924 925 926 927 928 929 930 931 932 933 934 935 936 937 938 939 940 941 942 943 944 945 946 947 948 949 950 952 953 954 955 956 957 958 959 960 962 963 965 967 968 969 971 972 973 974 975 976 978 979 980 981 984 987 988 989 990 991 992 993 994 995 997 998 999 1000 1001 1002 1003 1004 1005 1006 1007 1008 1009 1010 1011 1014 1015 1016 1017 1018 1019 1020 1021 1022 1023 1024 0
1 2 3 4 8 9 10 11 14 15 16 18 19 20 21 23 24 25 27 32 0

100
1 2 4 5 8 11 12 13 14 15 16 17 19 20 21 22 23 24 25 28 29 30 31 32 34 37 38 39 43 44 45 49 51 53 54 55 56 57 58 59 60 61 63 67 68 69 70 71 72 73 74 75 76 77 78 79 80 82 83 84 85 86 87 88 89 90 91 92 93 94 95 96 97 98 99 100 101 102 103 104 105 106 107 108 109 110 111 112 114 115 116 117 118 119 120 121 122 123 124 128 129 130 131 132 133 134 135 136 137 138 139 140 141 143 144 145 146 147 148 149 151 152 153 154 155 157 159 160 161 163 164 165 166 167 168 169 170 172 173 174 176 177 178 179 180 181 182 183 184 185 186 187 188 189 190 192 193 194 195 196 197 198 199 202 204 206 207 208 209 211 212 213 214 215 217 218 219 221 223 224 226 227 228 229 230 232 233 234 235 236 237 238 239 240 241 242 243 244 245 246 247 248 249 250 251 252 253 254 255 256 259 260 261 262 263 265 266 267 268 270 271 272 273 274 275 276 277 283 284 285 286 287 288 290 292 294 295 296 297 298 299 301 304 305 307 309 310 311 312 314 315 316 317 318 319 320 321 323 324 325 327 329 330 331 332 333 334 335 336 337 338 339 340 341 342 343 344 345 346 347 348 349 352 354 357 359 362 363 365 366 368 370 371 372 374 375 376 377 378 379 381 382 383 384 386 387 389 390 391 392 394 395 396 398 400 401 402 403 405 406 407 408 409 410 411 413 414 415 416 418 419 420 422 423 424 425 426 427 428 429 430 431 432 434 436 437 439 440 442 443 444 445 446 447 448 449 450 451 452 454 455 456 457 458 459 460 461 462 463 464 465 466 467 468 469 470 471 472 473 474 475 476 477 478 479 480 481 482 483 484 486 487 488 489 490 491 492 493 494 495 496 497 498 500 501 502 503 504 505 506 507 508 509 510 511 512 513 514 515 516 519 520 521 522 523 524 526 527 529 530 531 532 533 534 535 536 537 538 539 540 541 542 543 544 545 546 547 548 549 550 551 552 553 554 555 556 558 559 561 562 563 564 565 566 567 568 569 570 571 572 573 574 575 577 578 579 580 581 582 583 584 585 586 587 588 589 590 591 592 593 594 595 596 597 598 599 600 601 602 603 604 605 606 607 609 610 611 612 613 614 615 616 617 618 619 620 621 622 623 624 625 626 627 628 629 630 632 633 634 635 636 637 638 639 640 641 642 643 644 645 647 648 649 651 652 653 654 655 656 657 658 659 660 661 662 664 666 667 668 669 670 671 672 673 674 675 676 677 678 679 680 681 682 683 684 685 686 687 689 690 691 692 693 694 695 696 697 698 699 700 701 702 703 704 705 706 707 708 709 710 711 712 713 714 715 716 717 718 719 720 721 722 723 724 725 726 727 728 729 730 731 732 733 734 735 737 738 739 740 741 742 743 744 745 746 747 748 749 750 751 752 753 754 755 756 757 758 759 760 761 762 763 764 765 766 767 768 769 774 775 776 777 778 779 780 781 782 783 784 785 791 792 793 794 795 796 797 798 799 800 802 803 804 805 806 807 808 809 810 811 813 814 815 816 817 820 822 823 824 827 828 829 830 831 835 836 838 839 840 841 844 847 848 849 850 852 853 854 856 858 859 860 861 863 865 866 868 870 871 872 873 874 875 876 878 881 882 883 884 885 886 887 888 889 891 893 894 897 898 899 900 901 904 905 906 907 908 909 910 911 912 913 914 915 916 917 918 919 920 921 922 923 924 925 926 927 928 929 930 931 933 934 935 936 937 938 940 941 942 943 944 945 948 949 950 951 953 954 955 956 957 958 959 961 962 963 964 965 966 967 968 969 970 971 972 973 974 975 976 977 978 979 980 981 982 983 984 985 986 987 988 989 990 991 992 993 994 995 996 998 999 1000 1001 1002 1003 1004 1005 1006 1007 1008 1009 1010 1011 1012 1014 1015 1016 1017 1018 1019 1020 1021 1022 1023 1024 0
1 3 4 6 7 8 9 10 11 12 14 15 17 19 20 22 23 25 26 27 28 29 30 0

